root,file,package,type,name,exported,permission,read_permission,write_permission,protection_level,process,actions,home_marker
decompiled/jadx/firelauncher/resources/AndroidManifest.xml,decompiled/jadx/firelauncher/resources/AndroidManifest.xml,com.amazon.firelauncher,permission,com.amazon.firelauncher.permission.BADGING,,,,,normal,,,False
decompiled/jadx/firelauncher/resources/AndroidManifest.xml,decompiled/jadx/firelauncher/resources/AndroidManifest.xml,com.amazon.firelauncher,permission,com.amazon.firelauncher.permission.RECENCY,,,,,signature,,,False
decompiled/jadx/firelauncher/resources/AndroidManifest.xml,decompiled/jadx/firelauncher/resources/AndroidManifest.xml,com.amazon.firelauncher,permission,com.amazon.firelauncher.permission.WEBLAB_UPDATE,,,,,signature,,,False
decompiled/jadx/firelauncher/resources/AndroidManifest.xml,decompiled/jadx/firelauncher/resources/AndroidManifest.xml,com.amazon.firelauncher,permission,com.amazon.firelauncher.permission.RETRY_SYNC,,,,,signature,,,False
decompiled/jadx/firelauncher/resources/AndroidManifest.xml,decompiled/jadx/firelauncher/resources/AndroidManifest.xml,com.amazon.firelauncher,permission,com.amazon.firelauncher.permission.LAUNCH,,,,,signature,,,False
decompiled/jadx/firelauncher/resources/AndroidManifest.xml,decompiled/jadx/firelauncher/resources/AndroidManifest.xml,com.amazon.firelauncher,permission,com.amazon.firelauncher.permission.BROADCAST_ACTION,,,,,signature,,,False
decompiled/jadx/firelauncher/resources/AndroidManifest.xml,decompiled/jadx/firelauncher/resources/AndroidManifest.xml,com.amazon.firelauncher,permission,com.amazon.firelauncher.permission.TAB_SUPPRESSION_SETTINGS_OWNER,,,,,signature,,,False
decompiled/jadx/firelauncher/resources/AndroidManifest.xml,decompiled/jadx/firelauncher/resources/AndroidManifest.xml,com.amazon.firelauncher,permission,com.amazon.firelauncher.permission.TAB_SUPPRESSION_SETTINGS_USER,,,,,signature,,,False
decompiled/jadx/firelauncher/resources/AndroidManifest.xml,decompiled/jadx/firelauncher/resources/AndroidManifest.xml,com.amazon.firelauncher,permission,com.amazon.firecard.permission.BROADCAST_CHANNEL_VISIBILITY,,,,,signature,,,False
decompiled/jadx/firelauncher/resources/AndroidManifest.xml,decompiled/jadx/firelauncher/resources/AndroidManifest.xml,com.amazon.firelauncher,permission,com.amazon.firelauncher.DISABLE_TUTORIAL_EXTERNAL,,,,,signature,,,False
decompiled/jadx/firelauncher/resources/AndroidManifest.xml,decompiled/jadx/firelauncher/resources/AndroidManifest.xml,com.amazon.firelauncher,permission,com.amazon.firelauncher.permission.APP_WIDGET_UPDATE,,,,,signature,,,False
decompiled/jadx/firelauncher/resources/AndroidManifest.xml,decompiled/jadx/firelauncher/resources/AndroidManifest.xml,com.amazon.firelauncher,permission,com.amazon.firelauncher.permission.CHECK_FEATURE_SUPPORT,,,,,signature,,,False
decompiled/jadx/firelauncher/resources/AndroidManifest.xml,decompiled/jadx/firelauncher/resources/AndroidManifest.xml,com.amazon.firelauncher,permission,com.amazon.firelauncher.permission.SD_CARD_STATE_RECEIVER_BROADCAST_PERMISSION,,,,,signature,,,False
decompiled/jadx/firelauncher/resources/AndroidManifest.xml,decompiled/jadx/firelauncher/resources/AndroidManifest.xml,com.amazon.firelauncher,permission,com.amazon.firelauncher.permission.PACKAGE_CHANGED,,,,,signature,,,False
decompiled/jadx/firelauncher/resources/AndroidManifest.xml,decompiled/jadx/firelauncher/resources/AndroidManifest.xml,com.amazon.firelauncher,permission,com.amazon.firelauncher.permission.LIBRARY_CHANNEL_CARD_PRODUCER,,,,,signature,,,False
decompiled/jadx/firelauncher/resources/AndroidManifest.xml,decompiled/jadx/firelauncher/resources/AndroidManifest.xml,com.amazon.firelauncher,permission,com.amazon.firelauncher.permission.TUTORIAL_RECEIVER_BROADCAST_PERMISSION,,,,,signature,,,False
decompiled/jadx/firelauncher/resources/AndroidManifest.xml,decompiled/jadx/firelauncher/resources/AndroidManifest.xml,com.amazon.firelauncher,permission,com.amazon.firelauncher.permission.START_EDIT_MODE_EXTERNAL,,,,,signature,,,False
decompiled/jadx/firelauncher/resources/AndroidManifest.xml,decompiled/jadx/firelauncher/resources/AndroidManifest.xml,com.amazon.firelauncher,permission,com.amazon.firelauncher.permission.RECEIVE_ADM_MESSAGE,,,,,signature,,,False
decompiled/jadx/firelauncher/resources/AndroidManifest.xml,decompiled/jadx/firelauncher/resources/AndroidManifest.xml,com.amazon.firelauncher,permission,com.amazon.firecard.permission.CARD_CONSUMER,,,,,signature,,,False
decompiled/jadx/firelauncher/resources/AndroidManifest.xml,decompiled/jadx/firelauncher/resources/AndroidManifest.xml,com.amazon.firelauncher,permission,com.amazon.firecard.permission.CARD_PRODUCER,,,,,signature,,,False
decompiled/jadx/firelauncher/resources/AndroidManifest.xml,decompiled/jadx/firelauncher/resources/AndroidManifest.xml,com.amazon.firelauncher,permission,com.amazon.firecard.permission.DIAGNOSTIC,,,,,signature,,,False
decompiled/jadx/firelauncher/resources/AndroidManifest.xml,decompiled/jadx/firelauncher/resources/AndroidManifest.xml,com.amazon.firelauncher,permission,com.amazon.firecard.permission.CDA_IMAGE_PROVIDER_ACCESS_PERMISSION,,,,,signature,,,False
decompiled/jadx/firelauncher/resources/AndroidManifest.xml,decompiled/jadx/firelauncher/resources/AndroidManifest.xml,com.amazon.firelauncher,permission,com.amazon.firecard.permission.PRODUCER_CALLBACK_ACCESS,,,,,signature,,,False
decompiled/jadx/firelauncher/resources/AndroidManifest.xml,decompiled/jadx/firelauncher/resources/AndroidManifest.xml,com.amazon.firelauncher,permission,com.amazon.firelauncher.REC_PRODUCER_ACCESS,,,,,signature,,,False
decompiled/jadx/firelauncher/resources/AndroidManifest.xml,decompiled/jadx/firelauncher/resources/AndroidManifest.xml,com.amazon.firelauncher,permission,com.amazon.identity.permission.CAN_CALL_MAP_INFORMATION_PROVIDER,,,,,signatureOrSystem,,,False
decompiled/jadx/firelauncher/resources/AndroidManifest.xml,decompiled/jadx/firelauncher/resources/AndroidManifest.xml,com.amazon.firelauncher,permission,com.amazon.identity.auth.device.perm.AUTH_SDK,,,,,signatureOrSystem,,,False
decompiled/jadx/firelauncher/resources/AndroidManifest.xml,decompiled/jadx/firelauncher/resources/AndroidManifest.xml,com.amazon.firelauncher,permission,com.amazon.dcp.sso.permission.account.changed,,,,,signatureOrSystem,,,False
decompiled/jadx/firelauncher/resources/AndroidManifest.xml,decompiled/jadx/firelauncher/resources/AndroidManifest.xml,com.amazon.firelauncher,permission,com.amazon.dcp.sso.permission.AmazonAccountPropertyService.property.changed,,,,,signatureOrSystem,,,False
decompiled/jadx/firelauncher/resources/AndroidManifest.xml,decompiled/jadx/firelauncher/resources/AndroidManifest.xml,com.amazon.firelauncher,permission,com.amazon.identity.permission.CALL_AMAZON_DEVICE_INFORMATION_PROVIDER,,,,,signatureOrSystem,,,False
decompiled/jadx/firelauncher/resources/AndroidManifest.xml,decompiled/jadx/firelauncher/resources/AndroidManifest.xml,com.amazon.firelauncher,permission,com.amazon.appmanager.preload.permission.READ_PRELOAD_DEVICE_INFO_PROVIDER,,,,,signatureOrSystem,,,False
decompiled/jadx/firelauncher/resources/AndroidManifest.xml,decompiled/jadx/firelauncher/resources/AndroidManifest.xml,com.amazon.firelauncher,permission,com.amazon.firelauncher.cardproducer.utils.HOST_APP_COLD_START_RECEIVER,,,,,signature,,,False
decompiled/jadx/firelauncher/resources/AndroidManifest.xml,decompiled/jadx/firelauncher/resources/AndroidManifest.xml,com.amazon.firelauncher,activity,com.amazon.firelauncher.Launcher,,,,,,,"android.intent.action.MAIN,com.amazon.firelauncher.intent.action.ALEXA_TUTORIAL,com.amazon.firelauncher.intent.action.TUTORIAL,com.amazon.firelauncher.intent.action.TUTORIALDONE,com.amazon.firelauncher.REQUEST_LOCATION_PERMISSION,android.intent.action.VIEW",True
decompiled/jadx/firelauncher/resources/AndroidManifest.xml,decompiled/jadx/firelauncher/resources/AndroidManifest.xml,com.amazon.firelauncher,activity,com.amazon.firelauncher.LauncherUserSettings,,,,,,,"android.intent.action.MAIN,android.intent.action.VIEW",True
decompiled/jadx/firelauncher/resources/AndroidManifest.xml,decompiled/jadx/firelauncher/resources/AndroidManifest.xml,com.amazon.firelauncher,activity,com.amazon.firelauncher.rearrange.SectionRearrangeActivity,,,,,,,,False
decompiled/jadx/firelauncher/resources/AndroidManifest.xml,decompiled/jadx/firelauncher/resources/AndroidManifest.xml,com.amazon.firelauncher,provider,com.amazon.firelauncher.search.SearchIndexingProvider,true,android.permission.READ_SEARCH_INDEXABLES,,,,,android.content.action.SEARCH_INDEXABLES_PROVIDER,False
decompiled/jadx/firelauncher/resources/AndroidManifest.xml,decompiled/jadx/firelauncher/resources/AndroidManifest.xml,com.amazon.firelauncher,activity,com.amazon.firelauncher.DemoModeDialog,,,,,,,,False
decompiled/jadx/firelauncher/resources/AndroidManifest.xml,decompiled/jadx/firelauncher/resources/AndroidManifest.xml,com.amazon.firelauncher,service,com.amazon.firelauncher.account.AuthenticatorService,true,,,,,,android.accounts.AccountAuthenticator,False
decompiled/jadx/firelauncher/resources/AndroidManifest.xml,decompiled/jadx/firelauncher/resources/AndroidManifest.xml,com.amazon.firelauncher,service,com.amazon.firelauncher.weblab.sync.EarlyWeblabSyncService,true,android.permission.BIND_JOB_SERVICE,,,,,,False
decompiled/jadx/firelauncher/resources/AndroidManifest.xml,decompiled/jadx/firelauncher/resources/AndroidManifest.xml,com.amazon.firelauncher,service,com.amazon.firelauncher.job.DatabaseStatusReportJobService,false,android.permission.BIND_JOB_SERVICE,,,,,,False
decompiled/jadx/firelauncher/resources/AndroidManifest.xml,decompiled/jadx/firelauncher/resources/AndroidManifest.xml,com.amazon.firelauncher,service,com.amazon.firelauncher.sis.SisUpdateService,false,android.permission.BIND_JOB_SERVICE,,,,,,False
decompiled/jadx/firelauncher/resources/AndroidManifest.xml,decompiled/jadx/firelauncher/resources/AndroidManifest.xml,com.amazon.firelauncher,service,com.amazon.firelauncher.sis.SisSyncJobService,false,android.permission.BIND_JOB_SERVICE,,,,,,False
decompiled/jadx/firelauncher/resources/AndroidManifest.xml,decompiled/jadx/firelauncher/resources/AndroidManifest.xml,com.amazon.firelauncher,receiver,com.amazon.firelauncher.weblab.sync.EarlyWeblabSyncService.CorPfmChangeReceiver,true,com.amazon.dcp.sso.permission.MANAGE_COR_PFM,,,,,com.amazon.dcp.sso.broadcast.CORPFMHasChanged,False
decompiled/jadx/firelauncher/resources/AndroidManifest.xml,decompiled/jadx/firelauncher/resources/AndroidManifest.xml,com.amazon.firelauncher,receiver,com.amazon.firelauncher.weblab.sync.EarlyWeblabSyncService.AccountChangeReceiver,true,com.amazon.dcp.sso.permission.account.changed,,,,,"com.amazon.dcp.sso.action.account.added,com.amazon.dcp.sso.action.account.removed",False
decompiled/jadx/firelauncher/resources/AndroidManifest.xml,decompiled/jadx/firelauncher/resources/AndroidManifest.xml,com.amazon.firelauncher,receiver,com.amazon.firelauncher.images.prefetcher.PrefetcherAccountReceiver,true,com.amazon.dcp.sso.permission.account.changed,,,,,"com.amazon.dcp.sso.action.account.added,com.amazon.dcp.sso.action.account.removed",False
decompiled/jadx/firelauncher/resources/AndroidManifest.xml,decompiled/jadx/firelauncher/resources/AndroidManifest.xml,com.amazon.firelauncher,service,com.amazon.firelauncher.images.prefetcher.PrefetchJobService,false,android.permission.BIND_JOB_SERVICE,,,,,,False
decompiled/jadx/firelauncher/resources/AndroidManifest.xml,decompiled/jadx/firelauncher/resources/AndroidManifest.xml,com.amazon.firelauncher,provider,com.amazon.firelauncher.arcus.LauncherArcusStubProvider,false,,,,,,,False
decompiled/jadx/firelauncher/resources/AndroidManifest.xml,decompiled/jadx/firelauncher/resources/AndroidManifest.xml,com.amazon.firelauncher,service,com.amazon.firelauncher.arcus.LauncherArcusSyncService,true,,,,,,"android.content.SyncAdapter,com.amazon.sync.SyncProvider",False
decompiled/jadx/firelauncher/resources/AndroidManifest.xml,decompiled/jadx/firelauncher/resources/AndroidManifest.xml,com.amazon.firelauncher,provider,com.amazon.firelauncher.weblab.sync.WeblabStubContentProvider,false,,,,,,,False
decompiled/jadx/firelauncher/resources/AndroidManifest.xml,decompiled/jadx/firelauncher/resources/AndroidManifest.xml,com.amazon.firelauncher,service,com.amazon.firelauncher.weblab.sync.WeblabSyncService,true,,,,,,"android.content.SyncAdapter,com.amazon.sync.SyncProvider",False
decompiled/jadx/firelauncher/resources/AndroidManifest.xml,decompiled/jadx/firelauncher/resources/AndroidManifest.xml,com.amazon.firelauncher,provider,com.amazon.firelauncher.recency.RecencyStubContentProvider,false,,,,,,,False
decompiled/jadx/firelauncher/resources/AndroidManifest.xml,decompiled/jadx/firelauncher/resources/AndroidManifest.xml,com.amazon.firelauncher,service,com.amazon.firelauncher.recency.RecencyManagerSyncService,true,,,,,,"android.content.SyncAdapter,com.amazon.sync.SyncProvider",False
decompiled/jadx/firelauncher/resources/AndroidManifest.xml,decompiled/jadx/firelauncher/resources/AndroidManifest.xml,com.amazon.firelauncher,receiver,com.amazon.firelauncher.images.storage.LowStorageReceiver,true,,,,,,android.intent.action.DEVICE_STORAGE_LOW,False
decompiled/jadx/firelauncher/resources/AndroidManifest.xml,decompiled/jadx/firelauncher/resources/AndroidManifest.xml,com.amazon.firelauncher,service,com.amazon.firelauncher.images.storage.LowStorageReceiver.LowStorageService,true,android.permission.BIND_JOB_SERVICE,,,,,,False
decompiled/jadx/firelauncher/resources/AndroidManifest.xml,decompiled/jadx/firelauncher/resources/AndroidManifest.xml,com.amazon.firelauncher,provider,com.amazon.firelauncher.appsgrid.BadgingProvider,true,,,com.amazon.firelauncher.permission.BADGING,,,,False
decompiled/jadx/firelauncher/resources/AndroidManifest.xml,decompiled/jadx/firelauncher/resources/AndroidManifest.xml,com.amazon.firelauncher,provider,com.amazon.firelauncher.recency.RecencyProvider,false,,,com.amazon.firelauncher.permission.RECENCY,,,,False
decompiled/jadx/firelauncher/resources/AndroidManifest.xml,decompiled/jadx/firelauncher/resources/AndroidManifest.xml,com.amazon.firelauncher,provider,com.amazon.firelauncher.appsgrid.db.AppDiagInfoProvider,true,com.amazon.firecard.permission.DIAGNOSTIC,,,,,,False
decompiled/jadx/firelauncher/resources/AndroidManifest.xml,decompiled/jadx/firelauncher/resources/AndroidManifest.xml,com.amazon.firelauncher,provider,com.amazon.firelauncher.appsgrid.db.AppsGridDataProvider,false,com.amazon.firelauncher.permission.QUERY_APPS_GRID,,,,,,False
decompiled/jadx/firelauncher/resources/AndroidManifest.xml,decompiled/jadx/firelauncher/resources/AndroidManifest.xml,com.amazon.firelauncher,provider,com.amazon.firelauncher.feature.FeatureContentProvider,true,com.amazon.firelauncher.permission.CHECK_FEATURE_SUPPORT,,,,,,False
decompiled/jadx/firelauncher/resources/AndroidManifest.xml,decompiled/jadx/firelauncher/resources/AndroidManifest.xml,com.amazon.firelauncher,provider,com.amazon.firelauncher.channels.LibraryStateContentProvider,true,com.amazon.firelauncher.permission.CHECK_LIBRARY_STATE,,,,,,False
decompiled/jadx/firelauncher/resources/AndroidManifest.xml,decompiled/jadx/firelauncher/resources/AndroidManifest.xml,com.amazon.firelauncher,receiver,com.amazon.firelauncher.arcus.RetrySyncBroadcastReceiver,,com.amazon.firelauncher.permission.RETRY_SYNC,,,,,,False
decompiled/jadx/firelauncher/resources/AndroidManifest.xml,decompiled/jadx/firelauncher/resources/AndroidManifest.xml,com.amazon.firelauncher,receiver,com.amazon.firelauncher.tutorial.TutorialDisabledExternalReceiver,,com.amazon.firelauncher.DISABLE_TUTORIAL_EXTERNAL,,,,,com.amazon.firelauncher.DISABLE_TUTORIAL_EXTERNAL,False
decompiled/jadx/firelauncher/resources/AndroidManifest.xml,decompiled/jadx/firelauncher/resources/AndroidManifest.xml,com.amazon.firelauncher,receiver,com.amazon.firelauncher.appsgrid.DemoModeMonitor.CmsResetReceiver,true,com.amazon.kor.demo.permission.DEMO_RESET,,,,,com.amazon.kor.demo.CMS_RESET,False
decompiled/jadx/firelauncher/resources/AndroidManifest.xml,decompiled/jadx/firelauncher/resources/AndroidManifest.xml,com.amazon.firelauncher,receiver,com.amazon.firelauncher.appsgrid.StartEditModeReceiver,true,com.amazon.firelauncher.permission.START_EDIT_MODE_EXTERNAL,,,,,com.amazon.firelauncher.START_EDIT_MODE_EXTERNAL,False
decompiled/jadx/firelauncher/resources/AndroidManifest.xml,decompiled/jadx/firelauncher/resources/AndroidManifest.xml,com.amazon.firelauncher,receiver,com.amazon.firelauncher.ui.GlobalSyncReceiver,true,,,,,,com.amazon.intent.SYNC,False
decompiled/jadx/firelauncher/resources/AndroidManifest.xml,decompiled/jadx/firelauncher/resources/AndroidManifest.xml,com.amazon.firelauncher,service,com.amazon.heroshoveler.weather.WeatherRefreshService,,android.permission.BIND_JOB_SERVICE,,,,,,False
decompiled/jadx/firelauncher/resources/AndroidManifest.xml,decompiled/jadx/firelauncher/resources/AndroidManifest.xml,com.amazon.firelauncher,receiver,com.amazon.heroshoveler.weather.WeatherRefreshService.GlobalSyncReceiver,true,com.amazon.permission.GLOBAL_SYNC,,,,,com.amazon.intent.SYNC,False
decompiled/jadx/firelauncher/resources/AndroidManifest.xml,decompiled/jadx/firelauncher/resources/AndroidManifest.xml,com.amazon.firelauncher,receiver,com.amazon.heroshoveler.weather.WeatherRefreshService.LocaleChangedReceiver,true,,,,,,android.intent.action.LOCALE_CHANGED,False
decompiled/jadx/firelauncher/resources/AndroidManifest.xml,decompiled/jadx/firelauncher/resources/AndroidManifest.xml,com.amazon.firelauncher,receiver,com.amazon.heroshoveler.weather.WeatherRefreshService.AccountChangeReceiver,true,com.amazon.dcp.sso.permission.account.changed,,,,,"com.amazon.dcp.sso.action.account.added,com.amazon.dcp.sso.action.account.removed",False
decompiled/jadx/firelauncher/resources/AndroidManifest.xml,decompiled/jadx/firelauncher/resources/AndroidManifest.xml,com.amazon.firelauncher,receiver,com.amazon.heroshoveler.weather.RefreshCardsBroadcastReceiver,true,com.amazon.firecard.permission.CARD_PRODUCER,,,,,com.amazon.firecard.action.REFRESH_CARDS,False
decompiled/jadx/firelauncher/resources/AndroidManifest.xml,decompiled/jadx/firelauncher/resources/AndroidManifest.xml,com.amazon.firelauncher,receiver,com.amazon.heroshoveler.weather.WeatherAppRefreshBroadcastReceiver,true,com.amazon.weather.permission.ACCESS_WEATHER_REFRESH,,,,,com.amazon.weather.WEATHER_UPDATED,False
decompiled/jadx/firelauncher/resources/AndroidManifest.xml,decompiled/jadx/firelauncher/resources/AndroidManifest.xml,com.amazon.firelauncher,receiver,com.amazon.heroshoveler.weather.WeatherRefreshBroadcastReceiver,true,com.amazon.firecard.permission.BROADCAST_CHANNEL_VISIBILITY,,,,,com.amazon.firelauncher.action.FOR_YOU_CHANNEL_VISIBLE,False
decompiled/jadx/firelauncher/resources/AndroidManifest.xml,decompiled/jadx/firelauncher/resources/AndroidManifest.xml,com.amazon.firelauncher,receiver,com.amazon.heroshoveler.weather.WeatherTestBroadcastReceiver,false,com.amazon.firecard.permission.CARD_PRODUCER,,,,,com.amazon.heroshoveler.weather.test.ALL_CARDS,False
decompiled/jadx/firelauncher/resources/AndroidManifest.xml,decompiled/jadx/firelauncher/resources/AndroidManifest.xml,com.amazon.firelauncher,receiver,amazon.alexa.locale.AlexaLocaleHelper,,,,,,,android.intent.action.LOCALE_CHANGED,False
decompiled/jadx/firelauncher/resources/AndroidManifest.xml,decompiled/jadx/firelauncher/resources/AndroidManifest.xml,com.amazon.firelauncher,service,com.amazon.firelauncher.cardproducer.LauncherProducerService,true,android.permission.BIND_JOB_SERVICE,,,,,,False
decompiled/jadx/firelauncher/resources/AndroidManifest.xml,decompiled/jadx/firelauncher/resources/AndroidManifest.xml,com.amazon.firelauncher,service,com.amazon.firecard.producer.ProducerActionService,false,,,,,,,False
decompiled/jadx/firelauncher/resources/AndroidManifest.xml,decompiled/jadx/firelauncher/resources/AndroidManifest.xml,com.amazon.firelauncher,service,com.amazon.firecard.producer.ProducerCallbackService,true,com.amazon.firecard.permission.PRODUCER_CALLBACK_ACCESS,,,,,,False
decompiled/jadx/firelauncher/resources/AndroidManifest.xml,decompiled/jadx/firelauncher/resources/AndroidManifest.xml,com.amazon.firelauncher,receiver,com.amazon.firelauncher.cardproducer.LauncherProducerService.RefreshCardsReceiver,true,com.amazon.firecard.permission.CARD_PRODUCER,,,,,"com.amazon.firecard.action.REFRESH_CARDS,android.intent.action.LOCALE_CHANGED",False
decompiled/jadx/firelauncher/resources/AndroidManifest.xml,decompiled/jadx/firelauncher/resources/AndroidManifest.xml,com.amazon.firelauncher,receiver,com.amazon.firelauncher.cardproducer.LauncherProducerService.AccountChangeReceiver,true,com.amazon.dcp.sso.permission.account.changed,,,,,"com.amazon.identity.auth.account.added.on.device,com.amazon.identity.auth.account.removed.on.device",False
decompiled/jadx/firelauncher/resources/AndroidManifest.xml,decompiled/jadx/firelauncher/resources/AndroidManifest.xml,com.amazon.firelauncher,receiver,com.amazon.firelauncher.cardproducer.LauncherProducerService.ChannelVisibilityChangeReceiver,true,com.amazon.firecard.permission.BROADCAST_CHANNEL_VISIBILITY,,,,,com.amazon.firelauncher.action.FOR_YOU_CHANNEL_VISIBLE,False
decompiled/jadx/firelauncher/resources/AndroidManifest.xml,decompiled/jadx/firelauncher/resources/AndroidManifest.xml,com.amazon.firelauncher,receiver,com.amazon.firelauncher.cardproducer.LauncherProducerService.GlobalSyncReceiver,true,com.amazon.permission.GLOBAL_SYNC,,,,,com.amazon.intent.SYNC,False
decompiled/jadx/firelauncher/resources/AndroidManifest.xml,decompiled/jadx/firelauncher/resources/AndroidManifest.xml,com.amazon.firelauncher,service,com.amazon.firecard.deviceclient.CloudCardEventService,,android.permission.BIND_JOB_SERVICE,,,,,,False
decompiled/jadx/firelauncher/resources/AndroidManifest.xml,decompiled/jadx/firelauncher/resources/AndroidManifest.xml,com.amazon.firelauncher,service,com.amazon.firecard.deviceclient.BroadcastService,,android.permission.BIND_JOB_SERVICE,,,,,,False
decompiled/jadx/firelauncher/resources/AndroidManifest.xml,decompiled/jadx/firelauncher/resources/AndroidManifest.xml,com.amazon.firelauncher,service,com.amazon.firecard.deviceclient.csf.DeviceClientSyncService,true,,,,,,"android.content.SyncAdapter,com.amazon.sync.SyncProvider",False
decompiled/jadx/firelauncher/resources/AndroidManifest.xml,decompiled/jadx/firelauncher/resources/AndroidManifest.xml,com.amazon.firelauncher,provider,com.amazon.firecard.deviceclient.csf.DeviceClientContentProviderStub,false,,,,,,,False
decompiled/jadx/firelauncher/resources/AndroidManifest.xml,decompiled/jadx/firelauncher/resources/AndroidManifest.xml,com.amazon.firelauncher,service,com.amazon.firecard.deviceclient.clients.JobAdmMessageHandler,false,android.permission.BIND_JOB_SERVICE,,,,,,False
decompiled/jadx/firelauncher/resources/AndroidManifest.xml,decompiled/jadx/firelauncher/resources/AndroidManifest.xml,com.amazon.firelauncher,service,com.amazon.firecard.deviceclient.clients.ServiceAdmMessageHandler,false,,,,,,,False
decompiled/jadx/firelauncher/resources/AndroidManifest.xml,decompiled/jadx/firelauncher/resources/AndroidManifest.xml,com.amazon.firelauncher,service,com.amazon.firecard.deviceclient.InitializationJobService,true,android.permission.BIND_JOB_SERVICE,,,,,,False
decompiled/jadx/firelauncher/resources/AndroidManifest.xml,decompiled/jadx/firelauncher/resources/AndroidManifest.xml,com.amazon.firelauncher,service,com.amazon.firecard.deviceclient.jobs.PeriodicSyncJob,false,android.permission.BIND_JOB_SERVICE,,,,,,False
decompiled/jadx/firelauncher/resources/AndroidManifest.xml,decompiled/jadx/firelauncher/resources/AndroidManifest.xml,com.amazon.firelauncher,service,com.amazon.firecard.deviceclient.jobs.NetworkRetryJobService,true,android.permission.BIND_JOB_SERVICE,,,,,,False
decompiled/jadx/firelauncher/resources/AndroidManifest.xml,decompiled/jadx/firelauncher/resources/AndroidManifest.xml,com.amazon.firelauncher,receiver,com.amazon.firecard.deviceclient.clients.MultiplexingMessageReceiver,,com.amazon.device.messaging.permission.SEND,,,,,"com.amazon.device.messaging.intent.REGISTRATION,com.amazon.device.messaging.intent.RECEIVE",False
decompiled/jadx/firelauncher/resources/AndroidManifest.xml,decompiled/jadx/firelauncher/resources/AndroidManifest.xml,com.amazon.firelauncher,receiver,com.amazon.firecard.deviceclient.CloudCardEventService.RefreshCardsReceiver,true,com.amazon.firecard.permission.CARD_PRODUCER,,,,,com.amazon.firecard.action.REFRESH_CARDS,False
decompiled/jadx/firelauncher/resources/AndroidManifest.xml,decompiled/jadx/firelauncher/resources/AndroidManifest.xml,com.amazon.firelauncher,service,com.amazon.fireappscardproducer.service.SystemNotificationProducerService,false,android.permission.BIND_JOB_SERVICE,,,,,,False
decompiled/jadx/firelauncher/resources/AndroidManifest.xml,decompiled/jadx/firelauncher/resources/AndroidManifest.xml,com.amazon.firelauncher,service,com.amazon.fireappscardproducer.service.LauncherNotificationProducerService,false,android.permission.BIND_JOB_SERVICE,,,,,,False
decompiled/jadx/firelauncher/resources/AndroidManifest.xml,decompiled/jadx/firelauncher/resources/AndroidManifest.xml,com.amazon.firelauncher,service,com.amazon.fireappscardproducer.service.CardActionService,false,android.permission.BIND_JOB_SERVICE,,,,,,False
decompiled/jadx/firelauncher/resources/AndroidManifest.xml,decompiled/jadx/firelauncher/resources/AndroidManifest.xml,com.amazon.firelauncher,receiver,com.amazon.fireappscardproducer.service.LauncherNotificationProducerService.RefreshCardsReceiver,true,com.amazon.firecard.permission.PRODUCER_CALLBACK_ACCESS,,,,,com.amazon.firecard.action.REFRESH_CARDS,False
decompiled/jadx/firelauncher/resources/AndroidManifest.xml,decompiled/jadx/firelauncher/resources/AndroidManifest.xml,com.amazon.firelauncher,receiver,com.amazon.fireappscardproducer.service.LauncherNotificationProducerService.PackageChangeReceiver,false,com.amazon.firelauncher.permission.PACKAGE_CHANGED,,,,,"com.amazon.firelauncher.appmanager.APPS_ADDED,com.amazon.firelauncher.appmanager.APPS_REMOVED,com.amazon.firelauncher.appmanager.APPS_UPDATED,com.amazon.firelauncher.APP_RECENCY_REBUILD",False
decompiled/jadx/firelauncher/resources/AndroidManifest.xml,decompiled/jadx/firelauncher/resources/AndroidManifest.xml,com.amazon.firelauncher,receiver,com.amazon.fireappscardproducer.service.SystemNotificationProducerService.RegistrationChangeReceiver,true,com.amazon.dcp.sso.permission.account.changed,,,,,"com.amazon.dcp.sso.action.account.added,com.amazon.dcp.sso.action.account.removed",False
decompiled/jadx/firelauncher/resources/AndroidManifest.xml,decompiled/jadx/firelauncher/resources/AndroidManifest.xml,com.amazon.firelauncher,receiver,com.amazon.fireappscardproducer.service.SystemNotificationProducerService.LocaleChangeReceiver,true,,,,,,android.intent.action.LOCALE_CHANGED,False
decompiled/jadx/firelauncher/resources/AndroidManifest.xml,decompiled/jadx/firelauncher/resources/AndroidManifest.xml,com.amazon.firelauncher,receiver,com.amazon.fireappscardproducer.service.SystemNotificationProducerService.PackageRecencyReceiver,true,,,,,,com.amazon.action.PACKAGE_RECENCY_NOTIFICATION,False
decompiled/jadx/firelauncher/resources/AndroidManifest.xml,decompiled/jadx/firelauncher/resources/AndroidManifest.xml,com.amazon.firelauncher,receiver,com.amazon.fireappscardproducer.service.CardActionService.RemoveFromHomeReceiverOld,false,,,,,,com.amazon.cmsfirecardproducer.REMOVE_FROM_HOME,True
decompiled/jadx/firelauncher/resources/AndroidManifest.xml,decompiled/jadx/firelauncher/resources/AndroidManifest.xml,com.amazon.firelauncher,receiver,com.amazon.fireappscardproducer.service.CardActionService.RemoveFromDeviceReceiverOld,false,,,,,,com.amazon.cmsfirecardproducer.REMOVE_FROM_DEVICE,False
decompiled/jadx/firelauncher/resources/AndroidManifest.xml,decompiled/jadx/firelauncher/resources/AndroidManifest.xml,com.amazon.firelauncher,receiver,com.amazon.fireappscardproducer.service.CardActionService.RemoveFromHomeReceiver,true,com.amazon.firecard.permission.CARD_PRODUCER,,,,,"com.amazon.firecard.action.remove.FROM_HOME.CONTENT_TYPE_APPS,com.amazon.firecard.action.remove.FROM_HOME.CONTENT_TYPE_GAMES",True
decompiled/jadx/firelauncher/resources/AndroidManifest.xml,decompiled/jadx/firelauncher/resources/AndroidManifest.xml,com.amazon.firelauncher,receiver,com.amazon.fireappscardproducer.service.SystemNotificationProducerService.DemoResetReceiver,true,com.amazon.kor.demo.permission.DEMO_RESET,,,,,com.amazon.kor.demo.CMS_RESET,False
decompiled/jadx/firelauncher/resources/AndroidManifest.xml,decompiled/jadx/firelauncher/resources/AndroidManifest.xml,com.amazon.firelauncher,receiver,com.amazon.fireappscardproducer.service.LauncherNotificationProducerService.ChannelVisibilityChangeReceiver,true,com.amazon.firecard.permission.BROADCAST_CHANNEL_VISIBILITY,,,,,com.amazon.firelauncher.action.FOR_YOU_CHANNEL_VISIBLE,False
decompiled/jadx/firelauncher/resources/AndroidManifest.xml,decompiled/jadx/firelauncher/resources/AndroidManifest.xml,com.amazon.firelauncher,provider,com.amazon.firecard.deviceagent.provider.CardProvider,true,,com.amazon.firecard.permission.CARD_CONSUMER,com.amazon.firecard.permission.CARD_PRODUCER,,,,False
decompiled/jadx/firelauncher/resources/AndroidManifest.xml,decompiled/jadx/firelauncher/resources/AndroidManifest.xml,com.amazon.firelauncher,service,com.amazon.firecard.deviceagent.CardDeviceAgent,true,com.amazon.firecard.permission.CARD_CONSUMER,,,,,com.amazon.firecard.action.CONSUMER_BIND,False
decompiled/jadx/firelauncher/resources/AndroidManifest.xml,decompiled/jadx/firelauncher/resources/AndroidManifest.xml,com.amazon.firelauncher,service,com.amazon.firecard.deviceagent.service.LocalProviderService,true,com.amazon.firecard.permission.CARD_PRODUCER,,,,,com.amazon.firecard.action.PRODUCER_BIND,False
decompiled/jadx/firelauncher/resources/AndroidManifest.xml,decompiled/jadx/firelauncher/resources/AndroidManifest.xml,com.amazon.firelauncher,service,com.amazon.firecard.deviceagent.service.PackageEventService,,android.permission.BIND_JOB_SERVICE,,,,,,False
decompiled/jadx/firelauncher/resources/AndroidManifest.xml,decompiled/jadx/firelauncher/resources/AndroidManifest.xml,com.amazon.firelauncher,service,com.amazon.firecard.deviceagent.CardDeviceAgentApplication.StartupRefreshService,,android.permission.BIND_JOB_SERVICE,,,,,,False
decompiled/jadx/firelauncher/resources/AndroidManifest.xml,decompiled/jadx/firelauncher/resources/AndroidManifest.xml,com.amazon.firelauncher,provider,com.amazon.firecard.deviceagent.provider.CdaDiagProvider,true,com.amazon.firecard.permission.DIAGNOSTIC,,,,,,False
decompiled/jadx/firelauncher/resources/AndroidManifest.xml,decompiled/jadx/firelauncher/resources/AndroidManifest.xml,com.amazon.firelauncher,service,com.amazon.firelauncher.reccardproducer.ProducerService,true,android.permission.BIND_JOB_SERVICE,,,,,,False
decompiled/jadx/firelauncher/resources/AndroidManifest.xml,decompiled/jadx/firelauncher/resources/AndroidManifest.xml,com.amazon.firelauncher,receiver,com.amazon.firelauncher.reccardproducer.ProducerService.RefreshCardsReceiver,true,com.amazon.firecard.permission.CARD_PRODUCER,,,,,com.amazon.firecard.action.REFRESH_CARDS,False
decompiled/jadx/firelauncher/resources/AndroidManifest.xml,decompiled/jadx/firelauncher/resources/AndroidManifest.xml,com.amazon.firelauncher,receiver,com.amazon.firelauncher.reccardproducer.ProducerService.RegistrationReceiver,true,com.amazon.dcp.sso.permission.account.changed,,,,,"com.amazon.dcp.sso.action.account.added,com.amazon.dcp.sso.action.account.removed",False
decompiled/jadx/firelauncher/resources/AndroidManifest.xml,decompiled/jadx/firelauncher/resources/AndroidManifest.xml,com.amazon.firelauncher,receiver,com.amazon.firelauncher.reccardproducer.ProducerService.LocaleChangedReceiver,true,,,,,,android.intent.action.LOCALE_CHANGED,False
decompiled/jadx/firelauncher/resources/AndroidManifest.xml,decompiled/jadx/firelauncher/resources/AndroidManifest.xml,com.amazon.firelauncher,receiver,com.amazon.firelauncher.reccardproducer.ProducerService.ItemSuppressionReceiver,true,com.amazon.firelauncher.REC_PRODUCER_ACCESS,,,,,com.amazon.firelauncher.action.REC_SUPPRESS,False
decompiled/jadx/firelauncher/resources/AndroidManifest.xml,decompiled/jadx/firelauncher/resources/AndroidManifest.xml,com.amazon.firelauncher,receiver,com.amazon.firelauncher.reccardproducer.ProducerService.TabSuppressionReceiver,true,com.amazon.firelauncher.permission.TAB_SUPPRESSION_SETTINGS_OWNER,,,,,com.amazon.firelauncher.action.TAB_SETTINGS_CHANGED,False
decompiled/jadx/firelauncher/resources/AndroidManifest.xml,decompiled/jadx/firelauncher/resources/AndroidManifest.xml,com.amazon.firelauncher,receiver,com.amazon.firelauncher.reccardproducer.ProducerService.RecencyUpdateReceiver,false,com.amazon.firelauncher.permission.RECENCY,,,,,com.amazon.firelauncher.action.RECENCY_UPDATE,False
decompiled/jadx/firelauncher/resources/AndroidManifest.xml,decompiled/jadx/firelauncher/resources/AndroidManifest.xml,com.amazon.firelauncher,receiver,com.amazon.firelauncher.reccardproducer.ProducerService.UpNextWeblabUpdateReceiver,false,com.amazon.firelauncher.permission.WEBLAB_UPDATE,,,,,com.amazon.firelauncher.action.WEBLAB_UPDATE,False
decompiled/jadx/firelauncher/resources/AndroidManifest.xml,decompiled/jadx/firelauncher/resources/AndroidManifest.xml,com.amazon.firelauncher,receiver,com.amazon.firelauncher.reccardproducer.ProducerService.UpsellTappedNotificationReceiver,false,,,,,,com.amazon.firelauncher.action.UPSELL_TAPPED_NOTIFICATION,False
decompiled/jadx/firelauncher/resources/AndroidManifest.xml,decompiled/jadx/firelauncher/resources/AndroidManifest.xml,com.amazon.firelauncher,receiver,com.amazon.firelauncher.reccardproducer.ProducerService.MusicUnlimitedRegistrationReceiver,true,com.amazon.mp3.user.update.broadcast,,,,,com.amazon.mp3.USER_BENEFIT_UPDATE,False
decompiled/jadx/firelauncher/resources/AndroidManifest.xml,decompiled/jadx/firelauncher/resources/AndroidManifest.xml,com.amazon.firelauncher,receiver,com.amazon.firelauncher.reccardproducer.ProducerService.ColdStartReceiver,false,,,,,,com.amazon.firelauncher.action.HOST_APP_COLD_START_ACTION,False
decompiled/jadx/firelauncher/resources/AndroidManifest.xml,decompiled/jadx/firelauncher/resources/AndroidManifest.xml,com.amazon.firelauncher,service,com.amazon.firelauncher.reccardproducer.SyncService,true,,,,,,"android.content.SyncAdapter,com.amazon.sync.SyncProvider",False
decompiled/jadx/firelauncher/resources/AndroidManifest.xml,decompiled/jadx/firelauncher/resources/AndroidManifest.xml,com.amazon.firelauncher,provider,com.amazon.firelauncher.reccardproducer.csf.syncproviders.SyncContentProviderStub,false,,,,,,,False
decompiled/jadx/firelauncher/resources/AndroidManifest.xml,decompiled/jadx/firelauncher/resources/AndroidManifest.xml,com.amazon.firelauncher,service,com.amazon.firelauncher.reccardproducer.job.PeriodicSyncJobService,true,android.permission.BIND_JOB_SERVICE,,,,,,False
decompiled/jadx/firelauncher/resources/AndroidManifest.xml,decompiled/jadx/firelauncher/resources/AndroidManifest.xml,com.amazon.firelauncher,service,com.amazon.firelauncher.reccardproducer.job.CardPushJobService,true,android.permission.BIND_JOB_SERVICE,,,,,,False
decompiled/jadx/firelauncher/resources/AndroidManifest.xml,decompiled/jadx/firelauncher/resources/AndroidManifest.xml,com.amazon.firelauncher,service,com.amazon.firelauncher.reccardproducer.job.RecommendationRefreshJobService,,android.permission.BIND_JOB_SERVICE,,,,,,False
decompiled/jadx/firelauncher/resources/AndroidManifest.xml,decompiled/jadx/firelauncher/resources/AndroidManifest.xml,com.amazon.firelauncher,service,com.amazon.firelauncher.reccardproducer.job.RetryArcusSyncJobService,,android.permission.BIND_JOB_SERVICE,,,,,,False
decompiled/jadx/firelauncher/resources/AndroidManifest.xml,decompiled/jadx/firelauncher/resources/AndroidManifest.xml,com.amazon.firelauncher,service,com.amazon.hintscardproducer.HintsCardRefreshService,false,android.permission.BIND_JOB_SERVICE,,,,,,False
decompiled/jadx/firelauncher/resources/AndroidManifest.xml,decompiled/jadx/firelauncher/resources/AndroidManifest.xml,com.amazon.firelauncher,service,com.amazon.hintscardproducer.job.PeriodicRefreshJobService,false,android.permission.BIND_JOB_SERVICE,,,,,,False
decompiled/jadx/firelauncher/resources/AndroidManifest.xml,decompiled/jadx/firelauncher/resources/AndroidManifest.xml,com.amazon.firelauncher,receiver,com.amazon.hintscardproducer.HintsCardRefreshService.RefreshCardsReceiver,true,com.amazon.firecard.permission.PRODUCER_CALLBACK_ACCESS,,,,,com.amazon.firecard.action.REFRESH_CARDS,False
decompiled/jadx/firelauncher/resources/AndroidManifest.xml,decompiled/jadx/firelauncher/resources/AndroidManifest.xml,com.amazon.firelauncher,receiver,com.amazon.hintscardproducer.HintsCardRefreshService.GlobalSyncReceiver,true,com.amazon.permission.GLOBAL_SYNC,,,,,com.amazon.intent.SYNC,False
decompiled/jadx/firelauncher/resources/AndroidManifest.xml,decompiled/jadx/firelauncher/resources/AndroidManifest.xml,com.amazon.firelauncher,receiver,com.amazon.hintscardproducer.HintsCardRefreshService.LocaleChangedReceiver,true,,,,,,android.intent.action.LOCALE_CHANGED,False
decompiled/jadx/firelauncher/resources/AndroidManifest.xml,decompiled/jadx/firelauncher/resources/AndroidManifest.xml,com.amazon.firelauncher,receiver,com.amazon.hintscardproducer.HintsCardRefreshService.AccountChangeReceiver,true,com.amazon.dcp.sso.permission.account.changed,,,,,com.amazon.dcp.sso.action.account.added,False
decompiled/jadx/firelauncher/resources/AndroidManifest.xml,decompiled/jadx/firelauncher/resources/AndroidManifest.xml,com.amazon.firelauncher,receiver,com.amazon.hintscardproducer.HintsCardRefreshService.ColdStartReceiver,false,,,,,,com.amazon.firelauncher.action.HOST_APP_COLD_START_ACTION,False
decompiled/jadx/firelauncher/resources/AndroidManifest.xml,decompiled/jadx/firelauncher/resources/AndroidManifest.xml,com.amazon.firelauncher,activity,com.amazon.identity.auth.device.AuthPortalUIActivity,true,com.amazon.identity.auth.device.perm.AUTH_SDK,,,,,,False
decompiled/jadx/firelauncher/resources/AndroidManifest.xml,decompiled/jadx/firelauncher/resources/AndroidManifest.xml,com.amazon.firelauncher,activity,com.amazon.identity.auth.device.activity.AuthChallengeHandleActivity,true,com.amazon.identity.auth.device.perm.AUTH_SDK,,,,,,False
decompiled/jadx/firelauncher/resources/AndroidManifest.xml,decompiled/jadx/firelauncher/resources/AndroidManifest.xml,com.amazon.firelauncher,activity,com.amazon.identity.auth.device.activity.ActorSignUpAndEnrollActivity,true,com.amazon.identity.auth.device.perm.AUTH_SDK,,,,,,False
decompiled/jadx/firelauncher/resources/AndroidManifest.xml,decompiled/jadx/firelauncher/resources/AndroidManifest.xml,com.amazon.firelauncher,activity,com.amazon.identity.auth.device.activity.ActorEnrollActivity,true,com.amazon.identity.auth.device.perm.AUTH_SDK,,,,,,False
decompiled/jadx/firelauncher/resources/AndroidManifest.xml,decompiled/jadx/firelauncher/resources/AndroidManifest.xml,com.amazon.firelauncher,service,com.amazon.identity.auth.device.bootstrapSSO.BootstrapSSOService,,,,,,,com.amazon.identity.action.BOOTSTRAP_SSO,False
decompiled/jadx/firelauncher/resources/AndroidManifest.xml,decompiled/jadx/firelauncher/resources/AndroidManifest.xml,com.amazon.firelauncher,service,com.amazon.identity.auth.device.storage.DirtyDataSyncingService,false,,,,,,com.amazon.identity.action.SYNC_DIRTY_DATA,False
decompiled/jadx/firelauncher/resources/AndroidManifest.xml,decompiled/jadx/firelauncher/resources/AndroidManifest.xml,com.amazon.firelauncher,service,com.amazon.identity.auth.device.storage.DatabaseCleaner$DatabaseCleaningService,false,,,,,,com.amazon.identity.action.CLEAN_DATA,False
decompiled/jadx/firelauncher/resources/AndroidManifest.xml,decompiled/jadx/firelauncher/resources/AndroidManifest.xml,com.amazon.firelauncher,receiver,com.amazon.identity.auth.device.storage.LambortishClock$ChangeTimestampsBroadcastReceiver,,,,,,,android.intent.action.TIME_SET,False
decompiled/jadx/firelauncher/resources/AndroidManifest.xml,decompiled/jadx/firelauncher/resources/AndroidManifest.xml,com.amazon.firelauncher,receiver,com.amazon.identity.auth.accounts.SessionUserChangedToAccountForPackageChangedAdpater,,,,,,,com.amazon.dcp.sso.action.session.users.changed,False
decompiled/jadx/firelauncher/resources/AndroidManifest.xml,decompiled/jadx/firelauncher/resources/AndroidManifest.xml,com.amazon.firelauncher,service,com.amazon.firelauncher.cardproducer.utils.account.GenericAccountService,,,,,,,android.accounts.AccountAuthenticator,False
decompiled/jadx/firelauncher/resources/AndroidManifest.xml,decompiled/jadx/firelauncher/resources/AndroidManifest.xml,com.amazon.firelauncher,service,androidx.room.MultiInstanceInvalidationService,false,,,,,,,False
decompiled/jadx/systemui/resources/AndroidManifest.xml,decompiled/jadx/systemui/resources/AndroidManifest.xml,com.android.systemui,permission,android.permission.systemui.IDENTITY,,,,,signature,,,False
decompiled/jadx/systemui/resources/AndroidManifest.xml,decompiled/jadx/systemui/resources/AndroidManifest.xml,com.android.systemui,permission,com.android.systemui.permission.SELF,,,,,signature,,,False
decompiled/jadx/systemui/resources/AndroidManifest.xml,decompiled/jadx/systemui/resources/AndroidManifest.xml,com.android.systemui,permission,com.android.systemui.permission.PLUGIN,,,,,signature,,,False
decompiled/jadx/systemui/resources/AndroidManifest.xml,decompiled/jadx/systemui/resources/AndroidManifest.xml,com.android.systemui,service,SystemUIService,true,,,,,,,False
decompiled/jadx/systemui/resources/AndroidManifest.xml,decompiled/jadx/systemui/resources/AndroidManifest.xml,com.android.systemui,service,SystemUISecondaryUserService,true,com.android.systemui.permission.SELF,,,,,,False
decompiled/jadx/systemui/resources/AndroidManifest.xml,decompiled/jadx/systemui/resources/AndroidManifest.xml,com.android.systemui,service,com.android.systemui.screenshot.TakeScreenshotService,false,,,,,:screenshot,,False
decompiled/jadx/systemui/resources/AndroidManifest.xml,decompiled/jadx/systemui/resources/AndroidManifest.xml,com.android.systemui,receiver,com.android.systemui.screenshot.ScreenshotServiceErrorReceiver,false,,,,,:screenshot,com.android.systemui.screenshot.SHOW_ERROR,False
decompiled/jadx/systemui/resources/AndroidManifest.xml,decompiled/jadx/systemui/resources/AndroidManifest.xml,com.android.systemui,receiver,com.android.systemui.SysuiRestartReceiver,false,,,,,,com.android.systemui.action.RESTART,False
decompiled/jadx/systemui/resources/AndroidManifest.xml,decompiled/jadx/systemui/resources/AndroidManifest.xml,com.android.systemui,service,com.android.systemui.ImageWallpaper,true,android.permission.BIND_WALLPAPER,,,,,,False
decompiled/jadx/systemui/resources/AndroidManifest.xml,decompiled/jadx/systemui/resources/AndroidManifest.xml,com.android.systemui,activity,com.android.systemui.tuner.TunerActivity,true,,,,,:tuner,com.android.settings.action.EXTRA_SETTINGS,False
decompiled/jadx/systemui/resources/AndroidManifest.xml,decompiled/jadx/systemui/resources/AndroidManifest.xml,com.android.systemui,activity-alias,com.android.systemui.DemoMode,true,,,,,:tuner,com.android.settings.action.DEMO_MODE,False
decompiled/jadx/systemui/resources/AndroidManifest.xml,decompiled/jadx/systemui/resources/AndroidManifest.xml,com.android.systemui,service,com.android.systemui.recents.RecentsSystemUserService,false,com.android.systemui.permission.SELF,,,,,,False
decompiled/jadx/systemui/resources/AndroidManifest.xml,decompiled/jadx/systemui/resources/AndroidManifest.xml,com.android.systemui,activity,com.android.systemui.recents.RecentsActivity,false,,,,,,com.android.systemui.recents.TOGGLE_RECENTS,False
decompiled/jadx/systemui/resources/AndroidManifest.xml,decompiled/jadx/systemui/resources/AndroidManifest.xml,com.android.systemui,activity,com.android.systemui.stackdivider.ForcedResizableInfoActivity,false,,,,,,,False
decompiled/jadx/systemui/resources/AndroidManifest.xml,decompiled/jadx/systemui/resources/AndroidManifest.xml,com.android.systemui,receiver,com.android.systemui.screenshot.GlobalScreenshot.ScreenshotActionReceiver,false,,,,,:screenshot,,False
decompiled/jadx/systemui/resources/AndroidManifest.xml,decompiled/jadx/systemui/resources/AndroidManifest.xml,com.android.systemui,receiver,com.android.systemui.screenshot.GlobalScreenshot.TargetChosenReceiver,false,,,,,:screenshot,,False
decompiled/jadx/systemui/resources/AndroidManifest.xml,decompiled/jadx/systemui/resources/AndroidManifest.xml,com.android.systemui,receiver,com.android.systemui.screenshot.GlobalScreenshot.DeleteScreenshotReceiver,false,,,,,:screenshot,,False
decompiled/jadx/systemui/resources/AndroidManifest.xml,decompiled/jadx/systemui/resources/AndroidManifest.xml,com.android.systemui,activity,com.android.systemui.usb.UsbConfirmActivity,true,android.permission.MANAGE_USB,,,,,,False
decompiled/jadx/systemui/resources/AndroidManifest.xml,decompiled/jadx/systemui/resources/AndroidManifest.xml,com.android.systemui,activity,com.android.systemui.usb.UsbPermissionActivity,true,android.permission.MANAGE_USB,,,,,,False
decompiled/jadx/systemui/resources/AndroidManifest.xml,decompiled/jadx/systemui/resources/AndroidManifest.xml,com.android.systemui,activity,com.android.systemui.usb.UsbResolverActivity,true,android.permission.MANAGE_USB,,,,,,False
decompiled/jadx/systemui/resources/AndroidManifest.xml,decompiled/jadx/systemui/resources/AndroidManifest.xml,com.android.systemui,activity,com.android.systemui.usb.UsbAccessoryUriActivity,true,android.permission.MANAGE_USB,,,,,,False
decompiled/jadx/systemui/resources/AndroidManifest.xml,decompiled/jadx/systemui/resources/AndroidManifest.xml,com.android.systemui,activity,com.android.systemui.usb.UsbDebuggingActivity,,android.permission.MANAGE_USB,,,,,,False
decompiled/jadx/systemui/resources/AndroidManifest.xml,decompiled/jadx/systemui/resources/AndroidManifest.xml,com.android.systemui,activity-alias,.UsbDebuggingActivityAlias,true,android.permission.DUMP,,,,,,False
decompiled/jadx/systemui/resources/AndroidManifest.xml,decompiled/jadx/systemui/resources/AndroidManifest.xml,com.android.systemui,activity,com.android.systemui.usb.UsbDebuggingSecondaryUserActivity,,,,,,,,False
decompiled/jadx/systemui/resources/AndroidManifest.xml,decompiled/jadx/systemui/resources/AndroidManifest.xml,com.android.systemui,activity,com.android.systemui.net.NetworkOverLimitActivity,true,android.permission.MANAGE_NETWORK_POLICY,,,,,,False
decompiled/jadx/systemui/resources/AndroidManifest.xml,decompiled/jadx/systemui/resources/AndroidManifest.xml,com.android.systemui,activity,com.android.systemui.media.MediaProjectionPermissionActivity,true,,,,,,,False
decompiled/jadx/systemui/resources/AndroidManifest.xml,decompiled/jadx/systemui/resources/AndroidManifest.xml,com.android.systemui,activity,com.android.systemui.pip.tv.PipMenuActivity,false,com.android.systemui.permission.SELF,,,,,,False
decompiled/jadx/systemui/resources/AndroidManifest.xml,decompiled/jadx/systemui/resources/AndroidManifest.xml,com.android.systemui,activity,com.android.systemui.pip.phone.PipMenuActivity,false,com.android.systemui.permission.SELF,,,,,,False
decompiled/jadx/systemui/resources/AndroidManifest.xml,decompiled/jadx/systemui/resources/AndroidManifest.xml,com.android.systemui,activity,com.android.systemui.SlicePermissionActivity,,,,,,,com.android.intent.action.REQUEST_SLICE_PERMISSION,False
decompiled/jadx/systemui/resources/AndroidManifest.xml,decompiled/jadx/systemui/resources/AndroidManifest.xml,com.android.systemui,activity,com.android.systemui.DessertCase,true,,,,,:sweetsweetdesserts,android.intent.action.MAIN,True
decompiled/jadx/systemui/resources/AndroidManifest.xml,decompiled/jadx/systemui/resources/AndroidManifest.xml,com.android.systemui,activity,com.android.systemui.egg.MLandActivity,true,,,,,:sweetsweetdesserts,android.intent.action.MAIN,True
decompiled/jadx/systemui/resources/AndroidManifest.xml,decompiled/jadx/systemui/resources/AndroidManifest.xml,com.android.systemui,service,com.android.systemui.DessertCaseDream,true,android.permission.BIND_DREAM_SERVICE,,,,:sweetsweetdesserts,android.service.dreams.DreamService,False
decompiled/jadx/systemui/resources/AndroidManifest.xml,decompiled/jadx/systemui/resources/AndroidManifest.xml,com.android.systemui,service,com.android.systemui.keyguard.KeyguardService,true,,,,,,,False
decompiled/jadx/systemui/resources/AndroidManifest.xml,decompiled/jadx/systemui/resources/AndroidManifest.xml,com.android.systemui,activity,com.android.systemui.keyguard.WorkLockActivity,false,android.permission.MANAGE_USERS,,,,,android.app.action.CONFIRM_DEVICE_CREDENTIAL_WITH_USER,False
decompiled/jadx/systemui/resources/AndroidManifest.xml,decompiled/jadx/systemui/resources/AndroidManifest.xml,com.android.systemui,activity,com.android.systemui.Somnambulator,true,,,,,,android.intent.action.MAIN,True
decompiled/jadx/systemui/resources/AndroidManifest.xml,decompiled/jadx/systemui/resources/AndroidManifest.xml,com.android.systemui,activity,com.android.systemui.settings.BrightnessDialog,true,,,,,,com.android.intent.action.SHOW_BRIGHTNESS_DIALOG,False
decompiled/jadx/systemui/resources/AndroidManifest.xml,decompiled/jadx/systemui/resources/AndroidManifest.xml,com.android.systemui,activity,com.android.systemui.ForegroundServicesDialog,,,,,,:fgservices,android.settings.FOREGROUND_SERVICES_SETTINGS,False
decompiled/jadx/systemui/resources/AndroidManifest.xml,decompiled/jadx/systemui/resources/AndroidManifest.xml,com.android.systemui,service,com.android.systemui.doze.DozeService,true,android.permission.BIND_DREAM_SERVICE,,,,,,False
decompiled/jadx/systemui/resources/AndroidManifest.xml,decompiled/jadx/systemui/resources/AndroidManifest.xml,com.android.systemui,receiver,com.android.systemui.tuner.TunerService.ClearReceiver,false,,,,,,com.android.systemui.action.CLEAR_TUNER,False
decompiled/jadx/systemui/resources/AndroidManifest.xml,decompiled/jadx/systemui/resources/AndroidManifest.xml,com.android.systemui,provider,android.support.v4.content.FileProvider,false,,,,,,,False
decompiled/jadx/systemui/resources/AndroidManifest.xml,decompiled/jadx/systemui/resources/AndroidManifest.xml,com.android.systemui,provider,com.android.systemui.keyguard.KeyguardSliceProvider,true,,,,,,,False
decompiled/jadx/systemui/resources/AndroidManifest.xml,decompiled/jadx/systemui/resources/AndroidManifest.xml,com.android.systemui,receiver,com.android.systemui.statusbar.KeyboardShortcutsReceiver,,,,,,,"com.android.intent.action.DISMISS_KEYBOARD_SHORTCUTS,com.android.intent.action.SHOW_KEYBOARD_SHORTCUTS",False
decompiled/jadx/systemui/resources/AndroidManifest.xml,decompiled/jadx/systemui/resources/AndroidManifest.xml,com.android.systemui,service,com.amazon.systemui.keyguard.AmazonKeyguardService,true,com.amazon.permission.AMAZON_CONTROL_KEYGUARD,,,,,,False
decompiled/jadx/systemui/resources/AndroidManifest.xml,decompiled/jadx/systemui/resources/AndroidManifest.xml,com.android.systemui,service,com.amazon.systemui.keyguard.ads.WallpaperComponentSwitchService,false,,,,,,,False
decompiled/jadx/systemui/resources/AndroidManifest.xml,decompiled/jadx/systemui/resources/AndroidManifest.xml,com.android.systemui,receiver,com.amazon.systemui.bootup.AmazonBootUpReceiver,true,,,,,,android.intent.action.BOOT_COMPLETED,False
decompiled/jadx/systemui/resources/AndroidManifest.xml,decompiled/jadx/systemui/resources/AndroidManifest.xml,com.android.systemui,activity,com.amazon.systemui.activities.UsbMtpMissingActivity,true,android.permission.MANAGE_USB,,,,,,False
decompiled/jadx/systemui/resources/AndroidManifest.xml,decompiled/jadx/systemui/resources/AndroidManifest.xml,com.android.systemui,activity,com.amazon.keyguard.AmazonKeyguardHelperActivity,,,,,,,,False
decompiled/jadx/systemui/resources/AndroidManifest.xml,decompiled/jadx/systemui/resources/AndroidManifest.xml,com.android.systemui,service,com.amazon.systemui.usb.AmazonStorageNotificationService,false,,,,,,,False
decompiled/jadx/systemui/resources/AndroidManifest.xml,decompiled/jadx/systemui/resources/AndroidManifest.xml,com.android.systemui,service,com.amazon.systemui.AmazonAuthenticationSupportService,false,,,,,,,False
decompiled/jadx/systemui/resources/AndroidManifest.xml,decompiled/jadx/systemui/resources/AndroidManifest.xml,com.android.systemui,activity,com.amazon.keyguard.AmazonKeyguardHideSensitiveComponentActivity,false,com.amazon.permission.AMAZON_CONTROL_KEYGUARD,,,,,,False
decompiled/jadx/settings/resources/AndroidManifest.xml,decompiled/jadx/settings/resources/AndroidManifest.xml,com.android.settings,activity,Settings,,,,,,,android.settings.SETTINGS,False
decompiled/jadx/settings/resources/AndroidManifest.xml,decompiled/jadx/settings/resources/AndroidManifest.xml,com.android.settings,activity-alias,Settings,,,,,,,android.intent.action.MAIN,True
decompiled/jadx/settings/resources/AndroidManifest.xml,decompiled/jadx/settings/resources/AndroidManifest.xml,com.android.settings,receiver,com.android.settings.SettingsInitialize,,,,,,,"android.intent.action.USER_INITIALIZE,android.intent.action.PRE_BOOT_COMPLETED",False
decompiled/jadx/settings/resources/AndroidManifest.xml,decompiled/jadx/settings/resources/AndroidManifest.xml,com.android.settings,receiver,com.amazon.settings.arcus.ConfigurationSyncReceiver,true,,,,,,"com.amazon.dcp.sso.broadcast.CORPFMHasChanged,com.amazon.settings.arcus.ACTION_PERIODIC_SYNC_LAUNCHER,com.amazon.settings.arcus.ACTION_PERIODIC_SYNC_SETTINGS,com.amazon.settings.arcus.ACTION_PERIODIC_SYNC_PERIODIC_SYNC,com.amazon.settings.arcus.ACTION_RETRY_SYNC_LAUNCHER,com.amazon.settings.arcus.ACTION_RETRY_SYNC_SETTINGS,com.amazon.settings.arcus.ACTION_RETRY_SYNC_PERIODIC_SYNC,android.intent.action.BOOT_COMPLETED",False
decompiled/jadx/settings/resources/AndroidManifest.xml,decompiled/jadx/settings/resources/AndroidManifest.xml,com.android.settings,receiver,com.android.settings.deviceinfo.SDCardBroadcastReceiver,,,,,,,"android.intent.action.MEDIA_MOUNTED,android.intent.action.MEDIA_REMOVED,android.intent.action.MEDIA_BAD_REMOVAL,android.intent.action.MEDIA_UNMOUNTED,com.amazon.shared.storage.MIGRATE_DATA",False
decompiled/jadx/settings/resources/AndroidManifest.xml,decompiled/jadx/settings/resources/AndroidManifest.xml,com.android.settings,receiver,com.amazon.settings.OOBECompleteReceiver,true,com.amazon.kindle.otter.oobe.OOBE_PERMISSION,,,,,com.amazon.kindle.otter.oobe.OOBE_COMPLETE,False
decompiled/jadx/settings/resources/AndroidManifest.xml,decompiled/jadx/settings/resources/AndroidManifest.xml,com.android.settings,activity,com.amazon.settings.deviceadmin.DeviceAdminAuthActivity,,,,,,,,False
decompiled/jadx/settings/resources/AndroidManifest.xml,decompiled/jadx/settings/resources/AndroidManifest.xml,com.android.settings,service,com.amazon.settings.arcus.ConfigurationSyncService,false,android.permission.BIND_JOB_SERVICE,,,,,com.amazon.settings.arcus.SYNC_CONFIG,False
decompiled/jadx/settings/resources/AndroidManifest.xml,decompiled/jadx/settings/resources/AndroidManifest.xml,com.android.settings,service,com.android.settings.deviceinfo.AdoptedSDCardService,true,,,,,,,False
decompiled/jadx/settings/resources/AndroidManifest.xml,decompiled/jadx/settings/resources/AndroidManifest.xml,com.android.settings,service,com.android.settings.deviceinfo.IncompatibleSDCardService,true,,,,,,,False
decompiled/jadx/settings/resources/AndroidManifest.xml,decompiled/jadx/settings/resources/AndroidManifest.xml,com.android.settings,activity,com.android.settings.SubSettings,,,,,,,,False
decompiled/jadx/settings/resources/AndroidManifest.xml,decompiled/jadx/settings/resources/AndroidManifest.xml,com.android.settings,activity,com.android.settings.shortcut.CreateShortcut,,,,,,,android.intent.action.CREATE_SHORTCUT,False
decompiled/jadx/settings/resources/AndroidManifest.xml,decompiled/jadx/settings/resources/AndroidManifest.xml,com.android.settings,activity,com.android.settings.Settings.NetworkDashboardActivity,,,,,,,"android.settings.WIRELESS_SETTINGS,android.settings.AIRPLANE_MODE_SETTINGS,android.intent.action.MAIN,com.android.settings.action.SETTINGS",True
decompiled/jadx/settings/resources/AndroidManifest.xml,decompiled/jadx/settings/resources/AndroidManifest.xml,com.android.settings,receiver,com.amazon.settings.AccountPropertyChangeReceiver,,com.amazon.dcp.sso.permission.AmazonAccountPropertyService.property.changed,,,,,"com.amazon.dcp.sso.action.AmazonAccountPropertyService.property.changed,com.amazon.dcp.sso.action.account.removed,com.amazon.dcp.sso.broadcast.CORPFMHasChanged",False
decompiled/jadx/settings/resources/AndroidManifest.xml,decompiled/jadx/settings/resources/AndroidManifest.xml,com.android.settings,activity,com.android.settings.Settings.ConnectedDeviceDashboardActivity,,,,,,,"android.settings.NFC_SETTINGS,android.settings.BLUETOOTH_SETTINGS,com.android.settings.action.SETTINGS",False
decompiled/jadx/settings/resources/AndroidManifest.xml,decompiled/jadx/settings/resources/AndroidManifest.xml,com.android.settings,activity,AirplaneModeVoiceActivity,true,,,,,,android.settings.VOICE_CONTROL_AIRPLANE_MODE,False
decompiled/jadx/settings/resources/AndroidManifest.xml,decompiled/jadx/settings/resources/AndroidManifest.xml,com.android.settings,activity,com.android.settings.search.SearchResultTrampoline,true,,,,,,com.android.settings.SEARCH_RESULT_TRAMPOLINE,False
decompiled/jadx/settings/resources/AndroidManifest.xml,decompiled/jadx/settings/resources/AndroidManifest.xml,com.android.settings,activity,Settings$WifiSettingsActivity,,,,,,,"android.settings.WIFI_SETTINGS,android.intent.action.MAIN",True
decompiled/jadx/settings/resources/AndroidManifest.xml,decompiled/jadx/settings/resources/AndroidManifest.xml,com.android.settings,activity,com.android.settings.wifi.WifiPickerActivity,,,,,,,"android.net.wifi.PICK_WIFI_NETWORK,android.intent.action.MAIN",True
decompiled/jadx/settings/resources/AndroidManifest.xml,decompiled/jadx/settings/resources/AndroidManifest.xml,com.android.settings,activity,Settings$ConfigureWifiSettingsActivity,,,,,,,"android.settings.WIFI_IP_SETTINGS,android.intent.action.MAIN",True
decompiled/jadx/settings/resources/AndroidManifest.xml,decompiled/jadx/settings/resources/AndroidManifest.xml,com.android.settings,activity,Settings$SavedAccessPointsSettingsActivity,,,,,,,"android.settings.WIFI_SAVED_NETWORK_SETTINGS,android.intent.action.MAIN",True
decompiled/jadx/settings/resources/AndroidManifest.xml,decompiled/jadx/settings/resources/AndroidManifest.xml,com.android.settings,activity,com.android.settings.Settings.WifiInfoActivity,,,,,,,android.intent.action.MAIN,True
decompiled/jadx/settings/resources/AndroidManifest.xml,decompiled/jadx/settings/resources/AndroidManifest.xml,com.android.settings,activity,com.android.settings.wifi.WifiConfigInfo,,,,,,,android.intent.action.MAIN,True
decompiled/jadx/settings/resources/AndroidManifest.xml,decompiled/jadx/settings/resources/AndroidManifest.xml,com.android.settings,activity,com.android.settings.Settings.WifiAPITestActivity,,,,,,,android.intent.action.MAIN,True
decompiled/jadx/settings/resources/AndroidManifest.xml,decompiled/jadx/settings/resources/AndroidManifest.xml,com.android.settings,activity,com.android.settings.wifi.WifiStatusTest,,,,,,,android.intent.action.MAIN,True
decompiled/jadx/settings/resources/AndroidManifest.xml,decompiled/jadx/settings/resources/AndroidManifest.xml,com.android.settings,activity,com.android.settings.wifi.WifiNoInternetDialog,true,android.permission.CONNECTIVITY_INTERNAL,,,,,"android.net.conn.PROMPT_UNVALIDATED,android.net.conn.PROMPT_LOST_VALIDATION",False
decompiled/jadx/settings/resources/AndroidManifest.xml,decompiled/jadx/settings/resources/AndroidManifest.xml,com.android.settings,activity,Settings$ApnSettingsActivity,,,,,,com.android.phone,"android.settings.APN_SETTINGS,android.intent.action.MAIN",True
decompiled/jadx/settings/resources/AndroidManifest.xml,decompiled/jadx/settings/resources/AndroidManifest.xml,com.android.settings,activity-alias,Settings$BluetoothSettingsActivity,true,,,,,,android.intent.action.MAIN,True
decompiled/jadx/settings/resources/AndroidManifest.xml,decompiled/jadx/settings/resources/AndroidManifest.xml,com.android.settings,activity-alias,.bluetooth.BluetoothSettings,true,,,,,,,False
decompiled/jadx/settings/resources/AndroidManifest.xml,decompiled/jadx/settings/resources/AndroidManifest.xml,com.android.settings,activity,Settings$AssistGestureSettingsActivity,,,,,,,android.settings.ASSIST_GESTURE_SETTINGS,False
decompiled/jadx/settings/resources/AndroidManifest.xml,decompiled/jadx/settings/resources/AndroidManifest.xml,com.android.settings,activity,com.android.settings.bluetooth.DevicePickerActivity,,,,,,,android.bluetooth.devicepicker.action.LAUNCH,False
decompiled/jadx/settings/resources/AndroidManifest.xml,decompiled/jadx/settings/resources/AndroidManifest.xml,com.android.settings,service,com.android.settings.wifi.tether.TetherService,true,android.permission.TETHER_PRIVILEGED,,,,,,False
decompiled/jadx/settings/resources/AndroidManifest.xml,decompiled/jadx/settings/resources/AndroidManifest.xml,com.android.settings,activity,TetherProvisioningActivity,true,android.permission.TETHER_PRIVILEGED,,,,,android.settings.TETHER_PROVISIONING_UI,False
decompiled/jadx/settings/resources/AndroidManifest.xml,decompiled/jadx/settings/resources/AndroidManifest.xml,com.android.settings,activity,Settings$TetherSettingsActivity,,,,,,,android.intent.action.MAIN,True
decompiled/jadx/settings/resources/AndroidManifest.xml,decompiled/jadx/settings/resources/AndroidManifest.xml,com.android.settings,activity-alias,com.android.settings.TetherSettings,true,,,,,,,False
decompiled/jadx/settings/resources/AndroidManifest.xml,decompiled/jadx/settings/resources/AndroidManifest.xml,com.android.settings,activity,Settings$VpnSettingsActivity,,,,,,,"android.settings.VPN_SETTINGS,android.net.vpn.SETTINGS,android.intent.action.MAIN",True
decompiled/jadx/settings/resources/AndroidManifest.xml,decompiled/jadx/settings/resources/AndroidManifest.xml,com.android.settings,activity,Settings$DateTimeSettingsActivity,,,,,,,"android.settings.DATE_SETTINGS,android.intent.action.MAIN,android.intent.action.QUICK_CLOCK,com.android.settings.action.SETTINGS",True
decompiled/jadx/settings/resources/AndroidManifest.xml,decompiled/jadx/settings/resources/AndroidManifest.xml,com.android.settings,activity,Settings$LocalePickerActivity,,,,,,,"android.settings.LOCALE_SETTINGS,android.intent.action.MAIN",True
decompiled/jadx/settings/resources/AndroidManifest.xml,decompiled/jadx/settings/resources/AndroidManifest.xml,com.android.settings,activity,com.android.settings.Settings.LanguageAndInputSettingsActivity,,,,,,,"android.intent.action.MAIN,android.settings.KEYBOARD_SETTINGS,android.settings.BLUETOOTH_KEYBOARD_SETTINGS,com.android.settings.action.SETTINGS",True
decompiled/jadx/settings/resources/AndroidManifest.xml,decompiled/jadx/settings/resources/AndroidManifest.xml,com.android.settings,activity,com.android.settings.Settings.FireKeyboardSettingsActivity,true,,,,,,"android.intent.action.MAIN,android.settings.INPUT_METHOD_SETTINGS",True
decompiled/jadx/settings/resources/AndroidManifest.xml,decompiled/jadx/settings/resources/AndroidManifest.xml,com.android.settings,activity,Settings$AvailableVirtualKeyboardActivity,,,,,,,,False
decompiled/jadx/settings/resources/AndroidManifest.xml,decompiled/jadx/settings/resources/AndroidManifest.xml,com.android.settings,activity,Settings$ManageAssistActivity,,,,,,,"android.settings.VOICE_INPUT_SETTINGS,android.intent.action.MAIN",True
decompiled/jadx/settings/resources/AndroidManifest.xml,decompiled/jadx/settings/resources/AndroidManifest.xml,com.android.settings,activity,Settings$KeyboardLayoutPickerActivity,,,,,,,android.intent.action.MAIN,True
decompiled/jadx/settings/resources/AndroidManifest.xml,decompiled/jadx/settings/resources/AndroidManifest.xml,com.android.settings,activity,Settings$FilesShortcutKeyActivity,,,,,,,android.intent.action.MAIN,True
decompiled/jadx/settings/resources/AndroidManifest.xml,decompiled/jadx/settings/resources/AndroidManifest.xml,com.android.settings,activity,Settings$EmailShortcutKeyActivity,,,,,,,android.intent.action.MAIN,True
decompiled/jadx/settings/resources/AndroidManifest.xml,decompiled/jadx/settings/resources/AndroidManifest.xml,com.android.settings,activity,Settings$PhysicalKeyboardActivity,,,,,,,"android.settings.HARD_KEYBOARD_SETTINGS,android.intent.action.MAIN",True
decompiled/jadx/settings/resources/AndroidManifest.xml,decompiled/jadx/settings/resources/AndroidManifest.xml,com.android.settings,activity-alias,LanguageSettings,true,,,,,,,False
decompiled/jadx/settings/resources/AndroidManifest.xml,decompiled/jadx/settings/resources/AndroidManifest.xml,com.android.settings,activity,Settings$SpellCheckersSettingsActivity,,,,,,,android.intent.action.MAIN,True
decompiled/jadx/settings/resources/AndroidManifest.xml,decompiled/jadx/settings/resources/AndroidManifest.xml,com.android.settings,activity,com.android.settings.inputmethod.InputMethodAndSubtypeEnablerActivity,,,,,,,"android.settings.INPUT_METHOD_SUBTYPE_SETTINGS,android.intent.action.MAIN",True
decompiled/jadx/settings/resources/AndroidManifest.xml,decompiled/jadx/settings/resources/AndroidManifest.xml,com.android.settings,activity,Settings$UserDictionarySettingsActivity,,,,,,,"android.settings.USER_DICTIONARY_SETTINGS,android.intent.action.MAIN",True
decompiled/jadx/settings/resources/AndroidManifest.xml,decompiled/jadx/settings/resources/AndroidManifest.xml,com.android.settings,activity,com.android.settings.inputmethod.UserDictionaryAddWordActivity,,,,,,,"com.android.settings.USER_DICTIONARY_EDIT,com.android.settings.USER_DICTIONARY_INSERT",False
decompiled/jadx/settings/resources/AndroidManifest.xml,decompiled/jadx/settings/resources/AndroidManifest.xml,com.android.settings,activity,Settings$ZenModeSettingsActivity,true,,,,,,"android.settings.ZEN_MODE_SETTINGS,android.settings.ZEN_MODE_PRIORITY_SETTINGS,android.intent.action.MAIN",True
decompiled/jadx/settings/resources/AndroidManifest.xml,decompiled/jadx/settings/resources/AndroidManifest.xml,com.android.settings,activity,com.android.settings.notification.ZenSuggestionActivity,,,,,,,"android.intent.action.MAIN,android.intent.action.MAIN",True
decompiled/jadx/settings/resources/AndroidManifest.xml,decompiled/jadx/settings/resources/AndroidManifest.xml,com.android.settings,activity,com.android.settings.notification.ZenOnboardingActivity,true,,,,,,android.settings.ZEN_MODE_ONBOARDING,False
decompiled/jadx/settings/resources/AndroidManifest.xml,decompiled/jadx/settings/resources/AndroidManifest.xml,com.android.settings,activity,Settings$ZenModeAutomationSettingsActivity,true,,,,,,"android.settings.ZEN_MODE_AUTOMATION_SETTINGS,android.settings.ACTION_CONDITION_PROVIDER_SETTINGS",False
decompiled/jadx/settings/resources/AndroidManifest.xml,decompiled/jadx/settings/resources/AndroidManifest.xml,com.android.settings,activity,com.android.settings.wallpaper.WallpaperSuggestionActivity,,,,,,,"android.intent.action.MAIN,android.intent.action.MAIN",True
decompiled/jadx/settings/resources/AndroidManifest.xml,decompiled/jadx/settings/resources/AndroidManifest.xml,com.android.settings,activity,com.android.settings.support.NewDeviceIntroSuggestionActivity,,,,,,,android.intent.action.MAIN,True
decompiled/jadx/settings/resources/AndroidManifest.xml,decompiled/jadx/settings/resources/AndroidManifest.xml,com.android.settings,activity,Settings$ZenModeScheduleRuleSettingsActivity,true,,,,,,"android.settings.ZEN_MODE_SCHEDULE_RULE_SETTINGS,android.intent.action.MAIN",True
decompiled/jadx/settings/resources/AndroidManifest.xml,decompiled/jadx/settings/resources/AndroidManifest.xml,com.android.settings,activity,Settings$ZenModeEventRuleSettingsActivity,true,,,,,,"android.settings.ZEN_MODE_EVENT_RULE_SETTINGS,android.intent.action.MAIN",True
decompiled/jadx/settings/resources/AndroidManifest.xml,decompiled/jadx/settings/resources/AndroidManifest.xml,com.android.settings,activity,com.android.settings.CancelContractsActivity,,,,,,,com.android.settings.action.SETTINGS,False
decompiled/jadx/settings/resources/AndroidManifest.xml,decompiled/jadx/settings/resources/AndroidManifest.xml,com.android.settings,activity,Settings$DisplaySettingsActivity,,,,,,,"com.android.settings.DISPLAY_SETTINGS,android.settings.DISPLAY_SETTINGS,android.intent.action.MAIN,com.android.settings.action.SETTINGS",True
decompiled/jadx/settings/resources/AndroidManifest.xml,decompiled/jadx/settings/resources/AndroidManifest.xml,com.android.settings,activity-alias,DisplaySettings,true,,,,,,,False
decompiled/jadx/settings/resources/AndroidManifest.xml,decompiled/jadx/settings/resources/AndroidManifest.xml,com.android.settings,activity,Settings$NightDisplaySettingsActivity,,,,,,,"android.intent.action.MAIN,android.settings.NIGHT_DISPLAY_SETTINGS",True
decompiled/jadx/settings/resources/AndroidManifest.xml,decompiled/jadx/settings/resources/AndroidManifest.xml,com.android.settings,activity,Settings$FontSizeSettingsActivity,,,,,,,"android.settings.FONT_SETTINGS,android.intent.action.MAIN",True
decompiled/jadx/settings/resources/AndroidManifest.xml,decompiled/jadx/settings/resources/AndroidManifest.xml,com.android.settings,activity,Settings$NightDisplaySuggestionActivity,,,,,,,android.intent.action.MAIN,True
decompiled/jadx/settings/resources/AndroidManifest.xml,decompiled/jadx/settings/resources/AndroidManifest.xml,com.android.settings,activity,Settings$DeviceInfoSettingsActivity,,,,,,,"android.settings.DEVICE_INFO_SETTINGS,android.intent.action.MAIN,com.android.settings.action.SETTINGS",True
decompiled/jadx/settings/resources/AndroidManifest.xml,decompiled/jadx/settings/resources/AndroidManifest.xml,com.android.settings,activity,com.android.settings.Settings.MyDeviceInfoActivity,,,,,,,"android.settings.DEVICE_INFO_SETTINGS,android.settings.DEVICE_NAME,android.intent.action.MAIN,com.android.settings.action.SETTINGS",True
decompiled/jadx/settings/resources/AndroidManifest.xml,decompiled/jadx/settings/resources/AndroidManifest.xml,com.android.settings,activity,Settings$ManageApplicationsActivity,,,,,,,"android.settings.APPLICATION_SETTINGS,android.settings.MANAGE_APPLICATIONS_SETTINGS,android.settings.MANAGE_ALL_APPLICATIONS_SETTINGS,android.intent.action.MAIN",True
decompiled/jadx/settings/resources/AndroidManifest.xml,decompiled/jadx/settings/resources/AndroidManifest.xml,com.android.settings,activity-alias,.applications.ManageApplications,true,,,,,,,False
decompiled/jadx/settings/resources/AndroidManifest.xml,decompiled/jadx/settings/resources/AndroidManifest.xml,com.android.settings,activity,Settings$ManageDomainUrlsActivity,,,,,,,android.settings.MANAGE_DOMAIN_URLS,True
decompiled/jadx/settings/resources/AndroidManifest.xml,decompiled/jadx/settings/resources/AndroidManifest.xml,com.android.settings,activity,Settings$MemorySettingsActivity,,,,,,,android.intent.action.MAIN,True
decompiled/jadx/settings/resources/AndroidManifest.xml,decompiled/jadx/settings/resources/AndroidManifest.xml,com.android.settings,activity,Settings$AppMemoryUsageActivity,,,,,,,android.settings.APP_MEMORY_USAGE,False
decompiled/jadx/settings/resources/AndroidManifest.xml,decompiled/jadx/settings/resources/AndroidManifest.xml,com.android.settings,activity,Settings$HighPowerApplicationsActivity,,,,,,,android.settings.IGNORE_BATTERY_OPTIMIZATION_SETTINGS,False
decompiled/jadx/settings/resources/AndroidManifest.xml,decompiled/jadx/settings/resources/AndroidManifest.xml,com.android.settings,activity,com.android.settings.datausage.AppDataUsageActivity,,,,,,,android.settings.IGNORE_BACKGROUND_DATA_RESTRICTIONS_SETTINGS,False
decompiled/jadx/settings/resources/AndroidManifest.xml,decompiled/jadx/settings/resources/AndroidManifest.xml,com.android.settings,activity,com.android.settings.fuelgauge.RequestIgnoreBatteryOptimizations,,,,,,,android.settings.REQUEST_IGNORE_BATTERY_OPTIMIZATIONS,False
decompiled/jadx/settings/resources/AndroidManifest.xml,decompiled/jadx/settings/resources/AndroidManifest.xml,com.android.settings,activity,com.android.settings.slices.SliceDeepLinkSpringBoard,,,,,,,android.intent.action.VIEW,False
decompiled/jadx/settings/resources/AndroidManifest.xml,decompiled/jadx/settings/resources/AndroidManifest.xml,com.android.settings,activity-alias,.RunningServices,true,,,,,,,False
decompiled/jadx/settings/resources/AndroidManifest.xml,decompiled/jadx/settings/resources/AndroidManifest.xml,com.android.settings,activity-alias,.applications.StorageUse,true,,,,,,,False
decompiled/jadx/settings/resources/AndroidManifest.xml,decompiled/jadx/settings/resources/AndroidManifest.xml,com.android.settings,activity,com.android.settings.applications.InstalledAppDetailsTop,true,,,,,,,False
decompiled/jadx/settings/resources/AndroidManifest.xml,decompiled/jadx/settings/resources/AndroidManifest.xml,com.android.settings,activity-alias,.applications.InstalledAppDetails,true,,,,,,android.settings.APPLICATION_DETAILS_SETTINGS,False
decompiled/jadx/settings/resources/AndroidManifest.xml,decompiled/jadx/settings/resources/AndroidManifest.xml,com.android.settings,activity,com.android.settings.applications.InstalledAppOpenByDefaultPage,true,android.permission.OPEN_APPLICATION_DETAILS_OPEN_BY_DEFAULT_PAGE,,,,,android.settings.APPLICATION_DETAILS_SETTINGS_OPEN_BY_DEFAULT_PAGE,False
decompiled/jadx/settings/resources/AndroidManifest.xml,decompiled/jadx/settings/resources/AndroidManifest.xml,com.android.settings,activity,Settings$RunningServicesActivity,,,,,,,android.intent.action.MAIN,True
decompiled/jadx/settings/resources/AndroidManifest.xml,decompiled/jadx/settings/resources/AndroidManifest.xml,com.android.settings,activity,Settings$StorageUseActivity,,,,,,,"android.intent.action.MANAGE_PACKAGE_STORAGE,android.intent.action.MAIN",True
decompiled/jadx/settings/resources/AndroidManifest.xml,decompiled/jadx/settings/resources/AndroidManifest.xml,com.android.settings,activity,Settings$NotificationStationActivity,,,,,,,android.intent.action.MAIN,True
decompiled/jadx/settings/resources/AndroidManifest.xml,decompiled/jadx/settings/resources/AndroidManifest.xml,com.android.settings,activity,com.android.settings.notification.ZenModeVoiceActivity,,,,,,,android.settings.VOICE_CONTROL_DO_NOT_DISTURB_MODE,False
decompiled/jadx/settings/resources/AndroidManifest.xml,decompiled/jadx/settings/resources/AndroidManifest.xml,com.android.settings,activity,Settings$BackgroundCheckSummaryActivity,,,,,,,android.intent.action.MAIN,True
decompiled/jadx/settings/resources/AndroidManifest.xml,decompiled/jadx/settings/resources/AndroidManifest.xml,com.android.settings,activity,Settings$LocationSettingsActivity,,,,,,,"android.settings.LOCATION_SOURCE_SETTINGS,android.intent.action.MAIN",True
decompiled/jadx/settings/resources/AndroidManifest.xml,decompiled/jadx/settings/resources/AndroidManifest.xml,com.android.settings,activity,Settings$ScanningSettingsActivity,,,,,,,android.settings.LOCATION_SCANNING_SETTINGS,False
decompiled/jadx/settings/resources/AndroidManifest.xml,decompiled/jadx/settings/resources/AndroidManifest.xml,com.android.settings,activity,MonitoringCertInfoActivity,,,,,,,"com.android.settings.MONITORING_CERT_INFO,android.intent.action.MAIN",True
decompiled/jadx/settings/resources/AndroidManifest.xml,decompiled/jadx/settings/resources/AndroidManifest.xml,com.android.settings,activity,Settings$TrustedCredentialsSettingsActivity,,,,,,,"com.android.settings.TRUSTED_CREDENTIALS,com.android.settings.TRUSTED_CREDENTIALS_USER",False
decompiled/jadx/settings/resources/AndroidManifest.xml,decompiled/jadx/settings/resources/AndroidManifest.xml,com.android.settings,activity,Settings$PrivacySettingsActivity,,,,,,,android.intent.action.MAIN,True
decompiled/jadx/settings/resources/AndroidManifest.xml,decompiled/jadx/settings/resources/AndroidManifest.xml,com.android.settings,activity,SetFullBackupPassword,false,,,,,,,False
decompiled/jadx/settings/resources/AndroidManifest.xml,decompiled/jadx/settings/resources/AndroidManifest.xml,com.android.settings,activity,CredentialStorage,,,,,,,"com.android.credentials.UNLOCK,com.android.credentials.INSTALL,com.android.credentials.RESET",False
decompiled/jadx/settings/resources/AndroidManifest.xml,decompiled/jadx/settings/resources/AndroidManifest.xml,com.android.settings,activity,Settings$DeviceAdminSettingsActivity,,,,,,,"android.intent.action.MAIN,com.android.settings.DEVICE_ADMIN_SETTINGS_ACTIVITY",True
decompiled/jadx/settings/resources/AndroidManifest.xml,decompiled/jadx/settings/resources/AndroidManifest.xml,com.android.settings,activity-alias,DeviceAdminSettings,true,,,,,,,False
decompiled/jadx/settings/resources/AndroidManifest.xml,decompiled/jadx/settings/resources/AndroidManifest.xml,com.android.settings,activity,DeviceAdminAdd,,,,,,,android.app.action.ADD_DEVICE_ADMIN,False
decompiled/jadx/settings/resources/AndroidManifest.xml,decompiled/jadx/settings/resources/AndroidManifest.xml,com.android.settings,activity-alias,SetProfileOwner,,,,,,,android.app.action.SET_PROFILE_OWNER,False
decompiled/jadx/settings/resources/AndroidManifest.xml,decompiled/jadx/settings/resources/AndroidManifest.xml,com.android.settings,activity,Settings$UsageAccessSettingsActivity,,,,,,,"android.settings.USAGE_ACCESS_SETTINGS,android.intent.action.MAIN",True
decompiled/jadx/settings/resources/AndroidManifest.xml,decompiled/jadx/settings/resources/AndroidManifest.xml,com.android.settings,activity,Settings$IccLockSettingsActivity,,,,,,com.android.phone,android.intent.action.MAIN,True
decompiled/jadx/settings/resources/AndroidManifest.xml,decompiled/jadx/settings/resources/AndroidManifest.xml,com.android.settings,activity,com.android.settings.accessibility.AccessibilitySettingsForSetupWizardActivity,,,,,,,"android.settings.ACCESSIBILITY_SETTINGS_FOR_SUW,android.intent.action.MAIN",True
decompiled/jadx/settings/resources/AndroidManifest.xml,decompiled/jadx/settings/resources/AndroidManifest.xml,com.android.settings,activity,Settings$EnterprisePrivacySettingsActivity,,,,,,,android.settings.ENTERPRISE_PRIVACY_SETTINGS,False
decompiled/jadx/settings/resources/AndroidManifest.xml,decompiled/jadx/settings/resources/AndroidManifest.xml,com.android.settings,activity,com.android.settings.password.ConfirmDeviceCredentialActivity,true,,,,,,"android.app.action.CONFIRM_DEVICE_CREDENTIAL,android.app.action.CONFIRM_FRP_CREDENTIAL",False
decompiled/jadx/settings/resources/AndroidManifest.xml,decompiled/jadx/settings/resources/AndroidManifest.xml,com.android.settings,activity-alias,.ConfirmDeviceCredentialActivity,true,,,,,,,False
decompiled/jadx/settings/resources/AndroidManifest.xml,decompiled/jadx/settings/resources/AndroidManifest.xml,com.android.settings,activity,com.android.settings.password.ConfirmDeviceCredentialActivity.InternalActivity,false,android.permission.MANAGE_USERS,,,,,android.app.action.CONFIRM_DEVICE_CREDENTIAL_WITH_USER,False
decompiled/jadx/settings/resources/AndroidManifest.xml,decompiled/jadx/settings/resources/AndroidManifest.xml,com.android.settings,activity,com.android.settings.SetupRedactionInterstitial,true,,,,,,android.intent.action.MAIN,True
decompiled/jadx/settings/resources/AndroidManifest.xml,decompiled/jadx/settings/resources/AndroidManifest.xml,com.android.settings,activity,com.android.settings.notification.RedactionInterstitial,,,,,,,,False
decompiled/jadx/settings/resources/AndroidManifest.xml,decompiled/jadx/settings/resources/AndroidManifest.xml,com.android.settings,activity,com.android.settings.notification.RedactionSettingsStandalone,true,,,,,,android.settings.ACTION_APP_NOTIFICATION_REDACTION,False
decompiled/jadx/settings/resources/AndroidManifest.xml,decompiled/jadx/settings/resources/AndroidManifest.xml,com.android.settings,activity,com.android.settings.password.ConfirmLockPattern,,,,,,,,False
decompiled/jadx/settings/resources/AndroidManifest.xml,decompiled/jadx/settings/resources/AndroidManifest.xml,com.android.settings,activity,com.android.settings.password.ConfirmLockPassword,,,,,,,,False
decompiled/jadx/settings/resources/AndroidManifest.xml,decompiled/jadx/settings/resources/AndroidManifest.xml,com.android.settings,activity,com.android.settings.fingerprint.FingerprintSettings,false,,,,,,,False
decompiled/jadx/settings/resources/AndroidManifest.xml,decompiled/jadx/settings/resources/AndroidManifest.xml,com.android.settings,activity,com.android.settings.fingerprint.FingerprintEnrollFindSensor,false,,,,,,,False
decompiled/jadx/settings/resources/AndroidManifest.xml,decompiled/jadx/settings/resources/AndroidManifest.xml,com.android.settings,activity,com.android.settings.fingerprint.FingerprintEnrollEnrolling,false,,,,,,,False
decompiled/jadx/settings/resources/AndroidManifest.xml,decompiled/jadx/settings/resources/AndroidManifest.xml,com.android.settings,activity,com.android.settings.fingerprint.FingerprintEnrollFinish,false,,,,,,,False
decompiled/jadx/settings/resources/AndroidManifest.xml,decompiled/jadx/settings/resources/AndroidManifest.xml,com.android.settings,activity,com.android.settings.fingerprint.FingerprintEnrollIntroduction,true,,,,,,android.settings.FINGERPRINT_ENROLL,False
decompiled/jadx/settings/resources/AndroidManifest.xml,decompiled/jadx/settings/resources/AndroidManifest.xml,com.android.settings,activity,com.android.settings.fingerprint.SetupFingerprintEnrollFindSensor,false,,,,,,,False
decompiled/jadx/settings/resources/AndroidManifest.xml,decompiled/jadx/settings/resources/AndroidManifest.xml,com.android.settings,activity,com.android.settings.fingerprint.SetupFingerprintEnrollEnrolling,false,,,,,,,False
decompiled/jadx/settings/resources/AndroidManifest.xml,decompiled/jadx/settings/resources/AndroidManifest.xml,com.android.settings,activity,com.android.settings.fingerprint.SetupFingerprintEnrollFinish,false,,,,,,,False
decompiled/jadx/settings/resources/AndroidManifest.xml,decompiled/jadx/settings/resources/AndroidManifest.xml,com.android.settings,activity,com.android.settings.fingerprint.SetupFingerprintEnrollIntroduction,true,android.permission.MANAGE_FINGERPRINT,,,,,android.settings.FINGERPRINT_SETUP,False
decompiled/jadx/settings/resources/AndroidManifest.xml,decompiled/jadx/settings/resources/AndroidManifest.xml,com.android.settings,activity,com.android.settings.fingerprint.FingerprintSuggestionActivity,true,android.permission.MANAGE_FINGERPRINT,,,,,"android.intent.action.MAIN,android.intent.action.MAIN",True
decompiled/jadx/settings/resources/AndroidManifest.xml,decompiled/jadx/settings/resources/AndroidManifest.xml,com.android.settings,activity,com.android.settings.password.ConfirmLockPattern.InternalActivity,false,,,,,,,False
decompiled/jadx/settings/resources/AndroidManifest.xml,decompiled/jadx/settings/resources/AndroidManifest.xml,com.android.settings,activity,com.android.settings.password.ConfirmLockPassword.InternalActivity,false,,,,,,,False
decompiled/jadx/settings/resources/AndroidManifest.xml,decompiled/jadx/settings/resources/AndroidManifest.xml,com.android.settings,activity,com.android.settings.password.ChooseLockGeneric,false,,,,,,,False
decompiled/jadx/settings/resources/AndroidManifest.xml,decompiled/jadx/settings/resources/AndroidManifest.xml,com.android.settings,activity,com.android.settings.Settings.ScreenPinningSettingsActivity,true,,,,,,,False
decompiled/jadx/settings/resources/AndroidManifest.xml,decompiled/jadx/settings/resources/AndroidManifest.xml,com.android.settings,activity,com.android.settings.password.ScreenLockSuggestionActivity,,,,,,,android.intent.action.MAIN,True
decompiled/jadx/settings/resources/AndroidManifest.xml,decompiled/jadx/settings/resources/AndroidManifest.xml,com.android.settings,activity,com.android.settings.fingerprint.FingerprintEnrollSuggestionActivity,,,,,,,android.intent.action.MAIN,True
decompiled/jadx/settings/resources/AndroidManifest.xml,decompiled/jadx/settings/resources/AndroidManifest.xml,com.android.settings,activity,com.android.settings.password.ChooseLockGeneric.InternalActivity,false,,,,,,,False
decompiled/jadx/settings/resources/AndroidManifest.xml,decompiled/jadx/settings/resources/AndroidManifest.xml,com.android.settings,activity,com.android.settings.password.SetupChooseLockPattern,false,,,,,,,False
decompiled/jadx/settings/resources/AndroidManifest.xml,decompiled/jadx/settings/resources/AndroidManifest.xml,com.android.settings,activity,com.android.settings.password.ChooseLockPattern,false,,,,,,,False
decompiled/jadx/settings/resources/AndroidManifest.xml,decompiled/jadx/settings/resources/AndroidManifest.xml,com.android.settings,activity,com.android.settings.password.SetupChooseLockPassword,false,,,,,,,False
decompiled/jadx/settings/resources/AndroidManifest.xml,decompiled/jadx/settings/resources/AndroidManifest.xml,com.android.settings,activity,com.android.settings.password.ChooseLockPassword,false,,,,,,,False
decompiled/jadx/settings/resources/AndroidManifest.xml,decompiled/jadx/settings/resources/AndroidManifest.xml,com.android.settings,activity,com.android.settings.SetupEncryptionInterstitial,,,,,,,,False
decompiled/jadx/settings/resources/AndroidManifest.xml,decompiled/jadx/settings/resources/AndroidManifest.xml,com.android.settings,activity,com.android.settings.EncryptionInterstitial,,,,,,,,False
decompiled/jadx/settings/resources/AndroidManifest.xml,decompiled/jadx/settings/resources/AndroidManifest.xml,com.android.settings,activity,Settings$PrivateVolumeSettingsActivity,,,,,,,,False
decompiled/jadx/settings/resources/AndroidManifest.xml,decompiled/jadx/settings/resources/AndroidManifest.xml,com.android.settings,activity,Settings$PublicVolumeSettingsActivity,,,,,,,android.provider.action.DOCUMENT_ROOT_SETTINGS,False
decompiled/jadx/settings/resources/AndroidManifest.xml,decompiled/jadx/settings/resources/AndroidManifest.xml,com.android.settings,activity,Settings$PrivateVolumeForgetActivity,true,android.permission.MOUNT_UNMOUNT_FILESYSTEMS,,,,,,False
decompiled/jadx/settings/resources/AndroidManifest.xml,decompiled/jadx/settings/resources/AndroidManifest.xml,com.android.settings,activity,com.android.settings.deviceinfo.StorageWizardInit,true,android.permission.MOUNT_UNMOUNT_FILESYSTEMS,,,,,,False
decompiled/jadx/settings/resources/AndroidManifest.xml,decompiled/jadx/settings/resources/AndroidManifest.xml,com.android.settings,activity,com.android.settings.deviceinfo.StorageWizardFormatProgress,false,,,,,,,False
decompiled/jadx/settings/resources/AndroidManifest.xml,decompiled/jadx/settings/resources/AndroidManifest.xml,com.android.settings,activity,com.android.settings.deviceinfo.StorageWizardFormatSlow,false,,,,,,,False
decompiled/jadx/settings/resources/AndroidManifest.xml,decompiled/jadx/settings/resources/AndroidManifest.xml,com.android.settings,activity,com.android.settings.deviceinfo.StorageWizardMigrateConfirm,false,,,,,,,False
decompiled/jadx/settings/resources/AndroidManifest.xml,decompiled/jadx/settings/resources/AndroidManifest.xml,com.android.settings,activity,com.android.settings.deviceinfo.StorageWizardMigrateProgress,true,android.permission.MOUNT_UNMOUNT_FILESYSTEMS,,,,,,False
decompiled/jadx/settings/resources/AndroidManifest.xml,decompiled/jadx/settings/resources/AndroidManifest.xml,com.android.settings,activity,com.android.settings.deviceinfo.StorageWizardReady,true,android.permission.MOUNT_UNMOUNT_FILESYSTEMS,,,,,,False
decompiled/jadx/settings/resources/AndroidManifest.xml,decompiled/jadx/settings/resources/AndroidManifest.xml,com.android.settings,activity,com.android.settings.deviceinfo.StorageWizardMoveConfirm,false,,,,,,,False
decompiled/jadx/settings/resources/AndroidManifest.xml,decompiled/jadx/settings/resources/AndroidManifest.xml,com.android.settings,activity,com.android.settings.deviceinfo.StorageWizardMoveProgress,true,android.permission.MOUNT_UNMOUNT_FILESYSTEMS,,,,,,False
decompiled/jadx/settings/resources/AndroidManifest.xml,decompiled/jadx/settings/resources/AndroidManifest.xml,com.android.settings,receiver,com.android.settings.deviceinfo.StorageUnmountReceiver,true,android.permission.MOUNT_UNMOUNT_FILESYSTEMS,,,,,,False
decompiled/jadx/settings/resources/AndroidManifest.xml,decompiled/jadx/settings/resources/AndroidManifest.xml,com.android.settings,activity,Settings$ApnEditorActivity,,,,,,,"android.intent.action.VIEW,android.intent.action.EDIT,android.intent.action.INSERT",False
decompiled/jadx/settings/resources/AndroidManifest.xml,decompiled/jadx/settings/resources/AndroidManifest.xml,com.android.settings,activity,Settings$DevelopmentSettingsDashboardActivity,true,,,,,,"android.intent.action.VIEW,android.settings.APPLICATION_DEVELOPMENT_SETTINGS,com.android.settings.APPLICATION_DEVELOPMENT_SETTINGS",False
decompiled/jadx/settings/resources/AndroidManifest.xml,decompiled/jadx/settings/resources/AndroidManifest.xml,com.android.settings,activity,com.android.settings.development.DevelopmentSettingsDisabledActivity,,,,,,,"android.settings.APPLICATION_DEVELOPMENT_SETTINGS,com.android.settings.APPLICATION_DEVELOPMENT_SETTINGS",False
decompiled/jadx/settings/resources/AndroidManifest.xml,decompiled/jadx/settings/resources/AndroidManifest.xml,com.android.settings,activity,Settings$PrintSettingsActivity,,,,,,,"android.settings.ACTION_PRINT_SETTINGS,android.intent.action.MAIN",True
decompiled/jadx/settings/resources/AndroidManifest.xml,decompiled/jadx/settings/resources/AndroidManifest.xml,com.android.settings,activity,Settings$PrintJobSettingsActivity,,,,,,,android.settings.ACTION_PRINT_SETTINGS,False
decompiled/jadx/settings/resources/AndroidManifest.xml,decompiled/jadx/settings/resources/AndroidManifest.xml,com.android.settings,activity,com.android.settings.development.AppPicker,,,,,,,,False
decompiled/jadx/settings/resources/AndroidManifest.xml,decompiled/jadx/settings/resources/AndroidManifest.xml,com.android.settings,activity,Settings$WebViewAppPickerActivity,,,,,,,,False
decompiled/jadx/settings/resources/AndroidManifest.xml,decompiled/jadx/settings/resources/AndroidManifest.xml,com.android.settings,activity,com.android.settings.bluetooth.BluetoothPairingDialog,,,,,,,android.bluetooth.device.action.PAIRING_REQUEST,False
decompiled/jadx/settings/resources/AndroidManifest.xml,decompiled/jadx/settings/resources/AndroidManifest.xml,com.android.settings,activity,com.android.settings.bluetooth.RequestPermissionActivity,,android.permission.BLUETOOTH,,,,,"android.bluetooth.adapter.action.REQUEST_DISCOVERABLE,android.bluetooth.adapter.action.REQUEST_ENABLE,android.bluetooth.adapter.action.REQUEST_DISABLE",False
decompiled/jadx/settings/resources/AndroidManifest.xml,decompiled/jadx/settings/resources/AndroidManifest.xml,com.android.settings,activity,com.android.settings.wifi.WifiScanModeActivity,,,,,,,android.net.wifi.action.REQUEST_SCAN_ALWAYS_AVAILABLE,False
decompiled/jadx/settings/resources/AndroidManifest.xml,decompiled/jadx/settings/resources/AndroidManifest.xml,com.android.settings,activity,.connecteddevice.usb.UsbModeChooserActivity,true,android.permission.MANAGE_USB,,,,,,False
decompiled/jadx/settings/resources/AndroidManifest.xml,decompiled/jadx/settings/resources/AndroidManifest.xml,com.android.settings,activity,com.android.settings.Settings.UsbDetailsActivity,true,android.permission.MANAGE_USB,,,,,,False
decompiled/jadx/settings/resources/AndroidManifest.xml,decompiled/jadx/settings/resources/AndroidManifest.xml,com.android.settings,activity,com.android.settings.RemoteBugreportActivity,true,android.permission.DUMP,,,,,android.settings.SHOW_REMOTE_BUGREPORT_DIALOG,False
decompiled/jadx/settings/resources/AndroidManifest.xml,decompiled/jadx/settings/resources/AndroidManifest.xml,com.android.settings,activity,com.android.settings.bluetooth.RequestPermissionHelperActivity,,android.permission.BLUETOOTH,,,,,,False
decompiled/jadx/settings/resources/AndroidManifest.xml,decompiled/jadx/settings/resources/AndroidManifest.xml,com.android.settings,service,com.android.settings.bluetooth.BluetoothPairingService,,,,,,,,False
decompiled/jadx/settings/resources/AndroidManifest.xml,decompiled/jadx/settings/resources/AndroidManifest.xml,com.android.settings,receiver,com.android.settings.bluetooth.BluetoothPairingRequest,,,,,,,android.bluetooth.device.action.PAIRING_REQUEST,False
decompiled/jadx/settings/resources/AndroidManifest.xml,decompiled/jadx/settings/resources/AndroidManifest.xml,com.android.settings,receiver,com.android.settings.bluetooth.BluetoothPermissionRequest,,android.permission.BLUETOOTH_ADMIN,,,,,"android.bluetooth.device.action.CONNECTION_ACCESS_REQUEST,android.bluetooth.device.action.CONNECTION_ACCESS_CANCEL",False
decompiled/jadx/settings/resources/AndroidManifest.xml,decompiled/jadx/settings/resources/AndroidManifest.xml,com.android.settings,activity,com.android.settings.bluetooth.BluetoothPermissionActivity,,android.permission.BLUETOOTH_ADMIN,,,,,"android.bluetooth.device.action.CONNECTION_ACCESS_REQUEST,android.bluetooth.device.action.CONNECTION_ACCESS_CANCEL",False
decompiled/jadx/settings/resources/AndroidManifest.xml,decompiled/jadx/settings/resources/AndroidManifest.xml,com.android.settings,activity,ActivityPicker,,,,,,,android.intent.action.PICK_ACTIVITY,False
decompiled/jadx/settings/resources/AndroidManifest.xml,decompiled/jadx/settings/resources/AndroidManifest.xml,com.android.settings,activity,Settings$AndroidBeamSettingsActivity,,,,,,,"android.settings.NFCSHARING_SETTINGS,android.intent.action.MAIN",True
decompiled/jadx/settings/resources/AndroidManifest.xml,decompiled/jadx/settings/resources/AndroidManifest.xml,com.android.settings,activity,RadioInfo,,,,,,com.android.phone,android.intent.action.MAIN,True
decompiled/jadx/settings/resources/AndroidManifest.xml,decompiled/jadx/settings/resources/AndroidManifest.xml,com.android.settings,activity,BandMode,,,,,,com.android.phone,android.intent.action.MAIN,True
decompiled/jadx/settings/resources/AndroidManifest.xml,decompiled/jadx/settings/resources/AndroidManifest.xml,com.android.settings,activity,Settings$TestingSettingsActivity,,,,,,,android.intent.action.MAIN,True
decompiled/jadx/settings/resources/AndroidManifest.xml,decompiled/jadx/settings/resources/AndroidManifest.xml,com.android.settings,receiver,com.android.settings.TestingSettingsBroadcastReceiver,,,,,,,android.provider.Telephony.SECRET_CODE,False
decompiled/jadx/settings/resources/AndroidManifest.xml,decompiled/jadx/settings/resources/AndroidManifest.xml,com.android.settings,activity,AppWidgetPickActivity,,,,,,,android.appwidget.action.APPWIDGET_PICK,False
decompiled/jadx/settings/resources/AndroidManifest.xml,decompiled/jadx/settings/resources/AndroidManifest.xml,com.android.settings,activity,AllowBindAppWidgetActivity,,,,,,,android.appwidget.action.APPWIDGET_BIND,False
decompiled/jadx/settings/resources/AndroidManifest.xml,decompiled/jadx/settings/resources/AndroidManifest.xml,com.android.settings,activity,UsageStatsActivity,,,,,,,android.intent.action.MAIN,True
decompiled/jadx/settings/resources/AndroidManifest.xml,decompiled/jadx/settings/resources/AndroidManifest.xml,com.android.settings,activity,Settings$PowerUsageSummaryActivity,,,,,,,"android.intent.action.POWER_USAGE_SUMMARY,android.intent.action.MAIN,com.android.settings.action.SETTINGS",True
decompiled/jadx/settings/resources/AndroidManifest.xml,decompiled/jadx/settings/resources/AndroidManifest.xml,com.android.settings,activity,Settings$BatterySaverSettingsActivity,,,,,,,android.settings.BATTERY_SAVER_SETTINGS,False
decompiled/jadx/settings/resources/AndroidManifest.xml,decompiled/jadx/settings/resources/AndroidManifest.xml,com.android.settings,activity,com.android.settings.fuelgauge.BatterySaverModeVoiceActivity,true,,,,,,android.settings.VOICE_CONTROL_BATTERY_SAVER_MODE,False
decompiled/jadx/settings/resources/AndroidManifest.xml,decompiled/jadx/settings/resources/AndroidManifest.xml,com.android.settings,activity,Settings$PowerUsageAdvancedActivity,,,,,,,android.intent.action.POWER_USAGE_ADVANCED,False
decompiled/jadx/settings/resources/AndroidManifest.xml,decompiled/jadx/settings/resources/AndroidManifest.xml,com.android.settings,activity,Settings$AccountSyncSettingsActivity,,,,,,,"android.settings.ACCOUNT_SYNC_SETTINGS,android.intent.action.MAIN",True
decompiled/jadx/settings/resources/AndroidManifest.xml,decompiled/jadx/settings/resources/AndroidManifest.xml,com.android.settings,activity,Settings$ManagedProfileSettingsActivity,,android.permission.MANAGE_USERS,,,,,android.settings.MANAGED_PROFILE_SETTINGS,False
decompiled/jadx/settings/resources/AndroidManifest.xml,decompiled/jadx/settings/resources/AndroidManifest.xml,com.android.settings,activity,com.android.settings.accounts.AddAccountSettings,,,,,,,"android.settings.ADD_ACCOUNT_SETTINGS,android.intent.action.MAIN",True
decompiled/jadx/settings/resources/AndroidManifest.xml,decompiled/jadx/settings/resources/AndroidManifest.xml,com.android.settings,activity,Settings$ChooseAccountActivity,,,,,,,,False
decompiled/jadx/settings/resources/AndroidManifest.xml,decompiled/jadx/settings/resources/AndroidManifest.xml,com.android.settings,activity,Settings$CryptKeeperConfirmSettingsActivity,,,,,,,"android.intent.action.MAIN,android.app.action.CONFIRM_START_ENCREPTION",True
decompiled/jadx/settings/resources/AndroidManifest.xml,decompiled/jadx/settings/resources/AndroidManifest.xml,com.android.settings,activity,com.amazon.settings.enterprise.CryptKeeper,,amazon.permission.START_ENCRYPTION,,,,,android.intent.action.MAIN,True
decompiled/jadx/settings/resources/AndroidManifest.xml,decompiled/jadx/settings/resources/AndroidManifest.xml,com.android.settings,activity,com.amazon.settings.enterprise.CryptKeeper$FadeToBlack,,,,,,,,False
decompiled/jadx/settings/resources/AndroidManifest.xml,decompiled/jadx/settings/resources/AndroidManifest.xml,com.android.settings,activity,com.amazon.settings.enterprise.CryptKeeperConfirm.Blank,,,,,,,,False
decompiled/jadx/settings/resources/AndroidManifest.xml,decompiled/jadx/settings/resources/AndroidManifest.xml,com.android.settings,activity,com.android.settings.FallbackHome,,,,,,,android.intent.action.MAIN,True
decompiled/jadx/settings/resources/AndroidManifest.xml,decompiled/jadx/settings/resources/AndroidManifest.xml,com.android.settings,activity,Settings$CryptKeeperSettingsActivity,,,,,,,"android.app.action.START_ENCRYPTION,android.intent.action.MAIN",True
decompiled/jadx/settings/resources/AndroidManifest.xml,decompiled/jadx/settings/resources/AndroidManifest.xml,com.android.settings,activity,Settings$DataUsageSummaryActivity,,,,,,,"android.settings.DATA_USAGE_SETTINGS,com.android.settings.action.SETTINGS",False
decompiled/jadx/settings/resources/AndroidManifest.xml,decompiled/jadx/settings/resources/AndroidManifest.xml,com.android.settings,activity,Settings$DataUsageSummaryLegacyActivity,,,,,,,"android.settings.DATA_USAGE_SETTINGS,android.intent.action.MAIN,com.android.settings.action.SETTINGS",True
decompiled/jadx/settings/resources/AndroidManifest.xml,decompiled/jadx/settings/resources/AndroidManifest.xml,com.android.settings,activity,Settings$MobileDataUsageListActivity,,,,,,,android.settings.MOBILE_DATA_USAGE,False
decompiled/jadx/settings/resources/AndroidManifest.xml,decompiled/jadx/settings/resources/AndroidManifest.xml,com.android.settings,activity,Settings$DreamSettingsActivity,,,,,,,"android.settings.DREAM_SETTINGS,android.intent.action.MAIN",True
decompiled/jadx/settings/resources/AndroidManifest.xml,decompiled/jadx/settings/resources/AndroidManifest.xml,com.android.settings,activity,Settings$UserSettingsActivity,,,,,,,"android.settings.USER_SETTINGS,android.intent.action.MAIN,com.android.settings.action.SETTINGS",True
decompiled/jadx/settings/resources/AndroidManifest.xml,decompiled/jadx/settings/resources/AndroidManifest.xml,com.android.settings,activity,Settings$PaymentSettingsActivity,,,,,,,"android.settings.NFC_PAYMENT_SETTINGS,android.intent.action.MAIN",True
decompiled/jadx/settings/resources/AndroidManifest.xml,decompiled/jadx/settings/resources/AndroidManifest.xml,com.android.settings,activity,com.android.settings.nfc.PaymentDefaultDialog,,,,,,,android.nfc.cardemulation.action.ACTION_CHANGE_DEFAULT,False
decompiled/jadx/settings/resources/AndroidManifest.xml,decompiled/jadx/settings/resources/AndroidManifest.xml,com.android.settings,activity,com.android.settings.nfc.HowItWorks,,,,,,,,False
decompiled/jadx/settings/resources/AndroidManifest.xml,decompiled/jadx/settings/resources/AndroidManifest.xml,com.android.settings,activity,com.android.settings.SmsDefaultDialog,,,,,,,android.provider.Telephony.ACTION_CHANGE_DEFAULT,False
decompiled/jadx/settings/resources/AndroidManifest.xml,decompiled/jadx/settings/resources/AndroidManifest.xml,com.android.settings,activity,Settings$NotificationAccessSettingsActivity,,,,,,,"android.settings.ACTION_NOTIFICATION_LISTENER_SETTINGS,android.intent.action.MAIN",True
decompiled/jadx/settings/resources/AndroidManifest.xml,decompiled/jadx/settings/resources/AndroidManifest.xml,com.android.settings,activity,Settings$VrListenersSettingsActivity,,,,,,,"android.settings.VR_LISTENER_SETTINGS,android.intent.action.MAIN",True
decompiled/jadx/settings/resources/AndroidManifest.xml,decompiled/jadx/settings/resources/AndroidManifest.xml,com.android.settings,activity,Settings$PictureInPictureSettingsActivity,,,,,,,"android.settings.PICTURE_IN_PICTURE_SETTINGS,android.intent.action.MAIN",True
decompiled/jadx/settings/resources/AndroidManifest.xml,decompiled/jadx/settings/resources/AndroidManifest.xml,com.android.settings,activity,Settings$AppPictureInPictureSettingsActivity,,,,,,,android.settings.PICTURE_IN_PICTURE_SETTINGS,False
decompiled/jadx/settings/resources/AndroidManifest.xml,decompiled/jadx/settings/resources/AndroidManifest.xml,com.android.settings,activity,Settings$ZenAccessSettingsActivity,,,,,,,"android.settings.NOTIFICATION_POLICY_ACCESS_SETTINGS,android.intent.action.MAIN",True
decompiled/jadx/settings/resources/AndroidManifest.xml,decompiled/jadx/settings/resources/AndroidManifest.xml,com.android.settings,activity,Settings$ConfigureNotificationSettingsActivity,true,,,,,,"android.settings.NOTIFICATION_SETTINGS,android.intent.action.MAIN,com.android.settings.action.SETTINGS",True
decompiled/jadx/settings/resources/AndroidManifest.xml,decompiled/jadx/settings/resources/AndroidManifest.xml,com.android.settings,activity,Settings$SoundSettingsActivity,true,,,,,,"com.android.settings.SOUND_SETTINGS,android.settings.SOUND_SETTINGS,android.settings.ACTION_OTHER_SOUND_SETTINGS,android.intent.action.MAIN,com.android.settings.action.SETTINGS",True
decompiled/jadx/settings/resources/AndroidManifest.xml,decompiled/jadx/settings/resources/AndroidManifest.xml,com.android.settings,activity,Settings$NotificationAppListActivity,true,,,,,,"android.settings.ALL_APPS_NOTIFICATION_SETTINGS,com.android.settings.action.SETTINGS",False
decompiled/jadx/settings/resources/AndroidManifest.xml,decompiled/jadx/settings/resources/AndroidManifest.xml,com.android.settings,activity,Settings$AppNotificationSettingsActivity,true,,,,,,"android.settings.APP_NOTIFICATION_SETTINGS,android.intent.action.MAIN",True
decompiled/jadx/settings/resources/AndroidManifest.xml,decompiled/jadx/settings/resources/AndroidManifest.xml,com.android.settings,activity,Settings$ChannelGroupNotificationSettingsActivity,true,,,,,,android.intent.action.MAIN,True
decompiled/jadx/settings/resources/AndroidManifest.xml,decompiled/jadx/settings/resources/AndroidManifest.xml,com.android.settings,activity,Settings$ChannelNotificationSettingsActivity,true,,,,,,"android.settings.CHANNEL_NOTIFICATION_SETTINGS,android.intent.action.MAIN",True
decompiled/jadx/settings/resources/AndroidManifest.xml,decompiled/jadx/settings/resources/AndroidManifest.xml,com.android.settings,activity,ManualDisplayActivity,,,,,,,android.settings.SHOW_MANUAL,False
decompiled/jadx/settings/resources/AndroidManifest.xml,decompiled/jadx/settings/resources/AndroidManifest.xml,com.android.settings,activity,RegulatoryInfoDisplayActivity,,,,,,,android.settings.SHOW_REGULATORY_INFO,False
decompiled/jadx/settings/resources/AndroidManifest.xml,decompiled/jadx/settings/resources/AndroidManifest.xml,com.android.settings,activity,com.android.settings.notification.NotificationAccessConfirmationActivity,,,,,,,,False
decompiled/jadx/settings/resources/AndroidManifest.xml,decompiled/jadx/settings/resources/AndroidManifest.xml,com.android.settings,receiver,com.android.settings.widget.SettingsAppWidgetProvider,false,,,,,,"android.appwidget.action.APPWIDGET_UPDATE,android.appwidget.action.APPWIDGET_ENABLED,android.appwidget.action.APPWIDGET_DISABLED,android.net.wifi.WIFI_STATE_CHANGED,android.net.conn.BACKGROUND_DATA_SETTING_CHANGED,android.bluetooth.adapter.action.STATE_CHANGED,android.location.MODE_CHANGED,com.android.sync.SYNC_CONN_STATUS_CHANGED",False
decompiled/jadx/settings/resources/AndroidManifest.xml,decompiled/jadx/settings/resources/AndroidManifest.xml,com.android.settings,receiver,com.android.settingslib.bluetooth.BluetoothDiscoverableTimeoutReceiver,,,,,,,android.bluetooth.intent.DISCOVERABLE_TIMEOUT,False
decompiled/jadx/settings/resources/AndroidManifest.xml,decompiled/jadx/settings/resources/AndroidManifest.xml,com.android.settings,receiver,com.android.settings.users.ProfileUpdateReceiver,,,,,,,android.provider.Contacts.PROFILE_CHANGED,False
decompiled/jadx/settings/resources/AndroidManifest.xml,decompiled/jadx/settings/resources/AndroidManifest.xml,com.android.settings,receiver,com.android.settings.sim.SimSelectNotification,,,,,,,android.intent.action.SIM_STATE_CHANGED,False
decompiled/jadx/settings/resources/AndroidManifest.xml,decompiled/jadx/settings/resources/AndroidManifest.xml,com.android.settings,provider,android.support.v4.content.FileProvider,false,,,,,,,False
decompiled/jadx/settings/resources/AndroidManifest.xml,decompiled/jadx/settings/resources/AndroidManifest.xml,com.android.settings,activity,Settings$SimSettingsActivity,,,,,,,"com.android.settings.sim.SIM_SUB_INFO_SETTINGS,android.intent.action.MAIN,com.android.settings.action.SETTINGS",True
decompiled/jadx/settings/resources/AndroidManifest.xml,decompiled/jadx/settings/resources/AndroidManifest.xml,com.android.settings,activity,com.android.settings.sim.SimPreferenceDialog,,,,,,,,False
decompiled/jadx/settings/resources/AndroidManifest.xml,decompiled/jadx/settings/resources/AndroidManifest.xml,com.android.settings,activity,com.android.settings.wifi.RequestToggleWiFiActivity,,android.permission.CHANGE_WIFI_STATE,,,,,"android.net.wifi.action.REQUEST_ENABLE,android.net.wifi.action.REQUEST_DISABLE",False
decompiled/jadx/settings/resources/AndroidManifest.xml,decompiled/jadx/settings/resources/AndroidManifest.xml,com.android.settings,activity,com.android.settings.wifi.WifiDialogActivity,true,android.permission.CHANGE_WIFI_STATE,,,,,com.android.settings.WIFI_DIALOG,False
decompiled/jadx/settings/resources/AndroidManifest.xml,decompiled/jadx/settings/resources/AndroidManifest.xml,com.android.settings,activity,com.android.settings.sim.SimDialogActivity,,,,,,,android.intent.action.MAIN,True
decompiled/jadx/settings/resources/AndroidManifest.xml,decompiled/jadx/settings/resources/AndroidManifest.xml,com.android.settings,activity,Settings$WifiCallingSettingsActivity,,,,,,,"android.intent.action.MAIN,android.settings.WIFI_CALLING_SETTINGS",True
decompiled/jadx/settings/resources/AndroidManifest.xml,decompiled/jadx/settings/resources/AndroidManifest.xml,com.android.settings,activity,com.android.settings.wifi.calling.WifiCallingSuggestionActivity,,,,,,,android.intent.action.MAIN,True
decompiled/jadx/settings/resources/AndroidManifest.xml,decompiled/jadx/settings/resources/AndroidManifest.xml,com.android.settings,provider,com.android.settings.search.SettingsSearchIndexablesProvider,true,android.permission.READ_SEARCH_INDEXABLES,,,,,android.content.action.SEARCH_INDEXABLES_PROVIDER,False
decompiled/jadx/settings/resources/AndroidManifest.xml,decompiled/jadx/settings/resources/AndroidManifest.xml,com.android.settings,provider,com.android.settings.dashboard.suggestions.SuggestionStateProvider,true,,,,,,com.android.settings.action.SUGGESTION_STATE_PROVIDER,False
decompiled/jadx/settings/resources/AndroidManifest.xml,decompiled/jadx/settings/resources/AndroidManifest.xml,com.android.settings,activity,Settings$OverlaySettingsActivity,,,,,,,android.settings.action.MANAGE_OVERLAY_PERMISSION,False
decompiled/jadx/settings/resources/AndroidManifest.xml,decompiled/jadx/settings/resources/AndroidManifest.xml,com.android.settings,activity,Settings$AppDrawOverlaySettingsActivity,,,,,,,android.settings.action.MANAGE_OVERLAY_PERMISSION,False
decompiled/jadx/settings/resources/AndroidManifest.xml,decompiled/jadx/settings/resources/AndroidManifest.xml,com.android.settings,activity,Settings$WriteSettingsActivity,,,,,,,android.settings.action.MANAGE_WRITE_SETTINGS,False
decompiled/jadx/settings/resources/AndroidManifest.xml,decompiled/jadx/settings/resources/AndroidManifest.xml,com.android.settings,activity,Settings$AppWriteSettingsActivity,,,,,,,android.settings.action.MANAGE_WRITE_SETTINGS,False
decompiled/jadx/settings/resources/AndroidManifest.xml,decompiled/jadx/settings/resources/AndroidManifest.xml,com.android.settings,activity,Settings$ManageExternalSourcesActivity,,,,,,,android.settings.MANAGE_UNKNOWN_APP_SOURCES,False
decompiled/jadx/settings/resources/AndroidManifest.xml,decompiled/jadx/settings/resources/AndroidManifest.xml,com.android.settings,activity,Settings$ManageAppExternalSourcesActivity,,,,,,,android.settings.MANAGE_UNKNOWN_APP_SOURCES,False
decompiled/jadx/settings/resources/AndroidManifest.xml,decompiled/jadx/settings/resources/AndroidManifest.xml,com.android.settings,activity,com.android.settings.enterprise.ActionDisabledByAdminDialog,,,,,,,android.settings.SHOW_ADMIN_SUPPORT_DETAILS,False
decompiled/jadx/settings/resources/AndroidManifest.xml,decompiled/jadx/settings/resources/AndroidManifest.xml,com.android.settings,activity,Settings$AdvancedAppsActivity,true,,,,,,"android.settings.MANAGE_DEFAULT_APPS_SETTINGS,android.settings.HOME_SETTINGS,com.android.settings.action.SETTINGS",True
decompiled/jadx/settings/resources/AndroidManifest.xml,decompiled/jadx/settings/resources/AndroidManifest.xml,com.android.settings,activity-alias,.WebViewImplementation,true,,,,,,android.settings.WEBVIEW_SETTINGS,False
decompiled/jadx/settings/resources/AndroidManifest.xml,decompiled/jadx/settings/resources/AndroidManifest.xml,com.android.settings,activity,com.android.settings.backup.BackupSettingsActivity,,,,,,,"android.settings.PRIVACY_SETTINGS,android.settings.BACKUP_AND_RESET_SETTINGS,android.intent.action.MAIN",True
decompiled/jadx/settings/resources/AndroidManifest.xml,decompiled/jadx/settings/resources/AndroidManifest.xml,com.android.settings,activity,Settings$AutomaticStorageManagerSettingsActivity,@bool/config_storage_manager_settings_enabled,,,,,,android.settings.STORAGE_MANAGER_SETTINGS,False
decompiled/jadx/settings/resources/AndroidManifest.xml,decompiled/jadx/settings/resources/AndroidManifest.xml,com.android.settings,activity,com.android.settings.Settings.AppAndNotificationDashboardActivity,,,,,,,com.android.settings.action.SETTINGS,False
decompiled/jadx/settings/resources/AndroidManifest.xml,decompiled/jadx/settings/resources/AndroidManifest.xml,com.android.settings,activity,com.android.settings.support.SupportDashboardActivity,,,,,,,"com.android.settings.action.SETTINGS,com.android.settings.action.SUPPORT_SETTINGS",False
decompiled/jadx/settings/resources/AndroidManifest.xml,decompiled/jadx/settings/resources/AndroidManifest.xml,com.android.settings,service,com.android.settings.SettingsDumpService,true,android.permission.DUMP,,,,,,False
decompiled/jadx/settings/resources/AndroidManifest.xml,decompiled/jadx/settings/resources/AndroidManifest.xml,com.android.settings,service,com.android.settings.search.DeviceIndexUpdateJobService,,android.permission.BIND_JOB_SERVICE,,,,,,False
decompiled/jadx/settings/resources/AndroidManifest.xml,decompiled/jadx/settings/resources/AndroidManifest.xml,com.android.settings,service,com.android.settings.development.qstile.DevelopmentTiles.ShowLayout,,android.permission.BIND_QUICK_SETTINGS_TILE,,,,,android.service.quicksettings.action.QS_TILE,False
decompiled/jadx/settings/resources/AndroidManifest.xml,decompiled/jadx/settings/resources/AndroidManifest.xml,com.android.settings,service,com.android.settings.development.qstile.DevelopmentTiles.GPUProfiling,,android.permission.BIND_QUICK_SETTINGS_TILE,,,,,android.service.quicksettings.action.QS_TILE,False
decompiled/jadx/settings/resources/AndroidManifest.xml,decompiled/jadx/settings/resources/AndroidManifest.xml,com.android.settings,service,com.android.settings.development.qstile.DevelopmentTiles.ForceRTL,,android.permission.BIND_QUICK_SETTINGS_TILE,,,,,android.service.quicksettings.action.QS_TILE,False
decompiled/jadx/settings/resources/AndroidManifest.xml,decompiled/jadx/settings/resources/AndroidManifest.xml,com.android.settings,service,com.android.settings.development.qstile.DevelopmentTiles.AnimationSpeed,,android.permission.BIND_QUICK_SETTINGS_TILE,,,,,android.service.quicksettings.action.QS_TILE,False
decompiled/jadx/settings/resources/AndroidManifest.xml,decompiled/jadx/settings/resources/AndroidManifest.xml,com.android.settings,service,com.android.settings.development.qstile.DevelopmentTiles.WinscopeTrace,,android.permission.BIND_QUICK_SETTINGS_TILE,,,,,android.service.quicksettings.action.QS_TILE,False
decompiled/jadx/settings/resources/AndroidManifest.xml,decompiled/jadx/settings/resources/AndroidManifest.xml,com.android.settings,activity,com.android.settings.HelpTrampoline,true,android.permission.DUMP,,,,,,False
decompiled/jadx/settings/resources/AndroidManifest.xml,decompiled/jadx/settings/resources/AndroidManifest.xml,com.android.settings,activity,com.android.settings.applications.autofill.AutofillPickerActivity,false,,,,,,,False
decompiled/jadx/settings/resources/AndroidManifest.xml,decompiled/jadx/settings/resources/AndroidManifest.xml,com.android.settings,activity,com.android.settings.applications.autofill.AutofillPickerTrampolineActivity,,,,,,,android.settings.REQUEST_SET_AUTOFILL_SERVICE,False
decompiled/jadx/settings/resources/AndroidManifest.xml,decompiled/jadx/settings/resources/AndroidManifest.xml,com.android.settings,activity,Settings$AdvancedConnectedDeviceActivity,,,,,,,com.android.settings.ADVANCED_CONNECTED_DEVICE_SETTINGS,False
decompiled/jadx/settings/resources/AndroidManifest.xml,decompiled/jadx/settings/resources/AndroidManifest.xml,com.android.settings,activity,Settings$DirectoryAccessSettingsActivity,,,,,,,android.settings.STORAGE_VOLUME_ACCESS_SETTINGS,False
decompiled/jadx/settings/resources/AndroidManifest.xml,decompiled/jadx/settings/resources/AndroidManifest.xml,com.android.settings,provider,com.android.settings.slices.SettingsSliceProvider,true,,,,,,android.intent.action.VIEW,False
decompiled/jadx/settings/resources/AndroidManifest.xml,decompiled/jadx/settings/resources/AndroidManifest.xml,com.android.settings,receiver,com.android.settings.slices.SliceBroadcastReceiver,false,,,,,,,False
decompiled/jadx/settings/resources/AndroidManifest.xml,decompiled/jadx/settings/resources/AndroidManifest.xml,com.android.settings,receiver,com.android.settings.slices.SliceRelayReceiver,true,android.permission.MANAGE_SLICE_PERMISSIONS,,,,,,False
decompiled/jadx/settings/resources/AndroidManifest.xml,decompiled/jadx/settings/resources/AndroidManifest.xml,com.android.settings,receiver,com.android.settings.fuelgauge.batterytip.AnomalyDetectionReceiver,false,,,,,,,False
decompiled/jadx/settings/resources/AndroidManifest.xml,decompiled/jadx/settings/resources/AndroidManifest.xml,com.android.settings,receiver,com.android.settings.fuelgauge.batterytip.AnomalyConfigReceiver,,,,,,,"android.app.action.STATSD_STARTED,android.intent.action.BOOT_COMPLETED",False
decompiled/jadx/settings/resources/AndroidManifest.xml,decompiled/jadx/settings/resources/AndroidManifest.xml,com.android.settings,service,com.android.settings.fuelgauge.batterytip.AnomalyCleanupJobService,,android.permission.BIND_JOB_SERVICE,,,,,,False
decompiled/jadx/settings/resources/AndroidManifest.xml,decompiled/jadx/settings/resources/AndroidManifest.xml,com.android.settings,service,com.android.settings.fuelgauge.batterytip.AnomalyConfigJobService,,android.permission.BIND_JOB_SERVICE,,,,,,False
decompiled/jadx/settings/resources/AndroidManifest.xml,decompiled/jadx/settings/resources/AndroidManifest.xml,com.android.settings,service,com.android.settings.fuelgauge.batterytip.AnomalyDetectionJobService,,android.permission.BIND_JOB_SERVICE,,,,,,False
decompiled/jadx/amazon-settings/resources/AndroidManifest.xml,decompiled/jadx/amazon-settings/resources/AndroidManifest.xml,com.amazon.settings,activity,com.amazon.settings.security.LockScreenToggleBlockedActivity,,,,,,,,False
decompiled/jadx/amazon-settings/resources/AndroidManifest.xml,decompiled/jadx/amazon-settings/resources/AndroidManifest.xml,com.amazon.settings,activity,com.amazon.settings.legal.LegalNoticesActivity,,,,,,,com.android.settings.action.IA_SETTINGS,False
decompiled/jadx/amazon-settings/resources/AndroidManifest.xml,decompiled/jadx/amazon-settings/resources/AndroidManifest.xml,com.amazon.settings,provider,com.amazon.settings.search.AmazonSettingsSearchIndexablesProvider,true,android.permission.READ_SEARCH_INDEXABLES,,,,,android.content.action.SEARCH_INDEXABLES_PROVIDER,False
decompiled/jadx/amazon-settings/resources/AndroidManifest.xml,decompiled/jadx/amazon-settings/resources/AndroidManifest.xml,com.amazon.settings,activity,com.amazon.settings.application.ApplicationSettingsActivity,,,,,,,,False
decompiled/jadx/amazon-settings/resources/AndroidManifest.xml,decompiled/jadx/amazon-settings/resources/AndroidManifest.xml,com.amazon.settings,activity,com.amazon.settings.accessibility.AccessibilitySettingsActivity,true,,,,,,"android.intent.action.MAIN,android.settings.ACCESSIBILITY_SETTINGS,com.android.settings.ACCESSIBILITY_COLOR_SPACE_SETTINGS,com.android.settings.action.IA_SETTINGS",True
decompiled/jadx/amazon-settings/resources/AndroidManifest.xml,decompiled/jadx/amazon-settings/resources/AndroidManifest.xml,com.amazon.settings,activity,com.amazon.settings.accessibility.AccessibilityDaltonizerSettingsActivity,,,,,,,android.intent.action.MAIN,True
decompiled/jadx/amazon-settings/resources/AndroidManifest.xml,decompiled/jadx/amazon-settings/resources/AndroidManifest.xml,com.amazon.settings,activity-alias,com.amazon.settings.accessibility.CaptioningSettingsActivity,,,,,,,"android.intent.action.MAIN,android.settings.CAPTIONING_SETTINGS",True
decompiled/jadx/amazon-settings/resources/AndroidManifest.xml,decompiled/jadx/amazon-settings/resources/AndroidManifest.xml,com.amazon.settings,activity,com.amazon.settings.accessibility.AccessibilityServiceSettingsActivity,false,,,,,,android.intent.action.MAIN,True
decompiled/jadx/amazon-settings/resources/AndroidManifest.xml,decompiled/jadx/amazon-settings/resources/AndroidManifest.xml,com.amazon.settings,receiver,com.amazon.settings.accessibility.ResetAccessibilitySettingsReceiver,,com.amazon.kor.demo.permission.DEMO_RESET,,,,,com.android.settings.RESET_ACCESSIBILITY_SETTINGS,False
decompiled/jadx/amazon-settings/resources/AndroidManifest.xml,decompiled/jadx/amazon-settings/resources/AndroidManifest.xml,com.amazon.settings,service,com.amazon.settings.arcus.ConfigurationSyncService,false,android.permission.BIND_JOB_SERVICE,,,,,com.amazon.settings.arcus.SYNC_CONFIG,False
decompiled/jadx/amazon-settings/resources/AndroidManifest.xml,decompiled/jadx/amazon-settings/resources/AndroidManifest.xml,com.amazon.settings,receiver,com.amazon.settings.security.ResetPasswordTokenBroadcastReceiver,false,,,,,,android.intent.action.BOOT_COMPLETED,False
decompiled/jadx/amazon-settings/resources/AndroidManifest.xml,decompiled/jadx/amazon-settings/resources/AndroidManifest.xml,com.amazon.settings,activity,com.amazon.settings.security.ResetPasswordTokenActivateActivity,,,,,,,,False
decompiled/jadx/amazon-settings/resources/AndroidManifest.xml,decompiled/jadx/amazon-settings/resources/AndroidManifest.xml,com.amazon.settings,receiver,com.amazon.settings.arcus.ConfigurationSyncReceiver,false,,,,,,"com.amazon.settings.arcus.ACTION_PERIODIC_SYNC,com.amazon.settings.arcus.ACTION_RETRY_SYNC,android.intent.action.BOOT_COMPLETED",False
decompiled/jadx/amazon-settings/resources/AndroidManifest.xml,decompiled/jadx/amazon-settings/resources/AndroidManifest.xml,com.amazon.settings,receiver,com.amazon.settings.arcus.ArcusAppConfigChangeReceiver,true,com.amazon.settings.AMAZONTABLETSETTINGS_PERMISSION,,,,,com.amazon.settings.action.arcus,False
decompiled/jadx/amazon-settings/resources/AndroidManifest.xml,decompiled/jadx/amazon-settings/resources/AndroidManifest.xml,com.amazon.settings,activity,com.amazon.settings.device.DeviceSettingsActivity,true,,,,,,"android.intent.action.MAIN,android.intent.action.POWER_USAGE_SUMMARY,android.settings.PRIVACY_SETTINGS,android.settings.BACKUP_AND_RESET_SETTINGS,com.android.settings.DEVICE_SETTINGS,android.settings.DEVICE_INFO_SETTINGS,com.android.settings.action.IA_SETTINGS",True
decompiled/jadx/amazon-settings/resources/AndroidManifest.xml,decompiled/jadx/amazon-settings/resources/AndroidManifest.xml,com.amazon.settings,activity,com.amazon.settings.device.UniversalSearchBarActivity,,,,,,,com.amazon.settings.UNIVERSAL_SEARCH_BAR_SETTINGS,False
decompiled/jadx/amazon-settings/resources/AndroidManifest.xml,decompiled/jadx/amazon-settings/resources/AndroidManifest.xml,com.amazon.settings,activity,com.amazon.settings.device.AboutDeviceActivity,,,,,,,com.amazon.settings.ABOUT_DEVICE,False
decompiled/jadx/amazon-settings/resources/AndroidManifest.xml,decompiled/jadx/amazon-settings/resources/AndroidManifest.xml,com.amazon.settings,activity,com.amazon.settings.security.AmazonSecurityActivity,true,,,,,,android.intent.action.MAIN,True
decompiled/jadx/amazon-settings/resources/AndroidManifest.xml,decompiled/jadx/amazon-settings/resources/AndroidManifest.xml,com.amazon.settings,activity,com.amazon.settings.deviceadmin.AuthenticatePCSettings,,,,,,,"android.intent.action.MAIN,android.settings.SECURITY_SETTINGS,com.android.settings.action.IA_SETTINGS",True
decompiled/jadx/amazon-settings/resources/AndroidManifest.xml,decompiled/jadx/amazon-settings/resources/AndroidManifest.xml,com.amazon.settings,activity,com.amazon.settings.deviceadmin.DeviceAdminAuthActivity,,,,,,,,False
decompiled/jadx/amazon-settings/resources/AndroidManifest.xml,decompiled/jadx/amazon-settings/resources/AndroidManifest.xml,com.amazon.settings,activity,com.amazon.settings.security.LockScreenActivity,,com.amazon.settings.AMAZONTABLETSETTINGS_PERMISSION,,,,,"android.intent.action.MAIN,com.android.settings.ACTION_LOCK_SCREEN,android.app.action.SET_NEW_PASSWORD,android.app.action.CHANGE_PASSWORD,com.android.settings.SETUP_LOCK_SCREEN",True
decompiled/jadx/amazon-settings/resources/AndroidManifest.xml,decompiled/jadx/amazon-settings/resources/AndroidManifest.xml,com.amazon.settings,activity,com.amazon.settings.security.CredentialStorageSettingsActivity,,,,,,,com.amazon.settings.CREDENTIAL_STORAGE,False
decompiled/jadx/amazon-settings/resources/AndroidManifest.xml,decompiled/jadx/amazon-settings/resources/AndroidManifest.xml,com.amazon.settings,activity,com.amazon.settings.security.GdprSecuritySettings,,,,,,,com.amazon.settings.GDPR_SETTING,False
decompiled/jadx/amazon-settings/resources/AndroidManifest.xml,decompiled/jadx/amazon-settings/resources/AndroidManifest.xml,com.amazon.settings,activity,com.amazon.settings.application.AmazonAppsSettingsActivity,true,com.amazon.settings.AMAZONTABLETSETTINGS_PERMISSION,,,,,"android.intent.action.MAIN,com.amazon.settings.AMAZON_APPS_SETTINGS",True
decompiled/jadx/amazon-settings/resources/AndroidManifest.xml,decompiled/jadx/amazon-settings/resources/AndroidManifest.xml,com.amazon.settings,activity,com.amazon.settings.application.GameModeSettingsActivity,true,,,,,,"android.intent.action.MAIN,com.amazon.settings.GAME_MODE_SETTINGS",True
decompiled/jadx/amazon-settings/resources/AndroidManifest.xml,decompiled/jadx/amazon-settings/resources/AndroidManifest.xml,com.amazon.settings,activity,com.amazon.settings.tts.TtsVoiceManagerActivity,true,,,,,,"android.app.action.TtsVoiceManager,com.android.settings.TTS_VOICE_MANAGER",False
decompiled/jadx/amazon-settings/resources/AndroidManifest.xml,decompiled/jadx/amazon-settings/resources/AndroidManifest.xml,com.amazon.settings,activity,com.amazon.settings.tts.TtsVoicePickerActivity,,,,,,,,False
decompiled/jadx/amazon-settings/resources/AndroidManifest.xml,decompiled/jadx/amazon-settings/resources/AndroidManifest.xml,com.amazon.settings,activity,com.amazon.settings.tts.TextToSpeechSettingsActivity,true,,,,,,"android.app.action.TextToSpeechSettings,com.android.settings.TTS_SETTINGS",False
decompiled/jadx/amazon-settings/resources/AndroidManifest.xml,decompiled/jadx/amazon-settings/resources/AndroidManifest.xml,com.amazon.settings,activity,com.amazon.settings.location.OneStepLocationActivation,,,,,,,com.android.settings.location.LBS_CONSENT_DIALOG,False
decompiled/jadx/amazon-settings/resources/AndroidManifest.xml,decompiled/jadx/amazon-settings/resources/AndroidManifest.xml,com.amazon.settings,activity,com.amazon.settings.device.LowBatteryDialogActivity,,,,,,,com.amazon.LOW_BATTERY_DIALOG,False
decompiled/jadx/amazon-settings/resources/AndroidManifest.xml,decompiled/jadx/amazon-settings/resources/AndroidManifest.xml,com.amazon.settings,receiver,com.amazon.settings.dpc.DPCSettingsChangeListener,true,com.amazon.dpc.permission.SETTINGS_CHANGED,,,,,com.amazon.dpcclient.settings.changed.cloud,False
decompiled/jadx/amazon-settings/resources/AndroidManifest.xml,decompiled/jadx/amazon-settings/resources/AndroidManifest.xml,com.amazon.settings,provider,com.amazon.settings.dpc.DPCContentProvider,true,com.amazon.dpc.permission.CONTENT_PROVIDER_ACCESS,,,,,,False
decompiled/jadx/amazon-settings/resources/AndroidManifest.xml,decompiled/jadx/amazon-settings/resources/AndroidManifest.xml,com.amazon.settings,activity,com.amazon.settings.wifi.WiFiActivity,true,,,,,,com.amazon.settings.oobe.LAUNCH_WIFI,False
decompiled/jadx/amazon-settings/resources/AndroidManifest.xml,decompiled/jadx/amazon-settings/resources/AndroidManifest.xml,com.amazon.settings,service,com.amazon.settings.wifi.CaptivePortalActivityLauncher,,android.permission.BIND_NOTIFICATION_LISTENER_SERVICE,,,,,"android.service.notification.NotificationListenerService,com.amazon.settings.wifi.START_LISTENING",False
decompiled/jadx/parentalcontrols/resources/AndroidManifest.xml,decompiled/jadx/parentalcontrols/resources/AndroidManifest.xml,com.amazon.parentalcontrols,permission,com.amazon.permission.ParentalControl,,,,,signatureOrSystem,,,False
decompiled/jadx/parentalcontrols/resources/AndroidManifest.xml,decompiled/jadx/parentalcontrols/resources/AndroidManifest.xml,com.amazon.parentalcontrols,permission,com.amazon.settings.PARENT_MONITORING,,,,,signatureOrSystem,,,False
decompiled/jadx/parentalcontrols/resources/AndroidManifest.xml,decompiled/jadx/parentalcontrols/resources/AndroidManifest.xml,com.amazon.parentalcontrols,activity,com.amazon.parentalcontrols.ParentalPasswordAuthentication,true,,,,,,"com.amazon.settings.CHECK_PARENTAL_PASSWORD,com.android.settings.action.IA_SETTINGS",False
decompiled/jadx/parentalcontrols/resources/AndroidManifest.xml,decompiled/jadx/parentalcontrols/resources/AndroidManifest.xml,com.amazon.parentalcontrols,activity,com.amazon.parentalcontrols.SearchEntryActivity,true,,,,,,,False
decompiled/jadx/parentalcontrols/resources/AndroidManifest.xml,decompiled/jadx/parentalcontrols/resources/AndroidManifest.xml,com.amazon.parentalcontrols,activity,com.amazon.parentalcontrols.activity.CurfewPcAuthActivity,,,,,,,com.amazon.settings.CURFEW_PC_AUTH_ACTIVITY,False
decompiled/jadx/parentalcontrols/resources/AndroidManifest.xml,decompiled/jadx/parentalcontrols/resources/AndroidManifest.xml,com.amazon.parentalcontrols,activity,com.amazon.parentalcontrols.backup.ReenableParentalControlsActivity,false,,,,,,,False
decompiled/jadx/parentalcontrols/resources/AndroidManifest.xml,decompiled/jadx/parentalcontrols/resources/AndroidManifest.xml,com.amazon.parentalcontrols,activity,com.amazon.parentalcontrols.activity.PcDialogActivity,,,,,,,com.amazon.kindle.admin.ACTION_VIEW,False
decompiled/jadx/parentalcontrols/resources/AndroidManifest.xml,decompiled/jadx/parentalcontrols/resources/AndroidManifest.xml,com.amazon.parentalcontrols,activity,com.amazon.parentalcontrols.gen7.ParentalControlsMainActivityGen7,false,,,,,,com.amazon.settings.PARENTAL_SETTINGS,False
decompiled/jadx/parentalcontrols/resources/AndroidManifest.xml,decompiled/jadx/parentalcontrols/resources/AndroidManifest.xml,com.amazon.parentalcontrols,activity,com.amazon.parentalcontrols.password.ParentalPasswordAuthFullScreen,false,,,,,,,False
decompiled/jadx/parentalcontrols/resources/AndroidManifest.xml,decompiled/jadx/parentalcontrols/resources/AndroidManifest.xml,com.amazon.parentalcontrols,activity,com.amazon.parentalcontrols.password.ParentalPasswordAuthAdultUser,true,com.amazon.permission.ParentalControl,,,,,com.amazon.parentalcontrols.VALIDATE_ADULT_USER,False
decompiled/jadx/parentalcontrols/resources/AndroidManifest.xml,decompiled/jadx/parentalcontrols/resources/AndroidManifest.xml,com.amazon.parentalcontrols,activity,com.amazon.parentalcontrols.password.ParentalPassword,true,com.amazon.permission.ParentalControl,,,,,com.amazon.settings.CREATE_PARENTAL_PASSWORD,False
decompiled/jadx/parentalcontrols/resources/AndroidManifest.xml,decompiled/jadx/parentalcontrols/resources/AndroidManifest.xml,com.amazon.parentalcontrols,activity,com.amazon.parentalcontrols.password.ParentalPasswordFullScreenActivity,true,com.amazon.permission.ParentalControl,,,,,com.amazon.settings.CREATE_PARENTAL_PASSWORD_FS,False
decompiled/jadx/parentalcontrols/resources/AndroidManifest.xml,decompiled/jadx/parentalcontrols/resources/AndroidManifest.xml,com.amazon.parentalcontrols,activity,com.amazon.parentalcontrols.activity.PasswordProtectActivity,false,com.amazon.permission.ParentalControl,,,,,,False
decompiled/jadx/parentalcontrols/resources/AndroidManifest.xml,decompiled/jadx/parentalcontrols/resources/AndroidManifest.xml,com.amazon.parentalcontrols,activity,com.amazon.parentalcontrols.activity.AmazonContentAndAppsActivity,false,com.amazon.permission.ParentalControl,,,,,,False
decompiled/jadx/parentalcontrols/resources/AndroidManifest.xml,decompiled/jadx/parentalcontrols/resources/AndroidManifest.xml,com.amazon.parentalcontrols,activity,com.amazon.parentalcontrols.activity.CurfewActivity,false,com.amazon.permission.ParentalControl,,,,,,False
decompiled/jadx/parentalcontrols/resources/AndroidManifest.xml,decompiled/jadx/parentalcontrols/resources/AndroidManifest.xml,com.amazon.parentalcontrols,activity,com.amazon.parentalcontrols.activity.HouseHoldActivity,false,com.amazon.permission.ParentalControl,,,,,,False
decompiled/jadx/parentalcontrols/resources/AndroidManifest.xml,decompiled/jadx/parentalcontrols/resources/AndroidManifest.xml,com.amazon.parentalcontrols,activity,com.amazon.parentalcontrols.activity.WebviewActivity,false,com.amazon.permission.ParentalControl,,,,,,False
decompiled/jadx/parentalcontrols/resources/AndroidManifest.xml,decompiled/jadx/parentalcontrols/resources/AndroidManifest.xml,com.amazon.parentalcontrols,activity,com.amazon.parentalcontrols.activity.BlockedDialogActivity,,,,,,,,False
decompiled/jadx/parentalcontrols/resources/AndroidManifest.xml,decompiled/jadx/parentalcontrols/resources/AndroidManifest.xml,com.amazon.parentalcontrols,receiver,com.amazon.parentalcontrols.receivers.ParentalBootBroadcastReceiver,,android.permission.RECEIVE_BOOT_COMPLETED,,,,,android.intent.action.BOOT_COMPLETED,False
decompiled/jadx/parentalcontrols/resources/AndroidManifest.xml,decompiled/jadx/parentalcontrols/resources/AndroidManifest.xml,com.amazon.parentalcontrols,receiver,com.amazon.parentalcontrols.receivers.ParentalLocaleChangedReceiver,,,,,,,android.intent.action.LOCALE_CHANGED,False
decompiled/jadx/parentalcontrols/resources/AndroidManifest.xml,decompiled/jadx/parentalcontrols/resources/AndroidManifest.xml,com.amazon.parentalcontrols,receiver,com.amazon.parentalcontrols.receivers.AlarmReceiver,,,,,,,com.amazon.ParentalControls.ALARM,False
decompiled/jadx/parentalcontrols/resources/AndroidManifest.xml,decompiled/jadx/parentalcontrols/resources/AndroidManifest.xml,com.amazon.parentalcontrols,receiver,com.amazon.parentalcontrols.receivers.ParentalAccountsReceiver,,com.amazon.dcp.sso.permission.account.changed,,,,,com.amazon.dcp.sso.action.account.removed,False
decompiled/jadx/parentalcontrols/resources/AndroidManifest.xml,decompiled/jadx/parentalcontrols/resources/AndroidManifest.xml,com.amazon.parentalcontrols,receiver,com.amazon.parentalcontrols.receivers.ParentalCORChangeReceiver,,com.amazon.dcp.sso.permission.MANAGE_COR_PFM,,,,,com.amazon.dcp.sso.broadcast.CORPFMHasChanged,False
decompiled/jadx/parentalcontrols/resources/AndroidManifest.xml,decompiled/jadx/parentalcontrols/resources/AndroidManifest.xml,com.amazon.parentalcontrols,activity,com.amazon.parentalcontrols.password.ParentalResetActivity,false,com.amazon.permission.ParentalControl,,,,,,False
decompiled/jadx/parentalcontrols/resources/AndroidManifest.xml,decompiled/jadx/parentalcontrols/resources/AndroidManifest.xml,com.amazon.parentalcontrols,activity,com.amazon.parentalcontrols.password.ParentalAlertDialog,false,,,,,,,False
decompiled/jadx/parentalcontrols/resources/AndroidManifest.xml,decompiled/jadx/parentalcontrols/resources/AndroidManifest.xml,com.amazon.parentalcontrols,receiver,com.amazon.parentalcontrols.receivers.ParentalAdminReceiver,,android.permission.BIND_DEVICE_ADMIN,,,,,android.app.action.DEVICE_ADMIN_ENABLED,False
decompiled/jadx/parentalcontrols/resources/AndroidManifest.xml,decompiled/jadx/parentalcontrols/resources/AndroidManifest.xml,com.amazon.parentalcontrols,receiver,com.amazon.parentalcontrols.receivers.ParentalIAPBroadcastReceiver,,com.amazon.permission.ParentalControl,,,,,com.amazon.ParentalControls.IAP_TURN_ON,False
decompiled/jadx/parentalcontrols/resources/AndroidManifest.xml,decompiled/jadx/parentalcontrols/resources/AndroidManifest.xml,com.amazon.parentalcontrols,receiver,com.amazon.parentalcontrols.receivers.PackageChangesReceiver,,,,,,,android.intent.action.PACKAGE_ADDED,False
decompiled/jadx/parentalcontrols/resources/AndroidManifest.xml,decompiled/jadx/parentalcontrols/resources/AndroidManifest.xml,com.amazon.parentalcontrols,receiver,com.amazon.parentalcontrols.receivers.TimezoneChangeReceiver,,,,,,,android.intent.action.TIMEZONE_CHANGED,False
decompiled/jadx/parentalcontrols/resources/AndroidManifest.xml,decompiled/jadx/parentalcontrols/resources/AndroidManifest.xml,com.amazon.parentalcontrols,service,com.amazon.parentalcontrols.services.ParentalAdminIntentService,false,android.permission.BIND_JOB_SERVICE,,,,,,False
decompiled/jadx/parentalcontrols/resources/AndroidManifest.xml,decompiled/jadx/parentalcontrols/resources/AndroidManifest.xml,com.amazon.parentalcontrols,service,com.amazon.parentalcontrols.curfew.CurfewScheduleManager,false,android.permission.BIND_JOB_SERVICE,,,,,,False
decompiled/jadx/parentalcontrols/resources/AndroidManifest.xml,decompiled/jadx/parentalcontrols/resources/AndroidManifest.xml,com.amazon.parentalcontrols,service,com.amazon.parentalcontrols.curfew.CurfewPcAuthSuccessService,false,android.permission.BIND_JOB_SERVICE,,,,,,False
decompiled/jadx/parentalcontrols/resources/AndroidManifest.xml,decompiled/jadx/parentalcontrols/resources/AndroidManifest.xml,com.amazon.parentalcontrols,service,com.amazon.parentalcontrols.metrics.StateMetricsLoggerService,false,android.permission.BIND_JOB_SERVICE,,,,,,False
decompiled/jadx/parentalcontrols/resources/AndroidManifest.xml,decompiled/jadx/parentalcontrols/resources/AndroidManifest.xml,com.amazon.parentalcontrols,service,com.amazon.parentalcontrols.monitoring.UpdateMonitoringStatusService,false,android.permission.BIND_JOB_SERVICE,,,,,,False
decompiled/jadx/parentalcontrols/resources/AndroidManifest.xml,decompiled/jadx/parentalcontrols/resources/AndroidManifest.xml,com.amazon.parentalcontrols,service,com.amazon.parentalcontrols.services.ApplicationStartupIntentService,false,android.permission.BIND_JOB_SERVICE,,,,,,False
decompiled/jadx/parentalcontrols/resources/AndroidManifest.xml,decompiled/jadx/parentalcontrols/resources/AndroidManifest.xml,com.amazon.parentalcontrols,service,com.amazon.parentalcontrols.services.ParentalDeregistrationService,false,android.permission.BIND_JOB_SERVICE,,,,,,False
decompiled/jadx/parentalcontrols/resources/AndroidManifest.xml,decompiled/jadx/parentalcontrols/resources/AndroidManifest.xml,com.amazon.parentalcontrols,service,com.amazon.parentalcontrols.services.ParentalAuthDetectionService,false,android.permission.BIND_JOB_SERVICE,,,,,,False
decompiled/jadx/parentalcontrols/resources/AndroidManifest.xml,decompiled/jadx/parentalcontrols/resources/AndroidManifest.xml,com.amazon.parentalcontrols,receiver,com.amazon.parentalcontrols.receivers.ParentalControlsRestrictionProvider,,com.amazon.permission.ParentalControl,,,,,android.content.action.REQUEST_PERMISSION,False
decompiled/jadx/parentalcontrols/resources/AndroidManifest.xml,decompiled/jadx/parentalcontrols/resources/AndroidManifest.xml,com.amazon.parentalcontrols,receiver,com.amazon.parentalcontrols.receivers.ParentalControlsDeactivateReceiver,,com.amazon.permission.ParentalControl,,,,,com.amazon.kindle.devicecontrols.WHISPERCAST_ACTIVATED,False
decompiled/jadx/parentalcontrols/resources/AndroidManifest.xml,decompiled/jadx/parentalcontrols/resources/AndroidManifest.xml,com.amazon.parentalcontrols,service,com.amazon.parentalcontrols.services.ParentalPolicyIntentService,false,android.permission.BIND_JOB_SERVICE,,,,,,False
decompiled/jadx/parentalcontrols/resources/AndroidManifest.xml,decompiled/jadx/parentalcontrols/resources/AndroidManifest.xml,com.amazon.parentalcontrols,service,com.amazon.parentalcontrols.services.ParentalControlRestrictionsService,false,android.permission.BIND_JOB_SERVICE,,,,,,False
decompiled/jadx/parentalcontrols/resources/AndroidManifest.xml,decompiled/jadx/parentalcontrols/resources/AndroidManifest.xml,com.amazon.parentalcontrols,provider,com.amazon.parentalcontrols.map.ParentalControlsMapProvider,true,com.amazon.identity.permission.CAN_CALL_MAP_INFORMATION_PROVIDER,,,,,,False
decompiled/jadx/parentalcontrols/resources/AndroidManifest.xml,decompiled/jadx/parentalcontrols/resources/AndroidManifest.xml,com.amazon.parentalcontrols,service,com.amazon.parentalcontrols.services.ConfigurationSyncService,false,android.permission.BIND_JOB_SERVICE,,,,,"com.amazon.parentalcontrols.arcus.action.PC_SYNC_CONFIG,com.amazon.parentalcontrols.arcus.action.LAUNCHER_SYNC_CONFIG,com.amazon.parentalcontrols.arcus.action.MAYDAY_SYNC_CONFIG,com.amazon.parentalcontrols.arcus.action.LAUNCHER_APPS_SYNC_CONFIG",False
decompiled/jadx/parentalcontrols/resources/AndroidManifest.xml,decompiled/jadx/parentalcontrols/resources/AndroidManifest.xml,com.amazon.parentalcontrols,provider,com.amazon.parentalcontrols.CustomContentProvider,true,android.permission.READ_SEARCH_INDEXABLES,,,,,android.content.action.SEARCH_INDEXABLES_PROVIDER,False
decompiled/jadx/parentalcontrols/resources/AndroidManifest.xml,decompiled/jadx/parentalcontrols/resources/AndroidManifest.xml,com.amazon.parentalcontrols,receiver,com.amazon.parentalcontrols.receivers.ConfigurationSyncReceiver,false,,,,,,"com.amazon.parentalcontrols.arcus.action.PC_ACTION_PERIODIC_SYNC,com.amazon.parentalcontrols.arcus.action.PC_ACTION_RETRY_SYNC,com.amazon.parentalcontrols.arcus.action.LAUNCHER_ACTION_PERIODIC_SYNC,com.amazon.parentalcontrols.arcus.action.LAUNCHER_ACTION_RETRY_SYNC,com.amazon.parentalcontrols.arcus.action.MAYDAY_ACTION_PERIODIC_SYNC,com.amazon.parentalcontrols.arcus.action.MAYDAY_ACTION_RETRY_SYNC,com.amazon.parentalcontrols.arcus.action.LAUNCHER_APPS_ACTION_PERIODIC_SYNC,com.amazon.parentalcontrols.arcus.action.LAUNCHER_APPS_ACTION_RETRY_SYNC,android.intent.action.BOOT_COMPLETED,android.net.conn.CONNECTIVITY_CHANGE",False
