evidence_id,phase,surface,source,caller,gate,identity_scope,sink,observed_effect,confidence,evidence_file,evidence_sha256,status,scope
WG-001,6WL,6WG Framework IPC residual,work/luna_worker_phase6wg_ipc_residual_20260810.csv,external dumpsys caller subject to DUMP; exact UID UNKNOWN,android.permission.DUMP checked in dump; service-manager/SELinux rule UNKNOWN,device/default settings user (explicit user overload absent),FireOsDisplayPowerControllerService$BinderService,,static direct,,ecbe62fe8eb8bd575da8b2a73a155875df937073ccc2faa020ca592c0515151c,,previous public Phase 6X4 corpus
WG-002,6WL,6WG Framework IPC residual,work/luna_worker_phase6wg_ipc_residual_20260810.csv,system_server input-monitor caller/publisher; external Binder caller not recovered,system_server/internal callback; permission and SELinux/service-manager gate UNKNOWN,system/default secure-settings scope (non-user overload),InputFilterMonitorInputManagerServiceCallback,,static direct,,ecbe62fe8eb8bd575da8b2a73a155875df937073ccc2faa020ca592c0515151c,,previous public Phase 6X4 corpus
WG-003,6WL,6WG Framework IPC residual,work/luna_worker_phase6wg_ipc_residual_20260810.csv,remote Binder caller with MODE_SWITCH; exact UID UNKNOWN,com.amazon.alexa.permission.MODE_SWITCH enforced by checkCallingOrSelfPermission; service-manager/SELinux rule UNKNOWN,USER_CURRENT/-2 passed to putIntForUser,AlexaModeSwitchManagerService$AlexaModeSwitchAPIImpl,,static direct,,ecbe62fe8eb8bd575da8b2a73a155875df937073ccc2faa020ca592c0515151c,,previous public Phase 6X4 corpus
6WL-ROW-004,6WL,6WH OTA residual,work/luna_worker_phase6wh_ota_residual_20260810.csv,,,,,NONE,UNKNOWN,"artifacts/phase6mk-updater-dispatch-20260810-04/registration-dispatch.csv:7,16,19-22; updater-script-entrypoints.csv:2-13; addresses 0x406b8c,0x406e0c,0x406ee4,0x406f2c,0x406f6c,0x406fac",d88e35ec08d9ef0a55a3dbc17dc430b62d3b419810653542b6dd3077095cca24;4d0128ee85eec7b0c88716012858bef699f740907e46e854939c83a6c9e99077,,previous public Phase 6X4 corpus
6WL-ROW-005,6WL,6WH OTA residual,work/luna_worker_phase6wh_ota_residual_20260810.csv,,,,,NONE,UNKNOWN,"artifacts/phase6ne-updater-cache-flow-20260810-03/direct-call-edges.csv:1-5,42-43; addresses 0x417bf0,0x417ea8,0x417eb0,0x409cb4,0x409cdc",d653e4a84898509781a333c56502087a83981781fcf6612d7026bfd79602b477,,previous public Phase 6X4 corpus
6WL-ROW-006,6WL,6WH OTA residual,work/luna_worker_phase6wh_ota_residual_20260810.csv,,,,,NONE,UNKNOWN,"artifacts/phase6my-bootafter-ota-package-helper-20260810-01/call-edges.csv:6MY-E03-E04,E08,E10",1136d4815ae63011522fead17ef743bc0daa57334ae6ebb3b4c05c1d09507c52,,previous public Phase 6X4 corpus
6WL-ROW-007,6WL,6WH OTA residual,work/luna_worker_phase6wh_ota_residual_20260810.csv,,,,,NONE,UNKNOWN,"artifacts/phase6j/phase6j-ota-controller-holders-20260805-01/controller-permission-context.txt:10537-10541,27271-27275",d68768263846c87ffc6b1b1d100b5b5bcd34212d5605c4e3eb1085da8c67d1e0,,previous public Phase 6X4 corpus
6WL-ROW-008,6WL,6WH OTA residual,work/luna_worker_phase6wh_ota_residual_20260810.csv,,,,,NONE,UNKNOWN,artifacts/phase6j/phase6j-ota-apk-jadx-ps7331-20260805-01/sources/com/amazon/dcp/ota/SideloadMover.java:31-44; FileHelper.java:305-339,59131cf032d8544cd44ea839ad63eb37993d2853b4925bf56d10ede721693f63;55a7f44a70735626be7ebde25e96812346f336fddbec2c87ca0fb709b980,,previous public Phase 6X4 corpus
6WL-ROW-009,6WL,6WH OTA residual,work/luna_worker_phase6wh_ota_residual_20260810.csv,,,,,NONE,UNKNOWN,firmware/extracted/PS7331/vbmeta.img absent; firmware/extracted/PS7331/META-INF/com/android/avb* absent; UpdateSystemWrapper.java:33-44,c99f6884fa298546b18722a5addb46ae35aff4c9f6003d8ad3ccaebe2edfdbd9,,previous public Phase 6X4 corpus
WI-01,6WL,6WI native driver caller,work/luna_worker_phase6wi_driver_caller_20260810.csv,,,policy names device type only; no exact caller identity or framework/HOME/package sink,,UNKNOWN,UNKNOWN,,cmdq_driver.c=b3a54d37b4e498ff969a2717cb02cefc923ae6f39da32f5fd8529fe3dce6e899; kernel.config=eefb8db484f65e196a7bb401ae0165f434f08b13041aef6762917e284d013d04; Image=10638df8d43c83e0799bfe071ef29a8069ad909b320536cff6b58ee5e1efea7d; vendor_file_contexts=db5cd91b8d25170ad27809ace8cdbbd2a3f838ec72e2598a4f6b5a44953d322e,,previous public Phase 6X4 corpus
WI-02,6WL,6WI native driver caller,work/luna_worker_phase6wi_driver_caller_20260810.csv,,,ION library labels are same_process_hal_file; no exact identity and no package/HOME/settings sink,,UNKNOWN,UNKNOWN,,ion.c=abac518864faed94439d75d204e8c16ea75cf3a74c93ee50e128e0f6928a6d63; kernel.config=eefb8db484f65e196a7bb401ae0165f434f08b13041aef6762917e284d013d04; vendor_file_contexts=db5cd91b8d25170ad27809ace8cdbbd2a3f838ec72e2598a4f6b5a44953d322e; native-inventory.csv=9d1313d25cb45492d5656d03f05b7e60f5d037ccef15c20d9edec5e0fdbf17f9,,previous public Phase 6X4 corpus
WI-03,6WL,6WI native driver caller,work/luna_worker_phase6wi_driver_caller_20260810.csv,,,no userland identity or sensitive sink identified,,UNKNOWN,UNKNOWN,,boot.img=cf12e5619d635ecf7927784a4ed15a254a96c1642d1db9e4ca6734b192d6fa1b; Image=10638df8d43c83e0799bfe071ef29a8069ad909b320536cff6b58ee5e1efea7d; native-inventory.csv=9d1313d25cb45492d5656d03f05b7e60f5d037ccef15c20d9edec5e0fdbf17f9,,previous public Phase 6X4 corpus
WI-04,6WL,6WI native driver caller,work/luna_worker_phase6wi_driver_caller_20260810.csv,,,HAL service identity is privileged-domain context only; no exact package/HOME/PMS sink,,UNKNOWN,UNKNOWN,,amzn_idme.c=ab6484ae7a694412ec4eeabb67133ddd0c0af221076b6d989c8ab1fe7c84e61e; kernel.config=eefb8db484f65e196a7bb401ae0165f434f08b13041aef6762917e284d013d04; vendor_file_contexts=db5cd91b8d25170ad27809ace8cdbbd2a3f838ec72e2598a4f6b5a44953d322e,,previous public Phase 6X4 corpus
WI-05,6WL,6WI native driver caller,work/luna_worker_phase6wi_driver_caller_20260810.csv,,,diagnostic HAL/domain name is not a proc caller and no package/HOME/privilege sink is joined,,UNKNOWN,UNKNOWN,,amzn_drv_test.c=6c2309f996cacafaab35cce3935bcb725a5259211751af89df88d3732797029e; libmt8183_diag.so=7147e161de7b3a8097bdf6079d0b414c147067d46e1f446138d041a63dd127d7; vendor_sepolicy.cil=82430bdb87b8a5f653110b635289489b99e82bdbe7bdc7a2e1ee5564e674e035,,previous public Phase 6X4 corpus
WI-06,6WL,6WI native driver caller,work/luna_worker_phase6wi_driver_caller_20260810.csv,,,rpmb_svc identity is a service observation; no package/HOME sink,,UNKNOWN,UNKNOWN,,vendor_file_contexts=db5cd91b8d25170ad27809ace8cdbbd2a3f838ec72e2598a4f6b5a44953d322e; vendor_sepolicy.cil=82430bdb87b8a5f653110b635289489b99e82bdbe7bdc7a2e1ee5564e674e035,,previous public Phase 6X4 corpus
WI-07,6WL,6WI native driver caller,work/luna_worker_phase6wi_driver_caller_20260810.csv,,,HAL/service identity only; no package/HOME/settings sink,,UNKNOWN,UNKNOWN,,phase6me input-manifest=ada254be9c56572282704924eea66e2852889ec73c0a65be4558f36f77d8250a; native-inventory.csv=9d1313d25cb45492d5656d03f05b7e60f5d037ccef15c20d9edec5e0fdbf17f9; vendor_file_contexts=db5cd91b8d25170ad27809ace8cdbbd2a3f838ec72e2598a4f6b5a44953d322e,,previous public Phase 6X4 corpus
WJ-01,6WL,6WJ test reconciliation,work/luna_worker_phase6wj_test_reconciliation_20260810.csv,,,,,Saved resolver evidence remains Fire Launcher; static HOME setters/sinks do not establish ordinary caller reachability or a sustainable replacement.,UNKNOWN,,,INTEGRATED,previous public Phase 6X4 corpus
WJ-02,6WL,6WJ test reconciliation,work/luna_worker_phase6wj_test_reconciliation_20260810.csv,,,,,"Package-state writers exist in framework/Amazon code, but saved gates rejected ordinary mutation and no writer is shown to reach User-0 HOME sustainably.",UNKNOWN,,,INTEGRATED,previous public Phase 6X4 corpus
WJ-03,6WL,6WJ test reconciliation,work/luna_worker_phase6wj_test_reconciliation_20260810.csv,,,,,Child/profile lifecycle and KFT component changes are real only for the target child/profile; final guards preserve User-0 Fire Launcher.,UNKNOWN,,,INTEGRATED,previous public Phase 6X4 corpus
WJ-04,6WL,6WJ test reconciliation,work/luna_worker_phase6wj_test_reconciliation_20260810.csv,,,,,DPM tests show bounded owner/admin behavior but no ordinary sustainable HOME/package-state route; static DPM sinks remain gated and caller identity is incomplete.,UNKNOWN,,,INTEGRATED,previous public Phase 6X4 corpus
WJ-05,6WL,6WJ test reconciliation,work/luna_worker_phase6wj_test_reconciliation_20260810.csv,,,,,Resource/default-home and overlay evidence does not prove runtime selection; no settings mutation or durable HOME change is established.,UNKNOWN,,,INTEGRATED,previous public Phase 6X4 corpus
WJ-06,6WL,6WJ test reconciliation,work/luna_worker_phase6wj_test_reconciliation_20260810.csv,,,,,Service visibility/candidate interfaces and static sinks do not establish a callable transaction or accepted identity; H2 holder/grant/requester remains incomplete.,UNKNOWN,,,INTEGRATED,previous public Phase 6X4 corpus
WJ-07,6WL,6WJ test reconciliation,work/luna_worker_phase6wj_test_reconciliation_20260810.csv,,,,,"Exact OTA and native updater paths contain partition/cache writers statically, but no updater, recovery, OTA, reboot, or partition effect was observed.",UNKNOWN,,,INTEGRATED,previous public Phase 6X4 corpus
WJ-08,6WL,6WJ test reconciliation,work/luna_worker_phase6wj_test_reconciliation_20260810.csv,,,,,"Driver and native control edges are host-side static/conditional evidence only; retail node access, process/domain load, and effect are not established.",UNKNOWN,,,INTEGRATED,previous public Phase 6X4 corpus
WJ-09,6WL,6WJ test reconciliation,work/luna_worker_phase6wj_test_reconciliation_20260810.csv,,,,,Source/config/probe logs do not close a retail privilege transition or sensitive sink; no approved device mutation is present.,UNKNOWN,,,INTEGRATED,previous public Phase 6X4 corpus
WJ-10,6WL,6WJ test reconciliation,work/luna_worker_phase6wj_test_reconciliation_20260810.csv,,,,,Tahoe/KFT/Launcher3 and accessibility/ADB foreground paths are either child-scoped or temporary; none is a sustainable User-0 formal HOME replacement.,UNKNOWN,,,INTEGRATED,previous public Phase 6X4 corpus
WK-001,6WL,6WK broad surface,work/luna_worker_phase6wk_broad_surface_20260810.csv,DefaultPermissionGrantPolicy,system_server/internal policy path; exact caller gate UNKNOWN,userId argument,DefaultPermissionGrantPolicy,,static direct,,186a710bb9d27f703f2c76bc1e179ac18cebbff022674e9e71f2bf7a50226327,,previous public Phase 6X4 corpus
WK-002,6WL,6WK broad surface,work/luna_worker_phase6wk_broad_surface_20260810.csv,UserManagerService Binder implementation,checkManageOrCreateUsersPermission(flags); MANAGE_USERS or CREATE_USERS; system/root accepted,system/default user scope,UserManagerService,,static direct,,a92e54ac19e886b935b547717827ccf018d1caa554b8ecaf8467b6077d7d309e,,previous public Phase 6X4 corpus
WK-003,6WL,6WK broad surface,work/luna_worker_phase6wk_broad_surface_20260810.csv,UserManagerService Binder implementation,checkManageOrCreateUsersPermission(flags); MANAGE_USERS or CREATE_USERS; system/root accepted,parent userId plus created profile,UserManagerService,,static direct,,a92e54ac19e886b935b547717827ccf018d1caa554b8ecaf8467b6077d7d309e,,previous public Phase 6X4 corpus
WK-004,6WL,6WK broad surface,work/luna_worker_phase6wk_broad_surface_20260810.csv,UserManagerService Binder implementation,"checkManageOrCreateUsersPermission(""Only the system can remove users""); exact downstream checks UNKNOWN",userHandle argument,UserManagerService,,static direct,,a92e54ac19e886b935b547717827ccf018d1caa554b8ecaf8467b6077d7d309e,,previous public Phase 6X4 corpus
WK-005,6WL,6WK broad surface,work/luna_worker_phase6wk_broad_surface_20260810.csv,UserController Binder-facing path,INTERACT_ACROSS_USERS_FULL or amazon.aosp.permission.INTERACT_ACROSS_USERS_FULL; Binder calling pid/uid checked; shell restriction also enforced,userId; system user rejected,UserController,,static direct,,3382de2f12fc0f38c757c3fd021c06482db96c19389ec9909218423addd47274,,previous public Phase 6X4 corpus
WK-006,6WL,6WK broad surface,work/luna_worker_phase6wk_broad_surface_20260810.csv,ActivityManagerShellCommand,shell command plus canSwitchUsers restriction; exact shell UID enforcement in downstream path UNKNOWN,supplied target user,ActivityManagerShellCommand,,static direct,,7aafaa0ccc5336df4f8e8cb7bcd38afbd578790c3065f28843a76a1eb36c06cc,,previous public Phase 6X4 corpus
WK-007,6WL,6WK broad surface,work/luna_worker_phase6wk_broad_surface_20260810.csv,ActivityManagerShellCommand,shell command path; downstream caller and SELinux gate UNKNOWN,supplied target user,ActivityManagerShellCommand,,static direct,,7aafaa0ccc5336df4f8e8cb7bcd38afbd578790c3065f28843a76a1eb36c06cc,,previous public Phase 6X4 corpus
WK-008,6WL,6WK broad surface,work/luna_worker_phase6wk_broad_surface_20260810.csv,ActivityManagerShellCommand,shell command path; downstream INTERACT_ACROSS_USERS_FULL gate visible in UserController,supplied target user,ActivityManagerShellCommand,,static direct,,7aafaa0ccc5336df4f8e8cb7bcd38afbd578790c3065f28843a76a1eb36c06cc,,previous public Phase 6X4 corpus
WK-009,6WL,6WK broad surface,work/luna_worker_phase6wk_broad_surface_20260810.csv,AppRestrictionsHelper,PackageManager validation; Settings UI/profile-policy caller and SELinux rule UNKNOWN,explicit userId,AppRestrictionsHelper,,static direct,,107ba7f2925439e8bf061b39b9496a5d6cc661c00990d5be9259104f2960486f,,previous public Phase 6X4 corpus
WK-010,6WL,6WK broad surface,work/luna_worker_phase6wk_broad_surface_20260810.csv,AppRestrictionsHelper,PackageManager uninstall validation; only restricted-profile branch visible,explicit userId,AppRestrictionsHelper,,static direct,,107ba7f2925439e8bf061b39b9496a5d6cc661c00990d5be9259104f2960486f,,previous public Phase 6X4 corpus
WK-011,6WL,6WK broad surface,work/luna_worker_phase6wk_broad_surface_20260810.csv,UserManagerHelper,helper checks no_add_user restriction; service permission gate remains authoritative,current process/default user scope,UserManagerHelper,,static direct,,1e15d3461b6d0e34391eba9b628e8ca83a7082590baf33bfec4ad8d00e5209df,,previous public Phase 6X4 corpus
WK-012,6WL,6WK broad surface,work/luna_worker_phase6wk_broad_surface_20260810.csv,UserManagerHelper,helper excludes system/current-user case; service permission gate remains authoritative,userInfo.id,UserManagerHelper,,static direct,,1e15d3461b6d0e34391eba9b628e8ca83a7082590baf33bfec4ad8d00e5209df,,previous public Phase 6X4 corpus
WK-013,6WL,6WK broad surface,work/luna_worker_phase6wk_broad_surface_20260810.csv,UserManagerHelper,helper checks current/foreground user only; downstream switch gate and SELinux rule UNKNOWN,target user id,UserManagerHelper,,static direct,,1e15d3461b6d0e34391eba9b628e8ca83a7082590baf33bfec4ad8d00e5209df,,previous public Phase 6X4 corpus
WK-014,6WL,6WK broad surface,work/luna_worker_phase6wk_broad_surface_20260810.csv,external callers through exported SettingsProvider,global/secure writes enforce WRITE_SECURE_SETTINGS; system writes use WRITE_SETTINGS or app-op; cross-user gate at 431,calling user and requested setting namespace,SettingsProvider,,static direct,,4efc2aba8f7798fb4e026f13479f5b4929ef545deba5618b35d799555d78678b,,previous public Phase 6X4 corpus
WK-015,6WL,6WK broad surface,work/luna_worker_phase6wk_broad_surface_20260810.csv,SettingsProvider,android:exported=true; sharedUserId=android.uid.system; provider write methods enforce permissions,singleUser across users,SettingsProvider,,static manifest,,e4f2d9d47e7fa10be2aa2d26f6549b41184762d7ff5c77c19ffa7fc7560aac70,,previous public Phase 6X4 corpus
WK-016,6WL,6WK broad surface,work/luna_worker_phase6wk_broad_surface_20260810.csv,MediaSessionService,internal service path; exact caller/permission and SELinux rule UNKNOWN,full user id,MediaSessionService,,static direct,,58ce4931e266384bd63147b65748edb53190d68f270b0b324dfa5c646506d5af,,previous public Phase 6X4 corpus
WK-017,6WL,6WK broad surface,work/luna_worker_phase6wk_broad_surface_20260810.csv,UserManagerService,"system_server internal; file path, DAC, SELinux and caller gate UNKNOWN",user list and user state,UserManagerService,,static file sink,,a92e54ac19e886b935b547717827ccf018d1caa554b8ecaf8467b6077d7d309e,,previous public Phase 6X4 corpus
WF-POL-001,6WL,6WF live ProductPolicy,,,,,,none; read-only,UNKNOWN,artifacts/phase6wf-product-policy-readonly-20260810-01/global_policy.xml,2cc60c0ee80bbba2752671b7323e2bdaae8f87125b7251726f821906f58087e2,CONFIRMED_NO_ENTRY,previous public Phase 6X4 corpus
WF-POL-002,6WL,6WF live ProductPolicy,,,,,,none; read-only,UNKNOWN,artifacts/phase6wf-product-policy-readonly-20260810-01/common_device_policy.xml,75c7919d2006fc0b088996cd2048b927c419b03ca025a95b20ff31e3de9868aa,CONFIRMED_NO_ENTRY,previous public Phase 6X4 corpus
WF-POL-003,6WL,6WF live ProductPolicy,,,,,,none; read-only,UNKNOWN,artifacts/phase6wf-product-policy-readonly-20260810-01/multimodal_device_policy.xml,66f05c0e0f502e6db191904ec39be5e5b6302905f00cdacfc8a29ef327089512,CONFIRMED_NO_ENTRY,previous public Phase 6X4 corpus
WF-POL-004,6WL,6WF live ProductPolicy,,,,,,none; read-only,UNKNOWN,artifacts/phase6wf-product-policy-readonly-20260810-01/receiver_filter_policy.xml,c3a80bcd0b52250aaa72bd863ae6a633f3153df646ffc57682972bc7c39fab8c,CONFIRMED_NOT_HOME_WRITER,previous public Phase 6X4 corpus
WF-POL-005,6WL,6WF live ProductPolicy,,,,,,none; pull failed with ENOENT,UNKNOWN,artifacts/phase6wf-product-policy-readonly-20260810-01/device_policy_paths.txt,fee33721f9ea80bb151b2fb04b58de4d9e846a1de68c7c994f6e7416d217fe07,UNKNOWN_LAYOUT_MISMATCH,previous public Phase 6X4 corpus
KX-IPC-001,6X-IPC,IAmazonKeyguardService.dismissWithPendingIntent (Stub method; Proxy method; tx UNKNOWN),AmazonKeyguardService$2.dismissWithPendingIntent; fosservices disassembly lines 168487-168535; boot-fosframework Proxy lines 391141-391186,Binder caller UID from Binder.getCallingUid(); verified default package resolved from that UID,checkUidPermission(android.permission.CONTROL_KEYGUARD) OR checkUidPermission(com.amazon.permission.AMAZON_CONTROL_KEYGUARD) in checkKeyguardPermissions; exact permission protection level and service-manager/SELinux gate UNKNOWN,caller UID is retained and forwarded with verified package; no clearCallingIdentity/restoreCallingIdentity observed; target PendingIntent arguments are caller-supplied but downstream SystemUI receives verified UID/package,IAmazonKeyguardServiceSystemUI.dismissWithPendingIntent; SystemUI keyguard dismissal/PendingIntent flow,"Static implementation confirms a privileged SystemUI/keyguard sink; no runtime success, HOME selection, package-state mutation, or exploit is established",High static,decompiled/baksmali/vdexExtractor/fosservices/disassembly.log; decompiled/baksmali/vdexExtractor/boot-fosframework/disassembly.log,ecbe62fe8eb8bd575da8b2a73a155875df937073ccc2faa020ca592c0515151c; fc101d798368bf91fae1ee553e44964d52bb9e2287652de8c92b43964600ad71,NEW_DIFFERENCE_STATIC_ONLY,previous public Phase 6X4 corpus
KX-IPC-002,6X-IPC,IAmazonKeyguardService.setAccessibilityInfo (Stub method; Proxy method; tx UNKNOWN),AmazonKeyguardService$2.setAccessibilityInfo; fosservices disassembly lines 168690-168730; boot-fosframework Proxy lines 391292-391321,Binder caller UID from Binder.getCallingUid(); verified default package resolved from that UID,checkUidPermission(android.permission.CONTROL_KEYGUARD) OR checkUidPermission(com.amazon.permission.AMAZON_CONTROL_KEYGUARD) in checkKeyguardPermissions; exact protection level and service-manager/SELinux gate UNKNOWN,caller UID and verified package are forwarded to SystemUI; no identity clear observed; user ID is not explicit in the public method signature,IAmazonKeyguardServiceSystemUI.setAccessibilityInfo; keyguard accessibility metadata/list state,"Static SystemUI state sink only; no runtime reachability, arbitrary package acceptance, HOME effect, or exploit is established",High static,decompiled/baksmali/vdexExtractor/fosservices/disassembly.log; decompiled/baksmali/vdexExtractor/boot-fosframework/disassembly.log,ecbe62fe8eb8bd575da8b2a73a155875df937073ccc2faa020ca592c0515151c; fc101d798368bf91fae1ee553e44964d52bb9e2287652de8c92b43964600ad71,NEW_DIFFERENCE_STATIC_ONLY,previous public Phase 6X4 corpus
KX-IPC-003,6X-IPC,IAmazonKeyguardService.setForegroundColor (Stub method; Proxy method; tx UNKNOWN),AmazonKeyguardService$2.setForegroundColor; fosservices disassembly lines 168732-168795; boot-fosframework Proxy lines 391322-391349,Binder caller UID from Binder.getCallingUid(); verified default package resolved from that UID,checkUidPermission(android.permission.CONTROL_KEYGUARD) OR checkUidPermission(com.amazon.permission.AMAZON_CONTROL_KEYGUARD) in checkKeyguardPermissions; exact protection level and service-manager/SELinux gate UNKNOWN,caller UID and verified package are forwarded to SystemUI; no identity clear observed; user ID is not explicit in the public method signature,IAmazonKeyguardServiceSystemUI.setForegroundColor; keyguard foreground color/presentation state,"Static SystemUI presentation sink only; no runtime reachability, arbitrary caller acceptance, HOME effect, or exploit is established",High static,decompiled/baksmali/vdexExtractor/fosservices/disassembly.log; decompiled/baksmali/vdexExtractor/boot-fosframework/disassembly.log,ecbe62fe8eb8bd575da8b2a73a155875df937073ccc2faa020ca592c0515151c; fc101d798368bf91fae1ee553e44964d52bb9e2287652de8c92b43964600ad71,NEW_DIFFERENCE_STATIC_ONLY,previous public Phase 6X4 corpus
6X-OTA-01,6X-OTA,version/provenance,7.3.3.1 adjacent OTA manifest,OTA privileged lifecycle is not established by this file alone,manifest metadata records product/version/key_type; no runtime install gate is exercised,PS7331.4463N package identity only; installed baseline is PS7330.4104N; runtime UID/SELinux UNKNOWN,No caller-to-writer inference; no exact installed-build post-install or rollback sink,NONE,high,firmware/manifests/OTA-20260803-01/README.md:1-30,3b7971859d4df3b85a671ab5340d3ad9bb2efb8501c2f09ec71374ac74abf7a5,excluded_adjacent_version,previous public Phase 6X4 corpus
6X-OTA-02,6X-OTA,host extraction provenance,selected/compiled-02 debugfs-derived manifests,No installer/recovery caller; extraction is host-side,"file list and per-output SHA-256 only; no package signature, recovery, or execution gate",Derived artifact identity only; runtime process/UID/SELinux UNKNOWN,"Framework/APK/VDEX outputs are analysis inputs, not post-install/native writer execution",NONE,high,firmware/extracted/PS7331/selected/extraction-manifest.tsv:1-10; firmware/extracted/PS7331/compiled-02/extraction-manifest.tsv:1-12,b098f85287a729d03cfac1ac6f767a3ba6a15ce8c65d7f9e581cbbed75448a74;7da7040b4c7454084d8c30452edc05d4c68ce3813fe20700d4016036e4097716,excluded_host_derived,previous public Phase 6X4 corpus
6X-OTA-03,6X-OTA,post-install/native updater/recovery,existing Phase 6WH/6SD/6SP/6VB static corpus,Privileged OTA lifecycle and recovery context are capability candidates; ordinary app/shell caller not shown,metadata/hash/recovery-verification/controller gates precede handoff; indirect dispatch and complete caller join UNKNOWN,"UpdateSystem/recovery UID, SELinux domain, AVB rollback authority, and exact user scope UNKNOWN",Edify extraction/block-image/cache/readlink paths reach high-privilege file/partition capability statically,NONE,high,work/luna_worker_phase6wh_ota_residual_20260810.csv:2-7,d88e35ec08d9ef0a55a3dbc17dc430b62d3b419810653542b6dd3077095cca24;4d0128ee85eec7b0c88716012858bef699f740907e46e854939c83a6c9e99077;d653e4a84898509781a333c56502087a83981781fcf6612d7026bfd79602b477;1136d4815ae63011522fead17ef743bc0daa57334ae6ebb3b4c05c1d09507c52;c99f6884fa298546b18722a5addb46ae35aff4c9f6003d8ad3ccaebe2edfdbd9,duplicate_no_new_gap,previous public Phase 6X4 corpus
6X-OTA-04,6X-OTA,temporary path/symlink/canonicalization,existing Java/native staging and cache evidence,SideloadMover/MakeFreeSpaceOnCache are static callers only; external input provenance UNKNOWN,"basename staging, rename/copy-delete fallback, readlink/unlink/free-space helpers; no proven no-follow/atomicity gate","Path owner, race semantics, helper return dataflow, and writer identity UNKNOWN",Potential staging/cache and native writer capability remains bounded; no arbitrary-path write established,NONE,high,work/luna_worker_ota_canonicalization_provenance_20260810.md:1-34,4d6bc6518f8f45773ac517225d33e9f990ed1de5c590c2b68bf827482e057e64,duplicate_unknown_boundary,previous public Phase 6X4 corpus
6XG-001,6XG-GPL,input/uinput,kernel/mediatek/mt8183/4.4/drivers/input/misc/uinput.c:909-933; source SHA-256 98b41492311d9b9fb9ccbfe269a2fddc0fb436f3048b7887e1f6e5482d36211,"uinput_fops: read, write, unlocked_ioctl, compat_ioctl; misc_register",CONFIG_INPUT_UINPUT=y (artifacts/phase5/ps7331-ikconfig-20260804-01/kernel.config:2146); no capable()/credential gate in inspected uinput source; final node mode/SELinux not joined,No exact shipped native ELF open/write/ioctl callsite; package and UID/domain not established,Synthetic input device creation and event injection into the kernel input graph; no direct PMS/HOME writer in scoped source,Source capability is confirmed; shipped caller/reachability and package effect are not established,"high source, low caller",firmware/extracted/PS7331-SOURCE-20250617/platform.tar member kernel/mediatek/mt8183/4.4/drivers/input/misc/uinput.c,98b41492311d9b9fb9ccbfe269a2fddc0fb436f3048b7887e1f6e5482d36211a,NEW_SOURCE_EVIDENCE,previous public Phase 6X4 corpus
6XG-002,6XG-GPL,power-supply sysfs,"kernel/mediatek/mt8183/4.4/drivers/power/power_supply_sysfs.c:34-39,115-136,238-263; source SHA-256 54409386286849db4768d1b013b0151c3b8e52d3c5b4e434b52d8881364cc38e",POWER_SUPPLY_ATTR store; power_supply_store_property -> power_supply_set_property,"CONFIG_POWER_SUPPLY=y; attributes are read-only by default and gain S_IWUSR only when psy->desc->property_is_writeable(psy, property)>0; no SELinux/domain caller join","No exact shipped native sysfs write caller, package, UID, or domain established",Battery/charger power-supply property mutation when the provider advertises a writable property; no package/HOME sink shown,Generic source writer with provider callback gate; shipped path and caller unknown,"high source, low caller",firmware/extracted/PS7331-SOURCE-20250617/platform.tar member kernel/mediatek/mt8183/4.4/drivers/power/power_supply_sysfs.c,54409386286849db4768d1b013b0151c3b8e52d3c5b4e434b52d8881364cc38e,NEW_SOURCE_EVIDENCE,previous public Phase 6X4 corpus
6XG-003,6XG-GPL,RPMB char device precise negative,"kernel/mediatek/mt8183/4.4/drivers/char/rpmb/rpmb-mtk.c:2364-2544,2732-2764; source SHA-256 a6b070190ad8b97173c129509e6d8f8ae8c9f0d383bc349be44d9c919387c8d5","rpmb_fops: open, release, unlocked_ioctl; .write=NULL; .read=NULL; cdev_add/device_create with RPMB_NAME","CONFIG_RPMB=y; CONFIG_RPMB_INTF_DEV is not set in merged kernel.config:2235-2237; no local capable() proof; TEE/authentication is downstream, not a userspace identity proof",Existing rpmb_svc process evidence does not identify a native open/ioctl callsite or package/UID; no ordinary-app caller established,Authenticated persistent RPMB read/write/counter operations are available only through ioctl path in this fops; direct read/write file operations are source-negated,Precise negative for read/write fops; ioctl sink remains source-only with caller/node ownership unresolved,"high source, medium classification",firmware/extracted/PS7331-SOURCE-20250617/platform.tar member kernel/mediatek/mt8183/4.4/drivers/char/rpmb/rpmb-mtk.c,a6b070190ad8b97173c129509e6d8f8ae8c9f0d383bc349be44d9c919387c8d5,PRECISE_NEGATIVE_PLUS_SOURCE,previous public Phase 6X4 corpus
6XG-004,6XG-GPL,vendor/mediatek archive path,platform archive member listing: no vendor/mediatek path; Amazon source is device/amazon/kernel/driver; kernel MediaTek tree is kernel/mediatek/...,No source registration/API because path is absent,Archive-level path absence; do not infer that a separate vendor tree is kernel build provenance,No caller/package/UID can be assigned to an absent path,No driver sink attributable to absent vendor/mediatek path; any vendor ELF/policy linkage requires an exact manifest/build reference,Exact negative only; no reachability or vulnerability claim,high for archive path negative,firmware/extracted/PS7331-SOURCE-20250617/platform.tar,69c62d65a387e22b39678df8054e6cae12b4d95b8c5d9bf21ad53811491a7fdd,PRECISE_NEGATIVE,previous public Phase 6X4 corpus
6XG-005,6XG-GPL,uinput native/SELinux caller join negative,Existing exact-build native inventory and extracted vendor policy were scanned for a path-specific /dev/uinput caller and uinput node type/allow; no tuple found,No exact shipped ELF open/write/ioctl caller; no uinput-specific file-context/allow tuple identified in bounded artifacts,Inventory/policy absence is a negative join only; it does not prove node absence or denial,"No package, UID, or SELinux domain established",No confirmed input-injection or package/HOME effect from shipped native code,Precise negative for caller/policy closure; source capability remains 6XG-001,medium,artifacts/phase5/phase5cs-native-analysis-20260804-01/native-inventory.csv,9d1313d25cb45492d5656d03f05b7e60f5d037ccef15c20d9edec5e0fdbf17f9,PRECISE_NEGATIVE,previous public Phase 6X4 corpus
6Y-001,6Y-PERM,permission-definition,android.amazon.perm declares com.amazon.tv.developer.sdk.personalization.USE_SDK,unknown/no bounded requester,manifest declaration only; no service-side check joined; protection=0x0 (normal),owner android.amazon.perm sharedUserId=android.uid.system; holder/grant not established,none joined in bounded exact manifests/disassembly,no observed effect; low protection is a static candidate only,high declaration; low reachability,artifacts/phase6bk/protected-broadcast-union-20260810-02/manifests/018_android.amazon.perm.xmltree.txt,89e141fbf220b18a8fe4ca2a959119a3ea0915e158dd514677a5285951daefed,NEW_STATIC_LOW_PROTECTION_NO_SINK,previous public Phase 6X4 corpus
6Y-002,6Y-PERM,permission-definition,android.amazon.perm declares com.amazon.tv.developer.sdk.content.USE_SDK,unknown/no bounded requester,manifest declaration only; no service-side check joined; protection=0x0 (normal),owner android.amazon.perm sharedUserId=android.uid.system; holder/grant not established,none joined in bounded exact manifests/disassembly,no observed effect; low protection is a static candidate only,high declaration; low reachability,artifacts/phase6bk/protected-broadcast-union-20260810-02/manifests/018_android.amazon.perm.xmltree.txt,89e141fbf220b18a8fe4ca2a959119a3ea0915e158dd514677a5285951daefed,NEW_STATIC_LOW_PROTECTION_NO_SINK,previous public Phase 6X4 corpus
6Y-003,6Y-PERM,permission-definition,android.amazon.perm declares com.amazon.mw.permission.PLUGIN,unknown/no bounded requester,manifest declaration only; no service-side check joined; protection=0x1 (dangerous),owner android.amazon.perm sharedUserId=android.uid.system; holder/grant not established,none joined in bounded exact manifests/disassembly,no observed effect; dangerous protection is a static candidate only,high declaration; low reachability,artifacts/phase6bk/protected-broadcast-union-20260810-02/manifests/018_android.amazon.perm.xmltree.txt,89e141fbf220b18a8fe4ca2a959119a3ea0915e158dd514677a5285951daefed,NEW_STATIC_LOW_PROTECTION_NO_SINK,previous public Phase 6X4 corpus
6Y-004,6Y-PERM,permission-definition,android.amazon.perm declares com.amazon.mw.permission.PLUGIN_CONSUMER,unknown/no bounded requester,manifest declaration only; no service-side check joined; protection=UNKNOWN (no protectionLevel attribute in bounded declaration),owner android.amazon.perm sharedUserId=android.uid.system; holder/grant not established,none joined in bounded exact manifests/disassembly,no observed effect; protection level cannot be safely decoded from this record,medium declaration; low reachability,artifacts/phase6bk/protected-broadcast-union-20260810-02/manifests/018_android.amazon.perm.xmltree.txt,89e141fbf220b18a8fe4ca2a959119a3ea0915e158dd514677a5285951daefed,NEW_STATIC_DEFINITION_NO_SINK,previous public Phase 6X4 corpus
6Z-001,6Z-COMPONENT,OOBE-OTA-receiver,com.amazon.kindle.otter.oobe.BootAfterSystemOTAReceiver,SystemServer AmazonPackageManagerService.onBootPhase-550 plus PMS.isUpgrade,protected RECEIVE_BOOT_AFTER_SYSTEM_OTA plus receiver action-OOBE-retail-demo guards; action=com.amazon.intent.action.BOOT_AFTER_SYSTEM_OTA,system-server Context user-derived; numeric user UNKNOWN,PackageHelper.enableComponent to OobeHomeActivity plus OOBEActivationHelper,Enables OOBE activity and enters guarded OOBE activation; no proven Fire Launcher HOME setter,high,artifacts/phase6j/ota-oobe-ps7331-jadx-20260805-01/sources/com/amazon/kindle/otter/oobe/BootAfterSystemOTAReceiver.java:27-61,c29b32bf6874b245859357d926773193c15771a6eb254f97edac57541ae5cb90,STATIC_CONFIRMED_NUMERIC_USER_UNKNOWN,previous public Phase 6X4 corpus
6Z-002,6Z-COMPONENT,OOBE-settings,com.amazon.kindle.otter.oobe.commons.OOBEActivationHelper,BootAfterSystemOTAReceiver guarded lifecycle sender,protected OTA lifecycle plus incremental-OOBE branch; no ordinary caller path; action=guarded BootAfterSystemOTA branch,ContentResolver user inherited from receiver Context; numeric user UNKNOWN,SettingsDBUtils to Settings.Secure-Global user_setup_complete=0 and isOOBEActive=1,Mutates setup-OOBE state only when lifecycle guard passes; no HOME or preferred-package sink,high,artifacts/phase6j/ota-oobe-ps7331-jadx-20260805-01/sources/com/amazon/kindle/otter/oobe/commons/OOBEActivationHelper.java:29-34;53-56,6ebcb7eef7a03459a76b9c21cd59b61a30947f2b00a5624a4646825b8e3223d2,STATIC_SINK_CONFIRMED_EXACT_USER_UNKNOWN,previous public Phase 6X4 corpus
6Z-003,6Z-COMPONENT,exported-receiver,com.amazon.dcpms.fos.service.lifecycle.pca.profileswitch.PCAActiveProfileReceiver,upstream producer UNKNOWN; exported entry has no component permission in saved manifest,manifest action gate plus PROGRAM_ID and PACKAGE_NAME extras; action=com.amazon.device.ACTION_ACTIVE_PROFILE_UPDATED,receiver application user scope and cross-user acceptance UNKNOWN,CDE profile type and OS user type and active-app list persistence to DeviceExperienceModeEvaluator.evaluate,Updates DCPMS policy state; no SettingsProvider PMS HOME package-state or OTA sink,medium,artifacts/phase6bk/protected-broadcast-expanded-20260810-01/manifests/010_com.amazon.dcpms.fos.service.xmltree.txt:115-122,9e3446c250d89a274ddf9438742d04e04950c9ce7d5b1b48beb318449b120fd4,STATIC_EXPORTED_POLICY_SINK_CALLER_UNKNOWN,previous public Phase 6X4 corpus
6Z-004,6Z-COMPONENT,exported-protected-action-receiver,com.amazon.dcpms.fos.service.lifecycle.device.userswitch.DeviceUserSwitchReceiver,system/framework USER_SWITCHED producer,protected USER_SWITCHED gate; ordinary sender not established; action=android.intent.action.USER_SWITCHED,receiver user and profile scope UNKNOWN,CDE PCA-profile and OS-user persistence plus child active-app-list clear to evaluator,Updates policy and profile state; no HOME PMS package-state or OTA sink,high,artifacts/phase6bk/protected-broadcast-expanded-20260810-01/manifests/010_com.amazon.dcpms.fos.service.xmltree.txt:105-113,9e3446c250d89a274ddf9438742d04e04950c9ce7d5b1b48beb318449b120fd4,STATIC_PROTECTED_ACTION_POLICY_SINK_CALLER_UNKNOWN,previous public Phase 6X4 corpus
6Z-005,6Z-COMPONENT,exported-permissioned-receiver,com.amazon.dcpms.fos.service.lifecycle.device.userswitch.AccountPropertyChangeReceiver,producer UNKNOWN,caller must satisfy AmazonAccountPropertyService.property.changed; permission protection and holder UNKNOWN; action=com.amazon.dcp.sso.action.AmazonAccountPropertyService.property.changed,receiver user scope UNKNOWN,CDE profile type and OS-user persistence to evaluator,Policy persistence and evaluation only; no HOME PMS package-state or OTA sink,medium,artifacts/phase6bk/protected-broadcast-expanded-20260810-01/manifests/010_com.amazon.dcpms.fos.service.xmltree.txt:94-103,9e3446c250d89a274ddf9438742d04e04950c9ce7d5b1b48beb318449b120fd4,STATIC_PERMISSION_HOLDER_UNKNOWN,previous public Phase 6X4 corpus
6Z-006,6Z-COMPONENT,exported-permissioned-receiver,com.amazon.dcpms.fos.service.lifecycle.device.sync.GlobalContentSyncEventReceiver,producer UNKNOWN,GLOBAL_SYNC required; holder-protection and caller route UNKNOWN; action=com.amazon.intent.SYNC,receiver exact user scope UNKNOWN,JobIntentService to GlobalContentSyncEventService to ArcusSyncService.syncCDEPolicy,Triggers CDE policy sync; no OTA recovery HOME or PMS package-state sink,medium,artifacts/phase6bk/protected-broadcast-expanded-20260810-01/manifests/010_com.amazon.dcpms.fos.service.xmltree.txt:145-153,9e3446c250d89a274ddf9438742d04e04950c9ce7d5b1b48beb318449b120fd4,STATIC_PERMISSION_HOLDER_UNKNOWN,previous public Phase 6X4 corpus
6Z-007,6Z-COMPONENT,ProductPolicy-system-server-init,ProductPolicyService via productpolicyservice_fosinit.xml,init and system-server loader,registered in-process fosinit; no exported app component or external caller evidence; action=init service registration,system-server service identity; Binder publication and caller gate UNKNOWN,ProductPolicy service registration only; no verified HOME package Settings or OTA sink in bounded corpus,No exported component observed; service existence is not caller reachability,medium,artifacts/phase6bg-product-policy-readonly-20260805-01/productpolicyservice_fosinit.stderr.txt,e3b0c44298fc1c149afbf4c8996fb92427ae41e4649b934ca495991b7852b855,STATIC_REGISTRATION_ONLY_CALLER_AND_SINK_UNKNOWN,previous public Phase 6X4 corpus
6Z-008,6Z-COMPONENT,Settings-HOME-resource-and-PMS-state,default_home plus config_show_default_home=true plus per-user preferred-activities,Settings UI or shell read path; no new writer established,DefaultHomePreferenceController resource gate; normal dashboard omits default_home; set-home-activity is existing writer boundary; action=android.intent.action.MAIN plus CATEGORY_HOME,per-user PMS Settings state; exact shell authorization is existing PMS gate; no new caller route,com.android.server.pm.Settings preferred-activities and persistent-preferred-activities plus effective HOME resolver,Existing HOME resolver and preferred-state divergence only; no new shell-writable Settings or DeviceConfig key,high,work/luna_worker_settings_home_resource_followup_20260810.md,UNKNOWN_REPORT_FILE_HASH,CONFIRMED_EXISTING_BOUNDARY_DEDUPED,previous public Phase 6X4 corpus
6X-LIVE-001,6X-LIVE,device identity,adb read-only snapshot,adb shell getprop,none; observation only,serial G001LT0511550CFT; User 0 current,build fingerprint,PS7331.4463N/0031575863040; incremental 0031575863172; security patch 2024-08-01,Confirmed observation,adb/phase6x/PHASE6X-DEVICE-READONLY-20260810-01/getprop.stdout.txt,9d6158ab236efb6b72489e2109f2220506048f0dc1c77a0230fde41f655e0ea5,OBSERVED_READ_ONLY,previous public Phase 6X4 corpus
6X-LIVE-002,6X-LIVE,HOME User 0,cmd package resolve-activity,shell read-only query,resolver observation,User 0,formal HOME resolver,com.amazon.firelauncher/.Launcher; priority 50,Confirmed observation,adb/phase6x/PHASE6X-DEVICE-READONLY-20260810-01/home_user0.stdout.txt,MISSING,OBSERVED_READ_ONLY,previous public Phase 6X4 corpus
6X-LIVE-003,6X-LIVE,HOME candidates User 0,cmd package query-activities,shell read-only query,resolver observation,User 0,candidate set,"Fire 50, Microsoft 0, FallbackHome -1000",Confirmed observation,adb/phase6x/PHASE6X-DEVICE-READONLY-20260810-01/home_candidates_user0.stdout.txt,MISSING,OBSERVED_READ_ONLY,previous public Phase 6X4 corpus
6X-LIVE-004,6X-LIVE,HOME candidates User 10,cmd package resolve/query-activities,shell read-only query,resolver observation,User 10 test profile,candidate set,FallbackHome only; Fire is user-scoped disabled in saved package dump,Confirmed observation,adb/phase6x/PHASE6X-CURRENT-SCOPE-READONLY-20260810-01/home_user10.stdout.txt,90b0bcbb1461327869dd23bfe630d2c2d01971438248f0f8842bca931b5373af,OBSERVED_READ_ONLY,previous public Phase 6X4 corpus
6X-LIVE-005,6X-LIVE,Fire Launcher per-user state,dumpsys package com.amazon.firelauncher,shell read-only dump,package-state observation,User 0 enabled=0; User 10 enabled=2,package state,User 0 installed/visible/enabled; User 10 disabled; no cross-user User 0 effect observed,Confirmed observation,adb/phase6x/PHASE6X-CURRENT-SCOPE-READONLY-20260810-01/firelauncher_package.stdout.txt,86b91e5270d8f737609fd64481d9d7414fdcb164a169a936d038dc58450336ef,OBSERVED_READ_ONLY,previous public Phase 6X4 corpus
6X-LIVE-006,6X-LIVE,preferred HOME record,dumpsys package preferred-xml,shell read-only dump,preferred state observation,User 0 record,ordinary preferred activity,preferred record names com.amazon.firelauncher/.Launcher with MAIN/HOME/DEFAULT filter,Confirmed observation,adb/phase6x/PHASE6X-CURRENT-SCOPE-READONLY-20260810-01/preferred_activities.stdout.txt,7750d564a29046d0eb9e6d5d0565389d38cd5f6b9b4d8010fdf54f5dd667a8c6,OBSERVED_READ_ONLY,previous public Phase 6X4 corpus
6X2-IPC-001,6X2,IPC,,external dump caller; UID UNKNOWN,android.permission.DUMP protection semantics not re-derived in bounded corpus,default/device settings user; explicit user overload absent,Settings.System.putInt(screen_brightness),POSITIVE sink and gate; NEGATIVE for HOME/package/OTA,UNKNOWN,decompiled/baksmali/vdexExtractor/fosservices/disassembly.log:16376-16534;16413-16464;16519-16524,bd91a9c407c036373a8cf5957e3d7f00846dcd7cd25e24dbdca713fc96ae873a,STATIC_SETTINGS_SINK_NOT_NEW,previous public Phase 6X4 corpus
6X2-IPC-002,6X2,IPC,,remote Binder caller UNKNOWN,com.amazon.alexa.permission.MODE_SWITCH protection level/holder UNKNOWN,USER_CURRENT=-2,SecureSettingsHelper.putIntForUser(orientation_in_previous_mode),POSITIVE,UNKNOWN,decompiled/baksmali/vdexExtractor/fosservices/disassembly.log:29308-29317;29345-29355;29384-29400;29517-29520;29570-29580,bd91a9c407c036373a8cf5957e3d7f00846dcd7cd25e24dbdca713fc96ae873a,STATIC_SETTINGS_SINK_NOT_NEW,previous public Phase 6X4 corpus
6X2-IPC-003,6X2,IPC,,system_server/input-monitor publisher; external caller UNKNOWN,permission and protection UNKNOWN,system/default secure scope; non-user overload,Settings.Secure.putInt(camera_shutter_state),POSITIVE bounded callback sink; NEGATIVE external Binder reachability,UNKNOWN,decompiled/baksmali/vdexExtractor/fosservices/disassembly.log:27078-27265;27426-27435;28453-28456,bd91a9c407c036373a8cf5957e3d7f00846dcd7cd25e24dbdca713fc96ae873a,STATIC_CALLBACK_SINK_NOT_NEW,previous public Phase 6X4 corpus
6X2-IPC-004,6X2,IPC,,external sender UNKNOWN,com.amazon.kindle.otter.oobe.OOBE_PERMISSION protection level and holder UNKNOWN,receiver user scope UNKNOWN,downstream Settings/HOME/package sink not joined,POSITIVE exported declaration; NEGATIVE complete target sink,UNKNOWN,decompiled/jadx/settings/resources/AndroidManifest.xml; artifacts/phase6h/phase6h-framework-ipc-20260804-01/manifest-components.csv:202; artifacts/phase6w/exported-component-audit-20260805-01/high-impact-exported-candidates.csv:56,bd91a9c407c036373a8cf5957e3d7f00846dcd7cd25e24dbdca713fc96ae873a,EXPORTED_PERMISSION_UNKNOWN_NO_NEW_CHAIN,previous public Phase 6X4 corpus
6X2-IPC-005,6X2,IPC,,producer UNKNOWN,com.amazon.dcp.sso.permission.AmazonAccountPropertyService.property.changed protection/holder UNKNOWN,receiver user scope UNKNOWN,CDE/profile persistence and evaluator; no HOME/PMS/OTA sink,POSITIVE policy sink; NEGATIVE target sink,UNKNOWN,artifacts/phase6bk/protected-broadcast-expanded-20260810-01/manifests/010_com.amazon.dcpms.fos.service.xmltree.txt:94-103; work/luna_worker_phase6sv_exported_surface_20260810.csv:4,bd91a9c407c036373a8cf5957e3d7f00846dcd7cd25e24dbdca713fc96ae873a,EXPORTED_POLICY_ONLY_DUPLICATE,previous public Phase 6X4 corpus
6X2-IPC-006,6X2,IPC,,production caller UNKNOWN; test-only callers excluded,register: no local permission; deregister: creator UID equality gate; protection holder UNKNOWN,user scope not explicit; receiver map only,implicit receiver registration map; first package/HOME sink NOT_FOUND,POSITIVE gate markers; NEGATIVE target sink,UNKNOWN,decompiled/baksmali/vdexExtractor/fosservices/disassembly.log:95877-95954;97828-97986; work/luna_worker_amazonpm_caller_inventory_20260810.csv:2-3,bd91a9c407c036373a8cf5957e3d7f00846dcd7cd25e24dbdca713fc96ae873a,PROXY_RESIDUAL_DUPLICATE,previous public Phase 6X4 corpus
6X2-IPC-007,6X2,IPC,,external client UNKNOWN,signature BIND_SERVICE declaration; exact holder/grant join UNKNOWN,trusted adult/child profile scope; exact user data-flow partial,user creation/removal and profile Settings relay; no HOME/PMS component sink,POSITIVE workflow sink; NEGATIVE HOME/package sink,UNKNOWN,artifacts/phase6mc-alta-jadx-20260810-01/sources/com/amazon/alta/h2clientservice/H2ClientService.java:104-126;226-236; artifacts/phase6it-missing-system-apps-20260807-01-files/jadx/sources/com/amazon/alta/h2clientservice/Manifest.java:6-9,bd91a9c407c036373a8cf5957e3d7f00846dcd7cd25e24dbdca713fc96ae873a,EXPORTED_SERVICE_DUPLICATE,previous public Phase 6X4 corpus
6X2-IPC-008,6X2,IPC,,caller/package/account provenance UNKNOWN,o() and qualification gates; exact permission protection UNKNOWN,UserHandle.myUserId plus injected user/profile semantics UNKNOWN,secure-settings-class writer; browser-default/install bookkeeping; no HOME/Fire writer,POSITIVE bounded non-HOME sink; NEGATIVE target sink,UNKNOWN,artifacts/phase6mb-vending-jadx-20260810-01/base/sources/com/google/android/finsky/setup/dse/impl/DseService.java:272-484;576-603; output/tables/phase6qb-residual-inventory.csv:8-12,bd91a9c407c036373a8cf5957e3d7f00846dcd7cd25e24dbdca713fc96ae873a,VENDING_RESIDUAL_DUPLICATE,previous public Phase 6X4 corpus
6X2-OTA-001,6X2,OTA,official OTA ZIP,official OTA ZIP,PS7331.4463N trona release OTA; SHA-256 9f50d2f321f31d2db6bff9bc463cd5faa3597b2fba83d4c35c10ec9d7fbe3cd5,PS7331,,Historical README separately marks installed PS7330 mismatch,UNKNOWN,firmware/manifests/OTA-20260803-01/README.md; firmware/manifests/OTA-20260803-01/sha256sums.txt,0c3204db56e1021c12fe12d23fa90fc275fcfec4f485570bdde76afcc2241ddc,CONFIRMED,previous public Phase 6X4 corpus
6X2-OTA-002,6X2,OTA,ZIP member inventory,ZIP member inventory,META-INF metadata otacert update-binary updater-script; .new.dat.br; transfer lists; boot/images,PS7331,,Traditional signed BLOCK OTA,UNKNOWN,artifacts/phase5/ps7331-ota-metadata-inspection-20260804-01/members.tsv,0c3204db56e1021c12fe12d23fa90fc275fcfec4f485570bdde76afcc2241ddc,CONFIRMED,previous public Phase 6X4 corpus
6X2-OTA-003,6X2,OTA,ZIP member inventory,ZIP member inventory,No payload.bin and no A/B postinstall executable member,PS7331,,Postinstall executable route is negative for package-shape scope,UNKNOWN,artifacts/phase5/ps7331-ota-metadata-inspection-20260804-01/members.tsv,0c3204db56e1021c12fe12d23fa90fc275fcfec4f485570bdde76afcc2241ddc,NEGATIVE,previous public Phase 6X4 corpus
6X2-OTA-004,6X2,OTA,updater-script assertions,updater-script assertions,Build date and ro.product.device trona assertions,PS7331,,Static script gate only,UNKNOWN,artifacts/phase5/ps7331-ota-metadata-inspection-20260804-01/updater-script.txt,0c3204db56e1021c12fe12d23fa90fc275fcfec4f485570bdde76afcc2241ddc,CONFIRMED,previous public Phase 6X4 corpus
6X2-OTA-005,6X2,OTA,SideloadMetadataChecker.check,SideloadMetadataChecker.check,Version signature-transition product and PVT checks,PS7331,,Transition/downgrade controls are OTASettings gated,UNKNOWN,artifacts/phase6j/phase6j-ota-apk-jadx-ps7331-20260805-01/sources/com/amazon/dcp/ota/SideloadMetadataChecker.java:24-29,0c3204db56e1021c12fe12d23fa90fc275fcfec4f485570bdde76afcc2241ddc,CONFIRMED,previous public Phase 6X4 corpus
6X2-OTA-006,6X2,OTA,SideloadVerifier.verifySideloadWithRecoveryCheck,SideloadVerifier.verifySideloadWithRecoveryCheck,Sanity metadata RecoverySystemWrapper.verifyPackage device state,PS7331,,Platform verifier implementation not present in preserved Java,UNKNOWN,artifacts/phase6j/phase6j-ota-apk-jadx-ps7331-20260805-01/sources/com/amazon/dcp/ota/SideloadVerifier.java:31-58,0c3204db56e1021c12fe12d23fa90fc275fcfec4f485570bdde76afcc2241ddc,CONFIRMED,previous public Phase 6X4 corpus
6X2-OTA-007,6X2,OTA,OSUpdateValidator.validateOSUpdate,OSUpdateValidator.validateOSUpdate,Hash then RecoverySystem.verifyPackage then OSUpdatePropertiesValidator,PS7331,,Call order is exact in source,UNKNOWN,artifacts/phase6j/phase6j-ota-apk-jadx-ps7331-20260805-01/sources/com/amazon/device/software/ota/tasks/validate/OSUpdateValidator.java:73-78,0c3204db56e1021c12fe12d23fa90fc275fcfec4f485570bdde76afcc2241ddc,CONFIRMED,previous public Phase 6X4 corpus
6X2-OTA-008,6X2,OTA,SideloadMover.maybeMoveSideloadFile,SideloadMover.maybeMoveSideloadFile,Basename destination and FileHelper.moveFile,PS7331,,No Java canonicalPath realpath lstat or O_NOFOLLOW marker,UNKNOWN,artifacts/phase6j/phase6j-ota-apk-jadx-ps7331-20260805-01/sources/com/amazon/dcp/ota/SideloadMover.java:31-44,0c3204db56e1021c12fe12d23fa90fc275fcfec4f485570bdde76afcc2241ddc,CONFIRMED,previous public Phase 6X4 corpus
6X2-OTA-009,6X2,OTA,SideloadInstaller.installSideload,SideloadInstaller.installSideload,Metadata/device checks then mover then installOSUpdate,PS7331,,WithoutRecoveryCheck branch is not proof of bypass because normal integrity path is separate,UNKNOWN,artifacts/phase6j/phase6j-ota-apk-jadx-ps7331-20260805-01/sources/com/amazon/dcp/ota/SideloadInstaller.java:65-90,0c3204db56e1021c12fe12d23fa90fc275fcfec4f485570bdde76afcc2241ddc,CONFIRMED,previous public Phase 6X4 corpus
6X2-OTA-010,6X2,OTA,UpdateSystemWrapper.install,UpdateSystemWrapper.install,Path prefix remap settings write then UpdateSystem.install,PS7331,,Recovery/native exec caller remains separate boundary,UNKNOWN,artifacts/phase6j/phase6j-ota-apk-jadx-ps7331-20260805-01/sources/com/amazon/device/framework/UpdateSystemWrapper.java:33-43,0c3204db56e1021c12fe12d23fa90fc275fcfec4f485570bdde76afcc2241ddc,CONFIRMED,previous public Phase 6X4 corpus
6X2-OTA-011,6X2,OTA,OTA controller holders,OTA controller holders,com.amazon.dcp.ota.permission.CONTROLLER and PROCESS_UPDATES protected surface,PS7331,,Holder evidence is privileged/controller capability,UNKNOWN,artifacts/phase6j/ota-controller-holders-manifest-audit-20260805-02/com-amazon-dcp.manifest.txt; com-amazon-otter-forced-ota.manifest.txt,0c3204db56e1021c12fe12d23fa90fc275fcfec4f485570bdde76afcc2241ddc,CONFIRMED,previous public Phase 6X4 corpus
6X2-OTA-012,6X2,OTA,main to block-image registry,main to block-image registry,RegisterBlockImageFunction to RegisterFunction; block_image_update to BlockImageUpdateFn 0x40b8b8,PS7331,,Static registration not execution,UNKNOWN,findings/phase-6mm-updater-blockimage-closure.md; artifacts/phase6mm-updater-blockimage-20260810-01/block-image-registration.csv,0c3204db56e1021c12fe12d23fa90fc275fcfec4f485570bdde76afcc2241ddc,CONFIRMED,previous public Phase 6X4 corpus
6X2-OTA-013,6X2,OTA,PackageExtractFileFn,PackageExtractFileFn,PackageExtractFileFn to ota_open to open and extraction fsync close,PS7331,,Capability not reachability,UNKNOWN,findings/phase-6kt-recovery-verifier-provenance.md,0c3204db56e1021c12fe12d23fa90fc275fcfec4f485570bdde76afcc2241ddc,CONFIRMED,previous public Phase 6X4 corpus
6X2-OTA-014,6X2,OTA,BlockImageUpdateFn to WriteToPartition,BlockImageUpdateFn to WriteToPartition,PerformBlockImageUpdate to WriteToPartition to ota_write to write,PS7331,,No execution or partition write,UNKNOWN,findings/phase-6kt-recovery-verifier-provenance.md; findings/phase-6mm-updater-blockimage-closure.md,0c3204db56e1021c12fe12d23fa90fc275fcfec4f485570bdde76afcc2241ddc,CONFIRMED,previous public Phase 6X4 corpus
6X2-OTA-015,6X2,OTA,updater-script,updater-script,system vendor boot preloader lk tee1 tee2 spmfw sspm_1 cam_vpu1 cam_vpu2 cam_vpu3 and cache blocklist,PS7331,,No arbitrary target conclusion,UNKNOWN,artifacts/phase5/ps7331-ota-metadata-inspection-20260804-01/updater-script.txt,0c3204db56e1021c12fe12d23fa90fc275fcfec4f485570bdde76afcc2241ddc,CONFIRMED,previous public Phase 6X4 corpus
6X2-OTA-016,6X2,OTA,MakeFreeSpaceOnCache,MakeFreeSpaceOnCache,0x417bf0 to __readlink_chk 0x4ce4e8,PS7331,,Callsite is path-related but impact is unknown,UNKNOWN,artifacts/phase6mm-updater-blockimage-20260810-01/canonicalization-call-sites.csv; findings/phase-6mm-updater-blockimage-closure.md,0c3204db56e1021c12fe12d23fa90fc275fcfec4f485570bdde76afcc2241ddc,CONFIRMED,previous public Phase 6X4 corpus
6X2-OTA-017,6X2,OTA,selected direct-call graph,selected direct-call graph,No selected direct edge from readlink helper to extraction/block-image/write sinks,PS7331,,Not binary-wide absence and not traversal proof,UNKNOWN,findings/phase-6mm-updater-blockimage-closure.md,0c3204db56e1021c12fe12d23fa90fc275fcfec4f485570bdde76afcc2241ddc,NEGATIVE,previous public Phase 6X4 corpus
6X2-OTA-018,6X2,OTA,CacheSizeCheck and callers,CacheSizeCheck and callers,Body return/error branches and all indirect dispatch not fully selected,PS7331,,No symlink/traversal test,UNKNOWN,work/luna_worker_ota_canonicalization_provenance_20260810.md,0c3204db56e1021c12fe12d23fa90fc275fcfec4f485570bdde76afcc2241ddc,UNKNOWN,previous public Phase 6X4 corpus
6X2-OTA-019,6X2,OTA,platform recovery verifier,platform recovery verifier,RecoverySystemWrapper delegates to platform RecoverySystem; exact native verifier absent,PS7331,,Do not infer AVB bypass,UNKNOWN,findings/phase-6kt-recovery-verifier-provenance.md,0c3204db56e1021c12fe12d23fa90fc275fcfec4f485570bdde76afcc2241ddc,UNKNOWN,previous public Phase 6X4 corpus
6X2-OTA-020,6X2,OTA,otacert and verifyPackage,otacert and verifyPackage,Certificate material plus verification API call boundary,PS7331,,Full cryptographic implementation unknown,UNKNOWN,artifacts/phase5/ps7331-ota-metadata-inspection-20260804-01/otacert.pem; artifacts/phase6j/phase6j-ota-apk-jadx-ps7331-20260805-01/sources/com/amazon/android/os/RecoverySystemWrapper.java:21-23,0c3204db56e1021c12fe12d23fa90fc275fcfec4f485570bdde76afcc2241ddc,CONFIRMED,previous public Phase 6X4 corpus
6X2-OTA-021,6X2,OTA,bootloader/recovery rollback index,bootloader/recovery rollback index,No exact rollback-index decision branch in saved corpus,PS7331,,Date/version gates are not equivalent to anti-rollback proof,UNKNOWN,findings/phase-6kt-recovery-verifier-provenance.md,0c3204db56e1021c12fe12d23fa90fc275fcfec4f485570bdde76afcc2241ddc,UNKNOWN,previous public Phase 6X4 corpus
6X2-OTA-022,6X2,OTA,shell UID / ordinary app,shell UID / ordinary app,No saved caller chain from shell or ordinary APK to UpdateSystem.install/recovery writer,PS7331,,Bounded negative not universal absence,UNKNOWN,findings/phase-6kt-recovery-verifier-provenance.md; findings/phase-6j-ota-apk-deep-review.md,0c3204db56e1021c12fe12d23fa90fc275fcfec4f485570bdde76afcc2241ddc,NEGATIVE,previous public Phase 6X4 corpus
6X2-OTA-023,6X2,OTA,installed device snapshot,installed device snapshot,Installed snapshot PS7330.4104N versus adjacent OTA PS7331.4463N,PS7330,,Keep historical mismatch separate from current PS7331 package facts,UNKNOWN,firmware/manifests/OTA-20260803-01/README.md,0c3204db56e1021c12fe12d23fa90fc275fcfec4f485570bdde76afcc2241ddc,VERSION_MISMATCH,previous public Phase 6X4 corpus
AC-001,6X2,User 0 MAIN+HOME resolver,findings/phase-6cy-accessibility-reboot-unlock-result.md; output/tables/phase6cy-reboot-unlock-result.csv,,,,,,confirmed,work/luna_worker_phase6ac_accessibility_review_20260810.csv,9facf88fa4ba378ab9665cac2e6e6a69a3891a106dd9f9131f80fdc2f9014d4c,TRUE_HOME_FIRE,previous public Phase 6X4 corpus
AC-002,6X2,Original Phase 4 Accessibility direct redirect,findings/phase-4b-assisted-workarounds.md; adb/phase4/PHASE4-ACCESSIBILITY-T01/measure/summary.tsv,,,,,,confirmed,work/luna_worker_phase6ac_accessibility_review_20260810.csv,9facf88fa4ba378ab9665cac2e6e6a69a3891a106dd9f9131f80fdc2f9014d4c,FAILED_FOREGROUND_REDIRECT,previous public Phase 6X4 corpus
AC-003,6X2,PendingIntent GUI consent boundary,findings/phase-6cv-accessibility-pendingintent-gui-boundary.md; output/tables/phase6cv-accessibility-pendingintent-gui-boundary.csv,,,,,,confirmed-boundary,work/luna_worker_phase6ac_accessibility_review_20260810.csv,9facf88fa4ba378ab9665cac2e6e6a69a3891a106dd9f9131f80fdc2f9014d4c,UNKNOWN_NOT_MEASURED,previous public Phase 6X4 corpus
AC-004,6X2,Microsoft retry Accessibility 350/1000/1800 ms,findings/phase-6cy-ms-targeted-accessibility-retry.md; output/tables/phase6cy-ms-targeted-accessibility-retry.csv,,,,,,confirmed-but-nondeterministic,work/luna_worker_phase6ac_accessibility_review_20260810.csv,9facf88fa4ba378ab9665cac2e6e6a69a3891a106dd9f9131f80fdc2f9014d4c,FOREGROUND_REDIRECT,previous public Phase 6X4 corpus
AC-005,6X2,Reboot plus owner unlock Accessibility retry,findings/phase-6cy-accessibility-reboot-unlock-result.md; findings/phase-6hb-ms-accessibility-reboot-persistence.md,,,,,,confirmed-foreground-only,work/luna_worker_phase6ac_accessibility_review_20260810.csv,9facf88fa4ba378ab9665cac2e6e6a69a3891a106dd9f9131f80fdc2f9014d4c,UNLOCK_AFTER_REDIRECT,previous public Phase 6X4 corpus
AC-006,6X2,Accessibility timeout 50 ms A/B,findings/phase-6cy-accessibility-timeout-ab-boundary.md; output/tables/phase6cy-accessibility-reboot-persistence.csv,,,,,,confirmed-negative-optimization,work/luna_worker_phase6ac_accessibility_review_20260810.csv,9facf88fa4ba378ab9665cac2e6e6a69a3891a106dd9f9131f80fdc2f9014d4c,FOREGROUND_REDIRECT_NOT_ADOPTED,previous public Phase 6X4 corpus
AC-007,6X2,Accessibility consume/key-event path,adb/phase6cy/PHASE6CY-CONSUME-HOME-20260807-02/result.json; findings/phase-6cy-accessibility-adb-pause-boundary.md,,,,,,confirmed-boundary,work/luna_worker_phase6ac_accessibility_review_20260810.csv,9facf88fa4ba378ab9665cac2e6e6a69a3891a106dd9f9131f80fdc2f9014d4c,FAILED_OR_PARTIAL_FOREGROUND,previous public Phase 6X4 corpus
AC-008,6X2,UsageStats public third-party route,adb/phase6ac/PHASE6AC-RO-20260805-01/pm_dump.stdout.txt; adb/phase6ao/PHASE6AO-RO-20260805-01/package_dump_full.stdout.txt,,,,,,unknown,work/luna_worker_phase6ac_accessibility_review_20260810.csv,9facf88fa4ba378ab9665cac2e6e6a69a3891a106dd9f9131f80fdc2f9014d4c,UNKNOWN_NOT_VALIDATED,previous public Phase 6X4 corpus
AC-009,6X2,ADB-connected host foreground monitor,findings/phase-6iq-adb-foreground-fallback.md; adb/phase6iq/PHASE6IQ-ADB-MONITOR-20260807-05/,,,,,,confirmed-but-not-approved,work/luna_worker_phase6ac_accessibility_review_20260810.csv,9facf88fa4ba378ab9665cac2e6e6a69a3891a106dd9f9131f80fdc2f9014d4c,FOREGROUND_REDIRECT_CLOSED,previous public Phase 6X4 corpus
AC-010,6X2,Unlock workaround / keyguard bypass,findings/phase-6hb-ms-accessibility-reboot-persistence.md; findings/phase-6cy-accessibility-reboot-unlock-result.md,,,,,,unknown,work/luna_worker_phase6ac_accessibility_review_20260810.csv,9facf88fa4ba378ab9665cac2e6e6a69a3891a106dd9f9131f80fdc2f9014d4c,UNKNOWN_NOT_A_WORKAROUND,previous public Phase 6X4 corpus
AC-011,6X2,Transparent resident assist candidate,tools/phase4-accessibility/README.md; tools/phase4-accessibility/src/org/fireosresearch/phase4/redirect/LauncherRedirectService.java,,,,,,conditional,work/luna_worker_phase6ac_accessibility_review_20260810.csv,9facf88fa4ba378ab9665cac2e6e6a69a3891a106dd9f9131f80fdc2f9014d4c,SAFE_FOREGROUND_ASSIST_ONLY,previous public Phase 6X4 corpus
6X2-ROUTES-001,6X2,OOBE receiver -> exact numeric user -> setup/component sink,,,,,,,UNKNOWN,findings/phase-6z-evidence-index.md; work/luna_worker_phase6z_components_20260810.csv rows 6Z-001/002; artifacts/phase6mg-oobe-helper-scope-20260810-01/,d666aab4deae3bd37ddbc528dd63680256318b709a467659925b3952ef19829c,untested_host_only,previous public Phase 6X4 corpus
6X2-ROUTES-002,6X2,DCPMS exported lifecycle receiver -> producer/permission -> profile-policy sink,,,,,,,UNKNOWN,work/luna_worker_phase6z_components_20260810.csv rows 6Z-003/005/006; artifacts/phase6bk/protected-broadcast-expanded-20260810-01/,d666aab4deae3bd37ddbc528dd63680256318b709a467659925b3952ef19829c,untested_host_only,previous public Phase 6X4 corpus
6X2-ROUTES-003,6X2,ProductPolicy fosinit registration -> Binder publication -> caller gate,,,,,,,UNKNOWN,work/luna_worker_phase6z_components_20260810.csv row 6Z-007; artifacts/phase6bg-product-policy-readonly-20260805-01/; findings/phase-6x-report.md,d666aab4deae3bd37ddbc528dd63680256318b709a467659925b3952ef19829c,untested_host_only,previous public Phase 6X4 corpus
6X2-ROUTES-004,6X2,AmazonActivityManager preWarmApplicationForUser -> identity/user propagation -> process/state sink,,,,,,,UNKNOWN,findings/phase-6x-prewarm-authorization.md; work/luna_worker_phase6up_asp_prewarm_closure_20260810.csv; artifacts/phase6bk/ipc-ota-closure-20260810-02/,d666aab4deae3bd37ddbc528dd63680256318b709a467659925b3952ef19829c,untested_host_only,previous public Phase 6X4 corpus
6X2-ROUTES-005,6X2,USE_SDK / PLUGIN / PLUGIN_CONSUMER declaration -> consumer/holder/grant -> sensitive sink,,,,,,,UNKNOWN,work/luna_worker_phase6y_permission_20260810.csv; artifacts/phase6bk/protected-broadcast-union-20260810-02/manifests/018_android.amazon.perm.xmltree.txt,d666aab4deae3bd37ddbc528dd63680256318b709a467659925b3952ef19829c,untested_host_only,previous public Phase 6X4 corpus
6X2-ROUTES-006,6X2,OTA verifier/canonicalization -> indirect extraction/write sink,,,,,,,UNKNOWN,findings/phase-6y-ota-staging-boundary.md; artifacts/phase6mk-updater-dispatch-20260810-04/; artifacts/phase6kt/recovery-verifier-audit-20260810-01/,d666aab4deae3bd37ddbc528dd63680256318b709a467659925b3952ef19829c,untested_host_only,previous public Phase 6X4 corpus
6AE-001,6X3,OTA/OOBE,artifacts/phase6j/ota-oobe-ps7331-jadx-20260805-01/sources/com/amazon/kindle/otter/oobe/BootAfterSystemOTAReceiver.java:27-61; decompiled/baksmali/vdexExtractor/fosservices/disassembly.log:96107-96126,AmazonPackageManagerService.onBootPhase(550) -> BootAfterSystemOTAReceiver.onReceive,isUpgrade + BOOT_AFTER_SYSTEM_OTA lifecycle; protected RECEIVE_BOOT_AFTER_SYSTEM_OTA provenance; exact ordinary sender UNKNOWN,No ordinary Binder caller; trusted system-server lifecycle identity; clearCallingIdentity UNKNOWN/NOT APPLICABLE; Context-derived numeric user UNKNOWN,PackageHelper.enableComponent(OobeHomeActivity); OOBEActivationHelper.activateOOBEIF,Component/setup-state sink statically confirmed; no proven Fire HOME selector or runtime effect,STATIC_LIFECYCLE_SINK_CALLER_AND_USER_UNKNOWN,artifacts/phase6j/ota-oobe-ps7331-jadx-20260805-01/sources/com/amazon/kindle/otter/oobe/BootAfterSystemOTAReceiver.java:27-61; decompiled/baksmali/vdexExtractor/fosservices/disassembly.log:96107-96126,c29b32bf6874b245859357d926773193c15771a6eb254f97edac57541ae5cb90;ecbe62fe8eb8bd575da8b2a73a155875df937073ccc2faa020ca592c0515151c,STATIC_LIFECYCLE_SINK_CALLER_AND_USER_UNKNOWN,previous public Phase 6X4 corpus
6AE-002,6X3,OTA/OOBE settings,"artifacts/phase6j/ota-oobe-ps7331-jadx-20260805-01/sources/com/amazon/kindle/otter/oobe/commons/OOBEActivationHelper.java:29-34,53-56",BootAfterSystemOTAReceiver guarded branch -> OOBEActivationHelper,Same protected OTA lifecycle guard; ordinary caller UNKNOWN,No Binder caller in helper path; identity inheritance from receiver Context; clearCallingIdentity UNKNOWN; ContentResolver/Context user inherited; numeric user UNKNOWN,SettingsDBUtils -> Settings.Secure user_setup_complete=0 and isOOBEActive=1,Setup/OOBE settings mutation only when lifecycle predicate passes; no HOME/PMS writer,STATIC_SETTINGS_SINK_USER_UNKNOWN,"artifacts/phase6j/ota-oobe-ps7331-jadx-20260805-01/sources/com/amazon/kindle/otter/oobe/commons/OOBEActivationHelper.java:29-34,53-56",6ebcb7eef7a03459a76b9c21cd59b61a30947f2b00a5624a4646825b8e3223d2,STATIC_SETTINGS_SINK_USER_UNKNOWN,previous public Phase 6X4 corpus
6AE-003,6X3,DevicePolicy/profile,artifacts/phase6bk/protected-broadcast-expanded-20260810-01/manifests/010_com.amazon.dcpms.fos.service.xmltree.txt:115-122; work/luna_worker_phase6z_components_20260810.csv:4,PCAActiveProfileReceiver <- com.amazon.device.ACTION_ACTIVE_PROFILE_UPDATED -> DeviceExperienceModeEvaluator.evaluate,"Receiver exported with no local permission marker in saved manifest; producer, protection/holder, and sender UNKNOWN",Broadcast receiver identity; Binder caller/clearCallingIdentity not present in bounded receiver evidence; Receiver application user and cross-user acceptance UNKNOWN,CDE profile type/OS user type/active-app persistence feeding policy evaluator,"Policy/profile sink confirmed statically; no SettingsProvider, PMS, HOME, or OTA sink joined",STATIC_EXPORTED_POLICY_SINK_CALLER_GATE_USER_UNKNOWN,artifacts/phase6bk/protected-broadcast-expanded-20260810-01/manifests/010_com.amazon.dcpms.fos.service.xmltree.txt:115-122; work/luna_worker_phase6z_components_20260810.csv:4,9e3446c250d89a274ddf9438742d04e04950c9ce7d5b1b48beb318449b120fd4,STATIC_EXPORTED_POLICY_SINK_CALLER_GATE_USER_UNKNOWN,previous public Phase 6X4 corpus
6AE-004,6X3,DevicePolicy/profile,artifacts/phase6bk/protected-broadcast-expanded-20260810-01/manifests/010_com.amazon.dcpms.fos.service.xmltree.txt:105-113; work/luna_worker_phase6z_components_20260810.csv:5,DeviceUserSwitchReceiver <- android.intent.action.USER_SWITCHED -> CDE/PCA policy persistence,Protected USER_SWITCHED producer is system/framework; ordinary sender not established,Lifecycle receiver context; no Binder caller or clearCallingIdentity evidence in bounded slice; Receiver user/profile scope UNKNOWN,CDE PCA-profile and OS-user persistence; child active-app-list clear to evaluator,Policy/profile state effect only; no HOME/PMS package-state or OTA sink,STATIC_PROTECTED_POLICY_SINK_CALLER_USER_UNKNOWN,artifacts/phase6bk/protected-broadcast-expanded-20260810-01/manifests/010_com.amazon.dcpms.fos.service.xmltree.txt:105-113; work/luna_worker_phase6z_components_20260810.csv:5,9e3446c250d89a274ddf9438742d04e04950c9ce7d5b1b48beb318449b120fd4,STATIC_PROTECTED_POLICY_SINK_CALLER_USER_UNKNOWN,previous public Phase 6X4 corpus
6AE-005,6X3,service-registration/ProductPolicy,artifacts/phase6bg-product-policy-readonly-20260805-01/productpolicyservice_fosinit.stderr.txt:registration record; output/call-graphs/phase6jd-fosinit-registration-flow.mmd,fosinit productpolicyservice registration -> ProductPolicyService Binder publication,init/system-server loader and in-process fosinit registration; external caller and Binder permission gate UNKNOWN,system-server/service identity; clearCallingIdentity UNKNOWN; User scope UNKNOWN; no method argument/sink recovered in registration-only input,ProductPolicy service registration only; exact downstream state sink NOT FOUND,"Registration is capability evidence only, not a vulnerability or callable route",REGISTRATION_ONLY_CALLER_GATE_USER_SINK_UNKNOWN,artifacts/phase6bg-product-policy-readonly-20260805-01/productpolicyservice_fosinit.stderr.txt:registration record; output/call-graphs/phase6jd-fosinit-registration-flow.mmd,e3b0c44298fc1c149afbf4c8996fb92427ae41e4649b934ca495991b7852b855,REGISTRATION_ONLY_CALLER_GATE_USER_SINK_UNKNOWN,previous public Phase 6X4 corpus
6AE-006,6X3,Framework IPC/prewarm,decompiled/baksmali/vdexExtractor/fosservices/disassembly.log:40453-40534; proxy:394721; findings/phase-6x-prewarm-authorization.md:114-121,AmazonActivityManagerImpl -> IAmazonActivityManager.preWarmApplicationForUser -> BinderService,checkCallingPermission(com.amazon.permission.APP_PREWARM); result consumption in bounded method UNKNOWN; service-manager/SELinux gate UNKNOWN,clearCallingIdentity observed after permission check; restore path present; caller UID handling beyond slice UNKNOWN; Explicit user int supplied; cross-user validation UNKNOWN,"IPackageManager.getApplicationInfo(target,1024,user) -> PreWarmCacheHelper -> ActivityManagerService.startProcessLocked(...,prewarm,...)","Process-start/cache sink statically confirmed; no component-state, HOME, OTA, or privilege transition observed",STATIC_AUTHORIZATION_ANOMALY_CANDIDATE_CALLER_USER_UNKNOWN,decompiled/baksmali/vdexExtractor/fosservices/disassembly.log:40453-40534; proxy:394721; findings/phase-6x-prewarm-authorization.md:114-121,ecbe62fe8eb8bd575da8b2a73a155875df937073ccc2faa020ca592c0515151c;895cf94b87d92b16af24ff9f1b3d18309d504dec9ffd928399e7b6ff4fbff92a,STATIC_AUTHORIZATION_ANOMALY_CANDIDATE_CALLER_USER_UNKNOWN,previous public Phase 6X4 corpus
6AE-007,6X3,permission declaration -> sensitive sink,work/luna_worker_phase6y_permission_20260810.csv:2-5; artifacts/phase6bk/protected-broadcast-union-20260810-02/manifests/018_android.amazon.perm.xmltree.txt:permission records,android.amazon.perm declaration -> possible USE_SDK/PLUGIN consumer; exact consumer/caller not recovered,USE_SDK protection=normal; PLUGIN=dangerous; PLUGIN_CONSUMER protection UNKNOWN; declaration is not an enforcement proof,No Binder transaction or identity relay joined; User scope UNKNOWN,No exact PMS/Settings/DevicePolicy/HOME/OTA sink found in bounded join,Declaration-only evidence; no observed effect and no vulnerability conclusion,DECLARATION_ONLY_NO_SINK,work/luna_worker_phase6y_permission_20260810.csv:2-5; artifacts/phase6bk/protected-broadcast-union-20260810-02/manifests/018_android.amazon.perm.xmltree.txt:permission records,4b0ac817fe8cd35f68e243cb9eed0c97211463ad117610a9a04ceda76616529b;89e141fbf220b18a8fe4ca2a959119a3ea0915e158dd514677a5285951daefed,DECLARATION_ONLY_NO_SINK,previous public Phase 6X4 corpus
6AE-008,6X3,OTA staging,"findings/phase-6y-ota-staging-boundary.md:20-38,80-88; source methods summarized in bounded report",external-storage sideload discovery -> SideloadInstaller verification -> UpdateSystemWrapper.install,Metadata/device/signature/recovery verification gates; exact caller/SELinux/native flags UNKNOWN,No Binder caller established in saved Java path; clearCallingIdentity UNKNOWN/NOT APPLICABLE; External-storage path and OTA lifecycle scope; exact user scope UNKNOWN,SideloadMover basename + FileHelper.renameTo/copy-delete -> UpdateSystem.install high-risk update state transition,"Partition/update sink statically confirmed; no execution, partition effect, root, or bootloader effect observed",STATIC_OTA_SINK_NATIVE_CALLER_SCOPE_UNKNOWN,"findings/phase-6y-ota-staging-boundary.md:20-38,80-88; source methods summarized in bounded report",49614a27fc9c6c4d94ad01baf44b0d270bd8fc60fa9fd1ea8764913598b15330,STATIC_OTA_SINK_NATIVE_CALLER_SCOPE_UNKNOWN,previous public Phase 6X4 corpus
6AF-OTA-001,6X3,verifier-to-script,firmware/extracted/PS7331/META-INF/com/google/android/updater-script:1-2,recovery/Edify context implied; Java verifier caller remains privileged OTA path,recovery/Edify context implied; Java verifier caller remains privileged OTA path,UNKNOWN,script admission gate before named targets; AVB/rollback implementation and caller handoff are not joined,date gate aborts when package build date is older and product gate aborts when ro.product.device != trona; no rollback-index decision is evidenced,UNRESOLVED_DATE_PRODUCT_NOT_ROLLBACK,firmware/extracted/PS7331/META-INF/com/google/android/updater-script:1-2,4a61d66754187a5b84f173ad7bc50216b00969743ce3193346762613615ac248,UNRESOLVED_DATE_PRODUCT_NOT_ROLLBACK,previous public Phase 6X4 corpus
6AF-OTA-002,6X3,verifier-provenance,artifacts/phase6kt/recovery-verifier-audit-20260810-01/audit.json:binary_markers.update_binary[0..5],RecoverySystemWrapper/RecoverySystem API boundary; native recovery identity not recovered,RecoverySystemWrapper/RecoverySystem API boundary; native recovery identity not recovered,UNKNOWN,"native updater capability is evidenced, while verifier-to-AVB/rollback-to-exec provenance remains absent","binary markers include package_extract_file, block_image_* , /dev/block/by-name and readlink, but audit has no AVB or rollback-index implementation edge",PROVENANCE_GAP_AVB_ROLLBACK,artifacts/phase6kt/recovery-verifier-audit-20260810-01/audit.json:binary_markers.update_binary[0..5],01e29ec3a2649d85d033ce7ce65034631ebb44ef00633e34a95b0eb063f317f9,PROVENANCE_GAP_AVB_ROLLBACK,previous public Phase 6X4 corpus
6AF-OTA-003,6X3,canonicalization-to-cache,artifacts/phase6ne-updater-cache-flow-20260810-03/focus-disassembly.txt:CacheSizeCheck 0x414720-0x41475c,PerformBlockImageUpdate caller at 0x409cb4 and 0x409cdc; native recovery identity only,PerformBlockImageUpdate caller at 0x409cb4 and 0x409cdc; native recovery identity only,UNKNOWN,CacheSizeCheck normalizes helper failure into a nonzero error result; exact cache path/size argument provenance is unresolved,"0x414730 BL MakeFreeSpaceOnCache; 0x414734 tbnz w0,#0x1f -> 0x414740; sign-bit error logs and returns w0=1, otherwise returns w0=0",NEW_ERROR_BRANCH,artifacts/phase6ne-updater-cache-flow-20260810-03/focus-disassembly.txt:CacheSizeCheck 0x414720-0x41475c,ca482551bea143f0c22ca3599655a6c10bfbb66033c9f99242f72048220797ee,NEW_ERROR_BRANCH,previous public Phase 6X4 corpus
6AF-OTA-004,6X3,cache-result-to-writer,artifacts/phase6ne-updater-cache-flow-20260810-03/return-branches.csv:CacheSizeCheck rows 7-8; PerformBlockImageUpdate rows 9-10,PerformBlockImageUpdate direct callers at 0x409cb4/0x409cdc; recovery/update-binary gate,PerformBlockImageUpdate direct callers at 0x409cb4/0x409cdc; recovery/update-binary gate,UNKNOWN,"decision branches are proven, but the selected evidence does not prove whether either continuation reaches WriteToPartition for every input","0x409cb8 cbz w0,0x409cc8 and 0x409ce0 cbz w0,0x40b27c: zero result continues; nonzero branch target is not classified as a write bypass",NEW_BOUNDED_NEGATIVE,artifacts/phase6ne-updater-cache-flow-20260810-03/return-branches.csv:CacheSizeCheck rows 7-8; PerformBlockImageUpdate rows 9-10,95f469e697c636a2f09bcb6d3f27540f9d336a4bf042d2a5b33b37156a28b87b,NEW_BOUNDED_NEGATIVE,previous public Phase 6X4 corpus
6AF-OTA-005,6X3,cache-helper-indirect-edges,"artifacts/phase6ne-updater-cache-flow-20260810-03/direct-call-edges.csv:MakeFreeSpaceOnCache 0x417858,0x4178b0,0x4178e0,0x417904,0x41792c,0x41793c,0x417a18,0x417a5c,0x417a6c,0x417c54,0x417c84,0x417d0c,0x417d1c,0x417d24,0x417d38,0x417d7c,0x417e60,0x417f74,0x417fb4,0x417fbc",MakeFreeSpaceOnCache entered from CacheSizeCheck 0x414730; no untrusted caller established,MakeFreeSpaceOnCache entered from CacheSizeCheck 0x414730; no untrusted caller established,UNKNOWN,"cache helper's filesystem operations include readlink-check at 0x417bf0 and unlink at 0x417ea8, but function-pointer/indirect target semantics remain unknown",rows classify address-only targets as unresolved; they are not symbol-resolved direct calls and cannot be safely joined to extraction or writer sinks,UNRESOLVED_INDIRECT_DISPATCH,"artifacts/phase6ne-updater-cache-flow-20260810-03/direct-call-edges.csv:MakeFreeSpaceOnCache 0x417858,0x4178b0,0x4178e0,0x417904,0x41792c,0x41793c,0x417a18,0x417a5c,0x417a6c,0x417c54,0x417c84,0x417d0c,0x417d1c,0x417d24,0x417d38,0x417d7c,0x417e60,0x417f74,0x417fb4,0x417fbc",d653e4a84898509781a333c56502087a83981781fcf6612d7026bfd79602b477,UNRESOLVED_INDIRECT_DISPATCH,previous public Phase 6X4 corpus
6AF-OTA-006,6X3,canonicalization-no-follow,artifacts/phase6mk-updater-dispatch-20260810-04/canonicalization-context.csv:all 5 rows; artifacts/phase6md-native-updater-path-audit-20260810-02/summary.json:18-19,registry dispatch is indirect; selected native updater context only,registry dispatch is indirect; selected native updater context only,UNKNOWN,canonicalization-to-extraction/writer argument flow and O_NOFOLLOW semantics remain unresolved,"readlink/readlinkat/__readlink_chk/realpath markers exist, but selected direct graph has zero canonicalization direct edges; this does not prove no-follow or absence of an indirect edge",BOUNDED_NEGATIVE_NO_DIRECT_EDGE,artifacts/phase6mk-updater-dispatch-20260810-04/canonicalization-context.csv:all 5 rows; artifacts/phase6md-native-updater-path-audit-20260810-02/summary.json:18-19,44f61840637e65d7a263b4912d340d834aba1b41b7a84dc7d20382e45fd1a726;6dec85cee148a60daba1e8c781f30370389c6d95ff787623cb6ac830f058a834,BOUNDED_NEGATIVE_NO_DIRECT_EDGE,previous public Phase 6X4 corpus
6AF-OTA-007,6X3,extraction-to-named-writer,artifacts/phase6md-native-updater-path-audit-20260810-02/path-write-call-edges.csv:PackageExtractFileFn 0x4021b4/0x4022cc/0x40238c; WriteToPartition 0x413dcc-0x413f08,registered Edify handlers; recovery updater identity; ordinary app/shell caller not established,registered Edify handlers; recovery updater identity; ordinary app/shell caller not established,UNKNOWN,capability-to-sink exists statically; per-call named-partition argument provenance and verifier acceptance state are not closed,"direct edges prove extraction/open and writer/open/write wrappers, but do not join archive entry/path arguments to the fixed script target for a particular invocation",UNRESOLVED_ARGUMENT_PROVENANCE,artifacts/phase6md-native-updater-path-audit-20260810-02/path-write-call-edges.csv:PackageExtractFileFn 0x4021b4/0x4022cc/0x40238c; WriteToPartition 0x413dcc-0x413f08,7dc9e3ef02a86d978d5973640bad0273288d83c71b8e7117eefb96c7bfffdbb,UNRESOLVED_ARGUMENT_PROVENANCE,previous public Phase 6X4 corpus
6AF-OTA-008,6X3,caller-identity-handoff,artifacts/phase6kt/recovery-verifier-audit-20260810-01/audit.json:inputs.recovery_wrapper; inputs.update_system_wrapper; execution_policy,Java privileged OTA path calls RecoverySystem verification and UpdateSystem.install; native recovery/SELinux identity absent,Java privileged OTA path calls RecoverySystem verification and UpdateSystem.install; native recovery/SELinux identity absent,UNKNOWN,"verifier acceptance, UpdateSystem handoff, recovery exec, and updater registry are separate provenance domains","audit explicitly records recovery/native execution false and does not recover the final native caller, execution flags, or SELinux domain",UNRESOLVED_NATIVE_CALLER_IDENTITY,artifacts/phase6kt/recovery-verifier-audit-20260810-01/audit.json:inputs.recovery_wrapper; inputs.update_system_wrapper; execution_policy,01e29ec3a2649d85d033ce7ce65034631ebb44ef00633e34a95b0eb063f317f9,UNRESOLVED_NATIVE_CALLER_IDENTITY,previous public Phase 6X4 corpus
6AG-001,6X3,Amazon path absence,work/luna_worker_phase6ag_driver_source_gap_20260810.csv,"No exact shipped native caller for /proc/idme, /proc/amzn_drvs or lifecycle nodes",Source modes/DT permission are insufficient; exact file_contexts/vendor-TE/domain absent,Source modes/DT permission are insufficient; exact file_contexts/vendor-TE/domain absent,Read/diagnostic or conditional test state only; package/HOME/root effect UNKNOWN,"No literal drivers/amazon/ member; actual device/amazon/kernel/driver/{amzn_idme,amzn_drv_test,amzn_logger,amzn_sign_of_life}.c; staging Kconfig/Makefile includes Amazon chain",SOURCE_ONLY; platform.tar; source_scope_driver_audit; phase6uk,work/luna_worker_phase6ag_driver_source_gap_20260810.csv,8da31c63a2e988f9c1f735ac2aea0db1b824415881c539cccd1956e6a0056bac,SOURCE_ONLY; platform.tar; source_scope_driver_audit; phase6uk,previous public Phase 6X4 corpus
6AG-002,6X3,Amazon /proc/amzn_drvs,work/luna_worker_phase6ag_driver_source_gap_20260810.csv,No exact open/write caller; com.amazon.connectivitydiag presence is not a proc caller,"proc mode/label, init import and TE allow not jointly retained; caller UID/domain UNKNOWN","proc mode/label, init import and TE allow not jointly retained; caller UID/domain UNKNOWN","If built/allowed, factory test dispatcher can alter diagnostic/RTC-special state; no proved package/HOME/root effect",amzn_drv_test.c:762-866 creates writable test children and dispatches copied input; Kconfig:65-68 default n; Makefile:28,SOURCE_CAPABILITY_ONLY; amzn_drv_test hash 6c2309f996cacafaab35cce3935bcb725a5259211751af89df88d3732797029e; phase6nb/6nd,work/luna_worker_phase6ag_driver_source_gap_20260810.csv,8da31c63a2e988f9c1f735ac2aea0db1b824415881c539cccd1956e6a0056bac,SOURCE_CAPABILITY_ONLY; amzn_drv_test hash 6c2309f996cacafaab35cce3935bcb725a5259211751af89df88d3732797029e; phase6nb/6nd,previous public Phase 6X4 corpus
6AG-003,6X3,Amazon /proc/idme,work/luna_worker_phase6ag_driver_source_gap_20260810.csv,IDME HAL/library evidence only; no exact ELF open/read path-specific caller,"UID 1000 is source-side handling, not caller identity; exact file_contexts, vendor-TE allow and domain join incomplete","UID 1000 is source-side handling, not caller identity; exact file_contexts, vendor-TE allow and domain join incomplete",Possible device metadata disclosure; no write/package/HOME/root effect established,amzn_idme.c:316-347 registers /proc/idme root/children with read fops; DT permission handling can clear write bits; mac_sec forces 0400/uid 1000,SOURCE_PLUS_CONFIG; amzn_idme hash ab6484ae7a694412ec4eeabb67133ddd0c0af221076b6d989c8ab1fe7c84e61e; phase6so/6wi,work/luna_worker_phase6ag_driver_source_gap_20260810.csv,8da31c63a2e988f9c1f735ac2aea0db1b824415881c539cccd1956e6a0056bac,SOURCE_PLUS_CONFIG; amzn_idme hash ab6484ae7a694412ec4eeabb67133ddd0c0af221076b6d989c8ab1fe7c84e61e; phase6so/6wi,previous public Phase 6X4 corpus
6AG-004,6X3,RPMB char ABI,work/luna_worker_phase6ag_driver_source_gap_20260810.csv,rpmb_svc/process evidence does not identify exact native open + ioctl callsite or package owner,No capable()/caller policy tuple established; node mode/file_contexts/domain UNKNOWN,No capable()/caller policy tuple established; node mode/file_contexts/domain UNKNOWN,Authenticated persistent-storage operation is a possible state sink; no package/HOME/root effect or low-privilege reachability proved,drivers/char/rpmb/core.c rpmb_fops exposes unlocked_ioctl; .read/.write are NULL; device_create uses RPMB_NAME 0,SOURCE_ONLY_CALLER_GAP; prior phase6xg/6so RPMB rows,work/luna_worker_phase6ag_driver_source_gap_20260810.csv,8da31c63a2e988f9c1f735ac2aea0db1b824415881c539cccd1956e6a0056bac,SOURCE_ONLY_CALLER_GAP; prior phase6xg/6so RPMB rows,previous public Phase 6X4 corpus
6AG-005,6X3,MediaTek perf ioctl,work/luna_worker_phase6ag_driver_source_gap_20260810.csv,No exact shipped native ELF path-specific open/write/ioctl caller in bounded native inventory,"0664 is owner/group writable and world-readable, not world-writable; effective owner/group, file_contexts and domain allow UNKNOWN","0664 is owner/group writable and world-readable, not world-writable; effective owner/group, file_contexts and domain allow UNKNOWN",Performance/governor/control state may be affected by an authorized writer; no PMS/HOME/root effect shown,drivers/misc/mediatek/performance/perf_ioctl/perf_ioctl.c registers /proc/perfmgr/perf_ioctl; write/ioctl/compat_ioctl; source mode 0664,SOURCE_PLUS_MODE; gpl inventory/phase6so,work/luna_worker_phase6ag_driver_source_gap_20260810.csv,8da31c63a2e988f9c1f735ac2aea0db1b824415881c539cccd1956e6a0056bac,SOURCE_PLUS_MODE; gpl inventory/phase6so,previous public Phase 6X4 corpus
6AG-006,6X3,AUXADC factory/debug,work/luna_worker_phase6ag_driver_source_gap_20260810.csv,No exact shipped native caller for AUXADC ioctl or writable sysfs/proc attributes,"No capable() proof, exact mode/owner, file_contexts or TE caller allow; UID/domain UNKNOWN","No capable() proof, exact mode/owner, file_contexts or TE caller allow; UID/domain UNKNOWN",ADC/register diagnostic and calibration/hardware-read state may be affected; no package/HOME/root effect established,mtk_auxadc.c:553-667 ioctl/compat ioctl; :1515-1651 attrs and writable dump/status controls; module init,SOURCE_PLUS_IMAGE_MARKER; mtk_auxadc hash 5ffbce942417fc6aca773d90e4c6935f508087f9a80d96138a7ecc30561ed327; source_scope audit,work/luna_worker_phase6ag_driver_source_gap_20260810.csv,8da31c63a2e988f9c1f735ac2aea0db1b824415881c539cccd1956e6a0056bac,SOURCE_PLUS_IMAGE_MARKER; mtk_auxadc hash 5ffbce942417fc6aca773d90e4c6935f508087f9a80d96138a7ecc30561ed327; source_scope audit,previous public Phase 6X4 corpus
6AG-007,6X3,PMIC debugfs,work/luna_worker_phase6ag_driver_source_gap_20260810.csv,No exact shipped native debugfs writer or caller,"Source debugfs entries are not a policy proof; exact debugfs type, file_contexts/TE and domain UNKNOWN","Source debugfs entries are not a policy proof; exact debugfs type, file_contexts/TE and domain UNKNOWN",Potential PMIC register/debug state effect if writable surface is exposed; no package/HOME/root effect,upmu_debugfs.c:323-351 creates mtk_pmic debugfs/sysfs entries including writable dump_pmic_reg,SOURCE_ONLY_POLICY_GAP; upmu_debugfs hash db8dfc551225586a717af6cc96057b8d810548cfb5d5693b8ec092; phase6uk,work/luna_worker_phase6ag_driver_source_gap_20260810.csv,8da31c63a2e988f9c1f735ac2aea0db1b824415881c539cccd1956e6a0056bac,SOURCE_ONLY_POLICY_GAP; upmu_debugfs hash db8dfc551225586a717af6cc96057b8d810548cfb5d5693b8ec092; phase6uk,previous public Phase 6X4 corpus
6AG-008,6X3,Input touchscreen/factory proc,work/luna_worker_phase6ag_driver_source_gap_20260810.csv,No exact shipped native proc/sysfs write caller in bounded corpus,No joined node mode/file_contexts/TE/domain evidence; caller identity UNKNOWN,No joined node mode/file_contexts/TE/domain evidence; caller identity UNKNOWN,Possible touch firmware/calibration/input-state mutation; no package/HOME/root effect proved,MTK/Focaltech touchscreen source includes debug/factory/proc helpers under drivers/input/touchscreen/mediatek; exact write handlers vary by selected IC,SOURCE_VARIANT_UNRESOLVED; tar member scan; phase6me broad inventory,work/luna_worker_phase6ag_driver_source_gap_20260810.csv,8da31c63a2e988f9c1f735ac2aea0db1b824415881c539cccd1956e6a0056bac,SOURCE_VARIANT_UNRESOLVED; tar member scan; phase6me broad inventory,previous public Phase 6X4 corpus
6AG-009,6X3,power-supply writer cross-check,work/luna_worker_phase6ag_driver_source_gap_20260810.csv,"No exact shipped native writer, package, UID or domain; generic store is not a caller",S_IWUSR is added conditionally by provider; SELinux/file_contexts/domain allow UNKNOWN,S_IWUSR is added conditionally by provider; SELinux/file_contexts/domain allow UNKNOWN,Battery/charger property mutation is provider-dependent; no package/HOME/root effect,Generic power_supply_sysfs.c .store calls power_supply_set_property only when provider property_is_writeable()>0; existing phase6xg row,DEDUP_CROSSCHECK_NOT_NEW; source hash 54409386286849db4768d1b013b0151c3b8e52d3c5b4e434b52d8881364cc38e; phase6xg,work/luna_worker_phase6ag_driver_source_gap_20260810.csv,8da31c63a2e988f9c1f735ac2aea0db1b824415881c539cccd1956e6a0056bac,DEDUP_CROSSCHECK_NOT_NEW; source hash 54409386286849db4768d1b013b0151c3b8e52d3c5b4e434b52d8881364cc38e; phase6xg,previous public Phase 6X4 corpus
6AG-010,6X3,input/uinput cross-check,work/luna_worker_phase6ag_driver_source_gap_20260810.csv,No exact shipped native ELF /dev/uinput open/write/ioctl caller; library/package markers absent,"No local capable()/credential gate found; node policy, UID/domain and caller allow UNKNOWN","No local capable()/credential gate found; node policy, UID/domain and caller allow UNKNOWN",Synthetic input injection can affect kernel input graph; no PMS/HOME/root effect,uinput.c:909-933 misc registration with read/write/unlocked_ioctl/compat_ioctl; UI_DEV_CREATE/DESTROY and event writes,DEDUP_CROSSCHECK_NOT_NEW; source hash 98b41492311d9b9fb9ccbfe269a2fddc0fb436f3048b7887e1f6e5482d36211a; phase6xg,work/luna_worker_phase6ag_driver_source_gap_20260810.csv,8da31c63a2e988f9c1f735ac2aea0db1b824415881c539cccd1956e6a0056bac,DEDUP_CROSSCHECK_NOT_NEW; source hash 98b41492311d9b9fb9ccbfe269a2fddc0fb436f3048b7887e1f6e5482d36211a; phase6xg,previous public Phase 6X4 corpus
6AG-011,6X3,CMDQ/ION artifact boundary,work/luna_worker_phase6ag_driver_source_gap_20260810.csv,ION libion/libion_mtk markers are library capability only; no top-level process consumer; CMDQ no exact ELF ioctl caller,Policy allow/node metadata do not establish effective ordinary-app access or domain path,Policy allow/node metadata do not establish effective ordinary-app access or domain path,Potential DMA/display/memory-resource effect remains source/artifact-only; no package/HOME/root effect,Existing source rows cover CMDQ ioctl and ION alloc/custom ioctl capability; this row records no new sink,DEDUP_ARTIFACT_CALLER_GAP; phase6so/6wi/6xg,work/luna_worker_phase6ag_driver_source_gap_20260810.csv,8da31c63a2e988f9c1f735ac2aea0db1b824415881c539cccd1956e6a0056bac,DEDUP_ARTIFACT_CALLER_GAP; phase6so/6wi/6xg,previous public Phase 6X4 corpus
R01,6X3,User0 HOME,work/luna_worker_phase6ac_accessibility_review_20260810.csv; findings/phase-6cy-accessibility-reboot-unlock-result.md,User 0; Fire Launcher,已整合/已排除 as replacement; Resolver selection is not a writer; do not infer bypass,User 0; Fire Launcher,MAIN+HOME resolver,Fire selected before/after; no third-party success rate claimed,已整合/已排除 as replacement,work/luna_worker_phase6ac_accessibility_review_20260810.csv; findings/phase-6cy-accessibility-reboot-unlock-result.md,21e086aebb37a69c99b2450fb95c9b1dd57102c3940579e42c80f53100af5a3b,已整合/已排除 as replacement,previous public Phase 6X4 corpus
R02,6X3,User0 HOME,priority replay,User 0; ordinary caller,已排除; No setter,User 0; ordinary caller,preferred/set-home/priority,"historical mutation reached API, but no durable third-party HOME; exact rate not reported",已排除,priority replay,21e086aebb37a69c99b2450fb95c9b1dd57102c3940579e42c80f53100af5a3b,已排除,previous public Phase 6X4 corpus
R03,6X3,package-state,work/luna_worker_phase6qe_existing_tests_20260810.csv; adb/phase6fa/; adb/phase6bl/,User 0; shell/ordinary caller,已排除; Protected-package rejection is not a privilege transition,User 0; shell/ordinary caller,Fire protected package and force-stop,component enable and force-stop rejected before mutation; no success,已排除,work/luna_worker_phase6qe_existing_tests_20260810.csv; adb/phase6fa/; adb/phase6bl/,21e086aebb37a69c99b2450fb95c9b1dd57102c3940579e42c80f53100af5a3b,已排除,previous public Phase 6X4 corpus
R04,6X3,package-state,work/luna_worker_phase6qe_existing_tests_20260810.csv; work/luna_worker_phase6ty_user0_fire_restoration_20260810.csv,User 0 versus child profile,已整合/已排除 as User0 route; No component-state replay or grant/revoke,User 0 versus child profile,Tahoe enable/component state,Tahoe package enable alone did not expose child HOME; shell component enable rejected; child-scoped writer exists,已整合/已排除 as User0 route,work/luna_worker_phase6qe_existing_tests_20260810.csv; work/luna_worker_phase6ty_user0_fire_restoration_20260810.csv,21e086aebb37a69c99b2450fb95c9b1dd57102c3940579e42c80f53100af5a3b,已整合/已排除 as User0 route,previous public Phase 6X4 corpus
R05,6X3,User10 child/KFT,work/luna_worker_phase6ri_existing_results_20260810.csv; findings/phase-6er-kft-child-switch-attribution.md,User 10/11 child/profile; UserInfo.id,已整合/已排除 as User0; Private tx3 and user lifecycle are out of scope,User 10/11 child/profile; UserInfo.id,KFT launcher writer,child HOME observed in existing lifecycle; no User0 success rate,已整合/已排除 as User0,work/luna_worker_phase6ri_existing_results_20260810.csv; findings/phase-6er-kft-child-switch-attribution.md,21e086aebb37a69c99b2450fb95c9b1dd57102c3940579e42c80f53100af5a3b,已整合/已排除 as User0,previous public Phase 6X4 corpus
R06,6X3,DPM/Profile Owner,work/luna_worker_phase6qe_existing_tests_20260810.csv; findings/phase-6di-kft-dpm-backup-passive.md,owner/admin/profile scope; not ordinary app,已排除 as ordinary route/待驗證 caller provenance; No provisioning/removal or Binder transaction,owner/admin/profile scope; not ordinary app,DPM tx100 -> PMS tx73,owner/admin gate observed; no active writer result,已排除 as ordinary route/待驗證 caller provenance,work/luna_worker_phase6qe_existing_tests_20260810.csv; findings/phase-6di-kft-dpm-backup-passive.md,21e086aebb37a69c99b2450fb95c9b1dd57102c3940579e42c80f53100af5a3b,已排除 as ordinary route/待驗證 caller provenance,previous public Phase 6X4 corpus
R07,6X3,HOME resources,work/luna_worker_phase6vd_test_reconciliation_20260810.csv; findings/phase-6rs-ru-report.md,build resource and overlay; runtime user not shown,已排除 as proof of HOME/待驗證 static join; No settings mutation or UI dispatch,build resource and overlay; runtime user not shown,default-home resource/overlay/UI,resource/UI evidence only; runtime selection not measured,已排除 as proof of HOME/待驗證 static join,work/luna_worker_phase6vd_test_reconciliation_20260810.csv; findings/phase-6rs-ru-report.md,21e086aebb37a69c99b2450fb95c9b1dd57102c3940579e42c80f53100af5a3b,已排除 as proof of HOME/待驗證 static join,previous public Phase 6X4 corpus
R08,6X3,SystemUI/navigation,work/luna_worker_phase6x_ipc_20260810.csv; output/tables/phase6x2-control-surface.csv,verified Binder UID/package; privileged gate,待驗證 host-only caller/transaction join; CONTROL_KEYGUARD gate and private SystemUI boundary; no guessed transaction,verified Binder UID/package; privileged gate,keyguard PendingIntent/SystemUI handoff,static capability only; no runtime success,待驗證 host-only caller/transaction join,work/luna_worker_phase6x_ipc_20260810.csv; output/tables/phase6x2-control-surface.csv,21e086aebb37a69c99b2450fb95c9b1dd57102c3940579e42c80f53100af5a3b,待驗證 host-only caller/transaction join,previous public Phase 6X4 corpus
R09,6X3,SystemUI/navigation,work/luna_worker_phase6vd_test_reconciliation_20260810.csv; work/luna_worker_phase6xg_driver_20260810.csv,kernel input graph; shipped caller unknown,已排除 as formal HOME/待驗證 shipped caller; No input injection or node access,kernel input graph; shipped caller unknown,input/uinput/navigation event path,0/30 direct Accessibility redirect; uinput source capability only,已排除 as formal HOME/待驗證 shipped caller,work/luna_worker_phase6vd_test_reconciliation_20260810.csv; work/luna_worker_phase6xg_driver_20260810.csv,21e086aebb37a69c99b2450fb95c9b1dd57102c3940579e42c80f53100af5a3b,已排除 as formal HOME/待驗證 shipped caller,previous public Phase 6X4 corpus
R10,6X3,Accessibility,work/luna_worker_phase6qe_existing_tests_20260810.csv; work/luna_worker_phase6ac_accessibility_review_20260810.csv,User 0; user consent/service state,已排除 as deterministic route/待驗證 consent; Do not enable Accessibility or install/update APK,User 0; user consent/service state,installed service binding,service bound but callback empty; 0/30 direct route; GUI consent run not measured,已排除 as deterministic route/待驗證 consent,work/luna_worker_phase6qe_existing_tests_20260810.csv; work/luna_worker_phase6ac_accessibility_review_20260810.csv,21e086aebb37a69c99b2450fb95c9b1dd57102c3940579e42c80f53100af5a3b,已排除 as deterministic route/待驗證 consent,previous public Phase 6X4 corpus
R11,6X3,Accessibility,work/luna_worker_phase6ac_accessibility_review_20260810.md; findings/phase-6cy-ms-targeted-accessibility-retry.md,User 0; target foreground only,已整合 as limited alternative; Fire remains resolver winner; no unlock bypass,User 0; target foreground only,consented delayed foreground redirect,"retry variants: explicit 1/1, HOME 3/3 in cited run; reboot/unlock mixed 2/3 or 3/3; not deterministic",已整合 as limited alternative,work/luna_worker_phase6ac_accessibility_review_20260810.md; findings/phase-6cy-ms-targeted-accessibility-retry.md,21e086aebb37a69c99b2450fb95c9b1dd57102c3940579e42c80f53100af5a3b,已整合 as limited alternative,previous public Phase 6X4 corpus
R12,6X3,Accessibility,work/luna_worker_phase6ac_accessibility_review_20260810.csv; findings/phase-6cy-accessibility-timeout-ab-boundary.md,User 0; foreground redirect,已排除/不採用; No timing optimization replay,User 0; foreground redirect,timeout A/B variant,50 ms variant 4/5 in cited observation; HOME reliability worse; not adopted,已排除/不採用,work/luna_worker_phase6ac_accessibility_review_20260810.csv; findings/phase-6cy-accessibility-timeout-ab-boundary.md,21e086aebb37a69c99b2450fb95c9b1dd57102c3940579e42c80f53100af5a3b,已排除/不採用,previous public Phase 6X4 corpus
R13,6X3,UsageStats,work/luna_worker_phase6ac_accessibility_review_20260810.md; adb/phase6ac/; adb/phase6ao/,ordinary app; PACKAGE_USAGE_STATS/app-op boundary,待驗證 host-only permission/consumer join; Do not add permission or use it as HOME writer,ordinary app; PACKAGE_USAGE_STATS/app-op boundary,third-party foreground observation,未驗證; no success rate,待驗證 host-only permission/consumer join,work/luna_worker_phase6ac_accessibility_review_20260810.md; adb/phase6ac/; adb/phase6ao/,21e086aebb37a69c99b2450fb95c9b1dd57102c3940579e42c80f53100af5a3b,待驗證 host-only permission/consumer join,previous public Phase 6X4 corpus
R14,6X3,ADB monitor,findings/phase-6iq-adb-foreground-fallback.md; work/luna_worker_phase6vd_test_reconciliation_20260810.csv,ADB-connected host; not resident device route,已排除 as approved resident solution; No new ADB monitor or device contact,ADB-connected host; not resident device route,host ADB foreground relay,5/5 foreground relay in cited evidence; stops with ADB/monitor,已排除 as approved resident solution,findings/phase-6iq-adb-foreground-fallback.md; work/luna_worker_phase6vd_test_reconciliation_20260810.csv,21e086aebb37a69c99b2450fb95c9b1dd57102c3940579e42c80f53100af5a3b,已排除 as approved resident solution,previous public Phase 6X4 corpus
R15,6X3,OOBE/OTA,OTA replay,system-server OTA lifecycle; numeric user unknown,已整合/待驗證 natural official OTA only; No broadcast injection,system-server OTA lifecycle; numeric user unknown,BootAfterSystemOTAReceiver -> OOBE activation,static guarded path; no manual delivery/runtime success,已整合/待驗證 natural official OTA only,OTA replay,21e086aebb37a69c99b2450fb95c9b1dd57102c3940579e42c80f53100af5a3b,已整合/待驗證 natural official OTA only,previous public Phase 6X4 corpus
R16,6X3,OOBE/OTA,work/luna_worker_phase6z_components_20260810.csv; artifacts/phase6bk/protected-broadcast-expanded-20260810-01/,child/profile lifecycle; producer and user handle incomplete,待驗證 host-only provenance; No lifecycle broadcast or profile mutation,child/profile lifecycle; producer and user handle incomplete,DCPMS lifecycle receiver -> profile policy,host-only static chain; no runtime success,待驗證 host-only provenance,work/luna_worker_phase6z_components_20260810.csv; artifacts/phase6bk/protected-broadcast-expanded-20260810-01/,21e086aebb37a69c99b2450fb95c9b1dd57102c3940579e42c80f53100af5a3b,待驗證 host-only provenance,previous public Phase 6X4 corpus
R17,6X3,OTA,recovery,PS7331 OTA artifact; controller/privileged path,已整合 static boundary/待驗證 verifier implementation; No sideload,PS7331 OTA artifact; controller/privileged path,metadata/signature/recovery verification,static checks confirmed; no install success,已整合 static boundary/待驗證 verifier implementation,recovery,21e086aebb37a69c99b2450fb95c9b1dd57102c3940579e42c80f53100af5a3b,已整合 static boundary/待驗證 verifier implementation,previous public Phase 6X4 corpus
R18,6X3,OTA,work/luna_worker_phase6ab_ota_exact_20260810.csv; findings/phase-6mm-updater-blockimage-closure.md,PS7331 recovery/updater; caller unknown,已排除 as ordinary route/因風險拒絕 runtime; No updater/recovery/partition execution; no bypass inference,PS7331 recovery/updater; caller unknown,native updater/block-image/partition writer,writer capability confirmed statically; execution/partition effect 0 observed,已排除 as ordinary route/因風險拒絕 runtime,work/luna_worker_phase6ab_ota_exact_20260810.csv; findings/phase-6mm-updater-blockimage-closure.md,21e086aebb37a69c99b2450fb95c9b1dd57102c3940579e42c80f53100af5a3b,已排除 as ordinary route/因風險拒絕 runtime,previous public Phase 6X4 corpus
R19,6X3,app/IPC,work/luna_worker_phase6qf_existing_runtime_audit_20260810.csv; findings/phase-6q-evidence-index.md,shell UID 2000; private service gate,已排除 method reachability; No unknown Binder transaction or handle guessing,shell UID 2000; private service gate,private Amazon service visibility/lookup,names visible; private check/find denied/not found; no method success,已排除 method reachability,work/luna_worker_phase6qf_existing_runtime_audit_20260810.csv; findings/phase-6q-evidence-index.md,21e086aebb37a69c99b2450fb95c9b1dd57102c3940579e42c80f53100af5a3b,已排除 method reachability,previous public Phase 6X4 corpus
R20,6X3,app/IPC,work/luna_worker_phase6vd_test_reconciliation_20260810.csv; work/luna_worker_phase6tm_h2_permission_20260810.csv,external requester/holder/grant unknown,待驗證 host-only holder/requester join; No bind/call or guessed code,external requester/holder/grant unknown,H2 BIND_SERVICE custom permission,signature gate confirmed; caller/sink unknown; no runtime call,待驗證 host-only holder/requester join,work/luna_worker_phase6vd_test_reconciliation_20260810.csv; work/luna_worker_phase6tm_h2_permission_20260810.csv,21e086aebb37a69c99b2450fb95c9b1dd57102c3940579e42c80f53100af5a3b,待驗證 host-only holder/requester join,previous public Phase 6X4 corpus
R21,6X3,app/IPC,output/tables/phase6x2-control-surface.csv; work/luna_worker_phase6z_components_20260810.csv,producer and user scope unknown,待驗證 host-only caller/permission/user join; No broadcast replay or cross-user mutation,producer and user scope unknown,exported OOBE/account/profile receivers,exported/static policy evidence only; target HOME/PMS sink not closed,待驗證 host-only caller/permission/user join,output/tables/phase6x2-control-surface.csv; work/luna_worker_phase6z_components_20260810.csv,21e086aebb37a69c99b2450fb95c9b1dd57102c3940579e42c80f53100af5a3b,待驗證 host-only caller/permission/user join,previous public Phase 6X4 corpus
R22,6X3,app/IPC,work/luna_worker_phase6vd_test_reconciliation_20260810.csv; findings/phase-6a-untrusted-app-pi-smoke-evidence-index.md,ordinary/untrusted app,已排除 bounded route; Private Binder out of scope; no APK/install,ordinary/untrusted app,untrusted PendingIntent/cross-user,bounded smoke did not establish durable mutation; exact rate not claimed,已排除 bounded route,work/luna_worker_phase6vd_test_reconciliation_20260810.csv; findings/phase-6a-untrusted-app-pi-smoke-evidence-index.md,21e086aebb37a69c99b2450fb95c9b1dd57102c3940579e42c80f53100af5a3b,已排除 bounded route,previous public Phase 6X4 corpus
R23,6X3,settings,work/luna_worker_phase6wk_broad_surface_20260810.csv; work/luna_worker_phase6aa_ipc_residual_20260810.csv,system/shell permission gates; user overload varies,已整合/待驗證 caller provenance; No settings write or settings modification,system/shell permission gates; user overload varies,SettingsProvider and generic settings writers,static sink capability; no target HOME/package result,已整合/待驗證 caller provenance,work/luna_worker_phase6wk_broad_surface_20260810.csv; work/luna_worker_phase6aa_ipc_residual_20260810.csv,21e086aebb37a69c99b2450fb95c9b1dd57102c3940579e42c80f53100af5a3b,已整合/待驗證 caller provenance,previous public Phase 6X4 corpus
R24,6X3,app/IPC,work/luna_worker_phase6qe_existing_tests_20260810.csv; work/luna_worker_phase6ty_user0_fire_restoration_20260810.csv,privileged/system or unknown production caller,待驗證 host-only provenance/已排除 replay; No grant/revoke/install/package mutation,privileged/system or unknown production caller,Amazon PM/Vending/package-state writers,static writers and bounded negative caller closure; no ordinary User0 success,待驗證 host-only provenance/已排除 replay,work/luna_worker_phase6qe_existing_tests_20260810.csv; work/luna_worker_phase6ty_user0_fire_restoration_20260810.csv,21e086aebb37a69c99b2450fb95c9b1dd57102c3940579e42c80f53100af5a3b,待驗證 host-only provenance/已排除 replay,previous public Phase 6X4 corpus
R25,6X3,kernel/root,ioctl,retail node/caller/domain not joined,待驗證 host-only image/DT/relocation join; No node access,retail node/caller/domain not joined,driver CMDQ/ION/MDP nodes,source/policy capability only; no node open/ioctl/effect,待驗證 host-only image/DT/relocation join,ioctl,21e086aebb37a69c99b2450fb95c9b1dd57102c3940579e42c80f53100af5a3b,待驗證 host-only image/DT/relocation join,previous public Phase 6X4 corpus
R26,6X3,kernel/root,node write,shipped native caller unknown,已排除 as proven bypass/待驗證 caller only; No synthetic input,shipped native caller unknown,uinput/power-supply low-level path,source capability only; no retail privilege transition,已排除 as proven bypass/待驗證 caller only,node write,21e086aebb37a69c99b2450fb95c9b1dd57102c3940579e42c80f53100af5a3b,已排除 as proven bypass/待驗證 caller only,previous public Phase 6X4 corpus
R27,6X3,kernel/root,work/luna_worker_phase6vd_test_reconciliation_20260810.csv; findings/phase-5-evidence-index.md,device/root boundary,因風險拒絕; Exploit/root/payload execution explicitly excluded,device/root boundary,root/futex/rtmutex/privilege transition,no approved device mutation; no success rate,因風險拒絕,work/luna_worker_phase6vd_test_reconciliation_20260810.csv; findings/phase-5-evidence-index.md,21e086aebb37a69c99b2450fb95c9b1dd57102c3940579e42c80f53100af5a3b,因風險拒絕,previous public Phase 6X4 corpus
R28,6X3,architecture,work/luna_worker_phase6ad_untested_routes_20260810.md; work/luna_worker_phase6ty_user0_fire_restoration_20260810.csv,system/in-process policy path; caller gate unknown,待驗證 host-only registration/permission join; No service call or policy mutation,system/in-process policy path; caller gate unknown,ProductPolicy/fosinit Binder publication,static registration/sink markers; no callable transaction or HOME result,待驗證 host-only registration/permission join,work/luna_worker_phase6ad_untested_routes_20260810.md; work/luna_worker_phase6ty_user0_fire_restoration_20260810.csv,21e086aebb37a69c99b2450fb95c9b1dd57102c3940579e42c80f53100af5a3b,待驗證 host-only registration/permission join,previous public Phase 6X4 corpus
R29,6X3,architecture,work/luna_worker_phase6ad_untested_routes_20260810.md; work/luna_worker_prewarm_identity_closure_20260810.csv,Amazon/system caller; user propagation incomplete,待驗證 host-only identity/user-flow join; No process launch or Binder invocation,Amazon/system caller; user propagation incomplete,ASP preWarmApplicationForUser,static process/state sink candidate; no HOME/package success,待驗證 host-only identity/user-flow join,work/luna_worker_phase6ad_untested_routes_20260810.md; work/luna_worker_prewarm_identity_closure_20260810.csv,21e086aebb37a69c99b2450fb95c9b1dd57102c3940579e42c80f53100af5a3b,待驗證 host-only identity/user-flow join,previous public Phase 6X4 corpus
6X4-PRODUCTPOLICY-001,6X4,ProductPolicy/DCPMS closure,PCAActiveProfileReceiver.java:23-27; UpdatePCAProfileTypeAndEvalHelper.java:37-57; Evaluator.java:90-105,PCAActiveProfileReceiver->helper->Evaluator,exported action; no receiver permission,no inbound Binder; DCPMS process; device PCA/profile; device-protected CDE,CDE prefs/evaluator/notification; no PMS/HOME/settings/OTA,CLOSED_NO_PLATFORM_SINK,CLOSED_NO_PLATFORM_SINK,PCAActiveProfileReceiver.java:23-27; UpdatePCAProfileTypeAndEvalHelper.java:37-57; Evaluator.java:90-105,APK:15ca17549bc377360d9213eb95b5e0468d1352839386e1d968bcb25282218997,CLOSED_NO_PLATFORM_SINK,previous public Phase 6X4 corpus
6X4-PRODUCTPOLICY-002,6X4,ProductPolicy/DCPMS closure,DeviceUserSwitchReceiver.java:47-57; UpdateOSUserTypeService.java:19-35; Helper.java:25-47,DeviceUserSwitchReceiver->UpdateOSUserTypeService,protected USER_SWITCHED; exported singleUser,no inbound Binder; DCPMS process; computed OS-user/PCA; child active-app clear,CDE only,CLOSED_NO_PLATFORM_SINK,CLOSED_NO_PLATFORM_SINK,DeviceUserSwitchReceiver.java:47-57; UpdateOSUserTypeService.java:19-35; Helper.java:25-47,manifest:9e3446c250d89a274ddf9438742d04e04950c9ce7d5b1b48beb318449b120fd4,CLOSED_NO_PLATFORM_SINK,previous public Phase 6X4 corpus
6X4-PRODUCTPOLICY-003,6X4,ProductPolicy/DCPMS closure,AccountPropertyChangeReceiver.java:31-39; manifest:94-103; protected inventory row 562,AccountPropertyChangeReceiver->OS-user helper,exported + account-property permission; protected action,no inbound Binder; DCPMS process; computed OS-user/PCA; singleUser,CDE only,CLOSED_NO_PLATFORM_SINK,CLOSED_NO_PLATFORM_SINK,AccountPropertyChangeReceiver.java:31-39; manifest:94-103; protected inventory row 562,APK:15ca17549bc377360d9213eb95b5e0468d1352839386e1d968bcb25282218997,CLOSED_NO_PLATFORM_SINK,previous public Phase 6X4 corpus
6X4-PRODUCTPOLICY-004,6X4,ProductPolicy/DCPMS closure,GlobalContentSyncEventReceiver.java:16-25; GlobalContentSyncEventService.java:23-37; manifest:145-207,GlobalContentSyncEventReceiver->Service->ArcusSyncService,GLOBAL_SYNC permission; BIND_JOB_SERVICE,no inbound Binder; DCPMS process; device CDE remote policy; no user arg,CDE sync only,CLOSED_NO_PLATFORM_SINK,CLOSED_NO_PLATFORM_SINK,GlobalContentSyncEventReceiver.java:16-25; GlobalContentSyncEventService.java:23-37; manifest:145-207,manifest:9e3446c250d89a274ddf9438742d04e04950c9ce7d5b1b48beb318449b120fd4,CLOSED_NO_PLATFORM_SINK,previous public Phase 6X4 corpus
6X4-PRODUCTPOLICY-005,6X4,ProductPolicy/DCPMS closure,fosinit; onStart 0x045b36-0x045b44; OnUserSwitchEvent 0x06245c-0x0624d2; Action 0x052642; reset 0x045ba4-0x045bde,ProductPolicy fosinit->onStart,system-server loader; no exported component,local SystemService; no Binder identity/clearCallingIdentity; UserInfo.id; foreground profile; all users,AmazonPackageManager component/application setters; boot FACTORY_RESET,CLOSED_AS_TRUSTED_LOCAL_PATH_NO_EXTERNAL_BINDER,CLOSED_AS_TRUSTED_LOCAL_PATH_NO_EXTERNAL_BINDER,fosinit; onStart 0x045b36-0x045b44; OnUserSwitchEvent 0x06245c-0x0624d2; Action 0x052642; reset 0x045ba4-0x045bde,fosinit:9d1ef392f345feb36c2f72357cf4777d5135b705ce6b360864993c14449e8bd4;VDEX:ecbe62fe8eb8bd575da8b2a73a155875df937073ccc2faa020ca592c0515151c,CLOSED_AS_TRUSTED_LOCAL_PATH_NO_EXTERNAL_BINDER,previous public Phase 6X4 corpus
6X4-PRODUCTPOLICY-006,6X4,ProductPolicy/DCPMS closure,fosdebug-service-inventory.txt:22; service-context-matrix.csv; dcpms.xml,ProductPolicy publication metadata,not applicable: no remote component/AIDL,not applicable: local object; internal policy events,no external service-manager name/SELinux Binder rule,CLOSED_NEGATIVE_EXTERNAL_BINDER,CLOSED_NEGATIVE_EXTERNAL_BINDER,fosdebug-service-inventory.txt:22; service-context-matrix.csv; dcpms.xml,dcpms:f17054ab1cd901db06ce39f10595ab36a062f82718b9fcf5490003161ef8f5b0,CLOSED_NEGATIVE_EXTERNAL_BINDER,previous public Phase 6X4 corpus
6X4-PRODUCTPOLICY-007,6X4,ProductPolicy/DCPMS closure,"IDeviceChildExperienceModeDecisionManager.java:14-18,32-75,98-135; ServiceBinder.java:63-109; DCPMSService.java:124-135",DCPMS AIDL Stub/Proxy,GET_DEVICE_CDE_DECISION signature|amazon,Stub no calling UID/user check; process identity; singleUser; no user arg,decision read/register/unregister callback only,CLOSED_BOUNDED_IDENTITY_NO_SENSITIVE_SINK,CLOSED_BOUNDED_IDENTITY_NO_SENSITIVE_SINK,"IDeviceChildExperienceModeDecisionManager.java:14-18,32-75,98-135; ServiceBinder.java:63-109; DCPMSService.java:124-135",manifest:9e3446c250d89a274ddf9438742d04e04950c9ce7d5b1b48beb318449b120fd4,CLOSED_BOUNDED_IDENTITY_NO_SENSITIVE_SINK,previous public Phase 6X4 corpus
6X4-USERSCOPE-001,6X4,OOBE/prewarm user-scope closure,artifacts/phase6j/ota-oobe-ps7331-jadx-20260805-01/sources/com/amazon/kindle/otter/oobe/BootAfterSystemOTAReceiver.java:27-61; decompiled/baksmali/vdexExtractor/fosservices/disassembly.log:96107-96126,AmazonPackageManagerService.onBootPhase(550) -> BootAfterSystemOTAReceiver.onReceive,"""protected RECEIVE_BOOT_AFTER_SYSTEM_OTA lifecycle provenance; exact ordinary sender UNKNOWN""","""trusted system-server OTA lifecycle; ordinary Binder caller UNKNOWN""; ""clearCallingIdentity/restoreCallingIdentity not present in bounded receiver path; UNKNOWN/NOT APPLICABLE""; ""receiver Context -> PackageManager; numeric UserHandle not recovered""; User0=UNKNOWN; User10=UNKNOWN; profile=UNKNOWN",PackageHelper.enableComponent(OobeHomeActivity); then OOBEActivationHelper.activateOOBEIF,STATIC_LIFECYCLE_SINK_CALLER_AND_USER_UNKNOWN,STATIC_LIFECYCLE_SINK_CALLER_AND_USER_UNKNOWN,artifacts/phase6j/ota-oobe-ps7331-jadx-20260805-01/sources/com/amazon/kindle/otter/oobe/BootAfterSystemOTAReceiver.java:27-61; decompiled/baksmali/vdexExtractor/fosservices/disassembly.log:96107-96126,07c7875f3760a4ec9e73ed668e7423f80d2f8535d6d21d5c9c4498423eab4bee,STATIC_LIFECYCLE_SINK_CALLER_AND_USER_UNKNOWN,previous public Phase 6X4 corpus
6X4-USERSCOPE-002,6X4,OOBE/prewarm user-scope closure,"artifacts/phase6j/ota-oobe-ps7331-jadx-20260805-01/sources/com/amazon/kindle/otter/oobe/commons/OOBEActivationHelper.java:29-34,53-56",BootAfterSystemOTAReceiver guarded branch -> OOBEActivationHelper,"""same protected OTA lifecycle guard; ordinary caller UNKNOWN""","""identity inherited from receiver Context; no ordinary Binder caller established""; ""no clearCallingIdentity/restoreCallingIdentity in bounded helper path; UNKNOWN""; ""receiver Context.getContentResolver() -> SettingsDBUtils; numeric Settings user not recovered""; User0=UNKNOWN; User10=UNKNOWN; profile=UNKNOWN",Settings.Secure user_setup_complete=0 and isOOBEActive=1 via setSettingSecurePutIntFG,STATIC_SETTINGS_SINK_USER_UNKNOWN,STATIC_SETTINGS_SINK_USER_UNKNOWN,"artifacts/phase6j/ota-oobe-ps7331-jadx-20260805-01/sources/com/amazon/kindle/otter/oobe/commons/OOBEActivationHelper.java:29-34,53-56",07c7875f3760a4ec9e73ed668e7423f80d2f8535d6d21d5c9c4498423eab4bee,STATIC_SETTINGS_SINK_USER_UNKNOWN,previous public Phase 6X4 corpus
6X4-USERSCOPE-003,6X4,OOBE/prewarm user-scope closure,decompiled/baksmali/vdexExtractor/fosservices/disassembly.log:40453-40534; decompiled/baksmali/vdexExtractor/boot-fosframework/disassembly.log:394721-394739; findings/phase-6x3-evidence-index.md:1577-1590,AmazonActivityManagerImpl -> IAmazonActivityManager.preWarmApplicationForUser -> BinderService,checkCallingPermission(com.amazon.permission.APP_PREWARM); bounded slice does not show result consumption,"Binder caller identity checked before clear; caller UID handling beyond slice UNKNOWN; clearCallingIdentity after permission check; restoreCallingIdentity on normal return path; exceptional cleanup/caller UID conversion UNKNOWN; explicit int user -> IPackageManager.getApplicationInfo(target,1024,user); AM service then startProcessLocked; User0=UNKNOWN; User10=UNKNOWN; profile=UNKNOWN","PreWarmCacheHelper -> ActivityManagerService.startProcessLocked(...,reason=prewarm,...); process/cache sink only",STATIC_AUTHORIZATION_ANOMALY_CANDIDATE_CALLER_USER_UNKNOWN,STATIC_AUTHORIZATION_ANOMALY_CANDIDATE_CALLER_USER_UNKNOWN,decompiled/baksmali/vdexExtractor/fosservices/disassembly.log:40453-40534; decompiled/baksmali/vdexExtractor/boot-fosframework/disassembly.log:394721-394739; findings/phase-6x3-evidence-index.md:1577-1590,07c7875f3760a4ec9e73ed668e7423f80d2f8535d6d21d5c9c4498423eab4bee,STATIC_AUTHORIZATION_ANOMALY_CANDIDATE_CALLER_USER_UNKNOWN,previous public Phase 6X4 corpus
6X4-PERMISSION-001,6X4,permission consumer/holder closure,artifacts/phase6bk/protected-broadcast-union-20260810-02/manifests/018_android.amazon.perm.xmltree.txt,android.amazon.perm (declaration owner only); declaration,UNKNOWN; no bounded requester manifest; android.amazon.perm package owner; effective grant UNKNOWN; NOT_FOUND in bounded JADX/VDEX; no checkCallingPermission/checkCallingUid joined,UNKNOWN; no Binder consumer joined; UNKNOWN,NOT_FOUND; no downstream sensitive sink,Declaration has raw protectionLevel=0x0 (normal); declaration alone is not requester or reachability proof,UNKNOWN_NOT_CLOSED,artifacts/phase6bk/protected-broadcast-union-20260810-02/manifests/018_android.amazon.perm.xmltree.txt,89e141fbf220b18a8fe4ca2a959119a3ea0915e158dd514677a5285951daefed,UNKNOWN_NOT_CLOSED,previous public Phase 6X4 corpus
6X4-PERMISSION-002,6X4,permission consumer/holder closure,artifacts/phase6bk/protected-broadcast-union-20260810-02/manifests/018_android.amazon.perm.xmltree.txt,android.amazon.perm (declaration owner only); declaration,UNKNOWN; no bounded requester manifest; android.amazon.perm package owner; effective grant UNKNOWN; NOT_FOUND in bounded JADX/VDEX; no checkCallingPermission/checkCallingUid joined,UNKNOWN; no Binder consumer joined; UNKNOWN,NOT_FOUND; no downstream sensitive sink,Declaration has raw protectionLevel=0x0 (normal); declaration alone is not requester or reachability proof,UNKNOWN_NOT_CLOSED,artifacts/phase6bk/protected-broadcast-union-20260810-02/manifests/018_android.amazon.perm.xmltree.txt,89e141fbf220b18a8fe4ca2a959119a3ea0915e158dd514677a5285951daefed,UNKNOWN_NOT_CLOSED,previous public Phase 6X4 corpus
6X4-PERMISSION-003,6X4,permission consumer/holder closure,artifacts/phase6bk/protected-broadcast-union-20260810-02/manifests/018_android.amazon.perm.xmltree.txt,android.amazon.perm (declaration owner only); declaration,UNKNOWN; no bounded requester manifest; android.amazon.perm package owner; effective grant UNKNOWN; NOT_FOUND in bounded JADX/VDEX; no checkCallingPermission/checkCallingUid joined,UNKNOWN; no Binder consumer joined; UNKNOWN,NOT_FOUND; no downstream sensitive sink,Declaration has raw protectionLevel=0x1 (dangerous); low/non-signature protection does not prove an accepted caller,UNKNOWN_NOT_CLOSED,artifacts/phase6bk/protected-broadcast-union-20260810-02/manifests/018_android.amazon.perm.xmltree.txt,89e141fbf220b18a8fe4ca2a959119a3ea0915e158dd514677a5285951daefed,UNKNOWN_NOT_CLOSED,previous public Phase 6X4 corpus
6X4-PERMISSION-004,6X4,permission consumer/holder closure,artifacts/phase6bk/protected-broadcast-union-20260810-02/manifests/018_android.amazon.perm.xmltree.txt,android.amazon.perm (declaration owner only); declaration,UNKNOWN; no bounded requester manifest; android.amazon.perm package owner; effective grant UNKNOWN; NOT_FOUND in bounded JADX/VDEX; no checkCallingPermission/checkCallingUid joined,UNKNOWN; no Binder consumer joined; UNKNOWN,NOT_FOUND; no downstream sensitive sink,No protectionLevel attribute is present in bounded declaration; protection remains UNKNOWN,UNKNOWN_NOT_CLOSED,artifacts/phase6bk/protected-broadcast-union-20260810-02/manifests/018_android.amazon.perm.xmltree.txt,89e141fbf220b18a8fe4ca2a959119a3ea0915e158dd514677a5285951daefed,UNKNOWN_NOT_CLOSED,previous public Phase 6X4 corpus
6X4-PERMISSION-005,6X4,permission consumer/holder closure,artifacts/phase6it-missing-system-apps-20260807-01-files/jadx/sources/com/amazon/alta/h2clientservice/H2ClientService.java,UNKNOWN; bounded-consumer-scan,NOT_FOUND in exact-build manifest corpus outside owner declaration; UNKNOWN; no saved grant/holder row joined; negative bounded scan; no method-local check found,UNKNOWN; no Binder identity use joined; UNKNOWN,negative bounded scan; no sensitive sink edge,Bounded source corpus contains H2 AIDL implementation but no USE_SDK requester/consumer; negative is corpus-scoped,BOUNDED_NEGATIVE_NOT_GLOBAL,artifacts/phase6it-missing-system-apps-20260807-01-files/jadx/sources/com/amazon/alta/h2clientservice/H2ClientService.java,f30c3b42ce45c1e7ef717b2deb5b0402dbc01fc70cb5a86480d8b4a54e7fa9e5,BOUNDED_NEGATIVE_NOT_GLOBAL,previous public Phase 6X4 corpus
6X4-PERMISSION-006,6X4,permission consumer/holder closure,artifacts/phase6it-missing-system-apps-20260807-01-files/jadx/sources/com/amazon/alta/h2clientservice/H2ClientService.java,UNKNOWN; bounded-consumer-scan,NOT_FOUND in exact-build manifest corpus outside owner declaration; UNKNOWN; no saved grant/holder row joined; negative bounded scan; no method-local check found,UNKNOWN; no Binder identity use joined; UNKNOWN,negative bounded scan; no sensitive sink edge,Bounded source corpus contains H2 AIDL implementation but no USE_SDK requester/consumer; negative is corpus-scoped,BOUNDED_NEGATIVE_NOT_GLOBAL,artifacts/phase6it-missing-system-apps-20260807-01-files/jadx/sources/com/amazon/alta/h2clientservice/H2ClientService.java,f30c3b42ce45c1e7ef717b2deb5b0402dbc01fc70cb5a86480d8b4a54e7fa9e5,BOUNDED_NEGATIVE_NOT_GLOBAL,previous public Phase 6X4 corpus
6X4-PERMISSION-007,6X4,permission consumer/holder closure,artifacts/phase6it-missing-system-apps-20260807-01-files/jadx/sources/com/amazon/alta/h2clientservice/H2ClientService.java,UNKNOWN; bounded-consumer-scan,NOT_FOUND in exact-build manifest corpus outside owner declaration; UNKNOWN; no saved grant/holder row joined; negative bounded scan; no method-local check found,UNKNOWN; no Binder identity use joined; UNKNOWN,negative bounded scan; no sensitive sink edge,Bounded source corpus contains H2 AIDL implementation but no PLUGIN requester/consumer; negative is corpus-scoped,BOUNDED_NEGATIVE_NOT_GLOBAL,artifacts/phase6it-missing-system-apps-20260807-01-files/jadx/sources/com/amazon/alta/h2clientservice/H2ClientService.java,f30c3b42ce45c1e7ef717b2deb5b0402dbc01fc70cb5a86480d8b4a54e7fa9e5,BOUNDED_NEGATIVE_NOT_GLOBAL,previous public Phase 6X4 corpus
6X4-PERMISSION-008,6X4,permission consumer/holder closure,artifacts/phase6it-missing-system-apps-20260807-01-files/jadx/sources/com/amazon/alta/h2clientservice/H2ClientService.java,UNKNOWN; bounded-consumer-scan,NOT_FOUND in exact-build manifest corpus outside owner declaration; UNKNOWN; no saved grant/holder row joined; negative bounded scan; no method-local check found,UNKNOWN; no Binder identity use joined; UNKNOWN,negative bounded scan; no sensitive sink edge,Bounded source corpus contains H2 AIDL implementation but no PLUGIN_CONSUMER requester/consumer; negative is corpus-scoped,BOUNDED_NEGATIVE_NOT_GLOBAL,artifacts/phase6it-missing-system-apps-20260807-01-files/jadx/sources/com/amazon/alta/h2clientservice/H2ClientService.java,f30c3b42ce45c1e7ef717b2deb5b0402dbc01fc70cb5a86480d8b4a54e7fa9e5,BOUNDED_NEGATIVE_NOT_GLOBAL,previous public Phase 6X4 corpus
6X4-PERMISSION-009,6X4,permission consumer/holder closure,artifacts/phase6x/prewarm-authorization-20260805-05/com_amazon_permission_APP_PREWARM.block.txt,android.amazon.perm; permission-owner,UNKNOWN; owner manifest is not a requester; sourcePackage=android.amazon.perm UID=1000; explicit custom grants to ten candidate packages in saved package record; No method-local checkCallingPermission in Stub path; AbstractAPICall logs Binder.getCallingUid only,caller UID is logged but not authorizing identity; household/profile workflow,AmazonUserManager create/remove user path,Owner/protection and ten grants are positive candidates; actual bind client remains UNKNOWN,POSITIVE_STATIC_SINK_CALLER_UNKNOWN,artifacts/phase6x/prewarm-authorization-20260805-05/com_amazon_permission_APP_PREWARM.block.txt,4a71d4d60cdb6c45233e270e3548f02c9ea77e9d3b3b4ed33a7aeb1e130bb798,POSITIVE_STATIC_SINK_CALLER_UNKNOWN,previous public Phase 6X4 corpus
6X4-PERMISSION-010,6X4,permission consumer/holder closure,artifacts/phase6bk/protected-broadcast-expanded-20260810-01/manifests/001_com.amazon.parentalcontrols__0_com.amazon.parentalcontrols.xmltree.txt; artifacts/phase6bk/protected-broadcast-expanded-20260810-01/manifests/006_com.amazon.h2settingsfortablet.xmltree.txt; artifacts/phase6bk/protected-broadcast-expanded-20260810-01/manifests/007_com.amazon.avod.updated.xmltree.txt; artifacts/phase6bk/protected-broadcast-expanded-20260810-01/manifests/017_com.android.systemui__0_TabletSystemUI.xmltree.txt; artifacts/phase6bk/protected-broadcast-expanded-20260810-01/manifests/022_com_amazon_tahoe.xmltree.txt; artifacts/phase6bk/protected-broadcast-expanded-20260810-01/manifests/029_com.amazon.kindle.otter.oobe.xmltree.txt,com.amazon.parentalcontrols; com.amazon.h2settingsfortablet; com.amazon.avod.updated; com.amazon.tahoe; com.amazon.kindle.otter.oobe; com.android.systemui; requester-manifest,POSITIVE uses-permission entries at exact lines;grant/source positive for ten candidates; requester-to-grant join not proven; UNKNOWN; H2 service is exported;signature permission; No method-local permission gate recovered in H2 Stub;AbstractAPICall Binder.getCallingUid logging only; no clearCallingIdentity in H2 route,UNKNOWN per actual client; UNKNOWN,household/profile workflow; no HOME/package-state edge,Exact requester evidence; no bindService callsite inferred from uses-permission,MALFORMED_WORKER_CSV_ROW_RECONCILED,artifacts/phase6bk/protected-broadcast-expanded-20260810-01/manifests/001_com.amazon.parentalcontrols__0_com.amazon.parentalcontrols.xmltree.txt; artifacts/phase6bk/protected-broadcast-expanded-20260810-01/manifests/006_com.amazon.h2settingsfortablet.xmltree.txt; artifacts/phase6bk/protected-broadcast-expanded-20260810-01/manifests/007_com.amazon.avod.updated.xmltree.txt; artifacts/phase6bk/protected-broadcast-expanded-20260810-01/manifests/017_com.android.systemui__0_TabletSystemUI.xmltree.txt; artifacts/phase6bk/protected-broadcast-expanded-20260810-01/manifests/022_com_amazon_tahoe.xmltree.txt; artifacts/phase6bk/protected-broadcast-expanded-20260810-01/manifests/029_com.amazon.kindle.otter.oobe.xmltree.txt,5ef89e517f53d6d3696df3a43df40502f651d57f0a27d62a445ddc518930c9db; 6e1edce5feb0eb638e04d569f4df9752234ac3c5fd6f33b8169a56c30781ee0c; eeaa9811533647191563203fc020d7662f3b0efe9ac1c5ac888cbb1ccf7bcbee; 43fcaea0046afe885670a711c21d0bfff7d86cd568488f797fb8ea2b1d351c9a; 12055fed1f6cf5f012725aa044e215dcc8c8cdaa233ffac6f044c59198c36ae1; 98ffb904ff2fab10d5ac2ee6572d5c286999f9e5c7532123def0f02a2ac31a72,MALFORMED_WORKER_CSV_ROW_RECONCILED,previous public Phase 6X4 corpus
6X4-PERMISSION-011,6X4,permission consumer/holder closure,artifacts/phase6it-missing-system-apps-20260807-01-files/jadx/sources/com/amazon/alta/h2clientservice/H2ClientService.java; artifacts/phase6it-missing-system-apps-20260807-01-files/jadx/sources/com/amazon/alta/h2clientservice/apicall/AbstractAPICall.java; artifacts/phase6it-missing-system-apps-20260807-01-files/jadx/sources/com/amazon/alta/h2clientservice/controllers/HouseholdController.java; artifacts/phase6it-missing-system-apps-20260807-01-files/jadx/sources/com/amazon/alta/h2clientservice/workflow/commands/CreateAndroidUserCommand.java; artifacts/phase6it-missing-system-apps-20260807-01-files/jadx/sources/com/amazon/alta/h2shared/helpers/AndroidUserHelper.java,UNKNOWN; service-implementation,NOT_APPLICABLE; owner/grants remain as row 6AK-009; Stub dispatches AIDL methods to APICall classes,AbstractAPICall logs Binder.getCallingUid; no method-local authorization found in recovered H2 implementation; caller identity observed only as log; no accepted UID set recovered,household/profile workflow; addUser route reaches AmazonUserManager.createAdultUser/createChildUser,No recovered H2 path to setHomeActivity/setComponentEnabledSetting/setApplicationEnabledSetting,POSITIVE_STATIC_SINK_CALLER_UNKNOWN,artifacts/phase6it-missing-system-apps-20260807-01-files/jadx/sources/com/amazon/alta/h2clientservice/H2ClientService.java; artifacts/phase6it-missing-system-apps-20260807-01-files/jadx/sources/com/amazon/alta/h2clientservice/apicall/AbstractAPICall.java; artifacts/phase6it-missing-system-apps-20260807-01-files/jadx/sources/com/amazon/alta/h2clientservice/controllers/HouseholdController.java; artifacts/phase6it-missing-system-apps-20260807-01-files/jadx/sources/com/amazon/alta/h2clientservice/workflow/commands/CreateAndroidUserCommand.java; artifacts/phase6it-missing-system-apps-20260807-01-files/jadx/sources/com/amazon/alta/h2shared/helpers/AndroidUserHelper.java,f30c3b42ce45c1e7ef717b2deb5b0402dbc01fc70cb5a86480d8b4a54e7fa9e5; 9d843f825ae30e06e2e6d7598f8b49f90904bdd66c88660e18ce1f03d02421da; 8ebf9b15185e298da784bb15918787fb0f37e805664ccbc780b6b5dca26ffcd2; 843d03e3aa01d59743dc8a5498975ff59f4930b35f6690ad3c7f5aa44fb594e2; 31de59672ee1be20760377643c25f9f673c3c7ce336537a40eca24acca489566,POSITIVE_STATIC_SINK_CALLER_UNKNOWN,previous public Phase 6X4 corpus
6X4-PERMISSION-012,6X4,permission consumer/holder closure,artifacts/phase6it-missing-system-apps-20260807-01-files/jadx/sources/com/amazon/alta/h2clientservice/H2ClientService.java,UNKNOWN; service-boundary,NOT_APPLICABLE; custom owner/grant positive but accepted caller UNKNOWN; No extra method-local gate beyond manifest permission in recovered Stub,UID logging only; no identity clear/restore in H2 implementation; UNKNOWN,household/profile workflow; User 0/HOME writer not joined,Static H2 service sink is profile lifecycle; not formal HOME/package-state mutation,BOUNDED_NEGATIVE_HOME_PACKAGE_SINK,artifacts/phase6it-missing-system-apps-20260807-01-files/jadx/sources/com/amazon/alta/h2clientservice/H2ClientService.java,f30c3b42ce45c1e7ef717b2deb5b0402dbc01fc70cb5a86480d8b4a54e7fa9e5,BOUNDED_NEGATIVE_HOME_PACKAGE_SINK,previous public Phase 6X4 corpus
6X4-OTA-001,6X4,OTA indirect/update closure,phase6ne direct-call-edges.csv; focus-disassembly.txt; phase6mm selected-call-edges.csv,direct native edge only; no execution or caller reachability,direct native edge only; no execution or caller reachability,direct native edge only; no execution or caller reachability,PerformBlockImageUpdate -> CacheSizeCheck,0x409cb4 and 0x409cdc call symbol-resolved 0x414720,closure,phase6ne direct-call-edges.csv; focus-disassembly.txt; phase6mm selected-call-edges.csv,1105a7ac6fe5104222394fefe2576a96419dbab8fd85b416e77209c79209ba89,closure,previous public Phase 6X4 corpus
6X4-OTA-002,6X4,OTA indirect/update closure,phase6ne focus-disassembly.txt; direct-call-edges.csv,callee argument provenance is static; no untrusted control established,callee argument provenance is static; no untrusted control established,callee argument provenance is static; no untrusted control established,CacheSizeCheck -> MakeFreeSpaceOnCache with size argument,0x414730 branches to 0x417778 after preserving x0 size,closure,phase6ne focus-disassembly.txt; direct-call-edges.csv,1105a7ac6fe5104222394fefe2576a96419dbab8fd85b416e77209c79209ba89,closure,previous public Phase 6X4 corpus
6X4-OTA-003,6X4,OTA indirect/update closure,phase6ne return-branches.csv; focus-disassembly.txt,control-flow closure is not a bypass,control-flow closure is not a bypass,control-flow closure is not a bypass,CacheSizeCheck and callers have explicit return/error branches,negative/sign-bit result errors; zero caller result continues; non-zero errors,closure,phase6ne return-branches.csv; focus-disassembly.txt,1105a7ac6fe5104222394fefe2576a96419dbab8fd85b416e77209c79209ba89,closure,previous public Phase 6X4 corpus
6X4-OTA-004,6X4,OTA indirect/update closure,phase6ne direct-call-edges.csv; phase6mm canonicalization-call-sites.csv,path operation presence does not prove attacker-controlled input or impact,path operation presence does not prove attacker-controlled input or impact,path operation presence does not prove attacker-controlled input or impact,MakeFreeSpaceOnCache path operations,readlink_chk at 0x417bf0 plus stat/directory/unlink/free-space edges are direct and symbol-resolved,closure,phase6ne direct-call-edges.csv; phase6mm canonicalization-call-sites.csv,1105a7ac6fe5104222394fefe2576a96419dbab8fd85b416e77209c79209ba89,closure,previous public Phase 6X4 corpus
6X4-OTA-005,6X4,OTA indirect/update closure,phase6mk registration-dispatch.csv; phase6mm block-image-registration.csv; phase6mk summary.json,cell/address-only provenance is not caller authorization or bypass,cell/address-only provenance is not caller authorization or bypass,cell/address-only provenance is not caller authorization or bypass,Indirect registry dispatch resolution,24 install cells and 5 block-image cells resolve to named symbols; RegisterFunction remains indirect,closure,phase6mk registration-dispatch.csv; phase6mm block-image-registration.csv; phase6mk summary.json,1105a7ac6fe5104222394fefe2576a96419dbab8fd85b416e77209c79209ba89,closure,previous public Phase 6X4 corpus
6X4-OTA-006,6X4,OTA indirect/update closure,phase6mk updater-script-entrypoints.csv; phase6mm focus-disassembly.txt; phase6md path-write-call-edges.csv,signed recovery updater capability only; no arbitrary archive/partition selection,signed recovery updater capability only; no arbitrary archive/partition selection,signed recovery updater capability only; no arbitrary archive/partition selection,Archive/transfer-list and writer argument chain,fixed script archive names feed block-image handler; WriteToPartition target string reaches ota_open/ota_write/write,closure,phase6mk updater-script-entrypoints.csv; phase6mm focus-disassembly.txt; phase6md path-write-call-edges.csv,1105a7ac6fe5104222394fefe2576a96419dbab8fd85b416e77209c79209ba89,closure,previous public Phase 6X4 corpus
6X4-OTA-007,6X4,OTA indirect/update closure,phase6mk canonicalization-context.csv; canonicalization-marker-strings.csv; phase6mm canonicalization-call-sites.csv; phase6md path-marker-strings.csv,bounded negative only; unselected/indirect edges remain unresolved,bounded negative only; unselected/indirect edges remain unresolved,bounded negative only; unselected/indirect edges remain unresolved,No selected canonicalization-to-write direct edge,"markers and MakeFreeSpaceOnCache readlink_chk exist, but selected graph has no direct edge to WriteToPartition",negative,phase6mk canonicalization-context.csv; canonicalization-marker-strings.csv; phase6mm canonicalization-call-sites.csv; phase6md path-marker-strings.csv,1105a7ac6fe5104222394fefe2576a96419dbab8fd85b416e77209c79209ba89,negative,previous public Phase 6X4 corpus
6X4-OTA-008,6X4,OTA indirect/update closure,phase6kt audit.json; phase6mk summary.json,"wrapper, capability, address-only target, or function-pointer cell is not bypass evidence","wrapper, capability, address-only target, or function-pointer cell is not bypass evidence","wrapper, capability, address-only target, or function-pointer cell is not bypass evidence",AVB/rollback native handoff not closed and no bypass,"RecoverySystem verification precedes handoff, but exact native verifier/AVB/rollback provenance is absent",negative,phase6kt audit.json; phase6mk summary.json,1105a7ac6fe5104222394fefe2576a96419dbab8fd85b416e77209c79209ba89,negative,previous public Phase 6X4 corpus
P7-SOURCE-001,7,7.3.3.1 source/installer scope,official source archive,firmware/original/Fire_HD10-7.3.3.1-20250617.tar.bz2,Official PS7331 source archive identity is preserved; size/hash match prior HTTP provenance.,UNKNOWN,source/build/installer provenance,Official PS7331 source archive identity is preserved; size/hash match prior HTTP provenance.,CONFIRMED,firmware/original/Fire_HD10-7.3.3.1-20250617.tar.bz2,ab88fcac93808e197dd97c2d1ecd21bfd33dbb8cbea1775ea243f53765d66f6d,CONFIRMED,Phase 7 SOURCE worker row 7A-SCOPE-001; missing_edge=No exact installed-target join beyond existing PS7330/PS7331 version boundary
P7-SOURCE-002,7,7.3.3.1 source/installer scope,source bundle scope,firmware/extracted/PS7331-SOURCE-20250617/platform.tar; fireos.tar,"Source scope includes system/core, MT8183 kernel/init/drivers, Amazon driver source, FireOS/userspace source and apps; remains source/build material.",UNKNOWN,source/build/installer provenance,"Source scope includes system/core, MT8183 kernel/init/drivers, Amazon driver source, FireOS/userspace source and apps; remains source/build material.",CONFIRMED,firmware/extracted/PS7331-SOURCE-20250617/platform.tar; fireos.tar,b6376c25c36b315d640704c7e69c34c59ac42299db956035eabf3343986f076a,CONFIRMED,Phase 7 SOURCE worker row 7A-SCOPE-002; missing_edge=No complete source-to-shipped-system/userspace build/output manifest
P7-SOURCE-003,7,7.3.3.1 source/installer scope,source bundle scope,firmware/extracted/PS7331-SOURCE-20250617/platform.tar; fireos.tar,Bounded nested-tar audit found no OTA installer members update-binary/updater-script/payload.bin/.new.dat/otacert; recovery.c hits are source filenames only.,UNKNOWN,source/build/installer provenance,Bounded nested-tar audit found no OTA installer members update-binary/updater-script/payload.bin/.new.dat/otacert; recovery.c hits are source filenames only.,CONFIRMED_NEGATIVE,firmware/extracted/PS7331-SOURCE-20250617/platform.tar; fireos.tar,46a602a9c8830281f9345aa3ae597ea8728e7c0472f331d8f9702b9b9ddbfeae,CONFIRMED_NEGATIVE,Phase 7 SOURCE worker row 7A-SCOPE-003; missing_edge=Missing source-to-OTA-installer provenance and installer caller/gate join
P7-SOURCE-004,7,7.3.3.1 source/installer scope,signed OTA provenance,firmware/original/update-kindle-Fire_HD10-PS7331_user_4463_0031575863172.bin,"Official SignApk OTA is distinct from source bundle and contains update-binary, updater-script, block payloads, boot and boot-chain images.",UNKNOWN,source/build/installer provenance,"Official SignApk OTA is distinct from source bundle and contains update-binary, updater-script, block payloads, boot and boot-chain images.",CONFIRMED,firmware/original/update-kindle-Fire_HD10-PS7331_user_4463_0031575863172.bin,1f18be825bb2b250080cb05c42fc92c66631d7eb2d6493bc40e9d25526fed33b,CONFIRMED,Phase 7 SOURCE worker row 7A-SCOPE-004; missing_edge=Source build inputs and exact OTA member generation/signing provenance remain unjoined
P7-SOURCE-005,7,7.3.3.1 source/installer scope,installer gate/sink boundary,firmware/extracted/PS7331/META-INF/com/google/android/updater-script,"Saved updater-script has trona/build-date assertions and static block/image writes; existing OTA evidence, not a new vulnerability claim.",UNKNOWN,source/build/installer provenance,"Saved updater-script has trona/build-date assertions and static block/image writes; existing OTA evidence, not a new vulnerability claim.",DEDUP_EXISTING_PHASE6X4,firmware/extracted/PS7331/META-INF/com/google/android/updater-script,bd91a9c407c036373a8cf5957e3d7f00846dcd7cd25e24dbdca713fc96ae873a,DEDUP_EXISTING_PHASE6X4,Phase 7 SOURCE worker row 7A-SCOPE-005; missing_edge=No new caller/authorization evidence in source bundle
P7-SOURCE-006,7,7.3.3.1 source/installer scope,signed boot comparison,firmware/extracted/PS7331/boot.img; source rtmutex.c,OTA boot member equals saved extracted boot hash; PS7331 source rtmutex hash equals prior semantic evidence. Identity/semantic comparison only.,UNKNOWN,source/build/installer provenance,OTA boot member equals saved extracted boot hash; PS7331 source rtmutex hash equals prior semantic evidence. Identity/semantic comparison only.,CONFIRMED_VERSION_SCOPED,firmware/extracted/PS7331/boot.img; source rtmutex.c,46a602a9c8830281f9345aa3ae597ea8728e7c0472f331d8f9702b9b9ddbfeae,CONFIRMED_VERSION_SCOPED,Phase 7 SOURCE worker row 7A-SCOPE-006; missing_edge=No full reproducible source-to-signed-Image attestation and no exact PS7330 signed binary
P7-SOURCE-007,7,7.3.3.1 source/installer scope,Amazon driver source,firmware/extracted/PS7331-SOURCE-20250617/platform/device/amazon/kernel/driver/amzn_drv_test.c,"Driver test source contains OTA reboot/test labels, but source presence is not proof of production caller, UID/domain, SELinux gate, open/ioctl reachability or sink.",UNKNOWN,source/build/installer provenance,"Driver test source contains OTA reboot/test labels, but source presence is not proof of production caller, UID/domain, SELinux gate, open/ioctl reachability or sink.",OPEN_BOUNDARY_NO_VULNERABILITY,firmware/extracted/PS7331-SOURCE-20250617/platform/device/amazon/kernel/driver/amzn_drv_test.c,6c2309f996cacafaab35cce3935bcb725a5259211751af89df88d3732797029e,OPEN_BOUNDARY_NO_VULNERABILITY,Phase 7 SOURCE worker row 7A-SCOPE-007; missing_edge=Exact shipped caller → gate → sink/runtime identity absent
P7-SOURCE-008,7,7.3.3.1 source/installer scope,version provenance,source archive and official PS7331 OTA,Current saved device baseline versus PS7331 source/OTA,UNKNOWN,source/build/installer provenance,Current saved device baseline versus PS7331 source/OTA,0a7eb0ac06352eb33b9ac5ce8416637b6819c67c1389bc52937ff893c836f6be,source archive and official PS7331 OTA,phase5BT metadata; phase5 official-update source-map; OTA provenance README,0a7eb0ac06352eb33b9ac5ce8416637b6819c67c1389bc52937ff893c836f6be,Phase 7 SOURCE worker row 7A-SCOPE-008; missing_edge=VERSION_BOUNDARY_UNKNOWN
P7-IPC-001,7,Amazon Framework/System Services IPC,decompiled fosservices 40453-40534; boot-fosframework 394721-395074; phase6up prewarm CSV,caller not recovered; known caller is privileged Alexa-side code,APP_PREWARM check; result consumption unresolved,clearCallingIdentity before package/process work; original UID not shown at sink; explicit package plus integer user; User-0/User-10 validation unknown,IPackageManager.getApplicationInfo -> PreWarmCacheHelper -> startProcessLocked reason prewarm,static process/resource deputy; no HOME/PMS writer or saved dispatch,unknown,decompiled fosservices 40453-40534; boot-fosframework 394721-395074; phase6up prewarm CSV,ecbe62fe8eb8bd575da8b2a73a155875df937073ccc2faa020ca592c0515151c;fc101d798368bf91fae1ee553e44964d52bb9e2287652de8c92b43964600ad71,unknown,Phase 7 IPC worker row P7B-001; missing_edge=caller UID plus permission grant plus target-user validation plus observed process effect
P7-IPC-002,7,Amazon Framework/System Services IPC,amazonactivitymanager_fosinit 8-23; service-context-matrix row 38; phase6up prewarm CSV,system_server fosinit loader / ActivityManager manager fetcher,service publication plus SELinux service label; method gate not recovered,system_server service context; external caller identity not observed; service-global; prewarm carries explicit user only,AmazonActivityManagerService BinderService / AmazonActivityManagerImpl,registration real; saved shell lookup/transaction did not establish dispatch; no HOME/package-state effect,duplicate,amazonactivitymanager_fosinit 8-23; service-context-matrix row 38; phase6up prewarm CSV,5d212c94f047aee7abc85ef6dc99aa92ca61e3e3d9318bb69db3c10d9e0da411;5063f3de53710d009f2f80c68d5194d471c248f8564aaa05925faf94149f4aea;ecbe62fe8eb8bd575da8b2a73a155875df937073ccc2faa020ca592c0515151c,duplicate,Phase 7 IPC worker row P7B-002; missing_edge=service-manager/SELinux reachability to accepted external caller
P7-IPC-003,7,Amazon Framework/System Services IPC,boot-fosframework 369180-370443; fosservices 54297-54478; phase6ub and phase6uf CSV,createChildUser internal path plus onBootPhase upgrade path; external caller not joined,Stub enforceInterface only; no tx3-specific MANAGE_USERS or checkCallingUid gate visible,transacted caller UID not recovered; writer has no identity clear; UserInfo.id from createUser flags 0x8000; child/profile not proven User-0,PackageManager component/app-state setters for Tahoe Fire Launcher3,accepted external tx3 caller and cross-user admin gate remain unresolved,unknown,boot-fosframework 369180-370443; fosservices 54297-54478; phase6ub and phase6uf CSV,fc101d798368bf91fae1ee553e44964d52bb9e2287652de8c92b43964600ad71;ecbe62fe8eb8bd575da8b2a73a155875df937073ccc2faa020ca592c0515151c,unknown,Phase 7 IPC worker row P7B-003; missing_edge=external tx3 caller identity and downstream cross-user authorization
P7-IPC-004,7,Amazon Framework/System Services IPC,fosservices 54297-54325 and 55053-55119; phase6ub CSV; phase6x4 report,AmazonUserManagerService child/upgrade branches,child predicate and lifecycle; no method-local gate in writer,system_server/AmazonUserManager process; no identity transition; UserInfo.id only; no constant User-0 target,Tahoe component enabled plus Fire/Launcher3 app state set for supplied user,real child/profile writer; saved tests preserve User-0 Fire Launcher; no preferred-HOME setter joined,bounded-negative,fosservices 54297-54325 and 55053-55119; phase6ub CSV; phase6x4 report,ecbe62fe8eb8bd575da8b2a73a155875df937073ccc2faa020ca592c0515151c,bounded-negative,Phase 7 IPC worker row P7B-004; missing_edge=User-0 restoration edge or accepted ordinary caller absent
P7-IPC-005,7,Amazon Framework/System Services IPC,phase6ub CSV; phase6x reconcile CSV; phase6x4 baseline CSV,no named production caller joined; historical resolver/package captures only,existing PMS/HOME gates; no Fire-targeted restoration setter recovered,caller and UID unknown; User-0 candidate only; KFT writer is child/profile supplied-user scoped,no exact Fire setHomeActivity or replacePreferredActivity or User-0 writer,Fire Launcher remains saved User-0 HOME; no new mutation,bounded-negative,phase6ub CSV; phase6x reconcile CSV; phase6x4 baseline CSV,ecbe62fe8eb8bd575da8b2a73a155875df937073ccc2faa020ca592c0515151c;b6a3ad87a24e4fc185a29dc18c92c4144889ad19e6283ac9a17db762b10a52fc,bounded-negative,Phase 7 IPC worker row P7B-005; missing_edge=exact User-0 caller-to-setter edge
P7-IPC-006,7,Amazon Framework/System Services IPC,phase6qe caller closure; phase6x4 evidence index 2060-2071; phase6su CSV,DPM owner/admin/profile scope from saved tests; ordinary app not established,DPM owner/admin plus PMS package-state gates; downstream method check bounded,system/root or trusted owner/admin; no clear identity to ordinary caller; profile/owner target user plus package,PMS package/component state writer tx73,trusted policy behavior bounded; no HOME selection or sustainable ordinary-app route,duplicate,phase6qe caller closure; phase6x4 evidence index 2060-2071; phase6su CSV,ecbe62fe8eb8bd575da8b2a73a155875df937073ccc2faa020ca592c0515151c,duplicate,Phase 7 IPC worker row P7B-006; missing_edge=downstream PMS exact permission and caller-to-owner join
P7-IPC-007,7,Amazon Framework/System Services IPC,amazonpackagemanager_fosinit 8-28; service-context-matrix row 45; fosdebug inventory; phase6x4 evidence index,system_server lifecycle plus PMS upgrade state,boot/upgrade lifecycle and protected callback gates; ordinary broadcast relay not established,system_server identity; no external Binder identity; system/default or callback-derived package scope,package metadata and protected-package/cache callbacks,no Fire HOME writer; no ordinary caller or observed package-state mutation,bounded-negative,amazonpackagemanager_fosinit 8-28; service-context-matrix row 45; fosdebug inventory; phase6x4 evidence index,eb53e50cf72174eddcde25fd3538e4736d2cd4cb7866bab4e5bc2b70fc514286;5063f3de53710d009f2f80c68d5194d471c248f8564aaa05925faf94149f4aea,bounded-negative,Phase 7 IPC worker row P7B-007; missing_edge=external API caller and exact package-state sink join
P7-IPC-008,7,Amazon Framework/System Services IPC,launcherhijackpreventer_fosinit 8-16; fosservices 136857-137040; phase6rt CSV,AMS/ActivityTask in-process dispatcher,Leanback plus seInfo see_home_task or Android signature fallback; no exported component gate,system_server callback identity; caller package/UID is input; activity/task scope; no user mutation argument,canSeeHomeTask and permission decision only,HOME visibility/permission gate; not selector or package-state writer; no Binder relay,bounded-negative,launcherhijackpreventer_fosinit 8-16; fosservices 136857-137040; phase6rt CSV,026a1efce008ef99cc2afa32a9bc8913bf929e74256af67971f426a97c968eea;ecbe62fe8eb8bd575da8b2a73a155875df937073ccc2faa020ca592c0515151c,bounded-negative,Phase 7 IPC worker row P7B-008; missing_edge=callback caller provenance and downstream HOME/package writer
P7-IPC-009,7,Amazon Framework/System Services IPC,fosservices 168487-168535; boot-fosframework 391141-391186; phase6x IPC CSV,external Binder caller not recovered; service context unmapped,CONTROL_KEYGUARD or Amazon keyguard permission via checkUidPermission,Binder.getCallingUid retained; verified package forwarded; no clearCallingIdentity; no explicit user; PendingIntent/SystemUI target scope,IAmazonKeyguardServiceSystemUI.dismissWithPendingIntent,keyguard dismissal/PendingIntent handoff only; no runtime success or HOME/package mutation,duplicate,fosservices 168487-168535; boot-fosframework 391141-391186; phase6x IPC CSV,ecbe62fe8eb8bd575da8b2a73a155875df937073ccc2faa020ca592c0515151c;fc101d798368bf91fae1ee553e44964d52bb9e2287652de8c92b43964600ad71;5063f3de53710d009f2f80c68d5194d471c248f8564aaa05925faf94149f4aea,duplicate,Phase 7 IPC worker row P7B-009; missing_edge=service publication plus accepted caller runtime edge
P7-IPC-010,7,Amazon Framework/System Services IPC,fosservices 168690-168795; boot-fosframework 391292-391349; phase6x IPC CSV,external Binder caller not recovered,CONTROL_KEYGUARD or Amazon keyguard permission,calling UID/package retained and forwarded; no clear identity; user not explicit; global SystemUI presentation scope,IAmazonKeyguardServiceSystemUI accessibility and foreground state,keyguard presentation only; no HOME/package writer or runtime acceptance,duplicate,fosservices 168690-168795; boot-fosframework 391292-391349; phase6x IPC CSV,ecbe62fe8eb8bd575da8b2a73a155875df937073ccc2faa020ca592c0515151c;fc101d798368bf91fae1ee553e44964d52bb9e2287652de8c92b43964600ad71,duplicate,Phase 7 IPC worker row P7B-010; missing_edge=transaction code plus service publication plus caller reachability
P7-IPC-011,7,Amazon Framework/System Services IPC,tabletkeypolicymanager_fosinit 8-19; fosdebug inventory rows 182-183 and 273-299; phase6rt CSV,PhoneWindowManager/system_server callback dispatcher,callback registration plus input/window policy checks; no exported AIDL,system_server identity; input event/window policy context; device/global key policy scope; no user argument,PhoneWindowManager key interception and policy decision,keyboard/navigation policy only; no launcher/package/settings writer,bounded-negative,tabletkeypolicymanager_fosinit 8-19; fosdebug inventory rows 182-183 and 273-299; phase6rt CSV,802a9b8e22ac485a07d5198bd22fd6aae18920f56af4f34a2ba35a0083a91ffe;20c0d022e7c71b431dc8b992077ad01b7cbefdae85ce3c59e169f49ffafea29a,bounded-negative,Phase 7 IPC worker row P7B-011; missing_edge=downstream key event consumer and settings/provider write
P7-IPC-012,7,Amazon Framework/System Services IPC,keypolicymanager_fosinit 8-16; fosdebug inventory rows 182-201; boot-fosframework 58936-58976; phase6rs CSV,SettingsProvider callback construction,provider API authorization remains authoritative,provider/server process identity; no external Binder caller attached; settings provider cache/user context; per-user routing not recovered,SettingsProvider callback setting initialization/update,callback state only; no caller-controlled settings write or HOME/PMS edge,bounded-negative,keypolicymanager_fosinit 8-16; fosdebug inventory rows 182-201; boot-fosframework 58936-58976; phase6rs CSV,802a9b8e22ac485a07d5198bd22fd6aae18920f56af4f34a2ba35a0083a91ffe;5063f3de53710d009f2f80c68d5194d471c248f8564aaa05925faf94149f4aea;fc101d798368bf91fae1ee553e44964d52bb9e2287652de8c92b43964600ad71,bounded-negative,Phase 7 IPC worker row P7B-012; missing_edge=callback-to-settings key plus external provider caller mapping
P7-IPC-013,7,Amazon Framework/System Services IPC,SettingsProvider 238-264 344-418 658-704 1229-1302; settings manifest; phase6rs CSV,external ContentProvider caller not enumerated,WRITE_SECURE_SETTINGS plus setting-specific restrictions plus cross-user enforcement,ContentProvider retains Binder UID/package; no clearCallingIdentity; requesting user resolved through ActivityManager; global/secure per-user routing,SettingsRegistry state plus persisted settings XML; no HOME/package-state sink,real static writer but arbitrary caller and target key acceptance not closed; no saved mutation,unknown,SettingsProvider 238-264 344-418 658-704 1229-1302; settings manifest; phase6rs CSV,a8fbe99c7f72432eec5af24d5640fb2df2795e112342cf427e6afb7a9c56021d,unknown,Phase 7 IPC worker row P7B-013; missing_edge=production caller plus permission holder plus HOME-related key-to-sink edge
P7-IPC-014,7,Amazon Framework/System Services IPC,amazonactivitymanager_fosinit 12-22; fosservices 180180-180210; phase6rt CSV,AMS system_server lifecycle callback,private in-process callback dispatch; no external transaction gate,system_server identity; resumed ComponentName and user lifecycle; activity/user lifecycle scope,ActivitySwitchHandler/observer notification,activity event notification only; no PMS/HOME writer or saved effect,bounded-negative,amazonactivitymanager_fosinit 12-22; fosservices 180180-180210; phase6rt CSV,5d212c94f047aee7abc85ef6dc99aa92ca61e3e3d9318bb69db3c10d9e0da411;ecbe62fe8eb8bd575da8b2a73a155875df937073ccc2faa020ca592c0515151c,bounded-negative,Phase 7 IPC worker row P7B-014; missing_edge=observer consumer provenance and downstream writer
P7-IPC-015,7,Amazon Framework/System Services IPC,phase6x4 evidence index 2437-2456; fosdebug inventory rows 14-18,internal DCPMS caller not recovered; local process binder,Stub slice shows no calling UID/user check; external publication not established,process identity retained; no clearCallingIdentity; singleUser and no explicit user argument in bounded AIDL,DeviceExperienceModeDecisionManager and DCPMS policy state,CDE/profile policy evaluation only; no SettingsProvider/PMS/HOME/OTA sink,unknown,phase6x4 evidence index 2437-2456; fosdebug inventory rows 14-18,5063f3de53710d009f2f80c68d5194d471c248f8564aaa05925faf94149f4aea;71ec62fe8eb8bd575da8b7d3bfd17dfd55d8488b9ebb2449ba720a4e2cd48c7e,unknown,Phase 7 IPC worker row P7B-015; missing_edge=actual bind caller plus service publication/SELinux boundary
P7-KERNEL-001,7,CMDQ/MDP,"work/ps7331-kasan-source-20260810/drivers/misc/mediatek/cmdq/v3/cmdq_driver.c:660-700,864-898; mdp_ioctl_ex.c:332-405,602-729",UNKNOWN: no exact shipped ELF open/ioctl callsite; library markers are insufficient,UNKNOWN: no exact node label/mode file_contexts/TE allow tuple retained; CONFIG_MTK_CMDQ=y plus DT/platform match; final built-in/module/Image join UNKNOWN,UNKNOWN: no exact shipped ELF open/ioctl callsite; library markers are insufficient; /dev/mtk_cmdq; /proc/mtk_cmdq_debug/*; sysfs attrs; ioctl CMDQ_IOCTL_ASYNC_EXEC/WAIT/READBACK,cmdq_ioctl -> async job/readback -> MDP register/hardware path,Potential display/engine/resource control; no framework/package sink shown,UNKNOWN,"work/ps7331-kasan-source-20260810/drivers/misc/mediatek/cmdq/v3/cmdq_driver.c:660-700,864-898; mdp_ioctl_ex.c:332-405,602-729",b3a54d37b4e498ff969a2717cb02cefc923ae6f39da32f5fd8529fe3dce6e899,UNKNOWN,Phase 7 KERNEL worker row 7C-001; missing_edge=final object/module+DTB+ueventd/file_contexts/allow+native caller UID/domain
P7-KERNEL-002,7,M4U ioctl/proc,"work/ps7331-kasan-source-20260810/drivers/misc/mediatek/m4u/2.4/m4u.c:1577-1809,2220-2270",UNKNOWN: no shipped native caller or UID/domain,UNKNOWN: proc mode 0 is source literal; exact label/allow absent; driver source/DT/config gate; active misc /dev/m4u branch is #if 0,"UNKNOWN: no shipped native caller or UID/domain; /proc/m4u; MTK_M4U_T_POWER_ON/OFF,ALLOC_MVA,CONFIG_PORT,MONITOR,CONFIG_TF",DMA/IOMMU mapping port/power/monitor/TF controls,Potential memory-isolation or device-state impact; no package/HOME/PMS sink,UNKNOWN,"work/ps7331-kasan-source-20260810/drivers/misc/mediatek/m4u/2.4/m4u.c:1577-1809,2220-2270",6351de00903a282ba682427095a155794efd8221f253ff11a0f74ed7c5cb86c6,UNKNOWN,Phase 7 KERNEL worker row 7C-002; missing_edge=compiled DTB+proc label/mode+TE allow+caller
P7-KERNEL-003,7,ION generic,"work/ps7331-kasan-source-20260810/drivers/staging/android/ion/ion.c:1502-1503,1657-1658,1906-1924",UNKNOWN: no exact gralloc/codec/native open/ioctl caller or UID/domain,UNKNOWN: node mode/label and allow not joined; CONFIG_ION=y; CONFIG_ION_TEST absent; final heap enablement unknown,UNKNOWN: no exact gralloc/codec/native open/ioctl caller or UID/domain; /dev/ion; alloc/free/map/share/import/sync/custom ioctl,buffer allocation/import/custom ioctl -> DMA/buffer state,Potential buffer/DMA exposure; no framework package-state sink proven,UNKNOWN,"work/ps7331-kasan-source-20260810/drivers/staging/android/ion/ion.c:1502-1503,1657-1658,1906-1924",abac518864faed94439d75d204e8c16ea75cf3a74c93ee50e128e0f6928a6d63,UNKNOWN,Phase 7 KERNEL worker row 7C-003; missing_edge=final heap/object+node policy+SELinux allow+caller
P7-KERNEL-004,7,ION MediaTek custom,"work/ps7331-kasan-source-20260810/drivers/staging/android/ion/mtk/ion_drv.c:319-435,612,765",UNKNOWN: no exact shipped custom ioctl caller or UID/domain,UNKNOWN: node/type/allow absent; CONFIG_MTK_ION=y; heap and platform registration not fully joined,UNKNOWN: no exact shipped custom ioctl caller or UID/domain; /dev/ion custom ioctl; ion_device_create; secure/physical-address paths,custom system/physical-address/secure-memory controls,Potential physical-address/secure-buffer state; no package/HOME effect shown,UNKNOWN,"work/ps7331-kasan-source-20260810/drivers/staging/android/ion/mtk/ion_drv.c:319-435,612,765",eb7fbf99acbc492d99d60c98fc62a67fe7350160c6e91dc033781d5bcd986411,UNKNOWN,Phase 7 KERNEL worker row 7C-004; missing_edge=heap enablement+final node policy+caller
P7-KERNEL-005,7,MediaTek performance ioctl,"work/ps7331-kasan-source-20260810/drivers/misc/mediatek/performance/perf_ioctl/perf_ioctl.c:69-203,231-232",UNKNOWN: no exact shipped native writer or UID/domain,UNKNOWN: source mode 0664 lacks final owner/label/TE allow; driver Kconfig and proc registration; product caller gate unknown,UNKNOWN: no exact shipped native writer or UID/domain; /proc/perfmgr/perf_ioctl; FPSGO_* write/ioctl/compat_ioctl,performance/governor/touch-boost scheduling controls,Authorized writer could alter performance/resource state; no package sink,UNKNOWN,"work/ps7331-kasan-source-20260810/drivers/misc/mediatek/performance/perf_ioctl/perf_ioctl.c:69-203,231-232",df846d7463d14af07fa98bb0a26d389c1a5e41a46b58763327c9d47a2aa3ff09,UNKNOWN,Phase 7 KERNEL worker row 7C-005; missing_edge=final proc owner/group+file_contexts/allow+caller
P7-KERNEL-006,7,AUXADC ioctl/sysfs,"work/ps7331-kasan-source-20260810/drivers/misc/mediatek/auxadc/mtk_auxadc.c:553-667,1515-1651",UNKNOWN: no exact shipped native open/ioctl or sysfs writer; UID/domain unknown,UNKNOWN: exact sysfs/node label mode and TE allow absent; CONFIG_MTK_AUXADC_INTF=y plus selected platform driver,UNKNOWN: no exact shipped native open/ioctl or sysfs writer; UID/domain unknown; AUXADC ioctl/compat_ioctl; writable dump/status/calibration attributes,ADC/register diagnostic/calibration read/write paths,Hardware/diagnostic state effect possible; no package/HOME effect,UNKNOWN,"work/ps7331-kasan-source-20260810/drivers/misc/mediatek/auxadc/mtk_auxadc.c:553-667,1515-1651",5ffbce942417fc6aca773d90e4c6935f508087f9a80d96138a7ecc30561ed327,UNKNOWN,Phase 7 KERNEL worker row 7C-006; missing_edge=final object/DT+sysfs label/mode+allow+caller
P7-KERNEL-007,7,PMIC debugfs/sysfs,work/ps7331-kasan-source-20260810/drivers/misc/mediatek/pmic/common/upmu_debugfs.c:323-351,UNKNOWN: no shipped debugfs writer or UID/domain,UNKNOWN: debugfs type/mode/mount and file_contexts/TE allow absent; PMIC debug feature/Kconfig gate unresolved,UNKNOWN: no shipped debugfs writer or UID/domain; mtk_pmic debugfs/sysfs entries including dump_pmic_reg,writable PMIC register dump/debug controls,Potential PMIC register/debug state effect; no package/HOME sink,UNKNOWN,work/ps7331-kasan-source-20260810/drivers/misc/mediatek/pmic/common/upmu_debugfs.c:323-351,db8dfc551225586a717af6cc96057b8d810548cf123bd555cfb5d5698b5ec092,UNKNOWN,Phase 7 KERNEL worker row 7C-007; missing_edge=final registration+mount+policy+caller
P7-KERNEL-008,7,uinput,work/ps7331-kasan-source-20260810/drivers/input/misc/uinput.c:909-933,UNKNOWN: no exact shipped ELF open/write/ioctl caller or UID/domain,UNKNOWN: node mode/label and allow absent; CONFIG_INPUT_UINPUT=y; final node creation and caller gate unknown,UNKNOWN: no exact shipped ELF open/write/ioctl caller or UID/domain; /dev/uinput; UI_DEV_CREATE/DESTROY; event writes; ioctl/compat_ioctl,synthetic input device/event injection,Input graph and downstream user-facing state may be affected; no package/HOME sink,UNKNOWN,work/ps7331-kasan-source-20260810/drivers/input/misc/uinput.c:909-933,98b41492311d9b9fb9ccbfe269a2fddc0fb436f3048b7887e1f6e5482d36211a,UNKNOWN,Phase 7 KERNEL worker row 7C-008; missing_edge=final node+SELinux+caller
P7-KERNEL-009,7,Amazon liquid-detection sysfs,"work/ps7331-kasan-source-20260810/drivers/staging/amazon/amzn_ld.c:638-711,737-786",UNKNOWN: no exact shipped native sysfs writer or UID/domain,UNKNOWN: exact sysfs label/allow and owner/group absent; CONFIG_AMAZON_LD=y plus DT compatible/driver registration; DT selection unknown,UNKNOWN: no exact shipped native sysfs writer or UID/domain; conditional liquid-detection sysfs attrs/module parameters; writable 0664 source attrs,stop/control/threshold/interval/ADC controls,Potential liquid-detection/device behavior change; no framework/package sink shown,UNKNOWN,"work/ps7331-kasan-source-20260810/drivers/staging/amazon/amzn_ld.c:638-711,737-786",4ef656e1a4e54bce29c6f54d62478b5b68dd093abe2641b85ee15feb1f30d1bc,UNKNOWN,Phase 7 KERNEL worker row 7C-009; missing_edge=compiled DTB+sysfs policy+caller
P7-KERNEL-010,7,Amazon driver test proc,firmware/extracted/PS7331-SOURCE-20250617/platform/device/amazon/kernel/driver/amzn_drv_test.c:747-812; phase6nb evidence,UNKNOWN: no exact open/write caller or UID/domain,UNKNOWN: proc label/init import/TE allow absent; CONFIG_AMZN_DRV_TEST default n and dependency chain; conditional only,"UNKNOWN: no exact open/write caller or UID/domain; /proc/amzn_drvs/{sign_of_life,idme,logger}; proc_write decimal test_index",test dispatcher can write factory-reset/RTC special-mode state if built,High-impact factory state is source-capable but not shipped-confirmed; no low-privilege route proven,UNKNOWN,firmware/extracted/PS7331-SOURCE-20250617/platform/device/amazon/kernel/driver/amzn_drv_test.c:747-812; phase6nb evidence,6c2309f996cacafaab35cce3935bcb725a5259211751af89df88d3732797029e,UNKNOWN,Phase 7 KERNEL worker row 7C-010; missing_edge=product config/object/module+proc label+allow+caller
P7-KERNEL-011,7,Thermal writable sysfs,"work/ps7331-kasan-source-20260810/drivers/thermal/thermal_core.c:1672-1753,1772-1909",UNKNOWN: no exact shipped writer or UID/domain,UNKNOWN: sysfs labels/allow and provider-specific mode absent; CONFIG_THERMAL_WRITABLE_TRIPS=y plus DT thermal zones/provider,"UNKNOWN: no exact shipped writer or UID/domain; /sys/class/thermal/thermal_zone*/{mode,trip_point_*_temp,emul_temp,policy}; writable trip/emulation attrs",thermal trip/emulation/governor controls,Potential thermal/power/availability effect; no package/HOME sink established,UNKNOWN,"work/ps7331-kasan-source-20260810/drivers/thermal/thermal_core.c:1672-1753,1772-1909",3cb614b7c82c9f933e0dd436702b1f7e29d03307b3a1758d860b1b082897caf9,UNKNOWN,Phase 7 KERNEL worker row 7C-011; missing_edge=compiled DTB+zone provider+sysfs policy+caller
P7-KERNEL-012,7,Input evdev,"work/ps7331-kasan-source-20260810/drivers/input/evdev.c:840-892,1329-1331",UNKNOWN: no exact ordinary-app or native event caller and UID/domain,UNKNOWN: node mode/file_contexts/TE allow absent; CONFIG_INPUT_EVDEV=y plus selected input devices,UNKNOWN: no exact ordinary-app or native event caller and UID/domain; /dev/input/event*; evdev ioctl/read/write path,Input events/state consumed by user-facing components,Potential user-facing input-state effect; no direct package/HOME sink,UNKNOWN,"work/ps7331-kasan-source-20260810/drivers/input/evdev.c:840-892,1329-1331",7664e11a712c24b906da6cbf3504c96e00a6b3ca7d64e5b286a345141ada2d28,UNKNOWN,Phase 7 KERNEL worker row 7C-012; missing_edge=final input node policy+caller
P7-KERNEL-013,7,USB devio,"work/ps7331-kasan-source-20260810/drivers/usb/core/devio.c:976-1112,1628-1650,2396-2398,2449",UNKNOWN: no preserved USB ioctl/URB caller or UID/domain,UNKNOWN: usbfs device node label/allow absent; CONFIG_USB=y + selected host/controller drivers,UNKNOWN: no preserved USB ioctl/URB caller or UID/domain; USB devio ioctl/URB submission/control-transfer entry,USB/device hardware and control-transfer state,Potential USB peripheral/hardware state effect; no framework/package sink shown,UNKNOWN,"work/ps7331-kasan-source-20260810/drivers/usb/core/devio.c:976-1112,1628-1650,2396-2398,2449",655a3f79b2230031e0f2dfef4fbb699d832db9054debf47fd5186acec0af2768,UNKNOWN,Phase 7 KERNEL worker row 7C-013; missing_edge=final usbfs node policy+caller
P7-KERNEL-014,7,RPMB char ABI,"work/ps7331-kasan-source-20260810/drivers/char/rpmb/rpmb-mtk.c:2377-2401,2560-2582,2736-2776",UNKNOWN: rpmb_svc/name evidence does not identify exact shipped open+ioctl caller or UID/domain,UNKNOWN: node mode/file_contexts/allow/capable tuple absent; RPMB/MMC configuration and registration; final object gate unknown,UNKNOWN: rpmb_svc/name evidence does not identify exact shipped open+ioctl caller or UID/domain; RPMB char device; unlocked_ioctl; .read/.write NULL,authenticated persistent-storage ioctl/state,Potential authenticated storage mutation; low-privilege reachability and package/HOME effect unproven,UNKNOWN,"work/ps7331-kasan-source-20260810/drivers/char/rpmb/rpmb-mtk.c:2377-2401,2560-2582,2736-2776",a6b070190ad8b97173c129509e6d8f8ae8c9f0d383bc349be44d9c919387c8d5,UNKNOWN,Phase 7 KERNEL worker row 7C-014; missing_edge=final object+node policy+capability+caller
P7-KERNEL-015,7,Amazon DSP debugfs,work/ps7331-kasan-source-20260810/drivers/staging/amazon/dspframework/src/adf_debug.c:245-261,UNKNOWN: no shipped debugfs writer or UID/domain,UNKNOWN: debugfs mount/owner/type and SELinux allow absent; DSP framework Kconfig/module gate unresolved,UNKNOWN: no shipped debugfs writer or UID/domain; debugfs /adf_dbg_fs/*; debugfs_create_file callbacks,DSP debug/control file callbacks,Potential DSP diagnostic/control state; no package/HOME/PMS sink,UNKNOWN,work/ps7331-kasan-source-20260810/drivers/staging/amazon/dspframework/src/adf_debug.c:245-261,5831c6e7920f76e8bea94179cf4b0812ceee8b37a59e0a6b420928d2a24331ca,UNKNOWN,Phase 7 KERNEL worker row 7C-015; missing_edge=final hash+registration/mount+policy+caller
P7-RUNTIME-001,7,existing runtime/workaround reconciliation,output/tables/phase6di-home-priority-override.csv; findings/phase-6ij-user0-home-candidate-closure.md,baseline HOME resolver,none,user0,Fire Launcher priority 50; com.amazon.firelauncher/.Launcher isDefault=true; Fire package enabled=0,persistent baseline; not required,CONFIRMED,output/tables/phase6di-home-priority-override.csv; findings/phase-6ij-user0-home-candidate-closure.md,249ff92ad3ae913ed6821b17787e92165f62006894af9764456b00cc25232430,CONFIRMED,Phase 7 RUNTIME worker row 7D-001; missing_edge=Read-only re-query after any future authorized test; no mutation.
P7-RUNTIME-002,7,existing runtime/workaround reconciliation,output/tables/phase6di-home-priority-override.csv; output/tables/phase6ex-preferred-force-stop-home.csv,public set-home-activity Microsoft,cmd package set-home-activity Microsoft,user0,"Preferred/mAlways record was written successfully, but resolver and foreground remained Fire priority 50",record persisted across reboot; preferred rollback to Fire recorded,CONFIRMED,output/tables/phase6di-home-priority-override.csv; output/tables/phase6ex-preferred-force-stop-home.csv,249ff92ad3ae913ed6821b17787e92165f62006894af9764456b00cc25232430,CONFIRMED,Phase 7 RUNTIME worker row 7D-002; missing_edge=No repeat; compare read-only preferred and resolver state only.
P7-RUNTIME-003,7,existing runtime/workaround reconciliation,output/tables/phase6ex-preferred-force-stop-home.csv,set-home plus force-stop checkpoint,set Microsoft preferred; force-stop Microsoft; HOME; restore Fire preferred,user0,"""Fire won HOME; Microsoft stopped; Fire preferred and foreground restored""",preferred state persistent; force-stop temporary; successful semantic rollback,CONFIRMED,output/tables/phase6ex-preferred-force-stop-home.csv,21edb5fb681987ef47b8e34a1955681bb85742d4e233a465a51961205f68f11f,CONFIRMED,Phase 7 RUNTIME worker row 7D-003; missing_edge=No repeat; retain as negative boundary.
P7-RUNTIME-004,7,existing runtime/workaround reconciliation,output/tables/phase6di-home-priority-override.csv; output/tables/phase6fg-pms-protected-package.csv,protected package/component disable,pm disable-user Fire package/component,user0,"""SecurityException before state write; Fire package remained protected and HOME priority 50""",unchanged; not required,CONFIRMED_NEGATIVE,output/tables/phase6di-home-priority-override.csv; output/tables/phase6fg-pms-protected-package.csv,249ff92ad3ae913ed6821b17787e92165f62006894af9764456b00cc25232430,CONFIRMED_NEGATIVE,Phase 7 RUNTIME worker row 7D-004; missing_edge=No repeat; read-only package state guard only.
P7-RUNTIME-005,7,existing runtime/workaround reconciliation,output/tables/phase6fo-gui-default-apps-home-boundary.csv; findings/phase-6fo-gui-default-apps-home-boundary.md,Settings GUI default HOME,open HOME_SETTINGS / AdvancedAppsActivity,user0,"""Settings exposed no usable Home-app picker; no GUI HOME replacement; Fire remained HOME""",unchanged; not required,CONFIRMED_NEGATIVE,output/tables/phase6fo-gui-default-apps-home-boundary.csv; findings/phase-6fo-gui-default-apps-home-boundary.md,5d8d637d86d32d6cc880f9af04406d1acd39271eddee00552ec317cb73bb9886,CONFIRMED_NEGATIVE,Phase 7 RUNTIME worker row 7D-005; missing_edge=No repeat; inspect only if a future build exposes a Home selector.
P7-RUNTIME-006,7,existing runtime/workaround reconciliation,output/tables/phase6dt-dpm-tx100-caller-gate.csv; output/tables/phase6cq-dpm-persistent-preferred-boundary.csv,DPM persistent preferred tx100,fake admin/live owner caller attempt,user0,"""Both caller cases rejected with security error; Fire remained HOME; no persistent preferred write""",none; not required,CONFIRMED_NEGATIVE,output/tables/phase6dt-dpm-tx100-caller-gate.csv; output/tables/phase6cq-dpm-persistent-preferred-boundary.csv,2447acb2b9dac6f27b2ca32cdc0133d7629deb406a3d6141dd0e769ccf7be657,CONFIRMED_NEGATIVE,Phase 7 RUNTIME worker row 7D-006; missing_edge=No raw transaction; only observe an authorized owner lifecycle if naturally available.
P7-RUNTIME-007,7,existing runtime/workaround reconciliation,output/tables/phase6cp-backup-preferred-observation.csv; output/tables/phase6dw-backup-preferred-observation.csv,backup preferred restore,none; read-only dumpsys backup and static restore path,user0,"""Backup helper/tx81 exists statically; no restore running; shell writer rejected; Fire unchanged""",not tested; not applicable,UNTESTED_SAFE_ROUTE,output/tables/phase6cp-backup-preferred-observation.csv; output/tables/phase6dw-backup-preferred-observation.csv,2447acb2b9dac6f27b2ca32cdc0133d7629deb406a3d6141dd0e769ccf7be657,UNTESTED_SAFE_ROUTE,Phase 7 RUNTIME worker row 7D-007; missing_edge=Only observe a genuine official restore event; do not replay payload or tx81.
P7-RUNTIME-008,7,existing runtime/workaround reconciliation,output/tables/phase6cb-gui-child-profile-kft-lifecycle.csv; output/tables/phase6cc-adb-child-home-activation.csv; output/tables/phase6gr-gui-systemui-profile-switch.csv,GUI child/KFT provisioning,supported Settings child creation plus authorized user lifecycle,user10/11/12,"""Tahoe FreeTimeLauncherActivity became child HOME priority 975; Fire disabled per child; User 0 Fire priority 50 stayed independent""",child state persisted until stop/switchback; stop child/switch User 0 recorded,CONFIRMED_CHILD_ONLY,output/tables/phase6cb-gui-child-profile-kft-lifecycle.csv; output/tables/phase6cc-adb-child-home-activation.csv; output/tables/phase6gr-gui-systemui-profile-switch.csv,d3ce7a38f3d1e3df35571880b922aaa22377f5efaea8a349e5520f2ae2fc06ad,CONFIRMED_CHILD_ONLY,"Phase 7 RUNTIME worker row 7D-008; missing_edge=No new child creation; if already-existing child is present, read-only resolve/foreground check only."
P7-RUNTIME-009,7,existing runtime/workaround reconciliation,output/tables/phase6ay-kft-child-user-matrix.csv; findings/phase-6ay-kft-child-user-experiment.md,shell restricted child create/remove,pm create-user --profileOf 0 --restricted then remove-user,user10,"""User 10 created stopped/unstarted; User 0 HOME unchanged; removal succeeded; no direct KFT call observed""",temporary and reversible; remove-user plus post-rollback guard,CONFIRMED_NEGATIVE,output/tables/phase6ay-kft-child-user-matrix.csv; findings/phase-6ay-kft-child-user-experiment.md,2447acb2b9dac6f27b2ca32cdc0133d7629deb406a3d6141dd0e769ccf7be657,CONFIRMED_NEGATIVE,Phase 7 RUNTIME worker row 7D-009; missing_edge=Do not repeat; genuine Amazon provisioning remains untested and would require privileged GUI/private path.
P7-RUNTIME-010,7,existing runtime/workaround reconciliation,output/tables/phase6ck-child-third-party-home-boundary.csv; output/tables/phase6fy-kft-user10-third-party-home.csv,third-party HOME inside KFT child,install-existing Microsoft; set-home-activity; switch child,user10/12,"""Microsoft candidate priority 0 did not displace Tahoe priority 975; Tahoe remained foreground; parent User 0 Fire unchanged""",per-user state during child run; uninstall/stop/switchback recorded,CONFIRMED_NEGATIVE,output/tables/phase6ck-child-third-party-home-boundary.csv; output/tables/phase6fy-kft-user10-third-party-home.csv,8732d7a6f3f9a343c3768d0e040e569d5c2ba95971a48cc31b62d0f5ef2133b3,CONFIRMED_NEGATIVE,Phase 7 RUNTIME worker row 7D-010; missing_edge=No repeat; child-only route is not a User 0 workaround.
P7-RUNTIME-011,7,existing runtime/workaround reconciliation,output/tables/phase6gr-gui-systemui-profile-switch.csv; findings/phase-6ih-child-kft-evidence-closure.md,SystemUI/profile switch,supported SystemUI picker / public switch-user,user0↔child,"""Switch to child selects Tahoe; return to owner selects Fire; no HOME writer observed""",active-user dependent; stop child and return User 0 recorded,CONFIRMED_CHILD_ONLY,output/tables/phase6gr-gui-systemui-profile-switch.csv; findings/phase-6ih-child-kft-evidence-closure.md,39b5e4ad80099d7ff037a832e044f814f5b38b526678c4790907beb8206dcd9c,CONFIRMED_CHILD_ONLY,Phase 7 RUNTIME worker row 7D-011; missing_edge=No repeat; read-only current-user/HOME guard only.
P7-RUNTIME-012,7,existing runtime/workaround reconciliation,output/tables/phase6cx-adb-accessibility-foreground-redirect.csv; output/tables/phase6cy-clean-reboot-home.csv; adb/phase6cy/PHASE6CY-MS-ACCESSIBILITY-20260806-15-CLEAN-REBOOT/metadata.json,Accessibility explicit foreground redirect,enabled research Accessibility service; explicit Fire event/launch handling,user0,"""Microsoft/alias reached foreground after Fire launch events; HOME resolver stayed Fire priority 50; package/HOME state unchanged""",reboot rebind confirmed for one variant; USB/ADB independence not proven; disable/remove research packages and restore Fire recorded,CONFIRMED_WORKAROUND_WITH_SCOPE,output/tables/phase6cx-adb-accessibility-foreground-redirect.csv; output/tables/phase6cy-clean-reboot-home.csv; adb/phase6cy/PHASE6CY-MS-ACCESSIBILITY-20260806-15-CLEAN-REBOOT/metadata.json,80afbf76e424ecbdb747ccff83464dfd30773df96b0adc94cb62631acee004fe,CONFIRMED_WORKAROUND_WITH_SCOPE,"Phase 7 RUNTIME worker row 7D-012; missing_edge=No repeat; if authorized, one read-only post-reboot foreground/resolver guard."
P7-RUNTIME-013,7,existing runtime/workaround reconciliation,findings/phase-6ig-accessibility-consume-home-closure.md; adb/phase6cy/PHASE6CY-CONSUME-HOME-20260807-02/metadata.json,Accessibility HOME consume attempt,Accessibility service configured to consume HOME,user0,"""0/3 Microsoft final foreground; Fire started 3/3; service did not intercept system HOME on this build""",not applicable; rollback recorded,CONFIRMED_NEGATIVE,findings/phase-6ig-accessibility-consume-home-closure.md; adb/phase6cy/PHASE6CY-CONSUME-HOME-20260807-02/metadata.json,2447acb2b9dac6f27b2ca32cdc0133d7629deb406a3d6141dd0e769ccf7be657,CONFIRMED_NEGATIVE,Phase 7 RUNTIME worker row 7D-013; missing_edge=No repeat; consume route closed for this build.
P7-RUNTIME-014,7,existing runtime/workaround reconciliation,findings/phase-6at-adb-home-monitor.md; adb/phase6at/PHASE6AT-ADB-HOME-MONITOR-PS7331-T02/,ADB foreground monitor,host monitor sends HOME then explicit research Activity,user0,"""30/30 final foreground samples were research Activity after Fire HOME event; resolver remained Fire; requires active ADB monitor""",not established after disconnect/process death/reboot; monitor stopped and normal HOME restore recorded,CONFIRMED_TEMPORARY_WORKAROUND,findings/phase-6at-adb-home-monitor.md; adb/phase6at/PHASE6AT-ADB-HOME-MONITOR-PS7331-T02/,2447acb2b9dac6f27b2ca32cdc0133d7629deb406a3d6141dd0e769ccf7be657,CONFIRMED_TEMPORARY_WORKAROUND,Phase 7 RUNTIME worker row 7D-014; missing_edge=Only safe minimum is read-only monitor-state review; do not claim persistence or USB-independent operation.
P7-RUNTIME-015,7,existing runtime/workaround reconciliation,output/tables/phase6ew-amazon-activity-foreground-spoof.csv; findings/phase-6ew-amazon-activity-foreground-spoof.md,Amazon activity foreground spoof,accepted tx7 onActivityResume fake neutral component,user0,"In-memory observer event accepted, but no HOME/PMS/KFT writer or launcher replacement observed; real Fire start restored",temporary in-memory probe; APK removal and Fire start recorded,CONFIRMED_NON_HOME_BOUNDARY,output/tables/phase6ew-amazon-activity-foreground-spoof.csv; findings/phase-6ew-amazon-activity-foreground-spoof.md,2447acb2b9dac6f27b2ca32cdc0133d7629deb406a3d6141dd0e769ccf7be657,CONFIRMED_NON_HOME_BOUNDARY,"Phase 7 RUNTIME worker row 7D-015; missing_edge=No repeat; keep classified as observer spoof candidate, not workaround."
P7-RUNTIME-016,7,existing runtime/workaround reconciliation,output/tables/phase6ec-kft-tx3-reachability.csv; output/tables/phase6mv-runtime-summary-20260810-02.csv,private Amazon/KFT service reachability,service list/check only; no transaction,user0/child,"Names may appear in service list, but shell service check returned not found/SELinux find denial; no KFT tx3 dispatch",not tested; not applicable,CONFIRMED_SHELL_BLOCKED,output/tables/phase6ec-kft-tx3-reachability.csv; output/tables/phase6mv-runtime-summary-20260810-02.csv,2447acb2b9dac6f27b2ca32cdc0133d7629deb406a3d6141dd0e769ccf7be657,CONFIRMED_SHELL_BLOCKED,Phase 7 RUNTIME worker row 7D-016; missing_edge=No transaction guessing; host-only caller/permission closure only.
P7-RUNTIME-017,7,existing runtime/workaround reconciliation,output/tables/phase6gu-boot-after-system-ota.csv; output/tables/phase6m-oobe-control-surface.csv; output/tables/phase6r-oobe-authorization-matrix.csv,OOBE post-system-OTA route,none; static audit and read-only package state,user0/child,"""boot phase 550/isUpgrade guarded broadcast can enable OobeHomeActivity and alter setup state; OOBE component disabled in captured runtime; no action replay""",not tested; natural OTA only; not applicable,UNTESTED_HIGH_IMPACT,output/tables/phase6gu-boot-after-system-ota.csv; output/tables/phase6m-oobe-control-surface.csv; output/tables/phase6r-oobe-authorization-matrix.csv,2447acb2b9dac6f27b2ca32cdc0133d7629deb406a3d6141dd0e769ccf7be657,UNTESTED_HIGH_IMPACT,"Phase 7 RUNTIME worker row 7D-017; missing_edge=Only observe after a legitimate official OTA; do not broadcast, enable OOBE, edit setup state, or run updater/recovery."
P7-RUNTIME-018,7,existing runtime/workaround reconciliation,output/tables/phase6n-ota-post-install-audit.csv; findings/phase-6z-boot-after-system-ota-follow-up.md,OTA staging/post-install,none; static source/control audit,user0/child,"""Verification/staging/update handoff is high-impact lifecycle; no HOME setter or executed OTA evidence""",not tested; not applicable,UNTESTED_HIGH_IMPACT,output/tables/phase6n-ota-post-install-audit.csv; findings/phase-6z-boot-after-system-ota-follow-up.md,2447acb2b9dac6f27b2ca32cdc0133d7629deb406a3d6141dd0e769ccf7be657,UNTESTED_HIGH_IMPACT,"Phase 7 RUNTIME worker row 7D-018; missing_edge=Host-only native provenance join, or natural post-OTA read-only snapshot."
P7-WATCHDOG-001,7,Amazon package-state/HOME watchdog,decompiled/baksmali/vdexExtractor/fosservices/disassembly.log:33627-33718 (class/method and setPackage Fire literal; 031350-0313b0 loops running users and broadcasts),MigrationService lifecycle caller; private method,appsAvailable receives availability boolean; no shell/exported entry shown,system_server/Amazon MigrationService; running user IDs returned by getRunningUserIds(),com.amazon.firelauncher; IActivityManager.broadcastIntent,package-scoped EXTERNAL_APPLICATIONS_AVAILABLE/UNAVAILABLE notification with changed package list; no package-state/HOME write,static capability,decompiled/baksmali/vdexExtractor/fosservices/disassembly.log:33627-33718 (class/method and setPackage Fire literal; 031350-0313b0 loops running users and broadcasts),ecbe62fe8eb8bd575da8b2a73a155875df937073ccc2faa020ca592c0515151c,static capability,Phase 7 WATCHDOG worker row 7E-001; missing_edge=no evidence that receiver changes enable/disable/hidden/suspended/preferred/HOME state; receiver manifest/permission edge is not present in preserved inputs
P7-WATCHDOG-002,7,Amazon package-state/HOME watchdog,artifacts/phase6mh-package-state-writers-20260810-01/writer-calls.csv:5-6 and disassembly.log:54297-54434,tryEnableKftLauncherComponent and child/profile lifecycle,UserInfo.id is supplied; nearby flow requires KFT admin/profile-owner setup,system_server AmazonUserManagerService; child/profile user only (UserInfo.id),com.amazon.firelauncher; AmazonPackageManager.setApplicationEnabledSetting,Fire application state is enabled/disabled alongside Tahoe FreeTime launcher for KFT child user; no HOME preferred write,duplicate,artifacts/phase6mh-package-state-writers-20260810-01/writer-calls.csv:5-6 and disassembly.log:54297-54434,39ce24194ecead7109894d6bae3cfcf631118c9181ec446dc70a6dd3354f231a; ecbe62fe8eb8bd575da8b2a73a155875df937073ccc2faa020ca592c0515151c,duplicate,Phase 7 WATCHDOG worker row 7E-002; missing_edge=no User 0 gate; no exact shell caller or HOME resolver sink
P7-WATCHDOG-003,7,Amazon package-state/HOME watchdog,artifacts/phase6mh-package-state-writers-20260810-01/writer-calls.csv:4 and disassembly.log:54300-54312,same KFT path,child/profile lifecycle plus profile-owner/admin setup,system_server AmazonUserManagerService; child/profile user only (UserInfo.id),com.amazon.tahoe.launcher.FreeTimeLauncherActivity; AmazonPackageManager.setComponentEnabledSetting,Tahoe FreeTime component enabled for child user; paired with Fire package state but not a Fire HOME writer,duplicate,artifacts/phase6mh-package-state-writers-20260810-01/writer-calls.csv:4 and disassembly.log:54300-54312,39ce24194ecead7109894d6bae3cfcf631118c9181ec446dc70a6dd3354f231a; ecbe62fe8eb8bd575da8b2a73a155875df937073ccc2faa020ca592c0515151c,duplicate,Phase 7 WATCHDOG worker row 7E-003; missing_edge=no User 0/HOME resolver edge
P7-WATCHDOG-004,7,Amazon package-state/HOME watchdog,decompiled/baksmali/vdexExtractor/fosservices/disassembly.log:136888-136954 (getPackagesForUid/getCallingUserId/getApplicationInfo and gates),system-server callback invoked by ActivityStack path,ApplicationInfo lookup by supplied UID; allow if SELinux amazon_policies:see_home_task or package signature matches android,system_server callback context; caller UID/user implied by package lookup,caller application (not Fire-specific); boolean callback return,permits/denies visibility of HOME task only; no package state or preferred write,static capability,decompiled/baksmali/vdexExtractor/fosservices/disassembly.log:136888-136954 (getPackagesForUid/getCallingUserId/getApplicationInfo and gates),ecbe62fe8eb8bd575da8b2a73a155875df937073ccc2faa020ca592c0515151c,static capability,Phase 7 WATCHDOG worker row 7E-004; missing_edge=no exported shell-writable registration or path from callback to Fire state/HOME resolver
P7-WATCHDOG-005,7,Amazon package-state/HOME watchdog,decompiled/baksmali/vdexExtractor/fosservices/disassembly.log:136954-137013,system-server PackageManager callback,tracked package/user pair and userId >= 0; only packages recorded by PermissionManager callback,system_server callback; recorded package/user pairs,tracked package; PackageManager.revokeRuntimePermission,revokes READ_LOGS on shutdown; does not hide/suspend/disable Fire or write HOME state,static capability,decompiled/baksmali/vdexExtractor/fosservices/disassembly.log:136954-137013,ecbe62fe8eb8bd575da8b2a73a155875df937073ccc2faa020ca592c0515151c,static capability,Phase 7 WATCHDOG worker row 7E-005; missing_edge=no Fire literal/PM state setter/HOME sink; package tracking input is not shell-writable in preserved evidence
P7-WATCHDOG-006,7,Amazon package-state/HOME watchdog,decompiled/baksmali/vdexExtractor/fosservices/disassembly.log:97240-97345 and 97304-97330; artifacts/phase6ap/consumer-snippet-20260805-01/fosservices-denylist-consumer.snippet.txt,DenyListArcusHelper constructor during trusted PM service setup,first-run SharedPreferences absence causes resource JSON import; initialize requires non-empty persist.sys.denylist_arcusid resource/property value,system_server Amazon PM service; device-protected shared preference/global property scope,configured deny-list packages; SharedPreferences.Editor.putStringSet/commit and SystemProperties.get then ArcusFwkManager.register/syncId,stores deny-list metadata and registers Arcus sync; no observed enable/disable/hidden/suspend/preferred/HOME write,bounded negative,decompiled/baksmali/vdexExtractor/fosservices/disassembly.log:97240-97345 and 97304-97330; artifacts/phase6ap/consumer-snippet-20260805-01/fosservices-denylist-consumer.snippet.txt,ecbe62fe8eb8bd575da8b2a73a155875df937073ccc2faa020ca592c0515151c; 860e30444f8c23a5e990e1b0f5ed0ff0feb330436d9e2f222aa7ea49d2e0be78,bounded negative,Phase 7 WATCHDOG worker row 7E-006; missing_edge=no shell-writable property setter; only property read and trusted resource/Arcus registration; deny-list consumer-to-Fire target edge missing
P7-WATCHDOG-007,7,Amazon package-state/HOME watchdog,artifacts/phase6ap/denylist-resource-closure-20260805-01/res/raw/package_manager_deny_list.json and disassembly.log:97280-97302,system-server PM helper initialization,resource package_manager_deny_list JSON parsed from preserved resource; no caller-controlled file path,system_server Amazon PM helper; device/resource scope,packages_deny_list entries; resource InputStream read plus saveProtectedPackages,build/config deny-list only; no HOME/package-state writer,static capability,artifacts/phase6ap/denylist-resource-closure-20260805-01/res/raw/package_manager_deny_list.json and disassembly.log:97280-97302,16086fecbfce0a20c0b37535e25d690635d398b30d582fa6d231736dc9bdf710; ecbe62fe8eb8bd575da8b2a73a155875df937073ccc2faa020ca592c0515151c,static capability,Phase 7 WATCHDOG worker row 7E-007; missing_edge=no exact Fire Launcher target or setter edge
P7-WATCHDOG-008,7,Amazon package-state/HOME watchdog,artifacts/phase6mh-package-state-writers-20260810-01/writer-calls.csv:13-14 and findings/phase-6fw-framework-home-provenance-closure.md,adb shell command path,standard PMS caller/permission/protected-package gates; --user is caller-supplied but not bypass,com.android.shell; explicit --user scope,requested package/component; IPackageManager.setApplicationEnabledSetting/setComponentEnabledSetting/setHomeActivity,standard shell-writable interface exists but protected PMS/HOME semantics remain; no new Fire-specific watchdog caller,duplicate,artifacts/phase6mh-package-state-writers-20260810-01/writer-calls.csv:13-14 and findings/phase-6fw-framework-home-provenance-closure.md,39ce24194ecead7109894d6bae3cfcf631118c9181ec446dc70a6dd3354f231a,duplicate,Phase 7 WATCHDOG worker row 7E-008; missing_edge=no evidence of accepted shell mutation for Fire User 0 or resolver replacement; no new exact caller→Fire sink beyond baseline
