source_scope,source_path,source_sha256,kconfig,registration_or_fops,user_copy,local_gate,control_channel,secure_or_trusted_marker,uevent_or_netlink_marker,framework_sink,launcher_sink,runtime_reachability,evidence_class,representative_locations
drivers/misc/mediatek,drivers/misc/mediatek/accdet/accdet_drv.c,f1ef258560f9c076bcb1f28cd807d3d496b569151a719f608c348f93f0a4579e,drivers/misc/mediatek/accdet/Kconfig,"ioctl_entry,device_registration",0,not-observed,ioctl-or-user-copy,no,no,none-observed,none-observed,not-derived-from-source,source-surface-only,ioctl_entry:51:<file-scope>; device_registration:143:<file-scope>
drivers/misc/mediatek,drivers/misc/mediatek/accdet/mt8183/accdet.c,ceb891f3747fb6b2d61a6c15073fd74392069a70ccc4d2ee31c0fdceeba2c6a1,drivers/misc/mediatek/accdet/Kconfig,device_registration,0,not-observed,proc-sysfs-device-registration,no,no,none-observed,none-observed,not-derived-from-source,source-surface-only,property_or_boot_state:2164:<file-scope>; property_or_boot_state:2166:<file-scope>; device_registration:2691:<file-scope>; device_registration:2698:<file-scope>; device_registration:2703:<file-scope>; device_registration:2705:<file-scope>; property_or_boot_state:2815:<file-scope>
drivers/misc/mediatek,drivers/misc/mediatek/accdet/mt8183/accdet.h,5115421117b40ebf4843dfa98572f9e3e1d5dcc01a35c4a05c70f764bbad2078,drivers/misc/mediatek/accdet/Kconfig,ioctl_entry,0,not-observed,ioctl-or-user-copy,no,no,none-observed,none-observed,not-derived-from-source,source-surface-only,ioctl_entry:54:<file-scope>; ioctl_entry:55:<file-scope>; ioctl_entry:56:<file-scope>
drivers/misc/mediatek,drivers/misc/mediatek/accdet/mt8183/reg_accdet.h,7be96a7e5064d64f6b51c2ad21fd3ae4f989f6950f0f0415b4f0ab0036aef873,drivers/misc/mediatek/accdet/Kconfig,,0,not-observed,support-code,no,no,none-observed,none-observed,not-derived-from-source,support-code-only,
drivers/misc/mediatek,drivers/misc/mediatek/aee/aed/aed-main.c,0829c23bf4ad585b4bb6cdf9e07f2c7f318c6e117b5027b652ac11d6f5918700,drivers/misc/mediatek/aee/Kconfig,"ioctl_entry,proc_sysfs_debugfs_registration,device_registration",11,not-observed,secure-world-marker,yes,no,none-observed,none-observed,not-derived-from-source,source-surface-only,user_copy:288:<file-scope>; user_copy:1048:<file-scope>; user_copy:1265:<file-scope>; user_copy:1348:<file-scope>; user_copy:1367:<file-scope>; user_copy:1394:<file-scope>; user_copy:1448:<file-scope>; ioctl_entry:1466:<file-scope>; ioctl_entry:1508:<file-scope>; ioctl_entry:1534:<file-scope>; user_copy:1536:<file-scope>; ioctl_entry:1573:<file-scope>
drivers/misc/mediatek,drivers/misc/mediatek/aee/aed/aed.h,5df26d9b4cc6c9d15189e1e13f37f9e26bb2709f8a52f936aacf20a470f9a313,drivers/misc/mediatek/aee/Kconfig,"ioctl_entry,proc_sysfs_debugfs_registration",0,not-observed,ioctl-or-user-copy,no,no,none-observed,none-observed,not-derived-from-source,source-surface-only,ioctl_entry:163:<file-scope>; ioctl_entry:164:<file-scope>; ioctl_entry:165:<file-scope>; ioctl_entry:166:<file-scope>; ioctl_entry:167:<file-scope>; ioctl_entry:168:<file-scope>; ioctl_entry:169:<file-scope>; ioctl_entry:170:<file-scope>; ioctl_entry:171:<file-scope>; ioctl_entry:173:<file-scope>; ioctl_entry:175:<file-scope>; ioctl_entry:176:<file-scope>
drivers/misc/mediatek,drivers/misc/mediatek/aee/aed/monitor_hang.c,a60c77e77819c5e5cca411560c30404f0c269abbdb64767e6aad0836ea01dc5b,drivers/misc/mediatek/aee/Kconfig,"ioctl_entry,proc_sysfs_debugfs_registration,device_registration",3,observed,ioctl-or-user-copy,no,no,none-observed,none-observed,not-derived-from-source,source-surface-only,user_copy:145:<file-scope>; ioctl_entry:249:<file-scope>; user_copy:264:<file-scope>; user_copy:268:<file-scope>; local_gate:277:<file-scope>; ioctl_entry:314:<file-scope>; ioctl_entry:316:<file-scope>; device_registration:344:<file-scope>; proc_sysfs_debugfs_registration:353:<file-scope>; ioctl_entry:1724:<file-scope>
drivers/misc/mediatek,drivers/misc/mediatek/aee/common/aee-common.c,2559715488f8386ac077d01435f863a734f127415c88ba1eabe3f6cf98dbfd68,drivers/misc/mediatek/aee/Kconfig,,0,not-observed,support-code,no,no,none-observed,none-observed,not-derived-from-source,support-code-only,
drivers/misc/mediatek,drivers/misc/mediatek/aee/common/aee-common.h,73d22c95ac912743f44df3faa2f8cb839e2ac5c95a09840a7c94e521bf433efc,drivers/misc/mediatek/aee/Kconfig,,0,not-observed,support-code,no,no,none-observed,none-observed,not-derived-from-source,support-code-only,
drivers/misc/mediatek,drivers/misc/mediatek/aee/common/dummy.c,21cd09ed2d5b4296006287d12e009acf0bfd203322fe3d809b816ba046f04063,drivers/misc/mediatek/aee/Kconfig,,0,not-observed,support-code,no,no,none-observed,none-observed,not-derived-from-source,support-code-only,
drivers/misc/mediatek,drivers/misc/mediatek/aee/common/reboot-reason.c,7058f98f09aa5a077351b78f5f84a72dc48e6dd5235d111bed0e7cdf8a906635,drivers/misc/mediatek/aee/Kconfig,proc_sysfs_debugfs_registration,0,not-observed,proc-sysfs-device-registration,no,no,none-observed,none-observed,not-derived-from-source,source-surface-only,property_or_boot_state:16:<file-scope>; proc_sysfs_debugfs_registration:87:<file-scope>; property_or_boot_state:108:<file-scope>; proc_sysfs_debugfs_registration:155:<file-scope>; property_or_boot_state:167:<file-scope>
drivers/misc/mediatek,drivers/misc/mediatek/aee/common/wdt-atf.c,1484dd882cab0110777975c66b355739cd48279d2812dd73840e1dbcbd951b11,drivers/misc/mediatek/aee/Kconfig,,0,not-observed,secure-world-marker,yes,no,none-observed,none-observed,not-derived-from-source,support-code-only,secure_world:696:<file-scope>; secure_world:700:<file-scope>; secure_world:704:<file-scope>
drivers/misc/mediatek,drivers/misc/mediatek/aee/ipanic/ipanic.h,080225cd2621c6e648fe9157d25970780a4b9ca5af0869221c41b5367df48d90,drivers/misc/mediatek/aee/Kconfig,,0,not-observed,support-code,no,no,none-observed,none-observed,not-derived-from-source,support-code-only,
drivers/misc/mediatek,drivers/misc/mediatek/aee/ipanic/ipanic_rom.c,bcb1a95939683502b6db74b55093372e0d240c6c9c45e4a4ec2debe60072f400,drivers/misc/mediatek/aee/Kconfig,,0,not-observed,support-code,no,no,none-observed,none-observed,not-derived-from-source,support-code-only,
drivers/misc/mediatek,drivers/misc/mediatek/aee/mrdump/mrdump_arm64.c,f8c7bcd728d4d766009c5f2297b0b7cd4ec5fd759192dcd8957d431ba8f5a3c6,drivers/misc/mediatek/aee/Kconfig,,0,not-observed,support-code,no,no,none-observed,none-observed,not-derived-from-source,support-code-only,
drivers/misc/mediatek,drivers/misc/mediatek/aee/mrdump/mrdump_control.c,4fbc80cd80c96debbcae204887666bf937307d28c5ce988d113e694610345df7,drivers/misc/mediatek/aee/Kconfig,,0,not-observed,support-code,no,no,none-observed,none-observed,not-derived-from-source,support-code-only,
drivers/misc/mediatek,drivers/misc/mediatek/aee/mrdump/mrdump_full.c,7f84d4452b80f776e66e7e4ddc0b1c2e18df817201f37fc0d1957ff9ef2a606e,drivers/misc/mediatek/aee/Kconfig,proc_sysfs_debugfs_registration,0,not-observed,proc-sysfs-device-registration,no,no,none-observed,none-observed,not-derived-from-source,source-surface-only,proc_sysfs_debugfs_registration:393:<file-scope>; property_or_boot_state:394:<file-scope>
drivers/misc/mediatek,drivers/misc/mediatek/aee/mrdump/mrdump_hw.c,81999597b6a919ffcf137400bea10192748331f3b923a7ad1e02b383d64b41ee,drivers/misc/mediatek/aee/Kconfig,,0,not-observed,support-code,no,no,none-observed,none-observed,not-derived-from-source,support-code-only,
drivers/misc/mediatek,drivers/misc/mediatek/aee/mrdump/mrdump_key_setup.c,4cd2ad205d5a9a2501e2b639cd2d3da96174d75685fdba5945ebd2452fe62e80,drivers/misc/mediatek/aee/Kconfig,,0,not-observed,support-code,no,no,none-observed,none-observed,not-derived-from-source,support-code-only,
drivers/misc/mediatek,drivers/misc/mediatek/aee/mrdump/mrdump_mini.c,67095458f5bf7fce4e03767c487e1d72368eb7547faab4731f38ff11775e9bfc,drivers/misc/mediatek/aee/Kconfig,,0,not-observed,support-code,no,no,none-observed,none-observed,not-derived-from-source,support-code-only,
drivers/misc/mediatek,drivers/misc/mediatek/aee/mrdump/mrdump_mini.h,57e3f34df74e5f32e3bd7a985845ad972a2ab5cb3e871ff9ed284f1461cfb31c,drivers/misc/mediatek/aee/Kconfig,,0,not-observed,support-code,no,no,none-observed,none-observed,not-derived-from-source,support-code-only,
drivers/misc/mediatek,drivers/misc/mediatek/aee/mrdump/mrdump_mini_extra_misc.h,0a95bbe1bf34aabcd29a4e69352432ec0568ef1aa5d21ff9e9fefec9c7a230ff,drivers/misc/mediatek/aee/Kconfig,,0,not-observed,support-code,no,no,none-observed,none-observed,not-derived-from-source,support-code-only,
drivers/misc/mediatek,drivers/misc/mediatek/aee/mrdump/mrdump_private.h,3b876f9056d85226e617e0ef21808d8a042baa060059194e4aae99910553bf79,drivers/misc/mediatek/aee/Kconfig,,0,not-observed,support-code,no,no,none-observed,none-observed,not-derived-from-source,support-code-only,
drivers/misc/mediatek,drivers/misc/mediatek/aee/mrdump/mrdump_setup.c,f3b50537445021cff3a85f86f4599179e63e68f10531c8702453f26eb2eb0fae,drivers/misc/mediatek/aee/Kconfig,,0,not-observed,support-code,no,no,none-observed,none-observed,not-derived-from-source,support-code-only,
drivers/misc/mediatek,drivers/misc/mediatek/atf_log/atf_logger.c,a59504307f97f11331d13ae6eaab81c47e131597288196c3e76e3bda70f880d8,drivers/misc/mediatek/atf_log/Kconfig,"ioctl_entry,proc_sysfs_debugfs_registration,device_registration",6,not-observed,secure-world-marker,yes,no,none-observed,none-observed,not-derived-from-source,source-surface-only,user_copy:21:<file-scope>; user_copy:177:<file-scope>; secure_world:181:<file-scope>; user_copy:211:<file-scope>; user_copy:221:<file-scope>; user_copy:223:<file-scope>; user_copy:227:<file-scope>; ioctl_entry:330:<file-scope>; ioctl_entry:331:<file-scope>; secure_world:489:<file-scope>; secure_world:491:<file-scope>; device_registration:510:<file-scope>
drivers/misc/mediatek,drivers/misc/mediatek/atf_log/mt_secure_call.c,a673b6f19bf1fa7e3416d87be3ab0834f0f15f4fba08486584ddad1ba1f690ef,drivers/misc/mediatek/atf_log/Kconfig,,0,not-observed,secure-world-marker,yes,no,none-observed,none-observed,not-derived-from-source,support-code-only,secure_world:37:<file-scope>; secure_world:59:<file-scope>
drivers/misc/mediatek,drivers/misc/mediatek/auxadc/mtk_auxadc.c,5ffbce942417fc6aca773d90e4c6935f508087f9a80d96138a7ecc30561ed327,drivers/misc/mediatek/auxadc/Kconfig,"ioctl_entry,proc_sysfs_debugfs_registration,device_registration",5,not-observed,ioctl-or-user-copy,no,no,none-observed,none-observed,not-derived-from-source,source-surface-only,ioctl_entry:147:<file-scope>; ioctl_entry:148:<file-scope>; ioctl_entry:149:<file-scope>; ioctl_entry:150:<file-scope>; ioctl_entry:151:<file-scope>; user_copy:568:<file-scope>; ioctl_entry:578:<file-scope>; user_copy:583:<file-scope>; ioctl_entry:588:<file-scope>; user_copy:593:<file-scope>; ioctl_entry:603:<file-scope>; user_copy:609:<file-scope>
drivers/misc/mediatek,drivers/misc/mediatek/auxadc/mtk_auxadc.h,187da568aaa9dbb739ab7c51a50e66d5e746bb43c08c8390c2fd908beb98089b,drivers/misc/mediatek/auxadc/Kconfig,,0,not-observed,support-code,no,no,none-observed,none-observed,not-derived-from-source,support-code-only,
drivers/misc/mediatek,drivers/misc/mediatek/auxadc/mt8183/mtk_auxadc_hw.h,8c26791089828dcf31061637c715451eadbf131cac881df256351e69956bcad3,drivers/misc/mediatek/auxadc/Kconfig,,0,not-observed,support-code,no,no,none-observed,none-observed,not-derived-from-source,support-code-only,
drivers/misc/mediatek,drivers/misc/mediatek/base/power/clkbuf_v1/mtk_clkbuf_ctl.c,175e823990501a72495ce7560c25ecf1d66a2f1f5c104c1dcfc1ce14e0380c27,drivers/misc/mediatek/base/power/Kconfig,,0,not-observed,support-code,no,no,none-observed,none-observed,not-derived-from-source,support-code-only,
drivers/misc/mediatek,drivers/misc/mediatek/base/power/clkbuf_v1/mt8183/mtk_clkbuf_hw.c,6de0b4d0c4930e20580e07dc49240bd556e8c64cb3015a03bd8aee798b71462e,drivers/misc/mediatek/base/power/clkbuf_v1/mt8183/Kconfig,proc_sysfs_debugfs_registration,0,not-observed,proc-sysfs-device-registration,no,no,none-observed,none-observed,not-derived-from-source,source-surface-only,proc_sysfs_debugfs_registration:1387:<file-scope>
drivers/misc/mediatek,drivers/misc/mediatek/base/power/cm_mgr_v1/mtk_cm_mgr.c,06b7dcf8260ea6dce97f006d640c0c9a8498573217c246fff152466ec290fa78,drivers/misc/mediatek/base/power/Kconfig,proc_sysfs_debugfs_registration,1,not-observed,secure-world-marker,yes,no,none-observed,none-observed,not-derived-from-source,source-surface-only,secure_world:352:<file-scope>; secure_world:357:<file-scope>; secure_world:361:<file-scope>; secure_world:475:<file-scope>; secure_world:548:<file-scope>; user_copy:961:<file-scope>; proc_sysfs_debugfs_registration:1069:<file-scope>
drivers/misc/mediatek,drivers/misc/mediatek/base/power/cm_mgr_v1/mtk_cm_mgr.h,adac8befbdf2a6909558da687451e647b85fbb0f355c4e6d87e0ae454638fb7f,drivers/misc/mediatek/base/power/Kconfig,,0,not-observed,support-code,no,no,none-observed,none-observed,not-derived-from-source,support-code-only,
drivers/misc/mediatek,drivers/misc/mediatek/base/power/cm_mgr_v1/mtk_cm_mgr_data.h,7a664b606e266b75c7d1dbad3d46d6fb845d7836688d7bfade4dea07bd9275da,drivers/misc/mediatek/base/power/Kconfig,,0,not-observed,support-code,no,no,none-observed,none-observed,not-derived-from-source,support-code-only,
drivers/misc/mediatek,drivers/misc/mediatek/base/power/cm_mgr_v1/mtk_cm_mgr_mt8183.c,f527fa81dd0d80af1845d94ff6d92ee9da73cb3ded1750bcb749032eb690a77a,drivers/misc/mediatek/base/power/Kconfig,,0,not-observed,support-code,no,no,none-observed,none-observed,not-derived-from-source,support-code-only,
drivers/misc/mediatek,drivers/misc/mediatek/base/power/cm_mgr_v1/mtk_cm_mgr_mt8183.h,893fda182daa36da90b655b6c915223855c507fc483640b28bb764a6b6bf708a,drivers/misc/mediatek/base/power/Kconfig,,0,not-observed,support-code,no,no,none-observed,none-observed,not-derived-from-source,support-code-only,
drivers/misc/mediatek,drivers/misc/mediatek/base/power/cm_mgr_v1/mtk_cm_mgr_mt8183_data.h,478c397472ded8cc5819cdf5a838b2f4cd8afa29fac39a2014c34fc04ef304e9,drivers/misc/mediatek/base/power/Kconfig,,0,not-observed,support-code,no,no,none-observed,none-observed,not-derived-from-source,support-code-only,
drivers/misc/mediatek,drivers/misc/mediatek/base/power/cm_mgr_v1/mtk_cm_mgr_mt8183_events.h,9056e4116220b9aeb7a9d4368c987814477040270d36169bc781e99b512dcb70,drivers/misc/mediatek/base/power/Kconfig,,0,not-observed,support-code,no,no,none-observed,none-observed,not-derived-from-source,support-code-only,
drivers/misc/mediatek,drivers/misc/mediatek/base/power/cm_mgr_v1/mtk_cm_mgr_mt8183_reg.h,184acbcbd2d02b274f683fbe187866dafbcdddb0028f12a6ff87efc92d69cbe0,drivers/misc/mediatek/base/power/Kconfig,,0,not-observed,support-code,no,no,none-observed,none-observed,not-derived-from-source,support-code-only,
drivers/misc/mediatek,drivers/misc/mediatek/base/power/cpufreq_v1/inc/mtk_cpufreq_internal.h,b9693a81fa6cb0a2cf681a2d2ead0dfddebfcfefd509530621cdf469b0d68a34,drivers/misc/mediatek/base/power/Kconfig,,0,not-observed,support-code,no,no,none-observed,none-observed,not-derived-from-source,support-code-only,property_or_boot_state:136:<file-scope>
drivers/misc/mediatek,drivers/misc/mediatek/base/power/cpufreq_v1/inc/mtk_cpufreq_struct.h,1944f031605a29c4f643d90ca6a5eed863b1759350385883fa0f79f508cd19d6,drivers/misc/mediatek/base/power/Kconfig,,0,not-observed,support-code,no,no,none-observed,none-observed,not-derived-from-source,support-code-only,
drivers/misc/mediatek,drivers/misc/mediatek/base/power/cpufreq_v1/src/mtk_cpufreq_api.c,34c56e4723b01d3bfa7f513b50293ba00e8a9003c6109fe0dbcf7e004b825a97,drivers/misc/mediatek/base/power/Kconfig,,0,not-observed,support-code,no,no,none-observed,none-observed,not-derived-from-source,support-code-only,
drivers/misc/mediatek,drivers/misc/mediatek/base/power/cpufreq_v1/src/mtk_cpufreq_debug.c,ac3f483fec51971b94d9f4b5a350dffe0039385753de17db00f25c02a8a9934e,drivers/misc/mediatek/base/power/Kconfig,,0,not-observed,support-code,no,no,none-observed,none-observed,not-derived-from-source,support-code-only,
drivers/misc/mediatek,drivers/misc/mediatek/base/power/cpufreq_v1/src/mtk_cpufreq_hybrid.c,90b05b36f19eb00aebde957458a068fef88d28e654c991823fd79595c1e4731e,drivers/misc/mediatek/base/power/Kconfig,"proc_sysfs_debugfs_registration,device_registration",0,not-observed,proc-sysfs-device-registration,no,no,none-observed,none-observed,not-derived-from-source,source-surface-only,proc_sysfs_debugfs_registration:949:<file-scope>; device_registration:991:<file-scope>
drivers/misc/mediatek,drivers/misc/mediatek/base/power/cpufreq_v1/src/mtk_cpufreq_hybrid.h,b676a2ae7bba69c720ad64cc639242bec92919236a406efd11d312ec34d4d48a,drivers/misc/mediatek/base/power/Kconfig,,0,not-observed,support-code,no,no,none-observed,none-observed,not-derived-from-source,support-code-only,
drivers/misc/mediatek,drivers/misc/mediatek/base/power/cpufreq_v1/src/mtk_cpufreq_interface.c,d835a72238a90d48de3501d42b3ab2ff7ce887e829adf0a00fd6a6c559374e1c,drivers/misc/mediatek/base/power/Kconfig,proc_sysfs_debugfs_registration,1,not-observed,ioctl-or-user-copy,no,no,none-observed,none-observed,not-derived-from-source,source-surface-only,user_copy:56:<file-scope>; proc_sysfs_debugfs_registration:490:<file-scope>; proc_sysfs_debugfs_registration:505:<file-scope>
drivers/misc/mediatek,drivers/misc/mediatek/base/power/cpufreq_v1/src/mtk_cpufreq_main.c,61810095093dac0f1e800e653300465e0b5c162baf060225604b6ae2539e3230,drivers/misc/mediatek/base/power/Kconfig,device_registration,0,not-observed,proc-sysfs-device-registration,no,no,none-observed,none-observed,not-derived-from-source,source-surface-only,device_registration:1546:<file-scope>
drivers/misc/mediatek,drivers/misc/mediatek/base/power/cpufreq_v1/src/mach/mt8183/mtk_cpufreq_config.h,8e7f19e9a139712f5a2108fda3beab688ac44f2460b7b41d12bde8a2cbea9e44,drivers/misc/mediatek/base/power/Kconfig,,0,not-observed,support-code,no,no,none-observed,none-observed,not-derived-from-source,support-code-only,
drivers/misc/mediatek,drivers/misc/mediatek/base/power/cpufreq_v1/src/mach/mt8183/mtk_cpufreq_debug.h,5a26fb714d7ae7c65e21de808a13b767406fa4137ddcb2bf991f5dd45a20215c,drivers/misc/mediatek/base/power/Kconfig,,0,not-observed,support-code,no,no,none-observed,none-observed,not-derived-from-source,support-code-only,
drivers/misc/mediatek,drivers/misc/mediatek/base/power/cpufreq_v1/src/mach/mt8183/mtk_cpufreq_opp_pv_table.h,4ed7de8f4a809b3313dc60d812c8174930ffba721f93a4038417849ebb4d68f0,drivers/misc/mediatek/base/power/Kconfig,,0,not-observed,support-code,no,no,none-observed,none-observed,not-derived-from-source,support-code-only,
drivers/misc/mediatek,drivers/misc/mediatek/base/power/cpufreq_v1/src/mach/mt8183/mtk_cpufreq_opp_table.h,35e0484a725e63ed3fcff23ece7662c585cd7e16ccc97a865a241110cbc7e087,drivers/misc/mediatek/base/power/Kconfig,,0,not-observed,support-code,no,no,none-observed,none-observed,not-derived-from-source,support-code-only,
drivers/misc/mediatek,drivers/misc/mediatek/base/power/cpufreq_v1/src/mach/mt8183/mtk_cpufreq_platform.c,e74e0492bbaddb283fc200a8b81ba5a6d4e004715f2f55efa1ab127208e8a0df,drivers/misc/mediatek/base/power/Kconfig,,0,not-observed,support-code,no,no,none-observed,none-observed,not-derived-from-source,support-code-only,
drivers/misc/mediatek,drivers/misc/mediatek/base/power/cpufreq_v1/src/mach/mt8183/mtk_cpufreq_platform.h,beff592a6e4066318864b0c30fdd0c2e7c57f3dcfb8e6e14ad587dfbe728be77,drivers/misc/mediatek/base/power/Kconfig,,0,not-observed,support-code,no,no,none-observed,none-observed,not-derived-from-source,support-code-only,
drivers/misc/mediatek,drivers/misc/mediatek/base/power/cpuidle_v3/mtk_cpuidle.c,a60be10c87eb9a5c57c6e55926abbcebbc8d2edaa2230d8545f503e028f28606,drivers/misc/mediatek/base/power/Kconfig,,0,not-observed,support-code,no,no,none-observed,none-observed,not-derived-from-source,support-code-only,
drivers/misc/mediatek,drivers/misc/mediatek/base/power/cpuidle_v3/mtk_cpuidle_private.h,b62e7add7ca43d0a4403ebae63aeb88ab4062c3e33ab1c8024bdd87603e58f01,drivers/misc/mediatek/base/power/Kconfig,,0,not-observed,support-code,no,no,none-observed,none-observed,not-derived-from-source,support-code-only,
drivers/misc/mediatek,drivers/misc/mediatek/base/power/dcm_v1/mtk_dcm.c,628607d7c89aa2d0a0cec1cd2a8ecc780458575b8c51ed9424aa9f821069437e,drivers/misc/mediatek/base/power/Kconfig,proc_sysfs_debugfs_registration,0,not-observed,proc-sysfs-device-registration,no,no,none-observed,none-observed,not-derived-from-source,source-surface-only,proc_sysfs_debugfs_registration:450:<file-scope>; property_or_boot_state:452:<file-scope>; proc_sysfs_debugfs_registration:459:<file-scope>; property_or_boot_state:461:<file-scope>
drivers/misc/mediatek,drivers/misc/mediatek/base/power/dcm_v1/mt8183/mtk_dcm_autogen.c,7b8efaa06b3f39e9da02178355217e7cda4db10d39eff10962b2abc46352642f,drivers/misc/mediatek/base/power/Kconfig,,0,not-observed,support-code,no,no,none-observed,none-observed,not-derived-from-source,support-code-only,
drivers/misc/mediatek,drivers/misc/mediatek/base/power/dcm_v1/mt8183/mtk_dcm_internal.c,9adc01af889f450040bc92afbcd6cc57b54539f396e78f55fa66c4526899ec7f,drivers/misc/mediatek/base/power/Kconfig,,0,not-observed,support-code,no,no,none-observed,none-observed,not-derived-from-source,support-code-only,
drivers/misc/mediatek,drivers/misc/mediatek/base/power/drcc_v1/mt8183/mtk_drcc.c,2972b95548bd8df2968063f41b1a3c70b78856e074f3cd253741ebb805762bbf,drivers/misc/mediatek/base/power/Kconfig,"proc_sysfs_debugfs_registration,device_registration",11,not-observed,secure-world-marker,yes,no,none-observed,none-observed,not-derived-from-source,source-surface-only,secure_world:296:<file-scope>; secure_world:312:<file-scope>; secure_world:331:<file-scope>; secure_world:354:<file-scope>; secure_world:361:<file-scope>; secure_world:370:<file-scope>; secure_world:379:<file-scope>; secure_world:387:<file-scope>; secure_world:395:<file-scope>; secure_world:403:<file-scope>; secure_world:411:<file-scope>; secure_world:419:<file-scope>
drivers/misc/mediatek,drivers/misc/mediatek/base/power/drcc_v1/mt8183/inc/mtk_drcc.h,74479de81985f488be0c91b39a9ab1b0bd70222b4ec560cacd4cf0a7a96ba615,drivers/misc/mediatek/base/power/Kconfig,,0,not-observed,secure-world-marker,yes,no,none-observed,none-observed,not-derived-from-source,support-code-only,secure_world:24:<file-scope>; secure_world:27:<file-scope>
drivers/misc/mediatek,drivers/misc/mediatek/base/power/eem_v1/inc/mtk_eem.h,5c38f8f77b23c183dd767c203fa5518d7a769869b06f140066a395a96d57e91e,drivers/misc/mediatek/base/power/Kconfig,,0,not-observed,support-code,no,no,none-observed,none-observed,not-derived-from-source,support-code-only,
drivers/misc/mediatek,drivers/misc/mediatek/base/power/eem_v2/mt8183/mtk_eem.c,a90e1394435073d0490d4359866651f03e1d206079f3919e4b3787b49bb83327,drivers/misc/mediatek/base/power/Kconfig,"proc_sysfs_debugfs_registration,device_registration",4,not-observed,ioctl-or-user-copy,no,no,none-observed,none-observed,not-derived-from-source,source-surface-only,property_or_boot_state:3212:<file-scope>; property_or_boot_state:3238:<file-scope>; user_copy:3262:<file-scope>; property_or_boot_state:3420:<file-scope>; user_copy:3452:<file-scope>; user_copy:3519:<file-scope>; property_or_boot_state:3573:<file-scope>; user_copy:3598:<file-scope>; property_or_boot_state:3693:<file-scope>; proc_sysfs_debugfs_registration:3694:<file-scope>; property_or_boot_state:3702:<file-scope>; proc_sysfs_debugfs_registration:3705:<file-scope>
drivers/misc/mediatek,drivers/misc/mediatek/base/power/eem_v2/mt8183/mtk_eem_api.c,3ed5b0d82b9b7294c8734d02e8ec82799da580b884e00d7896bd02178c81930e,drivers/misc/mediatek/base/power/Kconfig,,0,not-observed,support-code,no,no,none-observed,none-observed,not-derived-from-source,support-code-only,
drivers/misc/mediatek,drivers/misc/mediatek/base/power/eem_v2/mt8183/mtk_eem_internal.c,d67406c9d2325ec47fbde95211e76dfdf215b1bf5f5672fb60a6fc094527b8ec,drivers/misc/mediatek/base/power/Kconfig,,0,not-observed,support-code,no,no,none-observed,none-observed,not-derived-from-source,support-code-only,
drivers/misc/mediatek,drivers/misc/mediatek/base/power/eem_v2/mt8183/mtk_eem_platform.c,27a6601930356ad6f866cf385486b4e0dd2fb3dd4ce7c56dac7d4a663301921f,drivers/misc/mediatek/base/power/Kconfig,,0,not-observed,support-code,no,no,none-observed,none-observed,not-derived-from-source,support-code-only,
drivers/misc/mediatek,drivers/misc/mediatek/base/power/eem_v2/mt8183/inc/mtk_defeem.h,905d1f0b46411ceab3bb5931f7c421c7632a68d3ac52c243cd6717a8dc5e9f7e,drivers/misc/mediatek/base/power/Kconfig,,0,not-observed,support-code,no,no,none-observed,none-observed,not-derived-from-source,support-code-only,
drivers/misc/mediatek,drivers/misc/mediatek/base/power/eem_v2/mt8183/inc/mtk_eem.h,de9b2ff7d0458a0efe94e10e94ce9301ed667c29d218879ada21b50f75835147,drivers/misc/mediatek/base/power/Kconfig,,0,not-observed,support-code,no,no,none-observed,none-observed,not-derived-from-source,support-code-only,
drivers/misc/mediatek,drivers/misc/mediatek/base/power/eem_v2/mt8183/inc/mtk_eem_config.h,0365e587fd15568b10272c5524b364db8db4f7f200bebb678f42175e454579da,drivers/misc/mediatek/base/power/Kconfig,,0,not-observed,support-code,no,no,none-observed,none-observed,not-derived-from-source,support-code-only,
drivers/misc/mediatek,drivers/misc/mediatek/base/power/eem_v2/mt8183/inc/mtk_eem_internal.h,4423a16e828496e0a9c7767ba18f24f82ce8ef1f72293f3ff0a4fa3ac0f276fd,drivers/misc/mediatek/base/power/Kconfig,,0,not-observed,support-code,no,no,none-observed,none-observed,not-derived-from-source,support-code-only,
drivers/misc/mediatek,drivers/misc/mediatek/base/power/eem_v2/mt8183/inc/mtk_eem_internal_ap.h,0eae1754fbaaff27d008469827ed7c5f08584e195033257e3a135c41e743ed09,drivers/misc/mediatek/base/power/Kconfig,,0,not-observed,support-code,no,no,none-observed,none-observed,not-derived-from-source,support-code-only,property_or_boot_state:135:<file-scope>
drivers/misc/mediatek,drivers/misc/mediatek/base/power/hps_v3/mtk_hotplug_cb.c,fa92779eb3b55aef4393503b8d366b2a26ab9f062744e60390c95e4d855e7746,drivers/misc/mediatek/base/power/Kconfig,,0,not-observed,secure-world-marker,yes,no,none-observed,none-observed,not-derived-from-source,support-code-only,secure_world:115:<file-scope>; secure_world:186:<file-scope>; secure_world:219:<file-scope>; secure_world:229:<file-scope>; secure_world:240:<file-scope>
drivers/misc/mediatek,drivers/misc/mediatek/base/power/hps_v3/mtk_hps.h,88ae158f24da4761e7bbcdc4ec1e06d563f1cd0e37d7eee5b1916721a76a08cb,drivers/misc/mediatek/base/power/Kconfig,,0,not-observed,support-code,no,no,none-observed,none-observed,not-derived-from-source,support-code-only,
drivers/misc/mediatek,drivers/misc/mediatek/base/power/hps_v3/mtk_hps_algo.c,5d8a3e2421479a49bea2b1ff4755f34ca1285fd576044a0b16f7d70af8650ebc,drivers/misc/mediatek/base/power/Kconfig,,0,not-observed,support-code,no,no,none-observed,none-observed,not-derived-from-source,support-code-only,
drivers/misc/mediatek,drivers/misc/mediatek/base/power/hps_v3/mtk_hps_api.c,5138ca785f6db8e1f29e80da6124457f7232f7d023c00922d0395524dd76681a,drivers/misc/mediatek/base/power/Kconfig,,0,not-observed,secure-world-marker,yes,no,none-observed,none-observed,not-derived-from-source,support-code-only,secure_world:448:<file-scope>; secure_world:473:<file-scope>; secure_world:484:<file-scope>; secure_world:496:<file-scope>
drivers/misc/mediatek,drivers/misc/mediatek/base/power/hps_v3/mtk_hps_core.c,04b1060f0ddbc0bc9956962a05a73fff190fb1ce21856378a71dc194766f72e5,drivers/misc/mediatek/base/power/Kconfig,,0,not-observed,support-code,no,no,none-observed,none-observed,not-derived-from-source,support-code-only,
drivers/misc/mediatek,drivers/misc/mediatek/base/power/hps_v3/mtk_hps_cpu.c,73adf9255a6e52dec11ad33dcd3c7aed0689d3563677b409295054cf1b84f87f,drivers/misc/mediatek/base/power/Kconfig,,0,not-observed,support-code,no,no,none-observed,none-observed,not-derived-from-source,support-code-only,
drivers/misc/mediatek,drivers/misc/mediatek/base/power/hps_v3/mtk_hps_internal.h,6beb85e62af339da4bd58a4a441e077fa8a6f888bdb2f033a88dfc99aa3a494e,drivers/misc/mediatek/base/power/Kconfig,,0,not-observed,support-code,no,no,none-observed,none-observed,not-derived-from-source,support-code-only,
drivers/misc/mediatek,drivers/misc/mediatek/base/power/hps_v3/mtk_hps_main.c,9f61b9ae138e9580083e58c44b72e3bee2b6ac22905722717d53caad233dc9cc,drivers/misc/mediatek/base/power/Kconfig,device_registration,0,not-observed,proc-sysfs-device-registration,no,no,none-observed,none-observed,not-derived-from-source,source-surface-only,device_registration:626:<file-scope>
drivers/misc/mediatek,drivers/misc/mediatek/base/power/hps_v3/mtk_hps_ops.c,a820ae7bd02836de889f94ffcc9cc0bfa110e314d3e002cf0732e7f0f1535933,drivers/misc/mediatek/base/power/Kconfig,,0,not-observed,support-code,no,no,none-observed,none-observed,not-derived-from-source,support-code-only,
drivers/misc/mediatek,drivers/misc/mediatek/base/power/hps_v3/mtk_hps_procfs.c,e8e6fa64f6c52b37ec99e4c32880fd80cb935d6c059332afcbb7fa8553bb824a,drivers/misc/mediatek/base/power/Kconfig,proc_sysfs_debugfs_registration,6,not-observed,ioctl-or-user-copy,no,no,none-observed,none-observed,not-derived-from-source,source-surface-only,property_or_boot_state:97:<file-scope>; property_or_boot_state:196:<file-scope>; property_or_boot_state:204:<file-scope>; property_or_boot_state:225:<file-scope>; property_or_boot_state:253:<file-scope>; user_copy:281:<file-scope>; user_copy:357:<file-scope>; property_or_boot_state:444:<file-scope>; user_copy:466:<file-scope>; property_or_boot_state:526:<file-scope>; user_copy:549:<file-scope>; property_or_boot_state:610:<file-scope>
drivers/misc/mediatek,drivers/misc/mediatek/base/power/include/mtk_clk_id.h,904b48c12505161a084fdf05e1aaa5449768485816009d294cb0098d4389a387,drivers/misc/mediatek/base/power/Kconfig,,0,not-observed,support-code,no,no,none-observed,none-observed,not-derived-from-source,support-code-only,
drivers/misc/mediatek,drivers/misc/mediatek/base/power/include/mtk_clkbuf_ctl.h,83d424b1f6e3a5a9bf2215cec3c2678231ca4672c1e080ee1b154f40f4c018bc,drivers/misc/mediatek/base/power/Kconfig,,0,not-observed,support-code,no,no,none-observed,none-observed,not-derived-from-source,support-code-only,
drivers/misc/mediatek,drivers/misc/mediatek/base/power/include/mtk_common_static_power.h,32b7c9347bf388f25782aaf7082b60b4ea52d8e459934204cda3d611d97600c3,drivers/misc/mediatek/base/power/Kconfig,,0,not-observed,support-code,no,no,none-observed,none-observed,not-derived-from-source,support-code-only,
drivers/misc/mediatek,drivers/misc/mediatek/base/power/include/mtk_cpufreq_hybrid.h,bbd9ac42190733dcfaf589f9916e43d0066d8781b54ee490f5615b1bbc8d0a82,drivers/misc/mediatek/base/power/Kconfig,,0,not-observed,support-code,no,no,none-observed,none-observed,not-derived-from-source,support-code-only,
drivers/misc/mediatek,drivers/misc/mediatek/base/power/include/mtk_dvfsrc_reg.h,99a3d1b0bc0c17cf82fde2a1f8bab4b2c8efd0bd7dcc4831604db1fe2b04486c,drivers/misc/mediatek/base/power/Kconfig,,0,not-observed,support-code,no,no,none-observed,none-observed,not-derived-from-source,support-code-only,
drivers/misc/mediatek,drivers/misc/mediatek/base/power/include/mtk_idle.h,db9ee1e7c666f8f89ccdde641cc61ae8e3e78f668e5ec5ca95b546eb216fe66b,drivers/misc/mediatek/base/power/Kconfig,,0,not-observed,support-code,no,no,none-observed,none-observed,not-derived-from-source,support-code-only,
drivers/misc/mediatek,drivers/misc/mediatek/base/power/include/mtk_idle_mcdi.h,d1f5c6b65d1f11a7a8575eec9be20f5b98e9b389d789e0c4622276d11172add0,drivers/misc/mediatek/base/power/Kconfig,,0,not-observed,support-code,no,no,none-observed,none-observed,not-derived-from-source,support-code-only,
drivers/misc/mediatek,drivers/misc/mediatek/base/power/include/mtk_idle_profile.h,2d42856897282b52b7cdbc0ee1cbd7a555f4141ac88acd2356bb8c4ef743e943,drivers/misc/mediatek/base/power/Kconfig,,0,not-observed,support-code,no,no,none-observed,none-observed,not-derived-from-source,support-code-only,
drivers/misc/mediatek,drivers/misc/mediatek/base/power/include/mtk_power_gs_api.h,c59d55a0ed8163dca389cb6d5fd7bf267bbd8ae0321e5f6993ab4e4b47872ee9,drivers/misc/mediatek/base/power/Kconfig,,0,not-observed,support-code,no,no,none-observed,none-observed,not-derived-from-source,support-code-only,
drivers/misc/mediatek,drivers/misc/mediatek/base/power/include/mtk_sleep.h,b916647fa50887914f44c8a17f312bf82c3bbf90d61b545221ea85b644607223,drivers/misc/mediatek/base/power/Kconfig,,0,not-observed,support-code,no,no,none-observed,none-observed,not-derived-from-source,support-code-only,
drivers/misc/mediatek,drivers/misc/mediatek/base/power/include/mtk_spm.h,fde442e21c83b35c4b37cc4749c927cc4799d4506907338ea117a5f79e41088f,drivers/misc/mediatek/base/power/Kconfig,,0,not-observed,support-code,no,no,none-observed,none-observed,not-derived-from-source,support-code-only,
drivers/misc/mediatek,drivers/misc/mediatek/base/power/include/mtk_spm_idle.h,75805c75aa604100b3ff05ec4d7c84c7932afb306c2b3943b1eb36bc49b5d24c,drivers/misc/mediatek/base/power/Kconfig,,0,not-observed,support-code,no,no,none-observed,none-observed,not-derived-from-source,support-code-only,
drivers/misc/mediatek,drivers/misc/mediatek/base/power/include/mtk_spm_misc.h,bf0b74a7f3ecb6d9eb5e40c1969abc3ad00ffc59eb222efe8e9414a222f49ccc,drivers/misc/mediatek/base/power/Kconfig,,0,not-observed,support-code,no,no,none-observed,none-observed,not-derived-from-source,support-code-only,
drivers/misc/mediatek,drivers/misc/mediatek/base/power/include/mtk_spm_reg.h,bc8d6f727d47671be0a01e2cfafbfa4b342ebe29d4ee8b2b01292bb2ef07de75,drivers/misc/mediatek/base/power/Kconfig,,0,not-observed,support-code,no,no,none-observed,none-observed,not-derived-from-source,support-code-only,
drivers/misc/mediatek,drivers/misc/mediatek/base/power/include/mtk_spm_resource_req.h,8e4bcdf849c91eec072298f66cfc38a1d4ce37bf4cde14178a4a4e03d1f04e20,drivers/misc/mediatek/base/power/Kconfig,,0,not-observed,support-code,no,no,none-observed,none-observed,not-derived-from-source,support-code-only,
drivers/misc/mediatek,drivers/misc/mediatek/base/power/include/mtk_spm_sleep.h,2e328dc1f7388cba083580a7ef2ba2d13208c9d3108edc441fbcafa056227099,drivers/misc/mediatek/base/power/Kconfig,,0,not-observed,support-code,no,no,none-observed,none-observed,not-derived-from-source,support-code-only,
drivers/misc/mediatek,drivers/misc/mediatek/base/power/include/mtk_spm_vcore_dvfs.h,7e86f6aaa34ded8d35648846d58385d807776571d2f0bbfcfe2aa788a2d0c37a,drivers/misc/mediatek/base/power/Kconfig,,0,not-observed,support-code,no,no,none-observed,none-observed,not-derived-from-source,support-code-only,
drivers/misc/mediatek,drivers/misc/mediatek/base/power/include/mtk_spm_vcore_dvfs_ipi.h,ab25aceca7977f8f44015bab69fad1489b0e77f0ae11fb3dfbef50918ff9f428,drivers/misc/mediatek/base/power/Kconfig,,0,not-observed,support-code,no,no,none-observed,none-observed,not-derived-from-source,support-code-only,
drivers/misc/mediatek,drivers/misc/mediatek/base/power/include/mtk_swpm.h,83722df6a16916a44908ef99772de53fe868b25c6da57d67fdc8904fc092bb1b,drivers/misc/mediatek/base/power/Kconfig,,0,not-observed,support-code,no,no,none-observed,none-observed,not-derived-from-source,support-code-only,
drivers/misc/mediatek,drivers/misc/mediatek/base/power/include/mtk_udi.h,26e873b42bb9b9a25531cde2b70fa61e33e8571c2b58777105627c92a886c2b9,drivers/misc/mediatek/base/power/Kconfig,,0,not-observed,support-code,no,no,none-observed,none-observed,not-derived-from-source,support-code-only,
drivers/misc/mediatek,drivers/misc/mediatek/base/power/include/mtk_upower.h,ae473a2cdb2064397629e3fcd9c309a01086113d32016af10091b04a8fd7e707,drivers/misc/mediatek/base/power/Kconfig,,0,not-observed,support-code,no,no,none-observed,none-observed,not-derived-from-source,support-code-only,
drivers/misc/mediatek,drivers/misc/mediatek/base/power/include/mtk_vcorefs_governor.h,c7d260701193e732e3cb0841fb0379004d9582eff098d40c1127ab61e6720355,drivers/misc/mediatek/base/power/Kconfig,,0,not-observed,support-code,no,no,none-observed,none-observed,not-derived-from-source,support-code-only,
drivers/misc/mediatek,drivers/misc/mediatek/base/power/include/mtk_vcorefs_manager.h,7721c2cd2687126adbb41199703e22ed2a180b381a6fcd9659e894a42e826d3e,drivers/misc/mediatek/base/power/Kconfig,,0,not-observed,support-code,no,no,none-observed,none-observed,not-derived-from-source,support-code-only,
drivers/misc/mediatek,drivers/misc/mediatek/base/power/include/clkbuf_v1/mtk_clkbuf_common.h,34bc5a10b55b07a65340a3ded8498a9e2bb6965573c1e211f028acd99773d900,drivers/misc/mediatek/base/power/Kconfig,,0,not-observed,support-code,no,no,none-observed,none-observed,not-derived-from-source,support-code-only,property_or_boot_state:28:<file-scope>
drivers/misc/mediatek,drivers/misc/mediatek/base/power/include/clkbuf_v1/mtk_clkbuf_ctl.h,7c8ca90b7d6c844830231fe050c71f6f9752fa891319104552a88cad3b7f0c12,drivers/misc/mediatek/base/power/Kconfig,,0,not-observed,support-code,no,no,none-observed,none-observed,not-derived-from-source,support-code-only,
drivers/misc/mediatek,drivers/misc/mediatek/base/power/include/clkbuf_v1/mt8183/mtk_clkbuf_hw.h,9e7845484f4f1c4df0c13223e0dd7ae2545ce27f0bf0d2e17785fbe4955cc9fc,drivers/misc/mediatek/base/power/Kconfig,,0,not-observed,support-code,no,no,none-observed,none-observed,not-derived-from-source,support-code-only,
drivers/misc/mediatek,drivers/misc/mediatek/base/power/include/cpuidle_v3/mtk_cpuidle.h,5cf8c62bcf05fb136cc34da3ca0a834ca3779530bcf229ad667c99998bf22af4,drivers/misc/mediatek/base/power/Kconfig,,0,not-observed,support-code,no,no,none-observed,none-observed,not-derived-from-source,support-code-only,
drivers/misc/mediatek,drivers/misc/mediatek/base/power/include/dcm_v1/mtk_dcm.h,f0dc66456e5e9687913677cb4931b96d6a82cbba370cd1100f4d1df655a6f989,drivers/misc/mediatek/base/power/Kconfig,,0,not-observed,support-code,no,no,none-observed,none-observed,not-derived-from-source,support-code-only,
drivers/misc/mediatek,drivers/misc/mediatek/base/power/include/dcm_v1/mtk_dcm_common.h,100254daf1afd7d0fae235346268419e09e992371c22b6d41177b2f150326b42,drivers/misc/mediatek/base/power/Kconfig,,0,not-observed,support-code,no,no,none-observed,none-observed,not-derived-from-source,support-code-only,
drivers/misc/mediatek,drivers/misc/mediatek/base/power/include/dcm_v1/mt8183/mtk_dcm_autogen.h,6376ba50701c38b2bf36b280af74ef12cd19f3d32a815c06bc98295d17eeebca,drivers/misc/mediatek/base/power/Kconfig,,0,not-observed,support-code,no,no,none-observed,none-observed,not-derived-from-source,support-code-only,
drivers/misc/mediatek,drivers/misc/mediatek/base/power/include/dcm_v1/mt8183/mtk_dcm_internal.h,2a43f412be3f6a4c42e480803d18a299a70bccb7f6c51a52c3601b632d651e32,drivers/misc/mediatek/base/power/Kconfig,,0,not-observed,secure-world-marker,yes,no,none-observed,none-observed,not-derived-from-source,support-code-only,secure_world:38:<file-scope>; secure_world:42:<file-scope>
drivers/misc/mediatek,drivers/misc/mediatek/base/power/include/leakage_table_v2/mtk_spower_data.h,b98ba19b8b264e51104aa205f4d86aa77154eb1c0f07c4b0fc825e89f0e6e4c0,drivers/misc/mediatek/base/power/Kconfig,,0,not-observed,support-code,no,no,none-observed,none-observed,not-derived-from-source,support-code-only,
drivers/misc/mediatek,drivers/misc/mediatek/base/power/include/leakage_table_v2/mtk_spower_data_mt8183.h,26c91ec832a78ddadbf90700f73535ea9e7f85436ba388d9ebde83fb32aefbd8,drivers/misc/mediatek/base/power/Kconfig,,0,not-observed,support-code,no,no,none-observed,none-observed,not-derived-from-source,support-code-only,
drivers/misc/mediatek,drivers/misc/mediatek/base/power/include/leakage_table_v2/mtk_static_power.h,aaa4f39c05a289d8774077d3ae2a491511c6e2dd90d18f10298fa8d8529bc852,drivers/misc/mediatek/base/power/Kconfig,,0,not-observed,support-code,no,no,none-observed,none-observed,not-derived-from-source,support-code-only,
drivers/misc/mediatek,drivers/misc/mediatek/base/power/include/leakage_table_v2/mtk_static_power_mt8183.h,39cba5da93c771bd972cca905462632021bdccc24fb3c00a9f6911e0d1fd43cb,drivers/misc/mediatek/base/power/Kconfig,,0,not-observed,support-code,no,no,none-observed,none-observed,not-derived-from-source,support-code-only,
drivers/misc/mediatek,drivers/misc/mediatek/base/power/include/power_gs_v1/mtk_power_gs.h,8b4081b412081ff9ebbdacafcfb5ae97e418d9a6b2b40f652a33bb8830787463,drivers/misc/mediatek/base/power/Kconfig,,0,not-observed,support-code,no,no,none-observed,none-observed,not-derived-from-source,support-code-only,
drivers/misc/mediatek,drivers/misc/mediatek/base/power/include/power_gs_v1/mtk_power_gs_api.h,442e595587c55ac14105d48ad446047b7e2dd176251db06676c9b4093ac0337e,drivers/misc/mediatek/base/power/Kconfig,,0,not-observed,support-code,no,no,none-observed,none-observed,not-derived-from-source,support-code-only,
drivers/misc/mediatek,drivers/misc/mediatek/base/power/include/power_gs_v1/mtk_power_gs_internal.h,9e130516e1aa4a8e303781a957846cc4ab25a031020f39ce27174ef31820a1bb,drivers/misc/mediatek/base/power/Kconfig,,0,not-observed,support-code,no,no,none-observed,none-observed,not-derived-from-source,support-code-only,
drivers/misc/mediatek,drivers/misc/mediatek/base/power/include/power_gs_v1/mt8183/mtk_power_gs_array.h,81d9f246f81f707c1ae0d77a73a4c880c8f2ee7dc91eb283b687d02cfb0629bc,drivers/misc/mediatek/base/power/Kconfig,,0,not-observed,support-code,no,no,none-observed,none-observed,not-derived-from-source,support-code-only,
drivers/misc/mediatek,drivers/misc/mediatek/base/power/include/spm_v4/mtk_dvfsrc_reg_mt8183.h,6ceb16c360eac76f151c3527a739802a7eea7a5361a81844fba34f55d0254a4a,drivers/misc/mediatek/base/power/Kconfig,,0,not-observed,support-code,no,no,none-observed,none-observed,not-derived-from-source,support-code-only,
drivers/misc/mediatek,drivers/misc/mediatek/base/power/include/spm_v4/mtk_idle.h,5a5b774ddf1cdaf58e0f6c73afc4263c0cb7ef4098edc54c64aa81d05403fe2f,drivers/misc/mediatek/base/power/Kconfig,,0,not-observed,support-code,no,no,none-observed,none-observed,not-derived-from-source,support-code-only,
drivers/misc/mediatek,drivers/misc/mediatek/base/power/include/spm_v4/mtk_idle_internal.h,957ba0c87bfe6ad9538a2e1514f4fe449b60c10f28ac120e3254c7389327b02b,drivers/misc/mediatek/base/power/Kconfig,,0,not-observed,support-code,no,no,none-observed,none-observed,not-derived-from-source,support-code-only,
drivers/misc/mediatek,drivers/misc/mediatek/base/power/include/spm_v4/mtk_idle_mcdi.h,6f6dec788d7ad4a34e2b7b54c63b71950071440e2e79a9ae66bf68bba66e7139,drivers/misc/mediatek/base/power/Kconfig,,0,not-observed,support-code,no,no,none-observed,none-observed,not-derived-from-source,support-code-only,
drivers/misc/mediatek,drivers/misc/mediatek/base/power/include/spm_v4/mtk_idle_mt8183.h,89614326d58717a123b2a32a73cfaedac368c501e4735c25fd2c56bb0a81f4a0,drivers/misc/mediatek/base/power/Kconfig,,0,not-observed,support-code,no,no,none-observed,none-observed,not-derived-from-source,support-code-only,
drivers/misc/mediatek,drivers/misc/mediatek/base/power/include/spm_v4/mtk_idle_profile.h,22b0f633fd21cf869e20c1737964efd70b3cf361c8ff61e0726a28a78a1c2f12,drivers/misc/mediatek/base/power/Kconfig,,0,not-observed,support-code,no,no,none-observed,none-observed,not-derived-from-source,support-code-only,
drivers/misc/mediatek,drivers/misc/mediatek/base/power/include/spm_v4/mtk_sleep.h,743c433a9b63e42ff8d696b56d4e5d347be75022e301c5e55d605e174e983b5b,drivers/misc/mediatek/base/power/Kconfig,,0,not-observed,support-code,no,no,none-observed,none-observed,not-derived-from-source,support-code-only,
drivers/misc/mediatek,drivers/misc/mediatek/base/power/include/spm_v4/mtk_sleep_reg_md_reg_mt8183.h,a4ed822e3fcfddd3d0173ee9627960bdf911b0941cc1e1248ea6265a55288fe3,drivers/misc/mediatek/base/power/Kconfig,,0,not-observed,support-code,no,no,none-observed,none-observed,not-derived-from-source,support-code-only,
drivers/misc/mediatek,drivers/misc/mediatek/base/power/include/spm_v4/mtk_spm.h,6c9c6ae0f18575926f72f5cc0a7356cc6da566d3b26c57db6c573c20c1dfaa93,drivers/misc/mediatek/base/power/Kconfig,,0,not-observed,support-code,no,no,none-observed,none-observed,not-derived-from-source,support-code-only,
drivers/misc/mediatek,drivers/misc/mediatek/base/power/include/spm_v4/mtk_spm_dpidle.h,f1b1ce96fcd6da3ce05eaa99754f0babc0ec9523b9fe2f8871f1fcd977d040ff,drivers/misc/mediatek/base/power/Kconfig,,0,not-observed,support-code,no,no,none-observed,none-observed,not-derived-from-source,support-code-only,
drivers/misc/mediatek,drivers/misc/mediatek/base/power/include/spm_v4/mtk_spm_idle.h,e9e61aa3a9f6f4b0f55cbba3e6389b469996d2c6cc648abe9e8813a0d14e9ade,drivers/misc/mediatek/base/power/Kconfig,,0,not-observed,support-code,no,no,none-observed,none-observed,not-derived-from-source,support-code-only,
drivers/misc/mediatek,drivers/misc/mediatek/base/power/include/spm_v4/mtk_spm_internal.h,a87fcf05a6bfae221022b461e3eb02fd932c80c22d70e3ffd5f100b1a18a90b8,drivers/misc/mediatek/base/power/Kconfig,,0,not-observed,support-code,no,no,none-observed,none-observed,not-derived-from-source,support-code-only,
drivers/misc/mediatek,drivers/misc/mediatek/base/power/include/spm_v4/mtk_spm_misc.h,ab086ba22d2faee23bca6e356b907aa21c1701d0cd5c6c2c63d388b773cfade6,drivers/misc/mediatek/base/power/Kconfig,,0,not-observed,support-code,no,no,none-observed,none-observed,not-derived-from-source,support-code-only,
drivers/misc/mediatek,drivers/misc/mediatek/base/power/include/spm_v4/mtk_spm_pmic_wrap.h,16960accac66ca0cc9014625d8f7a28a07c5717fb5265fd5affc4786d6a14c25,drivers/misc/mediatek/base/power/Kconfig,,0,not-observed,support-code,no,no,none-observed,none-observed,not-derived-from-source,support-code-only,
drivers/misc/mediatek,drivers/misc/mediatek/base/power/include/spm_v4/mtk_spm_reg_mt8183.h,59baa84e655951dd4d23c62552f884078f316916d347091e0725baa08ae9f7d9,drivers/misc/mediatek/base/power/Kconfig,,0,not-observed,support-code,no,no,none-observed,none-observed,not-derived-from-source,support-code-only,
drivers/misc/mediatek,drivers/misc/mediatek/base/power/include/spm_v4/mtk_spm_resource_req.h,05ab0262bdd63063ba2df732dd7aa1877a2109ab3a25a3c5c2584a796d99d626,drivers/misc/mediatek/base/power/Kconfig,,0,not-observed,support-code,no,no,none-observed,none-observed,not-derived-from-source,support-code-only,
drivers/misc/mediatek,drivers/misc/mediatek/base/power/include/spm_v4/mtk_spm_resource_req_internal.h,9fae0e75dd179a2e9fb5bad6105c1d02ea974a351b05caa864af338114ee5fc9,drivers/misc/mediatek/base/power/Kconfig,,0,not-observed,support-code,no,no,none-observed,none-observed,not-derived-from-source,support-code-only,
drivers/misc/mediatek,drivers/misc/mediatek/base/power/include/spm_v4/mtk_spm_sleep.h,f908d1dc9fe36399c16f609962b4d3724b9decf48a7b8e6b609f4aebdd28d06b,drivers/misc/mediatek/base/power/Kconfig,,0,not-observed,support-code,no,no,none-observed,none-observed,not-derived-from-source,support-code-only,
drivers/misc/mediatek,drivers/misc/mediatek/base/power/include/spm_v4/mtk_spm_sodi.h,7ccdf46e4c26830826887369f552bc99afa50bb5bb3804955e9535b2f7dbfdcd,drivers/misc/mediatek/base/power/Kconfig,,0,not-observed,support-code,no,no,none-observed,none-observed,not-derived-from-source,support-code-only,
drivers/misc/mediatek,drivers/misc/mediatek/base/power/include/spm_v4/mtk_spm_sodi3.h,22615344996b2d1b87c3142f0f0e2d95bdd1631367287d94ec54616bdaef0e2e,drivers/misc/mediatek/base/power/Kconfig,,0,not-observed,support-code,no,no,none-observed,none-observed,not-derived-from-source,support-code-only,
drivers/misc/mediatek,drivers/misc/mediatek/base/power/include/spm_v4/mtk_spm_sodi_cmdq.h,e86f0546f3d07ccca49e023d60645315ab6d4bc09782f0a67ebd4fe0c7713afe,drivers/misc/mediatek/base/power/Kconfig,,0,not-observed,support-code,no,no,none-observed,none-observed,not-derived-from-source,support-code-only,
drivers/misc/mediatek,drivers/misc/mediatek/base/power/include/spm_v4/mtk_spm_vcore_dvfs_ipi_mt8183.h,6762a41a71e779b33dc704abb6caa3ef547e30de08932e41fbc4a0670c6a2843,drivers/misc/mediatek/base/power/Kconfig,,0,not-observed,support-code,no,no,none-observed,none-observed,not-derived-from-source,support-code-only,
drivers/misc/mediatek,drivers/misc/mediatek/base/power/include/spm_v4/mtk_spm_vcore_dvfs_mt8183.h,149bd6d9f629e0596d58b388018aee3f0e80f1e9888d3ffada59beb3ff87498f,drivers/misc/mediatek/base/power/Kconfig,,0,not-observed,support-code,no,no,none-observed,none-observed,not-derived-from-source,support-code-only,
drivers/misc/mediatek,drivers/misc/mediatek/base/power/include/spm_v4/pcm_def_mt8183.h,4fd40ba24db6d75399b1d7706bc394b7d81cdfffb1cfbe62655330d6fc60db19,drivers/misc/mediatek/base/power/Kconfig,,0,not-observed,support-code,no,no,none-observed,none-observed,not-derived-from-source,support-code-only,
drivers/misc/mediatek,drivers/misc/mediatek/base/power/include/spm_v4/sleep_def_mt8183.h,5bfef1850e8773b1e2a375f573a03a6624ade2ac1607f977a39137c1d8b3e1a7,drivers/misc/mediatek/base/power/Kconfig,,0,not-observed,support-code,no,no,none-observed,none-observed,not-derived-from-source,support-code-only,
drivers/misc/mediatek,drivers/misc/mediatek/base/power/include/swpm_v1/mtk_swpm.h,53ffe86f7688a9fef015cb3b3e522fab1d05bc088452f3fa4273942daeb444fe,drivers/misc/mediatek/base/power/Kconfig,,0,not-observed,support-code,no,no,none-observed,none-observed,not-derived-from-source,support-code-only,
drivers/misc/mediatek,drivers/misc/mediatek/base/power/include/swpm_v1/mtk_swpm_common.h,d7d96516a980daaf225995d065479d75ab482cc331c0d03650f1798bbdfb0f71,drivers/misc/mediatek/base/power/Kconfig,,0,not-observed,support-code,no,no,none-observed,none-observed,not-derived-from-source,support-code-only,
drivers/misc/mediatek,drivers/misc/mediatek/base/power/include/udi_v1/mtk_udi_mt8183.h,470831aeb30b8f1d503f4d9cc3dd89143d41692db7f21df8a08eee46db5314a8,drivers/misc/mediatek/base/power/Kconfig,,0,not-observed,support-code,no,no,none-observed,none-observed,not-derived-from-source,support-code-only,
drivers/misc/mediatek,drivers/misc/mediatek/base/power/include/upower_v2/mtk_unified_power.h,e887f7cc3fc93283eeec04f895b9f4efffd71f21b6f5eed2127c9b74bc473f6a,drivers/misc/mediatek/base/power/Kconfig,,0,not-observed,support-code,no,no,none-observed,none-observed,not-derived-from-source,support-code-only,
drivers/misc/mediatek,drivers/misc/mediatek/base/power/include/upower_v2/mtk_unified_power_data.h,094701df78bea5c54ca8c4b5381902c49362ec153aaac63291352d09a79d3a5d,drivers/misc/mediatek/base/power/Kconfig,,0,not-observed,support-code,no,no,none-observed,none-observed,not-derived-from-source,support-code-only,
drivers/misc/mediatek,drivers/misc/mediatek/base/power/include/upower_v2/mtk_unified_power_data_mt8183.h,409ccebead4de483ed7afc81c407b3562088c72961f1a1ed4974d1e3eb634ee3,drivers/misc/mediatek/base/power/Kconfig,,0,not-observed,support-code,no,no,none-observed,none-observed,not-derived-from-source,support-code-only,
drivers/misc/mediatek,drivers/misc/mediatek/base/power/include/upower_v2/mtk_unified_power_mt8183.h,43dffce662407bb3fdb847728284114a548b3203e842fd0391f38bd404f9fefd,drivers/misc/mediatek/base/power/Kconfig,,0,not-observed,support-code,no,no,none-observed,none-observed,not-derived-from-source,support-code-only,
drivers/misc/mediatek,drivers/misc/mediatek/base/power/include/vcorefs_v3/mtk_vcorefs_governor.h,20089311f3006493aa8422c91af29e735f2b151be04811294705b8d860e8c63f,drivers/misc/mediatek/base/power/Kconfig,,0,not-observed,support-code,no,no,none-observed,none-observed,not-derived-from-source,support-code-only,
drivers/misc/mediatek,drivers/misc/mediatek/base/power/include/vcorefs_v3/mtk_vcorefs_manager.h,64a898df445a9f3ecbed7a735ad1504ea1b29f200a50d89a728687866c6cf823,drivers/misc/mediatek/base/power/Kconfig,,0,not-observed,support-code,no,no,none-observed,none-observed,not-derived-from-source,support-code-only,
drivers/misc/mediatek,drivers/misc/mediatek/base/power/leakage_table_v2/mtk_static_power.c,191500e17a5713510ffe478f0afebf78eb153ef49f3a765bb7a2aa154457035d,drivers/misc/mediatek/base/power/Kconfig,proc_sysfs_debugfs_registration,0,not-observed,proc-sysfs-device-registration,no,no,none-observed,none-observed,not-derived-from-source,source-surface-only,proc_sysfs_debugfs_registration:470:<file-scope>
drivers/misc/mediatek,drivers/misc/mediatek/base/power/leakage_table_v2/mtk_static_power_mt8183.c,cfbc8aa492cd9bd95787150a921e204b1c0f2a7ac7258a2844cdff3a94790872,drivers/misc/mediatek/base/power/Kconfig,,0,not-observed,support-code,no,no,none-observed,none-observed,not-derived-from-source,support-code-only,
drivers/misc/mediatek,drivers/misc/mediatek/base/power/mcdi/mtk_mcdi_governor.c,feff4cbb3e89e107e015c646adf9ace8e4422cf7b7d308494790984ce6723be1,drivers/misc/mediatek/base/power/mcdi/Kconfig,,0,not-observed,support-code,no,no,none-observed,none-observed,not-derived-from-source,support-code-only,
drivers/misc/mediatek,drivers/misc/mediatek/base/power/mcdi/mtk_mcdi_governor_hint.c,8da8cd6fcdcb5c0a2404465c506ad9553b8cdecb40b2cf815021587f74b625a9,drivers/misc/mediatek/base/power/mcdi/Kconfig,,0,not-observed,support-code,no,no,none-observed,none-observed,not-derived-from-source,support-code-only,
drivers/misc/mediatek,drivers/misc/mediatek/base/power/mcdi/include/mtk_mcdi.h,c703cc18e8b39114731b41baeda9eae024cecb8f4e1c5e1a6215d38530e3bca1,drivers/misc/mediatek/base/power/mcdi/Kconfig,,0,not-observed,support-code,no,no,none-observed,none-observed,not-derived-from-source,support-code-only,
drivers/misc/mediatek,drivers/misc/mediatek/base/power/mcdi/include/mtk_mcdi_api.h,eb1c8fd374bb271f1bdb6577ab126c2782eb13875c03b83f48946b73b746a34b,drivers/misc/mediatek/base/power/mcdi/Kconfig,,0,not-observed,support-code,no,no,none-observed,none-observed,not-derived-from-source,support-code-only,
drivers/misc/mediatek,drivers/misc/mediatek/base/power/mcdi/include/mtk_mcdi_governor.h,c51c8878322c8687fce2e23a9235a2947fc7a745f10776fbefaf86e8f1f0201f,drivers/misc/mediatek/base/power/mcdi/Kconfig,,0,not-observed,support-code,no,no,none-observed,none-observed,not-derived-from-source,support-code-only,
drivers/misc/mediatek,drivers/misc/mediatek/base/power/mcdi/include/mtk_mcdi_governor_hint.h,ec7f2c9d05ff9a8b8cb1dd537bd1cef14f857f9178c242296c71ba8f57685570,drivers/misc/mediatek/base/power/mcdi/Kconfig,,0,not-observed,support-code,no,no,none-observed,none-observed,not-derived-from-source,support-code-only,
drivers/misc/mediatek,drivers/misc/mediatek/base/power/mcdi/include/mtk_mcdi_mbox.h,4fe989636eaf6ad70384fd6a5d3b7f0e99a48ac3bdea419a54a97d67111c7b2d,drivers/misc/mediatek/base/power/mcdi/Kconfig,,0,not-observed,support-code,no,no,none-observed,none-observed,not-derived-from-source,support-code-only,
drivers/misc/mediatek,drivers/misc/mediatek/base/power/mcdi/include/mtk_mcdi_profile.h,1ac8b631326edc0d20f5ab33520316cbf4256c710ee3391ca85c51825d9791d8,drivers/misc/mediatek/base/power/mcdi/Kconfig,,0,not-observed,support-code,no,no,none-observed,none-observed,not-derived-from-source,support-code-only,
drivers/misc/mediatek,drivers/misc/mediatek/base/power/mcdi/include/mtk_mcdi_state.h,893a407a180a1366734166a7ea3673015792e6150ee0fbe405965430ab5e047e,drivers/misc/mediatek/base/power/mcdi/Kconfig,,0,not-observed,support-code,no,no,none-observed,none-observed,not-derived-from-source,support-code-only,
drivers/misc/mediatek,drivers/misc/mediatek/base/power/mcdi/include/mcdi_v1/mtk_mcdi.h,fb9b9bb8da6afd6fdb9770046850e079c55fb1dcc8cb5bf7ffa35f21434995a3,drivers/misc/mediatek/base/power/mcdi/Kconfig,,0,not-observed,support-code,no,no,none-observed,none-observed,not-derived-from-source,support-code-only,
drivers/misc/mediatek,drivers/misc/mediatek/base/power/mcdi/include/mcdi_v1/mtk_mcdi_api.h,55b61a812e54d2df54babf73d3c9f89859a1e2fbdb4f8039febbfe91c2382442,drivers/misc/mediatek/base/power/mcdi/Kconfig,,0,not-observed,support-code,no,no,none-observed,none-observed,not-derived-from-source,support-code-only,
drivers/misc/mediatek,drivers/misc/mediatek/base/power/mcdi/include/mcdi_v1/mtk_mcdi_mbox.h,4c43017994ec66d727501e13464331130a6cbef157f570762c2cca490bd48d53,drivers/misc/mediatek/base/power/mcdi/Kconfig,,0,not-observed,support-code,no,no,none-observed,none-observed,not-derived-from-source,support-code-only,
drivers/misc/mediatek,drivers/misc/mediatek/base/power/mcdi/include/mcdi_v1/mtk_mcdi_mt8183.h,8bedb221455148871e16dfffced7376b040a3f408698223526466cb00726f669,drivers/misc/mediatek/base/power/mcdi/Kconfig,,0,not-observed,support-code,no,no,none-observed,none-observed,not-derived-from-source,support-code-only,
drivers/misc/mediatek,drivers/misc/mediatek/base/power/mcdi/include/mcdi_v1/mtk_mcdi_profile.h,50d4354cdcce95f7964ca647ec41df59364a5b60fd578216c7b2519be7e06570,drivers/misc/mediatek/base/power/mcdi/Kconfig,,0,not-observed,support-code,no,no,none-observed,none-observed,not-derived-from-source,support-code-only,
drivers/misc/mediatek,drivers/misc/mediatek/base/power/mcdi/include/mcdi_v1/mtk_mcdi_reg.h,40be3e506ebe35495c5de2c98a45aae12023a5d5893568ddf0ee044d3036d759,drivers/misc/mediatek/base/power/mcdi/Kconfig,,0,not-observed,support-code,no,no,none-observed,none-observed,not-derived-from-source,support-code-only,
drivers/misc/mediatek,drivers/misc/mediatek/base/power/mcdi/include/mcdi_v1/mtk_mcdi_state.h,2c44a946da27947447b2df8e15537fbb789d8b56b6b2dcbfa07dba482e4bb1ad,drivers/misc/mediatek/base/power/mcdi/Kconfig,,0,not-observed,support-code,no,no,none-observed,none-observed,not-derived-from-source,support-code-only,
drivers/misc/mediatek,drivers/misc/mediatek/base/power/mcdi/mcdi_v1/mtk_mcdi.c,7951e4c3ce7bd0128e4245fb9d2c902dc30f4ecf0f055358968e767fa14b5e66,drivers/misc/mediatek/base/power/mcdi/Kconfig,proc_sysfs_debugfs_registration,2,not-observed,ioctl-or-user-copy,no,no,none-observed,none-observed,not-derived-from-source,source-surface-only,user_copy:328:<file-scope>; user_copy:490:<file-scope>; proc_sysfs_debugfs_registration:555:<file-scope>; proc_sysfs_debugfs_registration:557:<file-scope>; proc_sysfs_debugfs_registration:563:<file-scope>; proc_sysfs_debugfs_registration:564:<file-scope>
drivers/misc/mediatek,drivers/misc/mediatek/base/power/mcdi/mcdi_v1/mtk_mcdi_mt8183.c,7ad65a9803eba36df954816002ef3faf0ceb52047343371751569aa902912fd1,drivers/misc/mediatek/base/power/mcdi/Kconfig,,0,not-observed,support-code,no,no,none-observed,none-observed,not-derived-from-source,support-code-only,
drivers/misc/mediatek,drivers/misc/mediatek/base/power/mcdi/mcdi_v1/mtk_mcdi_profile.c,3c64359ddd47b36b792c75f2590b733583be1f388833c831407b61aad890d810,drivers/misc/mediatek/base/power/mcdi/Kconfig,,0,not-observed,support-code,no,no,none-observed,none-observed,not-derived-from-source,support-code-only,
drivers/misc/mediatek,drivers/misc/mediatek/base/power/mcdi/mcdi_v1/mtk_mcdi_state.c,c0c1b16e72433bd26efa4f127e98ef3494cba83abd97cd221db2dc6dabaf57ff,drivers/misc/mediatek/base/power/mcdi/Kconfig,,0,not-observed,support-code,no,no,none-observed,none-observed,not-derived-from-source,support-code-only,
drivers/misc/mediatek,drivers/misc/mediatek/base/power/mt8183/mtk_gpu_bw.c,3fe8c18810aeab2659a67f9c82fd51fcdebe750a5ec58c6d5a4b6be202851c4c,drivers/misc/mediatek/base/power/Kconfig,,0,not-observed,support-code,no,no,none-observed,none-observed,not-derived-from-source,support-code-only,
drivers/misc/mediatek,drivers/misc/mediatek/base/power/mt8183/mtk_gpu_bw.h,47d6686265b2726c24f723b826196851c3080d4b7b1c74961959a26f29fafed0,drivers/misc/mediatek/base/power/Kconfig,,0,not-observed,support-code,no,no,none-observed,none-observed,not-derived-from-source,support-code-only,
drivers/misc/mediatek,drivers/misc/mediatek/base/power/mt8183/mtk_gpu_log.c,0f314160f6460cd15977ee952f3fd32bc71778444f8d8f19a0c3b5dd1033f511,drivers/misc/mediatek/base/power/Kconfig,,0,not-observed,support-code,no,no,none-observed,none-observed,not-derived-from-source,support-code-only,
drivers/misc/mediatek,drivers/misc/mediatek/base/power/mt8183/mtk_gpu_log.h,af89d39c9ded7a99a4154aa760357864ae06415c07462d93996973b40cf2c837,drivers/misc/mediatek/base/power/Kconfig,,0,not-observed,support-code,no,no,none-observed,none-observed,not-derived-from-source,support-code-only,
drivers/misc/mediatek,drivers/misc/mediatek/base/power/mt8183/mtk_gpufreq.h,d2d63d314a44b437fafae0ecc92a70710aa0b922b738143241c63a2be17b8735,drivers/misc/mediatek/base/power/Kconfig,,0,not-observed,support-code,no,no,none-observed,none-observed,not-derived-from-source,support-code-only,
drivers/misc/mediatek,drivers/misc/mediatek/base/power/mt8183/mtk_gpufreq_core.c,519d2e473413efab233c7665c04f4d43a57e446fc54d496a0c94a6faaaffca14,drivers/misc/mediatek/base/power/Kconfig,"proc_sysfs_debugfs_registration,device_registration",4,not-observed,ioctl-or-user-copy,no,no,none-observed,none-observed,not-derived-from-source,source-surface-only,property_or_boot_state:1170:<file-scope>; property_or_boot_state:1176:<file-scope>; property_or_boot_state:1194:<file-scope>; property_or_boot_state:1211:<file-scope>; property_or_boot_state:1243:<file-scope>; property_or_boot_state:1252:<file-scope>; user_copy:1266:<file-scope>; property_or_boot_state:1284:<file-scope>; property_or_boot_state:1300:<file-scope>; user_copy:1329:<file-scope>; property_or_boot_state:1396:<file-scope>; property_or_boot_state:1413:<file-scope>
drivers/misc/mediatek,drivers/misc/mediatek/base/power/mt8183/mtk_gpufreq_core.h,3f6bd7583cd39a62a93cb077eaf824415745628f98171e5fe4abd6f9d5c46ac1,drivers/misc/mediatek/base/power/Kconfig,,0,not-observed,support-code,no,no,none-observed,none-observed,not-derived-from-source,support-code-only,
drivers/misc/mediatek,drivers/misc/mediatek/base/power/mt8183/mtk_picachu.c,09724a2a0976d36e176d7d2a147640068cb0451d82e497d5345e9c2f4bebcb44,drivers/misc/mediatek/base/power/Kconfig,proc_sysfs_debugfs_registration,0,not-observed,proc-sysfs-device-registration,no,no,none-observed,none-observed,not-derived-from-source,source-surface-only,proc_sysfs_debugfs_registration:197:<file-scope>; proc_sysfs_debugfs_registration:215:<file-scope>; proc_sysfs_debugfs_registration:223:<file-scope>
drivers/misc/mediatek,drivers/misc/mediatek/base/power/pbm_v3/mtk_pbm.c,d5d3a8cb05ef00ba768396982fc4b6904ae14dd3434e06327ca48742a2deab32,drivers/misc/mediatek/base/power/Kconfig,proc_sysfs_debugfs_registration,2,not-observed,ioctl-or-user-copy,no,no,none-observed,none-observed,not-derived-from-source,source-surface-only,property_or_boot_state:26:<file-scope>; user_copy:1499:<file-scope>; user_copy:1538:<file-scope>; proc_sysfs_debugfs_registration:1613:<file-scope>
drivers/misc/mediatek,drivers/misc/mediatek/base/power/power_gs_v1/mtk_power_gs.c,fabe1b5913d3ba1640daf2af8365c57309c04bea4f4fb3d5d6edbdb38bf707e2,drivers/misc/mediatek/base/power/Kconfig,proc_sysfs_debugfs_registration,0,not-observed,proc-sysfs-device-registration,no,no,none-observed,none-observed,not-derived-from-source,source-surface-only,proc_sysfs_debugfs_registration:183:<file-scope>
drivers/misc/mediatek,drivers/misc/mediatek/base/power/power_gs_v1/mtk_power_gs_api.c,8978ac476210e831e29bd04512b61119a1796770ab12a8967f7fb3d636ec25ee,drivers/misc/mediatek/base/power/Kconfig,proc_sysfs_debugfs_registration,1,not-observed,ioctl-or-user-copy,no,no,none-observed,none-observed,not-derived-from-source,source-surface-only,user_copy:343:<file-scope>; proc_sysfs_debugfs_registration:623:<file-scope>; proc_sysfs_debugfs_registration:631:<file-scope>
drivers/misc/mediatek,drivers/misc/mediatek/base/power/power_gs_v1/mt8183/mtk_cg_array.c,d17e035cf89ac0724931841293723b285503d17aa69c968a749eaa249ea360cb,drivers/misc/mediatek/base/power/Kconfig,,0,not-observed,support-code,no,no,none-observed,none-observed,not-derived-from-source,support-code-only,
drivers/misc/mediatek,drivers/misc/mediatek/base/power/power_gs_v1/mt8183/mtk_dcm_array.c,3a7751dcd5e6a5440e647933073988fd7c51c58dd71cf080e91ebf33878891d5,drivers/misc/mediatek/base/power/Kconfig,,0,not-observed,support-code,no,no,none-observed,none-observed,not-derived-from-source,support-code-only,
drivers/misc/mediatek,drivers/misc/mediatek/base/power/power_gs_v1/mt8183/mtk_power_gs_6358_array.c,77827a31dbe8e720c61504b3bf85ae694bf2196bbbdff4768627111e28291957,drivers/misc/mediatek/base/power/Kconfig,,0,not-observed,support-code,no,no,none-observed,none-observed,not-derived-from-source,support-code-only,
drivers/misc/mediatek,drivers/misc/mediatek/base/power/power_gs_v1/mt8183/mtk_power_gs_compare.c,40eb1db64275b3a0599c7744da14ac4146a79fdd82bb929738dc2b97898f36e3,drivers/misc/mediatek/base/power/Kconfig,,0,not-observed,support-code,no,no,none-observed,none-observed,not-derived-from-source,support-code-only,
drivers/misc/mediatek,drivers/misc/mediatek/base/power/power_gs_v1/mt8183/mtk_power_gs_sp.c,b0fbc210fd7a6823ff0b218c0ed60061f76839581c0f17478e83ab6fafcc283b,drivers/misc/mediatek/base/power/Kconfig,,0,not-observed,support-code,no,no,none-observed,none-observed,not-derived-from-source,support-code-only,
drivers/misc/mediatek,drivers/misc/mediatek/base/power/ppm_v3/inc/mtk_ppm_internal.h,7883f48d23432ac274c1ff91ea29058ceeaaf9f0f8c1c6af621f025403c2e0da,drivers/misc/mediatek/base/power/Kconfig,,0,not-observed,support-code,no,no,none-observed,none-observed,not-derived-from-source,support-code-only,property_or_boot_state:74:<file-scope>; property_or_boot_state:278:<file-scope>
drivers/misc/mediatek,drivers/misc/mediatek/base/power/ppm_v3/inc/mtk_ppm_ipi.h,256e85c321a01e7d44c9a6b4e34ce8e47bc668f327f1370deda64a2c8691947a,drivers/misc/mediatek/base/power/Kconfig,,0,not-observed,support-code,no,no,none-observed,none-observed,not-derived-from-source,support-code-only,
drivers/misc/mediatek,drivers/misc/mediatek/base/power/ppm_v3/src/mtk_ppm_api.c,7adcc5de4e574bf616f14e32ec860a2f3781417077aa994bb50d7dfe97cd940d,drivers/misc/mediatek/base/power/Kconfig,,0,not-observed,support-code,no,no,none-observed,none-observed,not-derived-from-source,support-code-only,
drivers/misc/mediatek,drivers/misc/mediatek/base/power/ppm_v3/src/mtk_ppm_cpi.c,7bec7bf2ccd7a58db365bd32c75f39ecf0808591b8458c58f7b1496be991c7e7,drivers/misc/mediatek/base/power/Kconfig,proc_sysfs_debugfs_registration,0,not-observed,proc-sysfs-device-registration,no,no,none-observed,none-observed,not-derived-from-source,source-surface-only,property_or_boot_state:630:<file-scope>; property_or_boot_state:702:<file-scope>; proc_sysfs_debugfs_registration:704:<file-scope>
drivers/misc/mediatek,drivers/misc/mediatek/base/power/ppm_v3/src/mtk_ppm_interface.c,75d8a4923c2a3f4c4cc7ad15d0a35ef52ecf655ace631662baae545838cbb140,drivers/misc/mediatek/base/power/Kconfig,proc_sysfs_debugfs_registration,1,not-observed,ioctl-or-user-copy,no,no,none-observed,none-observed,not-derived-from-source,source-surface-only,property_or_boot_state:23:<file-scope>; user_copy:45:<file-scope>; proc_sysfs_debugfs_registration:486:<file-scope>; proc_sysfs_debugfs_registration:493:<file-scope>; proc_sysfs_debugfs_registration:499:<file-scope>; proc_sysfs_debugfs_registration:505:<file-scope>; proc_sysfs_debugfs_registration:512:<file-scope>; proc_sysfs_debugfs_registration:519:<file-scope>
drivers/misc/mediatek,drivers/misc/mediatek/base/power/ppm_v3/src/mtk_ppm_ipi.c,de3d664c72f8741a9bcbf1ec6ed99bfc93132604defb5e86070ff2e647add7b5,drivers/misc/mediatek/base/power/Kconfig,,0,not-observed,support-code,no,no,none-observed,none-observed,not-derived-from-source,support-code-only,
drivers/misc/mediatek,drivers/misc/mediatek/base/power/ppm_v3/src/mtk_ppm_main.c,c93bdcb87f4388eacfcf9cffa395c6fd3b6ffda96c3866bad37fdd48a0f45894,drivers/misc/mediatek/base/power/Kconfig,device_registration,0,not-observed,proc-sysfs-device-registration,no,no,none-observed,none-observed,not-derived-from-source,source-surface-only,property_or_boot_state:969:<file-scope>; device_registration:981:<file-scope>
drivers/misc/mediatek,drivers/misc/mediatek/base/power/ppm_v3/src/mtk_ppm_policy_dlpt.c,4936895459c23b315f937db9c4d78d79232f5feff1e71732ce77925b1a819690,drivers/misc/mediatek/base/power/Kconfig,proc_sysfs_debugfs_registration,0,not-observed,proc-sysfs-device-registration,no,no,none-observed,none-observed,not-derived-from-source,source-surface-only,property_or_boot_state:235:<file-scope>; proc_sysfs_debugfs_registration:237:<file-scope>
drivers/misc/mediatek,drivers/misc/mediatek/base/power/ppm_v3/src/mtk_ppm_policy_force_limit.c,3b68be4c03f9c9b4398500543cfd2ec95218b50ca32ceabca31484e51a5ba260,drivers/misc/mediatek/base/power/Kconfig,proc_sysfs_debugfs_registration,0,not-observed,proc-sysfs-device-registration,no,no,none-observed,none-observed,not-derived-from-source,source-surface-only,property_or_boot_state:224:<file-scope>; proc_sysfs_debugfs_registration:226:<file-scope>
drivers/misc/mediatek,drivers/misc/mediatek/base/power/ppm_v3/src/mtk_ppm_policy_lcm_off.c,4a2c40e53369e99703dfcbb5777ea4d3dfb347a12861003fb076a967ae745719,drivers/misc/mediatek/base/power/Kconfig,proc_sysfs_debugfs_registration,0,not-observed,proc-sysfs-device-registration,no,no,none-observed,none-observed,not-derived-from-source,source-surface-only,property_or_boot_state:191:<file-scope>; proc_sysfs_debugfs_registration:193:<file-scope>
drivers/misc/mediatek,drivers/misc/mediatek/base/power/ppm_v3/src/mtk_ppm_policy_ptpod.c,636183b17eb05300d2ad70d77d78a3bab98406e6996fc1b7b9326d598ce41906,drivers/misc/mediatek/base/power/Kconfig,proc_sysfs_debugfs_registration,0,not-observed,proc-sysfs-device-registration,no,no,none-observed,none-observed,not-derived-from-source,source-surface-only,property_or_boot_state:157:<file-scope>; proc_sysfs_debugfs_registration:159:<file-scope>
drivers/misc/mediatek,drivers/misc/mediatek/base/power/ppm_v3/src/mtk_ppm_policy_pwr_thro.c,d2a34715980a39fb18f09ff21fb2e26d8a810130bc56f09bcc2744e8764c2a5e,drivers/misc/mediatek/base/power/Kconfig,,0,not-observed,support-code,no,no,none-observed,none-observed,not-derived-from-source,support-code-only,
drivers/misc/mediatek,drivers/misc/mediatek/base/power/ppm_v3/src/mtk_ppm_policy_sys_boost.c,aa9943c1a7ad38a76227830ae47dd3511b7997a7159c7a4e9a1188b44a5e5ad6,drivers/misc/mediatek/base/power/Kconfig,proc_sysfs_debugfs_registration,0,not-observed,proc-sysfs-device-registration,no,no,none-observed,none-observed,not-derived-from-source,source-surface-only,property_or_boot_state:555:<file-scope>; proc_sysfs_debugfs_registration:557:<file-scope>
drivers/misc/mediatek,drivers/misc/mediatek/base/power/ppm_v3/src/mtk_ppm_policy_thermal.c,8dd833f683408bf0c958b43d72ef07ebf26a1f910d4e9e458123cd1b9a699590,drivers/misc/mediatek/base/power/Kconfig,proc_sysfs_debugfs_registration,0,not-observed,proc-sysfs-device-registration,no,no,none-observed,none-observed,not-derived-from-source,source-surface-only,property_or_boot_state:353:<file-scope>; proc_sysfs_debugfs_registration:355:<file-scope>
drivers/misc/mediatek,drivers/misc/mediatek/base/power/ppm_v3/src/mtk_ppm_policy_user_limit.c,9dc32081351aa9f991b7a18287d9b9a4c161bb0ce582e147685e4a5b5a80462d,drivers/misc/mediatek/base/power/Kconfig,proc_sysfs_debugfs_registration,0,not-observed,proc-sysfs-device-registration,no,no,none-observed,none-observed,not-derived-from-source,source-surface-only,property_or_boot_state:497:<file-scope>; proc_sysfs_debugfs_registration:499:<file-scope>
drivers/misc/mediatek,drivers/misc/mediatek/base/power/ppm_v3/src/mtk_ppm_policy_ut.c,43ff7fab59000f5bf83ca34c0d202f0e77b21fb73f169c5fc8de8cb4a20a9d1e,drivers/misc/mediatek/base/power/Kconfig,proc_sysfs_debugfs_registration,0,not-observed,proc-sysfs-device-registration,no,no,none-observed,none-observed,not-derived-from-source,source-surface-only,property_or_boot_state:271:<file-scope>; proc_sysfs_debugfs_registration:273:<file-scope>
drivers/misc/mediatek,drivers/misc/mediatek/base/power/ppm_v3/src/mtk_ppm_profile.c,da3c050578f3849e416d3723f8e78825390f834f72c45554baee65b9465be36d,drivers/misc/mediatek/base/power/Kconfig,proc_sysfs_debugfs_registration,0,not-observed,proc-sysfs-device-registration,no,no,none-observed,none-observed,not-derived-from-source,source-surface-only,property_or_boot_state:233:<file-scope>; proc_sysfs_debugfs_registration:235:<file-scope>
drivers/misc/mediatek,drivers/misc/mediatek/base/power/ppm_v3/src/mach/mt8183/mtk_ppm_cobra_algo.c,c81de914e0188d296f3d6de8e100f77a3c7a509c497e18c12fb300011eb1f958,drivers/misc/mediatek/base/power/Kconfig,,0,not-observed,support-code,no,no,none-observed,none-observed,not-derived-from-source,support-code-only,
drivers/misc/mediatek,drivers/misc/mediatek/base/power/ppm_v3/src/mach/mt8183/mtk_ppm_platform.c,9252d03fd7ac351bcb2d1561a894a16f395f7becee809b192f8d7f798e9a479e,drivers/misc/mediatek/base/power/Kconfig,,0,not-observed,support-code,no,no,none-observed,none-observed,not-derived-from-source,support-code-only,
drivers/misc/mediatek,drivers/misc/mediatek/base/power/ppm_v3/src/mach/mt8183/mtk_ppm_platform.h,efce6f660f293a3ee820809baf4230e511f7ceae6be259b1a814bfa89dd6aa0e,drivers/misc/mediatek/base/power/Kconfig,,0,not-observed,support-code,no,no,none-observed,none-observed,not-derived-from-source,support-code-only,
drivers/misc/mediatek,drivers/misc/mediatek/base/power/ppm_v3/src/mach/mt8183/mtk_ppm_power_data.c,228665896bf4dc6f7285a9e160f3d3e9c0d5be0b00a8b9c8efe7cc9399803080,drivers/misc/mediatek/base/power/Kconfig,,0,not-observed,support-code,no,no,none-observed,none-observed,not-derived-from-source,support-code-only,
drivers/misc/mediatek,drivers/misc/mediatek/base/power/spm_v4/mtk_idle.c,0c8163d329ff290a34b42722bf98ae6f48376e733d155e6e8ad696edfd168240,drivers/misc/mediatek/base/power/Kconfig,proc_sysfs_debugfs_registration,4,not-observed,ioctl-or-user-copy,no,no,none-observed,none-observed,not-derived-from-source,source-surface-only,user_copy:1449:<file-scope>; user_copy:1578:<file-scope>; user_copy:1709:<file-scope>; user_copy:1815:<file-scope>; proc_sysfs_debugfs_registration:1901:<file-scope>; proc_sysfs_debugfs_registration:1903:<file-scope>; proc_sysfs_debugfs_registration:1909:<file-scope>; proc_sysfs_debugfs_registration:1910:<file-scope>; proc_sysfs_debugfs_registration:1911:<file-scope>; proc_sysfs_debugfs_registration:1912:<file-scope>; proc_sysfs_debugfs_registration:1913:<file-scope>
drivers/misc/mediatek,drivers/misc/mediatek/base/power/spm_v4/mtk_idle_mt8183.c,4d4a1fe21d78fb4a979dbbe52f0c20e17b77a4bd02451df93a69b5d8f513b1ae,drivers/misc/mediatek/base/power/Kconfig,,0,not-observed,secure-world-marker,yes,no,none-observed,none-observed,not-derived-from-source,support-code-only,secure_world:450:<file-scope>
drivers/misc/mediatek,drivers/misc/mediatek/base/power/spm_v4/mtk_idle_profile.c,6fd85780bd1e48dba10e575665e75d4f5509d557e00d0a705fa677dcdbf84cac,drivers/misc/mediatek/base/power/Kconfig,,0,not-observed,support-code,no,no,none-observed,none-observed,not-derived-from-source,support-code-only,
drivers/misc/mediatek,drivers/misc/mediatek/base/power/spm_v4/mtk_sleep.c,ac4aaaca43fd36dbb6dcb4566d039058e85eab891250ff029f367363eb7cc8f3,drivers/misc/mediatek/base/power/Kconfig,proc_sysfs_debugfs_registration,1,not-observed,ioctl-or-user-copy,no,no,none-observed,none-observed,not-derived-from-source,source-surface-only,user_copy:550:<file-scope>; proc_sysfs_debugfs_registration:580:<file-scope>
drivers/misc/mediatek,drivers/misc/mediatek/base/power/spm_v4/mtk_spm.c,c0070374d04c29df32a4e14cc5b0117ff50f93a7994fa1b7063744cb0b440f2a,drivers/misc/mediatek/base/power/Kconfig,"proc_sysfs_debugfs_registration,device_registration",0,not-observed,secure-world-marker,yes,no,none-observed,none-observed,not-derived-from-source,source-surface-only,secure_world:172:<file-scope>; secure_world:393:<file-scope>; proc_sysfs_debugfs_registration:491:<file-scope>; device_registration:491:<file-scope>; device_registration:625:<file-scope>; proc_sysfs_debugfs_registration:637:<file-scope>; proc_sysfs_debugfs_registration:643:<file-scope>; proc_sysfs_debugfs_registration:644:<file-scope>; secure_world:664:<file-scope>; secure_world:1168:<file-scope>
drivers/misc/mediatek,drivers/misc/mediatek/base/power/spm_v4/mtk_spm_dpidle.c,d7c743eb2567e6aedd75510bc6fbb5903e62aa893da26e059f87bc7f34591a27,drivers/misc/mediatek/base/power/Kconfig,,0,not-observed,secure-world-marker,yes,no,none-observed,none-observed,not-derived-from-source,support-code-only,secure_world:286:<file-scope>; secure_world:287:<file-scope>; secure_world:288:<file-scope>
drivers/misc/mediatek,drivers/misc/mediatek/base/power/spm_v4/mtk_spm_dpidle_mt8183.c,c697cf1cbaf42e42d009fa359cd2601c1d6d600a25e865d6774fde29c3305baa,drivers/misc/mediatek/base/power/Kconfig,,0,not-observed,secure-world-marker,yes,no,none-observed,none-observed,not-derived-from-source,support-code-only,secure_world:46:<file-scope>; secure_world:49:<file-scope>
drivers/misc/mediatek,drivers/misc/mediatek/base/power/spm_v4/mtk_spm_fs.c,ef03a7200fcdc7811b8f440aac099ee50b1c4b69c438f3f020fe122b06bdd5cf,drivers/misc/mediatek/base/power/Kconfig,proc_sysfs_debugfs_registration,0,not-observed,secure-world-marker,yes,no,none-observed,none-observed,not-derived-from-source,source-surface-only,property_or_boot_state:17:<file-scope>; secure_world:187:<file-scope>; secure_world:190:<file-scope>; secure_world:193:<file-scope>; secure_world:196:<file-scope>; secure_world:199:<file-scope>; secure_world:202:<file-scope>; secure_world:205:<file-scope>; secure_world:208:<file-scope>; secure_world:211:<file-scope>; secure_world:214:<file-scope>; secure_world:217:<file-scope>
drivers/misc/mediatek,drivers/misc/mediatek/base/power/spm_v4/mtk_spm_init.c,8e89cb6f2310f572be950596ade442491f0f52a338a324acebc42c5c14619c16,drivers/misc/mediatek/base/power/Kconfig,,0,not-observed,support-code,no,no,none-observed,none-observed,not-derived-from-source,support-code-only,
drivers/misc/mediatek,drivers/misc/mediatek/base/power/spm_v4/mtk_spm_internal.c,71fbf94c667ca284b2e3a2b281d4664e20748c119cec520f4e6a89624c94880b,drivers/misc/mediatek/base/power/Kconfig,,0,not-observed,secure-world-marker,yes,no,none-observed,none-observed,not-derived-from-source,support-code-only,secure_world:350:<file-scope>
drivers/misc/mediatek,drivers/misc/mediatek/base/power/spm_v4/mtk_spm_resource_req.c,8e1d15adcab1c51078f4787235e4a1b0b38bff0a414285b24d2d3212026fbecb,drivers/misc/mediatek/base/power/Kconfig,proc_sysfs_debugfs_registration,1,not-observed,ioctl-or-user-copy,no,no,none-observed,none-observed,not-derived-from-source,source-surface-only,user_copy:184:<file-scope>; proc_sysfs_debugfs_registration:224:<file-scope>
drivers/misc/mediatek,drivers/misc/mediatek/base/power/spm_v4/mtk_spm_sleep.c,bbe4a12b14d94bb3a991f505ad4336360469358154ef98f3fd183239e7ed024f,drivers/misc/mediatek/base/power/Kconfig,,0,not-observed,secure-world-marker,yes,no,none-observed,none-observed,not-derived-from-source,support-code-only,secure_world:170:<file-scope>; secure_world:171:<file-scope>; secure_world:172:<file-scope>; secure_world:199:<file-scope>; secure_world:298:<file-scope>; secure_world:310:<file-scope>; secure_world:355:<file-scope>; secure_world:369:<file-scope>; secure_world:461:<file-scope>
drivers/misc/mediatek,drivers/misc/mediatek/base/power/spm_v4/mtk_spm_sleep_internal.h,6dfe1234dce9e77c2354befcceae368e35669c2c991474692f124112e2ee8c3d,drivers/misc/mediatek/base/power/Kconfig,,0,not-observed,support-code,no,no,none-observed,none-observed,not-derived-from-source,support-code-only,
drivers/misc/mediatek,drivers/misc/mediatek/base/power/spm_v4/mtk_spm_sleep_mt8183.c,b998e967971260e942337acea809c38f26b542d398911e112c213fff774f98b9,drivers/misc/mediatek/base/power/Kconfig,,0,not-observed,secure-world-marker,yes,no,none-observed,none-observed,not-derived-from-source,support-code-only,secure_world:223:<file-scope>; secure_world:255:<file-scope>
drivers/misc/mediatek,drivers/misc/mediatek/base/power/spm_v4/mtk_spm_sodi.c,90f49c73a75ea0408a747a0e6620d049956f652e7a22321d60b5611a3b712209,drivers/misc/mediatek/base/power/Kconfig,,0,not-observed,secure-world-marker,yes,no,none-observed,none-observed,not-derived-from-source,support-code-only,secure_world:189:<file-scope>; secure_world:190:<file-scope>; secure_world:191:<file-scope>
drivers/misc/mediatek,drivers/misc/mediatek/base/power/spm_v4/mtk_spm_sodi3p0.c,d852241407ffa9ad6bbb412441ea79ef55e69031d7ab5a5b2fa1d3738adf3dac,drivers/misc/mediatek/base/power/Kconfig,,0,not-observed,secure-world-marker,yes,no,none-observed,none-observed,not-derived-from-source,support-code-only,secure_world:220:<file-scope>; secure_world:222:<file-scope>
drivers/misc/mediatek,drivers/misc/mediatek/base/power/spm_v4/mtk_spm_sodi_mt8183.c,054ecb7e9c4665c26e392e8e9ee1ae9ec771d70f4c10e4aa93754912182e3484,drivers/misc/mediatek/base/power/Kconfig,,0,not-observed,secure-world-marker,yes,no,none-observed,none-observed,not-derived-from-source,support-code-only,secure_world:78:<file-scope>; secure_world:94:<file-scope>; secure_world:96:<file-scope>
drivers/misc/mediatek,drivers/misc/mediatek/base/power/spm_v4/mtk_spm_vcorefs_ipi_mt8183.c,b069fd02b683e8ca872265a9b9d277cc01a8a6de2742fc515518d8966910facf,drivers/misc/mediatek/base/power/Kconfig,,0,not-observed,support-code,no,no,none-observed,none-observed,not-derived-from-source,support-code-only,
drivers/misc/mediatek,drivers/misc/mediatek/base/power/spm_v4/mtk_spm_vcorefs_mt8183.c,1f7fb1809ee12ebb1ce7bf4304635caeb5b22bcf1eb9cdc010e49786b5071337,drivers/misc/mediatek/base/power/Kconfig,,0,not-observed,secure-world-marker,yes,no,none-observed,none-observed,not-derived-from-source,support-code-only,secure_world:346:<file-scope>; secure_world:358:<file-scope>; secure_world:362:<file-scope>; secure_world:901:<file-scope>; secure_world:927:<file-scope>
drivers/misc/mediatek,drivers/misc/mediatek/base/power/swpm_v1/mtk_swpm.c,16903248b3c6a25235f3baf1542d50634bbcd19b8efe0c7f77057fb952f2862f,drivers/misc/mediatek/base/power/Kconfig,proc_sysfs_debugfs_registration,1,not-observed,ioctl-or-user-copy,no,no,none-observed,none-observed,not-derived-from-source,source-surface-only,property_or_boot_state:37:<file-scope>; user_copy:103:<file-scope>; proc_sysfs_debugfs_registration:254:<file-scope>; proc_sysfs_debugfs_registration:261:<file-scope>
drivers/misc/mediatek,drivers/misc/mediatek/base/power/swpm_v1/mt8183/mtk_swpm_platform.c,e538b292bdd6907bb29d6e13810196ffd04d62f27e491de9b6f7285ca53262ca,drivers/misc/mediatek/base/power/Kconfig,,0,not-observed,support-code,no,no,none-observed,none-observed,not-derived-from-source,support-code-only,
drivers/misc/mediatek,drivers/misc/mediatek/base/power/swpm_v1/mt8183/mtk_swpm_platform.h,32a428ac2a9e57e9476c9588209a60792d539f4416be45a4d8c3c855310c37f7,drivers/misc/mediatek/base/power/Kconfig,,0,not-observed,support-code,no,no,none-observed,none-observed,not-derived-from-source,support-code-only,
drivers/misc/mediatek,drivers/misc/mediatek/base/power/udi_v1/mtk_udi.c,9745820969074f696a0179fa0904b26e7d61b1ba422de1fa706b7fb011ea7f2a,drivers/misc/mediatek/base/power/Kconfig,"proc_sysfs_debugfs_registration,device_registration",1,not-observed,ioctl-or-user-copy,no,no,none-observed,none-observed,not-derived-from-source,source-surface-only,user_copy:383:<file-scope>; proc_sysfs_debugfs_registration:876:<file-scope>; proc_sysfs_debugfs_registration:884:<file-scope>; device_registration:930:<file-scope>
drivers/misc/mediatek,drivers/misc/mediatek/base/power/udi_v1/mtk_udi_internal.h,c93dea4d60b72570b3ea50996c05bc5b8dfaf279753f923c8b5181e9a4245874,drivers/misc/mediatek/base/power/Kconfig,,0,not-observed,secure-world-marker,yes,no,none-observed,none-observed,not-derived-from-source,support-code-only,secure_world:32:<file-scope>; secure_world:35:<file-scope>; secure_world:98:<file-scope>; secure_world:100:<file-scope>; secure_world:105:<file-scope>; secure_world:113:<file-scope>; secure_world:120:<file-scope>; secure_world:128:<file-scope>
drivers/misc/mediatek,drivers/misc/mediatek/base/power/upower_v2/mtk_unified_power.c,0234b230213033d612f5461cd49026c7b2a6bd4241e37798dbd3f065d3409103,drivers/misc/mediatek/base/power/Kconfig,proc_sysfs_debugfs_registration,0,not-observed,proc-sysfs-device-registration,no,no,none-observed,none-observed,not-derived-from-source,source-surface-only,property_or_boot_state:583:<file-scope>; proc_sysfs_debugfs_registration:588:<file-scope>; proc_sysfs_debugfs_registration:595:<file-scope>
drivers/misc/mediatek,drivers/misc/mediatek/base/power/upower_v2/mtk_unified_power_api.c,fd017b6ac14ddb54df856a31b59918c211e5003ecc017f1110362173678c8755,drivers/misc/mediatek/base/power/Kconfig,,0,not-observed,support-code,no,no,none-observed,none-observed,not-derived-from-source,support-code-only,
drivers/misc/mediatek,drivers/misc/mediatek/base/power/upower_v2/mtk_unified_power_internal.c,8c8cb445f6165aa65d49e8340d447c15ee009a6d4bb9a40bda13a5ce5b171b0d,drivers/misc/mediatek/base/power/Kconfig,,0,not-observed,support-code,no,no,none-observed,none-observed,not-derived-from-source,support-code-only,
drivers/misc/mediatek,drivers/misc/mediatek/base/power/upower_v2/mtk_unified_power_mt8183.c,26c5c861ec141a9ba087a8231c777dff9187ea1f7903c3dd4b97d56fe98f9664,drivers/misc/mediatek/base/power/Kconfig,,0,not-observed,support-code,no,no,none-observed,none-observed,not-derived-from-source,support-code-only,
drivers/misc/mediatek,drivers/misc/mediatek/base/power/vcorefs_v3/mtk_vcorefs_governor.c,7c30606e5fe8d3ad54f3be3c8f355c48b3ee3aa97bdd1bce2eff183d0902e0b0,drivers/misc/mediatek/base/power/Kconfig,,0,not-observed,support-code,no,no,none-observed,none-observed,not-derived-from-source,support-code-only,
drivers/misc/mediatek,drivers/misc/mediatek/base/power/vcorefs_v3/mtk_vcorefs_manager.c,4a62e60a769f7a183371c7680e7fdbe62db91a9ad6f7fd4071dae9093ed18c94,drivers/misc/mediatek/base/power/Kconfig,proc_sysfs_debugfs_registration,0,not-observed,proc-sysfs-device-registration,no,no,none-observed,none-observed,not-derived-from-source,source-surface-only,property_or_boot_state:17:<file-scope>; property_or_boot_state:201:<file-scope>; proc_sysfs_debugfs_registration:553:<file-scope>
drivers/misc/mediatek,drivers/misc/mediatek/blocktag/blocktag.c,02a6d60ab39c1c4b0651d7b7dfdd62f14402120c6f0968bb50c5bed950fe09b8,drivers/misc/mediatek/blocktag/Kconfig,proc_sysfs_debugfs_registration,0,not-observed,proc-sysfs-device-registration,no,no,none-observed,none-observed,not-derived-from-source,source-surface-only,proc_sysfs_debugfs_registration:864:<file-scope>; proc_sysfs_debugfs_registration:871:<file-scope>; proc_sysfs_debugfs_registration:876:<file-scope>; proc_sysfs_debugfs_registration:881:<file-scope>; proc_sysfs_debugfs_registration:1019:<file-scope>; proc_sysfs_debugfs_registration:1026:<file-scope>
drivers/misc/mediatek,drivers/misc/mediatek/boot/mtk_boot.c,5bbfecd4cbe28708407d486caa06d06451c6c9115aad0030f54f9b3d20bc8298,drivers/misc/mediatek/boot/Kconfig,,0,not-observed,support-code,no,no,none-observed,none-observed,not-derived-from-source,support-code-only,property_or_boot_state:168:<file-scope>; property_or_boot_state:175:<file-scope>; property_or_boot_state:182:<file-scope>; property_or_boot_state:190:<file-scope>
drivers/misc/mediatek,drivers/misc/mediatek/boot/mtk_boot_common.c,2bdb2da132c31cb867a80a7b2c0e50724a11da75825c3e8a8509761de3396fe4,drivers/misc/mediatek/boot/Kconfig,"ioctl_entry,proc_sysfs_debugfs_registration,device_registration",0,not-observed,ioctl-or-user-copy,no,no,none-observed,none-observed,not-derived-from-source,source-surface-only,property_or_boot_state:108:<file-scope>; property_or_boot_state:191:<file-scope>; ioctl_entry:236:<file-scope>; device_registration:248:<file-scope>; device_registration:255:<file-scope>; device_registration:262:<file-scope>; device_registration:268:<file-scope>; property_or_boot_state:331:<file-scope>; proc_sysfs_debugfs_registration:332:<file-scope>; property_or_boot_state:332:<file-scope>; property_or_boot_state:333:<file-scope>; property_or_boot_state:335:<file-scope>
drivers/misc/mediatek,drivers/misc/mediatek/boot_reason/mtk_boot_reason.c,5acf7db9c4264616b39f2e0457189d57a9f95b8734a637404e3ec363f8fdbf8f,drivers/misc/mediatek/boot_reason/Kconfig,,0,not-observed,support-code,no,no,none-observed,none-observed,not-derived-from-source,support-code-only,
drivers/misc/mediatek,drivers/misc/mediatek/btif/common/btif_dma_plat.c,e4bb152c515408f2005dbe62c63661948041311e2f92c94faf9448f5f0080a40,drivers/misc/mediatek/btif/Kconfig,,0,not-observed,support-code,no,no,none-observed,none-observed,not-derived-from-source,support-code-only,
drivers/misc/mediatek,drivers/misc/mediatek/btif/common/btif_plat.c,841e3c274468b63913c39fbdc4ee0ed27462270e669ead406266100233af6fd9,drivers/misc/mediatek/btif/Kconfig,,0,not-observed,support-code,no,no,none-observed,none-observed,not-derived-from-source,support-code-only,
drivers/misc/mediatek,drivers/misc/mediatek/btif/common/mtk_btif.c,2b7328b2b41376835b52d7daceaee3e8880fcd1dbd814a8a9ce6cd596df4c51b,drivers/misc/mediatek/btif/Kconfig,"ioctl_entry,device_registration",0,not-observed,ioctl-or-user-copy,no,no,none-observed,none-observed,not-derived-from-source,source-surface-only,ioctl_entry:476:<file-scope>; ioctl_entry:478:<file-scope>; device_registration:490:<file-scope>; device_registration:499:<file-scope>; device_registration:509:<file-scope>; device_registration:518:<file-scope>; ioctl_entry:654:<file-scope>; ioctl_entry:655:<file-scope>; ioctl_entry:656:<file-scope>; ioctl_entry:657:<file-scope>; ioctl_entry:658:<file-scope>; ioctl_entry:659:<file-scope>
drivers/misc/mediatek,drivers/misc/mediatek/btif/common/mtk_btif_exp.c,5432a6f382654231d3253a5b42ad7480f078fb3511dc44d1c18d78fd01248f85,drivers/misc/mediatek/btif/Kconfig,,0,not-observed,support-code,no,no,none-observed,none-observed,not-derived-from-source,support-code-only,
drivers/misc/mediatek,drivers/misc/mediatek/btif/common/inc/mtk_btif.h,7c87e6a2ea4c7f5b8b00ab9a7e25cef6dbd8c836d71a969c6db08a6d88f6bc54,drivers/misc/mediatek/btif/Kconfig,,0,not-observed,support-code,no,no,none-observed,none-observed,not-derived-from-source,support-code-only,
drivers/misc/mediatek,drivers/misc/mediatek/btif/common/inc/mtk_btif_exp.h,9be166f452af889f10d14db6a88be2e68d00e1d7488f9f6af28a5655b4f24283,drivers/misc/mediatek/btif/Kconfig,,0,not-observed,support-code,no,no,none-observed,none-observed,not-derived-from-source,support-code-only,
drivers/misc/mediatek,drivers/misc/mediatek/btif/common/plat_inc/btif_dma_priv.h,04ff9babef3d20266a4601ad13257b7252141213bd342e9fa04340e425749924,drivers/misc/mediatek/btif/Kconfig,,0,not-observed,support-code,no,no,none-observed,none-observed,not-derived-from-source,support-code-only,
drivers/misc/mediatek,drivers/misc/mediatek/btif/common/plat_inc/btif_dma_pub.h,32315257d467b92b9aaf7534e050dd7fcf3728d8e1578a5ab6cf2a7642e92f87,drivers/misc/mediatek/btif/Kconfig,,0,not-observed,support-code,no,no,none-observed,none-observed,not-derived-from-source,support-code-only,
drivers/misc/mediatek,drivers/misc/mediatek/btif/common/plat_inc/btif_priv.h,167c107b5d5850d007a4df57690f473256c15287391cff92d2bb4481dd5616d4,drivers/misc/mediatek/btif/Kconfig,,0,not-observed,support-code,no,no,none-observed,none-observed,not-derived-from-source,support-code-only,
drivers/misc/mediatek,drivers/misc/mediatek/btif/common/plat_inc/btif_pub.h,72776e971debcb6f9be9ce3d0e593a106fd235efe50f5ecc157f85bbf8247f62,drivers/misc/mediatek/btif/Kconfig,,0,not-observed,support-code,no,no,none-observed,none-observed,not-derived-from-source,support-code-only,
drivers/misc/mediatek,drivers/misc/mediatek/btif/common/plat_inc/plat_common.h,fdea86c3a34f12e93ee9474489dbafc5b085926cc030e8740b93b50fafbdcb79,drivers/misc/mediatek/btif/Kconfig,,0,not-observed,support-code,no,no,none-observed,none-observed,not-derived-from-source,support-code-only,
drivers/misc/mediatek,drivers/misc/mediatek/cam_cal/inc/cam_cal.h,972773e2aaf8d47c5b00cc9f44b8e904f06c362d37a1333ca0432b748560cc3d,drivers/misc/mediatek/cam_cal/Kconfig,ioctl_entry,0,not-observed,ioctl-or-user-copy,no,no,none-observed,none-observed,not-derived-from-source,source-surface-only,ioctl_entry:16:<file-scope>; ioctl_entry:37:<file-scope>; ioctl_entry:39:<file-scope>; ioctl_entry:42:<file-scope>; ioctl_entry:43:<file-scope>
drivers/misc/mediatek,drivers/misc/mediatek/cam_cal/inc/cam_cal_define.h,c616e0e6f55c7c28c68876e78d69da0de8d7e5072c7883e20bb120022feebe50,drivers/misc/mediatek/cam_cal/Kconfig,,0,not-observed,support-code,no,no,none-observed,none-observed,not-derived-from-source,support-code-only,
drivers/misc/mediatek,drivers/misc/mediatek/cam_cal/src/cam_cal_list.c,d5bc2ec32d9518986919049ff042554b9faff4423dbd452daea7855630787216,drivers/misc/mediatek/cam_cal/Kconfig,,0,not-observed,support-code,no,no,none-observed,none-observed,not-derived-from-source,support-code-only,
drivers/misc/mediatek,drivers/misc/mediatek/cam_cal/src/cam_cal_list.h,5d9a65304d7cc631b1b3e8527a65fab50ea2a30667d09ad82b19722aa1fc1e56,drivers/misc/mediatek/cam_cal/Kconfig,,0,not-observed,support-code,no,no,none-observed,none-observed,not-derived-from-source,support-code-only,
drivers/misc/mediatek,drivers/misc/mediatek/cam_cal/src/eeprom_driver.c,2c6fa699355e2abc4838346df21b76169d8df3961c300e125875ee98cca80b6a,drivers/misc/mediatek/cam_cal/Kconfig,"ioctl_entry,device_registration",3,not-observed,ioctl-or-user-copy,no,no,none-observed,none-observed,not-derived-from-source,source-surface-only,ioctl_entry:520:<file-scope>; ioctl_entry:535:<file-scope>; ioctl_entry:555:<file-scope>; ioctl_entry:600:<file-scope>; user_copy:604:<file-scope>; ioctl_entry:607:<file-scope>; ioctl_entry:623:<file-scope>; user_copy:627:<file-scope>; ioctl_entry:630:<file-scope>; user_copy:739:<file-scope>; ioctl_entry:742:<file-scope>; ioctl_entry:784:<file-scope>
drivers/misc/mediatek,drivers/misc/mediatek/cam_cal/src/common/BRCB032GWZ_3/BRCB032GWZ_3.c,72f7644616f723ef5f306354040673c468c635b3ebea98145cb14157e14e9f57,drivers/misc/mediatek/cam_cal/Kconfig,"ioctl_entry,device_registration",3,not-observed,ioctl-or-user-copy,no,no,none-observed,none-observed,not-derived-from-source,source-surface-only,ioctl_entry:303:<file-scope>; user_copy:308:<file-scope>; ioctl_entry:311:<file-scope>; ioctl_entry:332:<file-scope>; user_copy:339:<file-scope>; ioctl_entry:342:<file-scope>; user_copy:554:<file-scope>; ioctl_entry:558:<file-scope>; ioctl_entry:612:<file-scope>; ioctl_entry:613:<file-scope>; device_registration:622:<file-scope>; device_registration:628:<file-scope>
drivers/misc/mediatek,drivers/misc/mediatek/cam_cal/src/common/BRCB032GWZ_3/BRCB032GWZ_3.h,d2d2d66a9f35414fcea8a9a79e6b60b5d631c208e1b634203d8a21984967a5a0,drivers/misc/mediatek/cam_cal/Kconfig,,0,not-observed,support-code,no,no,none-observed,none-observed,not-derived-from-source,support-code-only,
drivers/misc/mediatek,drivers/misc/mediatek/cam_cal/src/common/GT24c32a/GT24c32a.c,e252d1e8ddceb904930e827d832289f8e03f30806f0b3e6b549db5f064da9cd3,drivers/misc/mediatek/cam_cal/Kconfig,"ioctl_entry,device_registration",3,not-observed,ioctl-or-user-copy,no,no,none-observed,none-observed,not-derived-from-source,source-surface-only,ioctl_entry:442:<file-scope>; user_copy:447:<file-scope>; ioctl_entry:450:<file-scope>; ioctl_entry:471:<file-scope>; user_copy:477:<file-scope>; ioctl_entry:480:<file-scope>; user_copy:551:<file-scope>; ioctl_entry:555:<file-scope>; ioctl_entry:611:<file-scope>; ioctl_entry:612:<file-scope>; device_registration:621:<file-scope>; device_registration:627:<file-scope>
drivers/misc/mediatek,drivers/misc/mediatek/cam_cal/src/common/GT24c32a/GT24c32a.h,26b06ad66adbff0ffbc18a243660fc16cafaae292de805f95fca69037745b034,drivers/misc/mediatek/cam_cal/Kconfig,,0,not-observed,support-code,no,no,none-observed,none-observed,not-derived-from-source,support-code-only,
drivers/misc/mediatek,drivers/misc/mediatek/cam_cal/src/common/cat24c16/cat24c16.c,96563333384ea91475d707df15f598189314bb6daed30cbc14f2ee3ebba87c3d,drivers/misc/mediatek/cam_cal/Kconfig,"ioctl_entry,device_registration",3,not-observed,ioctl-or-user-copy,no,no,none-observed,none-observed,not-derived-from-source,source-surface-only,ioctl_entry:293:<file-scope>; ioctl_entry:295:<file-scope>; ioctl_entry:310:<file-scope>; ioctl_entry:349:<file-scope>; ioctl_entry:360:<file-scope>; user_copy:365:<file-scope>; ioctl_entry:368:<file-scope>; ioctl_entry:389:<file-scope>; user_copy:395:<file-scope>; ioctl_entry:398:<file-scope>; user_copy:452:<file-scope>; ioctl_entry:455:<file-scope>
drivers/misc/mediatek,drivers/misc/mediatek/cam_cal/src/common/cat24c16/cat24c16.h,52f88edb565e5d06ca2e094f81cad2a69f4cf9533f6acb9f22bffd8d91f49faf,drivers/misc/mediatek/cam_cal/Kconfig,,0,not-observed,support-code,no,no,none-observed,none-observed,not-derived-from-source,support-code-only,
drivers/misc/mediatek,drivers/misc/mediatek/cameraisp/dip/cameradip_dummy.c,7bdf83749fefcb8852c01957e9d23794d3ad4e28dc285b1946da742cdabeeece,drivers/misc/mediatek/cameraisp/Kconfig,,0,not-observed,support-code,no,no,none-observed,none-observed,not-derived-from-source,support-code-only,
drivers/misc/mediatek,drivers/misc/mediatek/cameraisp/dip/isp_50/camera_dip.c,6de10bdaaa738250f661b7ae0e9ddc398a0539639e18b5e4295fb071e448c56b,drivers/misc/mediatek/cameraisp/Kconfig,"ioctl_entry,proc_sysfs_debugfs_registration,device_registration",21,not-observed,ioctl-or-user-copy,no,no,none-observed,none-observed,not-derived-from-source,source-surface-only,user_copy:836:<file-scope>; user_copy:849:<file-scope>; user_copy:859:<file-scope>; user_copy:1345:<file-scope>; user_copy:1361:<file-scope>; user_copy:1607:<file-scope>; user_copy:1634:<file-scope>; user_copy:1661:<file-scope>; user_copy:1688:<file-scope>; user_copy:2594:<file-scope>; user_copy:2622:<file-scope>; user_copy:2631:<file-scope>
drivers/misc/mediatek,drivers/misc/mediatek/cameraisp/dip/isp_50/camera_dip.h,e58e79491c69711babb4ac67f5599a509d58c5329c1746d24f3dbfaf0d1c75f3,drivers/misc/mediatek/cameraisp/Kconfig,ioctl_entry,0,not-observed,ioctl-or-user-copy,no,no,none-observed,none-observed,not-derived-from-source,source-surface-only,ioctl_entry:17:<file-scope>; ioctl_entry:256:<file-scope>; ioctl_entry:257:<file-scope>; ioctl_entry:260:<file-scope>; ioctl_entry:263:<file-scope>; ioctl_entry:265:<file-scope>; ioctl_entry:266:<file-scope>; ioctl_entry:267:<file-scope>; ioctl_entry:268:<file-scope>; ioctl_entry:269:<file-scope>; ioctl_entry:271:<file-scope>; ioctl_entry:273:<file-scope>
drivers/misc/mediatek,drivers/misc/mediatek/cameraisp/dpe/cameradpe_dummy.c,7bdf83749fefcb8852c01957e9d23794d3ad4e28dc285b1946da742cdabeeece,drivers/misc/mediatek/cameraisp/dpe/Kconfig,,0,not-observed,support-code,no,no,none-observed,none-observed,not-derived-from-source,support-code-only,
drivers/misc/mediatek,drivers/misc/mediatek/cameraisp/dpe/isp_50/camera_dpe.c,68caa888c1b45ba421d50d4f2fa7a5656afb0ef7cf354702849a6f6de16f2b0a,drivers/misc/mediatek/cameraisp/dpe/Kconfig,"ioctl_entry,proc_sysfs_debugfs_registration,device_registration",12,not-observed,ioctl-or-user-copy,no,no,none-observed,none-observed,not-derived-from-source,source-surface-only,user_copy:2270:<file-scope>; user_copy:2286:<file-scope>; user_copy:2640:<file-scope>; user_copy:2651:<file-scope>; user_copy:2662:<file-scope>; user_copy:2697:<file-scope>; user_copy:2733:<file-scope>; user_copy:2807:<file-scope>; user_copy:2866:<file-scope>; user_copy:2883:<file-scope>; user_copy:2952:<file-scope>; ioctl_entry:3198:<file-scope>
drivers/misc/mediatek,drivers/misc/mediatek/cameraisp/dpe/isp_50/camera_dpe.h,cccfb84d8ce2ee8af6b70878b1d92f8dbe5b3b20293019d803169eaa2477f309,drivers/misc/mediatek/cameraisp/dpe/Kconfig,ioctl_entry,0,not-observed,ioctl-or-user-copy,no,no,none-observed,none-observed,not-derived-from-source,source-surface-only,ioctl_entry:17:<file-scope>; ioctl_entry:269:<file-scope>; ioctl_entry:270:<file-scope>; ioctl_entry:271:<file-scope>; ioctl_entry:274:<file-scope>; ioctl_entry:275:<file-scope>; ioctl_entry:276:<file-scope>; ioctl_entry:277:<file-scope>; ioctl_entry:279:<file-scope>; ioctl_entry:280:<file-scope>; ioctl_entry:281:<file-scope>; ioctl_entry:282:<file-scope>
drivers/misc/mediatek,drivers/misc/mediatek/cameraisp/fdvt/fdvt_dummy.c,7bdf83749fefcb8852c01957e9d23794d3ad4e28dc285b1946da742cdabeeece,drivers/misc/mediatek/cameraisp/fdvt/Kconfig,,0,not-observed,support-code,no,no,none-observed,none-observed,not-derived-from-source,support-code-only,
drivers/misc/mediatek,drivers/misc/mediatek/cameraisp/fdvt/4.0/camera_fdvt.c,e5bc15a7427bf861a6f26a2b740456fe6ef1f095ca74d473bdbc4aec7cf72382,drivers/misc/mediatek/cameraisp/fdvt/Kconfig,"ioctl_entry,device_registration",6,not-observed,ioctl-or-user-copy,no,no,none-observed,none-observed,not-derived-from-source,source-surface-only,user_copy:570:<file-scope>; ioctl_entry:571:<file-scope>; user_copy:575:<file-scope>; ioctl_entry:576:<file-scope>; user_copy:624:<file-scope>; user_copy:646:<file-scope>; user_copy:718:<file-scope>; ioctl_entry:719:<file-scope>; ioctl_entry:727:<file-scope>; user_copy:778:<file-scope>; ioctl_entry:836:<file-scope>; ioctl_entry:842:<file-scope>
drivers/misc/mediatek,drivers/misc/mediatek/cameraisp/fdvt/4.0/inc/camera_fdvt.h,8c63fe66b6893aa7f31510fab35c6dcae719c55fbea45d79b156f28cc36a2090,drivers/misc/mediatek/cameraisp/fdvt/Kconfig,ioctl_entry,0,not-observed,ioctl-or-user-copy,no,no,none-observed,none-observed,not-derived-from-source,source-surface-only,ioctl_entry:17:<file-scope>; ioctl_entry:47:<file-scope>; ioctl_entry:48:<file-scope>; ioctl_entry:49:<file-scope>; ioctl_entry:50:<file-scope>; ioctl_entry:51:<file-scope>; ioctl_entry:52:<file-scope>; ioctl_entry:54:<file-scope>; ioctl_entry:58:<file-scope>; ioctl_entry:59:<file-scope>; ioctl_entry:60:<file-scope>; ioctl_entry:61:<file-scope>
drivers/misc/mediatek,drivers/misc/mediatek/cameraisp/mfb/camera_mfb_dummy.c,7bdf83749fefcb8852c01957e9d23794d3ad4e28dc285b1946da742cdabeeece,drivers/misc/mediatek/cameraisp/mfb/Kconfig,,0,not-observed,support-code,no,no,none-observed,none-observed,not-derived-from-source,support-code-only,
drivers/misc/mediatek,drivers/misc/mediatek/cameraisp/mfb/isp_50/camera_mfb.c,1b436813209c89036d738a8e1a8f48d5447f8ca856b4c11647b1b0d41eadcbdf,drivers/misc/mediatek/cameraisp/mfb/Kconfig,"ioctl_entry,device_registration",9,not-observed,ioctl-or-user-copy,no,no,none-observed,none-observed,not-derived-from-source,source-surface-only,user_copy:2099:<file-scope>; user_copy:2115:<file-scope>; user_copy:2126:<file-scope>; user_copy:2161:<file-scope>; user_copy:2195:<file-scope>; user_copy:2237:<file-scope>; user_copy:2320:<file-scope>; user_copy:2422:<file-scope>; user_copy:2509:<file-scope>; ioctl_entry:2723:<file-scope>; ioctl_entry:2745:<file-scope>; ioctl_entry:2771:<file-scope>
drivers/misc/mediatek,drivers/misc/mediatek/cameraisp/mfb/isp_50/camera_mfb.h,3559b312ba389276b42a29e0ae955843419d3144dda0cee86c2eda56a8c1d874,drivers/misc/mediatek/cameraisp/mfb/Kconfig,ioctl_entry,0,not-observed,ioctl-or-user-copy,no,no,none-observed,none-observed,not-derived-from-source,source-surface-only,ioctl_entry:17:<file-scope>; ioctl_entry:238:<file-scope>; ioctl_entry:239:<file-scope>; ioctl_entry:240:<file-scope>; ioctl_entry:243:<file-scope>; ioctl_entry:244:<file-scope>; ioctl_entry:245:<file-scope>; ioctl_entry:246:<file-scope>; ioctl_entry:248:<file-scope>; ioctl_entry:249:<file-scope>; ioctl_entry:250:<file-scope>; ioctl_entry:252:<file-scope>
drivers/misc/mediatek,drivers/misc/mediatek/cameraisp/owe/camera_owe_dummy.c,7bdf83749fefcb8852c01957e9d23794d3ad4e28dc285b1946da742cdabeeece,drivers/misc/mediatek/cameraisp/owe/Kconfig,,0,not-observed,support-code,no,no,none-observed,none-observed,not-derived-from-source,support-code-only,
drivers/misc/mediatek,drivers/misc/mediatek/cameraisp/owe/isp_50/camera_owe.c,c759f3d949accffa97f02d8dada5a6b76a0d968ad536ffc2959c17a6d50a2269,drivers/misc/mediatek/cameraisp/owe/Kconfig,"ioctl_entry,proc_sysfs_debugfs_registration,device_registration",12,not-observed,ioctl-or-user-copy,no,no,none-observed,none-observed,not-derived-from-source,source-surface-only,user_copy:2091:<file-scope>; user_copy:2104:<file-scope>; user_copy:2451:<file-scope>; user_copy:2462:<file-scope>; user_copy:2473:<file-scope>; user_copy:2511:<file-scope>; user_copy:2548:<file-scope>; user_copy:2630:<file-scope>; user_copy:2700:<file-scope>; user_copy:2717:<file-scope>; user_copy:2806:<file-scope>; ioctl_entry:3064:<file-scope>
drivers/misc/mediatek,drivers/misc/mediatek/cameraisp/owe/isp_50/camera_owe.h,7fe51649ea78070f9a34583e58d4e2199e05cae2c80d5bd7821902aa6917edf4,drivers/misc/mediatek/cameraisp/owe/Kconfig,ioctl_entry,0,not-observed,ioctl-or-user-copy,no,no,none-observed,none-observed,not-derived-from-source,source-surface-only,ioctl_entry:17:<file-scope>; ioctl_entry:208:<file-scope>; ioctl_entry:209:<file-scope>; ioctl_entry:210:<file-scope>; ioctl_entry:213:<file-scope>; ioctl_entry:214:<file-scope>; ioctl_entry:215:<file-scope>; ioctl_entry:216:<file-scope>; ioctl_entry:218:<file-scope>; ioctl_entry:219:<file-scope>; ioctl_entry:220:<file-scope>; ioctl_entry:221:<file-scope>
drivers/misc/mediatek,drivers/misc/mediatek/cameraisp/rsc/engine_request.c,1920c2cf2c3d5205cddee904a7ca26461822dff9fd8da7ca0e80f427e8e1c888,drivers/misc/mediatek/cameraisp/rsc/Kconfig,ioctl_entry,0,not-observed,ioctl-or-user-copy,no,no,none-observed,none-observed,not-derived-from-source,source-surface-only,ioctl_entry:328:<file-scope>
drivers/misc/mediatek,drivers/misc/mediatek/cameraisp/rsc/engine_request.h,8c42643867f1f0f6e4beb4ef69e529f45dbf98e5417f0e9c500c4cbb59b359b7,drivers/misc/mediatek/cameraisp/rsc/Kconfig,,0,not-observed,support-code,no,no,none-observed,none-observed,not-derived-from-source,support-code-only,
drivers/misc/mediatek,drivers/misc/mediatek/cameraisp/rsc/isp_50/camera_rsc.c,e4040c6e0dea761dbcf1fcee0c720df96d053eecfcabb343ede273d00c8ea98d,drivers/misc/mediatek/cameraisp/rsc/Kconfig,"ioctl_entry,proc_sysfs_debugfs_registration,device_registration",10,not-observed,ioctl-or-user-copy,no,no,none-observed,none-observed,not-derived-from-source,source-surface-only,user_copy:2212:<file-scope>; user_copy:2223:<file-scope>; user_copy:2234:<file-scope>; user_copy:2269:<file-scope>; user_copy:2303:<file-scope>; user_copy:2345:<file-scope>; user_copy:2428:<file-scope>; user_copy:2543:<file-scope>; user_copy:2630:<file-scope>; ioctl_entry:2848:<file-scope>; ioctl_entry:2870:<file-scope>; ioctl_entry:2896:<file-scope>
drivers/misc/mediatek,drivers/misc/mediatek/cameraisp/rsc/isp_50/camera_rsc.h,3b739542d610c2d8d297dbfb4d1f3c5266dc69588d8f8ff13476185eebab1e30,drivers/misc/mediatek/cameraisp/rsc/Kconfig,ioctl_entry,0,not-observed,ioctl-or-user-copy,no,no,none-observed,none-observed,not-derived-from-source,source-surface-only,ioctl_entry:17:<file-scope>; ioctl_entry:186:<file-scope>; ioctl_entry:187:<file-scope>; ioctl_entry:188:<file-scope>; ioctl_entry:191:<file-scope>; ioctl_entry:192:<file-scope>; ioctl_entry:193:<file-scope>; ioctl_entry:194:<file-scope>; ioctl_entry:196:<file-scope>; ioctl_entry:197:<file-scope>; ioctl_entry:198:<file-scope>; ioctl_entry:200:<file-scope>
drivers/misc/mediatek,drivers/misc/mediatek/cameraisp/src/cameraisp_dummy.c,7bdf83749fefcb8852c01957e9d23794d3ad4e28dc285b1946da742cdabeeece,drivers/misc/mediatek/cameraisp/src/Kconfig,,0,not-observed,support-code,no,no,none-observed,none-observed,not-derived-from-source,support-code-only,
drivers/misc/mediatek,drivers/misc/mediatek/cameraisp/src/isp_50/camera_isp.c,a5b5f3a87b77316a4f65a719954dd80faa4b30ba2e335ee08ce7f91f8cbd22f1,drivers/misc/mediatek/cameraisp/src/Kconfig,"ioctl_entry,proc_sysfs_debugfs_registration,device_registration",39,not-observed,ioctl-or-user-copy,no,no,none-observed,none-observed,not-derived-from-source,source-surface-only,user_copy:1570:<file-scope>; user_copy:1625:<file-scope>; user_copy:2378:<file-scope>; user_copy:2413:<file-scope>; user_copy:2428:<file-scope>; user_copy:2435:<file-scope>; user_copy:2443:<file-scope>; user_copy:2452:<file-scope>; user_copy:2459:<file-scope>; user_copy:2470:<file-scope>; user_copy:2476:<file-scope>; user_copy:2485:<file-scope>
drivers/misc/mediatek,drivers/misc/mediatek/cameraisp/src/isp_50/inc/cam_regs.h,71663605a3968bc7889ead9970e129a80c6c7ab7dd6c23245499db0d96cac0ef,drivers/misc/mediatek/cameraisp/src/Kconfig,,0,not-observed,support-code,no,no,none-observed,none-observed,not-derived-from-source,support-code-only,
drivers/misc/mediatek,drivers/misc/mediatek/cameraisp/src/isp_50/inc/camera_isp.h,d1a1870ea365be3c782b5e0ec2c46863da561f01c3f71713d309c169dbff3aaa,drivers/misc/mediatek/cameraisp/src/Kconfig,ioctl_entry,0,not-observed,ioctl-or-user-copy,no,no,none-observed,none-observed,not-derived-from-source,source-surface-only,ioctl_entry:17:<file-scope>; ioctl_entry:611:<file-scope>; ioctl_entry:612:<file-scope>; ioctl_entry:615:<file-scope>; ioctl_entry:618:<file-scope>; ioctl_entry:620:<file-scope>; ioctl_entry:621:<file-scope>; ioctl_entry:622:<file-scope>; ioctl_entry:623:<file-scope>; ioctl_entry:624:<file-scope>; ioctl_entry:625:<file-scope>; ioctl_entry:626:<file-scope>
drivers/misc/mediatek,drivers/misc/mediatek/cameraisp/src/isp_50/inc/met_events_camsys.h,8d9f7de5edb72ed0f106f98150b52292048404008cb4b90df670666af0dcd2b8,drivers/misc/mediatek/cameraisp/src/Kconfig,,0,not-observed,support-code,no,no,none-observed,none-observed,not-derived-from-source,support-code-only,
drivers/misc/mediatek,drivers/misc/mediatek/cameraisp/tsf/camera_tsf_dummy.c,7bdf83749fefcb8852c01957e9d23794d3ad4e28dc285b1946da742cdabeeece,drivers/misc/mediatek/cameraisp/tsf/Kconfig,,0,not-observed,support-code,no,no,none-observed,none-observed,not-derived-from-source,support-code-only,
drivers/misc/mediatek,drivers/misc/mediatek/cameraisp/wpe/camerawpe_dummy.c,7bdf83749fefcb8852c01957e9d23794d3ad4e28dc285b1946da742cdabeeece,drivers/misc/mediatek/cameraisp/wpe/Kconfig,,0,not-observed,support-code,no,no,none-observed,none-observed,not-derived-from-source,support-code-only,
drivers/misc/mediatek,drivers/misc/mediatek/cameraisp/wpe/isp_50/camera_wpe.c,deae8a337aa0134d1570ff9a46781a136b8ebe16c1a91c646977835f0139db48,drivers/misc/mediatek/cameraisp/wpe/Kconfig,"ioctl_entry,proc_sysfs_debugfs_registration,device_registration",11,not-observed,ioctl-or-user-copy,no,no,none-observed,none-observed,not-derived-from-source,source-surface-only,user_copy:3162:<file-scope>; user_copy:3178:<file-scope>; user_copy:3189:<file-scope>; user_copy:3224:<file-scope>; user_copy:3258:<file-scope>; user_copy:3298:<file-scope>; user_copy:3375:<file-scope>; user_copy:3469:<file-scope>; user_copy:3545:<file-scope>; user_copy:3642:<file-scope>; ioctl_entry:3905:<file-scope>; ioctl_entry:3927:<file-scope>
drivers/misc/mediatek,drivers/misc/mediatek/cameraisp/wpe/isp_50/inc/camera_wpe.h,e984c279aa06eb9f5017f2ba811235938254ba67eec93d2e32cf3df8612ebe1e,drivers/misc/mediatek/cameraisp/wpe/Kconfig,ioctl_entry,0,not-observed,ioctl-or-user-copy,no,no,none-observed,none-observed,not-derived-from-source,source-surface-only,ioctl_entry:17:<file-scope>; ioctl_entry:345:<file-scope>; ioctl_entry:346:<file-scope>; ioctl_entry:347:<file-scope>; ioctl_entry:350:<file-scope>; ioctl_entry:351:<file-scope>; ioctl_entry:352:<file-scope>; ioctl_entry:353:<file-scope>; ioctl_entry:355:<file-scope>; ioctl_entry:356:<file-scope>; ioctl_entry:357:<file-scope>; ioctl_entry:359:<file-scope>
drivers/misc/mediatek,drivers/misc/mediatek/ccci_util/ccci_util_dummy.c,52d2d4d9e0fd97091129a547b6767872fe3878b50e1c8225b9aee0c1ca169ad4,drivers/misc/mediatek/ccci_util/Kconfig,,0,not-observed,support-code,no,no,none-observed,none-observed,not-derived-from-source,support-code-only,
drivers/misc/mediatek,drivers/misc/mediatek/ccu/inc/ccu_imgsensor_if.h,35725674b5e61cad1961eaef7b6d3335c4a7c397cf3f2e9be594d1a3beb1dadb,drivers/misc/mediatek/Kconfig,,0,not-observed,support-code,no,no,none-observed,none-observed,not-derived-from-source,support-code-only,
drivers/misc/mediatek,drivers/misc/mediatek/ccu/src/2.0/ccu_cmn.h,7244d0c83a68048480968f294256c1fe8aba33fe89954f33a4b999d2ff9e856d,drivers/misc/mediatek/ccu/src/Kconfig,,0,not-observed,support-code,no,no,none-observed,none-observed,not-derived-from-source,support-code-only,
drivers/misc/mediatek,drivers/misc/mediatek/ccu/src/2.0/ccu_drv.c,0eb13de8d3fab7b693763b9539491432449c2d75f72eef8f3654641a4979bad5,drivers/misc/mediatek/ccu/src/Kconfig,"ioctl_entry,device_registration",17,not-observed,ioctl-or-user-copy,no,no,none-observed,none-observed,not-derived-from-source,source-surface-only,ioctl_entry:228:<file-scope>; ioctl_entry:230:<file-scope>; ioctl_entry:231:<file-scope>; user_copy:513:<file-scope>; ioctl_entry:531:<file-scope>; ioctl_entry:538:<file-scope>; ioctl_entry:627:<file-scope>; ioctl_entry:635:<file-scope>; user_copy:636:<file-scope>; ioctl_entry:639:<file-scope>; user_copy:653:<file-scope>; user_copy:666:<file-scope>
drivers/misc/mediatek,drivers/misc/mediatek/ccu/src/2.0/ccu_drv.h,e92d9d38710c77f192281a564dc745e920074d852c0c724b89d8e9058fbd1731,drivers/misc/mediatek/ccu/src/Kconfig,ioctl_entry,0,not-observed,ioctl-or-user-copy,no,no,none-observed,none-observed,not-derived-from-source,source-surface-only,ioctl_entry:18:<file-scope>; ioctl_entry:299:<file-scope>; ioctl_entry:300:<file-scope>; ioctl_entry:301:<file-scope>; ioctl_entry:302:<file-scope>; ioctl_entry:304:<file-scope>; ioctl_entry:305:<file-scope>; ioctl_entry:306:<file-scope>; ioctl_entry:307:<file-scope>; ioctl_entry:309:<file-scope>; ioctl_entry:310:<file-scope>; ioctl_entry:311:<file-scope>
drivers/misc/mediatek,drivers/misc/mediatek/ccu/src/2.0/ccu_i2c.c,bc3d3e5ff21ed6d036cdd6417b9322873d1aed4ffe954f3113b0f207afa52dbc,drivers/misc/mediatek/ccu/src/Kconfig,,0,not-observed,support-code,no,no,none-observed,none-observed,not-derived-from-source,support-code-only,
drivers/misc/mediatek,drivers/misc/mediatek/ccu/src/2.0/ccu_i2c.h,07f1eefd10ad44320e5d53c65d67c5b182ed1e5ad92b62a5753ada14a8fe035b,drivers/misc/mediatek/ccu/src/Kconfig,,0,not-observed,support-code,no,no,none-observed,none-observed,not-derived-from-source,support-code-only,
drivers/misc/mediatek,drivers/misc/mediatek/ccu/src/2.0/ccu_n3d_a.c,9085cee62dd9ce4a67b7600ee7873f38ba091c0af7d73599f44d20e28a6b8b40,drivers/misc/mediatek/ccu/src/Kconfig,,0,not-observed,support-code,no,no,none-observed,none-observed,not-derived-from-source,support-code-only,
drivers/misc/mediatek,drivers/misc/mediatek/ccu/src/2.0/ccu_n3d_a.h,69f57fd5a27c4db578a7a9863992b1e21202b6751a13d643ac1149f060f73a56,drivers/misc/mediatek/ccu/src/Kconfig,,0,not-observed,support-code,no,no,none-observed,none-observed,not-derived-from-source,support-code-only,
drivers/misc/mediatek,drivers/misc/mediatek/ccu/src/mt8183/CCU_A_c_header.h,5d46ac53831599c0982f9ca56a68e10250a28a35a6b220b4dc7a4052f0d5a1ff,drivers/misc/mediatek/ccu/src/Kconfig,,0,not-observed,support-code,no,no,none-observed,none-observed,not-derived-from-source,support-code-only,
drivers/misc/mediatek,drivers/misc/mediatek/ccu/src/mt8183/ccu_hw.c,29b665d43729c91c90fa95cbf4f02b28dc6c705be310397cfd91439e8a710507,drivers/misc/mediatek/ccu/src/Kconfig,,0,not-observed,support-code,no,no,none-observed,none-observed,not-derived-from-source,support-code-only,
drivers/misc/mediatek,drivers/misc/mediatek/ccu/src/mt8183/ccu_hw.h,0bdba8323346199c692f93d724629f21d34742137f108b62804f1c4d76125544,drivers/misc/mediatek/ccu/src/Kconfig,,0,not-observed,support-code,no,no,none-observed,none-observed,not-derived-from-source,support-code-only,
drivers/misc/mediatek,drivers/misc/mediatek/ccu/src/mt8183/ccu_i2c_hw.c,728707e36c2a5a209f41901313ab78f79b62f9e2fa22ea1048fd42a5b941fe3c,drivers/misc/mediatek/ccu/src/Kconfig,,0,not-observed,support-code,no,no,none-observed,none-observed,not-derived-from-source,support-code-only,
drivers/misc/mediatek,drivers/misc/mediatek/ccu/src/mt8183/ccu_i2c_hw.h,524267d62e0430ca54f4c1c45a307799508aa7d7b2b0c071f4ad00d3205fb2e2,drivers/misc/mediatek/ccu/src/Kconfig,,0,not-observed,support-code,no,no,none-observed,none-observed,not-derived-from-source,support-code-only,
drivers/misc/mediatek,drivers/misc/mediatek/ccu/src/mt8183/ccu_imgsensor.c,55814ef7bef1fdc2d5b6c7079e820eb0842a5698b66853fc21ec9a03b0b0ddbb,drivers/misc/mediatek/ccu/src/Kconfig,,0,not-observed,support-code,no,no,none-observed,none-observed,not-derived-from-source,support-code-only,
drivers/misc/mediatek,drivers/misc/mediatek/ccu/src/mt8183/ccu_imgsensor.h,c173392778e816379e64bc7c4803a495826c33d42c3bfb90c561421b7a09553f,drivers/misc/mediatek/ccu/src/Kconfig,,0,not-observed,support-code,no,no,none-observed,none-observed,not-derived-from-source,support-code-only,
drivers/misc/mediatek,drivers/misc/mediatek/ccu/src/mt8183/ccu_kd_mailbox.c,16c22f3227c834efe9df846ad87f632df8b47a876c2167b8fb1b350c44738b5a,drivers/misc/mediatek/ccu/src/Kconfig,,0,not-observed,support-code,no,no,none-observed,none-observed,not-derived-from-source,support-code-only,
drivers/misc/mediatek,drivers/misc/mediatek/ccu/src/mt8183/ccu_kd_mailbox.h,b5d34a027599b0fb94702646d4f7eb460e39cd23697ad437b6369de38b780960,drivers/misc/mediatek/ccu/src/Kconfig,,0,not-observed,support-code,no,no,none-observed,none-observed,not-derived-from-source,support-code-only,
drivers/misc/mediatek,drivers/misc/mediatek/ccu/src/mt8183/ccu_mva.c,335a21b218519033c0aff4484cdacf4f64a129eba11d7ee0562b678903211d71,drivers/misc/mediatek/ccu/src/Kconfig,,0,not-observed,support-code,no,no,none-observed,none-observed,not-derived-from-source,support-code-only,
drivers/misc/mediatek,drivers/misc/mediatek/ccu/src/mt8183/ccu_mva.h,f6b835d8c3587e795cdee8c90931f189a8714e45af89441b6ef4315308a76a42,drivers/misc/mediatek/ccu/src/Kconfig,,0,not-observed,support-code,no,no,none-observed,none-observed,not-derived-from-source,support-code-only,
drivers/misc/mediatek,drivers/misc/mediatek/ccu/src/mt8183/ccu_platform_def.h,1df394f8dd44cdee7a60daa9efd4edeb0dd55a35eb784cb3de39e0f31f810888,drivers/misc/mediatek/ccu/src/Kconfig,,0,not-observed,support-code,no,no,none-observed,none-observed,not-derived-from-source,support-code-only,
drivers/misc/mediatek,drivers/misc/mediatek/ccu/src/mt8183/ccu_reg.c,b2c5d98e5a55a20b7792998bc36f1f25e93c5901950773006a0fb4587237d889,drivers/misc/mediatek/ccu/src/Kconfig,,0,not-observed,support-code,no,no,none-observed,none-observed,not-derived-from-source,support-code-only,
drivers/misc/mediatek,drivers/misc/mediatek/ccu/src/mt8183/ccu_reg.h,611a724efe2215c3d4e38d087572a971de505cf68a3ee8ca6bfa7e28a0ca9f0a,drivers/misc/mediatek/ccu/src/Kconfig,,0,not-observed,support-code,no,no,none-observed,none-observed,not-derived-from-source,support-code-only,
drivers/misc/mediatek,drivers/misc/mediatek/ccu/src/mt8183/ccu_sw_ver.c,1a2d2e23aba82584f2687f5da55df7609257d38ba0a0022e020a33dd6be1e5be,drivers/misc/mediatek/ccu/src/Kconfig,,0,not-observed,support-code,no,no,none-observed,none-observed,not-derived-from-source,support-code-only,
drivers/misc/mediatek,drivers/misc/mediatek/ccu/src/mt8183/ccu_sw_ver.h,5cf9ff24cc418de39f93fac2452c1a313ca3db0f41566b4630680827d16b0982,drivers/misc/mediatek/ccu/src/Kconfig,,0,not-observed,support-code,no,no,none-observed,none-observed,not-derived-from-source,support-code-only,
drivers/misc/mediatek,drivers/misc/mediatek/ccu/src/mt8183/common.h,7a33641afb454a4d3afe625e335483e80231a86d0d244f057a712b04b1e1ecd1,drivers/misc/mediatek/ccu/src/Kconfig,,0,not-observed,support-code,no,no,none-observed,none-observed,not-derived-from-source,support-code-only,
drivers/misc/mediatek,drivers/misc/mediatek/ccu/src/mt8183/ccu_ext_interface/ccu_ext_interface.h,453b410db8b3e608eaf501e78f827e52afb720d9a9fd6a5c944f7d30f0a38a87,drivers/misc/mediatek/ccu/src/Kconfig,,0,not-observed,support-code,no,no,none-observed,none-observed,not-derived-from-source,support-code-only,
drivers/misc/mediatek,drivers/misc/mediatek/ccu/src/mt8183/ccu_ext_interface/ccu_mailbox_extif.h,03c22cd2be2ba8ca8d7a181c3d7c0cf6acfe55a341dffccccc30c07b730be4f1,drivers/misc/mediatek/ccu/src/Kconfig,,0,not-observed,support-code,no,no,none-observed,none-observed,not-derived-from-source,support-code-only,
drivers/misc/mediatek,drivers/misc/mediatek/ccu/src/mt8183/ccu_ext_interface/ccu_types.h,1f72ade92a67983d81038ee18ea7e133240d78718fdeef8daafe34c6b38f9d24,drivers/misc/mediatek/ccu/src/Kconfig,,0,not-observed,support-code,no,no,none-observed,none-observed,not-derived-from-source,support-code-only,
drivers/misc/mediatek,drivers/misc/mediatek/chip/mtk_chip_common.c,7984ec20e547485bd7d62f661650e07ca873a848f477cc87139bac2d126b470c,drivers/misc/mediatek/chip/Kconfig,proc_sysfs_debugfs_registration,0,not-observed,proc-sysfs-device-registration,no,no,none-observed,none-observed,not-derived-from-source,source-surface-only,proc_sysfs_debugfs_registration:133:<file-scope>; proc_sysfs_debugfs_registration:146:<file-scope>
drivers/misc/mediatek,drivers/misc/mediatek/chip/mtk_chip_common.h,f463bbed4bf0c88907a2229593b8da5f6badf8a25d5d5c99990bb1b59c6195c8,drivers/misc/mediatek/chip/Kconfig,,0,not-observed,support-code,no,no,none-observed,none-observed,not-derived-from-source,support-code-only,
drivers/misc/mediatek,drivers/misc/mediatek/chip/mt8183/mtk_chip.c,ef92515e957f5f84313d154086df2a72906142be6d9ca6de42cf250201ec07d1,drivers/misc/mediatek/chip/Kconfig,,0,not-observed,support-code,no,no,none-observed,none-observed,not-derived-from-source,support-code-only,
drivers/misc/mediatek,drivers/misc/mediatek/cirq/mtk_sys_cirq.c,f44ce816ef301f3ae56ccbf1db1bb049c26efa91ad612db8bd5662bab8684c1c,drivers/misc/mediatek/cirq/Kconfig,device_registration,0,not-observed,proc-sysfs-device-registration,no,no,none-observed,none-observed,not-derived-from-source,source-surface-only,device_registration:1143:<file-scope>; property_or_boot_state:1151:<file-scope>; property_or_boot_state:1158:<file-scope>; property_or_boot_state:1164:<file-scope>; property_or_boot_state:1170:<file-scope>
drivers/misc/mediatek,drivers/misc/mediatek/cirq/mtk_sys_cirq.h,95e9e5f55b08dcffc0cef6a9b3de641dfb845568bb649bb61f8b7056d523e66a,drivers/misc/mediatek/cirq/Kconfig,,0,not-observed,support-code,no,no,none-observed,none-observed,not-derived-from-source,support-code-only,
drivers/misc/mediatek,drivers/misc/mediatek/cmdq/v3/cmdq_core.c,645499bef04141e7691ffe5f2ede7dccee8d4f41353cf5b94c5cab5f8898d8d9,drivers/misc/mediatek/cmdq/Kconfig,,2,not-observed,secure-world-marker,yes,no,none-observed,none-observed,not-derived-from-source,source-surface-only,user_copy:900:<file-scope>; secure_world:2020:<file-scope>; user_copy:3125:<file-scope>; secure_world:5603:<file-scope>
drivers/misc/mediatek,drivers/misc/mediatek/cmdq/v3/cmdq_core.h,4eff041bf7e7448838b876c2900772edd0faefa3acf7f934495d4cd0812e8557,drivers/misc/mediatek/cmdq/Kconfig,,0,not-observed,support-code,no,no,none-observed,none-observed,not-derived-from-source,support-code-only,
drivers/misc/mediatek,drivers/misc/mediatek/cmdq/v3/cmdq_def.h,2dcdb4b2abc76b0100d4448796e2f4d223dbd28027fa63cc7ba8517911450fc1,drivers/misc/mediatek/cmdq/Kconfig,ioctl_entry,0,not-observed,ioctl-or-user-copy,no,no,none-observed,none-observed,not-derived-from-source,source-surface-only,ioctl_entry:320:<file-scope>
drivers/misc/mediatek,drivers/misc/mediatek/cmdq/v3/cmdq_device.c,386b46c8abc6bbf2fda267c7d1dae8c9b5c0993394047092d3189e49859f6f85,drivers/misc/mediatek/cmdq/Kconfig,,0,not-observed,support-code,no,no,none-observed,none-observed,not-derived-from-source,support-code-only,
drivers/misc/mediatek,drivers/misc/mediatek/cmdq/v3/cmdq_device.h,46ccd73197ced983fe78516fe3601bb0d75ca5866ce00f78938f5d9a9d6398c2,drivers/misc/mediatek/cmdq/Kconfig,,0,not-observed,support-code,no,no,none-observed,none-observed,not-derived-from-source,support-code-only,
drivers/misc/mediatek,drivers/misc/mediatek/cmdq/v3/cmdq_driver.c,b3a54d37b4e498ff969a2717cb02cefc923ae6f39da32f5fd8529fe3dce6e899,drivers/misc/mediatek/cmdq/Kconfig,"ioctl_entry,proc_sysfs_debugfs_registration,device_registration",6,not-observed,ioctl-or-user-copy,no,no,none-observed,none-observed,not-derived-from-source,source-surface-only,user_copy:350:<file-scope>; user_copy:575:<file-scope>; user_copy:610:<file-scope>; user_copy:627:<file-scope>; user_copy:640:<file-scope>; user_copy:652:<file-scope>; ioctl_entry:678:<file-scope>; ioctl_entry:682:<file-scope>; ioctl_entry:686:<file-scope>; ioctl_entry:690:<file-scope>; ioctl_entry:694:<file-scope>; ioctl_entry:698:<file-scope>
drivers/misc/mediatek,drivers/misc/mediatek/cmdq/v3/cmdq_driver.h,ff6fda2e6c53b62ccc1fe4dcbfc0dc14ca083b15852fe13b60d5640181cb5aab,drivers/misc/mediatek/cmdq/Kconfig,ioctl_entry,0,not-observed,ioctl-or-user-copy,no,no,none-observed,none-observed,not-derived-from-source,source-surface-only,ioctl_entry:52:<file-scope>; ioctl_entry:62:<file-scope>; ioctl_entry:63:<file-scope>; ioctl_entry:64:<file-scope>; ioctl_entry:70:<file-scope>; ioctl_entry:75:<file-scope>; ioctl_entry:81:<file-scope>
drivers/misc/mediatek,drivers/misc/mediatek/cmdq/v3/cmdq_event_common.c,3cfb49a1eaa120c143d8c0ee9c6c1914a2b64aa99d8fbfa24c32d9023f240e3b,drivers/misc/mediatek/cmdq/Kconfig,,0,not-observed,support-code,no,no,none-observed,none-observed,not-derived-from-source,support-code-only,
drivers/misc/mediatek,drivers/misc/mediatek/cmdq/v3/cmdq_event_common.h,b2bad3ded76e6e8766260f319be08361732772cda3d3cd1a72044951e0d456dc,drivers/misc/mediatek/cmdq/Kconfig,,0,not-observed,support-code,no,no,none-observed,none-observed,not-derived-from-source,support-code-only,
drivers/misc/mediatek,drivers/misc/mediatek/cmdq/v3/cmdq_instr_cycle.h,a6eca5d55b0a70e77d19e99aa6be4593635cc5e2182720f28ac16ac12a86734f,drivers/misc/mediatek/cmdq/Kconfig,,0,not-observed,support-code,no,no,none-observed,none-observed,not-derived-from-source,support-code-only,
drivers/misc/mediatek,drivers/misc/mediatek/cmdq/v3/cmdq_mdp_common.c,14db2e65a5fc9795ed6f75ebc2966ce6a97e79962c0b4082ada469a161cdbe35,drivers/misc/mediatek/cmdq/Kconfig,,0,not-observed,support-code,no,no,none-observed,none-observed,not-derived-from-source,support-code-only,
drivers/misc/mediatek,drivers/misc/mediatek/cmdq/v3/cmdq_mdp_common.h,9f61023c5d2b57f5e1f31c018c8bd62610182b7d935c97a35c36335b6dbf8bcf,drivers/misc/mediatek/cmdq/Kconfig,,0,not-observed,support-code,no,no,none-observed,none-observed,not-derived-from-source,support-code-only,
drivers/misc/mediatek,drivers/misc/mediatek/cmdq/v3/cmdq_mdp_pmqos.h,2f32260364f3e07526b51e860933c1a5edb0e1301dc3b302b82405535a8458dd,drivers/misc/mediatek/cmdq/Kconfig,,0,not-observed,support-code,no,no,none-observed,none-observed,not-derived-from-source,support-code-only,
drivers/misc/mediatek,drivers/misc/mediatek/cmdq/v3/cmdq_mmp.c,73c67cefc6cb26d2bba11b8726862c29975b0d0ffb271bdb0d49b305de5e7674,drivers/misc/mediatek/cmdq/Kconfig,,0,not-observed,support-code,no,no,none-observed,none-observed,not-derived-from-source,support-code-only,
drivers/misc/mediatek,drivers/misc/mediatek/cmdq/v3/cmdq_mmp.h,37ebb707d8acb84fe0ece84a75e167f19e1549e3ce949c679d801058b74ca0a8,drivers/misc/mediatek/cmdq/Kconfig,,0,not-observed,support-code,no,no,none-observed,none-observed,not-derived-from-source,support-code-only,
drivers/misc/mediatek,drivers/misc/mediatek/cmdq/v3/cmdq_prof.c,7fabbfb98b135aa13db7d86fd3b92fd84127144557046d8fb1e041e3d2b46f72,drivers/misc/mediatek/cmdq/Kconfig,,0,not-observed,support-code,no,no,none-observed,none-observed,not-derived-from-source,support-code-only,
drivers/misc/mediatek,drivers/misc/mediatek/cmdq/v3/cmdq_prof.h,226bcf3c0a82cc25398d7c12b96ad9db3ecddadf4ad346ebffb5bc5bf124bcbb,drivers/misc/mediatek/cmdq/Kconfig,,0,not-observed,support-code,no,no,none-observed,none-observed,not-derived-from-source,support-code-only,
drivers/misc/mediatek,drivers/misc/mediatek/cmdq/v3/cmdq_record.c,780726731c122c159a8ee9cd65200665efcac834e254aef575d6f3f06d5ee4ee,drivers/misc/mediatek/cmdq/Kconfig,,1,not-observed,ioctl-or-user-copy,no,no,none-observed,none-observed,not-derived-from-source,source-surface-only,user_copy:3581:<file-scope>
drivers/misc/mediatek,drivers/misc/mediatek/cmdq/v3/cmdq_record.h,d42ac102db5dfe0cd432eb32acf14978f23902168a7b38a2426ff1c975a154ae,drivers/misc/mediatek/cmdq/Kconfig,,0,not-observed,support-code,no,no,none-observed,none-observed,not-derived-from-source,support-code-only,
drivers/misc/mediatek,drivers/misc/mediatek/cmdq/v3/cmdq_record_private.h,d7f7d090c5ed5f3a6d69413a84a72bd19f9c3c2dcd57e407f8cc2024a3810b95,drivers/misc/mediatek/cmdq/Kconfig,,0,not-observed,support-code,no,no,none-observed,none-observed,not-derived-from-source,support-code-only,
drivers/misc/mediatek,drivers/misc/mediatek/cmdq/v3/cmdq_reg.h,53c2d27530540a25bb4c81d5f9954e3bd0e7ecc4c15fa0d6338f74cae72204f2,drivers/misc/mediatek/cmdq/Kconfig,,0,not-observed,support-code,no,no,none-observed,none-observed,not-derived-from-source,support-code-only,
drivers/misc/mediatek,drivers/misc/mediatek/cmdq/v3/cmdq_sec.c,1d7e2d73bdc5beeede1f2edd46c6c8d7f0418202ecd465f078d345e245d41f3b,drivers/misc/mediatek/cmdq/Kconfig,,0,not-observed,secure-world-marker,yes,no,none-observed,none-observed,not-derived-from-source,support-code-only,secure_world:353:<file-scope>
drivers/misc/mediatek,drivers/misc/mediatek/cmdq/v3/cmdq_sec.h,5dbd49d56f424c2139ae56e6d27f6d34504a2f5bd76978a939f017ce26a40d0f,drivers/misc/mediatek/cmdq/Kconfig,,0,not-observed,secure-world-marker,yes,no,none-observed,none-observed,not-derived-from-source,support-code-only,secure_world:72:<file-scope>
drivers/misc/mediatek,drivers/misc/mediatek/cmdq/v3/cmdq_sec_trustzone.c,54c3f2160b0332e91583746086d37e00592f356c149f537846e6b58e1dc0f539,drivers/misc/mediatek/cmdq/Kconfig,,0,not-observed,secure-world-marker,yes,no,none-observed,none-observed,not-derived-from-source,support-code-only,secure_world:20:<file-scope>; secure_world:40:<file-scope>; secure_world:46:<file-scope>; secure_world:47:<file-scope>; secure_world:48:<file-scope>; secure_world:50:<file-scope>; secure_world:73:<file-scope>; secure_world:79:<file-scope>; secure_world:85:<file-scope>; secure_world:89:<file-scope>; secure_world:91:<file-scope>; secure_world:94:<file-scope>
drivers/misc/mediatek,drivers/misc/mediatek/cmdq/v3/cmdq_sec_trustzone.h,6798244becf4fab557d552f3c206f785355819687bb0f7bd0f2c8702624e2743,drivers/misc/mediatek/cmdq/Kconfig,,0,not-observed,secure-world-marker,yes,no,none-observed,none-observed,not-derived-from-source,support-code-only,secure_world:17:<file-scope>; secure_world:18:<file-scope>; secure_world:19:<file-scope>; secure_world:20:<file-scope>; secure_world:28:<file-scope>; secure_world:29:<file-scope>
drivers/misc/mediatek,drivers/misc/mediatek/cmdq/v3/cmdq_struct.h,f364de5e69aa424d8f9e924b3b3ac3468f0ac8bb6fab3dcf4ae0ec55e54330c1,drivers/misc/mediatek/cmdq/Kconfig,,0,not-observed,support-code,no,no,none-observed,none-observed,not-derived-from-source,support-code-only,
drivers/misc/mediatek,drivers/misc/mediatek/cmdq/v3/cmdq_subsys_common.c,49d305580f24bc011387eb03d267bb538336a9b8be0dce26c93a9a50187e107d,drivers/misc/mediatek/cmdq/Kconfig,,0,not-observed,support-code,no,no,none-observed,none-observed,not-derived-from-source,support-code-only,
drivers/misc/mediatek,drivers/misc/mediatek/cmdq/v3/cmdq_subsys_common.h,dad5617818cbc6ee35032c8e893ece3a73fdc7c6df2b7c45ff4b3a45a345f7f9,drivers/misc/mediatek/cmdq/Kconfig,,0,not-observed,support-code,no,no,none-observed,none-observed,not-derived-from-source,support-code-only,
drivers/misc/mediatek,drivers/misc/mediatek/cmdq/v3/cmdq_test.c,4aa431a91e3dbe8f43bcebc5e578c93158b00e07664a6c148b5dd92cabd9e345,drivers/misc/mediatek/cmdq/Kconfig,proc_sysfs_debugfs_registration,1,not-observed,ioctl-or-user-copy,no,no,none-observed,none-observed,not-derived-from-source,source-surface-only,user_copy:7135:<file-scope>; proc_sysfs_debugfs_registration:7202:<file-scope>; proc_sysfs_debugfs_registration:7204:<file-scope>
drivers/misc/mediatek,drivers/misc/mediatek/cmdq/v3/cmdq_virtual.c,dce46fb0ac6d4bf73934c4aa5974ff2a1cb86847c1b31ab836aff977a01c492c,drivers/misc/mediatek/cmdq/Kconfig,,0,not-observed,support-code,no,no,none-observed,none-observed,not-derived-from-source,support-code-only,
drivers/misc/mediatek,drivers/misc/mediatek/cmdq/v3/cmdq_virtual.h,d7b052fedb9e52c674067db3a87af289751c449a70867ab588105b0156812147,drivers/misc/mediatek/cmdq/Kconfig,,0,not-observed,support-code,no,no,none-observed,none-observed,not-derived-from-source,support-code-only,
drivers/misc/mediatek,drivers/misc/mediatek/cmdq/v3/mdp_events.h,30b722c685026777fe64b7749688a3c786b918481cc150ff7ec43a6d55f69a37,drivers/misc/mediatek/cmdq/Kconfig,,0,not-observed,support-code,no,no,none-observed,none-observed,not-derived-from-source,support-code-only,
drivers/misc/mediatek,drivers/misc/mediatek/cmdq/v3/inc/cmdq_sec_dr/cmdq_sec_iwc_common.h,806e6f7b9da9af26672d35e643aaa820b9cb91c16c810a83ac674d5c186402f6,drivers/misc/mediatek/cmdq/Kconfig,,0,not-observed,support-code,no,no,none-observed,none-observed,not-derived-from-source,support-code-only,
drivers/misc/mediatek,drivers/misc/mediatek/cmdq/v3/inc/cmdq_sec_tl/cmdqsectl_api.h,6a6344682aaaca014e6b9c906af178f633d0b8f132eaa5064cfb908cd86a8c21,drivers/misc/mediatek/cmdq/Kconfig,,0,not-observed,support-code,no,no,none-observed,none-observed,not-derived-from-source,support-code-only,
drivers/misc/mediatek,drivers/misc/mediatek/cmdq/v3/mt8183/cmdq_engine.h,af7721046de83d3cdac4881daf449fca2d40751e438bf0d87d425938043c0636,drivers/misc/mediatek/cmdq/Kconfig,,0,not-observed,support-code,no,no,none-observed,none-observed,not-derived-from-source,support-code-only,
drivers/misc/mediatek,drivers/misc/mediatek/cmdq/v3/mt8183/cmdq_mdp.c,c2df636e1f20d73773d6ec54c4e04bca5487b8285e4861200f22dfc00284c7d7,drivers/misc/mediatek/cmdq/Kconfig,,0,not-observed,support-code,no,no,none-observed,none-observed,not-derived-from-source,support-code-only,
drivers/misc/mediatek,drivers/misc/mediatek/cmdq/v3/mt8183/mdp_base.h,0736d85ab4549872eadd930918ebc026a080d4db6d819c15752940038f4a2586,drivers/misc/mediatek/cmdq/Kconfig,,0,not-observed,support-code,no,no,none-observed,none-observed,not-derived-from-source,support-code-only,
drivers/misc/mediatek,drivers/misc/mediatek/cmo/cmo-mtk.c,338731e9271e27d5f2c121f0153c71c81cbb40ef463f5cdd073283f869268f01,drivers/misc/mediatek/cmo/Kconfig,,0,not-observed,secure-world-marker,yes,no,none-observed,none-observed,not-derived-from-source,support-code-only,secure_world:78:<file-scope>
drivers/misc/mediatek,drivers/misc/mediatek/cmo/cmo-mtk.h,17aadc77ff5524dd9c253fd4fb709e83c649e3bbf9e38bc33dff8c32cd622ff2,drivers/misc/mediatek/cmo/Kconfig,,0,not-observed,support-code,no,no,none-observed,none-observed,not-derived-from-source,support-code-only,
drivers/misc/mediatek,drivers/misc/mediatek/connectivity/common/connectivity_build_in_adapter.c,384e069badea0aa02f146ff4348c42a0aa32fa8850d786c4eff698f2971f99ae,drivers/misc/mediatek/connectivity/Kconfig,,0,not-observed,support-code,no,no,none-observed,none-observed,not-derived-from-source,support-code-only,
drivers/misc/mediatek,drivers/misc/mediatek/connectivity/common/connectivity_build_in_adapter.h,eca0c07d4c97867f318692071431ceb5a15a39edb7594d404a34a01c5e433a3b,drivers/misc/mediatek/connectivity/Kconfig,,0,not-observed,support-code,no,no,none-observed,none-observed,not-derived-from-source,support-code-only,
drivers/misc/mediatek,drivers/misc/mediatek/connectivity/common/wmt_build_in_adapter.c,e28de1608bd3649f616886ddf8841c6aacb5cfbcadd6a0a2708fc77467d15236,drivers/misc/mediatek/connectivity/Kconfig,,0,not-observed,support-code,no,no,none-observed,none-observed,not-derived-from-source,support-code-only,
drivers/misc/mediatek,drivers/misc/mediatek/connectivity/common/wmt_build_in_adapter.h,3fab0c76009abdf2f5c418229bf27b9b4e322c91b97d32c3db03bf3b3ebb6450,drivers/misc/mediatek/connectivity/Kconfig,,0,not-observed,support-code,no,no,none-observed,none-observed,not-derived-from-source,support-code-only,
drivers/misc/mediatek,drivers/misc/mediatek/cqdma/cqdma.c,509a687ed51605386ee09cf6f4a0280b31072551c37b9dce464796669757daa6,drivers/misc/mediatek/cqdma/Kconfig,device_registration,0,not-observed,proc-sysfs-device-registration,no,no,none-observed,none-observed,not-derived-from-source,source-surface-only,device_registration:748:<file-scope>
drivers/misc/mediatek,drivers/misc/mediatek/debug_latch/lastpc/lastpc.c,c35e09e6f5915217e4aa2de7d06d7eac75e01d1e671a825dbe6555d8d7addd49,drivers/misc/mediatek/debug_latch/Kconfig,device_registration,0,not-observed,proc-sysfs-device-registration,no,no,none-observed,none-observed,not-derived-from-source,source-surface-only,device_registration:255:<file-scope>
drivers/misc/mediatek,drivers/misc/mediatek/debug_latch/lastpc/lastpc.h,539d4ad9cf51440a7a0429408f9f3ebea05cfd368d096e59d054e02c001580fd,drivers/misc/mediatek/debug_latch/Kconfig,,0,not-observed,support-code,no,no,none-observed,none-observed,not-derived-from-source,support-code-only,property_or_boot_state:28:<file-scope>
drivers/misc/mediatek,drivers/misc/mediatek/debug_latch/lastpc/mt8183/lastpc_plt.c,07a868871e0bbe5ff03f2c594ec5cfb6808ff5de9f9a07c0807d8582d053313c,drivers/misc/mediatek/debug_latch/Kconfig,,0,not-observed,support-code,no,no,none-observed,none-observed,not-derived-from-source,support-code-only,
drivers/misc/mediatek,drivers/misc/mediatek/devapc/mt8183/devapc.c,4ab9180e2833e37a975462fe3f45925a28a08890591f3d574a9f5163a5b0fce3,drivers/misc/mediatek/devapc/Kconfig,"proc_sysfs_debugfs_registration,device_registration",1,not-observed,secure-world-marker,yes,no,none-observed,none-observed,not-derived-from-source,source-surface-only,secure_world:999:<file-scope>; user_copy:1016:<file-scope>; device_registration:1078:<file-scope>; proc_sysfs_debugfs_registration:1092:<file-scope>
drivers/misc/mediatek,drivers/misc/mediatek/devapc/mt8183/devapc.h,14793bd27f51542dede9be118ffb76850ee54f576eda044e4b2eacace4a58638,drivers/misc/mediatek/devapc/Kconfig,,0,not-observed,support-code,no,no,none-observed,none-observed,not-derived-from-source,support-code-only,
drivers/misc/mediatek,drivers/misc/mediatek/devinfo/devinfo.c,8c8b09531fb534c757e00eb02dbec91e4f207d4c8bef5458e2fed418779a4214,drivers/misc/mediatek/Kconfig,"ioctl_entry,proc_sysfs_debugfs_registration,device_registration",4,not-observed,ioctl-or-user-copy,no,no,none-observed,none-observed,not-derived-from-source,source-surface-only,ioctl_entry:25:<file-scope>; ioctl_entry:157:<file-scope>; ioctl_entry:159:<file-scope>; user_copy:203:<file-scope>; user_copy:205:<file-scope>; user_copy:214:<file-scope>; user_copy:218:<file-scope>; device_registration:253:<file-scope>; device_registration:259:<file-scope>; device_registration:270:<file-scope>; device_registration:278:<file-scope>; proc_sysfs_debugfs_registration:288:<file-scope>
drivers/misc/mediatek,drivers/misc/mediatek/devinfo/devinfo.h,2a045246a53f8fc572e559e1d9c4d39a1fd51f7a26aafcc8b458db4f9cecd687,drivers/misc/mediatek/Kconfig,ioctl_entry,0,not-observed,ioctl-or-user-copy,no,no,none-observed,none-observed,not-derived-from-source,source-surface-only,ioctl_entry:29:<file-scope>
drivers/misc/mediatek,drivers/misc/mediatek/dfrc/dfrc.c,1849c38a9659947fc5942212747536cdaeaeb2901bc9a5e3bdea3242c6b66b65,drivers/misc/mediatek/dfrc/Kconfig,"ioctl_entry,proc_sysfs_debugfs_registration,device_registration",16,not-observed,ioctl-or-user-copy,no,no,none-observed,none-observed,not-derived-from-source,source-surface-only,user_copy:542:<file-scope>; user_copy:889:<file-scope>; user_copy:899:<file-scope>; user_copy:910:<file-scope>; user_copy:920:<file-scope>; user_copy:928:<file-scope>; user_copy:940:<file-scope>; user_copy:945:<file-scope>; user_copy:952:<file-scope>; user_copy:957:<file-scope>; user_copy:965:<file-scope>; user_copy:972:<file-scope>
drivers/misc/mediatek,drivers/misc/mediatek/dfrc/dfrc.h,7ce964e87f936a909af43cfb4777fe31b0940dc917dcb388a465c93dc3a41b1f,drivers/misc/mediatek/dfrc/Kconfig,ioctl_entry,0,not-observed,ioctl-or-user-copy,no,no,none-observed,none-observed,not-derived-from-source,source-surface-only,ioctl_entry:13:<file-scope>
drivers/misc/mediatek,drivers/misc/mediatek/dfrc/dfrc_drv.h,7cc1c892a5d73d7b73f57b43bccbe550ac46bad6dc9fad6f55762102a965d1ef,drivers/misc/mediatek/dfrc/Kconfig,ioctl_entry,0,not-observed,ioctl-or-user-copy,no,no,none-observed,none-observed,not-derived-from-source,source-surface-only,ioctl_entry:15:<file-scope>; ioctl_entry:118:<file-scope>; ioctl_entry:119:<file-scope>; ioctl_entry:120:<file-scope>; ioctl_entry:121:<file-scope>; ioctl_entry:122:<file-scope>; ioctl_entry:123:<file-scope>; ioctl_entry:124:<file-scope>; ioctl_entry:125:<file-scope>; ioctl_entry:126:<file-scope>; ioctl_entry:127:<file-scope>; ioctl_entry:128:<file-scope>
drivers/misc/mediatek,drivers/misc/mediatek/dramc/dramc.c,cf7042144f94eb8dea424996efd4538df482193a2bfae6333e3115fa6f1b602d,drivers/misc/mediatek/dramc/Kconfig,,0,not-observed,support-code,no,no,none-observed,none-observed,not-derived-from-source,support-code-only,
drivers/misc/mediatek,drivers/misc/mediatek/dramc/dramc.h,a7eb4fff4726caf6088367ff5d1e5ef1ab50682a9bf1d8a303aae660abf90ca7,drivers/misc/mediatek/dramc/Kconfig,,0,not-observed,support-code,no,no,none-observed,none-observed,not-derived-from-source,support-code-only,
drivers/misc/mediatek,drivers/misc/mediatek/dramc/mtk_lastdramc.c,7e422ec57522bd64b7b13574676ec8b652d86caee7654071bd788c129efe5e2d,drivers/misc/mediatek/dramc/Kconfig,device_registration,0,not-observed,proc-sysfs-device-registration,no,no,none-observed,none-observed,not-derived-from-source,source-surface-only,device_registration:259:<file-scope>
drivers/misc/mediatek,drivers/misc/mediatek/dramc/mtk_memtest.c,8675279aafe4529aa1fdef4602cc5b67b294b349e33ef5f57b2b7a81d68944be,drivers/misc/mediatek/dramc/Kconfig,"ioctl_entry,proc_sysfs_debugfs_registration",4,not-observed,ioctl-or-user-copy,no,no,none-observed,none-observed,not-derived-from-source,source-surface-only,user_copy:362:<file-scope>; user_copy:371:<file-scope>; ioctl_entry:382:<file-scope>; user_copy:522:<file-scope>; user_copy:527:<file-scope>; ioctl_entry:535:<file-scope>; proc_sysfs_debugfs_registration:724:<file-scope>; proc_sysfs_debugfs_registration:730:<file-scope>; proc_sysfs_debugfs_registration:737:<file-scope>; proc_sysfs_debugfs_registration:744:<file-scope>; proc_sysfs_debugfs_registration:751:<file-scope>; proc_sysfs_debugfs_registration:759:<file-scope>
drivers/misc/mediatek,drivers/misc/mediatek/dramc/mt8183/mtk_dramc.c,f6c1ac1df547bd58b8107f302826ec7485cb88dd9174ff5d193285c942c111c0,drivers/misc/mediatek/dramc/Kconfig,device_registration,0,not-observed,proc-sysfs-device-registration,no,no,none-observed,none-observed,not-derived-from-source,source-surface-only,property_or_boot_state:1848:<file-scope>; property_or_boot_state:1855:<file-scope>; property_or_boot_state:1863:<file-scope>; device_registration:1905:<file-scope>
drivers/misc/mediatek,drivers/misc/mediatek/dramc/mt8183/mtk_dramc.h,aa237598d50869018af450b50c8970bf98205af36ab9050e0ea3991f6b7c1de2,drivers/misc/mediatek/dramc/Kconfig,,0,not-observed,support-code,no,no,none-observed,none-observed,not-derived-from-source,support-code-only,property_or_boot_state:117:<file-scope>
drivers/misc/mediatek,drivers/misc/mediatek/dynamic_boost/dynamic_boost.c,a0a2713c232e9e2ba24b879d687733d9656a37487b97ae0c5ad70ebd09c2fbeb,drivers/misc/mediatek/dynamic_boost/Kconfig,"proc_sysfs_debugfs_registration,device_registration",0,not-observed,proc-sysfs-device-registration,no,no,none-observed,none-observed,not-derived-from-source,source-surface-only,property_or_boot_state:30:<file-scope>; proc_sysfs_debugfs_registration:320:<file-scope>; device_registration:320:<file-scope>; device_registration:480:<file-scope>
drivers/misc/mediatek,drivers/misc/mediatek/dynamic_boost/dynamic_boost.h,2fcd86396a6e7ecdb0604888bd34f09d453b48d66d62b536a65064521ce051e0,drivers/misc/mediatek/dynamic_boost/Kconfig,,0,not-observed,support-code,no,no,none-observed,none-observed,not-derived-from-source,support-code-only,
drivers/misc/mediatek,drivers/misc/mediatek/emi/emi_ctrl_v1.c,8131e903f16460d7fd02cc026ddadea357b8310f55b56f14738fce0a7abafe0a,drivers/misc/mediatek/emi/Kconfig,device_registration,0,not-observed,proc-sysfs-device-registration,no,no,none-observed,none-observed,not-derived-from-source,source-surface-only,device_registration:165:<file-scope>
drivers/misc/mediatek,drivers/misc/mediatek/emi/emi_ctrl_v1.h,59edf2c75f9769e50af3440ef0d6e027ef3fbf477bf386bb411515fd9d928c3b,drivers/misc/mediatek/emi/Kconfig,,0,not-observed,support-code,no,no,none-observed,none-observed,not-derived-from-source,support-code-only,
drivers/misc/mediatek,drivers/misc/mediatek/emi/mt8183/bwl_platform.c,c1f9f1be9acd349a90ffc46603d3cfb242f12e8b0dff97881c693d301f01329d,drivers/misc/mediatek/emi/Kconfig,,0,not-observed,support-code,no,no,none-observed,none-observed,not-derived-from-source,support-code-only,
drivers/misc/mediatek,drivers/misc/mediatek/emi/mt8183/bwl_platform.h,be2f20c1eda5a1a58042fc30e7290ee8fdc867b27ee925925d6e2822e85fe286,drivers/misc/mediatek/emi/Kconfig,,0,not-observed,support-code,no,no,none-observed,none-observed,not-derived-from-source,support-code-only,
drivers/misc/mediatek,drivers/misc/mediatek/emi/mt8183/bwl_scenario.h,59978c2a000e43e7f05d7f9e346db3abee11b9387f519c95919e4befff481750,drivers/misc/mediatek/emi/Kconfig,,0,not-observed,support-code,no,no,none-observed,none-observed,not-derived-from-source,support-code-only,
drivers/misc/mediatek,drivers/misc/mediatek/emi/mt8183/mpu_platform.c,c16fb2f11410dd5c199da01065847bbe5f36966125165b8581ba5b8a3e7913cf,drivers/misc/mediatek/emi/Kconfig,,0,not-observed,support-code,no,no,none-observed,none-observed,not-derived-from-source,support-code-only,
drivers/misc/mediatek,drivers/misc/mediatek/emi/mt8183/mpu_platform.h,c5118a9380fe98c45d5b6844e323c752e575e810e7f2d22fe74186b030dd311b,drivers/misc/mediatek/emi/Kconfig,,0,not-observed,support-code,no,no,none-observed,none-observed,not-derived-from-source,support-code-only,
drivers/misc/mediatek,drivers/misc/mediatek/emi/mt8183/mt_emi.h,76f7c6b803375e57c79fe4b9801d2466b6560ce28bc2eaa0423c5d3a9f3640e7,drivers/misc/mediatek/emi/Kconfig,,0,not-observed,support-code,no,no,none-observed,none-observed,not-derived-from-source,support-code-only,
drivers/misc/mediatek,drivers/misc/mediatek/emi/mt8183/mt_emi_api.h,2ffb3f7b624c225ca24acce16642658fa0729cce570fe28386ee24ac69444980,drivers/misc/mediatek/emi/Kconfig,,0,not-observed,support-code,no,no,none-observed,none-observed,not-derived-from-source,support-code-only,
drivers/misc/mediatek,drivers/misc/mediatek/emi/mt8183/plat_debug_api.c,4a6e8e52c18c97b0e03a9a90bbc5069e5bbcd7f8054389100491ad990a27c824,drivers/misc/mediatek/emi/Kconfig,,0,not-observed,support-code,no,no,none-observed,none-observed,not-derived-from-source,support-code-only,
drivers/misc/mediatek,drivers/misc/mediatek/emi/submodule/bwl_v1.c,72d4fcc24ac4b5e59f83751cee0e698e1ef61a9094d582b979581fb749fe88fc,drivers/misc/mediatek/emi/Kconfig,,0,not-observed,support-code,no,no,none-observed,none-observed,not-derived-from-source,support-code-only,
drivers/misc/mediatek,drivers/misc/mediatek/emi/submodule/bwl_v1.h,abe69cdb6501692adc49697c534571dee2a311c9fa8d887c7a172c118b7f66fa,drivers/misc/mediatek/emi/Kconfig,,0,not-observed,support-code,no,no,none-observed,none-observed,not-derived-from-source,support-code-only,
drivers/misc/mediatek,drivers/misc/mediatek/emi/submodule/elm_v1.h,25e16f5a0382f554086c76ff245d77978c08e94d654f70743cb595a1fede3cf9,drivers/misc/mediatek/emi/Kconfig,,0,not-observed,support-code,no,no,none-observed,none-observed,not-derived-from-source,support-code-only,
drivers/misc/mediatek,drivers/misc/mediatek/emi/submodule/elm_v2.c,c0f9fbce4ee14c0cbd4a524849c14f5f2ca95d475a5202343759d592d446cbc3,drivers/misc/mediatek/emi/Kconfig,proc_sysfs_debugfs_registration,1,not-observed,ioctl-or-user-copy,no,no,none-observed,none-observed,not-derived-from-source,source-surface-only,user_copy:45:<file-scope>; proc_sysfs_debugfs_registration:89:<file-scope>; proc_sysfs_debugfs_registration:95:<file-scope>
drivers/misc/mediatek,drivers/misc/mediatek/emi/submodule/mpu_v1.c,851578aa3d1bda62578b6d4a19029a165bf0ebc55b2b9b1098f4c328c1ba2891,drivers/misc/mediatek/emi/Kconfig,,0,not-observed,support-code,no,no,none-observed,none-observed,not-derived-from-source,support-code-only,
drivers/misc/mediatek,drivers/misc/mediatek/emi/submodule/mpu_v1.h,159ae382051bf9fd6499dd3654543933e00bb1feaa6d0aecc51b90a522cb8b8c,drivers/misc/mediatek/emi/Kconfig,,0,not-observed,support-code,no,no,none-observed,none-observed,not-derived-from-source,support-code-only,
drivers/misc/mediatek,drivers/misc/mediatek/emi/submodule/pasr_api_v1.c,893d6950112263679370670f0d104c3015189dda0f4f823d833b114a86bd9192,drivers/misc/mediatek/emi/Kconfig,,0,not-observed,support-code,no,no,none-observed,none-observed,not-derived-from-source,support-code-only,
drivers/misc/mediatek,drivers/misc/mediatek/emi/submodule/pasr_api_v1.h,5a403cd2e3b35b10ff9827dcf5c6b839fed77af0e757dcfe91ead1b6e20c7ff4,drivers/misc/mediatek/emi/Kconfig,,0,not-observed,support-code,no,no,none-observed,none-observed,not-derived-from-source,support-code-only,
drivers/misc/mediatek,drivers/misc/mediatek/es_reg/mtk_es_reg.c,3ef1c87ed5b8332723caace7079a39983de46350b88eff8a1176a685c610d90b,drivers/misc/mediatek/es_reg/Kconfig,proc_sysfs_debugfs_registration,0,not-observed,proc-sysfs-device-registration,no,no,none-observed,none-observed,not-derived-from-source,source-surface-only,proc_sysfs_debugfs_registration:54:<file-scope>
drivers/misc/mediatek,drivers/misc/mediatek/es_reg/mt8183/mtk_es_reg_platform.c,d84746eb4c480ea04c79b2cbac6e7c0c94cfb4d989a4f669c4761efff1104ee1,drivers/misc/mediatek/es_reg/Kconfig,,0,not-observed,support-code,no,no,none-observed,none-observed,not-derived-from-source,support-code-only,
drivers/misc/mediatek,drivers/misc/mediatek/ext_disp/include/mtk_extd_mgr.h,5bf04a13c2a20b08890be28346c31dd6c91d9c692dc91a6f9e04786384dd9659,drivers/misc/mediatek/ext_disp/Kconfig,ioctl_entry,0,not-observed,ioctl-or-user-copy,no,no,none-observed,none-observed,not-derived-from-source,source-surface-only,ioctl_entry:28:<file-scope>; ioctl_entry:29:<file-scope>; ioctl_entry:30:<file-scope>; ioctl_entry:31:<file-scope>; ioctl_entry:33:<file-scope>; ioctl_entry:34:<file-scope>; ioctl_entry:35:<file-scope>; ioctl_entry:36:<file-scope>; ioctl_entry:37:<file-scope>; ioctl_entry:38:<file-scope>; ioctl_entry:40:<file-scope>; ioctl_entry:42:<file-scope>
drivers/misc/mediatek,drivers/misc/mediatek/ext_disp/mt8183/dummy.c,1d81a31f32ae1d43a56c2b4e25eff80fbe190fbdedd6196635203e014cf13943,drivers/misc/mediatek/ext_disp/Kconfig,,0,not-observed,support-code,no,no,none-observed,none-observed,not-derived-from-source,support-code-only,
drivers/misc/mediatek,drivers/misc/mediatek/ext_disp/mt8183/extd_debug.c,419e0243b83363e081c291d0a710cbb8f782cf3d94c095886075c24fc1e1c76d,drivers/misc/mediatek/ext_disp/Kconfig,proc_sysfs_debugfs_registration,1,not-observed,ioctl-or-user-copy,no,no,none-observed,none-observed,not-derived-from-source,source-surface-only,user_copy:435:<file-scope>; proc_sysfs_debugfs_registration:455:<file-scope>
drivers/misc/mediatek,drivers/misc/mediatek/ext_disp/mt8183/extd_epd.c,2909cfdfb9386ba7b6803d89453a50901c3400505b8de70551a5d35ffb7f4934,drivers/misc/mediatek/ext_disp/Kconfig,ioctl_entry,2,not-observed,ioctl-or-user-copy,no,no,none-observed,none-observed,not-derived-from-source,source-surface-only,ioctl_entry:212:<file-scope>; user_copy:216:<file-scope>; user_copy:232:<file-scope>; ioctl_entry:376:<file-scope>
drivers/misc/mediatek,drivers/misc/mediatek/ext_disp/mt8183/extd_factory.c,de7d7b633bc5488c50b5822f2cbd6db6ee030b3c364dd6142a03305390930989,drivers/misc/mediatek/ext_disp/Kconfig,ioctl_entry,1,not-observed,ioctl-or-user-copy,no,no,none-observed,none-observed,not-derived-from-source,source-surface-only,user_copy:242:<file-scope>; ioctl_entry:321:<file-scope>; ioctl_entry:346:<file-scope>
drivers/misc/mediatek,drivers/misc/mediatek/ext_disp/mt8183/extd_factory.h,d0fc293ca9449b3f6c278b541905f7e1c08674fc216b0c823e2c760003974b97,drivers/misc/mediatek/ext_disp/Kconfig,,0,not-observed,support-code,no,no,none-observed,none-observed,not-derived-from-source,support-code-only,
drivers/misc/mediatek,drivers/misc/mediatek/ext_disp/mt8183/extd_hdmi.c,68e6127c42419a3ee663f4ca4e88355f854ab01a868505f7ec890aca7fb305f9,drivers/misc/mediatek/ext_disp/Kconfig,ioctl_entry,4,not-observed,ioctl-or-user-copy,no,no,none-observed,none-observed,not-derived-from-source,source-surface-only,ioctl_entry:498:<file-scope>; ioctl_entry:531:<file-scope>; ioctl_entry:1021:<file-scope>; user_copy:1028:<file-scope>; user_copy:1060:<file-scope>; user_copy:1131:<file-scope>; ioctl_entry:1149:<file-scope>; user_copy:1175:<file-scope>; property_or_boot_state:1277:<file-scope>; property_or_boot_state:1306:<file-scope>; property_or_boot_state:1307:<file-scope>; ioctl_entry:1354:<file-scope>
drivers/misc/mediatek,drivers/misc/mediatek/ext_disp/mt8183/extd_hdmi.h,2fa75d2a01629fffc1dacf518b5812fb333bd4f8f253493714c27f326db99e52,drivers/misc/mediatek/ext_disp/Kconfig,,0,not-observed,support-code,no,no,none-observed,none-observed,not-derived-from-source,support-code-only,
drivers/misc/mediatek,drivers/misc/mediatek/ext_disp/mt8183/extd_hdmi_types.h,f4ebfe18b209dafca05fe34d62eaf5c50820d3c5e1c70540da8204963ccb8077,drivers/misc/mediatek/ext_disp/Kconfig,,0,not-observed,support-code,no,no,none-observed,none-observed,not-derived-from-source,support-code-only,
drivers/misc/mediatek,drivers/misc/mediatek/ext_disp/mt8183/extd_info.h,14e64aac3b1c7367ecb559e3d1d6119d0aec6b34d48f7868e09056fc60766f8d,drivers/misc/mediatek/ext_disp/Kconfig,ioctl_entry,0,not-observed,ioctl-or-user-copy,no,no,none-observed,none-observed,not-derived-from-source,source-surface-only,ioctl_entry:83:<file-scope>
drivers/misc/mediatek,drivers/misc/mediatek/ext_disp/mt8183/extd_lcm.c,8b75442bbef89e6b4569b1ca4618e624e7feb622c7531282aee845d5fc27ac18,drivers/misc/mediatek/ext_disp/Kconfig,ioctl_entry,0,not-observed,ioctl-or-user-copy,no,no,none-observed,none-observed,not-derived-from-source,source-surface-only,ioctl_entry:173:<file-scope>
drivers/misc/mediatek,drivers/misc/mediatek/ext_disp/mt8183/extd_log.h,1f068768167fd46ea7b5cfad497709c06783d39a918460c593531a81020ce5f2,drivers/misc/mediatek/ext_disp/Kconfig,,0,not-observed,support-code,no,no,none-observed,none-observed,not-derived-from-source,support-code-only,
drivers/misc/mediatek,drivers/misc/mediatek/ext_disp/mt8183/extd_multi_control.c,c03855ce9af143d97b9165fb85b3ae85ba5fb30b0f394ff3f9f7acd00f794a04,drivers/misc/mediatek/ext_disp/Kconfig,ioctl_entry,0,not-observed,ioctl-or-user-copy,no,no,none-observed,none-observed,not-derived-from-source,source-surface-only,ioctl_entry:68:<file-scope>; ioctl_entry:69:<file-scope>; ioctl_entry:80:<file-scope>; ioctl_entry:81:<file-scope>
drivers/misc/mediatek,drivers/misc/mediatek/ext_disp/mt8183/extd_multi_control.h,621837bcaeadd8ebf91107027d707293bfa63228ce123f584d51f2b74366bd84,drivers/misc/mediatek/ext_disp/Kconfig,,0,not-observed,support-code,no,no,none-observed,none-observed,not-derived-from-source,support-code-only,
drivers/misc/mediatek,drivers/misc/mediatek/ext_disp/mt8183/extd_platform.h,103bf81ee34d87fe697c150bc2a15ae11fc82fd3bd19cc8f51af13065cc8a5eb,drivers/misc/mediatek/ext_disp/Kconfig,,0,not-observed,support-code,no,no,none-observed,none-observed,not-derived-from-source,support-code-only,
drivers/misc/mediatek,drivers/misc/mediatek/ext_disp/mt8183/extd_utils.c,2157a0b13369770d224fb7aaa9b552a3e57e6c04a9ce90798ffe4f17921f2e92,drivers/misc/mediatek/ext_disp/Kconfig,ioctl_entry,0,not-observed,ioctl-or-user-copy,no,no,none-observed,none-observed,not-derived-from-source,source-surface-only,ioctl_entry:209:<file-scope>
drivers/misc/mediatek,drivers/misc/mediatek/ext_disp/mt8183/extd_utils.h,39c85738da2d12215b609684a54c9f35c5a20620d06abc42285b9798644ee645,drivers/misc/mediatek/ext_disp/Kconfig,ioctl_entry,0,not-observed,ioctl-or-user-copy,no,no,none-observed,none-observed,not-derived-from-source,source-surface-only,ioctl_entry:17:<file-scope>
drivers/misc/mediatek,drivers/misc/mediatek/ext_disp/mt8183/external_display.c,65e9943489012d05149421dee0a6b13239a9f1e5b97e54a15398a94c881dec07,drivers/misc/mediatek/ext_disp/Kconfig,,0,not-observed,support-code,no,no,none-observed,none-observed,not-derived-from-source,support-code-only,
drivers/misc/mediatek,drivers/misc/mediatek/ext_disp/mt8183/external_display.h,59ea084c6d782bd2680e80c6063ed7c10ee631c808fe4b7ec8ffb9da27729f4f,drivers/misc/mediatek/ext_disp/Kconfig,,0,not-observed,support-code,no,no,none-observed,none-observed,not-derived-from-source,support-code-only,
drivers/misc/mediatek,drivers/misc/mediatek/ext_disp/mt8183/mtk_extd_mgr.c,b200146e41ba09fb7499de47ce783eed07d266042d1a6e873f4d6443f6833331,drivers/misc/mediatek/ext_disp/Kconfig,"ioctl_entry,device_registration",1,not-observed,ioctl-or-user-copy,no,no,none-observed,none-observed,not-derived-from-source,source-surface-only,ioctl_entry:136:<file-scope>; user_copy:209:<file-scope>; ioctl_entry:319:<file-scope>; ioctl_entry:326:<file-scope>; ioctl_entry:363:<file-scope>; ioctl_entry:365:<file-scope>; device_registration:386:<file-scope>; device_registration:397:<file-scope>; device_registration:400:<file-scope>; device_registration:402:<file-scope>; device_registration:546:<file-scope>
drivers/misc/mediatek,drivers/misc/mediatek/ext_disp/mt8183/test/dpi_dvt_test.h,b3c817a16ed1a4ec08174bdd422d6e5ee65fb9fa3482b0297bb2c6e23bdb6f69,drivers/misc/mediatek/ext_disp/Kconfig,,0,not-observed,support-code,no,no,none-observed,none-observed,not-derived-from-source,support-code-only,
drivers/misc/mediatek,drivers/misc/mediatek/ext_gic/mtk-gic-v3-extend.c,b5aa97fd3a8791c752a8900fae31c29644e929a20ce64d9d03491b73b11dcf14,drivers/misc/mediatek/ext_gic/Kconfig,,0,not-observed,secure-world-marker,yes,no,none-observed,none-observed,not-derived-from-source,support-code-only,secure_world:431:<file-scope>; secure_world:487:<file-scope>
drivers/misc/mediatek,drivers/misc/mediatek/ext_gic/mt8183/plat_sw_mode.c,0ab8d4a7462840868373c470397650cd578dfa73ab65da1d6f5a2ca879449046,drivers/misc/mediatek/ext_gic/Kconfig,,0,not-observed,support-code,no,no,none-observed,none-observed,not-derived-from-source,support-code-only,
drivers/misc/mediatek,drivers/misc/mediatek/flashlight/richtek/rt-flashlight.h,f66a8a1718d7d874ac3b69c30d84458d13898f358aaa2354bb50e554b1722c66,drivers/misc/mediatek/flashlight/richtek/Kconfig,,0,not-observed,support-code,no,no,none-observed,none-observed,not-derived-from-source,support-code-only,
drivers/misc/mediatek,drivers/misc/mediatek/flashlight/richtek/rtfled.h,921bb6dfb6b6713efc776924ad906f59ea1ccc819e69514189630ebcfef0b8fb,drivers/misc/mediatek/flashlight/richtek/Kconfig,,0,not-observed,support-code,no,no,none-observed,none-observed,not-derived-from-source,support-code-only,
drivers/misc/mediatek,drivers/misc/mediatek/freqhopping/mtk_freqhopping_drv.c,ba614c212cd8ca474ff0cbfb17d3c60a8371a492fd4547f5bbe784ec361c2482,drivers/misc/mediatek/freqhopping/Kconfig,"ioctl_entry,proc_sysfs_debugfs_registration,device_registration",3,not-observed,ioctl-or-user-copy,no,no,none-observed,none-observed,not-derived-from-source,source-surface-only,device_registration:59:<file-scope>; ioctl_entry:194:<file-scope>; user_copy:263:<file-scope>; user_copy:361:<file-scope>; ioctl_entry:397:<file-scope>; user_copy:421:<file-scope>; proc_sysfs_debugfs_registration:557:<file-scope>; proc_sysfs_debugfs_registration:566:<file-scope>; proc_sysfs_debugfs_registration:580:<file-scope>; proc_sysfs_debugfs_registration:592:<file-scope>; proc_sysfs_debugfs_registration:606:<file-scope>; proc_sysfs_debugfs_registration:620:<file-scope>
drivers/misc/mediatek,drivers/misc/mediatek/freqhopping/mt8183/mtk_freqhopping_sspm.c,8b28dfb304ac40f57b5cf91c3f8470b9c072bc2e009e6bd72ac805baaa799455,drivers/misc/mediatek/freqhopping/Kconfig,ioctl_entry,0,not-observed,ioctl-or-user-copy,no,no,none-observed,none-observed,not-derived-from-source,source-surface-only,ioctl_entry:971:<file-scope>
drivers/misc/mediatek,drivers/misc/mediatek/gcpu/mt8xxx/gcpu.c,2c8dc559fc77aa1ae609c401f0b11e15e50dd7a6fd3b34fc05efe2871a196e0c,drivers/misc/mediatek/Kconfig,device_registration,0,not-observed,secure-world-marker,yes,no,none-observed,none-observed,not-derived-from-source,source-surface-only,secure_world:28:<file-scope>; secure_world:29:<file-scope>; secure_world:54:<file-scope>; secure_world:56:<file-scope>; secure_world:57:<file-scope>; secure_world:61:<file-scope>; secure_world:62:<file-scope>; secure_world:63:<file-scope>; secure_world:68:<file-scope>; secure_world:69:<file-scope>; secure_world:70:<file-scope>; secure_world:77:<file-scope>
drivers/misc/mediatek,drivers/misc/mediatek/geniezone/gz_main.c,04e863365a26c5b0f54bb4631e08d51e2977e918ee0cec549be30c4e5b5a06a2,drivers/misc/mediatek/geniezone/Kconfig,"ioctl_entry,proc_sysfs_debugfs_registration,device_registration",31,not-observed,secure-world-marker,yes,no,none-observed,none-observed,not-derived-from-source,source-surface-only,property_or_boot_state:21:<file-scope>; secure_world:34:<file-scope>; secure_world:35:<file-scope>; secure_world:36:<file-scope>; secure_world:37:<file-scope>; secure_world:40:<file-scope>; secure_world:67:<file-scope>; secure_world:84:<file-scope>; secure_world:86:<file-scope>; secure_world:87:<file-scope>; secure_world:88:<file-scope>; secure_world:89:<file-scope>
drivers/misc/mediatek,drivers/misc/mediatek/gpu/ged/include/config_kernel_eng.h,87406ec17a92ba54495cc22bd23d503021be3c77c0894810cf0d57945dd006d9,drivers/misc/mediatek/gpu/Kconfig,,0,not-observed,support-code,no,no,none-observed,none-observed,not-derived-from-source,support-code-only,
drivers/misc/mediatek,drivers/misc/mediatek/gpu/ged/include/ged.h,fa3245e1d4f006b7b2977ab35e262e159786acdb726c36a41287d98ca79b4a3b,drivers/misc/mediatek/gpu/Kconfig,,0,not-observed,support-code,no,no,none-observed,none-observed,not-derived-from-source,support-code-only,
drivers/misc/mediatek,drivers/misc/mediatek/gpu/ged/include/ged_base.h,e13b30010515cd43a03fd9224be48478f9e1ee338c5ca2eb4d1bd762b389a82f,drivers/misc/mediatek/gpu/Kconfig,,0,not-observed,support-code,no,no,none-observed,none-observed,not-derived-from-source,support-code-only,
drivers/misc/mediatek,drivers/misc/mediatek/gpu/ged/include/ged_bridge.h,27501a6c3d2f0b68a780e62deadc3ae743a4832979a8764f9b3f49f8610cc946,drivers/misc/mediatek/gpu/Kconfig,,0,not-observed,support-code,no,no,none-observed,none-observed,not-derived-from-source,support-code-only,
drivers/misc/mediatek,drivers/misc/mediatek/gpu/ged/include/ged_bridge_id.h,b1d74909caa800cdcefd60f3907fa1e68f552d1614958a68dd46646c0ab1bf4f,drivers/misc/mediatek/gpu/Kconfig,ioctl_entry,0,not-observed,ioctl-or-user-copy,no,no,none-observed,none-observed,not-derived-from-source,source-surface-only,ioctl_entry:34:<file-scope>; ioctl_entry:35:<file-scope>; ioctl_entry:36:<file-scope>; ioctl_entry:37:<file-scope>; ioctl_entry:66:<file-scope>; ioctl_entry:67:<file-scope>; ioctl_entry:68:<file-scope>; ioctl_entry:69:<file-scope>; ioctl_entry:70:<file-scope>; ioctl_entry:71:<file-scope>; ioctl_entry:72:<file-scope>; ioctl_entry:73:<file-scope>
drivers/misc/mediatek,drivers/misc/mediatek/gpu/ged/include/ged_debugFS.h,3ccf141dfbbd3cdb728dfb65b129fbbb79b470c953dedd753a31f17557529e44,drivers/misc/mediatek/gpu/Kconfig,,0,not-observed,support-code,no,no,none-observed,none-observed,not-derived-from-source,support-code-only,
drivers/misc/mediatek,drivers/misc/mediatek/gpu/ged/include/ged_dvfs.h,a900736ce7fe619431fef27e4d8e3223b3a048384eaadf8039be360ba2284d0b,drivers/misc/mediatek/gpu/Kconfig,,0,not-observed,support-code,no,no,none-observed,none-observed,not-derived-from-source,support-code-only,
drivers/misc/mediatek,drivers/misc/mediatek/gpu/ged/include/ged_fdvfs.h,ddc42b5e22ea27a88bb08b34332f98b43cb560403bb6b6e38f6b72f1c3a52319,drivers/misc/mediatek/gpu/Kconfig,,0,not-observed,support-code,no,no,none-observed,none-observed,not-derived-from-source,support-code-only,
drivers/misc/mediatek,drivers/misc/mediatek/gpu/ged/include/ged_frr.h,ffd4a75bcf4d2e82fe663b6b751d868a2fb4339b5bacf355f71315b875f9a6f4,drivers/misc/mediatek/gpu/Kconfig,,0,not-observed,support-code,no,no,none-observed,none-observed,not-derived-from-source,support-code-only,
drivers/misc/mediatek,drivers/misc/mediatek/gpu/ged/include/ged_hal.h,c019ca843c099e6c201f4dfc8a39260bd8f0209d4b23fda2176e1d4ad2deae91,drivers/misc/mediatek/gpu/Kconfig,,0,not-observed,support-code,no,no,none-observed,none-observed,not-derived-from-source,support-code-only,
drivers/misc/mediatek,drivers/misc/mediatek/gpu/ged/include/ged_hashtable.h,4db750f5048202a2f1c8940e8d31ffa870d843e76c8023b2d7efb0516efa1604,drivers/misc/mediatek/gpu/Kconfig,,0,not-observed,support-code,no,no,none-observed,none-observed,not-derived-from-source,support-code-only,
drivers/misc/mediatek,drivers/misc/mediatek/gpu/ged/include/ged_kpi.h,c45e3180db8491f932ee7b4f8b5579ba0e0ea3e25122700440e2051d7a4758d2,drivers/misc/mediatek/gpu/Kconfig,,0,not-observed,support-code,no,no,none-observed,none-observed,not-derived-from-source,support-code-only,
drivers/misc/mediatek,drivers/misc/mediatek/gpu/ged/include/ged_log.h,182f63e9ec982c7cd8704b0985a96482da0be8cdfb050e8d137c7bcab78c545e,drivers/misc/mediatek/gpu/Kconfig,,0,not-observed,support-code,no,no,none-observed,none-observed,not-derived-from-source,support-code-only,
drivers/misc/mediatek,drivers/misc/mediatek/gpu/ged/include/ged_monitor_3D_fence.h,8179ec16d3d1e7316cc106f58889be79830cbeb5d09aadec2666c0f9542aa150,drivers/misc/mediatek/gpu/Kconfig,,0,not-observed,support-code,no,no,none-observed,none-observed,not-derived-from-source,support-code-only,
drivers/misc/mediatek,drivers/misc/mediatek/gpu/ged/include/ged_notify_sw_vsync.h,9196059ee23eccd3571ff6c62d8db18d7cf0080f1ae92513fed9868ef37a7bec,drivers/misc/mediatek/gpu/Kconfig,,0,not-observed,support-code,no,no,none-observed,none-observed,not-derived-from-source,support-code-only,
drivers/misc/mediatek,drivers/misc/mediatek/gpu/ged/include/ged_profile_dvfs.h,99bc4e3d0405269f50e8a44508560dc62b512f355a99b0356b68735d1aa4bab0,drivers/misc/mediatek/gpu/Kconfig,,0,not-observed,support-code,no,no,none-observed,none-observed,not-derived-from-source,support-code-only,
drivers/misc/mediatek,drivers/misc/mediatek/gpu/ged/include/ged_type.h,2bc1644cd03bac9ad1e6e93a4037a2af837cfd6a6254befc78731ca84d076445,drivers/misc/mediatek/gpu/Kconfig,,0,not-observed,support-code,no,no,none-observed,none-observed,not-derived-from-source,support-code-only,
drivers/misc/mediatek,drivers/misc/mediatek/gpu/ged/src/ged.c,4f1cf734b13d192d60e43b2ca3169021e1dc94166db427db61c5ed98d3a1a107,drivers/misc/mediatek/gpu/Kconfig,,0,not-observed,support-code,no,no,none-observed,none-observed,not-derived-from-source,support-code-only,
drivers/misc/mediatek,drivers/misc/mediatek/gpu/ged/src/ged_base.c,03cab94849253faa3e73aaaf8e93e0deb70abd3116f6d35a83c852aec16fbaf4,drivers/misc/mediatek/gpu/Kconfig,,5,not-observed,ioctl-or-user-copy,no,no,none-observed,none-observed,not-derived-from-source,source-surface-only,user_copy:33:<file-scope>; user_copy:39:<file-scope>; user_copy:46:<file-scope>; user_copy:48:<file-scope>; user_copy:52:<file-scope>
drivers/misc/mediatek,drivers/misc/mediatek/gpu/ged/src/ged_bridge.c,c319e59dd40d1e6519f6200af037addd449d3d1bd05d4d3650d26dac6611ce3b,drivers/misc/mediatek/gpu/Kconfig,,0,not-observed,support-code,no,no,none-observed,none-observed,not-derived-from-source,support-code-only,
drivers/misc/mediatek,drivers/misc/mediatek/gpu/ged/src/ged_debugFS.c,7c6530b4ecfe6c142d1fbfac7c26c9e242c511216cd295b9836958fdebea88a5,drivers/misc/mediatek/gpu/Kconfig,proc_sysfs_debugfs_registration,0,not-observed,proc-sysfs-device-registration,no,no,none-observed,none-observed,not-derived-from-source,source-surface-only,proc_sysfs_debugfs_registration:114:<file-scope>; proc_sysfs_debugfs_registration:152:<file-scope>; proc_sysfs_debugfs_registration:173:<file-scope>
drivers/misc/mediatek,drivers/misc/mediatek/gpu/ged/src/ged_dvfs.c,61a24ba461e72970892fefc240fc74d798b23ddfb18b4e2148d3f72946466b99,drivers/misc/mediatek/gpu/Kconfig,,0,not-observed,support-code,no,no,none-observed,none-observed,not-derived-from-source,support-code-only,
drivers/misc/mediatek,drivers/misc/mediatek/gpu/ged/src/ged_fdvfs.c,8f9275329e3b145fd46e3fdcf56d8f2eb38a48696a09fe9a15d9c7c0028097a3,drivers/misc/mediatek/gpu/Kconfig,,0,not-observed,support-code,no,no,none-observed,none-observed,not-derived-from-source,support-code-only,
drivers/misc/mediatek,drivers/misc/mediatek/gpu/ged/src/ged_ge.c,6b16b8ac9a2118ecb085de9fe9438a9a8ac3420bbdeea16830b630ff3e5de777,drivers/misc/mediatek/gpu/Kconfig,,0,not-observed,support-code,no,no,none-observed,none-observed,not-derived-from-source,support-code-only,
drivers/misc/mediatek,drivers/misc/mediatek/gpu/ged/src/ged_ge.h,04550615c5f0b05c201c7907659ff8a0c1ff89ca1cc18d4f08c0f9491bfe9ae8,drivers/misc/mediatek/gpu/Kconfig,,0,not-observed,support-code,no,no,none-observed,none-observed,not-derived-from-source,support-code-only,
drivers/misc/mediatek,drivers/misc/mediatek/gpu/ged/src/ged_hal.c,37cd0772c53d0d3d81af97eced85435a6fc94e9572a6ea1f672e70a6ff79a5e3,drivers/misc/mediatek/gpu/Kconfig,,0,not-observed,support-code,no,no,none-observed,none-observed,not-derived-from-source,support-code-only,
drivers/misc/mediatek,drivers/misc/mediatek/gpu/ged/src/ged_hashtable.c,1927c56bb543d4037b23894f1598867ef2c1beab7fdd6faa347af490c010ba9c,drivers/misc/mediatek/gpu/Kconfig,,0,not-observed,support-code,no,no,none-observed,none-observed,not-derived-from-source,support-code-only,
drivers/misc/mediatek,drivers/misc/mediatek/gpu/ged/src/ged_kpi.c,c290ad2c3b5206b5c87606ea1edc2ad0217419a446993f157203ba4346ff597e,drivers/misc/mediatek/gpu/Kconfig,,0,not-observed,support-code,no,no,none-observed,none-observed,not-derived-from-source,support-code-only,
drivers/misc/mediatek,drivers/misc/mediatek/gpu/ged/src/ged_log.c,2d150373cd1891534d5e425ef2adbe7bbe2b04f2e701b0a4aaaec53f084c64d7,drivers/misc/mediatek/gpu/Kconfig,,0,not-observed,secure-world-marker,yes,no,none-observed,none-observed,not-derived-from-source,support-code-only,secure_world:197:<file-scope>
drivers/misc/mediatek,drivers/misc/mediatek/gpu/ged/src/ged_main.c,95671972e22b12d0f6301c28750ebc28e371e02a75610ff62a94a90953fa30c5,drivers/misc/mediatek/gpu/Kconfig,"ioctl_entry,proc_sysfs_debugfs_registration",0,not-observed,ioctl-or-user-copy,no,no,none-observed,none-observed,not-derived-from-source,source-surface-only,ioctl_entry:342:<file-scope>; ioctl_entry:344:<file-scope>; proc_sysfs_debugfs_registration:411:<file-scope>
drivers/misc/mediatek,drivers/misc/mediatek/gpu/ged/src/ged_monitor_3D_fence.c,760340b81f0a4f38b1a3cf6b7bd9db81af6521e39d3edccef63a8bf5c6fadd6f,drivers/misc/mediatek/gpu/Kconfig,,0,not-observed,support-code,no,no,none-observed,none-observed,not-derived-from-source,support-code-only,
drivers/misc/mediatek,drivers/misc/mediatek/gpu/ged/src/ged_notify_sw_vsync.c,ba79d028a187a287ade9524d005efc19d33fb527a7d94ecba8d72ba873ec2407,drivers/misc/mediatek/gpu/Kconfig,,0,not-observed,support-code,no,no,none-observed,none-observed,not-derived-from-source,support-code-only,
drivers/misc/mediatek,drivers/misc/mediatek/gpu/ged/src/ged_profile_dvfs.c,2ff1a185ebb8001ae7b8964b698f2662299cc170f9292014e46bdc6c435eed63,drivers/misc/mediatek/gpu/Kconfig,,0,not-observed,support-code,no,no,none-observed,none-observed,not-derived-from-source,support-code-only,
drivers/misc/mediatek,drivers/misc/mediatek/gpu/ged/src/ged_thread.c,d115e4b0d40a2d3fcb6577573b7a1660c3851cd73bbf154975390d706961aaa6,drivers/misc/mediatek/gpu/Kconfig,,0,not-observed,support-code,no,no,none-observed,none-observed,not-derived-from-source,support-code-only,
drivers/misc/mediatek,drivers/misc/mediatek/gpu/ged/src/ged_thread.h,9097889b9b435e0e8e37f8a75ce61035f7d2d3a685e30692ae7d2d3216dfdb22,drivers/misc/mediatek/gpu/Kconfig,,0,not-observed,support-code,no,no,none-observed,none-observed,not-derived-from-source,support-code-only,
drivers/misc/mediatek,drivers/misc/mediatek/gpu/gpu_mali/mali_bifrost/mali-r14p0/drivers/gpu/arm/midgard/mali_base_hwconfig_features.h,da5679268f4a98f4c2dd9ec61b7b6a460491bfab4c7303f5d4ec46b45a5844d8,drivers/misc/mediatek/gpu/Kconfig,,0,not-observed,support-code,no,no,none-observed,none-observed,not-derived-from-source,support-code-only,
drivers/misc/mediatek,drivers/misc/mediatek/gpu/gpu_mali/mali_bifrost/mali-r14p0/drivers/gpu/arm/midgard/mali_base_hwconfig_issues.h,ae1326937150ecffca278fd2aab5545bf6cb1c1895781926a1ae27ac0da146ed,drivers/misc/mediatek/gpu/Kconfig,,0,not-observed,support-code,no,no,none-observed,none-observed,not-derived-from-source,support-code-only,
drivers/misc/mediatek,drivers/misc/mediatek/gpu/gpu_mali/mali_bifrost/mali-r14p0/drivers/gpu/arm/midgard/mali_base_kernel.h,d361706500d2a041cad1a4e2e3b8f774b236be4dae18f229d5e7191cb8031a69,drivers/misc/mediatek/gpu/Kconfig,ioctl_entry,0,not-observed,ioctl-or-user-copy,no,no,none-observed,none-observed,not-derived-from-source,source-surface-only,ioctl_entry:886:<file-scope>
drivers/misc/mediatek,drivers/misc/mediatek/gpu/gpu_mali/mali_bifrost/mali-r14p0/drivers/gpu/arm/midgard/mali_base_mem_priv.h,384c227caf4afc42212fbd3d52f071425e9d67c29ae6b9c1d6cafdffc1c150b7,drivers/misc/mediatek/gpu/Kconfig,,0,not-observed,support-code,no,no,none-observed,none-observed,not-derived-from-source,support-code-only,
drivers/misc/mediatek,drivers/misc/mediatek/gpu/gpu_mali/mali_bifrost/mali-r14p0/drivers/gpu/arm/midgard/mali_gputrace.c,689cee8497fe407e56989b66ac803121b7b7c1f770a7ee3f3f8679eca4f1da46,drivers/misc/mediatek/gpu/Kconfig,,0,not-observed,support-code,no,no,none-observed,none-observed,not-derived-from-source,support-code-only,
drivers/misc/mediatek,drivers/misc/mediatek/gpu/gpu_mali/mali_bifrost/mali-r14p0/drivers/gpu/arm/midgard/mali_kbase.h,2a4438e3954d87d9e0b914f5de950376a254827fc0434a27b4532d55d8f9d85e,drivers/misc/mediatek/gpu/Kconfig,,0,not-observed,uevent-or-netlink-marker,no,yes,none-observed,none-observed,not-derived-from-source,support-code-only,uevent_or_netlink:235:<file-scope>
drivers/misc/mediatek,drivers/misc/mediatek/gpu/gpu_mali/mali_bifrost/mali-r14p0/drivers/gpu/arm/midgard/mali_kbase_10969_workaround.c,682130f29cdda53782ab85b45a4e35ab65bbde2d08fa5003b1a6498becca4296,drivers/misc/mediatek/gpu/Kconfig,,0,not-observed,support-code,no,no,none-observed,none-observed,not-derived-from-source,support-code-only,
drivers/misc/mediatek,drivers/misc/mediatek/gpu/gpu_mali/mali_bifrost/mali-r14p0/drivers/gpu/arm/midgard/mali_kbase_10969_workaround.h,1e3d2c3bd1fa2c9ea59fce9019f30ef666e52115435d2b200f00039e4521f004,drivers/misc/mediatek/gpu/Kconfig,,0,not-observed,support-code,no,no,none-observed,none-observed,not-derived-from-source,support-code-only,
drivers/misc/mediatek,drivers/misc/mediatek/gpu/gpu_mali/mali_bifrost/mali-r14p0/drivers/gpu/arm/midgard/mali_kbase_as_fault_debugfs.c,e94bf2b465b08b87040150213bd74c768f187a5dd8696cb873a8706f760e2a4e,drivers/misc/mediatek/gpu/Kconfig,proc_sysfs_debugfs_registration,0,not-observed,proc-sysfs-device-registration,no,no,none-observed,none-observed,not-derived-from-source,source-surface-only,proc_sysfs_debugfs_registration:92:<file-scope>; proc_sysfs_debugfs_registration:98:<file-scope>
drivers/misc/mediatek,drivers/misc/mediatek/gpu/gpu_mali/mali_bifrost/mali-r14p0/drivers/gpu/arm/midgard/mali_kbase_as_fault_debugfs.h,66e65125668a3f5ab5eedeb836d6e3e1cead5a12da51c66eb129c7bb164c8e59,drivers/misc/mediatek/gpu/Kconfig,,0,not-observed,support-code,no,no,none-observed,none-observed,not-derived-from-source,support-code-only,
drivers/misc/mediatek,drivers/misc/mediatek/gpu/gpu_mali/mali_bifrost/mali-r14p0/drivers/gpu/arm/midgard/mali_kbase_cache_policy.c,3cf3fd4eb36ad0dc03e0b7f25d138a34ed4f4f8ef104236fefdf8e9c23c4f58c,drivers/misc/mediatek/gpu/Kconfig,,0,not-observed,support-code,no,no,none-observed,none-observed,not-derived-from-source,support-code-only,
drivers/misc/mediatek,drivers/misc/mediatek/gpu/gpu_mali/mali_bifrost/mali-r14p0/drivers/gpu/arm/midgard/mali_kbase_cache_policy.h,d831442e85eab00de65263f1cbfe309afdd6f5771c3bbaf989b43aa417918bd3,drivers/misc/mediatek/gpu/Kconfig,,0,not-observed,support-code,no,no,none-observed,none-observed,not-derived-from-source,support-code-only,
drivers/misc/mediatek,drivers/misc/mediatek/gpu/gpu_mali/mali_bifrost/mali-r14p0/drivers/gpu/arm/midgard/mali_kbase_config.c,6b197e76f792e0765f91199caecdb750d2f2da00f592c8a5a44933117d1ff717,drivers/misc/mediatek/gpu/Kconfig,,0,not-observed,support-code,no,no,none-observed,none-observed,not-derived-from-source,support-code-only,
drivers/misc/mediatek,drivers/misc/mediatek/gpu/gpu_mali/mali_bifrost/mali-r14p0/drivers/gpu/arm/midgard/mali_kbase_config.h,d20c5edd3cfae972a2f42f8d2cefe26f051ed7963215058e091f49b49589a7e4,drivers/misc/mediatek/gpu/Kconfig,,0,not-observed,support-code,no,no,none-observed,none-observed,not-derived-from-source,support-code-only,
drivers/misc/mediatek,drivers/misc/mediatek/gpu/gpu_mali/mali_bifrost/mali-r14p0/drivers/gpu/arm/midgard/mali_kbase_config_defaults.h,39dbfec3560e099f3449ed66ea342728c3bc300aa25103b7daa8cc8f23d0b777,drivers/misc/mediatek/gpu/Kconfig,,0,not-observed,support-code,no,no,none-observed,none-observed,not-derived-from-source,support-code-only,
drivers/misc/mediatek,drivers/misc/mediatek/gpu/gpu_mali/mali_bifrost/mali-r14p0/drivers/gpu/arm/midgard/mali_kbase_context.c,830f49b53b4885f4c8ca44033c7d4f849c62f372c126a97fe2c29505668c1453,drivers/misc/mediatek/gpu/Kconfig,,0,not-observed,support-code,no,no,none-observed,none-observed,not-derived-from-source,support-code-only,
drivers/misc/mediatek,drivers/misc/mediatek/gpu/gpu_mali/mali_bifrost/mali-r14p0/drivers/gpu/arm/midgard/mali_kbase_context.h,41832dc6f716ab0e380ae64f785bcaebffe2a67fa3fc9e3a1410a172cd360710,drivers/misc/mediatek/gpu/Kconfig,,0,not-observed,support-code,no,no,none-observed,none-observed,not-derived-from-source,support-code-only,
drivers/misc/mediatek,drivers/misc/mediatek/gpu/gpu_mali/mali_bifrost/mali-r14p0/drivers/gpu/arm/midgard/mali_kbase_core_linux.c,01036a5f82005206ea2e87644d3deb3b6aec158870b2aa99d822837b0bf9e9aa,drivers/misc/mediatek/gpu/Kconfig,"ioctl_entry,proc_sysfs_debugfs_registration,device_registration",14,not-observed,uevent-or-netlink-marker,no,yes,none-observed,none-observed,not-derived-from-source,source-surface-only,user_copy:320:<file-scope>; proc_sysfs_debugfs_registration:449:<file-scope>; proc_sysfs_debugfs_registration:457:<file-scope>; proc_sysfs_debugfs_registration:459:<file-scope>; user_copy:592:<file-scope>; user_copy:741:<file-scope>; ioctl_entry:751:<file-scope>; user_copy:862:<file-scope>; user_copy:962:<file-scope>; user_copy:987:<file-scope>; user_copy:1016:<file-scope>; user_copy:1054:<file-scope>
drivers/misc/mediatek,drivers/misc/mediatek/gpu/gpu_mali/mali_bifrost/mali-r14p0/drivers/gpu/arm/midgard/mali_kbase_ctx_sched.c,c2aceed50b0c7fcb4570babf2b084bd032e1deb6a431625f11a487d83b77dcb5,drivers/misc/mediatek/gpu/Kconfig,,0,not-observed,support-code,no,no,none-observed,none-observed,not-derived-from-source,support-code-only,
drivers/misc/mediatek,drivers/misc/mediatek/gpu/gpu_mali/mali_bifrost/mali-r14p0/drivers/gpu/arm/midgard/mali_kbase_ctx_sched.h,66c16d51039d3512e65e9f39138dd4f92d5a0dd992321b9b47755fd1e5967c65,drivers/misc/mediatek/gpu/Kconfig,,0,not-observed,support-code,no,no,none-observed,none-observed,not-derived-from-source,support-code-only,
drivers/misc/mediatek,drivers/misc/mediatek/gpu/gpu_mali/mali_bifrost/mali-r14p0/drivers/gpu/arm/midgard/mali_kbase_debug.c,7a56d632418c64eaf8fe6d15eafc03de286823a58f3684ad4e319d0b56bd7f3e,drivers/misc/mediatek/gpu/Kconfig,,0,not-observed,support-code,no,no,none-observed,none-observed,not-derived-from-source,support-code-only,
drivers/misc/mediatek,drivers/misc/mediatek/gpu/gpu_mali/mali_bifrost/mali-r14p0/drivers/gpu/arm/midgard/mali_kbase_debug.h,7755dc442fe79809f588d9ac64493c1b400654e87b3dbadfb92b1bb7a3a89c1d,drivers/misc/mediatek/gpu/Kconfig,,0,not-observed,support-code,no,no,none-observed,none-observed,not-derived-from-source,support-code-only,
drivers/misc/mediatek,drivers/misc/mediatek/gpu/gpu_mali/mali_bifrost/mali-r14p0/drivers/gpu/arm/midgard/mali_kbase_debug_job_fault.c,bb80ddd35ffdb92e7c03058ba97a75195d2dc84da73efffcd837b7110ebf6dc2,drivers/misc/mediatek/gpu/Kconfig,proc_sysfs_debugfs_registration,0,not-observed,proc-sysfs-device-registration,no,no,none-observed,none-observed,not-derived-from-source,source-surface-only,proc_sysfs_debugfs_registration:427:<file-scope>
drivers/misc/mediatek,drivers/misc/mediatek/gpu/gpu_mali/mali_bifrost/mali-r14p0/drivers/gpu/arm/midgard/mali_kbase_debug_job_fault.h,eefb54589637b5b7de32dd498437db9f6c685fe6c8eaf68710f0e5c2e442f77d,drivers/misc/mediatek/gpu/Kconfig,,0,not-observed,support-code,no,no,none-observed,none-observed,not-derived-from-source,support-code-only,property_or_boot_state:41:<file-scope>
drivers/misc/mediatek,drivers/misc/mediatek/gpu/gpu_mali/mali_bifrost/mali-r14p0/drivers/gpu/arm/midgard/mali_kbase_debug_mem_view.c,a2c2c1f8503d072ef9639ba884193a6925aa22606ca26c2d1da2a50a9a056cf5,drivers/misc/mediatek/gpu/Kconfig,proc_sysfs_debugfs_registration,0,not-observed,proc-sysfs-device-registration,no,no,none-observed,none-observed,not-derived-from-source,source-surface-only,property_or_boot_state:288:<file-scope>; proc_sysfs_debugfs_registration:301:<file-scope>
drivers/misc/mediatek,drivers/misc/mediatek/gpu/gpu_mali/mali_bifrost/mali-r14p0/drivers/gpu/arm/midgard/mali_kbase_debug_mem_view.h,f2305d736f62ed8a26e30757ddc41267d7c3194bf1701c3d7839f62ae99b138e,drivers/misc/mediatek/gpu/Kconfig,,0,not-observed,support-code,no,no,none-observed,none-observed,not-derived-from-source,support-code-only,
drivers/misc/mediatek,drivers/misc/mediatek/gpu/gpu_mali/mali_bifrost/mali-r14p0/drivers/gpu/arm/midgard/mali_kbase_defs.h,5308fc96fb0c0eccd35210ca929721b369bdc118af2aa5c61bb5384398901071,drivers/misc/mediatek/gpu/Kconfig,ioctl_entry,0,not-observed,ioctl-or-user-copy,no,no,none-observed,none-observed,not-derived-from-source,source-surface-only,property_or_boot_state:1038:<file-scope>; property_or_boot_state:1354:<file-scope>; ioctl_entry:1783:<file-scope>; ioctl_entry:1820:<file-scope>; ioctl_entry:1925:<file-scope>; ioctl_entry:1963:<file-scope>
drivers/misc/mediatek,drivers/misc/mediatek/gpu/gpu_mali/mali_bifrost/mali-r14p0/drivers/gpu/arm/midgard/mali_kbase_device.c,3cb358cabcb53e7bf4f5906b98702fd842c2c44bf124749071125a325e72c0ba,drivers/misc/mediatek/gpu/Kconfig,proc_sysfs_debugfs_registration,0,not-observed,proc-sysfs-device-registration,no,no,none-observed,none-observed,not-derived-from-source,source-surface-only,proc_sysfs_debugfs_registration:513:<file-scope>
drivers/misc/mediatek,drivers/misc/mediatek/gpu/gpu_mali/mali_bifrost/mali-r14p0/drivers/gpu/arm/midgard/mali_kbase_disjoint_events.c,4d15578fa0177e3ba2d3f14f31aa96bebea336b1d3911f4b086be1aec58e5c01,drivers/misc/mediatek/gpu/Kconfig,,0,not-observed,support-code,no,no,none-observed,none-observed,not-derived-from-source,support-code-only,
drivers/misc/mediatek,drivers/misc/mediatek/gpu/gpu_mali/mali_bifrost/mali-r14p0/drivers/gpu/arm/midgard/mali_kbase_dma_fence.h,9453295bddeb9b8352d9b0f5f8c0194eb4619a976722770c63bf23135aac904e,drivers/misc/mediatek/gpu/Kconfig,,0,not-observed,support-code,no,no,none-observed,none-observed,not-derived-from-source,support-code-only,
drivers/misc/mediatek,drivers/misc/mediatek/gpu/gpu_mali/mali_bifrost/mali-r14p0/drivers/gpu/arm/midgard/mali_kbase_event.c,1f9d888acc50914774b442d6e5821e61792480d2a82f93e60a92e3362821deee,drivers/misc/mediatek/gpu/Kconfig,,0,not-observed,uevent-or-netlink-marker,no,yes,none-observed,none-observed,not-derived-from-source,support-code-only,uevent_or_netlink:61:<file-scope>; uevent_or_netlink:77:<file-scope>; uevent_or_netlink:78:<file-scope>; uevent_or_netlink:93:<file-scope>; uevent_or_netlink:94:<file-scope>; uevent_or_netlink:100:<file-scope>
drivers/misc/mediatek,drivers/misc/mediatek/gpu/gpu_mali/mali_bifrost/mali-r14p0/drivers/gpu/arm/midgard/mali_kbase_gator.h,a6988a7ab14a76732a87c84b5a995304a3a2648f187a1aa3199caf67e23c733f,drivers/misc/mediatek/gpu/Kconfig,,0,not-observed,support-code,no,no,none-observed,none-observed,not-derived-from-source,support-code-only,
drivers/misc/mediatek,drivers/misc/mediatek/gpu/gpu_mali/mali_bifrost/mali-r14p0/drivers/gpu/arm/midgard/mali_kbase_gator_api.c,d2d3ce611bebc085e9a1eb95478db4b4af4f73e14f5fc0915ea7b35361c2fa92,drivers/misc/mediatek/gpu/Kconfig,,0,not-observed,support-code,no,no,none-observed,none-observed,not-derived-from-source,support-code-only,
drivers/misc/mediatek,drivers/misc/mediatek/gpu/gpu_mali/mali_bifrost/mali-r14p0/drivers/gpu/arm/midgard/mali_kbase_gator_api.h,4eb193ee17e94401d4fe2d68596f5bb002684911493ba57260aedf29d92c4419,drivers/misc/mediatek/gpu/Kconfig,,0,not-observed,support-code,no,no,none-observed,none-observed,not-derived-from-source,support-code-only,
drivers/misc/mediatek,drivers/misc/mediatek/gpu/gpu_mali/mali_bifrost/mali-r14p0/drivers/gpu/arm/midgard/mali_kbase_gator_hwcnt_names.h,ba6d6c8f359528a9a7838785db9bd0ff1ab8c37232d887f73d277e5cc2fdb95c,drivers/misc/mediatek/gpu/Kconfig,,0,not-observed,support-code,no,no,none-observed,none-observed,not-derived-from-source,support-code-only,
drivers/misc/mediatek,drivers/misc/mediatek/gpu/gpu_mali/mali_bifrost/mali-r14p0/drivers/gpu/arm/midgard/mali_kbase_gator_hwcnt_names_tgox.h,131636f47ea65d50fe8ec477465243ef3a071cc97b68436a9592e8b20afbfa64,drivers/misc/mediatek/gpu/Kconfig,,0,not-observed,support-code,no,no,none-observed,none-observed,not-derived-from-source,support-code-only,
drivers/misc/mediatek,drivers/misc/mediatek/gpu/gpu_mali/mali_bifrost/mali-r14p0/drivers/gpu/arm/midgard/mali_kbase_gator_hwcnt_names_thex.h,67423861398d2d5b88185f028167c007e25edd2fe8624fa8f708d07bcd14ee3e,drivers/misc/mediatek/gpu/Kconfig,,0,not-observed,support-code,no,no,none-observed,none-observed,not-derived-from-source,support-code-only,
drivers/misc/mediatek,drivers/misc/mediatek/gpu/gpu_mali/mali_bifrost/mali-r14p0/drivers/gpu/arm/midgard/mali_kbase_gator_hwcnt_names_tkax.h,5152ddf899e20c120ce4afc3a6e2f18ad596ca458767028a1e63f81d16bb232b,drivers/misc/mediatek/gpu/Kconfig,,0,not-observed,support-code,no,no,none-observed,none-observed,not-derived-from-source,support-code-only,
drivers/misc/mediatek,drivers/misc/mediatek/gpu/gpu_mali/mali_bifrost/mali-r14p0/drivers/gpu/arm/midgard/mali_kbase_gator_hwcnt_names_tmix.h,c831ba793736ad03a761f4bba51895af190cfc4dec7821484df4c819e8d0869b,drivers/misc/mediatek/gpu/Kconfig,,0,not-observed,support-code,no,no,none-observed,none-observed,not-derived-from-source,support-code-only,
drivers/misc/mediatek,drivers/misc/mediatek/gpu/gpu_mali/mali_bifrost/mali-r14p0/drivers/gpu/arm/midgard/mali_kbase_gator_hwcnt_names_tnox.h,2949068cf13c882b19753bd01e1c1cdbab4608d09f54250a690d78ca0db1c44c,drivers/misc/mediatek/gpu/Kconfig,,0,not-observed,support-code,no,no,none-observed,none-observed,not-derived-from-source,support-code-only,
drivers/misc/mediatek,drivers/misc/mediatek/gpu/gpu_mali/mali_bifrost/mali-r14p0/drivers/gpu/arm/midgard/mali_kbase_gator_hwcnt_names_tsix.h,8c72ccd708d6f1d5808336146f59513bb5ef30bd2f89633950cd8bdc5dc33855,drivers/misc/mediatek/gpu/Kconfig,,0,not-observed,support-code,no,no,none-observed,none-observed,not-derived-from-source,support-code-only,
drivers/misc/mediatek,drivers/misc/mediatek/gpu/gpu_mali/mali_bifrost/mali-r14p0/drivers/gpu/arm/midgard/mali_kbase_gator_hwcnt_names_ttrx.h,f05287fb90466b3bae35cc51ba165f7296beeb999efecef96e1c815f26b33452,drivers/misc/mediatek/gpu/Kconfig,,0,not-observed,support-code,no,no,none-observed,none-observed,not-derived-from-source,support-code-only,
drivers/misc/mediatek,drivers/misc/mediatek/gpu/gpu_mali/mali_bifrost/mali-r14p0/drivers/gpu/arm/midgard/mali_kbase_gpu_id.h,341ae5fcc0b6bdf8d6432bcdc0ed1df08a3f19f58a4ad1795bb2b722ffde0a8a,drivers/misc/mediatek/gpu/Kconfig,,0,not-observed,support-code,no,no,none-observed,none-observed,not-derived-from-source,support-code-only,
drivers/misc/mediatek,drivers/misc/mediatek/gpu/gpu_mali/mali_bifrost/mali-r14p0/drivers/gpu/arm/midgard/mali_kbase_gpu_memory_debugfs.c,00fd85de9755da6375209fdce00996608622971c86341f0e3d36e4418c1512e9,drivers/misc/mediatek/gpu/Kconfig,proc_sysfs_debugfs_registration,0,not-observed,proc-sysfs-device-registration,no,no,none-observed,none-observed,not-derived-from-source,source-surface-only,proc_sysfs_debugfs_registration:175:<file-scope>
drivers/misc/mediatek,drivers/misc/mediatek/gpu/gpu_mali/mali_bifrost/mali-r14p0/drivers/gpu/arm/midgard/mali_kbase_gpu_memory_debugfs.h,732e4307ca73baa3987939ecac841e40b31b06cc78cd735c57b22bd31c7020f0,drivers/misc/mediatek/gpu/Kconfig,,0,not-observed,support-code,no,no,none-observed,none-observed,not-derived-from-source,support-code-only,
drivers/misc/mediatek,drivers/misc/mediatek/gpu/gpu_mali/mali_bifrost/mali-r14p0/drivers/gpu/arm/midgard/mali_kbase_gpuprops.c,6f5e7f509b0cd389407dfaede68bbd180d9f91db88b49381dae226e33ccd7800,drivers/misc/mediatek/gpu/Kconfig,,0,not-observed,support-code,no,no,none-observed,none-observed,not-derived-from-source,support-code-only,
drivers/misc/mediatek,drivers/misc/mediatek/gpu/gpu_mali/mali_bifrost/mali-r14p0/drivers/gpu/arm/midgard/mali_kbase_gpuprops.h,eb0151e8219d33a42e7199bc0b2ea41e22cfca22d41dac03d06b6fde410e2e7e,drivers/misc/mediatek/gpu/Kconfig,,0,not-observed,support-code,no,no,none-observed,none-observed,not-derived-from-source,support-code-only,
drivers/misc/mediatek,drivers/misc/mediatek/gpu/gpu_mali/mali_bifrost/mali-r14p0/drivers/gpu/arm/midgard/mali_kbase_gpuprops_types.h,d014b7d869affed05d10f4a50b48eb1dc596d2c1735193d95cd09307d1cc8856,drivers/misc/mediatek/gpu/Kconfig,,0,not-observed,support-code,no,no,none-observed,none-observed,not-derived-from-source,support-code-only,
drivers/misc/mediatek,drivers/misc/mediatek/gpu/gpu_mali/mali_bifrost/mali-r14p0/drivers/gpu/arm/midgard/mali_kbase_hw.c,eb1411541afb155f59f91ee7c8e3f555e926511211e2f58f6b5f2a3e7fd5fc0c,drivers/misc/mediatek/gpu/Kconfig,,0,not-observed,support-code,no,no,none-observed,none-observed,not-derived-from-source,support-code-only,
drivers/misc/mediatek,drivers/misc/mediatek/gpu/gpu_mali/mali_bifrost/mali-r14p0/drivers/gpu/arm/midgard/mali_kbase_hw.h,c13761819d900ae32b7ebbd0350fb7fb13e3f66132b9dd247a131cafe699b52b,drivers/misc/mediatek/gpu/Kconfig,,0,not-observed,support-code,no,no,none-observed,none-observed,not-derived-from-source,support-code-only,
drivers/misc/mediatek,drivers/misc/mediatek/gpu/gpu_mali/mali_bifrost/mali-r14p0/drivers/gpu/arm/midgard/mali_kbase_hwaccess_backend.h,d062665bdd2fefa4c749e04bc2007b249ce3ff16d932a2839dacb751457bedfd,drivers/misc/mediatek/gpu/Kconfig,,0,not-observed,support-code,no,no,none-observed,none-observed,not-derived-from-source,support-code-only,
drivers/misc/mediatek,drivers/misc/mediatek/gpu/gpu_mali/mali_bifrost/mali-r14p0/drivers/gpu/arm/midgard/mali_kbase_hwaccess_defs.h,e834844146b5e2f01221bec8cd817c7d7f9f0b1c81780cc020f86a290e0e7d27,drivers/misc/mediatek/gpu/Kconfig,,0,not-observed,support-code,no,no,none-observed,none-observed,not-derived-from-source,support-code-only,
drivers/misc/mediatek,drivers/misc/mediatek/gpu/gpu_mali/mali_bifrost/mali-r14p0/drivers/gpu/arm/midgard/mali_kbase_hwaccess_gpuprops.h,91b476b004b490029339b452dd587c1de902046c8fbad240fb116a68f67c268f,drivers/misc/mediatek/gpu/Kconfig,,0,not-observed,support-code,no,no,none-observed,none-observed,not-derived-from-source,support-code-only,
drivers/misc/mediatek,drivers/misc/mediatek/gpu/gpu_mali/mali_bifrost/mali-r14p0/drivers/gpu/arm/midgard/mali_kbase_hwaccess_instr.h,8755c994884d58662e3f7d98dfe4ec7cb57714ab813ddbafb122fd9f81a4a0fe,drivers/misc/mediatek/gpu/Kconfig,,0,not-observed,support-code,no,no,none-observed,none-observed,not-derived-from-source,support-code-only,
drivers/misc/mediatek,drivers/misc/mediatek/gpu/gpu_mali/mali_bifrost/mali-r14p0/drivers/gpu/arm/midgard/mali_kbase_hwaccess_jm.h,a7dad6d9dde49c048bb88b80c172a57b13123c32acd8830191c9eb68b6057cc2,drivers/misc/mediatek/gpu/Kconfig,,0,not-observed,support-code,no,no,none-observed,none-observed,not-derived-from-source,support-code-only,
drivers/misc/mediatek,drivers/misc/mediatek/gpu/gpu_mali/mali_bifrost/mali-r14p0/drivers/gpu/arm/midgard/mali_kbase_hwaccess_pm.h,45938605d750d2f3a10483ff3bd62713bd135553f7fccfa6225d9f749800512b,drivers/misc/mediatek/gpu/Kconfig,,0,not-observed,support-code,no,no,none-observed,none-observed,not-derived-from-source,support-code-only,
drivers/misc/mediatek,drivers/misc/mediatek/gpu/gpu_mali/mali_bifrost/mali-r14p0/drivers/gpu/arm/midgard/mali_kbase_hwaccess_time.h,df40a51f8526615e491b1bece372a8dbcab6d9c0f2f108a74a25d051a705d1fc,drivers/misc/mediatek/gpu/Kconfig,,0,not-observed,support-code,no,no,none-observed,none-observed,not-derived-from-source,support-code-only,
drivers/misc/mediatek,drivers/misc/mediatek/gpu/gpu_mali/mali_bifrost/mali-r14p0/drivers/gpu/arm/midgard/mali_kbase_hwcnt_reader.h,847c8407c53553f62b03d771e72599f2f714812bdfff071410b4296db009b5c4,drivers/misc/mediatek/gpu/Kconfig,ioctl_entry,0,not-observed,ioctl-or-user-copy,no,no,none-observed,none-observed,not-derived-from-source,source-surface-only,ioctl_entry:26:<file-scope>; ioctl_entry:28:<file-scope>; ioctl_entry:29:<file-scope>; ioctl_entry:30:<file-scope>; ioctl_entry:31:<file-scope>; ioctl_entry:32:<file-scope>; ioctl_entry:34:<file-scope>; ioctl_entry:36:<file-scope>; ioctl_entry:37:<file-scope>; ioctl_entry:38:<file-scope>; ioctl_entry:39:<file-scope>
drivers/misc/mediatek,drivers/misc/mediatek/gpu/gpu_mali/mali_bifrost/mali-r14p0/drivers/gpu/arm/midgard/mali_kbase_ioctl.h,11c5aafca0741dd37ffbabcd85e3823bda816cbf55708297efc8eabf027dbe72,drivers/misc/mediatek/gpu/Kconfig,ioctl_entry,0,not-observed,ioctl-or-user-copy,no,no,none-observed,none-observed,not-derived-from-source,source-surface-only,ioctl_entry:30:<file-scope>; ioctl_entry:46:<file-scope>; ioctl_entry:48:<file-scope>; ioctl_entry:81:<file-scope>; ioctl_entry:93:<file-scope>; ioctl_entry:109:<file-scope>; ioctl_entry:118:<file-scope>; ioctl_entry:144:<file-scope>; ioctl_entry:147:<file-scope>; ioctl_entry:176:<file-scope>; ioctl_entry:200:<file-scope>; ioctl_entry:215:<file-scope>
drivers/misc/mediatek,drivers/misc/mediatek/gpu/gpu_mali/mali_bifrost/mali-r14p0/drivers/gpu/arm/midgard/mali_kbase_jd.c,bd56fa2608c9f62bf71a5211c47f01f2cb496a0eaee60ac7986258a2ee3c2a62,drivers/misc/mediatek/gpu/Kconfig,,2,not-observed,ioctl-or-user-copy,no,no,none-observed,none-observed,not-derived-from-source,source-surface-only,user_copy:240:<file-scope>; user_copy:1160:<file-scope>
drivers/misc/mediatek,drivers/misc/mediatek/gpu/gpu_mali/mali_bifrost/mali-r14p0/drivers/gpu/arm/midgard/mali_kbase_jd_debugfs.c,eb4ea46ab9f7ebfbc2df033d77be7dd79b0af388f7517e4b65a01da56417f49f,drivers/misc/mediatek/gpu/Kconfig,proc_sysfs_debugfs_registration,0,not-observed,proc-sysfs-device-registration,no,no,none-observed,none-observed,not-derived-from-source,source-surface-only,proc_sysfs_debugfs_registration:236:<file-scope>
drivers/misc/mediatek,drivers/misc/mediatek/gpu/gpu_mali/mali_bifrost/mali-r14p0/drivers/gpu/arm/midgard/mali_kbase_jd_debugfs.h,371375f0244ffc2929383861a58fbec00eccf2cb823eb67389ad53d3bac0e43e,drivers/misc/mediatek/gpu/Kconfig,,0,not-observed,support-code,no,no,none-observed,none-observed,not-derived-from-source,support-code-only,
drivers/misc/mediatek,drivers/misc/mediatek/gpu/gpu_mali/mali_bifrost/mali-r14p0/drivers/gpu/arm/midgard/mali_kbase_jm.c,b92f08105ea0db6a8f899510fe9a426c6dc1e15c6104f3a6a2fbf9ec75a1ca71,drivers/misc/mediatek/gpu/Kconfig,,0,not-observed,support-code,no,no,none-observed,none-observed,not-derived-from-source,support-code-only,
drivers/misc/mediatek,drivers/misc/mediatek/gpu/gpu_mali/mali_bifrost/mali-r14p0/drivers/gpu/arm/midgard/mali_kbase_jm.h,066be1ed0d6b0e6883eed355f872de150754ed57067c4d9edcd8dc4b36ef3c00,drivers/misc/mediatek/gpu/Kconfig,,0,not-observed,support-code,no,no,none-observed,none-observed,not-derived-from-source,support-code-only,
drivers/misc/mediatek,drivers/misc/mediatek/gpu/gpu_mali/mali_bifrost/mali-r14p0/drivers/gpu/arm/midgard/mali_kbase_js.c,ad28cf2c77cd55139ea3541218e8a28bdc8d92a78d02dbb898100c514d1acabf,drivers/misc/mediatek/gpu/Kconfig,,0,not-observed,support-code,no,no,none-observed,none-observed,not-derived-from-source,support-code-only,
drivers/misc/mediatek,drivers/misc/mediatek/gpu/gpu_mali/mali_bifrost/mali-r14p0/drivers/gpu/arm/midgard/mali_kbase_js.h,826e8046a4c9cad94d15d4f0045234d47a0a204d47bebeecdcde55649839f097,drivers/misc/mediatek/gpu/Kconfig,,0,not-observed,support-code,no,no,none-observed,none-observed,not-derived-from-source,support-code-only,property_or_boot_state:593:<file-scope>
drivers/misc/mediatek,drivers/misc/mediatek/gpu/gpu_mali/mali_bifrost/mali-r14p0/drivers/gpu/arm/midgard/mali_kbase_js_ctx_attr.c,f892cf77742575359962fb9255643aae9154d5ae773ee809b82c966c4451adbb,drivers/misc/mediatek/gpu/Kconfig,,0,not-observed,support-code,no,no,none-observed,none-observed,not-derived-from-source,support-code-only,
drivers/misc/mediatek,drivers/misc/mediatek/gpu/gpu_mali/mali_bifrost/mali-r14p0/drivers/gpu/arm/midgard/mali_kbase_js_ctx_attr.h,0f5e48b0ea8d9c8228b4695875bcf17a7fcfe48d69536ff18237b7ab60f09617,drivers/misc/mediatek/gpu/Kconfig,,0,not-observed,support-code,no,no,none-observed,none-observed,not-derived-from-source,support-code-only,
drivers/misc/mediatek,drivers/misc/mediatek/gpu/gpu_mali/mali_bifrost/mali-r14p0/drivers/gpu/arm/midgard/mali_kbase_js_defs.h,2ae5350214cd2596c20f8594526fe2c233a84c41f47ab7e49d6cfc31706ea457,drivers/misc/mediatek/gpu/Kconfig,,0,not-observed,support-code,no,no,none-observed,none-observed,not-derived-from-source,support-code-only,
drivers/misc/mediatek,drivers/misc/mediatek/gpu/gpu_mali/mali_bifrost/mali-r14p0/drivers/gpu/arm/midgard/mali_kbase_linux.h,38e62f5818dd81479efecb4cb71814d215e3d924cf055987cca237cf3e98ab51,drivers/misc/mediatek/gpu/Kconfig,,0,not-observed,support-code,no,no,none-observed,none-observed,not-derived-from-source,support-code-only,
drivers/misc/mediatek,drivers/misc/mediatek/gpu/gpu_mali/mali_bifrost/mali-r14p0/drivers/gpu/arm/midgard/mali_kbase_mem.c,199fe687e683dc9881a289a0021efbd48dea96d415606bf09cfeeb752e135dd9,drivers/misc/mediatek/gpu/Kconfig,proc_sysfs_debugfs_registration,0,not-observed,proc-sysfs-device-registration,no,no,none-observed,none-observed,not-derived-from-source,source-surface-only,proc_sysfs_debugfs_registration:2698:<file-scope>; proc_sysfs_debugfs_registration:2705:<file-scope>; proc_sysfs_debugfs_registration:2712:<file-scope>
drivers/misc/mediatek,drivers/misc/mediatek/gpu/gpu_mali/mali_bifrost/mali-r14p0/drivers/gpu/arm/midgard/mali_kbase_mem.h,044295f649b23d1212a3268dd23600a3b0fadd92c132f3ef3f5f1753c6df1686,drivers/misc/mediatek/gpu/Kconfig,,0,not-observed,support-code,no,no,none-observed,none-observed,not-derived-from-source,support-code-only,
drivers/misc/mediatek,drivers/misc/mediatek/gpu/gpu_mali/mali_bifrost/mali-r14p0/drivers/gpu/arm/midgard/mali_kbase_mem_linux.c,8e0a15c9b9e880c3ce8d3149016c7ce47d8abb69855b08b752227cbf18f29cdd,drivers/misc/mediatek/gpu/Kconfig,ioctl_entry,1,not-observed,ioctl-or-user-copy,no,no,none-observed,none-observed,not-derived-from-source,source-surface-only,ioctl_entry:797:<file-scope>; user_copy:1464:<file-scope>
drivers/misc/mediatek,drivers/misc/mediatek/gpu/gpu_mali/mali_bifrost/mali-r14p0/drivers/gpu/arm/midgard/mali_kbase_mem_linux.h,dce154890dbd875e87532dffff76b3bf78dbbdd3ff02be3e728f91a43ed7569c,drivers/misc/mediatek/gpu/Kconfig,,0,not-observed,support-code,no,no,none-observed,none-observed,not-derived-from-source,support-code-only,
drivers/misc/mediatek,drivers/misc/mediatek/gpu/gpu_mali/mali_bifrost/mali-r14p0/drivers/gpu/arm/midgard/mali_kbase_mem_lowlevel.h,6577a58243fc877999aad38a809cead6fff6fe0bf5d7208100c926370e7f53e7,drivers/misc/mediatek/gpu/Kconfig,,0,not-observed,support-code,no,no,none-observed,none-observed,not-derived-from-source,support-code-only,
drivers/misc/mediatek,drivers/misc/mediatek/gpu/gpu_mali/mali_bifrost/mali-r14p0/drivers/gpu/arm/midgard/mali_kbase_mem_pool.c,41d9d2dc052fcb3d065e23672ffefcc32a9657b4afb37eb598080c96b85042d6,drivers/misc/mediatek/gpu/Kconfig,,0,not-observed,support-code,no,no,none-observed,none-observed,not-derived-from-source,support-code-only,
drivers/misc/mediatek,drivers/misc/mediatek/gpu/gpu_mali/mali_bifrost/mali-r14p0/drivers/gpu/arm/midgard/mali_kbase_mem_pool_debugfs.c,7b5955eddcae04df53229832eb97a4496a07d7cc4874a5cc5a043310b057f26e,drivers/misc/mediatek/gpu/Kconfig,proc_sysfs_debugfs_registration,0,not-observed,proc-sysfs-device-registration,no,no,none-observed,none-observed,not-derived-from-source,source-surface-only,proc_sysfs_debugfs_registration:80:<file-scope>; proc_sysfs_debugfs_registration:83:<file-scope>; proc_sysfs_debugfs_registration:86:<file-scope>; proc_sysfs_debugfs_registration:89:<file-scope>
drivers/misc/mediatek,drivers/misc/mediatek/gpu/gpu_mali/mali_bifrost/mali-r14p0/drivers/gpu/arm/midgard/mali_kbase_mem_pool_debugfs.h,64df5b351b75e2fa00cd8f94bf5fa53892d3e6728977908789cbd89ce33c876e,drivers/misc/mediatek/gpu/Kconfig,,0,not-observed,support-code,no,no,none-observed,none-observed,not-derived-from-source,support-code-only,
drivers/misc/mediatek,drivers/misc/mediatek/gpu/gpu_mali/mali_bifrost/mali-r14p0/drivers/gpu/arm/midgard/mali_kbase_mem_profile_debugfs.c,2c2c0d6ba9d83aa3765704702717848d85a9f3872f2a3ee509a52460a0c11f01,drivers/misc/mediatek/gpu/Kconfig,proc_sysfs_debugfs_registration,0,not-observed,proc-sysfs-device-registration,no,no,none-observed,none-observed,not-derived-from-source,source-surface-only,proc_sysfs_debugfs_registration:78:<file-scope>
drivers/misc/mediatek,drivers/misc/mediatek/gpu/gpu_mali/mali_bifrost/mali-r14p0/drivers/gpu/arm/midgard/mali_kbase_mem_profile_debugfs.h,93f676a0713a7aa624e665981ebd3c4c73d913fd7ef2fa4d2cd4ad3f3ac35c1d,drivers/misc/mediatek/gpu/Kconfig,,0,not-observed,support-code,no,no,none-observed,none-observed,not-derived-from-source,support-code-only,
drivers/misc/mediatek,drivers/misc/mediatek/gpu/gpu_mali/mali_bifrost/mali-r14p0/drivers/gpu/arm/midgard/mali_kbase_mem_profile_debugfs_buf_size.h,eefd1dce2a169dca73cf8544cfbb83f4be2283b1633954d223627034ef38dbd6,drivers/misc/mediatek/gpu/Kconfig,,0,not-observed,support-code,no,no,none-observed,none-observed,not-derived-from-source,support-code-only,
drivers/misc/mediatek,drivers/misc/mediatek/gpu/gpu_mali/mali_bifrost/mali-r14p0/drivers/gpu/arm/midgard/mali_kbase_mmu.c,055758b811042a9df84c5717294e7668398f9af453d661a5a69169189ed27d15,drivers/misc/mediatek/gpu/Kconfig,,0,not-observed,support-code,no,no,none-observed,none-observed,not-derived-from-source,support-code-only,
drivers/misc/mediatek,drivers/misc/mediatek/gpu/gpu_mali/mali_bifrost/mali-r14p0/drivers/gpu/arm/midgard/mali_kbase_mmu_hw.h,228aa24bc8ad403cc3056c7c3c5073b282662d1d1bfb9d969de695f71efd3890,drivers/misc/mediatek/gpu/Kconfig,,0,not-observed,support-code,no,no,none-observed,none-observed,not-derived-from-source,support-code-only,
drivers/misc/mediatek,drivers/misc/mediatek/gpu/gpu_mali/mali_bifrost/mali-r14p0/drivers/gpu/arm/midgard/mali_kbase_mmu_mode_aarch64.c,736f60ba6dc03dbae32f4024093651fba7a1ee8e23fba8afd64a9a26647d9b90,drivers/misc/mediatek/gpu/Kconfig,,0,not-observed,support-code,no,no,none-observed,none-observed,not-derived-from-source,support-code-only,
drivers/misc/mediatek,drivers/misc/mediatek/gpu/gpu_mali/mali_bifrost/mali-r14p0/drivers/gpu/arm/midgard/mali_kbase_mmu_mode_lpae.c,eed1c0849ed93ff1a81dd0e5302c3c069b89a48bbbfddec2c17af653f4baa91a,drivers/misc/mediatek/gpu/Kconfig,,0,not-observed,support-code,no,no,none-observed,none-observed,not-derived-from-source,support-code-only,
drivers/misc/mediatek,drivers/misc/mediatek/gpu/gpu_mali/mali_bifrost/mali-r14p0/drivers/gpu/arm/midgard/mali_kbase_pm.c,4c47e694413843e0b0b883f79d74a78e1c0fd2a3b9098e017bdcdb78fd6d9211,drivers/misc/mediatek/gpu/Kconfig,,0,not-observed,support-code,no,no,none-observed,none-observed,not-derived-from-source,support-code-only,
drivers/misc/mediatek,drivers/misc/mediatek/gpu/gpu_mali/mali_bifrost/mali-r14p0/drivers/gpu/arm/midgard/mali_kbase_pm.h,b45a74a9a789f46f9c5a19da18dfa2db7dfffa271ba90aab7b6a62a7d9722b46,drivers/misc/mediatek/gpu/Kconfig,,0,not-observed,support-code,no,no,none-observed,none-observed,not-derived-from-source,support-code-only,
drivers/misc/mediatek,drivers/misc/mediatek/gpu/gpu_mali/mali_bifrost/mali-r14p0/drivers/gpu/arm/midgard/mali_kbase_profiling_gator_api.h,affe07d21b0f191bd53d55ee66888d79f1077e237dd0562fe75bca857de563b6,drivers/misc/mediatek/gpu/Kconfig,,0,not-observed,support-code,no,no,none-observed,none-observed,not-derived-from-source,support-code-only,
drivers/misc/mediatek,drivers/misc/mediatek/gpu/gpu_mali/mali_bifrost/mali-r14p0/drivers/gpu/arm/midgard/mali_kbase_regs_history_debugfs.c,5d3f9763f6f23cf52d7209fc8ba1a58298d462ece8edd97313d30c44ad8a4046,drivers/misc/mediatek/gpu/Kconfig,proc_sysfs_debugfs_registration,0,not-observed,proc-sysfs-device-registration,no,no,none-observed,none-observed,not-derived-from-source,source-surface-only,proc_sysfs_debugfs_registration:123:<file-scope>; proc_sysfs_debugfs_registration:126:<file-scope>; proc_sysfs_debugfs_registration:129:<file-scope>
drivers/misc/mediatek,drivers/misc/mediatek/gpu/gpu_mali/mali_bifrost/mali-r14p0/drivers/gpu/arm/midgard/mali_kbase_regs_history_debugfs.h,f6712e6f78a60279a06d101c05cf1a0e472d993aab93eaa8732f8507d84f3bbe,drivers/misc/mediatek/gpu/Kconfig,,0,not-observed,support-code,no,no,none-observed,none-observed,not-derived-from-source,support-code-only,
drivers/misc/mediatek,drivers/misc/mediatek/gpu/gpu_mali/mali_bifrost/mali-r14p0/drivers/gpu/arm/midgard/mali_kbase_replay.c,7b68764119180560919c52b7676be3ea9fef438e9fa2fb8b2a9ae387232ae235,drivers/misc/mediatek/gpu/Kconfig,,0,not-observed,support-code,no,no,none-observed,none-observed,not-derived-from-source,support-code-only,
drivers/misc/mediatek,drivers/misc/mediatek/gpu/gpu_mali/mali_bifrost/mali-r14p0/drivers/gpu/arm/midgard/mali_kbase_smc.c,0fbbd9b154688f45c5432b934ab8e2c39a250b9c7fcd653b4f493c5d6a646521,drivers/misc/mediatek/gpu/Kconfig,,0,not-observed,support-code,no,no,none-observed,none-observed,not-derived-from-source,support-code-only,
drivers/misc/mediatek,drivers/misc/mediatek/gpu/gpu_mali/mali_bifrost/mali-r14p0/drivers/gpu/arm/midgard/mali_kbase_smc.h,2ad4345c75bab0bfaeafffb99b6098b5ae17d3979fdf9c02185e4449e072854e,drivers/misc/mediatek/gpu/Kconfig,,0,not-observed,support-code,no,no,none-observed,none-observed,not-derived-from-source,support-code-only,
drivers/misc/mediatek,drivers/misc/mediatek/gpu/gpu_mali/mali_bifrost/mali-r14p0/drivers/gpu/arm/midgard/mali_kbase_softjobs.c,b632251bfd744327b16f9cb9ac09d2e71593ce7307991f24af809072d26a7791,drivers/misc/mediatek/gpu/Kconfig,,8,not-observed,ioctl-or-user-copy,no,no,none-observed,none-observed,not-derived-from-source,source-surface-only,user_copy:588:<file-scope>; user_copy:944:<file-scope>; user_copy:1206:<file-scope>; user_copy:1330:<file-scope>; user_copy:1350:<file-scope>; user_copy:1543:<file-scope>; user_copy:1552:<file-scope>; user_copy:1565:<file-scope>
drivers/misc/mediatek,drivers/misc/mediatek/gpu/gpu_mali/mali_bifrost/mali-r14p0/drivers/gpu/arm/midgard/mali_kbase_strings.c,3dcb1d4c9d08c58e8848d3912ad74d5c697196c35d4ab26e4b3bd83b25c062f0,drivers/misc/mediatek/gpu/Kconfig,,0,not-observed,support-code,no,no,none-observed,none-observed,not-derived-from-source,support-code-only,
drivers/misc/mediatek,drivers/misc/mediatek/gpu/gpu_mali/mali_bifrost/mali-r14p0/drivers/gpu/arm/midgard/mali_kbase_strings.h,3aa53c4409ec2dbd960304e06ad63969201f3e30b4d91d7b05dec2da159bde76,drivers/misc/mediatek/gpu/Kconfig,,0,not-observed,support-code,no,no,none-observed,none-observed,not-derived-from-source,support-code-only,
drivers/misc/mediatek,drivers/misc/mediatek/gpu/gpu_mali/mali_bifrost/mali-r14p0/drivers/gpu/arm/midgard/mali_kbase_sync.h,a2932ed6f152ea17638bda62658d1249edc5f2534befc5e49ee96ce067c92426,drivers/misc/mediatek/gpu/Kconfig,,0,not-observed,support-code,no,no,none-observed,none-observed,not-derived-from-source,support-code-only,
drivers/misc/mediatek,drivers/misc/mediatek/gpu/gpu_mali/mali_bifrost/mali-r14p0/drivers/gpu/arm/midgard/mali_kbase_sync_android.c,ee8b2989ee111a3b628546bfac515945e87c8fec170e43cddead3fd7acc4826e,drivers/misc/mediatek/gpu/Kconfig,,0,not-observed,support-code,no,no,none-observed,none-observed,not-derived-from-source,support-code-only,
drivers/misc/mediatek,drivers/misc/mediatek/gpu/gpu_mali/mali_bifrost/mali-r14p0/drivers/gpu/arm/midgard/mali_kbase_sync_common.c,130101e44423c5df2c6b4d3675bccc59aaee6e6a630d1a8c1020ffd157937a02,drivers/misc/mediatek/gpu/Kconfig,,0,not-observed,support-code,no,no,none-observed,none-observed,not-derived-from-source,support-code-only,
drivers/misc/mediatek,drivers/misc/mediatek/gpu/gpu_mali/mali_bifrost/mali-r14p0/drivers/gpu/arm/midgard/mali_kbase_tlstream.c,4e9dee493e9e8df26f572af7e1179d3ed5d8d0fc340b6c7e9f56bae4e40b911d,drivers/misc/mediatek/gpu/Kconfig,,1,observed,ioctl-or-user-copy,no,no,none-observed,none-observed,not-derived-from-source,source-surface-only,user_copy:1271:<file-scope>; local_gate:1520:<file-scope>
drivers/misc/mediatek,drivers/misc/mediatek/gpu/gpu_mali/mali_bifrost/mali-r14p0/drivers/gpu/arm/midgard/mali_kbase_tlstream.h,3d0a20249c675cde168d255bda5c5e95890abe42434fba77821dc8f23e5aa127,drivers/misc/mediatek/gpu/Kconfig,,0,not-observed,support-code,no,no,none-observed,none-observed,not-derived-from-source,support-code-only,
drivers/misc/mediatek,drivers/misc/mediatek/gpu/gpu_mali/mali_bifrost/mali-r14p0/drivers/gpu/arm/midgard/mali_kbase_trace_defs.h,b0e19838d502d14878110197b8afba8e23a650242fe9584869ab5506aadf5502,drivers/misc/mediatek/gpu/Kconfig,,0,not-observed,support-code,no,no,none-observed,none-observed,not-derived-from-source,support-code-only,
drivers/misc/mediatek,drivers/misc/mediatek/gpu/gpu_mali/mali_bifrost/mali-r14p0/drivers/gpu/arm/midgard/mali_kbase_utility.c,63d163a4b5f8a8be3bb5cf25a344f5bc17d2eb64c0a431d83171dc6efaf9de40,drivers/misc/mediatek/gpu/Kconfig,,0,not-observed,support-code,no,no,none-observed,none-observed,not-derived-from-source,support-code-only,
drivers/misc/mediatek,drivers/misc/mediatek/gpu/gpu_mali/mali_bifrost/mali-r14p0/drivers/gpu/arm/midgard/mali_kbase_utility.h,3add75949c3f6c6e80f7286ffbd86156513f14ac5665ca516641740477f4a322,drivers/misc/mediatek/gpu/Kconfig,,0,not-observed,support-code,no,no,none-observed,none-observed,not-derived-from-source,support-code-only,
drivers/misc/mediatek,drivers/misc/mediatek/gpu/gpu_mali/mali_bifrost/mali-r14p0/drivers/gpu/arm/midgard/mali_kbase_vinstr.c,409bc6e1181daa7cab9f384f12965fb671ce0938c7730471185afac1d0261143,drivers/misc/mediatek/gpu/Kconfig,ioctl_entry,3,not-observed,ioctl-or-user-copy,no,no,none-observed,none-observed,not-derived-from-source,source-surface-only,ioctl_entry:240:<file-scope>; ioctl_entry:241:<file-scope>; ioctl_entry:1124:<file-scope>; user_copy:1133:<file-scope>; ioctl_entry:1433:<file-scope>; user_copy:1464:<file-scope>; ioctl_entry:1473:<file-scope>; user_copy:1497:<file-scope>; ioctl_entry:1508:<file-scope>; ioctl_entry:1586:<file-scope>; ioctl_entry:1613:<file-scope>; ioctl_entry:1640:<file-scope>
drivers/misc/mediatek,drivers/misc/mediatek/gpu/gpu_mali/mali_bifrost/mali-r14p0/drivers/gpu/arm/midgard/mali_kbase_vinstr.h,767fccf84af391163987fbac02b031b68b8bbfd278b7ae6691fc92a52e95c580,drivers/misc/mediatek/gpu/Kconfig,,0,not-observed,support-code,no,no,none-observed,none-observed,not-derived-from-source,support-code-only,
drivers/misc/mediatek,drivers/misc/mediatek/gpu/gpu_mali/mali_bifrost/mali-r14p0/drivers/gpu/arm/midgard/mali_malisw.h,a16a7d43c5f7d5eb4a48eef6b2c67debbf0e360a1050c82f1b220f40ed4e1db7,drivers/misc/mediatek/gpu/Kconfig,,0,not-observed,support-code,no,no,none-observed,none-observed,not-derived-from-source,support-code-only,
drivers/misc/mediatek,drivers/misc/mediatek/gpu/gpu_mali/mali_bifrost/mali-r14p0/drivers/gpu/arm/midgard/mali_midg_coherency.h,c9ee0b4acb3b6e8f62647e5d6b6259dbcd9506c80c532a02292b159f88e72098,drivers/misc/mediatek/gpu/Kconfig,,0,not-observed,support-code,no,no,none-observed,none-observed,not-derived-from-source,support-code-only,
drivers/misc/mediatek,drivers/misc/mediatek/gpu/gpu_mali/mali_bifrost/mali-r14p0/drivers/gpu/arm/midgard/mali_midg_regmap.h,c4b5cf012eae5efdb546693778f6fa4edc504a83e5caacd74531f32b3c8c94c6,drivers/misc/mediatek/gpu/Kconfig,,0,not-observed,support-code,no,no,none-observed,none-observed,not-derived-from-source,support-code-only,
drivers/misc/mediatek,drivers/misc/mediatek/gpu/gpu_mali/mali_bifrost/mali-r14p0/drivers/gpu/arm/midgard/protected_mode_switcher.h,cd67d8a8543ea0a42b9dd62f26b4f48b8d1c6da16fe0b2eac183ddef84a64f0f,drivers/misc/mediatek/gpu/Kconfig,,0,not-observed,support-code,no,no,none-observed,none-observed,not-derived-from-source,support-code-only,
drivers/misc/mediatek,drivers/misc/mediatek/gpu/gpu_mali/mali_bifrost/mali-r14p0/drivers/gpu/arm/midgard/backend/gpu/mali_kbase_backend_config.h,6681f050c1c68bc606ea444b320c885cc76fe2c8c7f28768b733dfdb1cfb4a46,drivers/misc/mediatek/gpu/Kconfig,,0,not-observed,support-code,no,no,none-observed,none-observed,not-derived-from-source,support-code-only,
drivers/misc/mediatek,drivers/misc/mediatek/gpu/gpu_mali/mali_bifrost/mali-r14p0/drivers/gpu/arm/midgard/backend/gpu/mali_kbase_cache_policy_backend.c,0ecd11b793e89a94ab8fa29127fa63dd11d313fcf6b1eee16b2030f2ff5c3a2b,drivers/misc/mediatek/gpu/Kconfig,,0,not-observed,support-code,no,no,none-observed,none-observed,not-derived-from-source,support-code-only,
drivers/misc/mediatek,drivers/misc/mediatek/gpu/gpu_mali/mali_bifrost/mali-r14p0/drivers/gpu/arm/midgard/backend/gpu/mali_kbase_cache_policy_backend.h,a1ff6ab28c3a6fa46727f58677daa2d80c8b0a6d328dd050556838cc5b22bf74,drivers/misc/mediatek/gpu/Kconfig,,0,not-observed,support-code,no,no,none-observed,none-observed,not-derived-from-source,support-code-only,
drivers/misc/mediatek,drivers/misc/mediatek/gpu/gpu_mali/mali_bifrost/mali-r14p0/drivers/gpu/arm/midgard/backend/gpu/mali_kbase_debug_job_fault_backend.c,87c9d82f908f30ddfdda8b6844953f5ba6f18dfabececbed676b104d54f0c93e,drivers/misc/mediatek/gpu/Kconfig,,0,not-observed,support-code,no,no,none-observed,none-observed,not-derived-from-source,support-code-only,
drivers/misc/mediatek,drivers/misc/mediatek/gpu/gpu_mali/mali_bifrost/mali-r14p0/drivers/gpu/arm/midgard/backend/gpu/mali_kbase_device_hw.c,51cede15a38ce78d26017234632a017308676b3f2466d136ffc599a72e87e30a,drivers/misc/mediatek/gpu/Kconfig,,0,not-observed,support-code,no,no,none-observed,none-observed,not-derived-from-source,support-code-only,
drivers/misc/mediatek,drivers/misc/mediatek/gpu/gpu_mali/mali_bifrost/mali-r14p0/drivers/gpu/arm/midgard/backend/gpu/mali_kbase_device_internal.h,dd1a8b2897922dcbb8bf711246746922251573eda87c9093fcf1540b6001ca5e,drivers/misc/mediatek/gpu/Kconfig,,0,not-observed,support-code,no,no,none-observed,none-observed,not-derived-from-source,support-code-only,
drivers/misc/mediatek,drivers/misc/mediatek/gpu/gpu_mali/mali_bifrost/mali-r14p0/drivers/gpu/arm/midgard/backend/gpu/mali_kbase_gpu.c,57f8bcbb953f9a6761ab156fb669996380199d3358128edd66acea29195a587e,drivers/misc/mediatek/gpu/Kconfig,,0,not-observed,support-code,no,no,none-observed,none-observed,not-derived-from-source,support-code-only,
drivers/misc/mediatek,drivers/misc/mediatek/gpu/gpu_mali/mali_bifrost/mali-r14p0/drivers/gpu/arm/midgard/backend/gpu/mali_kbase_gpuprops_backend.c,f15ae3666c191acc7c9ad22f71c81a884d98ff1a970309b3efe2ba525480f30f,drivers/misc/mediatek/gpu/Kconfig,,0,not-observed,support-code,no,no,none-observed,none-observed,not-derived-from-source,support-code-only,
drivers/misc/mediatek,drivers/misc/mediatek/gpu/gpu_mali/mali_bifrost/mali-r14p0/drivers/gpu/arm/midgard/backend/gpu/mali_kbase_instr_backend.c,5d720d3a976ff2d168b45aa92390a95129476b09c00897f47b34f0fb2492c748,drivers/misc/mediatek/gpu/Kconfig,,0,not-observed,support-code,no,no,none-observed,none-observed,not-derived-from-source,support-code-only,
drivers/misc/mediatek,drivers/misc/mediatek/gpu/gpu_mali/mali_bifrost/mali-r14p0/drivers/gpu/arm/midgard/backend/gpu/mali_kbase_instr_defs.h,2d0f1ade0e3b5f6015b13fc8ebbe7357cb45dacdae01af196e4bc4894d37ece8,drivers/misc/mediatek/gpu/Kconfig,,0,not-observed,support-code,no,no,none-observed,none-observed,not-derived-from-source,support-code-only,
drivers/misc/mediatek,drivers/misc/mediatek/gpu/gpu_mali/mali_bifrost/mali-r14p0/drivers/gpu/arm/midgard/backend/gpu/mali_kbase_instr_internal.h,208fabedca82a2ea87e651f3372da498e604ec2b5c5dcd111d744cdb0e52bfdb,drivers/misc/mediatek/gpu/Kconfig,,0,not-observed,support-code,no,no,none-observed,none-observed,not-derived-from-source,support-code-only,
drivers/misc/mediatek,drivers/misc/mediatek/gpu/gpu_mali/mali_bifrost/mali-r14p0/drivers/gpu/arm/midgard/backend/gpu/mali_kbase_irq_internal.h,2439bbde100bcf0c262fb5d313e190fbf4707a620b2c453b4d6acdc7dbe0e922,drivers/misc/mediatek/gpu/Kconfig,,0,not-observed,support-code,no,no,none-observed,none-observed,not-derived-from-source,support-code-only,
drivers/misc/mediatek,drivers/misc/mediatek/gpu/gpu_mali/mali_bifrost/mali-r14p0/drivers/gpu/arm/midgard/backend/gpu/mali_kbase_irq_linux.c,40adc187ad777e99159d8b9be1aed0dd2b840e491679f2b7d7351c3b27ba7661,drivers/misc/mediatek/gpu/Kconfig,,0,not-observed,support-code,no,no,none-observed,none-observed,not-derived-from-source,support-code-only,
drivers/misc/mediatek,drivers/misc/mediatek/gpu/gpu_mali/mali_bifrost/mali-r14p0/drivers/gpu/arm/midgard/backend/gpu/mali_kbase_jm_as.c,641ea3adf9b673bb814c76d59c08cce8fb022277b8de5f62712c8b72a2902a1b,drivers/misc/mediatek/gpu/Kconfig,,0,not-observed,support-code,no,no,none-observed,none-observed,not-derived-from-source,support-code-only,
drivers/misc/mediatek,drivers/misc/mediatek/gpu/gpu_mali/mali_bifrost/mali-r14p0/drivers/gpu/arm/midgard/backend/gpu/mali_kbase_jm_defs.h,0c8086cfd8585816acca35fde6918895c021c1747dc16c57056f132885677dbd,drivers/misc/mediatek/gpu/Kconfig,,0,not-observed,support-code,no,no,none-observed,none-observed,not-derived-from-source,support-code-only,
drivers/misc/mediatek,drivers/misc/mediatek/gpu/gpu_mali/mali_bifrost/mali-r14p0/drivers/gpu/arm/midgard/backend/gpu/mali_kbase_jm_hw.c,47c1bd4aa29280de38806585536e984aac4e3902e7de9e1e8f70a518ae68763b,drivers/misc/mediatek/gpu/Kconfig,,0,not-observed,support-code,no,no,none-observed,none-observed,not-derived-from-source,support-code-only,
drivers/misc/mediatek,drivers/misc/mediatek/gpu/gpu_mali/mali_bifrost/mali-r14p0/drivers/gpu/arm/midgard/backend/gpu/mali_kbase_jm_internal.h,6996aab93e7a731e803703daa7c24bf62beecd24cf94fb863653bb289abc0cbc,drivers/misc/mediatek/gpu/Kconfig,,0,not-observed,support-code,no,no,none-observed,none-observed,not-derived-from-source,support-code-only,
drivers/misc/mediatek,drivers/misc/mediatek/gpu/gpu_mali/mali_bifrost/mali-r14p0/drivers/gpu/arm/midgard/backend/gpu/mali_kbase_jm_rb.c,3de96a69af3158d291baddc040dbef03c488b3d504dce8527cc0c008cb36bdf4,drivers/misc/mediatek/gpu/Kconfig,,0,not-observed,support-code,no,no,none-observed,none-observed,not-derived-from-source,support-code-only,
drivers/misc/mediatek,drivers/misc/mediatek/gpu/gpu_mali/mali_bifrost/mali-r14p0/drivers/gpu/arm/midgard/backend/gpu/mali_kbase_jm_rb.h,ca1c9ecf361deb03a2c3022cf3d696c99fdbd4bac932ed68b7675035bcb6af8e,drivers/misc/mediatek/gpu/Kconfig,,0,not-observed,support-code,no,no,none-observed,none-observed,not-derived-from-source,support-code-only,
drivers/misc/mediatek,drivers/misc/mediatek/gpu/gpu_mali/mali_bifrost/mali-r14p0/drivers/gpu/arm/midgard/backend/gpu/mali_kbase_js_backend.c,20774627b4c441b0d65c21f2616a9b90bcd290c4344e03d98451e82e1b0f716a,drivers/misc/mediatek/gpu/Kconfig,,0,not-observed,support-code,no,no,none-observed,none-observed,not-derived-from-source,support-code-only,
drivers/misc/mediatek,drivers/misc/mediatek/gpu/gpu_mali/mali_bifrost/mali-r14p0/drivers/gpu/arm/midgard/backend/gpu/mali_kbase_js_internal.h,43d3b04674215d6c1266ce96809ab73a78328a1f13ce23a41c68acdfae28e6ef,drivers/misc/mediatek/gpu/Kconfig,,0,not-observed,support-code,no,no,none-observed,none-observed,not-derived-from-source,support-code-only,
drivers/misc/mediatek,drivers/misc/mediatek/gpu/gpu_mali/mali_bifrost/mali-r14p0/drivers/gpu/arm/midgard/backend/gpu/mali_kbase_mmu_hw_direct.c,670f5bf4ef11a27c559fa0a22ae9e6b3b21736985853106051c2c8e3b6666320,drivers/misc/mediatek/gpu/Kconfig,,0,not-observed,support-code,no,no,none-observed,none-observed,not-derived-from-source,support-code-only,
drivers/misc/mediatek,drivers/misc/mediatek/gpu/gpu_mali/mali_bifrost/mali-r14p0/drivers/gpu/arm/midgard/backend/gpu/mali_kbase_pm_always_on.c,c1536b9b001bce2f0e09e3e1cb03af377e8949bf8c9c0c9ac4659be620b187e9,drivers/misc/mediatek/gpu/Kconfig,,0,not-observed,support-code,no,no,none-observed,none-observed,not-derived-from-source,support-code-only,
drivers/misc/mediatek,drivers/misc/mediatek/gpu/gpu_mali/mali_bifrost/mali-r14p0/drivers/gpu/arm/midgard/backend/gpu/mali_kbase_pm_always_on.h,c765a43b50e1da60fc45dac8ec335b5addf258a9ea22b159b77003046bf59c59,drivers/misc/mediatek/gpu/Kconfig,,0,not-observed,support-code,no,no,none-observed,none-observed,not-derived-from-source,support-code-only,
drivers/misc/mediatek,drivers/misc/mediatek/gpu/gpu_mali/mali_bifrost/mali-r14p0/drivers/gpu/arm/midgard/backend/gpu/mali_kbase_pm_backend.c,294eae76f26cb2b8ccb8d838d2a2939dba2dc5d4bd3cb78eb978c1a996b8f0e0,drivers/misc/mediatek/gpu/Kconfig,,0,not-observed,support-code,no,no,none-observed,none-observed,not-derived-from-source,support-code-only,
drivers/misc/mediatek,drivers/misc/mediatek/gpu/gpu_mali/mali_bifrost/mali-r14p0/drivers/gpu/arm/midgard/backend/gpu/mali_kbase_pm_ca.c,df6734945d237b57d7e599d462fbf03755567308841066d0b6aea3fc71963e0d,drivers/misc/mediatek/gpu/Kconfig,,0,not-observed,support-code,no,no,none-observed,none-observed,not-derived-from-source,support-code-only,
drivers/misc/mediatek,drivers/misc/mediatek/gpu/gpu_mali/mali_bifrost/mali-r14p0/drivers/gpu/arm/midgard/backend/gpu/mali_kbase_pm_ca.h,ad96b0e6e50c45645c6f71c02932a31ff266ffe66153c54f5f3a2a53576f4d91,drivers/misc/mediatek/gpu/Kconfig,,0,not-observed,support-code,no,no,none-observed,none-observed,not-derived-from-source,support-code-only,
drivers/misc/mediatek,drivers/misc/mediatek/gpu/gpu_mali/mali_bifrost/mali-r14p0/drivers/gpu/arm/midgard/backend/gpu/mali_kbase_pm_coarse_demand.c,88a29b9246b8bb491cac8e9cb5af6259793d8d816afef688b3d3a4700bfdd2de,drivers/misc/mediatek/gpu/Kconfig,,0,not-observed,support-code,no,no,none-observed,none-observed,not-derived-from-source,support-code-only,
drivers/misc/mediatek,drivers/misc/mediatek/gpu/gpu_mali/mali_bifrost/mali-r14p0/drivers/gpu/arm/midgard/backend/gpu/mali_kbase_pm_coarse_demand.h,6ee1343a0060b94a831938e1403635f58e0c6ca30698b2ca6f0c36c6ff59cca6,drivers/misc/mediatek/gpu/Kconfig,,0,not-observed,support-code,no,no,none-observed,none-observed,not-derived-from-source,support-code-only,
drivers/misc/mediatek,drivers/misc/mediatek/gpu/gpu_mali/mali_bifrost/mali-r14p0/drivers/gpu/arm/midgard/backend/gpu/mali_kbase_pm_defs.h,36b2afbdd018b2a63a0bca3ddc4fa7c77afd9bda41bb01cc807a063bd1c87f3c,drivers/misc/mediatek/gpu/Kconfig,,0,not-observed,support-code,no,no,none-observed,none-observed,not-derived-from-source,support-code-only,
drivers/misc/mediatek,drivers/misc/mediatek/gpu/gpu_mali/mali_bifrost/mali-r14p0/drivers/gpu/arm/midgard/backend/gpu/mali_kbase_pm_demand.c,bfe6105faa7ab4fb8cfef0df6c03fce3af601c52ae3263a066a92a9f951821ee,drivers/misc/mediatek/gpu/Kconfig,,0,not-observed,support-code,no,no,none-observed,none-observed,not-derived-from-source,support-code-only,
drivers/misc/mediatek,drivers/misc/mediatek/gpu/gpu_mali/mali_bifrost/mali-r14p0/drivers/gpu/arm/midgard/backend/gpu/mali_kbase_pm_demand.h,b138a3aedcc9dcdb293c1217e25f89f3a3f5f7a023a637b56221f86352a2e465,drivers/misc/mediatek/gpu/Kconfig,,0,not-observed,support-code,no,no,none-observed,none-observed,not-derived-from-source,support-code-only,
drivers/misc/mediatek,drivers/misc/mediatek/gpu/gpu_mali/mali_bifrost/mali-r14p0/drivers/gpu/arm/midgard/backend/gpu/mali_kbase_pm_driver.c,47b4802dbd6cac1d22b93789e9ab82707c152b0dba1569b7c5699804f7a39995,drivers/misc/mediatek/gpu/Kconfig,,0,not-observed,support-code,no,no,none-observed,none-observed,not-derived-from-source,support-code-only,
drivers/misc/mediatek,drivers/misc/mediatek/gpu/gpu_mali/mali_bifrost/mali-r14p0/drivers/gpu/arm/midgard/backend/gpu/mali_kbase_pm_internal.h,2ce254550798c924f181d465c5c9e5359a857fa6084f655d2dbd232cf74b046e,drivers/misc/mediatek/gpu/Kconfig,,0,not-observed,support-code,no,no,none-observed,none-observed,not-derived-from-source,support-code-only,
drivers/misc/mediatek,drivers/misc/mediatek/gpu/gpu_mali/mali_bifrost/mali-r14p0/drivers/gpu/arm/midgard/backend/gpu/mali_kbase_pm_metrics.c,da087dc9a2db0728555a294d3bfce962c7f1add6852ae922290c586844f921db,drivers/misc/mediatek/gpu/Kconfig,,0,not-observed,support-code,no,no,none-observed,none-observed,not-derived-from-source,support-code-only,
drivers/misc/mediatek,drivers/misc/mediatek/gpu/gpu_mali/mali_bifrost/mali-r14p0/drivers/gpu/arm/midgard/backend/gpu/mali_kbase_pm_policy.c,4497428eb5a8336ed59598674ef6975f73db48f97999f2d068d32d9c933bb99d,drivers/misc/mediatek/gpu/Kconfig,,0,not-observed,support-code,no,no,none-observed,none-observed,not-derived-from-source,support-code-only,
drivers/misc/mediatek,drivers/misc/mediatek/gpu/gpu_mali/mali_bifrost/mali-r14p0/drivers/gpu/arm/midgard/backend/gpu/mali_kbase_pm_policy.h,75a7f6a18bc9743aa963d6dde1afc3e389883b8f26a8bf3b63f89e5e9ef6637f,drivers/misc/mediatek/gpu/Kconfig,,0,not-observed,support-code,no,no,none-observed,none-observed,not-derived-from-source,support-code-only,
drivers/misc/mediatek,drivers/misc/mediatek/gpu/gpu_mali/mali_bifrost/mali-r14p0/drivers/gpu/arm/midgard/backend/gpu/mali_kbase_time.c,3c86b140571eb40d9a2bfccc350af1542ced69d7786b99a18172582ed309b1c4,drivers/misc/mediatek/gpu/Kconfig,,0,not-observed,support-code,no,no,none-observed,none-observed,not-derived-from-source,support-code-only,
drivers/misc/mediatek,drivers/misc/mediatek/gpu/gpu_mali/mali_bifrost/mali-r14p0/drivers/gpu/arm/midgard/backend/gpu/mali_kbase_time.h,ea28d5eabea6c52e2de953ee013e140d637d9c1277f5c1cf6ffc01682e08ae61,drivers/misc/mediatek/gpu/Kconfig,,0,not-observed,support-code,no,no,none-observed,none-observed,not-derived-from-source,support-code-only,
drivers/misc/mediatek,drivers/misc/mediatek/gpu/gpu_mali/mali_bifrost/mali-r14p0/drivers/gpu/arm/midgard/ipa/mali_kbase_ipa.h,ab5fcf3c92d2222a63c5f34f04d0a25ca9576027d4e08a588c613dd6d92e26b4,drivers/misc/mediatek/gpu/Kconfig,,0,not-observed,support-code,no,no,none-observed,none-observed,not-derived-from-source,support-code-only,
drivers/misc/mediatek,drivers/misc/mediatek/gpu/gpu_mali/mali_bifrost/mali-r14p0/drivers/gpu/arm/midgard/platform/mtk_mfg_counter.h,2770a44a9f6208f3904da90f9eec1cac00064fd1954242f7193b67c90e89a34d,drivers/misc/mediatek/gpu/Kconfig,,0,not-observed,support-code,no,no,none-observed,none-observed,not-derived-from-source,support-code-only,
drivers/misc/mediatek,drivers/misc/mediatek/gpu/gpu_mali/mali_bifrost/mali-r14p0/drivers/gpu/arm/midgard/platform/mtk_platform_common.h,72aae5b6b37da9ac153fd00ad3d0382471ba6fb911fd93824de9faa792f71a59,drivers/misc/mediatek/gpu/Kconfig,,0,not-observed,support-code,no,no,none-observed,none-observed,not-derived-from-source,support-code-only,
drivers/misc/mediatek,drivers/misc/mediatek/gpu/gpu_mali/mali_bifrost/mali-r14p0/drivers/gpu/arm/midgard/platform/mt8183/mali_kbase_config_mt8183.c,4309ea476fdb12abdbe1636ce5d69d82da7a6b954b96200b06781bd8a4d22144,drivers/misc/mediatek/gpu/Kconfig,,0,not-observed,support-code,no,no,none-observed,none-observed,not-derived-from-source,support-code-only,
drivers/misc/mediatek,drivers/misc/mediatek/gpu/gpu_mali/mali_bifrost/mali-r14p0/drivers/gpu/arm/midgard/platform/mt8183/mali_kbase_config_platform.h,e019636e794afda14ef6fcb6767911bc822898c5cf79f561220117e44c0f834c,drivers/misc/mediatek/gpu/Kconfig,,0,not-observed,support-code,no,no,none-observed,none-observed,not-derived-from-source,support-code-only,
drivers/misc/mediatek,drivers/misc/mediatek/gpu/gpu_mali/mali_bifrost/mali-r14p0/drivers/gpu/arm/midgard/platform/mt8183/mali_kbase_cpu_mt8183.c,60806ddd81628eafeec3e1afe748b53520dbe043feae36d95f5a2af7fa4e56a7,drivers/misc/mediatek/gpu/Kconfig,,0,not-observed,support-code,no,no,none-observed,none-observed,not-derived-from-source,support-code-only,
drivers/misc/mediatek,drivers/misc/mediatek/gpu/gpu_mali/mali_bifrost/mali-r14p0/drivers/gpu/arm/midgard/platform/mt8183/mali_kbase_cpu_mt8183.h,3b8373e817ae1252394a8058a63927fae619a9b8cb6e5cdd2e65dcd9c58cbf7c,drivers/misc/mediatek/gpu/Kconfig,,0,not-observed,support-code,no,no,none-observed,none-observed,not-derived-from-source,support-code-only,
drivers/misc/mediatek,drivers/misc/mediatek/gpu/gpu_mali/mali_bifrost/mali-r14p0/drivers/gpu/arm/midgard/platform/mtk_platform_common/mtk_mfg_counter.c,ade55a37e6914ffab074040fd9d8698de3aff6023b697ca6b4e2c597bd4ca19e,drivers/misc/mediatek/gpu/Kconfig,,0,not-observed,support-code,no,no,none-observed,none-observed,not-derived-from-source,support-code-only,
drivers/misc/mediatek,drivers/misc/mediatek/gpu/gpu_mali/mali_bifrost/mali-r14p0/drivers/gpu/arm/midgard/platform/mtk_platform_common/mtk_platform_common.c,95264c5220f596f05de8cab1836d1128522cd9b8fbbc1757fdde0747489ae83e,drivers/misc/mediatek/gpu/Kconfig,proc_sysfs_debugfs_registration,3,not-observed,ioctl-or-user-copy,no,no,none-observed,none-observed,not-derived-from-source,source-surface-only,user_copy:272:<file-scope>; user_copy:323:<file-scope>; user_copy:372:<file-scope>; proc_sysfs_debugfs_registration:426:<file-scope>; proc_sysfs_debugfs_registration:435:<file-scope>; proc_sysfs_debugfs_registration:436:<file-scope>; proc_sysfs_debugfs_registration:437:<file-scope>; proc_sysfs_debugfs_registration:438:<file-scope>; proc_sysfs_debugfs_registration:439:<file-scope>; proc_sysfs_debugfs_registration:440:<file-scope>; proc_sysfs_debugfs_registration:441:<file-scope>
drivers/misc/mediatek,drivers/misc/mediatek/gpu/gpu_mali/mali_bifrost/mali-r14p0/drivers/gpu/arm/midgard/thirdparty/mali_kbase_mmap.c,dc07205c1ee77bac025b9d8be7531f55e9c3b5c0fae6b9515bfae0f30caa77e1,drivers/misc/mediatek/gpu/Kconfig,,0,not-observed,support-code,no,no,none-observed,none-observed,not-derived-from-source,support-code-only,
drivers/misc/mediatek,drivers/misc/mediatek/gpu/gpu_mali/mali_midgard/mali-EAC/drivers/gpu/arm/midgard/mali_kbase_js.c,d4ef8863f1bd6a4ee07b3997823cc9b5f55bab5a97135c4dd11689e73a4bfcfb,drivers/misc/mediatek/gpu/Kconfig,,0,not-observed,support-code,no,no,none-observed,none-observed,not-derived-from-source,support-code-only,property_or_boot_state:1841:<file-scope>
drivers/misc/mediatek,drivers/misc/mediatek/gpu/gpu_mali/mali_midgard/mali-r20p0/drivers/mali_kbase_fence_defs.h,5ff70f2d583bf77f292244ec5b5bc480b340486bf4c9a2c2229710741c548901,drivers/misc/mediatek/gpu/Kconfig,,0,not-observed,support-code,no,no,none-observed,none-observed,not-derived-from-source,support-code-only,
drivers/misc/mediatek,drivers/misc/mediatek/gpu/gpu_rgx/m1.10ED5051533/hwdefs/km/configs/rgxconfig_km_22.V.54.30.h,6c2fcf8871e66ea18200c99fd709e117648d32e11bf8bee3e694e64b2f69b6c4,drivers/misc/mediatek/gpu/Kconfig,,0,not-observed,support-code,no,no,none-observed,none-observed,not-derived-from-source,support-code-only,
drivers/misc/mediatek,drivers/misc/mediatek/gpu/hal/mtk_gpu_utility.c,0df277603b71551fad11d2f3c0340b231a812ca64b56f9df118a00f349e57a52,drivers/misc/mediatek/gpu/Kconfig,,0,not-observed,support-code,no,no,none-observed,none-observed,not-derived-from-source,support-code-only,
drivers/misc/mediatek,drivers/misc/mediatek/gud/400b/MobiCoreDriver/public/GP/tee_client_api_imp.h,4db29f42dae9528b7aaecf305278fa03c7571964f4741a5d48cb08c0cc36333f,drivers/misc/mediatek/gud/Kconfig,,0,not-observed,secure-world-marker,yes,no,none-observed,none-observed,not-derived-from-source,support-code-only,secure_world:49:<file-scope>
drivers/misc/mediatek,drivers/misc/mediatek/hdmi/inc/hdmi_drv.h,5d31b33d06748f9f2701bf396e7df4f412d84fea1542424fedbcaf7c89adca96,drivers/misc/mediatek/hdmi/Kconfig,,0,not-observed,support-code,no,no,none-observed,none-observed,not-derived-from-source,support-code-only,
drivers/misc/mediatek,drivers/misc/mediatek/hdmi/it66121/hdmi_drv.c,b049ad9ec9f726ff3104ff92204941b83af519ff9521416c39abdf35f1a88bde,drivers/misc/mediatek/hdmi/Kconfig,"proc_sysfs_debugfs_registration,device_registration",1,not-observed,ioctl-or-user-copy,no,no,none-observed,none-observed,not-derived-from-source,source-surface-only,user_copy:1037:<file-scope>; proc_sysfs_debugfs_registration:1075:<file-scope>; device_registration:1170:<file-scope>
drivers/misc/mediatek,drivers/misc/mediatek/imgsensor/inc/kd_camera_feature.h,36651c1a5c5911be3dfa01d8509773f70f615e7c42197344c897573ee4ef6f00,drivers/misc/mediatek/imgsensor/Kconfig,,0,not-observed,support-code,no,no,none-observed,none-observed,not-derived-from-source,support-code-only,
drivers/misc/mediatek,drivers/misc/mediatek/imgsensor/inc/kd_camera_feature_enum.h,434388bfb256c35cb4af44c39b45dd091053befa88ec46c6b92e188b6cdbb457,drivers/misc/mediatek/imgsensor/Kconfig,,0,not-observed,support-code,no,no,none-observed,none-observed,not-derived-from-source,support-code-only,
drivers/misc/mediatek,drivers/misc/mediatek/imgsensor/inc/kd_camera_feature_id.h,1a048f000e32948f71ea2ac86c3e3a51afd6349549b3e9483876055641cf9318,drivers/misc/mediatek/imgsensor/Kconfig,,0,not-observed,support-code,no,no,none-observed,none-observed,not-derived-from-source,support-code-only,
drivers/misc/mediatek,drivers/misc/mediatek/imgsensor/inc/kd_camera_typedef.h,6809637a9cd1e4e31a5cbc923021fa2ae22f2f4713ed71ac5fab8df70bbade9e,drivers/misc/mediatek/imgsensor/Kconfig,,0,not-observed,support-code,no,no,none-observed,none-observed,not-derived-from-source,support-code-only,
drivers/misc/mediatek,drivers/misc/mediatek/imgsensor/inc/kd_imgsensor.h,379009d42f5c280cc84508312759d0271b3a889bba8fde76893315646d383758,drivers/misc/mediatek/imgsensor/Kconfig,ioctl_entry,0,not-observed,ioctl-or-user-copy,no,no,none-observed,none-observed,not-derived-from-source,source-surface-only,ioctl_entry:59:<file-scope>; ioctl_entry:61:<file-scope>; ioctl_entry:63:<file-scope>; ioctl_entry:65:<file-scope>; ioctl_entry:67:<file-scope>; ioctl_entry:69:<file-scope>; ioctl_entry:71:<file-scope>; ioctl_entry:73:<file-scope>; ioctl_entry:75:<file-scope>; ioctl_entry:77:<file-scope>; ioctl_entry:79:<file-scope>; ioctl_entry:81:<file-scope>
drivers/misc/mediatek,drivers/misc/mediatek/imgsensor/inc/kd_imgsensor_CA_TA_cmd.h,9ef326e159f43da4c6f9389961814c031894d4de8e049050402a219e6ff8b76d,drivers/misc/mediatek/imgsensor/Kconfig,,0,not-observed,support-code,no,no,none-observed,none-observed,not-derived-from-source,support-code-only,
drivers/misc/mediatek,drivers/misc/mediatek/imgsensor/inc/kd_imgsensor_api.h,6e5b64112c9402dcef3b8133c49a7aac74b985d6a0eaec547a2d3290605dccdc,drivers/misc/mediatek/imgsensor/Kconfig,,0,not-observed,support-code,no,no,none-observed,none-observed,not-derived-from-source,support-code-only,
drivers/misc/mediatek,drivers/misc/mediatek/imgsensor/inc/kd_imgsensor_define.h,4ddcab78f99f2fba4eaa712716d34062f52ae0a8b00a18f175bfe4289221992f,drivers/misc/mediatek/imgsensor/Kconfig,ioctl_entry,0,not-observed,ioctl-or-user-copy,no,no,none-observed,none-observed,not-derived-from-source,source-surface-only,ioctl_entry:944:<file-scope>
drivers/misc/mediatek,drivers/misc/mediatek/imgsensor/inc/kd_imgsensor_errcode.h,882bd5933cb87af53478519b162358566f0e8e0ba7cec9c74b84f0ae7ca7de06,drivers/misc/mediatek/imgsensor/Kconfig,,0,not-observed,support-code,no,no,none-observed,none-observed,not-derived-from-source,support-code-only,
drivers/misc/mediatek,drivers/misc/mediatek/imgsensor/inc/kd_seninf.h,dfc6e98a32ce88fa6a3798d76bd18e7b9e192eb4646e42fe32c7719821fdad05,drivers/misc/mediatek/imgsensor/Kconfig,ioctl_entry,0,not-observed,ioctl-or-user-copy,no,no,none-observed,none-observed,not-derived-from-source,source-surface-only,ioctl_entry:29:<file-scope>; ioctl_entry:30:<file-scope>; ioctl_entry:31:<file-scope>; ioctl_entry:32:<file-scope>; ioctl_entry:33:<file-scope>
drivers/misc/mediatek,drivers/misc/mediatek/imgsensor/inc/kd_seninf_define.h,01c0fa718ea4585d7323f24f9cda03d65a707020bd2fb13f273ce3e51b861bbd,drivers/misc/mediatek/imgsensor/Kconfig,,0,not-observed,support-code,no,no,none-observed,none-observed,not-derived-from-source,support-code-only,
drivers/misc/mediatek,drivers/misc/mediatek/imgsensor/src/common/v1/s5k2l7_mipi_raw/s5k2l7_setting_mode1_v2.h,f9c4e2ee94d6e6058a8140a86db7a23055e09b5c03b6be82fb142a06cf99ecaa,drivers/misc/mediatek/imgsensor/src/Kconfig,,0,not-observed,support-code,no,no,none-observed,none-observed,not-derived-from-source,support-code-only,
drivers/misc/mediatek,drivers/misc/mediatek/imgsensor/src/common/v1_1/imgsensor.c,abafad5af0c6317c76a96798587b872c588b27b96d2833bbdc9a2d77afa3ff8a,drivers/misc/mediatek/imgsensor/src/Kconfig,"ioctl_entry,device_registration",21,not-observed,ioctl-or-user-copy,no,no,none-observed,none-observed,not-derived-from-source,source-surface-only,user_copy:630:<file-scope>; ioctl_entry:633:<file-scope>; user_copy:753:<file-scope>; ioctl_entry:757:<file-scope>; user_copy:822:<file-scope>; ioctl_entry:824:<file-scope>; ioctl_entry:837:<file-scope>; user_copy:842:<file-scope>; ioctl_entry:845:<file-scope>; ioctl_entry:908:<file-scope>; ioctl_entry:972:<file-scope>; ioctl_entry:1005:<file-scope>
drivers/misc/mediatek,drivers/misc/mediatek/imgsensor/src/common/v1_1/imgsensor.h,6f4832c6c0d6b880685130299a4fdedcd261602bd347cbfcd3cbe04345ae14af,drivers/misc/mediatek/imgsensor/src/Kconfig,,0,not-observed,support-code,no,no,none-observed,none-observed,not-derived-from-source,support-code-only,
drivers/misc/mediatek,drivers/misc/mediatek/imgsensor/src/common/v1_1/imgsensor_ca.h,be27209fe55c2046a81e394821c29b81268157bdc4ef0fb90134e6edde44306a,drivers/misc/mediatek/imgsensor/src/Kconfig,,0,not-observed,support-code,no,no,none-observed,none-observed,not-derived-from-source,support-code-only,
drivers/misc/mediatek,drivers/misc/mediatek/imgsensor/src/common/v1_1/imgsensor_common.h,41a1e50bcd2d19951b93a84bc6e83356e962ca7757c743bb7b2d6df1d8c818ea,drivers/misc/mediatek/imgsensor/src/Kconfig,,0,not-observed,support-code,no,no,none-observed,none-observed,not-derived-from-source,support-code-only,
drivers/misc/mediatek,drivers/misc/mediatek/imgsensor/src/common/v1_1/imgsensor_hw.c,4537cac616aff767035dc7489cfb58901155ac281c7c01253017132d4256be7a,drivers/misc/mediatek/imgsensor/src/Kconfig,,0,not-observed,support-code,no,no,none-observed,none-observed,not-derived-from-source,support-code-only,
drivers/misc/mediatek,drivers/misc/mediatek/imgsensor/src/common/v1_1/imgsensor_hw.h,2cfa524b64797a25236d2030d6b7eb5e984db40122a1f87f8f8bf78bdad22bda,drivers/misc/mediatek/imgsensor/src/Kconfig,,0,not-observed,support-code,no,no,none-observed,none-observed,not-derived-from-source,support-code-only,
drivers/misc/mediatek,drivers/misc/mediatek/imgsensor/src/common/v1_1/imgsensor_i2c.c,612ff14ab63cc6bffeb4641df316de4864fa9ee764f6c50eba5899cf708be804,drivers/misc/mediatek/imgsensor/src/Kconfig,,0,not-observed,support-code,no,no,none-observed,none-observed,not-derived-from-source,support-code-only,
drivers/misc/mediatek,drivers/misc/mediatek/imgsensor/src/common/v1_1/imgsensor_i2c.h,075f7dd72003ced97532fa61993355748c3fa3328258cde23aed56cc78133ba1,drivers/misc/mediatek/imgsensor/src/Kconfig,,0,not-observed,support-code,no,no,none-observed,none-observed,not-derived-from-source,support-code-only,
drivers/misc/mediatek,drivers/misc/mediatek/imgsensor/src/common/v1_1/imgsensor_legacy.c,5a1a23022575b96c789a98845b76837068dc901dd401104a33d77c638cc748c5,drivers/misc/mediatek/imgsensor/src/Kconfig,,0,not-observed,support-code,no,no,none-observed,none-observed,not-derived-from-source,support-code-only,
drivers/misc/mediatek,drivers/misc/mediatek/imgsensor/src/common/v1_1/imgsensor_proc.c,34b17948c37ba3c913f16c4ce903bcefdacdf8e7f84236b4449b6b202da4cd03,drivers/misc/mediatek/imgsensor/src/Kconfig,proc_sysfs_debugfs_registration,5,not-observed,ioctl-or-user-copy,no,no,none-observed,none-observed,not-derived-from-source,source-surface-only,user_copy:59:<file-scope>; user_copy:85:<file-scope>; user_copy:128:<file-scope>; user_copy:170:<file-scope>; user_copy:211:<file-scope>; proc_sysfs_debugfs_registration:331:<file-scope>; proc_sysfs_debugfs_registration:332:<file-scope>; proc_sysfs_debugfs_registration:333:<file-scope>; proc_sysfs_debugfs_registration:334:<file-scope>; proc_sysfs_debugfs_registration:335:<file-scope>; proc_sysfs_debugfs_registration:336:<file-scope>; proc_sysfs_debugfs_registration:339:<file-scope>
drivers/misc/mediatek,drivers/misc/mediatek/imgsensor/src/common/v1_1/imgsensor_proc.h,d551980a14168905b5f1ce1e0662f2b18d9a37cf044bdd5be0412e080bda8519,drivers/misc/mediatek/imgsensor/src/Kconfig,,0,not-observed,support-code,no,no,none-observed,none-observed,not-derived-from-source,support-code-only,
drivers/misc/mediatek,drivers/misc/mediatek/imgsensor/src/common/v1_1/imgsensor_sensor.h,7bfcefa1aeb325e6b9664d1d52b5a1fa5440c011acaa970ed1aa236999bce388,drivers/misc/mediatek/imgsensor/src/Kconfig,,0,not-observed,support-code,no,no,none-observed,none-observed,not-derived-from-source,support-code-only,
drivers/misc/mediatek,drivers/misc/mediatek/imgsensor/src/common/v1_1/imgsensor_sensor_list.c,506bf2195c63d43e2ee90feea99ed17f69f72a5322ff605f34a1da624a572706,drivers/misc/mediatek/imgsensor/src/Kconfig,,0,not-observed,support-code,no,no,none-observed,none-observed,not-derived-from-source,support-code-only,
drivers/misc/mediatek,drivers/misc/mediatek/imgsensor/src/common/v1_1/imgsensor_sensor_list.h,78cd29dcf81e3403bbe502f3a0ef5480a9a3a792e210dc2e1eaac6ef52da5fa5,drivers/misc/mediatek/imgsensor/src/Kconfig,,0,not-observed,support-code,no,no,none-observed,none-observed,not-derived-from-source,support-code-only,
drivers/misc/mediatek,drivers/misc/mediatek/imgsensor/src/common/v1_1/seninf.c,bd47113251617a2ce4ce307236d694e6f332b1ed735e910e9455f39a7a9ef8c1,drivers/misc/mediatek/imgsensor/src/Kconfig,"ioctl_entry,device_registration",2,not-observed,ioctl-or-user-copy,no,no,none-observed,none-observed,not-derived-from-source,source-surface-only,ioctl_entry:201:<file-scope>; user_copy:207:<file-scope>; ioctl_entry:208:<file-scope>; user_copy:253:<file-scope>; ioctl_entry:254:<file-scope>; ioctl_entry:270:<file-scope>; ioctl_entry:273:<file-scope>; ioctl_entry:282:<file-scope>; ioctl_entry:284:<file-scope>; device_registration:311:<file-scope>; device_registration:328:<file-scope>; device_registration:334:<file-scope>
drivers/misc/mediatek,drivers/misc/mediatek/imgsensor/src/common/v1_1/seninf.h,01b301550c1468d3ee28b2b2a17a7ccaf6002dea32157a74a5614027b7f568a1,drivers/misc/mediatek/imgsensor/src/Kconfig,,0,not-observed,support-code,no,no,none-observed,none-observed,not-derived-from-source,support-code-only,
drivers/misc/mediatek,drivers/misc/mediatek/imgsensor/src/common/v1_1/seninf_common.h,9103f302c63aa823d9a210a7c198def960c5ec53caed74ca069dbad2f8c6581b,drivers/misc/mediatek/imgsensor/src/Kconfig,,0,not-observed,support-code,no,no,none-observed,none-observed,not-derived-from-source,support-code-only,
drivers/misc/mediatek,drivers/misc/mediatek/imgsensor/src/common/v1_1/gc02m1tr_mipi_raw/gc02m1trmipi_Sensor.c,0f42fb2868cd3e294ef03738f22ae9a2facfd8ea61fba324f4210ec6e81da071,drivers/misc/mediatek/imgsensor/src/Kconfig,,0,not-observed,support-code,no,no,none-observed,none-observed,not-derived-from-source,support-code-only,
drivers/misc/mediatek,drivers/misc/mediatek/imgsensor/src/common/v1_1/gc02m1tr_mipi_raw/gc02m1trmipi_Sensor.h,20e94507768afdb1ca83617799401f02a479f69abddca0739dc49220f170b9ff,drivers/misc/mediatek/imgsensor/src/Kconfig,,0,not-observed,support-code,no,no,none-observed,none-observed,not-derived-from-source,support-code-only,
drivers/misc/mediatek,drivers/misc/mediatek/imgsensor/src/common/v1_1/gc02m1trsec_mipi_raw/gc02m1trsecmipi_Sensor.c,6f93b5f5031e606d7082d2e6c68a911aee32d3c4b872719824dc0e1a7e91e5f3,drivers/misc/mediatek/imgsensor/src/Kconfig,,0,not-observed,support-code,no,no,none-observed,none-observed,not-derived-from-source,support-code-only,
drivers/misc/mediatek,drivers/misc/mediatek/imgsensor/src/common/v1_1/gc02m1trsec_mipi_raw/gc02m1trsecmipi_Sensor.h,9d1f5867a835b8c0ee7b2515da08d88ab8483cb31863a1f94477f979ae4013a6,drivers/misc/mediatek/imgsensor/src/Kconfig,,0,not-observed,support-code,no,no,none-observed,none-observed,not-derived-from-source,support-code-only,
drivers/misc/mediatek,drivers/misc/mediatek/imgsensor/src/common/v1_1/gc5035_mipi_raw/gc5035_Otp.c,3197557c03c814714776dffea068a78b0597e6bf9fd80e4df3a5ef611c43575e,drivers/misc/mediatek/imgsensor/src/Kconfig,,0,not-observed,support-code,no,no,none-observed,none-observed,not-derived-from-source,support-code-only,
drivers/misc/mediatek,drivers/misc/mediatek/imgsensor/src/common/v1_1/gc5035_mipi_raw/gc5035_Otp.h,6afdaebb4830c3f85d42d4fb446c36730ac9a8c8feab71855f4a4509ef2affd2,drivers/misc/mediatek/imgsensor/src/Kconfig,,0,not-observed,support-code,no,no,none-observed,none-observed,not-derived-from-source,support-code-only,
drivers/misc/mediatek,drivers/misc/mediatek/imgsensor/src/common/v1_1/gc5035_mipi_raw/gc5035mipi_Sensor.c,f651001cc3b17937f9c35de02ea4eeb849ae56ee014afbaa175614599421f0bd,drivers/misc/mediatek/imgsensor/src/Kconfig,,0,not-observed,support-code,no,no,none-observed,none-observed,not-derived-from-source,support-code-only,
drivers/misc/mediatek,drivers/misc/mediatek/imgsensor/src/common/v1_1/gc5035_mipi_raw/gc5035mipi_Sensor.h,1371b461ba5bfa22181a663b74e20adeed751c6cf3689b81d0782e5e8a6380f6,drivers/misc/mediatek/imgsensor/src/Kconfig,,0,not-observed,support-code,no,no,none-observed,none-observed,not-derived-from-source,support-code-only,
drivers/misc/mediatek,drivers/misc/mediatek/imgsensor/src/common/v1_1/gc5035sec_mipi_raw/gc5035sec_Otp.c,bba15d21851390694dc6c26d558a6e80ddfcff1784630eaf6f95910a6ad19bd5,drivers/misc/mediatek/imgsensor/src/Kconfig,,0,not-observed,support-code,no,no,none-observed,none-observed,not-derived-from-source,support-code-only,
drivers/misc/mediatek,drivers/misc/mediatek/imgsensor/src/common/v1_1/gc5035sec_mipi_raw/gc5035sec_Otp.h,3a7246997725580a48e427b44e4edd52f4fb751a2588395bd327007ed5189f3c,drivers/misc/mediatek/imgsensor/src/Kconfig,,0,not-observed,support-code,no,no,none-observed,none-observed,not-derived-from-source,support-code-only,
drivers/misc/mediatek,drivers/misc/mediatek/imgsensor/src/common/v1_1/gc5035sec_mipi_raw/gc5035secmipi_Sensor.c,0a26ca889c7bc81d53b1e66b45890a221ef185faea278066b8731c51083e5341,drivers/misc/mediatek/imgsensor/src/Kconfig,,0,not-observed,support-code,no,no,none-observed,none-observed,not-derived-from-source,support-code-only,
drivers/misc/mediatek,drivers/misc/mediatek/imgsensor/src/common/v1_1/gc5035sec_mipi_raw/gc5035secmipi_Sensor.h,0b6923852167627cab0f04f7d38dfc36094e67205bf304e1d05ef6f6343e04bd,drivers/misc/mediatek/imgsensor/src/Kconfig,,0,not-observed,support-code,no,no,none-observed,none-observed,not-derived-from-source,support-code-only,
drivers/misc/mediatek,drivers/misc/mediatek/imgsensor/src/common/v1_1/hi556_mipi_raw/hi556mipiraw_Sensor.c,21d4a1b7f88a9ef94f331c9b1596bff6e89753455a39657ac1ca7557fbe8f601,drivers/misc/mediatek/imgsensor/src/Kconfig,,0,not-observed,support-code,no,no,none-observed,none-observed,not-derived-from-source,support-code-only,
drivers/misc/mediatek,drivers/misc/mediatek/imgsensor/src/common/v1_1/hi556_mipi_raw/hi556mipiraw_Sensor.h,d4a700050f2aee4df8bf20eb403e82c02d3a38ff70648872fd3269fe56f2ab3e,drivers/misc/mediatek/imgsensor/src/Kconfig,,0,not-observed,support-code,no,no,none-observed,none-observed,not-derived-from-source,support-code-only,
drivers/misc/mediatek,drivers/misc/mediatek/imgsensor/src/common/v1_1/hi556sec_mipi_raw/hi556secmipiraw_Sensor.c,ce4d122206672c71b94a4880158716d98546279f23c821868c63a1cb2696eba6,drivers/misc/mediatek/imgsensor/src/Kconfig,,0,not-observed,support-code,no,no,none-observed,none-observed,not-derived-from-source,support-code-only,
drivers/misc/mediatek,drivers/misc/mediatek/imgsensor/src/common/v1_1/hi556sec_mipi_raw/hi556secmipiraw_Sensor.h,c4ad61fc271eec4fb0c3078597d11ab47c3ab60a9671ca6b2bb3d423c263f034,drivers/misc/mediatek/imgsensor/src/Kconfig,,0,not-observed,support-code,no,no,none-observed,none-observed,not-derived-from-source,support-code-only,
drivers/misc/mediatek,drivers/misc/mediatek/imgsensor/src/common/v1_1/ov02b_mipi_raw/ov02bmipi_Sensor.c,90a79fac8540e03b940c3299e46991fb0a8e6d90b13cd7c319075f554c725f4c,drivers/misc/mediatek/imgsensor/src/Kconfig,,0,not-observed,support-code,no,no,none-observed,none-observed,not-derived-from-source,support-code-only,
drivers/misc/mediatek,drivers/misc/mediatek/imgsensor/src/common/v1_1/ov02b_mipi_raw/ov02bmipi_Sensor.h,3a253701b8e075751f644ffc3fa8c92220c4ddf5f190aee4b4f2e8c1c11ec526,drivers/misc/mediatek/imgsensor/src/Kconfig,,0,not-observed,support-code,no,no,none-observed,none-observed,not-derived-from-source,support-code-only,
drivers/misc/mediatek,drivers/misc/mediatek/imgsensor/src/common/v1_1/ov02bsec_mipi_raw/ov02bsecmipi_Sensor.c,4daf06dd18d216ad3a932883489e54d534550b5a3b0df0dd9510c2c8d357e45a,drivers/misc/mediatek/imgsensor/src/Kconfig,,0,not-observed,support-code,no,no,none-observed,none-observed,not-derived-from-source,support-code-only,
drivers/misc/mediatek,drivers/misc/mediatek/imgsensor/src/common/v1_1/ov02bsec_mipi_raw/ov02bsecmipi_Sensor.h,ffa3eacb4eaa7708aa9de0dc54f636b54a67360f5ff6e6acfc4c277003d0873b,drivers/misc/mediatek/imgsensor/src/Kconfig,,0,not-observed,support-code,no,no,none-observed,none-observed,not-derived-from-source,support-code-only,
drivers/misc/mediatek,drivers/misc/mediatek/imgsensor/src/common/v1_1/s5k3m3_mipi_raw/s5k3m3_setting_v1.h,c180df2a9994e5d50c30ed83ed05a0154e029f89a8a071919f08af4dc3de81a8,drivers/misc/mediatek/imgsensor/src/Kconfig,,0,not-observed,support-code,no,no,none-observed,none-observed,not-derived-from-source,support-code-only,
drivers/misc/mediatek,drivers/misc/mediatek/imgsensor/src/mt8183/camera_project/trona/camera_hw/imgsensor_cfg_table.c,6f78de6662785f5de284449e695aae6b02a1a017bdf66a1dea28666bde5ce77a,drivers/misc/mediatek/imgsensor/src/Kconfig,,0,not-observed,support-code,no,no,none-observed,none-observed,not-derived-from-source,support-code-only,
drivers/misc/mediatek,drivers/misc/mediatek/imgsensor/src/mt8183/camera_project/trona/camera_hw/imgsensor_cfg_table.h,d4850faf25e2f5c56eb6a2b736963700b8d62b3d5efcc337bf40cb88544ef217,drivers/misc/mediatek/imgsensor/src/Kconfig,,0,not-observed,support-code,no,no,none-observed,none-observed,not-derived-from-source,support-code-only,
drivers/misc/mediatek,drivers/misc/mediatek/imgsensor/src/mt8183/camera_project/trona/camera_hw/imgsensor_oc.c,dc0d465d1d4f41578c0c16c22f2556dfc89a3351d3c94661c3837d3c88e39bb5,drivers/misc/mediatek/imgsensor/src/Kconfig,,0,not-observed,support-code,no,no,none-observed,none-observed,not-derived-from-source,support-code-only,
drivers/misc/mediatek,drivers/misc/mediatek/imgsensor/src/mt8183/camera_project/trona/camera_hw/imgsensor_oc.h,9fc1d11e3ba5ca73ffc9e5a2313d3a3a27627aaf13710a5884214a2edd066279,drivers/misc/mediatek/imgsensor/src/Kconfig,,0,not-observed,support-code,no,no,none-observed,none-observed,not-derived-from-source,support-code-only,
drivers/misc/mediatek,drivers/misc/mediatek/imgsensor/src/mt8183/camera_project/trona/camera_hw/gpio/gpio.c,2f67351034b445aaf2b81d132300ccc424ebcfd0e256689660c5d0ea648e542b,drivers/misc/mediatek/imgsensor/src/Kconfig,,0,not-observed,support-code,no,no,none-observed,none-observed,not-derived-from-source,support-code-only,
drivers/misc/mediatek,drivers/misc/mediatek/imgsensor/src/mt8183/camera_project/trona/camera_hw/gpio/gpio.h,b335307eb980cd44b68f7e3380f2ce8a2288c73f2388a24ed46437e17fbe1a5f,drivers/misc/mediatek/imgsensor/src/Kconfig,,0,not-observed,support-code,no,no,none-observed,none-observed,not-derived-from-source,support-code-only,
drivers/misc/mediatek,drivers/misc/mediatek/imgsensor/src/mt8183/camera_project/trona/camera_hw/mclk/mclk.c,36b013f79f318d30ce9fa1e579ce724ef4ab1151427e10723438534579137276,drivers/misc/mediatek/imgsensor/src/Kconfig,,0,not-observed,support-code,no,no,none-observed,none-observed,not-derived-from-source,support-code-only,
drivers/misc/mediatek,drivers/misc/mediatek/imgsensor/src/mt8183/camera_project/trona/camera_hw/mclk/mclk.h,eb719771dc5ac3b4b55eb32bb5f25c520e81317944375d9e3f32e289e00115bc,drivers/misc/mediatek/imgsensor/src/Kconfig,,0,not-observed,support-code,no,no,none-observed,none-observed,not-derived-from-source,support-code-only,
drivers/misc/mediatek,drivers/misc/mediatek/imgsensor/src/mt8183/camera_project/trona/camera_hw/regulator/regulator.c,b5e80bc2c5567fa55fbff8bb76f11ed3fc66f622ccab36baba0c67be0bd887b4,drivers/misc/mediatek/imgsensor/src/Kconfig,,0,not-observed,support-code,no,no,none-observed,none-observed,not-derived-from-source,support-code-only,
drivers/misc/mediatek,drivers/misc/mediatek/imgsensor/src/mt8183/camera_project/trona/camera_hw/regulator/regulator.h,1265b6ed89af3ee870fe63b46c23a10ac81422dbe31b71622bbf096860b733b5,drivers/misc/mediatek/imgsensor/src/Kconfig,,0,not-observed,support-code,no,no,none-observed,none-observed,not-derived-from-source,support-code-only,
drivers/misc/mediatek,drivers/misc/mediatek/imgsensor/src/mt8183/seninf/seninf_cfg.h,88ff46f1dea9ff186a6539c2902a32433762e9e4f164c79920d1ae4f9a8070c2,drivers/misc/mediatek/imgsensor/src/Kconfig,,0,not-observed,support-code,no,no,none-observed,none-observed,not-derived-from-source,support-code-only,
drivers/misc/mediatek,drivers/misc/mediatek/imgsensor/src/mt8183/seninf/seninf_clk.c,4f4463f752cad8cb2577e9cfd4a74ecee8c3378e55dc892fe82481bbce68e972,drivers/misc/mediatek/imgsensor/src/Kconfig,,0,not-observed,support-code,no,no,none-observed,none-observed,not-derived-from-source,support-code-only,
drivers/misc/mediatek,drivers/misc/mediatek/imgsensor/src/mt8183/seninf/seninf_clk.h,ae9f911827ca5fe14e9e7785bb7658518b0d35de7a9c70447439439a6367ad88,drivers/misc/mediatek/imgsensor/src/Kconfig,,0,not-observed,support-code,no,no,none-observed,none-observed,not-derived-from-source,support-code-only,
drivers/misc/mediatek,drivers/misc/mediatek/include/mt-plat/aee.h,1376b0a1881636dbd4e7f1f488b777f70c8b9e3f185fc7069aacd5dc26e7e9dc,drivers/misc/mediatek/Kconfig,ioctl_entry,0,not-observed,ioctl-or-user-copy,no,no,none-observed,none-observed,not-derived-from-source,source-surface-only,ioctl_entry:196:<file-scope>
drivers/misc/mediatek,drivers/misc/mediatek/include/mt-plat/battery_metrics.h,5f7cfaecba8bba3a5a6960583ba8fc4b07fa42bb90c7edae50092e9a067aca16,drivers/misc/mediatek/Kconfig,,0,not-observed,support-code,no,no,none-observed,none-observed,not-derived-from-source,support-code-only,
drivers/misc/mediatek,drivers/misc/mediatek/include/mt-plat/charger_class.h,fa2ab461149a16df59da18159b9a73730afd1fc4efc07f8dc1d93d7393f20477,drivers/misc/mediatek/Kconfig,,0,not-observed,support-code,no,no,none-observed,none-observed,not-derived-from-source,support-code-only,
drivers/misc/mediatek,drivers/misc/mediatek/include/mt-plat/charger_type.h,d34d761ba53c0f97b6c54ff6e847e0496be65f8a037268237892255bf6dcfd4b,drivers/misc/mediatek/Kconfig,,0,not-observed,support-code,no,no,none-observed,none-observed,not-derived-from-source,support-code-only,
drivers/misc/mediatek,drivers/misc/mediatek/include/mt-plat/charging.h,0d2af1212c16994f7aebad0b95f869f63d03582863d8d04c7ae909d68e60c8b8,drivers/misc/mediatek/Kconfig,,0,not-observed,support-code,no,no,none-observed,none-observed,not-derived-from-source,support-code-only,
drivers/misc/mediatek,drivers/misc/mediatek/include/mt-plat/dma.h,58b272e2c0684372a7a1d3372c5e0fac3d634c1dea7727576802a3dc7e73f40f,drivers/misc/mediatek/Kconfig,,0,not-observed,support-code,no,no,none-observed,none-observed,not-derived-from-source,support-code-only,
drivers/misc/mediatek,drivers/misc/mediatek/include/mt-plat/eas_controller.h,705ce88eec7aa1365e2fdcf80ebbfecd06c17aefa9dba3924527f07339c05c04,drivers/misc/mediatek/Kconfig,,0,not-observed,support-code,no,no,none-observed,none-observed,not-derived-from-source,support-code-only,
drivers/misc/mediatek,drivers/misc/mediatek/include/mt-plat/fpsgo_common.h,103ea581eaf497919f70db69197291b8277ef2da8d70705700fdddb6f2d21ced,drivers/misc/mediatek/Kconfig,,0,not-observed,support-code,no,no,none-observed,none-observed,not-derived-from-source,support-code-only,
drivers/misc/mediatek,drivers/misc/mediatek/include/mt-plat/fpsgo_v2_common.h,5ae7c3ca2cf2af4b901af67956664ec79eebd0700fbcbb4e5db503f5ecd03e78,drivers/misc/mediatek/Kconfig,,0,not-observed,support-code,no,no,none-observed,none-observed,not-derived-from-source,support-code-only,
drivers/misc/mediatek,drivers/misc/mediatek/include/mt-plat/legacy_controller.h,1018d75807e099bc3b67eed40e932bb51d06c43613131a70a9b8ca50289ccf7c,drivers/misc/mediatek/Kconfig,,0,not-observed,support-code,no,no,none-observed,none-observed,not-derived-from-source,support-code-only,
drivers/misc/mediatek,drivers/misc/mediatek/include/mt-plat/met_drv.h,6a586ad049a3ed47d59c77e581f090ae1280ad4a5a2e425e376a2d1c41774897,drivers/misc/mediatek/Kconfig,ioctl_entry,0,not-observed,ioctl-or-user-copy,no,no,none-observed,none-observed,not-derived-from-source,source-surface-only,ioctl_entry:220:<file-scope>; ioctl_entry:221:<file-scope>; ioctl_entry:222:<file-scope>; ioctl_entry:223:<file-scope>; ioctl_entry:224:<file-scope>; ioctl_entry:225:<file-scope>; ioctl_entry:226:<file-scope>; ioctl_entry:227:<file-scope>; ioctl_entry:228:<file-scope>; ioctl_entry:229:<file-scope>; ioctl_entry:230:<file-scope>; ioctl_entry:231:<file-scope>
drivers/misc/mediatek,drivers/misc/mediatek/include/mt-plat/met_drv_udtl_null.h,c4c5da8356a0fb1e0e3b092bb74fd922c24b42cc9f15b9a84c0436af53754a51,drivers/misc/mediatek/Kconfig,,0,not-observed,support-code,no,no,none-observed,none-observed,not-derived-from-source,support-code-only,
drivers/misc/mediatek,drivers/misc/mediatek/include/mt-plat/mrdump.h,bf54dc941c1bfcd7c7298b88f981733e47ba4066abc8212d709970b3c22c246f,drivers/misc/mediatek/Kconfig,,0,not-observed,support-code,no,no,none-observed,none-observed,not-derived-from-source,support-code-only,
drivers/misc/mediatek,drivers/misc/mediatek/include/mt-plat/mtk_auxadc_intf.h,e1e44e655f5a2fb65c8ce532bf54518781a960fb75f091962f25f8797d757cd4,drivers/misc/mediatek/Kconfig,,0,not-observed,support-code,no,no,none-observed,none-observed,not-derived-from-source,support-code-only,
drivers/misc/mediatek,drivers/misc/mediatek/include/mt-plat/mtk_battery.h,af734d180bb9db13efe8f3922376155dadcde082bf92d0ea526176765f4c123b,drivers/misc/mediatek/Kconfig,,0,not-observed,support-code,no,no,none-observed,none-observed,not-derived-from-source,support-code-only,
drivers/misc/mediatek,drivers/misc/mediatek/include/mt-plat/mtk_blocktag.h,c286ba886f34c3f16c7ddaff2b3c65def394604d0afaa522f13a714f4b5a4425,drivers/misc/mediatek/Kconfig,,0,not-observed,support-code,no,no,none-observed,none-observed,not-derived-from-source,support-code-only,
drivers/misc/mediatek,drivers/misc/mediatek/include/mt-plat/mtk_boot.h,28c502ed5d1ac14a687cc3b0f2c4ba8a23528ec562892d014284e36e94555caa,drivers/misc/mediatek/Kconfig,,0,not-observed,support-code,no,no,none-observed,none-observed,not-derived-from-source,support-code-only,
drivers/misc/mediatek,drivers/misc/mediatek/include/mt-plat/mtk_boot_common.h,0cb30227111b84a49a20d988586947e2c30f3339029f934c8c7dd1a3e34e06ec,drivers/misc/mediatek/Kconfig,,0,not-observed,support-code,no,no,none-observed,none-observed,not-derived-from-source,support-code-only,property_or_boot_state:40:<file-scope>
drivers/misc/mediatek,drivers/misc/mediatek/include/mt-plat/mtk_boot_reason.h,a8ba95929bfe10b2def53c6605ade80aebcba881279712c05db8cd2c52fe671f,drivers/misc/mediatek/Kconfig,,0,not-observed,support-code,no,no,none-observed,none-observed,not-derived-from-source,support-code-only,
drivers/misc/mediatek,drivers/misc/mediatek/include/mt-plat/mtk_ccci_common.h,c0e8a5550060dfc54627c2a9945651cfd682bedbf5da4b0eca85d5281c63abc6,drivers/misc/mediatek/Kconfig,,0,not-observed,support-code,no,no,none-observed,none-observed,not-derived-from-source,support-code-only,
drivers/misc/mediatek,drivers/misc/mediatek/include/mt-plat/mtk_charger.h,7080f0cd9265fcb55d4aabd5c60bfa56fc5896bf25c93b40fb91eae5ccd1c984,drivers/misc/mediatek/Kconfig,,0,not-observed,support-code,no,no,none-observed,none-observed,not-derived-from-source,support-code-only,
drivers/misc/mediatek,drivers/misc/mediatek/include/mt-plat/mtk_chip.h,8b52f35efb6b63781d8c7eb0744d333ec7ba2cc22a8f6fbded99c38e91ad7aeb,drivers/misc/mediatek/Kconfig,,0,not-observed,support-code,no,no,none-observed,none-observed,not-derived-from-source,support-code-only,
drivers/misc/mediatek,drivers/misc/mediatek/include/mt-plat/mtk_cirq.h,8c25860d6ce2329c9c5ff50aad43f1fc3f64db9be9db99504a0a93aa5d12fb9b,drivers/misc/mediatek/Kconfig,,0,not-observed,support-code,no,no,none-observed,none-observed,not-derived-from-source,support-code-only,
drivers/misc/mediatek,drivers/misc/mediatek/include/mt-plat/mtk_cmo.h,e2a167b7e807b610d580e93b65f96cb6feb81c5ba6fc407e409ccd2812ec6982,drivers/misc/mediatek/Kconfig,,0,not-observed,support-code,no,no,none-observed,none-observed,not-derived-from-source,support-code-only,
drivers/misc/mediatek,drivers/misc/mediatek/include/mt-plat/mtk_devinfo.h,c11695a5a03238da70640430252515d720026c5bb75ba7b11d1c6878d294b1d7,drivers/misc/mediatek/Kconfig,,0,not-observed,support-code,no,no,none-observed,none-observed,not-derived-from-source,support-code-only,
drivers/misc/mediatek,drivers/misc/mediatek/include/mt-plat/mtk_freqhopping_drv.h,1c4810778b157d8ede62c61a7a1633d877eb38387816e8bed9d7a9156662409b,drivers/misc/mediatek/Kconfig,ioctl_entry,0,not-observed,ioctl-or-user-copy,no,no,none-observed,none-observed,not-derived-from-source,source-surface-only,ioctl_entry:78:<file-scope>; ioctl_entry:81:<file-scope>
drivers/misc/mediatek,drivers/misc/mediatek/include/mt-plat/mtk_gpio.h,d638c024876054536439a4b2c9cc3d523830fc40d071660017ae59c02eb4e860,drivers/misc/mediatek/Kconfig,ioctl_entry,0,not-observed,ioctl-or-user-copy,no,no,none-observed,none-observed,not-derived-from-source,source-surface-only,ioctl_entry:18:<file-scope>
drivers/misc/mediatek,drivers/misc/mediatek/include/mt-plat/mtk_gpt.h,c019f4435ca662803d74fdcc45bedea2ce1f34ec23b3f2de85d2e7fb949b3cee,drivers/misc/mediatek/Kconfig,,0,not-observed,support-code,no,no,none-observed,none-observed,not-derived-from-source,support-code-only,
drivers/misc/mediatek,drivers/misc/mediatek/include/mt-plat/mtk_gpu_utility.h,ec388652009c57b1f507dd8a0fcef148163d2551e048221de23d1ed527af27e9,drivers/misc/mediatek/Kconfig,,0,not-observed,support-code,no,no,none-observed,none-observed,not-derived-from-source,support-code-only,
drivers/misc/mediatek,drivers/misc/mediatek/include/mt-plat/mtk_hooks.h,2f0834a6d3f6cdd944dac3a2649db667358f61630f79329fb5f2b4d7736f9e81,drivers/misc/mediatek/Kconfig,,0,not-observed,support-code,no,no,none-observed,none-observed,not-derived-from-source,support-code-only,
drivers/misc/mediatek,drivers/misc/mediatek/include/mt-plat/mtk_io.h,707d297290f2f3a1ad827c14867c3ca09d32a2a74b9be9adce8674eb1ac1c9cb,drivers/misc/mediatek/Kconfig,,0,not-observed,support-code,no,no,none-observed,none-observed,not-derived-from-source,support-code-only,
drivers/misc/mediatek,drivers/misc/mediatek/include/mt-plat/mtk_io_boost.h,fcce01ea7e12afd621b23e99abbb80beb133971dd1e14bc21a7df5df29414e6a,drivers/misc/mediatek/Kconfig,,0,not-observed,support-code,no,no,none-observed,none-observed,not-derived-from-source,support-code-only,
drivers/misc/mediatek,drivers/misc/mediatek/include/mt-plat/mtk_lpae.h,817d4c18b7f08b9018e361c3e1c06d00cc54710319ace8bdfb0218bc064923cf,drivers/misc/mediatek/Kconfig,,0,not-observed,support-code,no,no,none-observed,none-observed,not-derived-from-source,support-code-only,
drivers/misc/mediatek,drivers/misc/mediatek/include/mt-plat/mtk_mdm_monitor.h,5c1fcfa3974f06170b44656a55a0a0241bacfb45c6a08b377405556091af9916,drivers/misc/mediatek/Kconfig,,0,not-observed,support-code,no,no,none-observed,none-observed,not-derived-from-source,support-code-only,
drivers/misc/mediatek,drivers/misc/mediatek/include/mt-plat/mtk_memcfg.h,88465946c594f69862a7c87ed946a3418aeb673caff7d535d0cdbb03f904cd23,drivers/misc/mediatek/Kconfig,,0,not-observed,support-code,no,no,none-observed,none-observed,not-derived-from-source,support-code-only,
drivers/misc/mediatek,drivers/misc/mediatek/include/mt-plat/mtk_meminfo.h,d4e350989937fb6b7b655d33471885bc0fde5b033f106ec1abd8ba3a1a7536d8,drivers/misc/mediatek/Kconfig,,0,not-observed,support-code,no,no,none-observed,none-observed,not-derived-from-source,support-code-only,
drivers/misc/mediatek,drivers/misc/mediatek/include/mt-plat/mtk_partition.h,df742918ff23090e2343c0d8ac4027c096067c9d1990a905ad50ee53377fae19,drivers/misc/mediatek/Kconfig,,0,not-observed,support-code,no,no,none-observed,none-observed,not-derived-from-source,support-code-only,
drivers/misc/mediatek,drivers/misc/mediatek/include/mt-plat/mtk_pidmap.h,a1c6ff9b93257dbb1251c374a89b3a8b13c7a7d9be056fd4e33a06597c97f007,drivers/misc/mediatek/Kconfig,,0,not-observed,support-code,no,no,none-observed,none-observed,not-derived-from-source,support-code-only,
drivers/misc/mediatek,drivers/misc/mediatek/include/mt-plat/mtk_platform_debug.h,4ff5a631adcb3d5894503395e25015ac59193181085d27d618eebb12bcdeea52,drivers/misc/mediatek/Kconfig,,0,not-observed,support-code,no,no,none-observed,none-observed,not-derived-from-source,support-code-only,
drivers/misc/mediatek,drivers/misc/mediatek/include/mt-plat/mtk_pmic_wrap.h,71421c734a2c846e5224f21374a5cc5ccde2d5453b3ff328b75de741a13e3397,drivers/misc/mediatek/Kconfig,,0,not-observed,support-code,no,no,none-observed,none-observed,not-derived-from-source,support-code-only,
drivers/misc/mediatek,drivers/misc/mediatek/include/mt-plat/mtk_pwm.h,a2bac3d6e05fd6bfa2cd498929703880e562b59164c8c7da1f2a468ec0c200b6,drivers/misc/mediatek/Kconfig,,0,not-observed,support-code,no,no,none-observed,none-observed,not-derived-from-source,support-code-only,
drivers/misc/mediatek,drivers/misc/mediatek/include/mt-plat/mtk_pwm_hal_pub.h,8ec2d55b254719df3c225c7ff71c4764639e57727a3eb478c5d98bd6b1005278,drivers/misc/mediatek/Kconfig,,0,not-observed,support-code,no,no,none-observed,none-observed,not-derived-from-source,support-code-only,
drivers/misc/mediatek,drivers/misc/mediatek/include/mt-plat/mtk_ram_console.h,3505c1e679ccf17067191b75aafb020afa666aeb37019790e015aeb6612cc1bf,drivers/misc/mediatek/Kconfig,,0,not-observed,support-code,no,no,none-observed,none-observed,not-derived-from-source,support-code-only,
drivers/misc/mediatek,drivers/misc/mediatek/include/mt-plat/mtk_reboot.h,51e669a004052162abb46e2558bac6c9986093a4291add82eead6e4f2ab871f6,drivers/misc/mediatek/Kconfig,,0,not-observed,support-code,no,no,none-observed,none-observed,not-derived-from-source,support-code-only,
drivers/misc/mediatek,drivers/misc/mediatek/include/mt-plat/mtk_rtc.h,382d8e093b3176b0dce5f337ce86faf726359d4d22c2eb6a032c94442762f8be,drivers/misc/mediatek/Kconfig,ioctl_entry,0,not-observed,ioctl-or-user-copy,no,no,none-observed,none-observed,not-derived-from-source,source-surface-only,ioctl_entry:17:<file-scope>
drivers/misc/mediatek,drivers/misc/mediatek/include/mt-plat/mtk_rtc_hal_common.h,3ff0c58f5a5d57dfb8755837d63faa1ea2f351baafaf61c31be6688689f85275,drivers/misc/mediatek/Kconfig,ioctl_entry,0,not-observed,ioctl-or-user-copy,no,no,none-observed,none-observed,not-derived-from-source,source-surface-only,ioctl_entry:17:<file-scope>
drivers/misc/mediatek,drivers/misc/mediatek/include/mt-plat/mtk_sched.h,4639d81bc3536bf975ebb5396cce04c6ccf061296c428116dc192396ac28664b,drivers/misc/mediatek/Kconfig,,0,not-observed,support-code,no,no,none-observed,none-observed,not-derived-from-source,support-code-only,
drivers/misc/mediatek,drivers/misc/mediatek/include/mt-plat/mtk_sd_misc.h,e94f612b2ba8c245cbe7f9eedc653fdfce0e4d3f8dbf25f351257b0b209aaf6b,drivers/misc/mediatek/Kconfig,ioctl_entry,0,not-observed,ioctl-or-user-copy,no,no,none-observed,none-observed,not-derived-from-source,source-surface-only,ioctl_entry:67:<file-scope>; ioctl_entry:72:<file-scope>
drivers/misc/mediatek,drivers/misc/mediatek/include/mt-plat/mtk_secure_api.h,621c15bbdc782b6d889ed88062f1eb2ec31184c8f4eabcb35ba8dc97dfecb725,drivers/misc/mediatek/Kconfig,,0,not-observed,secure-world-marker,yes,no,none-observed,none-observed,not-derived-from-source,support-code-only,secure_world:154:<file-scope>; secure_world:156:<file-scope>; secure_world:160:<file-scope>; secure_world:161:<file-scope>; secure_world:162:<file-scope>; secure_world:163:<file-scope>; secure_world:164:<file-scope>; secure_world:165:<file-scope>; secure_world:166:<file-scope>; secure_world:167:<file-scope>; secure_world:168:<file-scope>; secure_world:169:<file-scope>
drivers/misc/mediatek,drivers/misc/mediatek/include/mt-plat/mtk_smi.h,1057cca31cca40a7ee5d7d864a5a8962db47a59bf33a3823a584694151a91584,drivers/misc/mediatek/Kconfig,ioctl_entry,0,not-observed,ioctl-or-user-copy,no,no,none-observed,none-observed,not-derived-from-source,source-surface-only,ioctl_entry:19:<file-scope>; ioctl_entry:20:<file-scope>; ioctl_entry:21:<file-scope>; ioctl_entry:22:<file-scope>; ioctl_entry:25:<file-scope>; ioctl_entry:170:<file-scope>; ioctl_entry:171:<file-scope>; ioctl_entry:172:<file-scope>; ioctl_entry:173:<file-scope>; ioctl_entry:174:<file-scope>; ioctl_entry:175:<file-scope>; ioctl_entry:176:<file-scope>
drivers/misc/mediatek,drivers/misc/mediatek/include/mt-plat/mtk_sys_timer.h,4b5ded3eaad13ab695805e293720829446c52521462d0bdc46296d92e41f84fd,drivers/misc/mediatek/Kconfig,,0,not-observed,support-code,no,no,none-observed,none-observed,not-derived-from-source,support-code-only,
drivers/misc/mediatek,drivers/misc/mediatek/include/mt-plat/mtk_sysenv.h,1d8e01b7f409fb78eef2988958e05ee0b8da0a10fe5e98af86e2bcde33aa2629,drivers/misc/mediatek/Kconfig,ioctl_entry,0,not-observed,ioctl-or-user-copy,no,no,none-observed,none-observed,not-derived-from-source,source-surface-only,ioctl_entry:16:<file-scope>; ioctl_entry:30:<file-scope>; ioctl_entry:31:<file-scope>; ioctl_entry:32:<file-scope>; ioctl_entry:33:<file-scope>
drivers/misc/mediatek,drivers/misc/mediatek/include/mt-plat/mtk_thermal_monitor.h,637b137a62edf8f79f18517c9cba69c8bdb5987955fbb8f081e1b23114f26b28,drivers/misc/mediatek/Kconfig,,0,not-observed,support-code,no,no,none-observed,none-observed,not-derived-from-source,support-code-only,
drivers/misc/mediatek,drivers/misc/mediatek/include/mt-plat/mtk_thermal_platform.h,397cbbd1e997426c504183597935af8c35eb9f8fc55a60ea98c79a4cb1549c4f,drivers/misc/mediatek/Kconfig,,0,not-observed,support-code,no,no,none-observed,none-observed,not-derived-from-source,support-code-only,
drivers/misc/mediatek,drivers/misc/mediatek/include/mt-plat/mtk_thermal_typedefs.h,fd59d16001f345af38d809f9dc5208eb894beba13ee5f36592975d5a2e551e44,drivers/misc/mediatek/Kconfig,,0,not-observed,support-code,no,no,none-observed,none-observed,not-derived-from-source,support-code-only,
drivers/misc/mediatek,drivers/misc/mediatek/include/mt-plat/mtk_wcn_cmb_stub.h,4454b341832c08b14a43ec38a327ca185aac765a629522e251b47c20011557c1,drivers/misc/mediatek/Kconfig,,0,not-observed,support-code,no,no,none-observed,none-observed,not-derived-from-source,support-code-only,
drivers/misc/mediatek,drivers/misc/mediatek/include/mt-plat/mtk_wd_api.h,f006216dd68cf96faf008750de1340bfeab605ae95ebc4f8f1f1f1d76ddc92e0,drivers/misc/mediatek/Kconfig,,0,not-observed,support-code,no,no,none-observed,none-observed,not-derived-from-source,support-code-only,
drivers/misc/mediatek,drivers/misc/mediatek/include/mt-plat/perfmgr.h,a0b07d7f9bdfad2d1c9f6d3344d79f5f2baf5ffa46c9a65061c669e804cc9651,drivers/misc/mediatek/Kconfig,,0,not-observed,support-code,no,no,none-observed,none-observed,not-derived-from-source,support-code-only,
drivers/misc/mediatek,drivers/misc/mediatek/include/mt-plat/rt-regmap.h,142d71e3b2140f7935e8c1beec7e11ce44351f4adfeeaba7335093e24be83efb,drivers/misc/mediatek/Kconfig,,0,not-observed,support-code,no,no,none-observed,none-observed,not-derived-from-source,support-code-only,
drivers/misc/mediatek,drivers/misc/mediatek/include/mt-plat/sync_write.h,2b49490ceffe92dcfbe07ebc3153850f9cf476ba9a373e77e41f8ac89a70780c,drivers/misc/mediatek/Kconfig,,0,not-observed,support-code,no,no,none-observed,none-observed,not-derived-from-source,support-code-only,
drivers/misc/mediatek,drivers/misc/mediatek/include/mt-plat/upmu_common.h,943a577eadb735adcec4c4887626be926c71005e015d1241f577bc85f316b82d,drivers/misc/mediatek/Kconfig,,0,not-observed,support-code,no,no,none-observed,none-observed,not-derived-from-source,support-code-only,
drivers/misc/mediatek,drivers/misc/mediatek/include/mt-plat/mt8183/include/mach/memory_layout.h,1c070f306d5c5884f3471955d0cc3835df6bf6044ae329d517ca944430c2a204,drivers/misc/mediatek/Kconfig,,0,not-observed,support-code,no,no,none-observed,none-observed,not-derived-from-source,support-code-only,
drivers/misc/mediatek,drivers/misc/mediatek/include/mt-plat/mt8183/include/mach/mtk_battery_property.h,45a50472ac5648192074a3608b4614d4cb8935b03757aefffa7675a4cfe3f2ce,drivers/misc/mediatek/Kconfig,,0,not-observed,support-code,no,no,none-observed,none-observed,not-derived-from-source,support-code-only,
drivers/misc/mediatek,drivers/misc/mediatek/include/mt-plat/mt8183/include/mach/mtk_battery_table.h,53f0f470b15f989ec907054f7ab8478b037af3f1593b1274884191c836c6443a,drivers/misc/mediatek/Kconfig,,0,not-observed,support-code,no,no,none-observed,none-observed,not-derived-from-source,support-code-only,
drivers/misc/mediatek,drivers/misc/mediatek/include/mt-plat/mt8183/include/mach/mtk_charger_init.h,0a2b7a62aa60e7827ed754168515a5de46c4d2e466436e49d6a8c88093423deb,drivers/misc/mediatek/Kconfig,,0,not-observed,support-code,no,no,none-observed,none-observed,not-derived-from-source,support-code-only,
drivers/misc/mediatek,drivers/misc/mediatek/include/mt-plat/mt8183/include/mach/mtk_charging.h,1669b1e74067e20c765354aa91aeb6bf63823b1b0d207cff5de7886222ce07e7,drivers/misc/mediatek/Kconfig,,0,not-observed,support-code,no,no,none-observed,none-observed,not-derived-from-source,support-code-only,
drivers/misc/mediatek,drivers/misc/mediatek/include/mt-plat/mt8183/include/mach/mtk_cpufreq_api.h,490135274fe0d543c715cc4e5c27c81a419b431cca137950e00eb2d725302ac5,drivers/misc/mediatek/Kconfig,,0,not-observed,support-code,no,no,none-observed,none-observed,not-derived-from-source,support-code-only,
drivers/misc/mediatek,drivers/misc/mediatek/include/mt-plat/mt8183/include/mach/mtk_eem_api.h,c374b9bfa1c8678a9cf3fa18ba963f32301d46fc58440e963814e2dd81622e05,drivers/misc/mediatek/Kconfig,,0,not-observed,support-code,no,no,none-observed,none-observed,not-derived-from-source,support-code-only,
drivers/misc/mediatek,drivers/misc/mediatek/include/mt-plat/mt8183/include/mach/mtk_fhreg.h,2f9cd378729d87b2b0125bd8f1f8c9163f2ed87d1c227168eb8845441b79af51,drivers/misc/mediatek/Kconfig,,0,not-observed,support-code,no,no,none-observed,none-observed,not-derived-from-source,support-code-only,
drivers/misc/mediatek,drivers/misc/mediatek/include/mt-plat/mt8183/include/mach/mtk_freqhopping.h,66f0a88303ea7254e28c67016c7503f6acbc55c459ced91f607a7f7f9b175b45,drivers/misc/mediatek/Kconfig,,0,not-observed,support-code,no,no,none-observed,none-observed,not-derived-from-source,support-code-only,
drivers/misc/mediatek,drivers/misc/mediatek/include/mt-plat/mt8183/include/mach/mtk_pbm.h,3927ba3dc3bf0176bc27ae8634eac53314b694f2c337d9b2e1bc5e429a4fd0db,drivers/misc/mediatek/Kconfig,,0,not-observed,support-code,no,no,none-observed,none-observed,not-derived-from-source,support-code-only,
drivers/misc/mediatek,drivers/misc/mediatek/include/mt-plat/mt8183/include/mach/mtk_pmic.h,95b25f6feb9854a21c0e66255aaf97f4dc4a96272b0c166a1eee4db1b22f6af1,drivers/misc/mediatek/Kconfig,,0,not-observed,support-code,no,no,none-observed,none-observed,not-derived-from-source,support-code-only,
drivers/misc/mediatek,drivers/misc/mediatek/include/mt-plat/mt8183/include/mach/mtk_pmic_ipi.h,070b72d66dd009077028c20c480965b4766822e0aad5b657e050f46c4adb48cb,drivers/misc/mediatek/Kconfig,,0,not-observed,support-code,no,no,none-observed,none-observed,not-derived-from-source,support-code-only,
drivers/misc/mediatek,drivers/misc/mediatek/include/mt-plat/mt8183/include/mach/mtk_pmic_wrap.h,d083833d71a510363ed4e64a19ab39ecc17c99be2b2414f96a9d9efa311ea82b,drivers/misc/mediatek/Kconfig,,0,not-observed,support-code,no,no,none-observed,none-observed,not-derived-from-source,support-code-only,
drivers/misc/mediatek,drivers/misc/mediatek/include/mt-plat/mt8183/include/mach/mtk_ppm_api.h,b13e4af598009825ea0d978795afa3cb1e1f50328053e3c696e05b83affd34b0,drivers/misc/mediatek/Kconfig,,0,not-observed,support-code,no,no,none-observed,none-observed,not-derived-from-source,support-code-only,
drivers/misc/mediatek,drivers/misc/mediatek/include/mt-plat/mt8183/include/mach/mtk_pwm_hal.h,691e7f36a57d668f9547efbbae3f54a8bc7f2b4ec86a25be202ee296e5fff323,drivers/misc/mediatek/Kconfig,,0,not-observed,support-code,no,no,none-observed,none-observed,not-derived-from-source,support-code-only,
drivers/misc/mediatek,drivers/misc/mediatek/include/mt-plat/mt8183/include/mach/mtk_rtc_hal.h,e1c5f8cd81ad9134d5a7d15560c48d998575d1603922e850372c124b4ae15be1,drivers/misc/mediatek/Kconfig,,0,not-observed,support-code,no,no,none-observed,none-observed,not-derived-from-source,support-code-only,
drivers/misc/mediatek,drivers/misc/mediatek/include/mt-plat/mt8183/include/mach/mtk_thermal.h,dace307e12a3e3abc244d4e3da91753d7a4f258ab9435687ab0cfaf59d1d6cb1,drivers/misc/mediatek/Kconfig,,0,not-observed,support-code,no,no,none-observed,none-observed,not-derived-from-source,support-code-only,
drivers/misc/mediatek,drivers/misc/mediatek/include/mt-plat/mt8183/include/mach/upmu_hw.h,d308cdfa90919fa6c42518f5d44f500e4d7818d5e434aea1fb1ee145d4714a03,drivers/misc/mediatek/Kconfig,,0,not-observed,support-code,no,no,none-observed,none-observed,not-derived-from-source,support-code-only,
drivers/misc/mediatek,drivers/misc/mediatek/include/mt-plat/mt8183/include/mach/upmu_sw.h,79715cf673fd4d8afa69b4ae9b120fba7c7a868277c89848d115a126342b8bc5,drivers/misc/mediatek/Kconfig,,0,not-observed,support-code,no,no,none-observed,none-observed,not-derived-from-source,support-code-only,
drivers/misc/mediatek,drivers/misc/mediatek/include/mt-plat/mt8183/include/mach/wd_api.h,dbaeb16f09d641e8d80768340b322672dd2d9756451219d4f99de1b18cd218fe,drivers/misc/mediatek/Kconfig,,0,not-observed,support-code,no,no,none-observed,none-observed,not-derived-from-source,support-code-only,
drivers/misc/mediatek,drivers/misc/mediatek/include/mt-plat/trustzone/kree/mem.h,75fd730d4e7c3202ec00470e6b492fc346386ea277f8ac03ea1f756b853ca0d0,drivers/misc/mediatek/Kconfig,,0,not-observed,secure-world-marker,yes,no,none-observed,none-observed,not-derived-from-source,support-code-only,secure_world:23:<file-scope>; secure_world:24:<file-scope>; secure_world:28:<file-scope>; secure_world:30:<file-scope>; secure_world:31:<file-scope>; secure_world:46:<file-scope>; secure_world:49:<file-scope>; secure_world:52:<file-scope>; secure_world:55:<file-scope>; secure_world:65:<file-scope>; secure_world:71:<file-scope>; secure_world:72:<file-scope>
drivers/misc/mediatek,drivers/misc/mediatek/include/mt-plat/trustzone/kree/system.h,709a29522a7e0b08f0b93cb1bdfd59a2cb1716fb3e8564731296efdb56e786d9,drivers/misc/mediatek/Kconfig,,0,not-observed,secure-world-marker,yes,no,none-observed,none-observed,not-derived-from-source,support-code-only,secure_world:23:<file-scope>; secure_world:32:<file-scope>; secure_world:35:<file-scope>; secure_world:42:<file-scope>; secure_world:46:<file-scope>; secure_world:47:<file-scope>; secure_world:55:<file-scope>; secure_world:63:<file-scope>; secure_world:67:<file-scope>; secure_world:68:<file-scope>
drivers/misc/mediatek,drivers/misc/mediatek/include/mt-plat/trustzone/kree/tz_irq.h,a8e4c808313cb737ffef3e04c3699363d0d749c3afc29e65ab63961599c93f3a,drivers/misc/mediatek/Kconfig,,0,not-observed,secure-world-marker,yes,no,none-observed,none-observed,not-derived-from-source,support-code-only,secure_world:15:<file-scope>; secure_world:23:<file-scope>; secure_world:24:<file-scope>; secure_world:25:<file-scope>; secure_world:26:<file-scope>; secure_world:27:<file-scope>; secure_world:28:<file-scope>; secure_world:29:<file-scope>; secure_world:30:<file-scope>; secure_world:31:<file-scope>; secure_world:32:<file-scope>; secure_world:33:<file-scope>
drivers/misc/mediatek,drivers/misc/mediatek/include/mt-plat/trustzone/kree/tz_mem.h,e09e2fe3a84a0b47d7f62807fac30cf187022539c9dd6b83ce0760058ac77f9e,drivers/misc/mediatek/Kconfig,,0,not-observed,secure-world-marker,yes,no,none-observed,none-observed,not-derived-from-source,support-code-only,secure_world:20:<file-scope>; secure_world:21:<file-scope>
drivers/misc/mediatek,drivers/misc/mediatek/include/mt-plat/trustzone/kree/tz_mod.h,20d4b72eed9cfca08a40fe9354a614f1bc7015546d7f0d4549108b33d0ddd7c1,drivers/misc/mediatek/Kconfig,ioctl_entry,0,not-observed,secure-world-marker,yes,no,none-observed,none-observed,not-derived-from-source,source-surface-only,secure_world:14:<file-scope>; secure_world:15:<file-scope>; secure_world:21:<file-scope>; secure_world:22:<file-scope>; secure_world:28:<file-scope>; secure_world:29:<file-scope>; ioctl_entry:30:<file-scope>; secure_world:30:<file-scope>; secure_world:31:<file-scope>; ioctl_entry:32:<file-scope>; secure_world:32:<file-scope>; secure_world:33:<file-scope>
drivers/misc/mediatek,drivers/misc/mediatek/include/mt-plat/trustzone/kree/tz_pm.h,c83879118aa40cf73622fb8b4264da840d4b5be130dc74491867b8f17e73eae9,drivers/misc/mediatek/Kconfig,,0,not-observed,secure-world-marker,yes,no,none-observed,none-observed,not-derived-from-source,support-code-only,secure_world:15:<file-scope>; secure_world:23:<file-scope>; secure_world:24:<file-scope>; secure_world:25:<file-scope>; secure_world:26:<file-scope>; secure_world:27:<file-scope>; secure_world:31:<file-scope>; secure_world:32:<file-scope>
drivers/misc/mediatek,drivers/misc/mediatek/include/mt-plat/trustzone/tz_cross/ree_service.h,e7a17175bc984177ba042ff258b5a15a74e4e822f864e0554168bb40f12824d3,drivers/misc/mediatek/Kconfig,,0,not-observed,secure-world-marker,yes,no,none-observed,none-observed,not-derived-from-source,support-code-only,secure_world:65:<file-scope>; secure_world:69:<file-scope>; secure_world:73:<file-scope>
drivers/misc/mediatek,drivers/misc/mediatek/include/mt-plat/trustzone/tz_cross/ta_gcpu.h,e6a01c0f5cc7ea20280d4a1d697ce3eb2eabb8358772e60bc373c40fbd9ffe04,drivers/misc/mediatek/Kconfig,,0,not-observed,secure-world-marker,yes,no,none-observed,none-observed,not-derived-from-source,support-code-only,secure_world:18:<file-scope>
drivers/misc/mediatek,drivers/misc/mediatek/include/mt-plat/trustzone/tz_cross/ta_icnt.h,2280c40ec4f69cee0dd9978097a88466538c0db10b9db27d0c2fbb64c3bb8317,drivers/misc/mediatek/Kconfig,,0,not-observed,secure-world-marker,yes,no,none-observed,none-observed,not-derived-from-source,support-code-only,secure_world:17:<file-scope>
drivers/misc/mediatek,drivers/misc/mediatek/include/mt-plat/trustzone/tz_cross/ta_irq.h,935d4f91dd29b5dbdb6a7f599d23635b0359759b99a311c99348af5acf10e743,drivers/misc/mediatek/Kconfig,,0,not-observed,secure-world-marker,yes,no,none-observed,none-observed,not-derived-from-source,support-code-only,secure_world:20:<file-scope>; secure_world:34:<file-scope>; secure_world:35:<file-scope>; secure_world:36:<file-scope>; secure_world:37:<file-scope>
drivers/misc/mediatek,drivers/misc/mediatek/include/mt-plat/trustzone/tz_cross/ta_m4u.h,d2e3c0ab7263ec8188d7daad02dc9838d4b8f308224a91a651fa0996315516ab,drivers/misc/mediatek/Kconfig,,0,not-observed,secure-world-marker,yes,no,none-observed,none-observed,not-derived-from-source,support-code-only,secure_world:17:<file-scope>
drivers/misc/mediatek,drivers/misc/mediatek/include/mt-plat/trustzone/tz_cross/ta_mem.h,748574de88bac490f556b52168179397b1c0bca34b38b9e5db0480b6f8e9f0a1,drivers/misc/mediatek/Kconfig,,0,not-observed,secure-world-marker,yes,no,none-observed,none-observed,not-derived-from-source,support-code-only,secure_world:19:<file-scope>
drivers/misc/mediatek,drivers/misc/mediatek/include/mt-plat/trustzone/tz_cross/ta_ndbg.h,f8853202052101872283c99abb1219b33b3c85db2b45c84b3852b35bc666e80c,drivers/misc/mediatek/Kconfig,,0,not-observed,secure-world-marker,yes,no,none-observed,none-observed,not-derived-from-source,support-code-only,secure_world:17:<file-scope>
drivers/misc/mediatek,drivers/misc/mediatek/include/mt-plat/trustzone/tz_cross/ta_playready.h,0d34689a1613584f60b8f9636742a60e68dc228ccfe79d389eb0da8ab5379cd8,drivers/misc/mediatek/Kconfig,,0,not-observed,secure-world-marker,yes,no,none-observed,none-observed,not-derived-from-source,support-code-only,secure_world:18:<file-scope>; secure_world:24:<file-scope>; secure_world:25:<file-scope>; secure_world:27:<file-scope>; secure_world:28:<file-scope>; secure_world:29:<file-scope>; secure_world:38:<file-scope>; secure_world:67:<file-scope>; secure_world:93:<file-scope>; secure_world:100:<file-scope>; secure_world:141:<file-scope>
drivers/misc/mediatek,drivers/misc/mediatek/include/mt-plat/trustzone/tz_cross/ta_pm.h,837cd785c881bfcf55b7bda4f25a346994835bf2981f9df0f1eb66faa01c98f4,drivers/misc/mediatek/Kconfig,,0,not-observed,secure-world-marker,yes,no,none-observed,none-observed,not-derived-from-source,support-code-only,secure_world:20:<file-scope>; secure_world:29:<file-scope>; secure_world:30:<file-scope>; secure_world:31:<file-scope>; secure_world:32:<file-scope>; secure_world:33:<file-scope>
drivers/misc/mediatek,drivers/misc/mediatek/include/mt-plat/trustzone/tz_cross/ta_securetime.h,d0d826abfd2ef553cd8a64e5caaaee232289fade06a9177455bbc7fb730d7478,drivers/misc/mediatek/Kconfig,,0,not-observed,secure-world-marker,yes,no,none-observed,none-observed,not-derived-from-source,support-code-only,secure_world:18:<file-scope>; secure_world:23:<file-scope>; secure_world:53:<file-scope>; secure_world:83:<file-scope>
drivers/misc/mediatek,drivers/misc/mediatek/include/mt-plat/trustzone/tz_cross/ta_system.h,58efef68c73e2941e43137f958e4259cb40e123942e8505497a39c0c59835564,drivers/misc/mediatek/Kconfig,,0,not-observed,secure-world-marker,yes,no,none-observed,none-observed,not-derived-from-source,support-code-only,secure_world:21:<file-scope>
drivers/misc/mediatek,drivers/misc/mediatek/include/mt-plat/trustzone/tz_cross/ta_test.h,f19e2d1df3616eb4a92783315d3d590f1d6252dd1baed771e16c9bc05c62972b,drivers/misc/mediatek/Kconfig,,0,not-observed,secure-world-marker,yes,no,none-observed,none-observed,not-derived-from-source,support-code-only,secure_world:20:<file-scope>
drivers/misc/mediatek,drivers/misc/mediatek/include/mt-plat/trustzone/tz_cross/trustzone.h,7c73afaa20dade3ba842b466b25d0370cb93faafdcbf941e82124474f1733a05,drivers/misc/mediatek/Kconfig,,0,not-observed,secure-world-marker,yes,no,none-observed,none-observed,not-derived-from-source,support-code-only,secure_world:39:<file-scope>; secure_world:44:<file-scope>; secure_world:49:<file-scope>; secure_world:61:<file-scope>; secure_world:73:<file-scope>; secure_world:87:<file-scope>; secure_world:88:<file-scope>; secure_world:89:<file-scope>; secure_world:90:<file-scope>; secure_world:91:<file-scope>; secure_world:92:<file-scope>; secure_world:98:<file-scope>
drivers/misc/mediatek,drivers/misc/mediatek/include/mt-plat/trustzone/tz_cross/tz_error_strings.h,1f21519588a73377db8d06c252e35c37d9af4b7e1bd4ddb874de3e4341d6377c,drivers/misc/mediatek/Kconfig,,0,not-observed,secure-world-marker,yes,no,none-observed,none-observed,not-derived-from-source,support-code-only,secure_world:15:<file-scope>; secure_world:22:<file-scope>; secure_world:45:<file-scope>; secure_world:46:<file-scope>; secure_world:49:<file-scope>; secure_world:54:<file-scope>; secure_world:57:<file-scope>; secure_world:58:<file-scope>; secure_world:59:<file-scope>
drivers/misc/mediatek,drivers/misc/mediatek/io_boost/mtk_io_boost.c,f4a62b6fc94a1769a95fab63bb5a8d397940a09190c5b65d848d53575ed587a5,drivers/misc/mediatek/io_boost/Kconfig,,0,not-observed,support-code,no,no,none-observed,none-observed,not-derived-from-source,support-code-only,
drivers/misc/mediatek,drivers/misc/mediatek/jpeg/v2/jpeg_drv.c,99d7fd3a5e3fa519fcbd0f749814dc5345892e52124e1c5cb0f686455d01a778,drivers/misc/mediatek/jpeg/Kconfig,"ioctl_entry,proc_sysfs_debugfs_registration,device_registration",10,not-observed,ioctl-or-user-copy,no,no,none-observed,none-observed,not-derived-from-source,source-surface-only,user_copy:549:<file-scope>; user_copy:582:<file-scope>; user_copy:639:<file-scope>; user_copy:688:<file-scope>; user_copy:734:<file-scope>; user_copy:842:<file-scope>; user_copy:965:<file-scope>; user_copy:1026:<file-scope>; user_copy:1030:<file-scope>; user_copy:1034:<file-scope>; ioctl_entry:1163:<file-scope>; ioctl_entry:1182:<file-scope>
drivers/misc/mediatek,drivers/misc/mediatek/jpeg/v2/jpeg_drv.h,c2cb75423e6d88cdc6f1387b3b9e991ee2b6e2d61431c2c9c2490eda602d3a06,drivers/misc/mediatek/jpeg/Kconfig,ioctl_entry,0,not-observed,ioctl-or-user-copy,no,no,none-observed,none-observed,not-derived-from-source,source-surface-only,ioctl_entry:14:<file-scope>; ioctl_entry:596:<file-scope>; ioctl_entry:597:<file-scope>; ioctl_entry:598:<file-scope>; ioctl_entry:599:<file-scope>; ioctl_entry:600:<file-scope>; ioctl_entry:601:<file-scope>; ioctl_entry:602:<file-scope>; ioctl_entry:603:<file-scope>; ioctl_entry:604:<file-scope>; ioctl_entry:605:<file-scope>; ioctl_entry:606:<file-scope>
drivers/misc/mediatek,drivers/misc/mediatek/jpeg/v2/jpeg_drv_common.h,120bd7948af6f0de677ab9c4b51f9afbe0f1136d99655f2275fa9cfe1fda02b0,drivers/misc/mediatek/jpeg/Kconfig,,0,not-observed,support-code,no,no,none-observed,none-observed,not-derived-from-source,support-code-only,
drivers/misc/mediatek,drivers/misc/mediatek/jpeg/v2/jpeg_drv_dec.c,450e32337927f4658744c14c75ea48fd4a8c87bd43154868565724703340b07a,drivers/misc/mediatek/jpeg/Kconfig,,0,not-observed,support-code,no,no,none-observed,none-observed,not-derived-from-source,support-code-only,
drivers/misc/mediatek,drivers/misc/mediatek/jpeg/v2/jpeg_drv_enc.c,f7bbd9cf6f0149bd25346353eabc096c49638b2f53b211b648cbdddf5502e3f9,drivers/misc/mediatek/jpeg/Kconfig,,0,not-observed,support-code,no,no,none-observed,none-observed,not-derived-from-source,support-code-only,
drivers/misc/mediatek,drivers/misc/mediatek/jpeg/v2/jpeg_drv_reg.h,ed4a44b8b85ef34068577f095a75a8c5087852f056f2b9587fbec509cd981b49,drivers/misc/mediatek/jpeg/Kconfig,,0,not-observed,support-code,no,no,none-observed,none-observed,not-derived-from-source,support-code-only,
drivers/misc/mediatek,drivers/misc/mediatek/lcm/lcm_common.c,2874063177dc94c02f3bb4b773e774933b56d20b8f4bfae53afbc62150e8a521,drivers/misc/mediatek/lcm/Kconfig,,0,not-observed,support-code,no,no,none-observed,none-observed,not-derived-from-source,support-code-only,
drivers/misc/mediatek,drivers/misc/mediatek/lcm/lcm_gpio.c,1962b463e81ddcb0b66af6857f777582c67824d590b14c6374f6679c8602b9fb,drivers/misc/mediatek/lcm/Kconfig,device_registration,0,not-observed,proc-sysfs-device-registration,no,no,none-observed,none-observed,not-derived-from-source,source-surface-only,device_registration:182:<file-scope>
drivers/misc/mediatek,drivers/misc/mediatek/lcm/lcm_i2c.c,a0b39226c4712a464edeb2631a577953ab3b06bd1eff80901933cbd9512788ce,drivers/misc/mediatek/lcm/Kconfig,,0,not-observed,support-code,no,no,none-observed,none-observed,not-derived-from-source,support-code-only,
drivers/misc/mediatek,drivers/misc/mediatek/lcm/lcm_pmic.c,e3decabfbbf05fd96b43303d52028912056f9bd0238f7a962e26dae8ca4f06dc,drivers/misc/mediatek/lcm/Kconfig,,0,not-observed,support-code,no,no,none-observed,none-observed,not-derived-from-source,support-code-only,
drivers/misc/mediatek,drivers/misc/mediatek/lcm/lcm_util.c,3876cdee214e011919e69cbb109123ba06f94ada5adf13b2e89bad070ebeb8a8,drivers/misc/mediatek/lcm/Kconfig,,0,not-observed,support-code,no,no,none-observed,none-observed,not-derived-from-source,support-code-only,
drivers/misc/mediatek,drivers/misc/mediatek/lcm/mt65xx_lcm_list.c,f5a88b333d8179815fb7fff7bc40f8568bbbd51750b313ed5eab43649901d0f0,drivers/misc/mediatek/lcm/Kconfig,,0,not-observed,support-code,no,no,none-observed,none-observed,not-derived-from-source,support-code-only,
drivers/misc/mediatek,drivers/misc/mediatek/lcm/mt65xx_lcm_list.h,c74638d7d6609e3e89769faf733e3b508ddd85835549b5272113e5a010f87891,drivers/misc/mediatek/lcm/Kconfig,,0,not-observed,support-code,no,no,none-observed,none-observed,not-derived-from-source,support-code-only,
drivers/misc/mediatek,drivers/misc/mediatek/lcm/ft8201_wuxga_dsi_vdo/ft8201_wuxga_dsi_vdo.c,6dbf80e19027d561ad6019e1c87daf8054a3a33c897d597e0f1f70e05d7337b8,drivers/misc/mediatek/lcm/Kconfig,device_registration,0,not-observed,proc-sysfs-device-registration,no,no,none-observed,none-observed,not-derived-from-source,source-surface-only,device_registration:531:<file-scope>
drivers/misc/mediatek,drivers/misc/mediatek/lcm/ft8201ab_wuxga_dsi_vdo/ft8201ab_wuxga_dsi_vdo.c,3ec1113691afd0417dd7823efa273ea0b97c8bc4dd02e2b223874e0571c4a798,drivers/misc/mediatek/lcm/Kconfig,device_registration,0,not-observed,proc-sysfs-device-registration,no,no,none-observed,none-observed,not-derived-from-source,source-surface-only,device_registration:542:<file-scope>
drivers/misc/mediatek,drivers/misc/mediatek/lcm/hx83102_wuxga_dsi_vdo/hx83102_wuxga_dsi_vdo.c,96353e7969aa6a33e981830a07b03a0cc60d7efd63dd7ab4917a7d659269d26f,drivers/misc/mediatek/lcm/Kconfig,device_registration,0,not-observed,proc-sysfs-device-registration,no,no,none-observed,none-observed,not-derived-from-source,source-surface-only,device_registration:476:<file-scope>
drivers/misc/mediatek,drivers/misc/mediatek/lcm/inc/lcm_define.h,7099843726dbbc72df322cf832af5a99fc853abd489f9909c5aebe899f305f78,drivers/misc/mediatek/lcm/Kconfig,,0,not-observed,support-code,no,no,none-observed,none-observed,not-derived-from-source,support-code-only,
drivers/misc/mediatek,drivers/misc/mediatek/lcm/inc/lcm_drv.h,9c7d5bcfdcfe1676ea9bea38e4ff72ebaa197aedd8c179b274acd9a37bc865ac,drivers/misc/mediatek/lcm/Kconfig,ioctl_entry,0,not-observed,ioctl-or-user-copy,no,no,none-observed,none-observed,not-derived-from-source,source-surface-only,ioctl_entry:907:<file-scope>
drivers/misc/mediatek,drivers/misc/mediatek/lcm/nt36523_wuxga_dsi_vdo/nt36523_wuxga_dsi_vdo.c,7044a2113a4aa39f5a45538bce1206da05c744aba6fdd6a9ada31adf143d3b66,drivers/misc/mediatek/lcm/Kconfig,device_registration,0,not-observed,proc-sysfs-device-registration,no,no,none-observed,none-observed,not-derived-from-source,source-surface-only,device_registration:885:<file-scope>
drivers/misc/mediatek,drivers/misc/mediatek/leds/mtk_leds_drv.c,cd7b806b6c6f523698cdad394bfb80c77cc6e09a9574b048d6ee6ccbb9ff54a0,drivers/misc/mediatek/leds/Kconfig,"proc_sysfs_debugfs_registration,device_registration",0,not-observed,proc-sysfs-device-registration,no,no,none-observed,none-observed,not-derived-from-source,source-surface-only,proc_sysfs_debugfs_registration:767:<file-scope>; device_registration:767:<file-scope>; proc_sysfs_debugfs_registration:771:<file-scope>; device_registration:771:<file-scope>; proc_sysfs_debugfs_registration:778:<file-scope>; device_registration:778:<file-scope>; proc_sysfs_debugfs_registration:785:<file-scope>; device_registration:785:<file-scope>; proc_sysfs_debugfs_registration:792:<file-scope>; device_registration:792:<file-scope>; proc_sysfs_debugfs_registration:799:<file-scope>; device_registration:799:<file-scope>
drivers/misc/mediatek,drivers/misc/mediatek/leds/mtk_leds_drv.h,f49297d0768429af5d5fb490ef510d10979fe15dd2ef25e9460ea34f2b979abe,drivers/misc/mediatek/leds/Kconfig,,0,not-observed,support-code,no,no,none-observed,none-observed,not-derived-from-source,support-code-only,
drivers/misc/mediatek,drivers/misc/mediatek/leds/mt8183/mtk_leds.c,206620647cc3e491b6f2c3527b369741e49701e03c0f3f69900d1e8638893184,drivers/misc/mediatek/leds/Kconfig,,0,not-observed,support-code,no,no,none-observed,none-observed,not-derived-from-source,support-code-only,
drivers/misc/mediatek,drivers/misc/mediatek/leds/mt8183/mtk_leds_hal.h,de249d95be877bff55d40619ef42078a1a11eb9618dd1a755c805afccb0aa9d9,drivers/misc/mediatek/leds/Kconfig,,0,not-observed,support-code,no,no,none-observed,none-observed,not-derived-from-source,support-code-only,
drivers/misc/mediatek,drivers/misc/mediatek/leds/mt8183/mtk_leds_sw.h,cc82186451ffcfe51d689accac63da380c72d7eb09facf85f608db6d36beee5a,drivers/misc/mediatek/leds/Kconfig,,0,not-observed,support-code,no,no,none-observed,none-observed,not-derived-from-source,support-code-only,
drivers/misc/mediatek,drivers/misc/mediatek/lens/sub/common/lc898214af/LC898214AF.c,131b54ec159094b514cb4e68fbe2ec6007b4d9672fc204829ca3fd25f14f7d70,drivers/misc/mediatek/lens/Kconfig,,1,not-observed,ioctl-or-user-copy,no,no,none-observed,none-observed,not-derived-from-source,source-surface-only,user_copy:125:<file-scope>
drivers/misc/mediatek,drivers/misc/mediatek/log_store/log_store.c,33b7124efc1529b8e723388a24e5fcb90cf51a8d40f6b76e1b5a102938b6a6ba,drivers/misc/mediatek/log_store/Kconfig,proc_sysfs_debugfs_registration,0,not-observed,proc-sysfs-device-registration,no,no,none-observed,none-observed,not-derived-from-source,source-surface-only,proc_sysfs_debugfs_registration:188:<file-scope>
drivers/misc/mediatek,drivers/misc/mediatek/log_store/log_store_kernel.h,dcb38f9c7e9955141b13eca97a4e1d543f8faee68474ecdea562d54abd148430,drivers/misc/mediatek/log_store/Kconfig,,0,not-observed,support-code,no,no,none-observed,none-observed,not-derived-from-source,support-code-only,
drivers/misc/mediatek,drivers/misc/mediatek/m4u/2.0/m4u_pgtable.h,a00c5e6990181952398e7954cfaa078bc5aa90b232a9226de46b30842f6a69c6,drivers/misc/mediatek/m4u/Kconfig,,0,not-observed,support-code,no,no,none-observed,none-observed,not-derived-from-source,support-code-only,
drivers/misc/mediatek,drivers/misc/mediatek/m4u/2.4/m4u.c,6351de00903a282ba682427095a155794efd8221f253ff11a0f74ed7c5cb86c6,drivers/misc/mediatek/m4u/Kconfig,"ioctl_entry,proc_sysfs_debugfs_registration,device_registration",13,not-observed,secure-world-marker,yes,no,none-observed,none-observed,not-derived-from-source,source-surface-only,secure_world:1440:<file-scope>; secure_world:1446:<file-scope>; secure_world:1448:<file-scope>; secure_world:1449:<file-scope>; secure_world:1460:<file-scope>; secure_world:1462:<file-scope>; secure_world:1467:<file-scope>; secure_world:1468:<file-scope>; secure_world:1469:<file-scope>; secure_world:1479:<file-scope>; secure_world:1481:<file-scope>; secure_world:1483:<file-scope>
drivers/misc/mediatek,drivers/misc/mediatek/m4u/2.4/m4u_debug.c,fbc86a573996617ef32d8f66d543e499ee203d35a3cdde498780e3c55e88bc81,drivers/misc/mediatek/m4u/Kconfig,proc_sysfs_debugfs_registration,0,not-observed,secure-world-marker,yes,no,none-observed,none-observed,not-derived-from-source,source-surface-only,secure_world:24:<file-scope>; secure_world:25:<file-scope>; secure_world:26:<file-scope>; secure_world:27:<file-scope>; proc_sysfs_debugfs_registration:1500:<file-scope>; proc_sysfs_debugfs_registration:1505:<file-scope>; proc_sysfs_debugfs_registration:1509:<file-scope>; proc_sysfs_debugfs_registration:1514:<file-scope>; proc_sysfs_debugfs_registration:1519:<file-scope>; proc_sysfs_debugfs_registration:1523:<file-scope>; proc_sysfs_debugfs_registration:1527:<file-scope>; proc_sysfs_debugfs_registration:1531:<file-scope>
drivers/misc/mediatek,drivers/misc/mediatek/m4u/2.4/m4u_debug.h,48b00c9ce6697b72e97d4e1282b09ad8a24bb951059212a329e9fdfc5535003c,drivers/misc/mediatek/m4u/Kconfig,,0,not-observed,support-code,no,no,none-observed,none-observed,not-derived-from-source,support-code-only,
drivers/misc/mediatek,drivers/misc/mediatek/m4u/2.4/m4u_mva.c,e611e4d70e98f45c3d03d1c32d2934778c93b8f5f63ab993e1d38a29b0fa6c5d,drivers/misc/mediatek/m4u/Kconfig,,0,not-observed,support-code,no,no,none-observed,none-observed,not-derived-from-source,support-code-only,
drivers/misc/mediatek,drivers/misc/mediatek/m4u/2.4/m4u_mva.h,1fe501cf43748505623a6f0a601b5d3434bf9b7c596484fa3442dfa2374bbbf6,drivers/misc/mediatek/m4u/Kconfig,,0,not-observed,support-code,no,no,none-observed,none-observed,not-derived-from-source,support-code-only,
drivers/misc/mediatek,drivers/misc/mediatek/m4u/2.4/m4u_pgtable.c,0c321a20840593d4fe3ff86658fd76d69e537e19cad2bf352da65c199a429e2d,drivers/misc/mediatek/m4u/Kconfig,proc_sysfs_debugfs_registration,0,not-observed,proc-sysfs-device-registration,no,no,none-observed,none-observed,not-derived-from-source,source-surface-only,proc_sysfs_debugfs_registration:1138:<file-scope>
drivers/misc/mediatek,drivers/misc/mediatek/m4u/2.4/m4u_v2.h,d35f78c3b6d0963fcf37757f5bc196f8679a967aba18dbd2f59012c45708b346,drivers/misc/mediatek/m4u/Kconfig,ioctl_entry,0,not-observed,ioctl-or-user-copy,no,no,none-observed,none-observed,not-derived-from-source,source-surface-only,ioctl_entry:16:<file-scope>
drivers/misc/mediatek,drivers/misc/mediatek/m4u/2.4/m4u_v2_ext.h,76e875552286f2857aaff0eb57e73c8983730bd9b16254ed79ad52c540de7448,drivers/misc/mediatek/m4u/Kconfig,,0,not-observed,support-code,no,no,none-observed,none-observed,not-derived-from-source,support-code-only,
drivers/misc/mediatek,drivers/misc/mediatek/m4u/2.4/m4u_vpu_ut.c,70f0141af55584cd3061eb4659da909cbf2c4b77be6b74446caee535b106aa60,drivers/misc/mediatek/m4u/Kconfig,,0,not-observed,support-code,no,no,none-observed,none-observed,not-derived-from-source,support-code-only,
drivers/misc/mediatek,drivers/misc/mediatek/m4u/mt8183/m4u.h,75a8606c1b97b7f5a73c01ff3732c146837c7a56a2f3daa433367d0ad86e2c9d,drivers/misc/mediatek/m4u/Kconfig,,0,not-observed,support-code,no,no,none-observed,none-observed,not-derived-from-source,support-code-only,
drivers/misc/mediatek,drivers/misc/mediatek/m4u/mt8183/m4u_hw.c,110eb1ad4f6c4823ac2380d432909d3a003e59512eefcaf584b5c433c167fede,drivers/misc/mediatek/m4u/Kconfig,ioctl_entry,0,not-observed,ioctl-or-user-copy,no,no,none-observed,none-observed,not-derived-from-source,source-surface-only,ioctl_entry:248:<file-scope>; ioctl_entry:279:<file-scope>; ioctl_entry:1506:<file-scope>; ioctl_entry:1576:<file-scope>
drivers/misc/mediatek,drivers/misc/mediatek/m4u/mt8183/m4u_hw.h,b50cbe371ecf18041c0f672707e2a91454c7c7fb52e4e6ec75036c52f662dedf,drivers/misc/mediatek/m4u/Kconfig,,0,not-observed,support-code,no,no,none-observed,none-observed,not-derived-from-source,support-code-only,
drivers/misc/mediatek,drivers/misc/mediatek/m4u/mt8183/m4u_platform.h,2e738e0bfa7a99a8449ed556042f35d370e1bc905134ab68cd65df0c17cf6842,drivers/misc/mediatek/m4u/Kconfig,,0,not-observed,support-code,no,no,none-observed,none-observed,not-derived-from-source,support-code-only,
drivers/misc/mediatek,drivers/misc/mediatek/m4u/mt8183/m4u_port.h,7bd81258210c0d3f2e073bcad313407ff0447d539ad39855342e5a7fdfe55339,drivers/misc/mediatek/m4u/Kconfig,,0,not-observed,support-code,no,no,none-observed,none-observed,not-derived-from-source,support-code-only,
drivers/misc/mediatek,drivers/misc/mediatek/m4u/mt8183/m4u_priv.h,710a28f07655a67d6897836510d44544b59c762e0032b0771fc1b96aeb43d425,drivers/misc/mediatek/m4u/Kconfig,ioctl_entry,0,not-observed,secure-world-marker,yes,no,none-observed,none-observed,not-derived-from-source,source-surface-only,ioctl_entry:16:<file-scope>; secure_world:35:<file-scope>; secure_world:36:<file-scope>; secure_world:37:<file-scope>; ioctl_entry:362:<file-scope>; ioctl_entry:363:<file-scope>; ioctl_entry:364:<file-scope>; ioctl_entry:365:<file-scope>; ioctl_entry:366:<file-scope>; ioctl_entry:367:<file-scope>; ioctl_entry:368:<file-scope>; ioctl_entry:369:<file-scope>
drivers/misc/mediatek,drivers/misc/mediatek/m4u/mt8183/m4u_reg.h,7b75637368ed21f78eca7bdde206b169b28bfd40e0de753551f5cf72b31df395,drivers/misc/mediatek/m4u/Kconfig,ioctl_entry,0,not-observed,ioctl-or-user-copy,no,no,none-observed,none-observed,not-derived-from-source,source-surface-only,ioctl_entry:313:<file-scope>
drivers/misc/mediatek,drivers/misc/mediatek/masp/asfv2/asf_export_inc/sec_osal.h,dfd10b676c92c22b68fe3f0c9ad63b2523147d5b0e39d1edd6631d7cb62d87da,drivers/misc/mediatek/masp/Kconfig,,0,not-observed,support-code,no,no,none-observed,none-observed,not-derived-from-source,support-code-only,
drivers/misc/mediatek,drivers/misc/mediatek/masp/asfv2/asf_inc/masp_version.h,f03b809f63e8a4f66778ed69a37a6a39ba357b901026d4ddd83ce6dd9689581f,drivers/misc/mediatek/masp/Kconfig,,0,not-observed,support-code,no,no,none-observed,none-observed,not-derived-from-source,support-code-only,
drivers/misc/mediatek,drivers/misc/mediatek/masp/asfv2/asf_inc/sec_boot_lib.h,6e3c525e06e108e9d54577d8c9bc104bf22618ffb7befa4e9362bb96fa8cec8f,drivers/misc/mediatek/masp/Kconfig,,0,not-observed,support-code,no,no,none-observed,none-observed,not-derived-from-source,support-code-only,
drivers/misc/mediatek,drivers/misc/mediatek/masp/asfv2/asf_inc/sec_ccci.h,3646cd5ee1d829af38bcda4ed3849816fee222ddac035a0fc29d47cb141dd958,drivers/misc/mediatek/masp/Kconfig,,0,not-observed,support-code,no,no,none-observed,none-observed,not-derived-from-source,support-code-only,
drivers/misc/mediatek,drivers/misc/mediatek/masp/asfv2/asf_inc/sec_error.h,a9dfddcf36f60e6d3a1ec80c985d61bc0b7fee286bb46fd7479b2ec1fe237c77,drivers/misc/mediatek/masp/Kconfig,,0,not-observed,support-code,no,no,none-observed,none-observed,not-derived-from-source,support-code-only,
drivers/misc/mediatek,drivers/misc/mediatek/masp/asfv2/asf_inc/sec_hal.h,4e6d6ba39fb107e1d6a625b18e0b27e15b55fb533a44da4243ac272fc42a235a,drivers/misc/mediatek/masp/Kconfig,,0,not-observed,support-code,no,no,none-observed,none-observed,not-derived-from-source,support-code-only,
drivers/misc/mediatek,drivers/misc/mediatek/masp/asfv2/asf_inc/sec_ioctl.h,191c0563b02eb664b4c9fe65b1804cc8337205d85788bd4c0e89f8ac2392058f,drivers/misc/mediatek/masp/Kconfig,ioctl_entry,0,not-observed,ioctl-or-user-copy,no,no,none-observed,none-observed,not-derived-from-source,source-surface-only,ioctl_entry:25:<file-scope>; ioctl_entry:28:<file-scope>; ioctl_entry:29:<file-scope>; ioctl_entry:32:<file-scope>; ioctl_entry:33:<file-scope>; ioctl_entry:36:<file-scope>; ioctl_entry:39:<file-scope>; ioctl_entry:40:<file-scope>; ioctl_entry:41:<file-scope>; ioctl_entry:42:<file-scope>; ioctl_entry:45:<file-scope>; ioctl_entry:46:<file-scope>
drivers/misc/mediatek,drivers/misc/mediatek/masp/asfv2/asf_inc/sec_osal_light.h,bb156669215bea862b13af2ac689533aea42a40997a3d5f5a88e75b52292fc7e,drivers/misc/mediatek/masp/Kconfig,,0,not-observed,support-code,no,no,none-observed,none-observed,not-derived-from-source,support-code-only,
drivers/misc/mediatek,drivers/misc/mediatek/masp/asfv2/core/sec_boot_core.c,325a86d996484a6e55a9391349a78e8f87ae67dd943b4a4ad41df903dd38a58f,drivers/misc/mediatek/masp/Kconfig,,0,not-observed,support-code,no,no,none-observed,none-observed,not-derived-from-source,support-code-only,
drivers/misc/mediatek,drivers/misc/mediatek/masp/asfv2/core/sec_ccci.c,b48a66ec484c714882e586f0316427b87f8f069ff109ed06faf1e4621ad10396,drivers/misc/mediatek/masp/Kconfig,,0,not-observed,support-code,no,no,none-observed,none-observed,not-derived-from-source,support-code-only,
drivers/misc/mediatek,drivers/misc/mediatek/masp/asfv2/core/sec_legacy.c,e303b0aa0da26fb9767690576150a441af6d45593a7e352f7b278eb91f7b07ed,drivers/misc/mediatek/masp/Kconfig,,0,not-observed,support-code,no,no,none-observed,none-observed,not-derived-from-source,support-code-only,
drivers/misc/mediatek,drivers/misc/mediatek/masp/asfv2/core/sec_mod_core.c,82fe4974624e2dcd71a68d23c64588f622c31721593e8ee86f532e834e2fe6ff,drivers/misc/mediatek/masp/Kconfig,ioctl_entry,2,not-observed,ioctl-or-user-copy,no,no,none-observed,none-observed,not-derived-from-source,source-surface-only,ioctl_entry:23:<file-scope>; property_or_boot_state:44:<file-scope>; user_copy:75:<file-scope>; user_copy:77:<file-scope>
drivers/misc/mediatek,drivers/misc/mediatek/masp/asfv2/core/sec_osal.c,0dd2ecbcda5ff28427b2ebe005681843f67772b1b509bfaa25f21beb7f7dd299,drivers/misc/mediatek/masp/Kconfig,,2,not-observed,ioctl-or-user-copy,no,no,none-observed,none-observed,not-derived-from-source,source-surface-only,user_copy:82:<file-scope>; user_copy:88:<file-scope>
drivers/misc/mediatek,drivers/misc/mediatek/masp/asfv2/mach/hacc_export.c,db6ce46f464eb106ecd8f434aabb402c88e442f2c068fd44f0fdc004c2a72077,drivers/misc/mediatek/masp/Kconfig,,0,not-observed,support-code,no,no,none-observed,none-observed,not-derived-from-source,support-code-only,
drivers/misc/mediatek,drivers/misc/mediatek/masp/asfv2/mach/hacc_hk.c,086704204ed414ba217bb2f81dadbb884ffbbcc436598bea7284a978526cac07,drivers/misc/mediatek/masp/Kconfig,,0,not-observed,support-code,no,no,none-observed,none-observed,not-derived-from-source,support-code-only,
drivers/misc/mediatek,drivers/misc/mediatek/masp/asfv2/mach/hacc_lib.c,c494496647b6825aa8adae09b970c00ba28bbb0b684648b2e5f957271fd1c7de,drivers/misc/mediatek/masp/Kconfig,,0,not-observed,support-code,no,no,none-observed,none-observed,not-derived-from-source,support-code-only,
drivers/misc/mediatek,drivers/misc/mediatek/masp/asfv2/mach/hacc_mach.h,50f0e43ef184b47e40f4d4982c35174262409a3f010794c0bc4f9d20de9406bc,drivers/misc/mediatek/masp/Kconfig,,0,not-observed,support-code,no,no,none-observed,none-observed,not-derived-from-source,support-code-only,
drivers/misc/mediatek,drivers/misc/mediatek/masp/asfv2/mach/hacc_sk.c,978efc0a99986670e953f9f3fbd63003df4c772d5a463ff34cb49b3341b1fe99,drivers/misc/mediatek/masp/Kconfig,,0,not-observed,support-code,no,no,none-observed,none-observed,not-derived-from-source,support-code-only,
drivers/misc/mediatek,drivers/misc/mediatek/masp/asfv2/mach/sec_lib.c,e3bde7592ad69ac07e1bd418cf255135f6e192b33d5f4059e19abbd8a2c909e5,drivers/misc/mediatek/masp/Kconfig,,0,not-observed,support-code,no,no,none-observed,none-observed,not-derived-from-source,support-code-only,
drivers/misc/mediatek,drivers/misc/mediatek/masp/asfv2/mach/security_ao_dummy.c,4a12eba4383fdf82a2a8dac9cd811f02818cf3282e2b3b4ce249ffd3fa42184b,drivers/misc/mediatek/masp/Kconfig,,0,not-observed,support-code,no,no,none-observed,none-observed,not-derived-from-source,support-code-only,
drivers/misc/mediatek,drivers/misc/mediatek/masp/asfv2/module/sec_clk.c,c1245c00bcf0c44b34845025cb528297450d0a15186f22c25fe9babe280428d3,drivers/misc/mediatek/masp/Kconfig,,0,not-observed,support-code,no,no,none-observed,none-observed,not-derived-from-source,support-code-only,
drivers/misc/mediatek,drivers/misc/mediatek/masp/asfv2/module/sec_clk.h,4acb04b9625d636ad9896ea49244ec6889083179487610ea3c7f3d95d0346826,drivers/misc/mediatek/masp/Kconfig,,0,not-observed,support-code,no,no,none-observed,none-observed,not-derived-from-source,support-code-only,
drivers/misc/mediatek,drivers/misc/mediatek/masp/asfv2/module/sec_mod.c,4a7b3fc1c1576fbcceec4d355caa89115626a04a282e68cc1f62ef61a851f1ed,drivers/misc/mediatek/masp/Kconfig,"ioctl_entry,proc_sysfs_debugfs_registration,device_registration",0,not-observed,ioctl-or-user-copy,no,no,none-observed,none-observed,not-derived-from-source,source-surface-only,ioctl_entry:169:<file-scope>; property_or_boot_state:207:<file-scope>; device_registration:236:<file-scope>; device_registration:243:<file-scope>; device_registration:253:<file-scope>; device_registration:257:<file-scope>; proc_sysfs_debugfs_registration:269:<file-scope>; device_registration:336:<file-scope>; device_registration:342:<file-scope>
drivers/misc/mediatek,drivers/misc/mediatek/masp/asfv2/module/sec_mod.h,1fd47136e34b5c805a7cfc7c851c1ed9fe552bf790144aee099fece04dd1a1b7,drivers/misc/mediatek/masp/Kconfig,,0,not-observed,support-code,no,no,none-observed,none-observed,not-derived-from-source,support-code-only,
drivers/misc/mediatek,drivers/misc/mediatek/mdp/mdp_def_ex.h,c08d6dd67ab5fab1a6fe666a54e80d08579f3870208954fb88c38fa175d39d23,drivers/misc/mediatek/Kconfig,ioctl_entry,0,not-observed,ioctl-or-user-copy,no,no,none-observed,none-observed,not-derived-from-source,source-surface-only,ioctl_entry:140:<file-scope>; ioctl_entry:152:<file-scope>; ioctl_entry:154:<file-scope>; ioctl_entry:157:<file-scope>; ioctl_entry:159:<file-scope>; ioctl_entry:161:<file-scope>
drivers/misc/mediatek,drivers/misc/mediatek/mdp/mdp_ioctl_ex.c,665aacbd47eb99f3a5e38f0447c75881c04827f24cf60c9baa7606e6dd1d52c1,drivers/misc/mediatek/Kconfig,"ioctl_entry,device_registration",13,not-observed,ioctl-or-user-copy,no,no,none-observed,none-observed,not-derived-from-source,source-surface-only,user_copy:220:<file-scope>; user_copy:245:<file-scope>; user_copy:447:<file-scope>; user_copy:533:<file-scope>; user_copy:565:<file-scope>; user_copy:616:<file-scope>; user_copy:711:<file-scope>; user_copy:728:<file-scope>; user_copy:771:<file-scope>; user_copy:823:<file-scope>; user_copy:880:<file-scope>; user_copy:896:<file-scope>
drivers/misc/mediatek,drivers/misc/mediatek/mdp/mdp_ioctl_ex.h,c6b7eea32af3d592bfb0db1ae43b57b91cde72c040cb186a8bff4f5aac13af72,drivers/misc/mediatek/Kconfig,,0,not-observed,support-code,no,no,none-observed,none-observed,not-derived-from-source,support-code-only,
drivers/misc/mediatek,drivers/misc/mediatek/mdp/mdp_m4u.c,4b8e286f4a9cae60311dda55c4991868251baa380d901bfa436109d2f4310b43,drivers/misc/mediatek/Kconfig,,0,not-observed,support-code,no,no,none-observed,none-observed,not-derived-from-source,support-code-only,
drivers/misc/mediatek,drivers/misc/mediatek/mdp/mdp_m4u.h,39c62259c7130a95818b4a49c6acd9911882c742301b4208a7b111e20d616d6c,drivers/misc/mediatek/Kconfig,,0,not-observed,support-code,no,no,none-observed,none-observed,not-derived-from-source,support-code-only,
drivers/misc/mediatek,drivers/misc/mediatek/mem/icache_dump.c,f5125d3e045e3ffd8006e8b216e51da46b56ab082dad416110b10693a6b7e0e5,drivers/misc/mediatek/Kconfig,proc_sysfs_debugfs_registration,1,not-observed,secure-world-marker,yes,no,none-observed,none-observed,not-derived-from-source,source-surface-only,secure_world:64:<file-scope>; user_copy:251:<file-scope>; proc_sysfs_debugfs_registration:315:<file-scope>; proc_sysfs_debugfs_registration:325:<file-scope>
drivers/misc/mediatek,drivers/misc/mediatek/mem/mtk_memcfg.c,fb1f13f8a15c79554461235a6a6487f4cf36e5e05e4139f3b93c97445b59df08,drivers/misc/mediatek/Kconfig,proc_sysfs_debugfs_registration,0,not-observed,proc-sysfs-device-registration,no,no,none-observed,none-observed,not-derived-from-source,source-surface-only,proc_sysfs_debugfs_registration:710:<file-scope>; proc_sysfs_debugfs_registration:716:<file-scope>; proc_sysfs_debugfs_registration:725:<file-scope>; proc_sysfs_debugfs_registration:733:<file-scope>; proc_sysfs_debugfs_registration:748:<file-scope>; proc_sysfs_debugfs_registration:757:<file-scope>
drivers/misc/mediatek,drivers/misc/mediatek/mem/mtk_memcfg_reserve_info.c,2798293190dec008548fab3d11c6b46e690e78d151b66257fda099116a07a528,drivers/misc/mediatek/Kconfig,proc_sysfs_debugfs_registration,0,not-observed,proc-sysfs-device-registration,no,no,none-observed,none-observed,not-derived-from-source,source-surface-only,proc_sysfs_debugfs_registration:343:<file-scope>; proc_sysfs_debugfs_registration:349:<file-scope>
drivers/misc/mediatek,drivers/misc/mediatek/mem/mtk_memcfg_reserve_info.h,57241ae95b48490e020c2c87ad7894e17d0c9b9b6e2e5074d15c8f7000eed5ea,drivers/misc/mediatek/Kconfig,,0,not-observed,support-code,no,no,none-observed,none-observed,not-derived-from-source,support-code-only,
drivers/misc/mediatek,drivers/misc/mediatek/mem/mtk_meminfo.c,60887be5f9595f29b5557bac12b10f1c2eb746ecd7350402a30e4b178adb5670,drivers/misc/mediatek/Kconfig,,0,not-observed,support-code,no,no,none-observed,none-observed,not-derived-from-source,support-code-only,
drivers/misc/mediatek,drivers/misc/mediatek/mem/platform-default/mtk_hooks_64.c,90cbf45e803d258eb5759b457b01509505af7d4cdc340a9df13a75e971631c79,drivers/misc/mediatek/Kconfig,,0,not-observed,support-code,no,no,none-observed,none-observed,not-derived-from-source,support-code-only,
drivers/misc/mediatek,drivers/misc/mediatek/memory-amms/memory-amms.c,7356ffe9f0c1f3c25fd31e98513a0059bfb53bc8f328e441ec6f409449854222,drivers/misc/mediatek/Kconfig,device_registration,1,not-observed,secure-world-marker,yes,no,none-observed,none-observed,not-derived-from-source,source-surface-only,user_copy:21:<file-scope>; secure_world:73:<file-scope>; secure_world:74:<file-scope>; device_registration:147:<file-scope>
drivers/misc/mediatek,drivers/misc/mediatek/met_drv/met_api.c,065a8a781e6518b6c229348eedd2e5fc03627a4e2913f4413cee41526aeccd76,drivers/misc/mediatek/Kconfig,,0,not-observed,support-code,no,no,none-observed,none-observed,not-derived-from-source,support-code-only,
drivers/misc/mediatek,drivers/misc/mediatek/mlog/mlog_dump.c,96a2e981b321d5c772028be1d12445382fb4fa5d54c43368941b5a0fde21e330,drivers/misc/mediatek/mlog/Kconfig,proc_sysfs_debugfs_registration,0,not-observed,proc-sysfs-device-registration,no,no,none-observed,none-observed,not-derived-from-source,source-surface-only,proc_sysfs_debugfs_registration:95:<file-scope>; proc_sysfs_debugfs_registration:96:<file-scope>; proc_sysfs_debugfs_registration:97:<file-scope>
drivers/misc/mediatek,drivers/misc/mediatek/mlog/mlog_dump.h,0cf82f8a7ab7529fbe65395a9887d2d831743d86719ddf7240388dd337667869,drivers/misc/mediatek/mlog/Kconfig,,0,not-observed,support-code,no,no,none-observed,none-observed,not-derived-from-source,support-code-only,
drivers/misc/mediatek,drivers/misc/mediatek/mlog/mlog_internal.h,0cba7e807a09d6c61dd8e9ccfd9221baca25cc252f7989a6099a355d33e1def6,drivers/misc/mediatek/mlog/Kconfig,,0,not-observed,support-code,no,no,none-observed,none-observed,not-derived-from-source,support-code-only,
drivers/misc/mediatek,drivers/misc/mediatek/mlog/mlog_logger.c,f26c8321029b4bf446d855954411d795abc8c9e501782aea17eba7c48388e121,drivers/misc/mediatek/mlog/Kconfig,,2,not-observed,ioctl-or-user-copy,no,no,none-observed,none-observed,not-derived-from-source,source-surface-only,user_copy:875:<file-scope>; user_copy:932:<file-scope>
drivers/misc/mediatek,drivers/misc/mediatek/mlog/mlog_logger.h,ef27d71ae9a8e591c721ef7906884474cc699bdf0fa790a6d7312a6e536f5d18,drivers/misc/mediatek/mlog/Kconfig,,0,not-observed,support-code,no,no,none-observed,none-observed,not-derived-from-source,support-code-only,
drivers/misc/mediatek,drivers/misc/mediatek/mmp/mmprofile.h,d37e624893b19524f8b42876f302ab7b043b56d19fb94231b05a8778c75b8725,drivers/misc/mediatek/mmp/Kconfig,,0,not-observed,support-code,no,no,none-observed,none-observed,not-derived-from-source,support-code-only,
drivers/misc/mediatek,drivers/misc/mediatek/mmp/mmprofile_function.h,207fe600e8293ae909cc70b1d28336a84276a40a65e6bb57cc2aa99c6ebd0d01,drivers/misc/mediatek/mmp/Kconfig,,0,not-observed,support-code,no,no,none-observed,none-observed,not-derived-from-source,support-code-only,
drivers/misc/mediatek,drivers/misc/mediatek/mmp/mmprofile_static_event.h,303eda415ee0348ade99ce8da27d6c03e8453a84a71387871ad68b74f88f5ec5,drivers/misc/mediatek/mmp/Kconfig,,0,not-observed,support-code,no,no,none-observed,none-observed,not-derived-from-source,support-code-only,
drivers/misc/mediatek,drivers/misc/mediatek/mtee/kree_int.h,bbb0c9f963de368ec3de5ca85a2195f0b654cf1665231c7738926f442a518cb2,drivers/misc/mediatek/mtee/Kconfig,,0,not-observed,secure-world-marker,yes,no,none-observed,none-observed,not-derived-from-source,support-code-only,secure_world:18:<file-scope>; secure_world:25:<file-scope>; secure_world:27:<file-scope>; secure_world:29:<file-scope>; secure_world:30:<file-scope>; secure_world:32:<file-scope>; secure_world:35:<file-scope>; secure_world:36:<file-scope>; secure_world:39:<file-scope>; secure_world:40:<file-scope>; secure_world:42:<file-scope>; secure_world:43:<file-scope>
drivers/misc/mediatek,drivers/misc/mediatek/mtee/kree_mem.c,01368eff70dcd4273cfa1d8affe0410b59c991819c5a9b613e329d0c0ecc6b4a,drivers/misc/mediatek/mtee/Kconfig,,0,not-observed,secure-world-marker,yes,no,none-observed,none-observed,not-derived-from-source,support-code-only,secure_world:15:<file-scope>; secure_world:16:<file-scope>; secure_world:17:<file-scope>; secure_world:24:<file-scope>; secure_world:28:<file-scope>; secure_world:29:<file-scope>; secure_world:33:<file-scope>; secure_world:40:<file-scope>; secure_world:41:<file-scope>; secure_world:56:<file-scope>; secure_world:57:<file-scope>; secure_world:65:<file-scope>
drivers/misc/mediatek,drivers/misc/mediatek/mtee/sys_ipc.h,cd59dfc64644c2be465c128a2eba988ed41e82d6562b186c96e5a67882d9d3dc,drivers/misc/mediatek/mtee/Kconfig,,0,not-observed,secure-world-marker,yes,no,none-observed,none-observed,not-derived-from-source,support-code-only,secure_world:19:<file-scope>; secure_world:20:<file-scope>; secure_world:24:<file-scope>; secure_world:26:<file-scope>; secure_world:28:<file-scope>; secure_world:30:<file-scope>; secure_world:32:<file-scope>; secure_world:34:<file-scope>; secure_world:38:<file-scope>; secure_world:40:<file-scope>; secure_world:42:<file-scope>; secure_world:44:<file-scope>
drivers/misc/mediatek,drivers/misc/mediatek/mtee/test.c,3fe709352650496b385ae6ae71ab35acfb94ec51feddec80c579a0d392efee63,drivers/misc/mediatek/mtee/Kconfig,,0,not-observed,secure-world-marker,yes,no,none-observed,none-observed,not-derived-from-source,support-code-only,secure_world:20:<file-scope>; secure_world:21:<file-scope>; secure_world:22:<file-scope>; secure_world:23:<file-scope>; secure_world:24:<file-scope>; secure_world:25:<file-scope>; secure_world:28:<file-scope>; secure_world:30:<file-scope>; secure_world:32:<file-scope>; secure_world:36:<file-scope>; secure_world:39:<file-scope>; secure_world:40:<file-scope>
drivers/misc/mediatek,drivers/misc/mediatek/mtee/tz_clock.c,1df1fb50ddaac28282cccc86f00e5b4dca4a6e0a2aee95af412517b8bc4cb285,drivers/misc/mediatek/mtee/Kconfig,,0,not-observed,secure-world-marker,yes,no,none-observed,none-observed,not-derived-from-source,support-code-only,secure_world:19:<file-scope>; secure_world:20:<file-scope>; secure_world:21:<file-scope>; secure_world:24:<file-scope>; secure_world:27:<file-scope>; secure_world:31:<file-scope>; secure_world:36:<file-scope>; secure_world:39:<file-scope>; secure_world:42:<file-scope>; secure_world:46:<file-scope>; secure_world:51:<file-scope>; secure_world:54:<file-scope>
drivers/misc/mediatek,drivers/misc/mediatek/mtee/tz_counter.c,c85bb815cfe9fc9dd850f31d984f893541ea944e292ca03c196352eaea580244,drivers/misc/mediatek/mtee/Kconfig,,0,not-observed,secure-world-marker,yes,no,none-observed,none-observed,not-derived-from-source,support-code-only,secure_world:20:<file-scope>; secure_world:21:<file-scope>; secure_world:22:<file-scope>; secure_world:23:<file-scope>; secure_world:24:<file-scope>; secure_world:27:<file-scope>; secure_world:30:<file-scope>; secure_world:32:<file-scope>; secure_world:34:<file-scope>; secure_world:36:<file-scope>; secure_world:37:<file-scope>; secure_world:46:<file-scope>
drivers/misc/mediatek,drivers/misc/mediatek/mtee/tz_counter.h,e094d043eaf91bb16d1de9609a4e0b29a1cadee9edfcdf20b29dba5372217abb,drivers/misc/mediatek/mtee/Kconfig,,0,not-observed,support-code,no,no,none-observed,none-observed,not-derived-from-source,support-code-only,
drivers/misc/mediatek,drivers/misc/mediatek/mtee/tz_fileio.c,534c42a5837b2892efc7be2ded7faf0ca67c79e1840b4856d0ec667240a6e8ff,drivers/misc/mediatek/mtee/Kconfig,,0,not-observed,secure-world-marker,yes,no,none-observed,none-observed,not-derived-from-source,support-code-only,secure_world:21:<file-scope>
drivers/misc/mediatek,drivers/misc/mediatek/mtee/tz_fileio.h,89ae641d564227c4473b119dfa29029eeb2235e8dee46ec9013d2cbca9d23baa,drivers/misc/mediatek/mtee/Kconfig,,0,not-observed,support-code,no,no,none-observed,none-observed,not-derived-from-source,support-code-only,
drivers/misc/mediatek,drivers/misc/mediatek/mtee/tz_irq.c,2ecfcef26c12b331188a36c9a90c0679309286244c60cc72461bbe316ab2ce57,drivers/misc/mediatek/mtee/Kconfig,,0,not-observed,secure-world-marker,yes,no,none-observed,none-observed,not-derived-from-source,support-code-only,secure_world:23:<file-scope>; secure_world:24:<file-scope>; secure_world:25:<file-scope>; secure_world:26:<file-scope>; secure_world:27:<file-scope>; secure_world:35:<file-scope>; secure_world:39:<file-scope>; secure_world:40:<file-scope>; secure_world:47:<file-scope>; secure_world:48:<file-scope>; secure_world:49:<file-scope>; secure_world:51:<file-scope>
drivers/misc/mediatek,drivers/misc/mediatek/mtee/tz_mem.c,32988eb7f39a61d3c98b468b87f181857b1e6794a32fae81a85a499c0df51bcb,drivers/misc/mediatek/mtee/Kconfig,ioctl_entry,0,not-observed,secure-world-marker,yes,no,none-observed,none-observed,not-derived-from-source,source-surface-only,secure_world:47:<file-scope>; secure_world:48:<file-scope>; secure_world:49:<file-scope>; secure_world:53:<file-scope>; secure_world:57:<file-scope>; secure_world:61:<file-scope>; secure_world:63:<file-scope>; secure_world:71:<file-scope>; secure_world:72:<file-scope>; secure_world:75:<file-scope>; secure_world:82:<file-scope>; secure_world:84:<file-scope>
drivers/misc/mediatek,drivers/misc/mediatek/mtee/tz_mod.c,253270ad2bf1737e5290831f19a7e68e04db58a25941632a9ae32a959536a55b,drivers/misc/mediatek/mtee/Kconfig,"ioctl_entry,device_registration",26,not-observed,secure-world-marker,yes,no,none-observed,none-observed,not-derived-from-source,source-surface-only,ioctl_entry:26:<file-scope>; secure_world:40:<file-scope>; secure_world:41:<file-scope>; secure_world:42:<file-scope>; secure_world:43:<file-scope>; secure_world:44:<file-scope>; secure_world:45:<file-scope>; secure_world:46:<file-scope>; secure_world:47:<file-scope>; secure_world:48:<file-scope>; secure_world:49:<file-scope>; secure_world:51:<file-scope>
drivers/misc/mediatek,drivers/misc/mediatek/mtee/tz_ndbg.c,9d8b93961d5b30af3bc4273be90b458640ee0b60ea226874d1b1a13b010f72e5,drivers/misc/mediatek/mtee/Kconfig,,0,not-observed,secure-world-marker,yes,no,none-observed,none-observed,not-derived-from-source,support-code-only,secure_world:15:<file-scope>; secure_world:31:<file-scope>; secure_world:32:<file-scope>; secure_world:33:<file-scope>; secure_world:34:<file-scope>; secure_world:35:<file-scope>; secure_world:36:<file-scope>; secure_world:37:<file-scope>; secure_world:41:<file-scope>; secure_world:42:<file-scope>; secure_world:43:<file-scope>; secure_world:44:<file-scope>
drivers/misc/mediatek,drivers/misc/mediatek/mtee/tz_ndbg.h,66be454fa29742e13369e593c30dfa3428147ff84eb064b29ca75ea6283a9b65,drivers/misc/mediatek/mtee/Kconfig,,0,not-observed,support-code,no,no,none-observed,none-observed,not-derived-from-source,support-code-only,
drivers/misc/mediatek,drivers/misc/mediatek/mtee/tz_playready.c,7b92f698f319f0e3d8cc5e4cdcf5d029ea0a58d91de84119afb9e470deef5cab,drivers/misc/mediatek/mtee/Kconfig,,0,not-observed,secure-world-marker,yes,no,none-observed,none-observed,not-derived-from-source,support-code-only,secure_world:14:<file-scope>; secure_world:16:<file-scope>; secure_world:18:<file-scope>; secure_world:20:<file-scope>; secure_world:22:<file-scope>; secure_world:31:<file-scope>; secure_world:42:<file-scope>; secure_world:46:<file-scope>; secure_world:53:<file-scope>; secure_world:78:<file-scope>; secure_world:80:<file-scope>; secure_world:104:<file-scope>
drivers/misc/mediatek,drivers/misc/mediatek/mtee/tz_playready.h,2c72692cba21276d82dc206b255361d7f72badba4ca5a08f82d93b3958b04869,drivers/misc/mediatek/mtee/Kconfig,,0,not-observed,secure-world-marker,yes,no,none-observed,none-observed,not-derived-from-source,support-code-only,secure_world:28:<file-scope>; secure_world:29:<file-scope>; secure_world:30:<file-scope>; secure_world:31:<file-scope>; secure_world:32:<file-scope>; secure_world:33:<file-scope>; secure_world:34:<file-scope>; secure_world:35:<file-scope>; secure_world:36:<file-scope>; secure_world:38:<file-scope>; secure_world:39:<file-scope>; secure_world:43:<file-scope>
drivers/misc/mediatek,drivers/misc/mediatek/mtee/tz_pm.c,15530a61a31dc9e59aa72be6520e0cdc6d517021b18cf959a4eb2bef719a4aeb,drivers/misc/mediatek/mtee/Kconfig,,0,not-observed,secure-world-marker,yes,no,none-observed,none-observed,not-derived-from-source,support-code-only,secure_world:21:<file-scope>; secure_world:22:<file-scope>; secure_world:23:<file-scope>; secure_world:24:<file-scope>; secure_world:26:<file-scope>; secure_world:28:<file-scope>; secure_world:30:<file-scope>; secure_world:32:<file-scope>; secure_world:33:<file-scope>; secure_world:38:<file-scope>; secure_world:40:<file-scope>; secure_world:41:<file-scope>
drivers/misc/mediatek,drivers/misc/mediatek/mtee/tz_secure_clock.c,6827e2310c94ca9a20d57dae24d278e2253b9e289bdc8323cbe795635410b714,drivers/misc/mediatek/mtee/Kconfig,,0,not-observed,secure-world-marker,yes,no,none-observed,none-observed,not-derived-from-source,support-code-only,secure_world:14:<file-scope>; secure_world:16:<file-scope>; secure_world:19:<file-scope>; secure_world:20:<file-scope>; secure_world:22:<file-scope>; secure_world:24:<file-scope>; secure_world:34:<file-scope>; secure_world:46:<file-scope>; secure_world:49:<file-scope>; secure_world:56:<file-scope>; secure_world:62:<file-scope>; secure_world:85:<file-scope>
drivers/misc/mediatek,drivers/misc/mediatek/mtee/tz_secure_clock.h,5cea3bac7bd0191a0f45e85a83160bc762d859300c0d9afeb7f41fa815660cf1,drivers/misc/mediatek/mtee/Kconfig,,0,not-observed,secure-world-marker,yes,no,none-observed,none-observed,not-derived-from-source,support-code-only,secure_world:28:<file-scope>; secure_world:29:<file-scope>; secure_world:30:<file-scope>; secure_world:31:<file-scope>; secure_world:32:<file-scope>; secure_world:33:<file-scope>; secure_world:34:<file-scope>; secure_world:35:<file-scope>; secure_world:36:<file-scope>; secure_world:40:<file-scope>; secure_world:45:<file-scope>; secure_world:52:<file-scope>
drivers/misc/mediatek,drivers/misc/mediatek/mtee/tz_sys_ipc.c,82dfa09d9d1e3d6e04206dbc1664d07d488d06e0afd9708f9f112afe863b1039,drivers/misc/mediatek/mtee/Kconfig,,0,not-observed,secure-world-marker,yes,no,none-observed,none-observed,not-derived-from-source,support-code-only,secure_world:22:<file-scope>; secure_world:23:<file-scope>; secure_world:24:<file-scope>; secure_world:28:<file-scope>; secure_world:35:<file-scope>; secure_world:42:<file-scope>; secure_world:45:<file-scope>; secure_world:55:<file-scope>; secure_world:58:<file-scope>; secure_world:68:<file-scope>; secure_world:71:<file-scope>; secure_world:81:<file-scope>
drivers/misc/mediatek,drivers/misc/mediatek/mtee/tz_system.c,45c161488e8a19a66a5dbceed7f7ecfb9c3f6eebd226821f97f971ca4851b4a0,drivers/misc/mediatek/mtee/Kconfig,,0,not-observed,secure-world-marker,yes,no,none-observed,none-observed,not-derived-from-source,support-code-only,secure_world:23:<file-scope>; secure_world:24:<file-scope>; secure_world:25:<file-scope>; secure_world:26:<file-scope>; secure_world:31:<file-scope>; secure_world:38:<file-scope>; secure_world:39:<file-scope>; secure_world:40:<file-scope>; secure_world:41:<file-scope>; secure_world:44:<file-scope>; secure_world:46:<file-scope>; secure_world:47:<file-scope>
drivers/misc/mediatek,drivers/misc/mediatek/mtprof/bootprof.c,d7614c847bf6b5c9f5f2216eb19781b654870431368cd6fe6c638a9df4157283,drivers/misc/mediatek/mtprof/Kconfig,proc_sysfs_debugfs_registration,1,not-observed,ioctl-or-user-copy,no,no,none-observed,none-observed,not-derived-from-source,source-surface-only,user_copy:212:<file-scope>; proc_sysfs_debugfs_registration:299:<file-scope>
drivers/misc/mediatek,drivers/misc/mediatek/mtprof/bootprof.h,ed199ae9fb1d5654a1984673105782df6ac2f016b7b7193008c46d0ef5eca08c,drivers/misc/mediatek/mtprof/Kconfig,,0,not-observed,support-code,no,no,none-observed,none-observed,not-derived-from-source,support-code-only,
drivers/misc/mediatek,drivers/misc/mediatek/mtprof/common.c,64140e41ba640a25011905ad15a5e229ea97ad4dcb8295d497935caa7a1a00bc,drivers/misc/mediatek/mtprof/Kconfig,,0,not-observed,support-code,no,no,none-observed,none-observed,not-derived-from-source,support-code-only,
drivers/misc/mediatek,drivers/misc/mediatek/mtprof/internal.h,38c4a187112e18afed44133e1eeaa847a69d1d5868511647075f53650209fd1b,drivers/misc/mediatek/mtprof/Kconfig,,0,not-observed,support-code,no,no,none-observed,none-observed,not-derived-from-source,support-code-only,
drivers/misc/mediatek,drivers/misc/mediatek/mtprof/mtk_sched_mon.h,bd565eac26c82d889e589d58e5c078126814d1ad3c474554f5759a1557fc0c46,drivers/misc/mediatek/mtprof/Kconfig,,0,not-observed,support-code,no,no,none-observed,none-observed,not-derived-from-source,support-code-only,
drivers/misc/mediatek,drivers/misc/mediatek/mtprof/prof_main.c,cfeefb7812b69b19ba43334ef6070fd44bef52daa5fe91d864ac283c4416ae48,drivers/misc/mediatek/mtprof/Kconfig,proc_sysfs_debugfs_registration,2,not-observed,ioctl-or-user-copy,no,no,none-observed,none-observed,not-derived-from-source,source-surface-only,user_copy:53:<file-scope>; user_copy:136:<file-scope>; proc_sysfs_debugfs_registration:431:<file-scope>; proc_sysfs_debugfs_registration:433:<file-scope>; proc_sysfs_debugfs_registration:437:<file-scope>; proc_sysfs_debugfs_registration:442:<file-scope>; proc_sysfs_debugfs_registration:447:<file-scope>
drivers/misc/mediatek,drivers/misc/mediatek/mu3d/drv/mtk_usb.c,fd3c35aa2ca7629f3890e3519a5ff893e7aee0479b4346332f0decf48f0939ba,drivers/misc/mediatek/mu3d/Kconfig,,0,not-observed,support-code,no,no,none-observed,none-observed,not-derived-from-source,support-code-only,
drivers/misc/mediatek,drivers/misc/mediatek/mu3d/drv/musb_core.c,2359723d9bb7f1b2ce77a76b4afa1b689f4e289917ba86376357cdd690405950,drivers/misc/mediatek/mu3d/Kconfig,"proc_sysfs_debugfs_registration,device_registration",1,not-observed,ioctl-or-user-copy,no,no,none-observed,none-observed,not-derived-from-source,source-surface-only,property_or_boot_state:1990:<file-scope>; proc_sysfs_debugfs_registration:2354:<file-scope>; user_copy:2957:<file-scope>; device_registration:2969:<file-scope>; proc_sysfs_debugfs_registration:3008:<file-scope>; device_registration:3016:<file-scope>; device_registration:3040:<file-scope>
drivers/misc/mediatek,drivers/misc/mediatek/mu3d/drv/musb_core.h,5bf20dd53a4f2ffda010403d5b64564d7cc84c33f278e02f029d01f8c8e2a01b,drivers/misc/mediatek/mu3d/Kconfig,,0,not-observed,support-code,no,no,none-observed,none-observed,not-derived-from-source,support-code-only,
drivers/misc/mediatek,drivers/misc/mediatek/mu3d/drv/musb_debug.h,d419c720f180f88baa0b2712736accb62ee957947d798180b706ab303922c869,drivers/misc/mediatek/mu3d/Kconfig,,0,not-observed,support-code,no,no,none-observed,none-observed,not-derived-from-source,support-code-only,
drivers/misc/mediatek,drivers/misc/mediatek/mu3d/drv/musb_debugfs.c,a0333d1134c21b8494f4224634d78559247adb176315ce8d0d3a6b80072fd392,drivers/misc/mediatek/mu3d/Kconfig,proc_sysfs_debugfs_registration,4,not-observed,ioctl-or-user-copy,no,no,none-observed,none-observed,not-derived-from-source,source-surface-only,user_copy:197:<file-scope>; user_copy:334:<file-scope>; user_copy:408:<file-scope>; user_copy:497:<file-scope>; proc_sysfs_debugfs_registration:586:<file-scope>; proc_sysfs_debugfs_registration:592:<file-scope>; proc_sysfs_debugfs_registration:598:<file-scope>; proc_sysfs_debugfs_registration:604:<file-scope>; proc_sysfs_debugfs_registration:611:<file-scope>; proc_sysfs_debugfs_registration:619:<file-scope>; proc_sysfs_debugfs_registration:626:<file-scope>
drivers/misc/mediatek,drivers/misc/mediatek/mu3d/drv/musb_dma.h,817375a8cfb70f5fff957a36ca9f555400c7d188ec6a563c00f86b4530060004,drivers/misc/mediatek/mu3d/Kconfig,,0,not-observed,support-code,no,no,none-observed,none-observed,not-derived-from-source,support-code-only,
drivers/misc/mediatek,drivers/misc/mediatek/mu3d/drv/musb_dual_role.c,4c6735f232020958fe81cfd9be9f76820dcda271760cf9e0f25145cecdc57e07,drivers/misc/mediatek/mu3d/Kconfig,,0,not-observed,support-code,no,no,none-observed,none-observed,not-derived-from-source,support-code-only,
drivers/misc/mediatek,drivers/misc/mediatek/mu3d/drv/musb_gadget.c,b33e245f699dafefb3ee60ef1f8a2871e2d52b6089646fe68f457ac0418a535c,drivers/misc/mediatek/mu3d/Kconfig,,0,not-observed,support-code,no,no,none-observed,none-observed,not-derived-from-source,support-code-only,
drivers/misc/mediatek,drivers/misc/mediatek/mu3d/drv/musb_gadget.h,63a6fa4fb64cb8f518ad23e42928c329022cc1973f85a0d814ebf45d84b4f92b,drivers/misc/mediatek/mu3d/Kconfig,,0,not-observed,support-code,no,no,none-observed,none-observed,not-derived-from-source,support-code-only,
drivers/misc/mediatek,drivers/misc/mediatek/mu3d/drv/musb_gadget_ep0.c,7f00b50e5371c15ce949991c239a43cb57dd073d5c9c1f05145dd1c14a30ae86,drivers/misc/mediatek/mu3d/Kconfig,,0,not-observed,support-code,no,no,none-observed,none-observed,not-derived-from-source,support-code-only,property_or_boot_state:255:<file-scope>
drivers/misc/mediatek,drivers/misc/mediatek/mu3d/drv/musb_init.c,1f3294e7915a84c14d8fcc6fb12e7745d782b54aba79d89e47c6fb35b2cfe567,drivers/misc/mediatek/mu3d/Kconfig,,0,not-observed,support-code,no,no,none-observed,none-observed,not-derived-from-source,support-code-only,
drivers/misc/mediatek,drivers/misc/mediatek/mu3d/drv/musb_io.h,9933edb0409f39f8e8cc573baaec274ebcf77170a4c3c68ff0d7bc607aa500d2,drivers/misc/mediatek/mu3d/Kconfig,,0,not-observed,support-code,no,no,none-observed,none-observed,not-derived-from-source,support-code-only,
drivers/misc/mediatek,drivers/misc/mediatek/mu3d/drv/musb_regs.h,847e953585d11e6ed7a00e0d28591c798011b29ab59117493222019b4a5339e5,drivers/misc/mediatek/mu3d/Kconfig,,0,not-observed,support-code,no,no,none-observed,none-observed,not-derived-from-source,support-code-only,
drivers/misc/mediatek,drivers/misc/mediatek/mu3d/drv/ssusb_qmu.c,764393f5ea87e5f4649118b4ad5885f0397ff3e371623b022f1fd06bafd8b12b,drivers/misc/mediatek/mu3d/Kconfig,,0,not-observed,support-code,no,no,none-observed,none-observed,not-derived-from-source,support-code-only,
drivers/misc/mediatek,drivers/misc/mediatek/mu3d/drv/ssusb_qmu.h,b406b6aefbe00bf27b37cf720b466abcdb680694dafa3d07f08d7549474c9019,drivers/misc/mediatek/mu3d/Kconfig,,0,not-observed,support-code,no,no,none-observed,none-observed,not-derived-from-source,support-code-only,
drivers/misc/mediatek,drivers/misc/mediatek/mu3d/hal/mu3d_hal_comm.h,4e4f3e6048ab8c53d55a257d2f6716b40128ffeffd6e99deff2fed490f7a83ef,drivers/misc/mediatek/mu3d/Kconfig,,0,not-observed,support-code,no,no,none-observed,none-observed,not-derived-from-source,support-code-only,
drivers/misc/mediatek,drivers/misc/mediatek/mu3d/hal/mu3d_hal_hw.h,b0b027a1c650cf289c8f5f0cb1b0a65f23caf9f0deecb5e77a09773827bcce43,drivers/misc/mediatek/mu3d/Kconfig,,0,not-observed,uevent-or-netlink-marker,no,yes,none-observed,none-observed,not-derived-from-source,support-code-only,uevent_or_netlink:105:<file-scope>
drivers/misc/mediatek,drivers/misc/mediatek/mu3d/hal/mu3d_hal_osal.c,317a61e6faba60c4642e3fb0470e6bb87bae1504a02575a19ba369c56fc59ad8,drivers/misc/mediatek/mu3d/Kconfig,,0,not-observed,support-code,no,no,none-observed,none-observed,not-derived-from-source,support-code-only,
drivers/misc/mediatek,drivers/misc/mediatek/mu3d/hal/mu3d_hal_osal.h,ce24e75bd3efecff6e4c55fc71f7e674c73cdbfbc793a1d136c8abb3a0b41a9e,drivers/misc/mediatek/mu3d/Kconfig,,0,not-observed,support-code,no,no,none-observed,none-observed,not-derived-from-source,support-code-only,
drivers/misc/mediatek,drivers/misc/mediatek/mu3d/hal/mu3d_hal_phy.c,01964efa246403e604747c994401a3297f5142e67e61a52fd80d023368324879,drivers/misc/mediatek/mu3d/Kconfig,,0,not-observed,support-code,no,no,none-observed,none-observed,not-derived-from-source,support-code-only,
drivers/misc/mediatek,drivers/misc/mediatek/mu3d/hal/mu3d_hal_phy.h,ccc404b5456d4271efa5da2f316ccf306bae6c35588b3d05b05e39d2993e8565,drivers/misc/mediatek/mu3d/Kconfig,,0,not-observed,support-code,no,no,none-observed,none-observed,not-derived-from-source,support-code-only,
drivers/misc/mediatek,drivers/misc/mediatek/mu3d/hal/mu3d_hal_qmu_drv.c,d5b85e978a3a36d1f6f60258cac5e2ca6381368fc6c9e82f1a74a0fbf84d1481,drivers/misc/mediatek/mu3d/Kconfig,,0,not-observed,support-code,no,no,none-observed,none-observed,not-derived-from-source,support-code-only,
drivers/misc/mediatek,drivers/misc/mediatek/mu3d/hal/mu3d_hal_qmu_drv.h,fbb8e3f5bfeef0fcdf5f226981bee6ddf79b42aeb2224b0d9177a642dbfcf960,drivers/misc/mediatek/mu3d/Kconfig,,0,not-observed,support-code,no,no,none-observed,none-observed,not-derived-from-source,support-code-only,
drivers/misc/mediatek,drivers/misc/mediatek/mu3d/hal/mu3d_hal_usb_drv.c,49b41d0ec8425cc22b85a454f4e72a5852ce9dc413e6801e0e27c81d08fcd94c,drivers/misc/mediatek/mu3d/Kconfig,,0,not-observed,support-code,no,no,none-observed,none-observed,not-derived-from-source,support-code-only,
drivers/misc/mediatek,drivers/misc/mediatek/mu3d/hal/mu3d_hal_usb_drv.h,837906dfcfb0193f26f99ff77ea906eefa0d39182aac587d38436d4b6db62506,drivers/misc/mediatek/mu3d/Kconfig,,0,not-observed,support-code,no,no,none-observed,none-observed,not-derived-from-source,support-code-only,
drivers/misc/mediatek,drivers/misc/mediatek/mu3d/hal/ssusb_dev_c_header.h,5f95603f061d8bb46725b1c4fea855f33c15e6312580b6999ab60e231949b65a,drivers/misc/mediatek/mu3d/Kconfig,,0,not-observed,support-code,no,no,none-observed,none-observed,not-derived-from-source,support-code-only,
drivers/misc/mediatek,drivers/misc/mediatek/mu3d/hal/ssusb_epctl_csr_c_header.h,0bac7bc6f26dd049f99aa947fd98ef5a9c876f34b2fbf161e7ee0dfcea45ce19,drivers/misc/mediatek/mu3d/Kconfig,,0,not-observed,support-code,no,no,none-observed,none-observed,not-derived-from-source,support-code-only,
drivers/misc/mediatek,drivers/misc/mediatek/mu3d/hal/ssusb_sifslv_ippc_c_header.h,8dab4a93eb3f416db78bc03ca4bc274e903e013252c29b015aeec72115290764,drivers/misc/mediatek/mu3d/Kconfig,,0,not-observed,support-code,no,no,none-observed,none-observed,not-derived-from-source,support-code-only,
drivers/misc/mediatek,drivers/misc/mediatek/mu3d/hal/ssusb_usb2_csr_c_header.h,f669084432308b1bed42a58054746475f1e1cec89441edfc7cf82ae7f1e7a4b9,drivers/misc/mediatek/mu3d/Kconfig,,0,not-observed,support-code,no,no,none-observed,none-observed,not-derived-from-source,support-code-only,
drivers/misc/mediatek,drivers/misc/mediatek/mu3d/hal/ssusb_usb3_mac_csr_c_header.h,ae7dc88e8e45cee46d0f1c30af0f4571880c24b4cacd8f2c3aa988e72536c8d5,drivers/misc/mediatek/mu3d/Kconfig,,0,not-observed,support-code,no,no,none-observed,none-observed,not-derived-from-source,support-code-only,
drivers/misc/mediatek,drivers/misc/mediatek/mu3d/hal/ssusb_usb3_sys_csr_c_header.h,4097991b1b5781048f95f7d4f417fab4a16c7431c1ee11e1f7f08890347dfd8c,drivers/misc/mediatek/mu3d/Kconfig,,0,not-observed,support-code,no,no,none-observed,none-observed,not-derived-from-source,support-code-only,
drivers/misc/mediatek,drivers/misc/mediatek/mu3phy/mtk-phy-ahb.c,b23eaf6649e4789f64e2f2ff38198c08d5fabb92091626fc7a64d14880bc32cf,drivers/misc/mediatek/mu3phy/Kconfig,,0,not-observed,support-code,no,no,none-observed,none-observed,not-derived-from-source,support-code-only,
drivers/misc/mediatek,drivers/misc/mediatek/mu3phy/mtk-phy.c,4fa3bbc1004520212ccb2b56036ac205003d6b3fbe319e9ce53ae439f5f3d546,drivers/misc/mediatek/mu3phy/Kconfig,,0,not-observed,support-code,no,no,none-observed,none-observed,not-derived-from-source,support-code-only,
drivers/misc/mediatek,drivers/misc/mediatek/mu3phy/mtk-phy.h,e7561443f6de332198c4a4aaf0d4b93a24f5c2c325f85cc8e7aca27441e6b528,drivers/misc/mediatek/mu3phy/Kconfig,,0,not-observed,support-code,no,no,none-observed,none-observed,not-derived-from-source,support-code-only,
drivers/misc/mediatek,drivers/misc/mediatek/mu3phy/mt8183/mtk-phy-asic.c,cdd4852cbb6fffcb9677a91599dd8d1e9da3a83031d1fcfd0f4e07cafa59e587,drivers/misc/mediatek/mu3phy/Kconfig,,0,not-observed,support-code,no,no,none-observed,none-observed,not-derived-from-source,support-code-only,
drivers/misc/mediatek,drivers/misc/mediatek/mu3phy/mt8183/mtk-phy-asic.h,0931f37903866c87bb7f9b3bc50ff7b60bfc6d7e3ba357ed3d8f7fd2f4cd0413,drivers/misc/mediatek/mu3phy/Kconfig,,0,not-observed,support-code,no,no,none-observed,none-observed,not-derived-from-source,support-code-only,
drivers/misc/mediatek,drivers/misc/mediatek/mu3phy/mt8183/usb20_phy_debugfs.c,78423706be96b2c410442ea12dbbcae2816597c38faff7879094e27b74cb70c3,drivers/misc/mediatek/mu3phy/Kconfig,proc_sysfs_debugfs_registration,6,not-observed,ioctl-or-user-copy,no,no,none-observed,none-observed,not-derived-from-source,source-surface-only,user_copy:466:<file-scope>; user_copy:501:<file-scope>; user_copy:515:<file-scope>; user_copy:528:<file-scope>; user_copy:542:<file-scope>; user_copy:554:<file-scope>; proc_sysfs_debugfs_registration:631:<file-scope>; proc_sysfs_debugfs_registration:637:<file-scope>; proc_sysfs_debugfs_registration:643:<file-scope>; proc_sysfs_debugfs_registration:649:<file-scope>; proc_sysfs_debugfs_registration:655:<file-scope>; proc_sysfs_debugfs_registration:661:<file-scope>
drivers/misc/mediatek,drivers/misc/mediatek/partition/mtk_partition.c,ae903c2cef99117e6948ef01cb8a62c14f3dd881b6c658e24af3bbd1f3e17a02,drivers/misc/mediatek/partition/Kconfig,,0,not-observed,support-code,no,no,none-observed,none-observed,not-derived-from-source,support-code-only,
drivers/misc/mediatek,drivers/misc/mediatek/performance/cpu_loading/cpu_loading.c,d2ed963198f0be02c8bfb7918fd0ae3a1f7e8b62913d47b98e7040cf339140ee,drivers/misc/mediatek/performance/Kconfig,"proc_sysfs_debugfs_registration,device_registration",7,not-observed,uevent-or-netlink-marker,no,yes,none-observed,none-observed,not-derived-from-source,source-surface-only,uevent_or_netlink:42:<file-scope>; uevent_or_netlink:43:<file-scope>; uevent_or_netlink:44:<file-scope>; uevent_or_netlink:150:<file-scope>; uevent_or_netlink:151:<file-scope>; uevent_or_netlink:158:<file-scope>; uevent_or_netlink:162:<file-scope>; uevent_or_netlink:164:<file-scope>; uevent_or_netlink:168:<file-scope>; uevent_or_netlink:171:<file-scope>; uevent_or_netlink:315:<file-scope>; property_or_boot_state:323:<file-scope>
drivers/misc/mediatek,drivers/misc/mediatek/performance/eas_controller/include/eas_ctrl_plat.h,79c9518088838f0caf7c45eabe7d7685a4ea1930431e056942633074a8233092,drivers/misc/mediatek/performance/Kconfig,,0,not-observed,support-code,no,no,none-observed,none-observed,not-derived-from-source,support-code-only,
drivers/misc/mediatek,drivers/misc/mediatek/performance/eas_controller/src/eas_controller.c,6a5f6bf2f19a501f69473d74167ffa2ccb542e55b762140f19af31b444cba8e7,drivers/misc/mediatek/performance/Kconfig,proc_sysfs_debugfs_registration,11,not-observed,ioctl-or-user-copy,no,no,none-observed,none-observed,not-derived-from-source,source-surface-only,user_copy:166:<file-scope>; user_copy:234:<file-scope>; user_copy:285:<file-scope>; user_copy:353:<file-scope>; user_copy:405:<file-scope>; user_copy:449:<file-scope>; user_copy:521:<file-scope>; user_copy:573:<file-scope>; property_or_boot_state:612:<file-scope>; user_copy:622:<file-scope>; user_copy:665:<file-scope>; user_copy:705:<file-scope>
drivers/misc/mediatek,drivers/misc/mediatek/performance/eas_controller/src/platform/mt8183/eas_ctrl_extend.c,253a84f6536ef4a857cc407ec1fff8f4574dbbe037e892ddc1860275a5cc0942,drivers/misc/mediatek/performance/Kconfig,,0,not-observed,support-code,no,no,none-observed,none-observed,not-derived-from-source,support-code-only,
drivers/misc/mediatek,drivers/misc/mediatek/performance/fbc/touch_boost.c,561454b4f8edad166c3d81ee42baeb9c3d5f3d0dd6f30c2d484675288164222d,drivers/misc/mediatek/performance/Kconfig,proc_sysfs_debugfs_registration,1,not-observed,ioctl-or-user-copy,no,no,none-observed,none-observed,not-derived-from-source,source-surface-only,user_copy:145:<file-scope>; proc_sysfs_debugfs_registration:242:<file-scope>
drivers/misc/mediatek,drivers/misc/mediatek/performance/fbc/touch_boost.h,f91327443d0153f4de872e06e30ce0a1bd54d876e8918008fff32970630a142e,drivers/misc/mediatek/performance/Kconfig,,0,not-observed,support-code,no,no,none-observed,none-observed,not-derived-from-source,support-code-only,
drivers/misc/mediatek,drivers/misc/mediatek/performance/fliper/mt8183/fliper.c,ba9827390b132cbdcf532075cafd2d5efb9e55c33b408d2b309b73c3e5f6e147,drivers/misc/mediatek/performance/Kconfig,proc_sysfs_debugfs_registration,3,not-observed,ioctl-or-user-copy,no,no,none-observed,none-observed,not-derived-from-source,source-surface-only,user_copy:100:<file-scope>; user_copy:156:<file-scope>; user_copy:209:<file-scope>; proc_sysfs_debugfs_registration:257:<file-scope>; proc_sysfs_debugfs_registration:262:<file-scope>; proc_sysfs_debugfs_registration:276:<file-scope>; proc_sysfs_debugfs_registration:287:<file-scope>; proc_sysfs_debugfs_registration:291:<file-scope>
drivers/misc/mediatek,drivers/misc/mediatek/performance/legacy_controller/legacy_controller.c,5b49072f73c6a71c22af0807cd5d3d29fa005d74c4b25d47b81aefe70c1dd95e,drivers/misc/mediatek/performance/Kconfig,proc_sysfs_debugfs_registration,2,not-observed,ioctl-or-user-copy,no,no,none-observed,none-observed,not-derived-from-source,source-surface-only,user_copy:71:<file-scope>; user_copy:565:<file-scope>; proc_sysfs_debugfs_registration:609:<file-scope>; proc_sysfs_debugfs_registration:611:<file-scope>; proc_sysfs_debugfs_registration:612:<file-scope>; proc_sysfs_debugfs_registration:613:<file-scope>; proc_sysfs_debugfs_registration:614:<file-scope>; proc_sysfs_debugfs_registration:615:<file-scope>; proc_sysfs_debugfs_registration:616:<file-scope>
drivers/misc/mediatek,drivers/misc/mediatek/performance/load_track/load_track.c,59f2c2005dcaa0b9b850e3bfbeccdfe4c21045e34264bd8ee8c7ed7a801f3f03,drivers/misc/mediatek/performance/Kconfig,,0,not-observed,support-code,no,no,none-observed,none-observed,not-derived-from-source,support-code-only,
drivers/misc/mediatek,drivers/misc/mediatek/performance/perf_ioctl/perf_ioctl.c,df846d7463d14af07fa98bb0a26d389c1a5e41a46b58763327c9d47a2aa3ff09,drivers/misc/mediatek/performance/Kconfig,"ioctl_entry,proc_sysfs_debugfs_registration,device_registration",3,not-observed,ioctl-or-user-copy,no,no,none-observed,none-observed,not-derived-from-source,source-surface-only,user_copy:31:<file-scope>; user_copy:32:<file-scope>; user_copy:49:<file-scope>; ioctl_entry:200:<file-scope>; ioctl_entry:201:<file-scope>; device_registration:223:<file-scope>; proc_sysfs_debugfs_registration:231:<file-scope>
drivers/misc/mediatek,drivers/misc/mediatek/performance/perf_ioctl/perf_ioctl.h,27c1199a09f07e0bcd80d97f0142ad5695a1385922daa842ed902ba7988bfe10,drivers/misc/mediatek/performance/Kconfig,ioctl_entry,0,not-observed,ioctl-or-user-copy,no,no,none-observed,none-observed,not-derived-from-source,source-surface-only,ioctl_entry:34:<file-scope>; ioctl_entry:69:<file-scope>; ioctl_entry:70:<file-scope>; ioctl_entry:71:<file-scope>; ioctl_entry:72:<file-scope>; ioctl_entry:73:<file-scope>; ioctl_entry:74:<file-scope>; ioctl_entry:75:<file-scope>; ioctl_entry:76:<file-scope>; ioctl_entry:77:<file-scope>; ioctl_entry:78:<file-scope>; ioctl_entry:79:<file-scope>
drivers/misc/mediatek,drivers/misc/mediatek/performance/perfmgr/perfmgr_main.c,ad8bee84ff7bba1f4c52091c5b7153d8a53ba00b8242343b6e89bbd49d3f433d,drivers/misc/mediatek/performance/Kconfig,"proc_sysfs_debugfs_registration,device_registration",0,not-observed,proc-sysfs-device-registration,no,no,none-observed,none-observed,not-derived-from-source,source-surface-only,device_registration:71:<file-scope>; proc_sysfs_debugfs_registration:76:<file-scope>
drivers/misc/mediatek,drivers/misc/mediatek/performance/perfmgr/perfmgr_touch.c,6ab4300352f00f73894d7e1ba7d7ed9cb979be954e7ac42c3bfdf34612b490f8,drivers/misc/mediatek/performance/Kconfig,proc_sysfs_debugfs_registration,3,not-observed,ioctl-or-user-copy,no,no,none-observed,none-observed,not-derived-from-source,source-surface-only,user_copy:100:<file-scope>; user_copy:147:<file-scope>; user_copy:194:<file-scope>; proc_sysfs_debugfs_registration:314:<file-scope>; proc_sysfs_debugfs_registration:317:<file-scope>; proc_sysfs_debugfs_registration:318:<file-scope>; proc_sysfs_debugfs_registration:319:<file-scope>
drivers/misc/mediatek,drivers/misc/mediatek/performance/perfmgr/mt8183/perfmgr_boost.c,8811434ccf1cb48718f41d20ec0bac4867bd4efd25540460ce7b54f8d70b7772,drivers/misc/mediatek/performance/Kconfig,,0,not-observed,support-code,no,no,none-observed,none-observed,not-derived-from-source,support-code-only,
drivers/misc/mediatek,drivers/misc/mediatek/performance/smart/mt8183/smart.c,1f32c5395a7f1810499fe687fbde07083b1867164806aad62dba176783002a9b,drivers/misc/mediatek/performance/Kconfig,"proc_sysfs_debugfs_registration,device_registration",0,not-observed,uevent-or-netlink-marker,no,yes,none-observed,none-observed,not-derived-from-source,source-surface-only,uevent_or_netlink:78:<file-scope>; uevent_or_netlink:174:<file-scope>; uevent_or_netlink:177:<file-scope>; uevent_or_netlink:495:<file-scope>; uevent_or_netlink:497:<file-scope>; uevent_or_netlink:507:<file-scope>; uevent_or_netlink:705:<file-scope>; uevent_or_netlink:754:<file-scope>; uevent_or_netlink:757:<file-scope>; uevent_or_netlink:772:<file-scope>; uevent_or_netlink:775:<file-scope>; device_registration:909:<file-scope>
drivers/misc/mediatek,drivers/misc/mediatek/performance/smart/mt8183/smart.h,226aba7208ef086e509fdc1163e03b010c0c86aacf37bbbea9a465dc5c8dec24,drivers/misc/mediatek/performance/Kconfig,,0,not-observed,support-code,no,no,none-observed,none-observed,not-derived-from-source,support-code-only,
drivers/misc/mediatek,drivers/misc/mediatek/pidmap/pidmap.c,f4390d6703c9c0f628e41e5fa5f76c34c0b9d772783e8c7128fbb29803f33087,drivers/misc/mediatek/pidmap/Kconfig,proc_sysfs_debugfs_registration,1,not-observed,ioctl-or-user-copy,no,no,none-observed,none-observed,not-derived-from-source,source-surface-only,user_copy:206:<file-scope>; proc_sysfs_debugfs_registration:253:<file-scope>
drivers/misc/mediatek,drivers/misc/mediatek/pmic/mtk_battery_adc_intf.c,51a47d317038be352d27cbbf13db8deb26e5a076961c8bfa7ab3115449bcbac9,drivers/misc/mediatek/pmic/Kconfig,,0,not-observed,support-code,no,no,none-observed,none-observed,not-derived-from-source,support-code-only,
drivers/misc/mediatek,drivers/misc/mediatek/pmic/common/upmu.c,5dc2cd13f902ed1d95bd037aaaa02bbc921eec95e6102d229154e10afc159fe1,drivers/misc/mediatek/pmic/Kconfig,"ioctl_entry,device_registration",10,not-observed,ioctl-or-user-copy,no,no,none-observed,none-observed,not-derived-from-source,source-surface-only,ioctl_entry:300:<file-scope>; ioctl_entry:301:<file-scope>; ioctl_entry:302:<file-scope>; ioctl_entry:303:<file-scope>; ioctl_entry:304:<file-scope>; user_copy:323:<file-scope>; user_copy:330:<file-scope>; user_copy:338:<file-scope>; user_copy:340:<file-scope>; user_copy:348:<file-scope>; user_copy:350:<file-scope>; user_copy:356:<file-scope>
drivers/misc/mediatek,drivers/misc/mediatek/pmic/common/upmu_auxadc.c,216d039e376b3f3b5448e02cd93eef29df251f3716f98d9e51c6fbfe9e728251,drivers/misc/mediatek/pmic/Kconfig,"proc_sysfs_debugfs_registration,device_registration",0,not-observed,proc-sysfs-device-registration,no,no,none-observed,none-observed,not-derived-from-source,source-surface-only,proc_sysfs_debugfs_registration:380:<file-scope>; device_registration:380:<file-scope>; property_or_boot_state:403:<file-scope>
drivers/misc/mediatek,drivers/misc/mediatek/pmic/common/upmu_debugfs.c,db8dfc551225586a717af6cc96057b8d810548cf123bd555cfb5d5698b5ec092,drivers/misc/mediatek/pmic/Kconfig,"proc_sysfs_debugfs_registration,device_registration",0,not-observed,proc-sysfs-device-registration,no,no,none-observed,none-observed,not-derived-from-source,source-surface-only,proc_sysfs_debugfs_registration:323:<file-scope>; proc_sysfs_debugfs_registration:330:<file-scope>; proc_sysfs_debugfs_registration:332:<file-scope>; proc_sysfs_debugfs_registration:334:<file-scope>; proc_sysfs_debugfs_registration:348:<file-scope>; device_registration:348:<file-scope>; proc_sysfs_debugfs_registration:349:<file-scope>; device_registration:349:<file-scope>; proc_sysfs_debugfs_registration:351:<file-scope>; device_registration:351:<file-scope>
drivers/misc/mediatek,drivers/misc/mediatek/pmic/common/upmu_initial_setting.c,6853f0d56a056ed85b6967908fd186b2f4bfc8ce91daa39a9cab661141d0d622,drivers/misc/mediatek/pmic/Kconfig,,0,not-observed,support-code,no,no,none-observed,none-observed,not-derived-from-source,support-code-only,
drivers/misc/mediatek,drivers/misc/mediatek/pmic/common/upmu_lbat_service.c,274b7d04fbcce34ed98a5d84976bc26683c87270c01778fe787c02295a4f9b4f,drivers/misc/mediatek/pmic/Kconfig,proc_sysfs_debugfs_registration,0,not-observed,proc-sysfs-device-registration,no,no,none-observed,none-observed,not-derived-from-source,source-surface-only,proc_sysfs_debugfs_registration:648:<file-scope>; proc_sysfs_debugfs_registration:656:<file-scope>; proc_sysfs_debugfs_registration:660:<file-scope>; proc_sysfs_debugfs_registration:664:<file-scope>
drivers/misc/mediatek,drivers/misc/mediatek/pmic/common/upmu_regulator.c,2ef42b99b0f6aae9543fa0e1abd3d49606b4c0b361bd5944c82de3da94e5311e,drivers/misc/mediatek/pmic/Kconfig,"proc_sysfs_debugfs_registration,device_registration",0,not-observed,proc-sysfs-device-registration,no,no,none-observed,none-observed,not-derived-from-source,source-surface-only,proc_sysfs_debugfs_registration:736:<file-scope>; device_registration:736:<file-scope>; proc_sysfs_debugfs_registration:745:<file-scope>; device_registration:745:<file-scope>; proc_sysfs_debugfs_registration:750:<file-scope>; device_registration:750:<file-scope>; proc_sysfs_debugfs_registration:753:<file-scope>; device_registration:753:<file-scope>; proc_sysfs_debugfs_registration:759:<file-scope>; device_registration:759:<file-scope>; proc_sysfs_debugfs_registration:764:<file-scope>; device_registration:764:<file-scope>
drivers/misc/mediatek,drivers/misc/mediatek/pmic/include/mtk_pmic_common.h,28f16529b93a981d93dd0da42b3c608056457f9eece257f3bf5435fb8e9abe63,drivers/misc/mediatek/pmic/Kconfig,,0,not-observed,support-code,no,no,none-observed,none-observed,not-derived-from-source,support-code-only,
drivers/misc/mediatek,drivers/misc/mediatek/pmic/include/pmic.h,84d52f5a7952d66c502c639d9d32c28828f2431ad726bdea7aa12f532026c645,drivers/misc/mediatek/pmic/Kconfig,,0,not-observed,support-code,no,no,none-observed,none-observed,not-derived-from-source,support-code-only,
drivers/misc/mediatek,drivers/misc/mediatek/pmic/include/pmic_api.h,f7609432ec17546cfca85ed68a1a04a34ef849bc943673f338ebc09ea2f1b3c0,drivers/misc/mediatek/pmic/Kconfig,,0,not-observed,support-code,no,no,none-observed,none-observed,not-derived-from-source,support-code-only,
drivers/misc/mediatek,drivers/misc/mediatek/pmic/include/pmic_api_buck.h,3b5f1819a9b2e681fad4f035b20bfc44159752e94505f484b594100b3fd982af,drivers/misc/mediatek/pmic/Kconfig,,0,not-observed,support-code,no,no,none-observed,none-observed,not-derived-from-source,support-code-only,
drivers/misc/mediatek,drivers/misc/mediatek/pmic/include/pmic_auxadc.h,81654bbed8bd156096dcf09313625804d06658bd9de4d2e1fb07d48dc9f20e63,drivers/misc/mediatek/pmic/Kconfig,,0,not-observed,support-code,no,no,none-observed,none-observed,not-derived-from-source,support-code-only,
drivers/misc/mediatek,drivers/misc/mediatek/pmic/include/pmic_bif.h,5e127d983057c7698fedc543665e16c0394020d4abba68b4af7b7bc7e4b27aa6,drivers/misc/mediatek/pmic/Kconfig,,0,not-observed,support-code,no,no,none-observed,none-observed,not-derived-from-source,support-code-only,
drivers/misc/mediatek,drivers/misc/mediatek/pmic/include/pmic_debugfs.h,7487e360f91f771145756f8cf8110edd07033a553e859d849fd3ae666e3fa69d,drivers/misc/mediatek/pmic/Kconfig,,0,not-observed,support-code,no,no,none-observed,none-observed,not-derived-from-source,support-code-only,
drivers/misc/mediatek,drivers/misc/mediatek/pmic/include/pmic_ipi.h,745641922f3a5fa5b053d6b0f285ebe2f9ffa2ad753fdac715eba4815fa7f9ab,drivers/misc/mediatek/pmic/Kconfig,,0,not-observed,support-code,no,no,none-observed,none-observed,not-derived-from-source,support-code-only,
drivers/misc/mediatek,drivers/misc/mediatek/pmic/include/pmic_ipi_service_id.h,2ace3b3e5a7aa553bf7cf3626a0331b4efc4e58071b90f80b7b292ba45b25faa,drivers/misc/mediatek/pmic/Kconfig,,0,not-observed,support-code,no,no,none-observed,none-observed,not-derived-from-source,support-code-only,
drivers/misc/mediatek,drivers/misc/mediatek/pmic/include/pmic_irq.h,147111269e4c835c8fb7791b5895d0c5896a1d941509d73154fed48d70f84490,drivers/misc/mediatek/pmic/Kconfig,,0,not-observed,support-code,no,no,none-observed,none-observed,not-derived-from-source,support-code-only,
drivers/misc/mediatek,drivers/misc/mediatek/pmic/include/pmic_lbat_service.h,a311f42bbb834cb01680f5390d5d983e4a71210f0b46b0eb0de46244b4fe3776,drivers/misc/mediatek/pmic/Kconfig,,0,not-observed,support-code,no,no,none-observed,none-observed,not-derived-from-source,support-code-only,
drivers/misc/mediatek,drivers/misc/mediatek/pmic/include/pmic_regulator.h,73b80dab5ae84cb3089ee44e5761bce5b7653e96fa969903d094f1164d5f3606,drivers/misc/mediatek/pmic/Kconfig,,0,not-observed,support-code,no,no,none-observed,none-observed,not-derived-from-source,support-code-only,
drivers/misc/mediatek,drivers/misc/mediatek/pmic/include/pmic_throttling_dlpt.h,757bea544e775671ac477c5ba86a769039c3a3bccef4d53a22c15753e99f0268,drivers/misc/mediatek/pmic/Kconfig,,0,not-observed,support-code,no,no,none-observed,none-observed,not-derived-from-source,support-code-only,
drivers/misc/mediatek,drivers/misc/mediatek/pmic/include/regulator_codegen.h,135b527f89a6cb183fd373523be84c39e7e6ed6253a23c6da7b75d9283555bf1,drivers/misc/mediatek/pmic/Kconfig,,0,not-observed,support-code,no,no,none-observed,none-observed,not-derived-from-source,support-code-only,
drivers/misc/mediatek,drivers/misc/mediatek/pmic/include/mt6335/mtk_pmic_info.h,933b8c1c8746ea90e023d6f89fa671ae46224aa02fb67b978124070049fd7921,drivers/misc/mediatek/pmic/Kconfig,,0,not-observed,support-code,no,no,none-observed,none-observed,not-derived-from-source,support-code-only,
drivers/misc/mediatek,drivers/misc/mediatek/pmic/include/mt6335/mtk_pmic_regulator.h,f91456580a4ef1fa44d39e36552c0719516c936099b297db4a0ef10df7bec01e,drivers/misc/mediatek/pmic/Kconfig,,0,not-observed,support-code,no,no,none-observed,none-observed,not-derived-from-source,support-code-only,
drivers/misc/mediatek,drivers/misc/mediatek/pmic/include/mt6356/mtk_pmic_api_buck.h,ab9bc61090579e622df8f561c79d014759a54b85cfa94a1ea2332e4a3c902221,drivers/misc/mediatek/pmic/Kconfig,,0,not-observed,support-code,no,no,none-observed,none-observed,not-derived-from-source,support-code-only,
drivers/misc/mediatek,drivers/misc/mediatek/pmic/include/mt6356/mtk_pmic_info.h,c92cba6654ccfb4516815b14fcbf9530ba82eded661a8988b6244f5cac1a47b7,drivers/misc/mediatek/pmic/Kconfig,,0,not-observed,support-code,no,no,none-observed,none-observed,not-derived-from-source,support-code-only,
drivers/misc/mediatek,drivers/misc/mediatek/pmic/include/mt6356/mtk_pmic_regulator.h,131a4241936acb6e1eee96b4f4378afa6f9040304688c551b12420e150981618,drivers/misc/mediatek/pmic/Kconfig,,0,not-observed,support-code,no,no,none-observed,none-observed,not-derived-from-source,support-code-only,
drivers/misc/mediatek,drivers/misc/mediatek/pmic/include/mt6358/mtk_pmic_api.h,b4f1674f990a22b6403ee3b5b2d91c22879a650ddcc2526a06e4f1121bca356d,drivers/misc/mediatek/pmic/Kconfig,,0,not-observed,support-code,no,no,none-observed,none-observed,not-derived-from-source,support-code-only,
drivers/misc/mediatek,drivers/misc/mediatek/pmic/include/mt6358/mtk_pmic_api_buck.h,803d8cf991114677b2246fa40d10da45d529784a600b5e35ea2a26b5c611e17f,drivers/misc/mediatek/pmic/Kconfig,,0,not-observed,support-code,no,no,none-observed,none-observed,not-derived-from-source,support-code-only,
drivers/misc/mediatek,drivers/misc/mediatek/pmic/include/mt6358/mtk_pmic_info.h,ad87de8e1635a497f18e341e0908f50e39e17847900dcf44a3c7e865d5821dc4,drivers/misc/mediatek/pmic/Kconfig,,0,not-observed,support-code,no,no,none-observed,none-observed,not-derived-from-source,support-code-only,
drivers/misc/mediatek,drivers/misc/mediatek/pmic/include/mt6358/mtk_pmic_irq.h,99bfea301a66db0cb1e845476203a1a584d07a5e22bfba8d316fbbea38820bc4,drivers/misc/mediatek/pmic/Kconfig,,0,not-observed,support-code,no,no,none-observed,none-observed,not-derived-from-source,support-code-only,
drivers/misc/mediatek,drivers/misc/mediatek/pmic/include/mt6358/mtk_regulator_codegen.h,bd95799dfd7cf32c01354a491e4507a9d5304dd5ca24af3f90ec39ad4c3a1160,drivers/misc/mediatek/pmic/Kconfig,,0,not-observed,support-code,no,no,none-observed,none-observed,not-derived-from-source,support-code-only,
drivers/misc/mediatek,drivers/misc/mediatek/pmic/mt6358/v1/mt6358_gauge.c,58a49b2d14f6fd635be92d9fc0c349163ad98caff4260e96258fd744ee5d7319,drivers/misc/mediatek/pmic/Kconfig,device_registration,0,not-observed,proc-sysfs-device-registration,no,no,none-observed,none-observed,not-derived-from-source,source-surface-only,device_registration:3098:<file-scope>
drivers/misc/mediatek,drivers/misc/mediatek/pmic/mt6358/v1/pmic.c,aecd4d84d0f7766064edc5401339ae89f83f5cbeda658a9058b18a08a2f4a769,drivers/misc/mediatek/pmic/Kconfig,,0,not-observed,support-code,no,no,none-observed,none-observed,not-derived-from-source,support-code-only,
drivers/misc/mediatek,drivers/misc/mediatek/pmic/mt6358/v1/pmic_api.c,ab1a68a9f171ee94a2c0cc35ada22abc3e35daf9eda2dae707f7f8eecebbe417,drivers/misc/mediatek/pmic/Kconfig,,0,not-observed,support-code,no,no,none-observed,none-observed,not-derived-from-source,support-code-only,
drivers/misc/mediatek,drivers/misc/mediatek/pmic/mt6358/v1/pmic_auxadc.c,46805509ffa0063ccbe994ed671769a4dfd419b7b6c7d81185e560f6f8e371ee,drivers/misc/mediatek/pmic/Kconfig,,0,not-observed,support-code,no,no,none-observed,none-observed,not-derived-from-source,support-code-only,
drivers/misc/mediatek,drivers/misc/mediatek/pmic/mt6358/v1/pmic_common.c,6856beb18d0b4f26e90ba598dfb0f20a134c5749bcba5b1d09c95c0a40eb4494,drivers/misc/mediatek/pmic/Kconfig,,0,not-observed,support-code,no,no,none-observed,none-observed,not-derived-from-source,support-code-only,
drivers/misc/mediatek,drivers/misc/mediatek/pmic/mt6358/v1/pmic_debugfs.c,cd8e15bfbf7d5113cc8a47a5961d10072955ce1095a17d5e971eb90efbbce3b4,drivers/misc/mediatek/pmic/Kconfig,,0,not-observed,support-code,no,no,none-observed,none-observed,not-derived-from-source,support-code-only,
drivers/misc/mediatek,drivers/misc/mediatek/pmic/mt6358/v1/pmic_efuse.c,ef4811aca468af4e36412ed823c674ef102e0a5d7319fb26b146d79dfc7ef123,drivers/misc/mediatek/pmic/Kconfig,,0,not-observed,support-code,no,no,none-observed,none-observed,not-derived-from-source,support-code-only,
drivers/misc/mediatek,drivers/misc/mediatek/pmic/mt6358/v1/pmic_initial_setting.c,5ee8fefea0d58ac1d26be175f13043bc5847605a7dcdf9569c2cf2aa4dd617e2,drivers/misc/mediatek/pmic/Kconfig,,0,not-observed,support-code,no,no,none-observed,none-observed,not-derived-from-source,support-code-only,
drivers/misc/mediatek,drivers/misc/mediatek/pmic/mt6358/v1/pmic_ipi.c,83017bbef1d0362058d77bbad2d338d52d50d325682e92499cb78b213a46ed2a,drivers/misc/mediatek/pmic/Kconfig,,0,not-observed,support-code,no,no,none-observed,none-observed,not-derived-from-source,support-code-only,
drivers/misc/mediatek,drivers/misc/mediatek/pmic/mt6358/v1/pmic_irq.c,c98ab55584e373c17f195f42d3e7ce34a786f28e99bd52386db9e3d32ea74712,drivers/misc/mediatek/pmic/Kconfig,proc_sysfs_debugfs_registration,0,not-observed,proc-sysfs-device-registration,no,no,none-observed,none-observed,not-derived-from-source,source-surface-only,proc_sysfs_debugfs_registration:1082:<file-scope>; proc_sysfs_debugfs_registration:1089:<file-scope>; proc_sysfs_debugfs_registration:1093:<file-scope>; proc_sysfs_debugfs_registration:1097:<file-scope>; proc_sysfs_debugfs_registration:1101:<file-scope>
drivers/misc/mediatek,drivers/misc/mediatek/pmic/mt6358/v1/pmic_lp_api.c,aa425f59d0981d1d8f23417ed123088619d17bbd85f8361c1712bebb94a1b908,drivers/misc/mediatek/pmic/Kconfig,,0,not-observed,support-code,no,no,none-observed,none-observed,not-derived-from-source,support-code-only,
drivers/misc/mediatek,drivers/misc/mediatek/pmic/mt6358/v1/pmic_throttling_dlpt.c,13d8eda218179c3391da9619f91cb300b2cbc7013206db563e341ffebd2835b6,drivers/misc/mediatek/pmic/Kconfig,"proc_sysfs_debugfs_registration,device_registration",0,not-observed,proc-sysfs-device-registration,no,no,none-observed,none-observed,not-derived-from-source,source-surface-only,proc_sysfs_debugfs_registration:1714:<file-scope>; device_registration:1714:<file-scope>; proc_sysfs_debugfs_registration:1715:<file-scope>; device_registration:1715:<file-scope>; proc_sysfs_debugfs_registration:1716:<file-scope>; device_registration:1716:<file-scope>; proc_sysfs_debugfs_registration:1720:<file-scope>; device_registration:1720:<file-scope>; proc_sysfs_debugfs_registration:1721:<file-scope>; device_registration:1721:<file-scope>; proc_sysfs_debugfs_registration:1722:<file-scope>; device_registration:1722:<file-scope>
drivers/misc/mediatek,drivers/misc/mediatek/pmic/mt6358/v1/regulator_codegen.c,9cb42cc624fc155ce8b1dc5b1af2e680ef945affd0c4f2e5d50692715809f500,drivers/misc/mediatek/pmic/Kconfig,,0,not-observed,support-code,no,no,none-observed,none-observed,not-derived-from-source,support-code-only,
drivers/misc/mediatek,drivers/misc/mediatek/pmic/mt6370/mt6370_pmu_bled.c,a8be7e9831dbecaff446e195a7aa831d1a9ecd4f84b481ba0394fc35b1960d95,drivers/misc/mediatek/pmic/mt6370/Kconfig,,0,not-observed,support-code,no,no,none-observed,none-observed,not-derived-from-source,support-code-only,
drivers/misc/mediatek,drivers/misc/mediatek/pmic/mt6370/mt6370_pmu_charger.c,b2a2937b50a02a1ee6dc111568abba8357b418a31c4151c7724a96aaa6e338d4,drivers/misc/mediatek/pmic/mt6370/Kconfig,"proc_sysfs_debugfs_registration,device_registration",0,not-observed,proc-sysfs-device-registration,no,no,none-observed,none-observed,not-derived-from-source,source-surface-only,property_or_boot_state:4051:<file-scope>; property_or_boot_state:4079:<file-scope>; proc_sysfs_debugfs_registration:4429:<file-scope>; device_registration:4429:<file-scope>; proc_sysfs_debugfs_registration:4434:<file-scope>; device_registration:4434:<file-scope>
drivers/misc/mediatek,drivers/misc/mediatek/pmic/mt6370/mt6370_pmu_core.c,3e5ab896a5343735c2eb48dcd3bc287bf6ea79c3a3eaad2ac8ae1d1ae2909136,drivers/misc/mediatek/pmic/mt6370/Kconfig,,0,not-observed,support-code,no,no,none-observed,none-observed,not-derived-from-source,support-code-only,
drivers/misc/mediatek,drivers/misc/mediatek/pmic/mt6370/mt6370_pmu_dsv.c,899b58be61ed14cf97abd8834637e9f8424a04e34b456f9803ecb880fba0cfdc,drivers/misc/mediatek/pmic/mt6370/Kconfig,,0,not-observed,support-code,no,no,none-observed,none-observed,not-derived-from-source,support-code-only,
drivers/misc/mediatek,drivers/misc/mediatek/pmic/mt6370/mt6370_pmu_fled.c,9703187c6adf0dd09c713734bb07aa5440586780cc95689a4c511956903da231,drivers/misc/mediatek/pmic/mt6370/Kconfig,,0,not-observed,support-code,no,no,none-observed,none-observed,not-derived-from-source,support-code-only,
drivers/misc/mediatek,drivers/misc/mediatek/pmic/mt6370/mt6370_pmu_i2c.c,be499b3c4835d45329b23d5a3d0ab78fa429b79ab0cb96f940f234c62a29b0ba,drivers/misc/mediatek/pmic/mt6370/Kconfig,,0,not-observed,support-code,no,no,none-observed,none-observed,not-derived-from-source,support-code-only,
drivers/misc/mediatek,drivers/misc/mediatek/pmic/mt6370/mt6370_pmu_irq.c,6d029c4788abb2924d8e762bb045f628af2f03259730b88dd5f708f40e9d63c8,drivers/misc/mediatek/pmic/mt6370/Kconfig,,0,not-observed,support-code,no,no,none-observed,none-observed,not-derived-from-source,support-code-only,
drivers/misc/mediatek,drivers/misc/mediatek/pmic/mt6370/mt6370_pmu_ldo.c,c15ecdd3c599ded58b440d6c09977866500a1f050052159cb336938c0f86572e,drivers/misc/mediatek/pmic/mt6370/Kconfig,,0,not-observed,support-code,no,no,none-observed,none-observed,not-derived-from-source,support-code-only,
drivers/misc/mediatek,drivers/misc/mediatek/pmic/mt6370/mt6370_pmu_regmap.c,07a13c98ec0c8bd4972f8dba59c15b73b3b8890cea4e15a58adf8ba76a37ecd3,drivers/misc/mediatek/pmic/mt6370/Kconfig,,0,not-observed,support-code,no,no,none-observed,none-observed,not-derived-from-source,support-code-only,
drivers/misc/mediatek,drivers/misc/mediatek/pmic/mt6370/mt6370_pmu_subdevs.c,e618eae917550106fbcd406e813652fd329643619143293a684ac453114adc02,drivers/misc/mediatek/pmic/mt6370/Kconfig,,0,not-observed,support-code,no,no,none-observed,none-observed,not-derived-from-source,support-code-only,
drivers/misc/mediatek,drivers/misc/mediatek/pmic/mt6370/inc/mt6370_pmu.h,85f11cd1109de6ffdd40f1e53238f8feabe5fa9f3f61b2ec5ae18ba5e852cb5d,drivers/misc/mediatek/pmic/mt6370/Kconfig,,0,not-observed,support-code,no,no,none-observed,none-observed,not-derived-from-source,support-code-only,
drivers/misc/mediatek,drivers/misc/mediatek/pmic/mt6370/inc/mt6370_pmu_bled.h,4f6556062bd81df51cc100abe9797eaa0b57deba8c13c3d21644b6df22fd0a49,drivers/misc/mediatek/pmic/mt6370/Kconfig,,0,not-observed,support-code,no,no,none-observed,none-observed,not-derived-from-source,support-code-only,
drivers/misc/mediatek,drivers/misc/mediatek/pmic/mt6370/inc/mt6370_pmu_charger.h,2dab6d947bb66b72dc8759aaaf6015abcd7f3a5d1f89405724220e0c459c9435,drivers/misc/mediatek/pmic/mt6370/Kconfig,,0,not-observed,support-code,no,no,none-observed,none-observed,not-derived-from-source,support-code-only,
drivers/misc/mediatek,drivers/misc/mediatek/pmic/mt6370/inc/mt6370_pmu_core.h,e132ddff523a7368135f7249474968f61a713af9f9acf706a0cac0ccf7c2e546,drivers/misc/mediatek/pmic/mt6370/Kconfig,,0,not-observed,support-code,no,no,none-observed,none-observed,not-derived-from-source,support-code-only,
drivers/misc/mediatek,drivers/misc/mediatek/pmic/mt6370/inc/mt6370_pmu_fled.h,c1d23830c835c51c3874c7de7e9ed05488cda25c67e9999e2c9679817e84f8a4,drivers/misc/mediatek/pmic/mt6370/Kconfig,,0,not-observed,support-code,no,no,none-observed,none-observed,not-derived-from-source,support-code-only,
drivers/misc/mediatek,drivers/misc/mediatek/pmic_wrap/mtk_pmic_wrap.c,713ae91be35056c1769e00210249b498e84d1383fe529392d00594515db77d6f,drivers/misc/mediatek/pmic_wrap/Kconfig,,0,not-observed,support-code,no,no,none-observed,none-observed,not-derived-from-source,support-code-only,property_or_boot_state:161:<file-scope>
drivers/misc/mediatek,drivers/misc/mediatek/pmic_wrap/mt8183/pwrap_hal.c,ab02fe3f76504b32082ce5bd738f8eb9a81e168103c07ed4036991096eab932e,drivers/misc/mediatek/pmic_wrap/Kconfig,,0,not-observed,support-code,no,no,none-observed,none-observed,not-derived-from-source,support-code-only,
drivers/misc/mediatek,drivers/misc/mediatek/pmic_wrap/mt8183/pwrap_hal.h,457894ec07bcd9f9fbc1456c806abcde9a7a08c02dd33cd9fbf594b0e53fb744,drivers/misc/mediatek/pmic_wrap/Kconfig,,0,not-observed,support-code,no,no,none-observed,none-observed,not-derived-from-source,support-code-only,
drivers/misc/mediatek,drivers/misc/mediatek/power/rt_pd_manager.c,f6c431d7910e1940e4c49ff2985267e2a93f005beb9a038922e5c94a930d701c,drivers/misc/mediatek/power/Kconfig,device_registration,0,not-observed,proc-sysfs-device-registration,no,no,none-observed,none-observed,not-derived-from-source,source-surface-only,property_or_boot_state:110:<file-scope>; property_or_boot_state:112:<file-scope>; property_or_boot_state:114:<file-scope>; property_or_boot_state:115:<file-scope>; property_or_boot_state:182:<file-scope>; property_or_boot_state:332:<file-scope>; property_or_boot_state:334:<file-scope>; property_or_boot_state:335:<file-scope>; device_registration:502:<file-scope>
drivers/misc/mediatek,drivers/misc/mediatek/power/mt8183/mtk_battery_intf.c,db8f48ced2f7d0c945abc323b71dc783631ed817c97272869e864900e60ff202,drivers/misc/mediatek/power/Kconfig,,0,not-observed,support-code,no,no,none-observed,none-observed,not-derived-from-source,support-code-only,property_or_boot_state:44:<file-scope>; property_or_boot_state:46:<file-scope>; property_or_boot_state:47:<file-scope>; property_or_boot_state:48:<file-scope>; property_or_boot_state:49:<file-scope>; property_or_boot_state:104:<file-scope>; property_or_boot_state:106:<file-scope>; property_or_boot_state:107:<file-scope>; property_or_boot_state:108:<file-scope>; property_or_boot_state:109:<file-scope>
drivers/misc/mediatek,drivers/misc/mediatek/pwm/mtk_pwm.c,0962190fa7eb4665ebfa7ea464ffc1b7e33e79b3854be932aa1e7eddfe9515e5,drivers/misc/mediatek/pwm/Kconfig,"proc_sysfs_debugfs_registration,device_registration",0,not-observed,proc-sysfs-device-registration,no,no,none-observed,none-observed,not-derived-from-source,source-surface-only,proc_sysfs_debugfs_registration:1779:<file-scope>; device_registration:1779:<file-scope>; property_or_boot_state:1781:<file-scope>; device_registration:1835:<file-scope>
drivers/misc/mediatek,drivers/misc/mediatek/pwm/mt8183/mtk_pwm_hal.c,345a29e97f1a9d14cc2cdfdbb9991738b1a5e8d0c14326221e08e696a0651d19,drivers/misc/mediatek/pwm/Kconfig,,0,not-observed,support-code,no,no,none-observed,none-observed,not-derived-from-source,support-code-only,
drivers/misc/mediatek,drivers/misc/mediatek/pwm/mt8183/include/mach/mtk_pwm_prv.h,c05ce302ab8de3da082ac1d5c8efe2c9c7e9c80c6d7cf8fe50f95b8c68756b13,drivers/misc/mediatek/pwm/Kconfig,,0,not-observed,support-code,no,no,none-observed,none-observed,not-derived-from-source,support-code-only,
drivers/misc/mediatek,drivers/misc/mediatek/ram_console/mtk_ram_console.c,66e538cfb50701398e4bd25a5ab48d1bcd37a58eb73959e13ec9d1e06e878845,drivers/misc/mediatek/ram_console/Kconfig,proc_sysfs_debugfs_registration,0,not-observed,proc-sysfs-device-registration,no,no,none-observed,none-observed,not-derived-from-source,source-surface-only,proc_sysfs_debugfs_registration:855:<file-scope>; proc_sysfs_debugfs_registration:864:<file-scope>
drivers/misc/mediatek,drivers/misc/mediatek/ram_console/ram_console.h,7938baf38e4a65a4956365cbd4f1d6ad070b9e09ff1cb096d82a21ce248b0d70,drivers/misc/mediatek/ram_console/Kconfig,,0,not-observed,support-code,no,no,none-observed,none-observed,not-derived-from-source,support-code-only,
drivers/misc/mediatek,drivers/misc/mediatek/ram_console/desc/desc_def.h,81d192c7cab865a76c23fbdbe7bfd3b7703a24e1618b501f0acc7a2020fa0ba2,drivers/misc/mediatek/ram_console/Kconfig,,0,not-observed,support-code,no,no,none-observed,none-observed,not-derived-from-source,support-code-only,
drivers/misc/mediatek,drivers/misc/mediatek/ram_console/desc/desc_def_per_cpu.h,9deca4f69adf9e44201acce5f48f53e27a3bf69c0bed51fd0a4b181a72f88205,drivers/misc/mediatek/ram_console/Kconfig,,0,not-observed,support-code,no,no,none-observed,none-observed,not-derived-from-source,support-code-only,
drivers/misc/mediatek,drivers/misc/mediatek/ram_console/desc/desc_s.h,6943c77d48e06d9a00c4aefc1ba87427049d57bb47ef3e13d3fcafd4af96126b,drivers/misc/mediatek/ram_console/Kconfig,,0,not-observed,support-code,no,no,none-observed,none-observed,not-derived-from-source,support-code-only,
drivers/misc/mediatek,drivers/misc/mediatek/rt-regmap/rt-regmap.c,6b15bf5e16ff70b91ae50ec2f6189656d5eff1690f51da8e3dd25b3c42b85163,drivers/misc/mediatek/rt-regmap/Kconfig,proc_sysfs_debugfs_registration,0,not-observed,proc-sysfs-device-registration,no,no,none-observed,none-observed,not-derived-from-source,source-surface-only,property_or_boot_state:16:<file-scope>; proc_sysfs_debugfs_registration:1245:<file-scope>; proc_sysfs_debugfs_registration:1738:<file-scope>; proc_sysfs_debugfs_registration:1896:<file-scope>; proc_sysfs_debugfs_registration:2085:<file-scope>; proc_sysfs_debugfs_registration:2130:<file-scope>
drivers/misc/mediatek,drivers/misc/mediatek/rtc/mtk_rtc_common.c,fdcb2858da30c327c939cdd4722e886bd686cb1aa3a5378b7f290ebff4e35a97,drivers/misc/mediatek/rtc/Kconfig,"ioctl_entry,device_registration",0,not-observed,ioctl-or-user-copy,no,no,none-observed,none-observed,not-derived-from-source,source-surface-only,ioctl_entry:796:<file-scope>; device_registration:870:<file-scope>
drivers/misc/mediatek,drivers/misc/mediatek/rtc/mtk_rtc_hal_common.c,bba77c083e4fcbc29673f5c81b95f3e5d3f2422ab528ee3b9085e834054cea7a,drivers/misc/mediatek/rtc/Kconfig,,0,not-observed,support-code,no,no,none-observed,none-observed,not-derived-from-source,support-code-only,
drivers/misc/mediatek,drivers/misc/mediatek/rtc/mt6358/mtk_rtc_hal.c,a6555d554e578ab5f7e842da691602f051d8089335a4eaa3fed79330ab9af68f,drivers/misc/mediatek/rtc/Kconfig,,0,not-observed,support-code,no,no,none-observed,none-observed,not-derived-from-source,support-code-only,
drivers/misc/mediatek,drivers/misc/mediatek/rtc/mt6358/mtk_rtc_hw.h,f00efaf7287f9d508e6684cdbad498439e9e61112f51f7ff4de7cb814ab026ae,drivers/misc/mediatek/rtc/Kconfig,,0,not-observed,support-code,no,no,none-observed,none-observed,not-derived-from-source,support-code-only,
drivers/misc/mediatek,drivers/misc/mediatek/sched/cputopo.c,e36604c4e4feb891ddbe9e885ae05489c6af59728a17fbf8f2218b5f0dc9e3de,drivers/misc/mediatek/sched/Kconfig,proc_sysfs_debugfs_registration,0,not-observed,proc-sysfs-device-registration,no,no,none-observed,none-observed,not-derived-from-source,source-surface-only,proc_sysfs_debugfs_registration:198:<file-scope>; proc_sysfs_debugfs_registration:202:<file-scope>; proc_sysfs_debugfs_registration:206:<file-scope>
drivers/misc/mediatek,drivers/misc/mediatek/sched/rq_stats.c,7fc540b6ddbc180a9e9020184e73506a99e2aeb40ccba94c85f2990962bf8c14,drivers/misc/mediatek/sched/Kconfig,proc_sysfs_debugfs_registration,0,not-observed,uevent-or-netlink-marker,no,yes,none-observed,none-observed,not-derived-from-source,source-surface-only,property_or_boot_state:19:<file-scope>; proc_sysfs_debugfs_registration:1133:<file-scope>; uevent_or_netlink:1137:<file-scope>
drivers/misc/mediatek,drivers/misc/mediatek/sched/rq_stats.h,53588a0568885555a8fbaead4d988a4020173ce5484de2f7da7ee74789e0b0a1,drivers/misc/mediatek/sched/Kconfig,,0,not-observed,support-code,no,no,none-observed,none-observed,not-derived-from-source,support-code-only,
drivers/misc/mediatek,drivers/misc/mediatek/sched/sched_avg.c,29490cafc644de59557aa39b063987936942dc6dd943ca2c04cff9c0884d41aa,drivers/misc/mediatek/sched/Kconfig,,0,not-observed,support-code,no,no,none-observed,none-observed,not-derived-from-source,support-code-only,
drivers/misc/mediatek,drivers/misc/mediatek/sched/sched_ctl.c,d202e2c3fcb9bb4efb0be29e0bf9720d49d3b0bdfda0603a5fc9138bc653b664,drivers/misc/mediatek/sched/Kconfig,proc_sysfs_debugfs_registration,0,not-observed,uevent-or-netlink-marker,no,yes,none-observed,none-observed,not-derived-from-source,source-surface-only,property_or_boot_state:32:<file-scope>; proc_sysfs_debugfs_registration:427:<file-scope>; uevent_or_netlink:431:<file-scope>
drivers/misc/mediatek,drivers/misc/mediatek/sched/sched_ctl.h,e7c63a52462e5605736e336b49e6e846da9a0916cc6f025c86a776b9904c0a23,drivers/misc/mediatek/sched/Kconfig,,0,not-observed,support-code,no,no,none-observed,none-observed,not-derived-from-source,support-code-only,
drivers/misc/mediatek,drivers/misc/mediatek/sched/sched_power.c,b013b627aa7dc063b2fb73b582d76b8c8f15245c58f387e1273c9636fa4b60b8,drivers/misc/mediatek/sched/Kconfig,proc_sysfs_debugfs_registration,0,not-observed,uevent-or-netlink-marker,no,yes,none-observed,none-observed,not-derived-from-source,source-surface-only,property_or_boot_state:17:<file-scope>; proc_sysfs_debugfs_registration:790:<file-scope>; uevent_or_netlink:794:<file-scope>
drivers/misc/mediatek,drivers/misc/mediatek/sched/sched_power.h,55560184dd357950a24012b4cb46259ed55aaee8c7a55c6f8aecb6aa83a02baf,drivers/misc/mediatek/sched/Kconfig,,0,not-observed,support-code,no,no,none-observed,none-observed,not-derived-from-source,support-code-only,
drivers/misc/mediatek,drivers/misc/mediatek/sched/mtk_cpu_affinity/mtk_compat_sched.c,4c804c7f660905197a61c3c126f71a148cc85610efddc00b0b327c057d7e735f,drivers/misc/mediatek/sched/Kconfig,ioctl_entry,0,not-observed,ioctl-or-user-copy,no,no,none-observed,none-observed,not-derived-from-source,source-surface-only,ioctl_entry:27:<file-scope>; ioctl_entry:28:<file-scope>; ioctl_entry:76:<file-scope>; ioctl_entry:97:<file-scope>; ioctl_entry:116:<file-scope>; ioctl_entry:125:<file-scope>
drivers/misc/mediatek,drivers/misc/mediatek/sched/mtk_cpu_affinity/mtk_sched.c,ba70352560922083c9ee7e67001fabaae434b1eaa7be41c9b01a1ceeb4205697,drivers/misc/mediatek/sched/Kconfig,"ioctl_entry,proc_sysfs_debugfs_registration,device_registration",8,observed,ioctl-or-user-copy,no,no,none-observed,none-observed,not-derived-from-source,source-surface-only,user_copy:46:<file-scope>; local_gate:68:<file-scope>; local_gate:186:<file-scope>; local_gate:193:<file-scope>; local_gate:195:<file-scope>; local_gate:278:<file-scope>; local_gate:280:<file-scope>; user_copy:350:<file-scope>; user_copy:370:<file-scope>; user_copy:397:<file-scope>; user_copy:404:<file-scope>; user_copy:419:<file-scope>
drivers/misc/mediatek,drivers/misc/mediatek/sched/mtk_cpu_affinity/mtk_sched_drv.h,a9d69ce04a7f91f8c9a4375cac09bef987d9f4b539b9f33253b0309e86bee64b,drivers/misc/mediatek/sched/Kconfig,ioctl_entry,0,not-observed,ioctl-or-user-copy,no,no,none-observed,none-observed,not-derived-from-source,source-surface-only,ioctl_entry:17:<file-scope>
drivers/misc/mediatek,drivers/misc/mediatek/sched/mtk_cpu_affinity/mtk_sched_ioctl.h,33232b395e35eabb91ef8ecc81be8f202a6fd9f247dad21989094eaf0a3f65c9,drivers/misc/mediatek/sched/Kconfig,ioctl_entry,0,not-observed,ioctl-or-user-copy,no,no,none-observed,none-observed,not-derived-from-source,source-surface-only,ioctl_entry:26:<file-scope>; ioctl_entry:27:<file-scope>; ioctl_entry:28:<file-scope>; ioctl_entry:32:<file-scope>; ioctl_entry:33:<file-scope>
drivers/misc/mediatek,drivers/misc/mediatek/sensors-1.0/dummy.c,0ec02996652d4ff5c6ef4c52690976c4524a3f1e9ad94354a3c50c8f28c8fb16,drivers/misc/mediatek/sensors-1.0/Kconfig,,0,not-observed,support-code,no,no,none-observed,none-observed,not-derived-from-source,support-code-only,
drivers/misc/mediatek,drivers/misc/mediatek/sensors-1.0/accelerometer/accel.c,f7db4602bf5e2fd269e7dfa508587878335b3199b4db04118a8c7141eac524f5,drivers/misc/mediatek/sensors-1.0/accelerometer/Kconfig,"proc_sysfs_debugfs_registration,device_registration",0,not-observed,uevent-or-netlink-marker,no,yes,none-observed,none-observed,not-derived-from-source,source-surface-only,device_registration:586:<file-scope>; proc_sysfs_debugfs_registration:712:<file-scope>; uevent_or_netlink:719:<file-scope>
drivers/misc/mediatek,drivers/misc/mediatek/sensors-1.0/accelerometer/accel_factory.c,b00912925e4b053f7d80e25ee01b40a70e2eccd6f6eb3db6ea7d398ff32601c1,drivers/misc/mediatek/sensors-1.0/accelerometer/Kconfig,"ioctl_entry,device_registration",7,not-observed,ioctl-or-user-copy,no,no,none-observed,none-observed,not-derived-from-source,source-surface-only,user_copy:45:<file-scope>; user_copy:47:<file-scope>; user_copy:56:<file-scope>; user_copy:81:<file-scope>; user_copy:97:<file-scope>; user_copy:105:<file-scope>; user_copy:149:<file-scope>; ioctl_entry:175:<file-scope>; ioctl_entry:176:<file-scope>; ioctl_entry:186:<file-scope>; ioctl_entry:192:<file-scope>; ioctl_entry:205:<file-scope>
drivers/misc/mediatek,drivers/misc/mediatek/sensors-1.0/accelerometer/bma2xx/bma2x2.c,04b4dfda5ff5426f3675f863b0bdb58fda7c6f0e9e1c082cb917a39a87484f4a,drivers/misc/mediatek/sensors-1.0/accelerometer/bma2xx/Kconfig,,0,not-observed,support-code,no,no,none-observed,none-observed,not-derived-from-source,support-code-only,
drivers/misc/mediatek,drivers/misc/mediatek/sensors-1.0/accelerometer/bma2xx/bma2x2.h,f4192aae49741071f53914eeb0f78305cbdfcc86fe41560eefbb6b939fde197d,drivers/misc/mediatek/sensors-1.0/accelerometer/bma2xx/Kconfig,ioctl_entry,0,not-observed,ioctl-or-user-copy,no,no,none-observed,none-observed,not-derived-from-source,source-surface-only,ioctl_entry:14:<file-scope>
drivers/misc/mediatek,drivers/misc/mediatek/sensors-1.0/accelerometer/da228/da228.c,c8917014a444e9aaede9dffbb40172bf8b0e9404cac6f1ad7463bbeac3a41978,drivers/misc/mediatek/sensors-1.0/accelerometer/da228/Kconfig,,0,not-observed,support-code,no,no,none-observed,none-observed,not-derived-from-source,support-code-only,
drivers/misc/mediatek,drivers/misc/mediatek/sensors-1.0/accelerometer/da228/da228.h,d67aaab2fab3d9559074406da8121ae154aa819b03cbdc92a9c3fb776226d2c9,drivers/misc/mediatek/sensors-1.0/accelerometer/da228/Kconfig,,0,not-observed,support-code,no,no,none-observed,none-observed,not-derived-from-source,support-code-only,
drivers/misc/mediatek,drivers/misc/mediatek/sensors-1.0/accelerometer/inc/accel.h,545fa54479b0954d6516e7013ac268f401f7704aec7d8cdc75038543c2bb4423,drivers/misc/mediatek/sensors-1.0/accelerometer/Kconfig,ioctl_entry,0,not-observed,ioctl-or-user-copy,no,no,none-observed,none-observed,not-derived-from-source,source-surface-only,ioctl_entry:33:<file-scope>
drivers/misc/mediatek,drivers/misc/mediatek/sensors-1.0/accelerometer/inc/accel_factory.h,63e233139a8d79a14ba4ce2dde63881e8e47ccf14dbe6c860ef5182040d0e535,drivers/misc/mediatek/sensors-1.0/accelerometer/Kconfig,,0,not-observed,support-code,no,no,none-observed,none-observed,not-derived-from-source,support-code-only,
drivers/misc/mediatek,drivers/misc/mediatek/sensors-1.0/accelerometer/inc/cust_acc.h,6dba2fba2790169f5cdab5c3355492cb13c533b43668f49f028cce08f143da3c,drivers/misc/mediatek/sensors-1.0/accelerometer/Kconfig,,0,not-observed,support-code,no,no,none-observed,none-observed,not-derived-from-source,support-code-only,
drivers/misc/mediatek,drivers/misc/mediatek/sensors-1.0/accelerometer/stk8baxx/stk8baxx.c,4a748b4b7de673ae87f08af88845e0d81363f22bfcd44b0e7e5407a0992ba31e,drivers/misc/mediatek/sensors-1.0/accelerometer/stk8baxx/Kconfig,"ioctl_entry,device_registration",9,not-observed,ioctl-or-user-copy,no,no,none-observed,none-observed,not-derived-from-source,source-surface-only,user_copy:2574:<file-scope>; user_copy:2576:<file-scope>; user_copy:2598:<file-scope>; user_copy:2625:<file-scope>; user_copy:2645:<file-scope>; user_copy:2665:<file-scope>; user_copy:2692:<file-scope>; user_copy:2707:<file-scope>; user_copy:2740:<file-scope>; ioctl_entry:2779:<file-scope>; ioctl_entry:2793:<file-scope>; ioctl_entry:2808:<file-scope>
drivers/misc/mediatek,drivers/misc/mediatek/sensors-1.0/accelerometer/stk8baxx/stk8baxx.h,e65aa2e56b63a9d9c5d3f9dfec821fff8d7fb4ee4d2eb6470acef58ea7e016c3,drivers/misc/mediatek/sensors-1.0/accelerometer/stk8baxx/Kconfig,,0,not-observed,support-code,no,no,none-observed,none-observed,not-derived-from-source,support-code-only,
drivers/misc/mediatek,drivers/misc/mediatek/sensors-1.0/accelgyro/inc/cust_accelgyro.h,53bfeaab71e6898a1356dc78e1840eb6a8ca168a77c616eefa7c0e0c7aa9ba56,drivers/misc/mediatek/sensors-1.0/accelgyro/Kconfig,,0,not-observed,support-code,no,no,none-observed,none-observed,not-derived-from-source,support-code-only,
drivers/misc/mediatek,drivers/misc/mediatek/sensors-1.0/alsps/aal_control.c,67476f428fa188bc63a2dba950ede7a61f69b1548cf225c02ff6e9b4ca6f868a,drivers/misc/mediatek/sensors-1.0/alsps/Kconfig,"ioctl_entry,device_registration",2,not-observed,ioctl-or-user-copy,no,no,none-observed,none-observed,not-derived-from-source,source-surface-only,user_copy:49:<file-scope>; user_copy:72:<file-scope>; ioctl_entry:102:<file-scope>; ioctl_entry:104:<file-scope>; device_registration:120:<file-scope>
drivers/misc/mediatek,drivers/misc/mediatek/sensors-1.0/alsps/alsps.c,3e10c3125558dbf5b340ed2d625546389d25fabc58d06dbef9b784baab8fa1ad,drivers/misc/mediatek/sensors-1.0/alsps/Kconfig,"proc_sysfs_debugfs_registration,device_registration",0,not-observed,uevent-or-netlink-marker,no,yes,none-observed,none-observed,not-derived-from-source,source-surface-only,device_registration:927:<file-scope>; proc_sysfs_debugfs_registration:1153:<file-scope>; uevent_or_netlink:1159:<file-scope>; proc_sysfs_debugfs_registration:1192:<file-scope>; uevent_or_netlink:1198:<file-scope>
drivers/misc/mediatek,drivers/misc/mediatek/sensors-1.0/alsps/alsps_factory.c,b7139cd89970a88473f09d9aceb3e9b53030b74269a9fceb2a883e1a17c46a92,drivers/misc/mediatek/sensors-1.0/alsps/Kconfig,"ioctl_entry,device_registration",13,not-observed,ioctl-or-user-copy,no,no,none-observed,none-observed,not-derived-from-source,source-surface-only,user_copy:44:<file-scope>; user_copy:46:<file-scope>; user_copy:55:<file-scope>; user_copy:76:<file-scope>; user_copy:84:<file-scope>; user_copy:105:<file-scope>; user_copy:131:<file-scope>; user_copy:149:<file-scope>; user_copy:163:<file-scope>; user_copy:167:<file-scope>; user_copy:181:<file-scope>; user_copy:205:<file-scope>
drivers/misc/mediatek,drivers/misc/mediatek/sensors-1.0/alsps/inc/aal_control.h,e28639d8ca0adbcc27f8556026085f184bc8f3adbc5e72877183459af8b694cf,drivers/misc/mediatek/sensors-1.0/alsps/Kconfig,,0,not-observed,support-code,no,no,none-observed,none-observed,not-derived-from-source,support-code-only,
drivers/misc/mediatek,drivers/misc/mediatek/sensors-1.0/alsps/inc/alsps.h,a33f20b229683e3d78528278d36d2ab96fb65a28f3a516cd9cb79c44c81d029b,drivers/misc/mediatek/sensors-1.0/alsps/Kconfig,,0,not-observed,support-code,no,no,none-observed,none-observed,not-derived-from-source,support-code-only,
drivers/misc/mediatek,drivers/misc/mediatek/sensors-1.0/alsps/inc/alsps_factory.h,a2e40d4659c2902b4fc3098b2917eac5ae0292e3635c73424c7cf0c04ec96df4,drivers/misc/mediatek/sensors-1.0/alsps/Kconfig,,0,not-observed,support-code,no,no,none-observed,none-observed,not-derived-from-source,support-code-only,
drivers/misc/mediatek,drivers/misc/mediatek/sensors-1.0/alsps/inc/cust_alsps.h,f40e0b6c5c4370322b14f10ba037e8798ad4518a9aefbfa9224d702ff65f630e,drivers/misc/mediatek/sensors-1.0/alsps/Kconfig,,0,not-observed,support-code,no,no,none-observed,none-observed,not-derived-from-source,support-code-only,
drivers/misc/mediatek,drivers/misc/mediatek/sensors-1.0/alsps/ltrx130a_dual/ltrx130a.h,b943ac20f45b62bd16658f7feef8f258b75284f6dda3d549e1e03b417a4f24f1,drivers/misc/mediatek/sensors-1.0/alsps/ltrx130a_dual/Kconfig,ioctl_entry,0,not-observed,ioctl-or-user-copy,no,no,none-observed,none-observed,not-derived-from-source,source-surface-only,ioctl_entry:18:<file-scope>; ioctl_entry:67:<file-scope>; ioctl_entry:72:<file-scope>; ioctl_entry:73:<file-scope>; ioctl_entry:74:<file-scope>
drivers/misc/mediatek,drivers/misc/mediatek/sensors-1.0/alsps/ltrx130a_dual/ltrx130a_dual.c,5b0e8b14f90c5a4d1ed5bad5c153292a8cfd086075bab12167167514ac685a1c,drivers/misc/mediatek/sensors-1.0/alsps/ltrx130a_dual/Kconfig,"ioctl_entry,device_registration",4,not-observed,ioctl-or-user-copy,no,no,none-observed,none-observed,not-derived-from-source,source-surface-only,property_or_boot_state:643:<file-scope>; user_copy:1492:<file-scope>; user_copy:1509:<file-scope>; user_copy:1521:<file-scope>; user_copy:1533:<file-scope>; ioctl_entry:1553:<file-scope>; device_registration:1961:<file-scope>
drivers/misc/mediatek,drivers/misc/mediatek/sensors-1.0/alsps/stk3x1x_dual/stk3x1x.h,3c9430cfa02d882c662aefd1c40d49e768e3fa1a02af2bbdc22b88ed3c0da279,drivers/misc/mediatek/sensors-1.0/alsps/stk3x1x_dual/Kconfig,ioctl_entry,0,not-observed,ioctl-or-user-copy,no,no,none-observed,none-observed,not-derived-from-source,source-surface-only,ioctl_entry:17:<file-scope>
drivers/misc/mediatek,drivers/misc/mediatek/sensors-1.0/alsps/stk3x1x_dual/stk3x1x_dual.c,d83b589ac579077d16f0ec1510eab29392dafd9d40817e8545bc9f155b0404a2,drivers/misc/mediatek/sensors-1.0/alsps/stk3x1x_dual/Kconfig,"ioctl_entry,device_registration",4,not-observed,ioctl-or-user-copy,no,no,none-observed,none-observed,not-derived-from-source,source-surface-only,property_or_boot_state:1103:<file-scope>; user_copy:1976:<file-scope>; user_copy:2014:<file-scope>; user_copy:2028:<file-scope>; user_copy:2055:<file-scope>; ioctl_entry:2074:<file-scope>; device_registration:2476:<file-scope>
drivers/misc/mediatek,drivers/misc/mediatek/sensors-1.0/barometer/inc/cust_baro.h,03784a5a79220bdd4cd55a40fd53658145fecab2e9db945f3b82a26b64845221,drivers/misc/mediatek/sensors-1.0/barometer/Kconfig,,0,not-observed,support-code,no,no,none-observed,none-observed,not-derived-from-source,support-code-only,
drivers/misc/mediatek,drivers/misc/mediatek/sensors-1.0/gyroscope/inc/cust_gyro.h,68345af4b8ddfccdacdc388031c64f43ed175bb32704aed4ebba793bc0310498,drivers/misc/mediatek/sensors-1.0/gyroscope/Kconfig,,0,not-observed,support-code,no,no,none-observed,none-observed,not-derived-from-source,support-code-only,
drivers/misc/mediatek,drivers/misc/mediatek/sensors-1.0/humidity/inc/cust_hmdy.h,7dd6450b4065b5e37e4badc3c24415ce19fc3e1d0210f71235cbee1161b79a34,drivers/misc/mediatek/sensors-1.0/Kconfig,,0,not-observed,support-code,no,no,none-observed,none-observed,not-derived-from-source,support-code-only,
drivers/misc/mediatek,drivers/misc/mediatek/sensors-1.0/hwmon/hwmsen/hwmsen_helper.c,c3c0e2f546e9df1bebf701ea05797e5325b4aa220ce3b4a705fa363cf330455a,drivers/misc/mediatek/sensors-1.0/hwmon/Kconfig,,0,not-observed,support-code,no,no,none-observed,none-observed,not-derived-from-source,support-code-only,property_or_boot_state:25:<file-scope>
drivers/misc/mediatek,drivers/misc/mediatek/sensors-1.0/hwmon/include/hwmsen_helper.h,6ccbad8ad7102a3b75f40a5fb35170b5c1ebaaeb5ecd783d8856509c1dc19f71,drivers/misc/mediatek/sensors-1.0/hwmon/Kconfig,,0,not-observed,support-code,no,no,none-observed,none-observed,not-derived-from-source,support-code-only,
drivers/misc/mediatek,drivers/misc/mediatek/sensors-1.0/hwmon/include/hwmsensor.h,32e63d8d8138556dc9933cbd684e7343aef3df472327b87e20ba79531efd85f0,drivers/misc/mediatek/sensors-1.0/hwmon/Kconfig,ioctl_entry,0,not-observed,ioctl-or-user-copy,no,no,none-observed,none-observed,not-derived-from-source,source-surface-only,ioctl_entry:24:<file-scope>; ioctl_entry:396:<file-scope>; ioctl_entry:399:<file-scope>; ioctl_entry:402:<file-scope>; ioctl_entry:403:<file-scope>; ioctl_entry:406:<file-scope>; ioctl_entry:407:<file-scope>; ioctl_entry:409:<file-scope>; ioctl_entry:412:<file-scope>; ioctl_entry:415:<file-scope>; ioctl_entry:418:<file-scope>; ioctl_entry:419:<file-scope>
drivers/misc/mediatek,drivers/misc/mediatek/sensors-1.0/hwmon/include/sensor_attr.h,525befccad4a893e2411e3b273476151233074bdc9949baf6e31e47c209210a5,drivers/misc/mediatek/sensors-1.0/hwmon/Kconfig,,0,not-observed,support-code,no,no,none-observed,none-observed,not-derived-from-source,support-code-only,
drivers/misc/mediatek,drivers/misc/mediatek/sensors-1.0/hwmon/include/sensor_event.h,e7df331a556e30dda46f8e761bf62c8e8050c02aa749eb15f96425d7fd1d4ed2,drivers/misc/mediatek/sensors-1.0/hwmon/Kconfig,,0,not-observed,support-code,no,no,none-observed,none-observed,not-derived-from-source,support-code-only,
drivers/misc/mediatek,drivers/misc/mediatek/sensors-1.0/hwmon/include/sensor_performance.h,73e77d04f1e4b164686391dea830898701f6bfc61dcff85e9f09c2f6275361e8,drivers/misc/mediatek/sensors-1.0/hwmon/Kconfig,,0,not-observed,support-code,no,no,none-observed,none-observed,not-derived-from-source,support-code-only,
drivers/misc/mediatek,drivers/misc/mediatek/sensors-1.0/hwmon/include/sensors_io.h,df81d43e9077f02d5f3520a5e6c0949b8a7f6d2db4bc333d8ece87c5e2f1af99,drivers/misc/mediatek/sensors-1.0/hwmon/Kconfig,ioctl_entry,0,not-observed,ioctl-or-user-copy,no,no,none-observed,none-observed,not-derived-from-source,source-surface-only,ioctl_entry:23:<file-scope>; ioctl_entry:80:<file-scope>; ioctl_entry:81:<file-scope>; ioctl_entry:82:<file-scope>; ioctl_entry:83:<file-scope>; ioctl_entry:84:<file-scope>; ioctl_entry:85:<file-scope>; ioctl_entry:86:<file-scope>; ioctl_entry:87:<file-scope>; ioctl_entry:88:<file-scope>; ioctl_entry:89:<file-scope>; ioctl_entry:90:<file-scope>
drivers/misc/mediatek,drivers/misc/mediatek/sensors-1.0/hwmon/sensor_attributes/sensor_attr.c,231a67bcf3ea6865140ad66de6cfb6b81b28feddc4c435c58c00158c2f00a589,drivers/misc/mediatek/sensors-1.0/hwmon/Kconfig,device_registration,0,not-observed,trusted-execution-marker,yes,no,none-observed,none-observed,not-derived-from-source,source-surface-only,trusted_execution:49:<file-scope>; device_registration:92:<file-scope>; device_registration:127:<file-scope>; device_registration:133:<file-scope>
drivers/misc/mediatek,drivers/misc/mediatek/sensors-1.0/hwmon/sensor_dts/sensor_dts.c,39ca0cc8a990f4fd570302d546a7c6d919a1a5f5a053c347d881673759848cb6,drivers/misc/mediatek/sensors-1.0/hwmon/Kconfig,,0,not-observed,support-code,no,no,none-observed,none-observed,not-derived-from-source,support-code-only,
drivers/misc/mediatek,drivers/misc/mediatek/sensors-1.0/hwmon/sensor_event/sensor_event.c,80701003f43bd04e4077befaf44e9efdfa95c4b4db7e0e0b562c163b17111361,drivers/misc/mediatek/sensors-1.0/hwmon/Kconfig,,1,not-observed,ioctl-or-user-copy,no,no,none-observed,none-observed,not-derived-from-source,source-surface-only,user_copy:136:<file-scope>
drivers/misc/mediatek,drivers/misc/mediatek/sensors-1.0/hwmon/sensor_performance/sensor_performance.c,57af33b00f9116f0b6a2fe52cba51c3366387a8b08e0e6db228431c177307c17,drivers/misc/mediatek/sensors-1.0/hwmon/Kconfig,,0,not-observed,support-code,no,no,none-observed,none-observed,not-derived-from-source,support-code-only,
drivers/misc/mediatek,drivers/misc/mediatek/sensors-1.0/magnetometer/inc/cust_mag.h,769c11fbebfc9bb91d712a7e4b6ccc550c1572282cd761ca208bfcaa627e5d6e,drivers/misc/mediatek/sensors-1.0/magnetometer/Kconfig,,0,not-observed,support-code,no,no,none-observed,none-observed,not-derived-from-source,support-code-only,
drivers/misc/mediatek,drivers/misc/mediatek/smi/mmdvfs_config_mt8183.h,894953e135c0aa24133b31873e7a054e18cfe7aa4b834d8287db9c75822199c1,drivers/misc/mediatek/smi/Kconfig,,0,not-observed,support-code,no,no,none-observed,none-observed,not-derived-from-source,support-code-only,
drivers/misc/mediatek,drivers/misc/mediatek/smi/mmdvfs_config_util.h,2ab5b39cd2e57905ef85a43b129f214c71ab4ff6f621a11feaf715bb0bc76a71,drivers/misc/mediatek/smi/Kconfig,,0,not-observed,support-code,no,no,none-observed,none-observed,not-derived-from-source,support-code-only,
drivers/misc/mediatek,drivers/misc/mediatek/smi/mmdvfs_internal.h,c65e8f26e43258a7e990c4a2d7c56a368f12efbee414e87186efbe6e333ce322,drivers/misc/mediatek/smi/Kconfig,,0,not-observed,support-code,no,no,none-observed,none-observed,not-derived-from-source,support-code-only,
drivers/misc/mediatek,drivers/misc/mediatek/smi/mmdvfs_mgr.h,b92cd26a5829a4f6cc47f1c37f05787dc0696ab216fd36c96c2a60ff112a77a1,drivers/misc/mediatek/smi/Kconfig,ioctl_entry,0,not-observed,ioctl-or-user-copy,no,no,none-observed,none-observed,not-derived-from-source,source-surface-only,ioctl_entry:185:<file-scope>
drivers/misc/mediatek,drivers/misc/mediatek/smi/mmdvfs_mgr_util.c,3b9e1ba152d9fc9def7a224969e5ab08e835a9540d5f2bc965d2707ced36bcf2,drivers/misc/mediatek/smi/Kconfig,,0,not-observed,support-code,no,no,none-observed,none-observed,not-derived-from-source,support-code-only,
drivers/misc/mediatek,drivers/misc/mediatek/smi/mmdvfs_mgr_v3.c,13c53fa3826b498c5c3857267b289419e5fe3906b86ef278215a18581eddae86,drivers/misc/mediatek/smi/Kconfig,ioctl_entry,0,not-observed,ioctl-or-user-copy,no,no,none-observed,none-observed,not-derived-from-source,source-surface-only,ioctl_entry:424:<file-scope>; ioctl_entry:444:<file-scope>
drivers/misc/mediatek,drivers/misc/mediatek/smi/mmdvfs_pmqos.c,98ba2870d510710d69e12310a46d3e4dafef78a55f78a98042828d99bf92ad11,drivers/misc/mediatek/smi/Kconfig,device_registration,0,not-observed,proc-sysfs-device-registration,no,no,none-observed,none-observed,not-derived-from-source,source-surface-only,device_registration:466:<file-scope>
drivers/misc/mediatek,drivers/misc/mediatek/smi/mmdvfs_pmqos.h,f579b0bfc558a275104589bd7e143978da28c9ac438dde0f9908e3bea79dd1af,drivers/misc/mediatek/smi/Kconfig,,0,not-observed,support-code,no,no,none-observed,none-observed,not-derived-from-source,support-code-only,
drivers/misc/mediatek,drivers/misc/mediatek/smi/mmdvfs_profile_adaptor.c,2725da45851da139d97f5fe1acd200819d1064387b5bb7a5ff17c73baeb4eb6e,drivers/misc/mediatek/smi/Kconfig,,0,not-observed,support-code,no,no,none-observed,none-observed,not-derived-from-source,support-code-only,
drivers/misc/mediatek,drivers/misc/mediatek/smi/mtk-smi.c,b211cfb1fc090da7ef377ef302fb4ef052e3c7902b758cb57439f3dfe949c4c7,drivers/misc/mediatek/smi/Kconfig,"ioctl_entry,device_registration",20,not-observed,uevent-or-netlink-marker,no,yes,none-observed,none-observed,not-derived-from-source,source-surface-only,ioctl_entry:30:<file-scope>; ioctl_entry:174:<file-scope>; uevent_or_netlink:840:<file-scope>; uevent_or_netlink:845:<file-scope>; ioctl_entry:1180:<file-scope>; user_copy:1185:<file-scope>; user_copy:1220:<file-scope>; user_copy:1231:<file-scope>; user_copy:1248:<file-scope>; ioctl_entry:1272:<file-scope>; ioctl_entry:1273:<file-scope>; device_registration:1279:<file-scope>
drivers/misc/mediatek,drivers/misc/mediatek/smi/smi_clk.h,57f63dcaa021309c64b07a7c04a32c9e43fff2c17d39899553aeb4ef90033fcf,drivers/misc/mediatek/smi/Kconfig,,0,not-observed,support-code,no,no,none-observed,none-observed,not-derived-from-source,support-code-only,
drivers/misc/mediatek,drivers/misc/mediatek/smi/smi_common.h,645c471eb043a3a16534555480217bf62ff3cf6b850acb6be065274e55caa6e8,drivers/misc/mediatek/smi/Kconfig,,0,not-observed,support-code,no,no,none-observed,none-observed,not-derived-from-source,support-code-only,
drivers/misc/mediatek,drivers/misc/mediatek/smi/smi_config_util.c,6cb1e8e3b11de1ccf48d1ba7994c77660a31889a107eed61ac55df2b80446b95,drivers/misc/mediatek/smi/Kconfig,,0,not-observed,support-code,no,no,none-observed,none-observed,not-derived-from-source,support-code-only,
drivers/misc/mediatek,drivers/misc/mediatek/smi/smi_config_util.h,84d6c0a599fa06e37b95b4ff3669ed6eeb9af7751a922e8af873e49e2a75ef07,drivers/misc/mediatek/smi/Kconfig,,0,not-observed,support-code,no,no,none-observed,none-observed,not-derived-from-source,support-code-only,
drivers/misc/mediatek,drivers/misc/mediatek/smi/smi_configuration.h,ee838786e4169e9e15e8c7ddd36d6745c4fef5338967d184dd05541ecaa7b235,drivers/misc/mediatek/smi/Kconfig,,0,not-observed,support-code,no,no,none-observed,none-observed,not-derived-from-source,support-code-only,
drivers/misc/mediatek,drivers/misc/mediatek/smi/smi_configuration_mt8183.c,a575d7ecb17b28ef1ce5e2543fc761e7f819452862ca1c6bcd4f22951afe96ef,drivers/misc/mediatek/smi/Kconfig,,0,not-observed,support-code,no,no,none-observed,none-observed,not-derived-from-source,support-code-only,
drivers/misc/mediatek,drivers/misc/mediatek/smi/smi_debug.c,d84be6b70d755833505ff1d6bb2d9a7fd156e1a1fd8ce5acc0b4f85fc949abc4,drivers/misc/mediatek/smi/Kconfig,,0,not-observed,support-code,no,no,none-observed,none-observed,not-derived-from-source,support-code-only,
drivers/misc/mediatek,drivers/misc/mediatek/smi/smi_debug.h,d735208fd0287d7dd44394b3e882477e14c4ff1bff940de63f3c157cae729867,drivers/misc/mediatek/smi/Kconfig,,0,not-observed,support-code,no,no,none-observed,none-observed,not-derived-from-source,support-code-only,
drivers/misc/mediatek,drivers/misc/mediatek/smi/smi_info_util.c,4b9f1895da89bfecbd40ce4333e5781543599594bb9bfb6504b5921cf0d96822,drivers/misc/mediatek/smi/Kconfig,ioctl_entry,2,not-observed,ioctl-or-user-copy,no,no,none-observed,none-observed,not-derived-from-source,source-surface-only,ioctl_entry:15:<file-scope>; user_copy:26:<file-scope>; user_copy:42:<file-scope>
drivers/misc/mediatek,drivers/misc/mediatek/smi/smi_info_util.h,0d2065e1ebdc29e66956bf07295a858c6f1b6bf9fc0952909b7fa86336235980,drivers/misc/mediatek/smi/Kconfig,ioctl_entry,0,not-observed,ioctl-or-user-copy,no,no,none-observed,none-observed,not-derived-from-source,source-surface-only,ioctl_entry:18:<file-scope>
drivers/misc/mediatek,drivers/misc/mediatek/smi/smi_internal.c,7ac6038315ea5233dd041aa8edd684d405d6d35329ee92be101ac7ace10bf81d,drivers/misc/mediatek/smi/Kconfig,,0,not-observed,support-code,no,no,none-observed,none-observed,not-derived-from-source,support-code-only,
drivers/misc/mediatek,drivers/misc/mediatek/smi/smi_public.h,fb50fc015d4d7a3d0af3f0c22baa1375317e964c44d5e71f0c9702907a961cd7,drivers/misc/mediatek/smi/Kconfig,,0,not-observed,support-code,no,no,none-observed,none-observed,not-derived-from-source,support-code-only,
drivers/misc/mediatek,drivers/misc/mediatek/smi/smi_reg.h,90331bb9c9d7451c069106a6199e5ab151fffeeeabcbf2fd0f9595f98adef11e,drivers/misc/mediatek/smi/Kconfig,ioctl_entry,0,not-observed,ioctl-or-user-copy,no,no,none-observed,none-observed,not-derived-from-source,source-surface-only,ioctl_entry:269:<file-scope>
drivers/misc/mediatek,drivers/misc/mediatek/smi/met/met_smi.c,a1205a82b505e1e74a8b2453db4b6e3f2fe4936b775a65012b15130bcf6f7773,drivers/misc/mediatek/smi/Kconfig,,0,not-observed,support-code,no,no,none-observed,none-observed,not-derived-from-source,support-code-only,
drivers/misc/mediatek,drivers/misc/mediatek/smi/met/met_smi.h,5b5a5846d2f3c808491d1124c176e675e670ef1a5773f61dcae345cb9d81e671,drivers/misc/mediatek/smi/Kconfig,,0,not-observed,support-code,no,no,none-observed,none-observed,not-derived-from-source,support-code-only,
drivers/misc/mediatek,drivers/misc/mediatek/smi/met/met_smi_configuration.h,37737370df2085f21409403d3f4939a3220d91459a80cd9de357caf2945e9345,drivers/misc/mediatek/smi/Kconfig,,0,not-observed,support-code,no,no,none-observed,none-observed,not-derived-from-source,support-code-only,
drivers/misc/mediatek,drivers/misc/mediatek/smi/met/met_smi_configuration_8183.c,b50afc3df58f1b1bda059108abbaf7a7ab7807260511c17fb2ca351d76fa8001,drivers/misc/mediatek/smi/Kconfig,,0,not-observed,support-code,no,no,none-observed,none-observed,not-derived-from-source,support-code-only,
drivers/misc/mediatek,drivers/misc/mediatek/smi/met/met_smi_name.h,63d9a43ff8ae33a8192018fb90d0b3b92dc13d908edeed2857927da0348f3a86,drivers/misc/mediatek/smi/Kconfig,,0,not-observed,support-code,no,no,none-observed,none-observed,not-derived-from-source,support-code-only,
drivers/misc/mediatek,drivers/misc/mediatek/sspm/dummy.c,88fec699e78f585c39f331300f9ab0cb2daaaf5093375f8a99433c4003f68fde,drivers/misc/mediatek/sspm/Kconfig,,0,not-observed,support-code,no,no,none-observed,none-observed,not-derived-from-source,support-code-only,
drivers/misc/mediatek,drivers/misc/mediatek/sspm/sspm_excep.c,085a32c6539e92912640287702cd10814e7e7732486b06ef2d350fc2bcc1d4bc,drivers/misc/mediatek/sspm/Kconfig,,0,not-observed,support-code,no,no,none-observed,none-observed,not-derived-from-source,support-code-only,
drivers/misc/mediatek,drivers/misc/mediatek/sspm/sspm_excep.h,147003ca77aa024f39afb284aa2527c016bfc3eb34c5db5b6ca70fd5d2f2144e,drivers/misc/mediatek/sspm/Kconfig,,0,not-observed,support-code,no,no,none-observed,none-observed,not-derived-from-source,support-code-only,
drivers/misc/mediatek,drivers/misc/mediatek/sspm/sspm_helper.c,860b9c3e6bf0f5b9abc85b1ce7e71b57c7d18e61c6f37fd1efb62a92b9257c40,drivers/misc/mediatek/sspm/Kconfig,device_registration,0,not-observed,proc-sysfs-device-registration,no,no,none-observed,none-observed,not-derived-from-source,source-surface-only,device_registration:274:<file-scope>; property_or_boot_state:307:<file-scope>
drivers/misc/mediatek,drivers/misc/mediatek/sspm/sspm_helper.h,5c6447da4e3be62cff88baf04e9f5ece584c317121cdb61385b3b7f081f30b6f,drivers/misc/mediatek/sspm/Kconfig,,0,not-observed,support-code,no,no,none-observed,none-observed,not-derived-from-source,support-code-only,
drivers/misc/mediatek,drivers/misc/mediatek/sspm/sspm_ipi.h,a6130c1ac7e38e6a0ad97f64e849f47b4fda0d2a73d7b10df6e8c6101459ef6f,drivers/misc/mediatek/sspm/Kconfig,,0,not-observed,support-code,no,no,none-observed,none-observed,not-derived-from-source,support-code-only,
drivers/misc/mediatek,drivers/misc/mediatek/sspm/sspm_ipi_mbox.c,3e560e93524d93ccece216ad2d980fb18511ec831927a591a3d31bde0d83d12f,drivers/misc/mediatek/sspm/Kconfig,,0,not-observed,support-code,no,no,none-observed,none-observed,not-derived-from-source,support-code-only,
drivers/misc/mediatek,drivers/misc/mediatek/sspm/sspm_ipi_mbox.h,60113be47437c01f0bff2032fde0d443115efc8753710b46fcd6fe86b0a52c95,drivers/misc/mediatek/sspm/Kconfig,,0,not-observed,support-code,no,no,none-observed,none-observed,not-derived-from-source,support-code-only,
drivers/misc/mediatek,drivers/misc/mediatek/sspm/sspm_irq.c,0de614f4d44df0d8949093229d949ad9c06933dab5a0c32649faa5cd573a0c24,drivers/misc/mediatek/sspm/Kconfig,,0,not-observed,support-code,no,no,none-observed,none-observed,not-derived-from-source,support-code-only,
drivers/misc/mediatek,drivers/misc/mediatek/sspm/sspm_logger.h,eb41c32731fcbc250aed7e3e3384a03ea099a3d6b04e2321cd902d85a684f02a,drivers/misc/mediatek/sspm/Kconfig,,0,not-observed,support-code,no,no,none-observed,none-observed,not-derived-from-source,support-code-only,
drivers/misc/mediatek,drivers/misc/mediatek/sspm/sspm_logger_impl.c,136b518bf66e78615c7b1eca333822e436d919a96fd61742f28885a0dd5f4407,drivers/misc/mediatek/sspm/Kconfig,,1,not-observed,ioctl-or-user-copy,no,no,none-observed,none-observed,not-derived-from-source,source-surface-only,user_copy:130:<file-scope>
drivers/misc/mediatek,drivers/misc/mediatek/sspm/sspm_mbox.c,07f58572868610b09b25c096cf099a20dfc5a9aadf100f35cf39ec275a8f5082,drivers/misc/mediatek/sspm/Kconfig,,0,not-observed,support-code,no,no,none-observed,none-observed,not-derived-from-source,support-code-only,
drivers/misc/mediatek,drivers/misc/mediatek/sspm/sspm_mbox.h,80f76ea3240b54a016e271e2f78331b493e9da445c49619a236003e011fdf189,drivers/misc/mediatek/sspm/Kconfig,,0,not-observed,support-code,no,no,none-observed,none-observed,not-derived-from-source,support-code-only,
drivers/misc/mediatek,drivers/misc/mediatek/sspm/sspm_plt.c,a9f41ae5420e5e6f2319d79cf1c5ab42c58be5c9fa3f3a6b6c211d5c89244c62,drivers/misc/mediatek/sspm/Kconfig,,0,not-observed,support-code,no,no,none-observed,none-observed,not-derived-from-source,support-code-only,
drivers/misc/mediatek,drivers/misc/mediatek/sspm/sspm_reservedmem.c,b1a86b12f032eba9ced7ed58bbb78d0886ff24193440c677d27e40c533d3db89,drivers/misc/mediatek/sspm/Kconfig,,0,not-observed,support-code,no,no,none-observed,none-observed,not-derived-from-source,support-code-only,
drivers/misc/mediatek,drivers/misc/mediatek/sspm/sspm_reservedmem.h,fb80ddcc2909444311de6bc74e56d911d2cd14f797adcc4137f9359ce34bc39b,drivers/misc/mediatek/sspm/Kconfig,,0,not-observed,support-code,no,no,none-observed,none-observed,not-derived-from-source,support-code-only,
drivers/misc/mediatek,drivers/misc/mediatek/sspm/sspm_sysfs.c,9a0742e356f62a47b3ea018867a385d0a77c0f7ab0fe76c67668a3edd2960c9c,drivers/misc/mediatek/sspm/Kconfig,"proc_sysfs_debugfs_registration,device_registration",1,not-observed,ioctl-or-user-copy,no,no,none-observed,none-observed,not-derived-from-source,source-surface-only,user_copy:50:<file-scope>; device_registration:102:<file-scope>; proc_sysfs_debugfs_registration:112:<file-scope>; device_registration:112:<file-scope>; device_registration:117:<file-scope>
drivers/misc/mediatek,drivers/misc/mediatek/sspm/sspm_sysfs.h,68b9131dfdc6b3a17225d91c5f747af8e9000e9d6f2774d54187ec2113950435,drivers/misc/mediatek/sspm/Kconfig,,0,not-observed,support-code,no,no,none-observed,none-observed,not-derived-from-source,support-code-only,property_or_boot_state:16:<file-scope>
drivers/misc/mediatek,drivers/misc/mediatek/sspm/sspm_timesync.c,200c3cffeb0284cd0cb4213a96b09fd8680c1936e567cd58c3b2469fbb3a4bca,drivers/misc/mediatek/sspm/Kconfig,,0,not-observed,support-code,no,no,none-observed,none-observed,not-derived-from-source,support-code-only,
drivers/misc/mediatek,drivers/misc/mediatek/sspm/sspm_timesync.h,01853ba7cae7becec1760286e2a4d39a1a2c4defc8bb9c89ecda54b2cf7e5e90,drivers/misc/mediatek/sspm/Kconfig,,0,not-observed,support-code,no,no,none-observed,none-observed,not-derived-from-source,support-code-only,
drivers/misc/mediatek,drivers/misc/mediatek/sspm/mt8183/sspm_define.h,ab3df2083b62e9063c4993517f74cc6f13af5cb6de6871b54cc2e2cf7c5757c2,drivers/misc/mediatek/sspm/Kconfig,,0,not-observed,support-code,no,no,none-observed,none-observed,not-derived-from-source,support-code-only,
drivers/misc/mediatek,drivers/misc/mediatek/sspm/mt8183/sspm_emi_mpu.c,83aa7b04d0eeaab1dbf78f44fdf8e199ebfb5cbd503600ab730d5caba3bc220b,drivers/misc/mediatek/sspm/Kconfig,,0,not-observed,support-code,no,no,none-observed,none-observed,not-derived-from-source,support-code-only,
drivers/misc/mediatek,drivers/misc/mediatek/sspm/mt8183/sspm_ipi_define.h,fcfa0dec3d3605aa7d25b75a20e5877524316382c41eb2ce7024571c04030692,drivers/misc/mediatek/sspm/Kconfig,,0,not-observed,support-code,no,no,none-observed,none-observed,not-derived-from-source,support-code-only,
drivers/misc/mediatek,drivers/misc/mediatek/sspm/mt8183/sspm_ipi_mbox_layout.h,6378de8dfb4c646b787b9d5a221216c500251c811395be11179ac7e3ed01c9d1,drivers/misc/mediatek/sspm/Kconfig,,0,not-observed,support-code,no,no,none-observed,none-observed,not-derived-from-source,support-code-only,
drivers/misc/mediatek,drivers/misc/mediatek/sspm/mt8183/sspm_ipi_pin.h,fa127a1cbced7c87e99c24ad07f25f74519cf5f210a41f8ce52f34823f0cc774,drivers/misc/mediatek/sspm/Kconfig,,0,not-observed,support-code,no,no,none-observed,none-observed,not-derived-from-source,support-code-only,
drivers/misc/mediatek,drivers/misc/mediatek/sspm/mt8183/sspm_ipi_timeout_cb.c,df31659cbc5018968e81dfec75fcb8a7896af52cb4394eb37e2463646c0764f6,drivers/misc/mediatek/sspm/Kconfig,,0,not-observed,support-code,no,no,none-observed,none-observed,not-derived-from-source,support-code-only,
drivers/misc/mediatek,drivers/misc/mediatek/sspm/mt8183/sspm_reservedmem_define.h,87e0c62bb82c5a51878e50e88d8215147da5c09d315b0d987802071cad823be7,drivers/misc/mediatek/sspm/Kconfig,,0,not-observed,support-code,no,no,none-observed,none-observed,not-derived-from-source,support-code-only,
drivers/misc/mediatek,drivers/misc/mediatek/sync/mtk_sync.c,d7f5fff3e5bfa50a21e26452442224bac4ef55d59f283ca804e224e8ee361b48,drivers/misc/mediatek/sync/Kconfig,,0,not-observed,support-code,no,no,none-observed,none-observed,not-derived-from-source,support-code-only,
drivers/misc/mediatek,drivers/misc/mediatek/sync/mtk_sync.h,4dac648dadee7eccaca6ed3d320f438461d54435985246461f60dd1c03fe4faf,drivers/misc/mediatek/sync/Kconfig,,0,not-observed,support-code,no,no,none-observed,none-observed,not-derived-from-source,support-code-only,
drivers/misc/mediatek,drivers/misc/mediatek/sysenv/mtk_sysenv.c,bc85b976582a3bafd042b4c67b6f088189d6478f0c2c3a566e78ee44f3654f67,drivers/misc/mediatek/sysenv/Kconfig,"ioctl_entry,proc_sysfs_debugfs_registration",8,not-observed,uevent-or-netlink-marker,no,yes,none-observed,none-observed,not-derived-from-source,source-surface-only,uevent_or_netlink:28:<file-scope>; uevent_or_netlink:51:<file-scope>; user_copy:87:<file-scope>; user_copy:98:<file-scope>; user_copy:123:<file-scope>; user_copy:164:<file-scope>; user_copy:187:<file-scope>; user_copy:214:<file-scope>; user_copy:224:<file-scope>; user_copy:232:<file-scope>; ioctl_entry:286:<file-scope>; ioctl_entry:287:<file-scope>
drivers/misc/mediatek,drivers/misc/mediatek/systracker/backtrace_64bit.c,36ef33f260530e60b696dcec88eb5493a0dfd05fe4900af1a8168335d98db6bf,drivers/misc/mediatek/systracker/Kconfig,,0,not-observed,support-code,no,no,none-observed,none-observed,not-derived-from-source,support-code-only,
drivers/misc/mediatek,drivers/misc/mediatek/systracker/systracker_interface_v2.c,4002b133190d5b096074eab96b35731fabd4068b11c97abd514e43862777d3d3,drivers/misc/mediatek/systracker/Kconfig,device_registration,0,not-observed,proc-sysfs-device-registration,no,no,none-observed,none-observed,not-derived-from-source,source-surface-only,device_registration:840:<file-scope>; property_or_boot_state:844:<file-scope>; property_or_boot_state:855:<file-scope>
drivers/misc/mediatek,drivers/misc/mediatek/systracker/systracker_v2.h,6ce3e63c47206f9ddbc838e2fb56282bd1218af03d72095b9b537ed6827f1d52,drivers/misc/mediatek/systracker/Kconfig,,0,not-observed,support-code,no,no,none-observed,none-observed,not-derived-from-source,support-code-only,
drivers/misc/mediatek,drivers/misc/mediatek/systracker/mt8183/systracker_platform.c,60d0d55c53b34ea0f6dec5b7b1f4bc35ff6a9e28a70b34bc1530dae441385b9c,drivers/misc/mediatek/systracker/Kconfig,,0,not-observed,support-code,no,no,none-observed,none-observed,not-derived-from-source,support-code-only,
drivers/misc/mediatek,drivers/misc/mediatek/thermal/mtk_cooler_backlight.c,bba9ac417b506cb825adf1b88350d47f522f71770864df57718b3a3b56101a05,drivers/misc/mediatek/thermal/Kconfig,,0,not-observed,uevent-or-netlink-marker,no,yes,none-observed,none-observed,not-derived-from-source,support-code-only,uevent_or_netlink:103:<file-scope>; uevent_or_netlink:107:<file-scope>
drivers/misc/mediatek,drivers/misc/mediatek/thermal/mtk_cooler_cam.c,e6a3446603ff91b9c42c634fede59534e476360608c7f716f18d9a85df80ee82,drivers/misc/mediatek/thermal/Kconfig,proc_sysfs_debugfs_registration,4,not-observed,ioctl-or-user-copy,no,no,none-observed,none-observed,not-derived-from-source,source-surface-only,user_copy:140:<file-scope>; user_copy:228:<file-scope>; user_copy:274:<file-scope>; user_copy:331:<file-scope>; proc_sysfs_debugfs_registration:495:<file-scope>; proc_sysfs_debugfs_registration:499:<file-scope>; proc_sysfs_debugfs_registration:503:<file-scope>; proc_sysfs_debugfs_registration:515:<file-scope>
drivers/misc/mediatek,drivers/misc/mediatek/thermal/mtk_cooler_kshutdown.c,7474af6d5b1c2caaf205ce04f39b17621877f7eddc52e5d248bb14ddb1bcf5ba,drivers/misc/mediatek/thermal/Kconfig,,0,not-observed,support-code,no,no,none-observed,none-observed,not-derived-from-source,support-code-only,
drivers/misc/mediatek,drivers/misc/mediatek/thermal/mtk_cooler_shutdown.c,e9e30352d109c72023af77e6103571b317de94a3731f54b53399314433a26694,drivers/misc/mediatek/thermal/Kconfig,proc_sysfs_debugfs_registration,3,not-observed,uevent-or-netlink-marker,no,yes,none-observed,none-observed,not-derived-from-source,source-surface-only,user_copy:82:<file-scope>; user_copy:136:<file-scope>; user_copy:181:<file-scope>; uevent_or_netlink:304:<file-scope>; uevent_or_netlink:308:<file-scope>; proc_sysfs_debugfs_registration:391:<file-scope>; proc_sysfs_debugfs_registration:399:<file-scope>; proc_sysfs_debugfs_registration:407:<file-scope>
drivers/misc/mediatek,drivers/misc/mediatek/thermal/mtk_thermal_monitor.c,4a3736c7f32d735d6eba956233a83667827ddf90e1ba74ff259c2bed726dfcbf,drivers/misc/mediatek/thermal/Kconfig,proc_sysfs_debugfs_registration,5,not-observed,secure-world-marker,yes,no,none-observed,none-observed,not-derived-from-source,source-surface-only,secure_world:110:<file-scope>; proc_sysfs_debugfs_registration:236:<file-scope>; proc_sysfs_debugfs_registration:248:<file-scope>; user_copy:476:<file-scope>; user_copy:652:<file-scope>; user_copy:804:<file-scope>; user_copy:993:<file-scope>; user_copy:1039:<file-scope>; proc_sysfs_debugfs_registration:1089:<file-scope>; proc_sysfs_debugfs_registration:1095:<file-scope>; proc_sysfs_debugfs_registration:1099:<file-scope>; proc_sysfs_debugfs_registration:1108:<file-scope>
drivers/misc/mediatek,drivers/misc/mediatek/thermal/common/ap_thermal_limit.c,4c092e834eac15c022feb51afca2df33c952b458814947bc9626fff344978fe7,drivers/misc/mediatek/thermal/Kconfig,,0,not-observed,support-code,no,no,none-observed,none-observed,not-derived-from-source,support-code-only,
drivers/misc/mediatek,drivers/misc/mediatek/thermal/common/mtk_change_policy.c,2367e4a7db302f12e9ee17e553638731b3b97e11c72727bf556e0d1f74c31df7,drivers/misc/mediatek/thermal/Kconfig,proc_sysfs_debugfs_registration,2,not-observed,ioctl-or-user-copy,no,no,none-observed,none-observed,not-derived-from-source,source-surface-only,user_copy:62:<file-scope>; user_copy:167:<file-scope>; proc_sysfs_debugfs_registration:233:<file-scope>; proc_sysfs_debugfs_registration:244:<file-scope>
drivers/misc/mediatek,drivers/misc/mediatek/thermal/common/mtk_thermal_platform.c,e7b19290b1075531c77025a0b75c2be6feb2b81de5bf277aaf94373247ec3eaa,drivers/misc/mediatek/thermal/Kconfig,proc_sysfs_debugfs_registration,1,not-observed,ioctl-or-user-copy,no,no,none-observed,none-observed,not-derived-from-source,source-surface-only,user_copy:357:<file-scope>; proc_sysfs_debugfs_registration:396:<file-scope>
drivers/misc/mediatek,drivers/misc/mediatek/thermal/common/mtk_thermal_timer.c,d927488e19c883dfc51d6455428936199cf6b1f4b1e2a42ddc7dc1ff56a7563e,drivers/misc/mediatek/thermal/Kconfig,,0,not-observed,support-code,no,no,none-observed,none-observed,not-derived-from-source,support-code-only,
drivers/misc/mediatek,drivers/misc/mediatek/thermal/common/coolers/mtk_cooler_NR.c,ee39249202c42e1035f8a4281a9295d05ddb78cca0df960d788c1762dc8cad05,drivers/misc/mediatek/thermal/Kconfig,proc_sysfs_debugfs_registration,1,not-observed,ioctl-or-user-copy,no,no,none-observed,none-observed,not-derived-from-source,source-surface-only,user_copy:114:<file-scope>; proc_sysfs_debugfs_registration:224:<file-scope>
drivers/misc/mediatek,drivers/misc/mediatek/thermal/common/coolers/mtk_cooler_VR_FPS.c,16eb6a2262ee3a3610a06d5abab05b6d29c8b317bd86c4151c101b086e0379be,drivers/misc/mediatek/thermal/Kconfig,proc_sysfs_debugfs_registration,1,not-observed,ioctl-or-user-copy,no,no,none-observed,none-observed,not-derived-from-source,source-surface-only,user_copy:74:<file-scope>; proc_sysfs_debugfs_registration:178:<file-scope>
drivers/misc/mediatek,drivers/misc/mediatek/thermal/common/coolers/mtk_cooler_atm.c,03d4f9f56cbf1a9dd5401db0118da266a25e04d7e9a680d3a7011a4e54caae45,drivers/misc/mediatek/thermal/Kconfig,proc_sysfs_debugfs_registration,7,not-observed,ioctl-or-user-copy,no,no,none-observed,none-observed,not-derived-from-source,source-surface-only,user_copy:1828:<file-scope>; user_copy:1970:<file-scope>; user_copy:2034:<file-scope>; user_copy:2089:<file-scope>; user_copy:2155:<file-scope>; user_copy:2314:<file-scope>; user_copy:2418:<file-scope>; proc_sysfs_debugfs_registration:2583:<file-scope>; proc_sysfs_debugfs_registration:2600:<file-scope>; proc_sysfs_debugfs_registration:2606:<file-scope>; proc_sysfs_debugfs_registration:2614:<file-scope>; proc_sysfs_debugfs_registration:2620:<file-scope>
drivers/misc/mediatek,drivers/misc/mediatek/thermal/common/coolers/mtk_cooler_bcct_v1.c,c61e29870cedeb5a5bf5e0181dcdfd095b88797e691842ea21144f795936233a,drivers/misc/mediatek/thermal/Kconfig,"proc_sysfs_debugfs_registration,device_registration",3,not-observed,ioctl-or-user-copy,no,no,none-observed,none-observed,not-derived-from-source,source-surface-only,user_copy:978:<file-scope>; user_copy:1074:<file-scope>; user_copy:1172:<file-scope>; device_registration:1392:<file-scope>; proc_sysfs_debugfs_registration:1452:<file-scope>; proc_sysfs_debugfs_registration:1459:<file-scope>; proc_sysfs_debugfs_registration:1466:<file-scope>; proc_sysfs_debugfs_registration:1472:<file-scope>; proc_sysfs_debugfs_registration:1474:<file-scope>
drivers/misc/mediatek,drivers/misc/mediatek/thermal/common/coolers/mtk_cooler_dtm.c,79df5c12641b5f6fd7589efe53efdd98ca10d2efaf31e2c00d73606019e28533,drivers/misc/mediatek/thermal/Kconfig,proc_sysfs_debugfs_registration,1,not-observed,ioctl-or-user-copy,no,no,none-observed,none-observed,not-derived-from-source,source-surface-only,user_copy:308:<file-scope>; proc_sysfs_debugfs_registration:366:<file-scope>
drivers/misc/mediatek,drivers/misc/mediatek/thermal/common/coolers/mtk_cooler_fps.c,e667f6e47d918f48382b60d34bff12f0534e07af9ca1d6fa5b12a2a4b3fd5d5b,drivers/misc/mediatek/thermal/Kconfig,proc_sysfs_debugfs_registration,3,not-observed,uevent-or-netlink-marker,no,yes,none-observed,none-observed,not-derived-from-source,source-surface-only,uevent_or_netlink:31:<file-scope>; user_copy:624:<file-scope>; user_copy:787:<file-scope>; user_copy:866:<file-scope>; proc_sysfs_debugfs_registration:909:<file-scope>; proc_sysfs_debugfs_registration:921:<file-scope>; uevent_or_netlink:953:<file-scope>; proc_sysfs_debugfs_registration:969:<file-scope>; proc_sysfs_debugfs_registration:973:<file-scope>; proc_sysfs_debugfs_registration:982:<file-scope>; proc_sysfs_debugfs_registration:990:<file-scope>
drivers/misc/mediatek,drivers/misc/mediatek/thermal/common/coolers/mtk_cooler_mutt.c,33bca411d2953f7ecb00705ec550baa7c06a0a06b48dd1aff1e66177f33b2ad4,drivers/misc/mediatek/thermal/Kconfig,proc_sysfs_debugfs_registration,3,not-observed,ioctl-or-user-copy,no,no,none-observed,none-observed,not-derived-from-source,source-surface-only,user_copy:206:<file-scope>; user_copy:312:<file-scope>; proc_sysfs_debugfs_registration:744:<file-scope>; proc_sysfs_debugfs_registration:756:<file-scope>; user_copy:889:<file-scope>; proc_sysfs_debugfs_registration:996:<file-scope>; proc_sysfs_debugfs_registration:1001:<file-scope>; proc_sysfs_debugfs_registration:1007:<file-scope>
drivers/misc/mediatek,drivers/misc/mediatek/thermal/common/coolers/mtk_cooler_sysrst.c,7854ed604f12111505d26b4b0f8a83b3f30978c958ffcd12040efcd37fc6b24a,drivers/misc/mediatek/thermal/Kconfig,,0,not-observed,support-code,no,no,none-observed,none-observed,not-derived-from-source,support-code-only,
drivers/misc/mediatek,drivers/misc/mediatek/thermal/common/coolers/mtk_ta.c,0b889ee58a4e07f7944d6f10118b72dcd9909a52dbdc6e55c181f194196ae3aa,drivers/misc/mediatek/thermal/Kconfig,proc_sysfs_debugfs_registration,2,not-observed,uevent-or-netlink-marker,no,yes,none-observed,none-observed,not-derived-from-source,source-surface-only,uevent_or_netlink:38:<file-scope>; uevent_or_netlink:92:<file-scope>; uevent_or_netlink:220:<file-scope>; uevent_or_netlink:221:<file-scope>; uevent_or_netlink:223:<file-scope>; uevent_or_netlink:227:<file-scope>; uevent_or_netlink:235:<file-scope>; uevent_or_netlink:251:<file-scope>; uevent_or_netlink:252:<file-scope>; user_copy:334:<file-scope>; user_copy:374:<file-scope>; proc_sysfs_debugfs_registration:426:<file-scope>
drivers/misc/mediatek,drivers/misc/mediatek/thermal/common/inc/ap_thermal_limit.h,76d1f5f3aa1ff7b0b3fbfa9cc7611e9088a48d9ad8ddfcbce23684b24a695701,drivers/misc/mediatek/thermal/Kconfig,,0,not-observed,support-code,no,no,none-observed,none-observed,not-derived-from-source,support-code-only,
drivers/misc/mediatek,drivers/misc/mediatek/thermal/common/inc/mtk_cooler_atm.h,847abfc896a92b1596929bcf5863f5445353e048ef707c2295b1285beecd3187,drivers/misc/mediatek/thermal/Kconfig,,0,not-observed,support-code,no,no,none-observed,none-observed,not-derived-from-source,support-code-only,
drivers/misc/mediatek,drivers/misc/mediatek/thermal/common/inc/mtk_cooler_bcct.h,be11030d4ee2a22254f7d66789a1d6aa2e2f660eded0a7186d6e435616dd74d6,drivers/misc/mediatek/thermal/Kconfig,,0,not-observed,support-code,no,no,none-observed,none-observed,not-derived-from-source,support-code-only,
drivers/misc/mediatek,drivers/misc/mediatek/thermal/common/inc/mtk_cooler_bcct_v1.h,be11030d4ee2a22254f7d66789a1d6aa2e2f660eded0a7186d6e435616dd74d6,drivers/misc/mediatek/thermal/Kconfig,,0,not-observed,support-code,no,no,none-observed,none-observed,not-derived-from-source,support-code-only,
drivers/misc/mediatek,drivers/misc/mediatek/thermal/common/inc/mtk_cooler_fps.h,57ea58452d75d050f2fef52fd5b11ab4463fd00cd6af6df3085482b142ad9f61,drivers/misc/mediatek/thermal/Kconfig,,0,not-observed,support-code,no,no,none-observed,none-observed,not-derived-from-source,support-code-only,
drivers/misc/mediatek,drivers/misc/mediatek/thermal/common/inc/mtk_thermal_timer.h,2fef53d06520b3144a5ffe24148df58a5a1c933b5d8c501f283812527b996b7a,drivers/misc/mediatek/thermal/Kconfig,,0,not-observed,support-code,no,no,none-observed,none-observed,not-derived-from-source,support-code-only,
drivers/misc/mediatek,drivers/misc/mediatek/thermal/common/inc/mtk_ts_imgsensor.h,659cdfb6a9100df5f7bb34cd1fb7c51f561dae1730ab025436b33b9c793ff014,drivers/misc/mediatek/thermal/Kconfig,,0,not-observed,support-code,no,no,none-observed,none-observed,not-derived-from-source,support-code-only,
drivers/misc/mediatek,drivers/misc/mediatek/thermal/common/inc/mtk_ts_pa.h,84459df99368643c72b9971028d9a4e39ba0067194e2c01ae7aa2e1e30298da2,drivers/misc/mediatek/thermal/Kconfig,,0,not-observed,support-code,no,no,none-observed,none-observed,not-derived-from-source,support-code-only,
drivers/misc/mediatek,drivers/misc/mediatek/thermal/common/inc/mtk_ts_wmt.h,6e338beba79aabbabe8540bdb8340a2db350d798cbd6f2f7a4d0f37fb05df576,drivers/misc/mediatek/thermal/Kconfig,,0,not-observed,support-code,no,no,none-observed,none-observed,not-derived-from-source,support-code-only,
drivers/misc/mediatek,drivers/misc/mediatek/thermal/common/thermal_zones/mtk_tsAll.c,653e31c43acd4dad0849e39150f77a7774196ab59b83d12cd5940900e35ddd4c,drivers/misc/mediatek/thermal/common/thermal_zones/Kconfig,proc_sysfs_debugfs_registration,1,not-observed,ioctl-or-user-copy,no,no,none-observed,none-observed,not-derived-from-source,source-surface-only,user_copy:297:<file-scope>; proc_sysfs_debugfs_registration:467:<file-scope>
drivers/misc/mediatek,drivers/misc/mediatek/thermal/common/thermal_zones/mtk_ts_battery.c,de444bb4a6397c9518b0133b75141a1069325722ac3419be9eb77927ffe35b29,drivers/misc/mediatek/thermal/common/thermal_zones/Kconfig,proc_sysfs_debugfs_registration,1,not-observed,ioctl-or-user-copy,no,no,none-observed,none-observed,not-derived-from-source,source-surface-only,user_copy:573:<file-scope>; proc_sysfs_debugfs_registration:783:<file-scope>
drivers/misc/mediatek,drivers/misc/mediatek/thermal/common/thermal_zones/mtk_ts_bts.c,90dcbd88a6cd54e5779ff323cfb1799b35069fd28080f9a4600a950b3fdc64f1,drivers/misc/mediatek/thermal/common/thermal_zones/Kconfig,proc_sysfs_debugfs_registration,2,not-observed,ioctl-or-user-copy,no,no,none-observed,none-observed,not-derived-from-source,source-surface-only,user_copy:1061:<file-scope>; user_copy:1251:<file-scope>; proc_sysfs_debugfs_registration:1442:<file-scope>; proc_sysfs_debugfs_registration:1447:<file-scope>
drivers/misc/mediatek,drivers/misc/mediatek/thermal/common/thermal_zones/mtk_ts_bts2.c,3d7b06599353ce5e7edff2130e59535bf5f34f8e79cebcc0709b261d0a1f9cb9,drivers/misc/mediatek/thermal/common/thermal_zones/Kconfig,proc_sysfs_debugfs_registration,2,not-observed,ioctl-or-user-copy,no,no,none-observed,none-observed,not-derived-from-source,source-surface-only,user_copy:948:<file-scope>; user_copy:1184:<file-scope>; proc_sysfs_debugfs_registration:1419:<file-scope>; proc_sysfs_debugfs_registration:1426:<file-scope>
drivers/misc/mediatek,drivers/misc/mediatek/thermal/common/thermal_zones/mtk_ts_bts3.c,156af5831e8561e205d499c8d41bbb1d94ee05de1de21ceb327477fb298ee29a,drivers/misc/mediatek/thermal/common/thermal_zones/Kconfig,proc_sysfs_debugfs_registration,2,not-observed,ioctl-or-user-copy,no,no,none-observed,none-observed,not-derived-from-source,source-surface-only,user_copy:869:<file-scope>; user_copy:1092:<file-scope>; proc_sysfs_debugfs_registration:1268:<file-scope>; proc_sysfs_debugfs_registration:1275:<file-scope>
drivers/misc/mediatek,drivers/misc/mediatek/thermal/common/thermal_zones/mtk_ts_btsmdpa.c,41434f11da31401b6feb6f3a3cf8481452772deb4723c9634c37399e9dcb7574,drivers/misc/mediatek/thermal/common/thermal_zones/Kconfig,proc_sysfs_debugfs_registration,2,not-observed,ioctl-or-user-copy,no,no,none-observed,none-observed,not-derived-from-source,source-surface-only,user_copy:879:<file-scope>; user_copy:1071:<file-scope>; proc_sysfs_debugfs_registration:1259:<file-scope>; proc_sysfs_debugfs_registration:1265:<file-scope>
drivers/misc/mediatek,drivers/misc/mediatek/thermal/common/thermal_zones/mtk_ts_charger.c,845a352455d6cd746d2a4f9ac1a0036831e0d2dc86f09ced94f2364c001b365f,drivers/misc/mediatek/thermal/common/thermal_zones/Kconfig,"proc_sysfs_debugfs_registration,device_registration",1,not-observed,ioctl-or-user-copy,no,no,none-observed,none-observed,not-derived-from-source,source-surface-only,user_copy:427:<file-scope>; proc_sysfs_debugfs_registration:568:<file-scope>; proc_sysfs_debugfs_registration:632:<file-scope>; device_registration:648:<file-scope>
drivers/misc/mediatek,drivers/misc/mediatek/thermal/common/thermal_zones/mtk_ts_charger2.c,9058810634bed5f8a861693ee0824ec3db0f94c58b25d6c71bb02ad6a42a3bf7,drivers/misc/mediatek/thermal/common/thermal_zones/Kconfig,"proc_sysfs_debugfs_registration,device_registration",1,not-observed,ioctl-or-user-copy,no,no,none-observed,none-observed,not-derived-from-source,source-surface-only,user_copy:384:<file-scope>; proc_sysfs_debugfs_registration:524:<file-scope>; device_registration:582:<file-scope>
drivers/misc/mediatek,drivers/misc/mediatek/thermal/common/thermal_zones/mtk_ts_cpu_noBank.c,0f9392261d46292f08e174a428b533495ccfe0453f6bf240499cdea5fab84742,drivers/misc/mediatek/thermal/common/thermal_zones/Kconfig,"proc_sysfs_debugfs_registration,device_registration",6,not-observed,ioctl-or-user-copy,no,no,none-observed,none-observed,not-derived-from-source,source-surface-only,user_copy:696:<file-scope>; user_copy:810:<file-scope>; user_copy:908:<file-scope>; user_copy:983:<file-scope>; user_copy:1017:<file-scope>; user_copy:1065:<file-scope>; proc_sysfs_debugfs_registration:1989:<file-scope>; proc_sysfs_debugfs_registration:1995:<file-scope>; proc_sysfs_debugfs_registration:1997:<file-scope>; proc_sysfs_debugfs_registration:1999:<file-scope>; proc_sysfs_debugfs_registration:2001:<file-scope>; proc_sysfs_debugfs_registration:2004:<file-scope>
drivers/misc/mediatek,drivers/misc/mediatek/thermal/common/thermal_zones/mtk_ts_imgsensor.c,9e4ed26af11c5c2e9aec776b7bb7b67e5df29c634c491669938ccf010941c21c,drivers/misc/mediatek/thermal/common/thermal_zones/Kconfig,proc_sysfs_debugfs_registration,2,not-observed,ioctl-or-user-copy,no,no,none-observed,none-observed,not-derived-from-source,source-surface-only,user_copy:155:<file-scope>; user_copy:545:<file-scope>; proc_sysfs_debugfs_registration:796:<file-scope>; proc_sysfs_debugfs_registration:802:<file-scope>
drivers/misc/mediatek,drivers/misc/mediatek/thermal/common/thermal_zones/mtk_ts_pa.c,eac3e34682fc156e1129bc05c72a42b821ba5a63bf8b72c243c20319e728ce8b,drivers/misc/mediatek/thermal/common/thermal_zones/Kconfig,proc_sysfs_debugfs_registration,1,not-observed,ioctl-or-user-copy,no,no,none-observed,none-observed,not-derived-from-source,source-surface-only,user_copy:464:<file-scope>; proc_sysfs_debugfs_registration:695:<file-scope>; proc_sysfs_debugfs_registration:700:<file-scope>; proc_sysfs_debugfs_registration:708:<file-scope>
drivers/misc/mediatek,drivers/misc/mediatek/thermal/common/thermal_zones/mtk_ts_pa_thput.c,b0ca41ff5c5fb2989bf19dcf2eb788dc77a7cc498ac39c51ebdc1dbcf41e96bb,drivers/misc/mediatek/thermal/common/thermal_zones/Kconfig,proc_sysfs_debugfs_registration,4,not-observed,ioctl-or-user-copy,no,no,none-observed,none-observed,not-derived-from-source,source-surface-only,user_copy:298:<file-scope>; user_copy:358:<file-scope>; user_copy:414:<file-scope>; user_copy:482:<file-scope>; proc_sysfs_debugfs_registration:554:<file-scope>; proc_sysfs_debugfs_registration:557:<file-scope>; proc_sysfs_debugfs_registration:560:<file-scope>; proc_sysfs_debugfs_registration:565:<file-scope>; proc_sysfs_debugfs_registration:571:<file-scope>; proc_sysfs_debugfs_registration:577:<file-scope>
drivers/misc/mediatek,drivers/misc/mediatek/thermal/common/thermal_zones/mtk_ts_pmic.c,9a1fe37dbe49fa131db06aa539926a86a7ffcb87be1b36b6ddc120fbea8a2020,drivers/misc/mediatek/thermal/common/thermal_zones/Kconfig,proc_sysfs_debugfs_registration,3,not-observed,ioctl-or-user-copy,no,no,none-observed,none-observed,not-derived-from-source,source-surface-only,user_copy:372:<file-scope>; user_copy:577:<file-scope>; user_copy:635:<file-scope>; proc_sysfs_debugfs_registration:698:<file-scope>; proc_sysfs_debugfs_registration:704:<file-scope>; proc_sysfs_debugfs_registration:707:<file-scope>
drivers/misc/mediatek,drivers/misc/mediatek/thermal/common/thermal_zones/mtk_ts_wmt.c,cca74ea9280275238b4dae940e9b660ecee0149e42dd8e3a75b485b7fe89d6f1,drivers/misc/mediatek/thermal/common/thermal_zones/Kconfig,proc_sysfs_debugfs_registration,5,not-observed,ioctl-or-user-copy,no,no,none-observed,none-observed,not-derived-from-source,source-surface-only,user_copy:1155:<file-scope>; user_copy:1228:<file-scope>; user_copy:1273:<file-scope>; user_copy:1339:<file-scope>; user_copy:1569:<file-scope>; proc_sysfs_debugfs_registration:1756:<file-scope>; proc_sysfs_debugfs_registration:1761:<file-scope>; proc_sysfs_debugfs_registration:1762:<file-scope>; proc_sysfs_debugfs_registration:1771:<file-scope>; proc_sysfs_debugfs_registration:1777:<file-scope>; proc_sysfs_debugfs_registration:1783:<file-scope>; proc_sysfs_debugfs_registration:1789:<file-scope>
drivers/misc/mediatek,drivers/misc/mediatek/thermal/mt8183/inc/clatm_initcfg.h,f03875f81d2f3587bf393acafdf2503c88d41f800aa6dd13eaeb381e9e3e2077,drivers/misc/mediatek/thermal/Kconfig,,0,not-observed,support-code,no,no,none-observed,none-observed,not-derived-from-source,support-code-only,
drivers/misc/mediatek,drivers/misc/mediatek/thermal/mt8183/inc/mtk_cooler_setting.h,988ce24ec8947f25aa982da5659481e3144d15811d149c47bcd114ec7683b497,drivers/misc/mediatek/thermal/Kconfig,,0,not-observed,support-code,no,no,none-observed,none-observed,not-derived-from-source,support-code-only,
drivers/misc/mediatek,drivers/misc/mediatek/thermal/mt8183/inc/mtk_thermal_ipi.h,0b23ed8a6f74bf8ab0179f26798679bec78ac99aba5c508ddc4fd6b1bdcd1185,drivers/misc/mediatek/thermal/Kconfig,,0,not-observed,support-code,no,no,none-observed,none-observed,not-derived-from-source,support-code-only,
drivers/misc/mediatek,drivers/misc/mediatek/thermal/mt8183/inc/mtk_ts_setting.h,ef9b60417a1f9712592f2d96e778e049d76c00f78058f98dd458e36a25ba707f,drivers/misc/mediatek/thermal/Kconfig,,0,not-observed,support-code,no,no,none-observed,none-observed,not-derived-from-source,support-code-only,
drivers/misc/mediatek,drivers/misc/mediatek/thermal/mt8183/inc/tmp_bts.h,eb3a9186abbba0684136f4dcd42ccaf9fc4f80d6064fa9d4987291d6973c6ddf,drivers/misc/mediatek/thermal/Kconfig,,0,not-observed,support-code,no,no,none-observed,none-observed,not-derived-from-source,support-code-only,
drivers/misc/mediatek,drivers/misc/mediatek/thermal/mt8183/inc/tscpu_settings.h,c4e46fefb70b02c4464de19d742512920a80dbcbe8b22795e1bdbc64a63ea471,drivers/misc/mediatek/thermal/Kconfig,,0,not-observed,support-code,no,no,none-observed,none-observed,not-derived-from-source,support-code-only,
drivers/misc/mediatek,drivers/misc/mediatek/thermal/mt8183/inc/tspmic_settings.h,08da79616f02b51ff5bf131277f80732e9c689927eab71634aef25a7b8881551,drivers/misc/mediatek/thermal/Kconfig,,0,not-observed,support-code,no,no,none-observed,none-observed,not-derived-from-source,support-code-only,
drivers/misc/mediatek,drivers/misc/mediatek/thermal/mt8183/inc/tzbatt_initcfg.h,81a966af6c1379f4e862451bfb2042d5c4c4b1099bd3bb97aa9986320664c485,drivers/misc/mediatek/thermal/Kconfig,,0,not-observed,support-code,no,no,none-observed,none-observed,not-derived-from-source,support-code-only,
drivers/misc/mediatek,drivers/misc/mediatek/thermal/mt8183/inc/tzcpu_initcfg.h,42d36c897fac88041d6e6f0d632760cd6e4bdbffd3f702759db215b48e6981da,drivers/misc/mediatek/thermal/Kconfig,,0,not-observed,support-code,no,no,none-observed,none-observed,not-derived-from-source,support-code-only,
drivers/misc/mediatek,drivers/misc/mediatek/thermal/mt8183/src/mtk_pmic_efuse.c,f83f034eefc1703b3767acf7f790e615902eac08215e355baef197c080ac8ea9,drivers/misc/mediatek/thermal/Kconfig,,0,not-observed,support-code,no,no,none-observed,none-observed,not-derived-from-source,support-code-only,
drivers/misc/mediatek,drivers/misc/mediatek/thermal/mt8183/src/mtk_tc.c,4119447725aacc7d0978742c2ad5952465e37663526f0ee35be9d7c6442a2016,drivers/misc/mediatek/thermal/Kconfig,,0,not-observed,support-code,no,no,none-observed,none-observed,not-derived-from-source,support-code-only,
drivers/misc/mediatek,drivers/misc/mediatek/thermal/mt8183/src/mtk_thermal_ipi.c,bcb78e0eaa12f203bee9668eb5beeb339a0a1c8d513056836ad640c9e9340ad1,drivers/misc/mediatek/thermal/Kconfig,,0,not-observed,support-code,no,no,none-observed,none-observed,not-derived-from-source,support-code-only,
drivers/misc/mediatek,drivers/misc/mediatek/thermal/mt8183/src/mtk_ts_6358buck1.c,7c483e039cec6e576e103bd6cf36fce7560aab1294a8552030e280f1ee453567,drivers/misc/mediatek/thermal/Kconfig,proc_sysfs_debugfs_registration,1,not-observed,ioctl-or-user-copy,no,no,none-observed,none-observed,not-derived-from-source,source-surface-only,user_copy:314:<file-scope>; proc_sysfs_debugfs_registration:521:<file-scope>
drivers/misc/mediatek,drivers/misc/mediatek/thermal/mt8183/src/mtk_ts_6358buck2.c,d09e500ebd5ae60264818e0e35948458a706451834bc93b8b1fc27a9070c0a31,drivers/misc/mediatek/thermal/Kconfig,proc_sysfs_debugfs_registration,1,not-observed,ioctl-or-user-copy,no,no,none-observed,none-observed,not-derived-from-source,source-surface-only,user_copy:314:<file-scope>; proc_sysfs_debugfs_registration:521:<file-scope>
drivers/misc/mediatek,drivers/misc/mediatek/thermal/mt8183/src/mtk_ts_6358buck3.c,2124364d3275f15132263534f25ad60b04243c1e35d8dd537bcf8a89636b462c,drivers/misc/mediatek/thermal/Kconfig,proc_sysfs_debugfs_registration,1,not-observed,ioctl-or-user-copy,no,no,none-observed,none-observed,not-derived-from-source,source-surface-only,user_copy:314:<file-scope>; proc_sysfs_debugfs_registration:521:<file-scope>
drivers/misc/mediatek,drivers/misc/mediatek/timer/timesync/archcounter_timesync.c,709ac90fb823225a3a4d7ce429ce17945458fad43f8d5b5e1930de3f658edbc3,drivers/misc/mediatek/timer/timesync/Kconfig,,0,not-observed,support-code,no,no,none-observed,none-observed,not-derived-from-source,support-code-only,
drivers/misc/mediatek,drivers/misc/mediatek/timer/timesync/archcounter_timesync.h,b0013cbd175d32317e9a7841feb77292887eb1c73171b3b51e75ae4dcc13c4b6,drivers/misc/mediatek/timer/timesync/Kconfig,,0,not-observed,support-code,no,no,none-observed,none-observed,not-derived-from-source,support-code-only,
drivers/misc/mediatek,drivers/misc/mediatek/timer/timesync/mtk_sys_timer.c,d686b0373a70b256bfee17ebb4365cc063b436e28fd1401f1eccdd67f06421af,drivers/misc/mediatek/timer/timesync/Kconfig,"proc_sysfs_debugfs_registration,device_registration",0,not-observed,proc-sysfs-device-registration,no,no,none-observed,none-observed,not-derived-from-source,source-surface-only,proc_sysfs_debugfs_registration:508:<file-scope>; proc_sysfs_debugfs_registration:524:<file-scope>; device_registration:580:<file-scope>
drivers/misc/mediatek,drivers/misc/mediatek/timer/timesync/mtk_sys_timer_mbox.h,e8c7e12a69c996639173f0d9392da147ad86487bb3928e00ba7fe80772c3f2da,drivers/misc/mediatek/timer/timesync/Kconfig,,0,not-observed,support-code,no,no,none-observed,none-observed,not-derived-from-source,support-code-only,
drivers/misc/mediatek,drivers/misc/mediatek/timer/timesync/mtk_sys_timer_typedefs.h,6baa5cc0d62b7d78d5d73c7210c831a24fd53b86004acf71f0d0a23085502ca1,drivers/misc/mediatek/timer/timesync/Kconfig,,0,not-observed,support-code,no,no,none-observed,none-observed,not-derived-from-source,support-code-only,
drivers/misc/mediatek,drivers/misc/mediatek/trng/trng.c,b507a946c48acafc6c13b2d8a9b3e37a93abdf4d135c081a2a8dda80b867c802,drivers/misc/mediatek/trng/Kconfig,proc_sysfs_debugfs_registration,0,not-observed,secure-world-marker,yes,no,none-observed,none-observed,not-derived-from-source,source-surface-only,secure_world:45:<file-scope>; secure_world:89:<file-scope>; proc_sysfs_debugfs_registration:120:<file-scope>; proc_sysfs_debugfs_registration:121:<file-scope>
drivers/misc/mediatek,drivers/misc/mediatek/trng/trng.h,82ae3804b4838dcdd9fbb53cd5b78d33ff0b67c0da94ceb5509f81a4040438d8,drivers/misc/mediatek/trng/Kconfig,,0,not-observed,support-code,no,no,none-observed,none-observed,not-derived-from-source,support-code-only,
drivers/misc/mediatek,drivers/misc/mediatek/usb_boost/usb_boost.c,f25b318bf3463b13af2b49a872033e921cf9ca000356bbe8d7d1297334d9cd3c,drivers/misc/mediatek/Kconfig,"proc_sysfs_debugfs_registration,device_registration",0,not-observed,proc-sysfs-device-registration,no,no,none-observed,none-observed,not-derived-from-source,source-surface-only,device_registration:515:<file-scope>; device_registration:521:<file-scope>; proc_sysfs_debugfs_registration:532:<file-scope>; device_registration:532:<file-scope>
drivers/misc/mediatek,drivers/misc/mediatek/usb_boost/usb_boost.h,4060ce13d39d744aef7fee00eb109fcf486411e39a2c7dd4c74bfc5c0ae8e13e,drivers/misc/mediatek/Kconfig,,0,not-observed,support-code,no,no,none-observed,none-observed,not-derived-from-source,support-code-only,
drivers/misc/mediatek,drivers/misc/mediatek/usb_boost/v1/usb_boost_plat.c,4111b25818319655c4caa20d80e26ca6865ed7dbadd2ec46a801bde301f3461e,drivers/misc/mediatek/Kconfig,,0,not-observed,support-code,no,no,none-observed,none-observed,not-derived-from-source,support-code-only,
drivers/misc/mediatek,drivers/misc/mediatek/usb_c/inc/typec.h,47bcbe50cf981572be198418ca99e2e38e38d9a20484f1e6e6b90394539dd08f,drivers/misc/mediatek/usb_c/Kconfig,,0,not-observed,support-code,no,no,none-observed,none-observed,not-derived-from-source,support-code-only,
drivers/misc/mediatek,drivers/misc/mediatek/usb_c/tcpc/pd_dbg_info.c,cbbf3a15fc6d3426d2f29147fbaa8cc210ac2c278ee2e9785249bbae0191ccd7,drivers/misc/mediatek/usb_c/Kconfig,,0,not-observed,support-code,no,no,none-observed,none-observed,not-derived-from-source,support-code-only,
drivers/misc/mediatek,drivers/misc/mediatek/usb_c/tcpc/tcpc_mt6370.c,f2416a35b222b2b2889d5dbcdf3644097f6a0a94f0353a51da64846c621a7217,drivers/misc/mediatek/usb_c/Kconfig,,0,not-observed,support-code,no,no,none-observed,none-observed,not-derived-from-source,support-code-only,
drivers/misc/mediatek,drivers/misc/mediatek/usb_c/tcpc/tcpci.c,fd8defe30c83fbf44a6cbdcdbf011f3bd2e61681f9bfdd99c9280212fc55cb8f,drivers/misc/mediatek/usb_c/Kconfig,,0,not-observed,support-code,no,no,none-observed,none-observed,not-derived-from-source,support-code-only,
drivers/misc/mediatek,drivers/misc/mediatek/usb_c/tcpc/tcpci_alert.c,2e109afe6276490cf2d905823aadd041ac4035187068b8dc40af6f685237233e,drivers/misc/mediatek/usb_c/Kconfig,,0,not-observed,support-code,no,no,none-observed,none-observed,not-derived-from-source,support-code-only,
drivers/misc/mediatek,drivers/misc/mediatek/usb_c/tcpc/tcpci_core.c,a11df22e3472bbe2c1b5521ae8100b345eb2ec6f1369b70771c6ec6d4416b6a9,drivers/misc/mediatek/usb_c/Kconfig,device_registration,0,not-observed,proc-sysfs-device-registration,no,no,none-observed,none-observed,not-derived-from-source,source-surface-only,device_registration:864:<file-scope>
drivers/misc/mediatek,drivers/misc/mediatek/usb_c/tcpc/tcpci_dual_role.c,3a3d183bcd692bc43d5ec56869299dc3fa1dc0ff0ff4e52d98b173528338f392,drivers/misc/mediatek/usb_c/Kconfig,,0,not-observed,support-code,no,no,none-observed,none-observed,not-derived-from-source,support-code-only,
drivers/misc/mediatek,drivers/misc/mediatek/usb_c/tcpc/tcpci_timer.c,f70b4491db018eb47d7d8d5a7d54a07a7afd7b3d041fb08db5b9be26b3593f9e,drivers/misc/mediatek/usb_c/Kconfig,,0,not-observed,support-code,no,no,none-observed,none-observed,not-derived-from-source,support-code-only,
drivers/misc/mediatek,drivers/misc/mediatek/usb_c/tcpc/tcpci_typec.c,769a3c9d52c57cec5ecd350addcef930dac8bb0c5aa344e61baba717b0c9ce7c,drivers/misc/mediatek/usb_c/Kconfig,,0,not-observed,support-code,no,no,none-observed,none-observed,not-derived-from-source,support-code-only,
drivers/misc/mediatek,drivers/misc/mediatek/usb_c/tcpc/tcpm.c,98f5a1188c7ec84ed5aa7a886b8f14a6d6ab46400042e4f9314ee1bbc9888ad6,drivers/misc/mediatek/usb_c/Kconfig,,0,not-observed,support-code,no,no,none-observed,none-observed,not-derived-from-source,support-code-only,
drivers/misc/mediatek,drivers/misc/mediatek/usb_c/tcpc/inc/mt6370.h,1e94215f96f621e7f549d512fd2f7286b1dd6c3c5e92d1d908a527b47a0402fe,drivers/misc/mediatek/usb_c/Kconfig,,0,not-observed,support-code,no,no,none-observed,none-observed,not-derived-from-source,support-code-only,
drivers/misc/mediatek,drivers/misc/mediatek/usb_c/tcpc/inc/mtk_direct_charge_vdm.h,220d3c619c06282d14e77c1e58a913f94c012273abf95555506c24735e32f350,drivers/misc/mediatek/usb_c/Kconfig,,0,not-observed,support-code,no,no,none-observed,none-observed,not-derived-from-source,support-code-only,
drivers/misc/mediatek,drivers/misc/mediatek/usb_c/tcpc/inc/pd_dbg_info.h,63e49a6bd3bfaa2a95428b5c416dd75b451c383161eaf00ad3fd2ef0357e5229,drivers/misc/mediatek/usb_c/Kconfig,,0,not-observed,support-code,no,no,none-observed,none-observed,not-derived-from-source,support-code-only,
drivers/misc/mediatek,drivers/misc/mediatek/usb_c/tcpc/inc/std_tcpci_v10.h,2926e3087e553697d96787d3a1ee9e850d3fe6078390d1da02bd87a6bd4e1f53,drivers/misc/mediatek/usb_c/Kconfig,,0,not-observed,support-code,no,no,none-observed,none-observed,not-derived-from-source,support-code-only,
drivers/misc/mediatek,drivers/misc/mediatek/usb_c/tcpc/inc/tcpci.h,15c76372d2ce56f2d7eefe79ac42e067671693dfeec8488239289e4dec2f3ed0,drivers/misc/mediatek/usb_c/Kconfig,,0,not-observed,support-code,no,no,none-observed,none-observed,not-derived-from-source,support-code-only,
drivers/misc/mediatek,drivers/misc/mediatek/usb_c/tcpc/inc/tcpci_config.h,2b38c6494d822827dae13f25e740732a08fb74f24aa9f03786e934505a96c3c1,drivers/misc/mediatek/usb_c/Kconfig,,0,not-observed,support-code,no,no,none-observed,none-observed,not-derived-from-source,support-code-only,
drivers/misc/mediatek,drivers/misc/mediatek/usb_c/tcpc/inc/tcpci_core.h,e9375ab0e7033bf2ca9741994cb6ae3fe469173febd03f9e540abd685ed4f285,drivers/misc/mediatek/usb_c/Kconfig,,0,not-observed,support-code,no,no,none-observed,none-observed,not-derived-from-source,support-code-only,
drivers/misc/mediatek,drivers/misc/mediatek/usb_c/tcpc/inc/tcpci_timer.h,4cdbc6411f901330961340769f25884322e9a047021240279360e08d3daa20e4,drivers/misc/mediatek/usb_c/Kconfig,,0,not-observed,support-code,no,no,none-observed,none-observed,not-derived-from-source,support-code-only,
drivers/misc/mediatek,drivers/misc/mediatek/usb_c/tcpc/inc/tcpci_typec.h,f9ecb75d20b3838ded02904b29529d7852c0b1d3466ba3e887d225dedcca2927,drivers/misc/mediatek/usb_c/Kconfig,,0,not-observed,support-code,no,no,none-observed,none-observed,not-derived-from-source,support-code-only,
drivers/misc/mediatek,drivers/misc/mediatek/usb_c/tcpc/inc/tcpm.h,175008fbbbf48903625731d2847f72fa78e9901eb848f7b1a519525eda4d572a,drivers/misc/mediatek/usb_c/Kconfig,,0,not-observed,support-code,no,no,none-observed,none-observed,not-derived-from-source,support-code-only,
drivers/misc/mediatek,drivers/misc/mediatek/usb_c/tcpc/inc/tcpm_pd.h,9f9f8d6f27f94a34fefe5c94f944e5e108ee39135b63f7f129cf44f946bbd054,drivers/misc/mediatek/usb_c/Kconfig,,0,not-observed,support-code,no,no,none-observed,none-observed,not-derived-from-source,support-code-only,
drivers/misc/mediatek,drivers/misc/mediatek/video/common/aal30/ddp_aal.c,dcc1a2a50f1d4b0332949c82593192583fbeac743377a1043ab352a1de921360,drivers/misc/mediatek/video/Kconfig,ioctl_entry,12,not-observed,ioctl-or-user-copy,no,no,none-observed,none-observed,not-derived-from-source,source-surface-only,user_copy:779:<file-scope>; user_copy:905:<file-scope>; user_copy:910:<file-scope>; user_copy:1300:<file-scope>; user_copy:1305:<file-scope>; user_copy:1335:<file-scope>; user_copy:1341:<file-scope>; user_copy:1430:<file-scope>; user_copy:1482:<file-scope>; user_copy:2216:<file-scope>; user_copy:2217:<file-scope>; user_copy:2241:<file-scope>
drivers/misc/mediatek,drivers/misc/mediatek/video/common/color20/ddp_color.c,ce6f313b670d2e784e37bdd37015259f60bde233845d7cac73e5d0f756738ae8,drivers/misc/mediatek/video/Kconfig,ioctl_entry,27,not-observed,ioctl-or-user-copy,no,no,none-observed,none-observed,not-derived-from-source,source-surface-only,user_copy:2992:<file-scope>; user_copy:3017:<file-scope>; user_copy:3028:<file-scope>; user_copy:3038:<file-scope>; user_copy:3049:<file-scope>; user_copy:3068:<file-scope>; user_copy:3082:<file-scope>; user_copy:3092:<file-scope>; user_copy:3102:<file-scope>; user_copy:3112:<file-scope>; user_copy:3122:<file-scope>; user_copy:3130:<file-scope>
drivers/misc/mediatek,drivers/misc/mediatek/video/common/corr10/ddp_dither.c,647c0e875783d104c9fe68fdd6c316d50afed2fd9941658c2c5cc56684d0f49b,drivers/misc/mediatek/video/Kconfig,ioctl_entry,0,not-observed,ioctl-or-user-copy,no,no,none-observed,none-observed,not-derived-from-source,source-surface-only,ioctl_entry:279:<file-scope>
drivers/misc/mediatek,drivers/misc/mediatek/video/common/corr10/ddp_gamma.c,cf85b72e70e564b961b7797f49a1173cf7dd3d179f6b54e551fd844e03938d18,drivers/misc/mediatek/video/Kconfig,ioctl_entry,6,not-observed,ioctl-or-user-copy,no,no,none-observed,none-observed,not-derived-from-source,source-surface-only,user_copy:231:<file-scope>; ioctl_entry:400:<file-scope>; user_copy:770:<file-scope>; user_copy:816:<file-scope>; user_copy:943:<file-scope>; user_copy:944:<file-scope>; user_copy:961:<file-scope>; ioctl_entry:1083:<file-scope>
drivers/misc/mediatek,drivers/misc/mediatek/video/common/layering_rule_base/v1.1/layering_rule_base.c,8dced188c1d954b694f73ceefb8e06e44908554b55f69bf01e373bebf25abc2e,drivers/misc/mediatek/video/Kconfig,,2,not-observed,ioctl-or-user-copy,no,no,none-observed,none-observed,not-derived-from-source,source-surface-only,user_copy:1782:<file-scope>; user_copy:1836:<file-scope>
drivers/misc/mediatek,drivers/misc/mediatek/video/common/layering_rule_base/v1.1/layering_rule_base.h,9138cde7e284a8999e8fc40b6cec575f0c1db8e4f51450551364a1271165e396,drivers/misc/mediatek/video/Kconfig,,0,not-observed,support-code,no,no,none-observed,none-observed,not-derived-from-source,support-code-only,
drivers/misc/mediatek,drivers/misc/mediatek/video/common/pwm10/ddp_pwm.c,c46de4d3f7050be94a72807e56bb76e029b4ed908985ad97fe12ec34db919dcd,drivers/misc/mediatek/video/Kconfig,,0,not-observed,support-code,no,no,none-observed,none-observed,not-derived-from-source,support-code-only,
drivers/misc/mediatek,drivers/misc/mediatek/video/common/rdma20/ddp_rdma.h,dc88f10d7650fe257fcf5315eb85231c4f37ce83494055c8b73e333a5af6b948,drivers/misc/mediatek/video/Kconfig,,0,not-observed,support-code,no,no,none-observed,none-observed,not-derived-from-source,support-code-only,
drivers/misc/mediatek,drivers/misc/mediatek/video/common/wdma20/ddp_wdma.h,f2c404f9495fb27403e2242148fd5c7ec758d4c99594a62cc6bc4dff98173a71,drivers/misc/mediatek/video/Kconfig,,0,not-observed,support-code,no,no,none-observed,none-observed,not-derived-from-source,support-code-only,
drivers/misc/mediatek,drivers/misc/mediatek/video/include/DpDataType.h,f52556054ffca1bd384cf6a132adbb1c890709384a307d8d1710f5f4482c9790,drivers/misc/mediatek/video/Kconfig,,0,not-observed,support-code,no,no,none-observed,none-observed,not-derived-from-source,support-code-only,
drivers/misc/mediatek,drivers/misc/mediatek/video/include/ddp_aal.h,4981ef5f5d5e4dc9c6e7e1f6560d9c88d780b6c06ed811762881f735eda6fc26,drivers/misc/mediatek/video/Kconfig,,0,not-observed,support-code,no,no,none-observed,none-observed,not-derived-from-source,support-code-only,
drivers/misc/mediatek,drivers/misc/mediatek/video/include/ddp_color.h,2cb6fa2c94cd4c9162a75dc0067cb817bc57982c41dd6ed6fcabb5c16c0366d8,drivers/misc/mediatek/video/Kconfig,,0,not-observed,support-code,no,no,none-observed,none-observed,not-derived-from-source,support-code-only,
drivers/misc/mediatek,drivers/misc/mediatek/video/include/ddp_dither.h,50a2430aead0f61a3600b5c6359471830c4e9a9c6190fee39eb42291823b5549,drivers/misc/mediatek/video/Kconfig,,0,not-observed,support-code,no,no,none-observed,none-observed,not-derived-from-source,support-code-only,
drivers/misc/mediatek,drivers/misc/mediatek/video/include/ddp_gamma.h,3dc4d1c4b916040defc0804dfda8fd203fd328631cc94f188072227b7fcbda17,drivers/misc/mediatek/video/Kconfig,,0,not-observed,support-code,no,no,none-observed,none-observed,not-derived-from-source,support-code-only,
drivers/misc/mediatek,drivers/misc/mediatek/video/include/ddp_od.h,9ec8d2ba51be4709e2c63bf48f752428bdbaa167ce4ae3c4cf47ddaa6abd904c,drivers/misc/mediatek/video/Kconfig,,0,not-observed,support-code,no,no,none-observed,none-observed,not-derived-from-source,support-code-only,
drivers/misc/mediatek,drivers/misc/mediatek/video/include/ddp_pwm.h,8e11c74bbdb0d611be410a3b921798ea5da27afbebbe10cc2829705887e81e03,drivers/misc/mediatek/video/Kconfig,,0,not-observed,support-code,no,no,none-observed,none-observed,not-derived-from-source,support-code-only,
drivers/misc/mediatek,drivers/misc/mediatek/video/include/ddp_pwm_mux.h,c24ed88b5ae04fd9121fe6b2f5d0f18258d792b4ac788afb92434abb43246f9c,drivers/misc/mediatek/video/Kconfig,,0,not-observed,support-code,no,no,none-observed,none-observed,not-derived-from-source,support-code-only,
drivers/misc/mediatek,drivers/misc/mediatek/video/include/disp_session.h,14ffff6cfcc647f79a637d030833748c144a6149d687bafdc65e5cb47ecb1441,drivers/misc/mediatek/video/Kconfig,ioctl_entry,0,not-observed,ioctl-or-user-copy,no,no,none-observed,none-observed,not-derived-from-source,source-surface-only,ioctl_entry:502:<file-scope>; ioctl_entry:503:<file-scope>; ioctl_entry:504:<file-scope>; ioctl_entry:505:<file-scope>; ioctl_entry:508:<file-scope>; ioctl_entry:509:<file-scope>; ioctl_entry:510:<file-scope>; ioctl_entry:511:<file-scope>; ioctl_entry:512:<file-scope>; ioctl_entry:513:<file-scope>; ioctl_entry:514:<file-scope>; ioctl_entry:515:<file-scope>
drivers/misc/mediatek,drivers/misc/mediatek/video/include/fbconfig_kdebug.h,7145370c051650cc37e61dfe7297757721aa5ee272d915122bb9b5dca7054fb3,drivers/misc/mediatek/video/Kconfig,,0,not-observed,support-code,no,no,none-observed,none-observed,not-derived-from-source,support-code-only,
drivers/misc/mediatek,drivers/misc/mediatek/video/include/mtkfb.h,d74564d74f0c90ef682c03466b5bbf015aa8748554530657efc7489b4901f3ca,drivers/misc/mediatek/video/Kconfig,ioctl_entry,0,not-observed,ioctl-or-user-copy,no,no,none-observed,none-observed,not-derived-from-source,source-surface-only,ioctl_entry:34:<file-scope>; ioctl_entry:35:<file-scope>; ioctl_entry:36:<file-scope>; ioctl_entry:37:<file-scope>; ioctl_entry:38:<file-scope>; ioctl_entry:40:<file-scope>; ioctl_entry:41:<file-scope>; ioctl_entry:42:<file-scope>; ioctl_entry:43:<file-scope>; ioctl_entry:44:<file-scope>; ioctl_entry:45:<file-scope>; ioctl_entry:46:<file-scope>
drivers/misc/mediatek,drivers/misc/mediatek/video/include/mtkfb_info.h,29247068f20fde9384f18937d748d5c297373f94d199a87cbb49ed55e6ce79a8,drivers/misc/mediatek/video/Kconfig,,0,not-observed,support-code,no,no,none-observed,none-observed,not-derived-from-source,support-code-only,
drivers/misc/mediatek,drivers/misc/mediatek/video/include/mtkfb_vsync.h,67c84a6f86dbba9716985f455c4eed6a3c612db99e039fd73dc9eda4b09acd2c,drivers/misc/mediatek/video/Kconfig,ioctl_entry,0,not-observed,ioctl-or-user-copy,no,no,none-observed,none-observed,not-derived-from-source,source-surface-only,ioctl_entry:28:<file-scope>
drivers/misc/mediatek,drivers/misc/mediatek/video/mt8183/dispsys/ddp_clkmgr.c,a8d40f2ead979a806c201513b867c63377a522596d435020568efd1c77623bd9,drivers/misc/mediatek/video/Kconfig,,0,not-observed,support-code,no,no,none-observed,none-observed,not-derived-from-source,support-code-only,
drivers/misc/mediatek,drivers/misc/mediatek/video/mt8183/dispsys/ddp_clkmgr.h,3758e6c9dfea12cd0a991094cbc5d29d7fa5b3a5e0f1727d2ad16e641e1fad91,drivers/misc/mediatek/video/Kconfig,,0,not-observed,support-code,no,no,none-observed,none-observed,not-derived-from-source,support-code-only,
drivers/misc/mediatek,drivers/misc/mediatek/video/mt8183/dispsys/ddp_color_format.c,7880d9b99a80d20a31c767a151ba31ef954f312d9c54933199d2ebc3146001f2,drivers/misc/mediatek/video/Kconfig,,0,not-observed,support-code,no,no,none-observed,none-observed,not-derived-from-source,support-code-only,
drivers/misc/mediatek,drivers/misc/mediatek/video/mt8183/dispsys/ddp_dbi.c,700ecf9407502f9a8c99c956a51cc0d31d709d9fb0b1f3722ce8e76e6d6b4821,drivers/misc/mediatek/video/Kconfig,ioctl_entry,0,not-observed,ioctl-or-user-copy,no,no,none-observed,none-observed,not-derived-from-source,source-surface-only,ioctl_entry:667:<file-scope>; ioctl_entry:671:<file-scope>; ioctl_entry:816:<file-scope>
drivers/misc/mediatek,drivers/misc/mediatek/video/mt8183/dispsys/ddp_dbi.h,60d548b472b5294acdbe08d771417f705cb72524dd62b9cbc29a7fd04933af68,drivers/misc/mediatek/video/Kconfig,,0,not-observed,support-code,no,no,none-observed,none-observed,not-derived-from-source,support-code-only,
drivers/misc/mediatek,drivers/misc/mediatek/video/mt8183/dispsys/ddp_debug.c,f010487e54cca0d94006f448341f04e9e40f636714cd26d3d3c99ad2d5ba4941,drivers/misc/mediatek/video/Kconfig,proc_sysfs_debugfs_registration,1,not-observed,ioctl-or-user-copy,no,no,none-observed,none-observed,not-derived-from-source,source-surface-only,user_copy:728:<file-scope>; proc_sysfs_debugfs_registration:807:<file-scope>; proc_sysfs_debugfs_registration:811:<file-scope>; proc_sysfs_debugfs_registration:814:<file-scope>; proc_sysfs_debugfs_registration:817:<file-scope>; proc_sysfs_debugfs_registration:820:<file-scope>
drivers/misc/mediatek,drivers/misc/mediatek/video/mt8183/dispsys/ddp_debug.h,f3dc0585355b256d716def33d940a6cf17ed69a4e3baa3b0d2930eab5310d3ea,drivers/misc/mediatek/video/Kconfig,,0,not-observed,support-code,no,no,none-observed,none-observed,not-derived-from-source,support-code-only,
drivers/misc/mediatek,drivers/misc/mediatek/video/mt8183/dispsys/ddp_dpi.c,c88fa019b5a99907b393d0973ee1ced522a814d04f8d9a0beb732c93af433eaa,drivers/misc/mediatek/video/Kconfig,ioctl_entry,0,not-observed,ioctl-or-user-copy,no,no,none-observed,none-observed,not-derived-from-source,source-surface-only,ioctl_entry:893:<file-scope>; ioctl_entry:895:<file-scope>; ioctl_entry:964:<file-scope>
drivers/misc/mediatek,drivers/misc/mediatek/video/mt8183/dispsys/ddp_dpi.h,3cb628843339e818ae46cffb9ab00cc462ee1c08d6c50bda0de3efe8279e616f,drivers/misc/mediatek/video/Kconfig,,0,not-observed,support-code,no,no,none-observed,none-observed,not-derived-from-source,support-code-only,
drivers/misc/mediatek,drivers/misc/mediatek/video/mt8183/dispsys/ddp_dpi_reg.h,0db79f3e423b66a40d3cc141574d8b7cf05957b7b54b38526ac2f1d87bd2f3ce,drivers/misc/mediatek/video/Kconfig,,0,not-observed,support-code,no,no,none-observed,none-observed,not-derived-from-source,support-code-only,
drivers/misc/mediatek,drivers/misc/mediatek/video/mt8183/dispsys/ddp_drv.c,6e895227cb49c9b9fa80dc7736f6cd52f2218370d243f2355bb3ffd8b406fba0,drivers/misc/mediatek/video/Kconfig,"ioctl_entry,device_registration",0,not-observed,ioctl-or-user-copy,no,no,none-observed,none-observed,not-derived-from-source,source-surface-only,ioctl_entry:274:<file-scope>; ioctl_entry:275:<file-scope>; device_registration:375:<file-scope>; device_registration:543:<file-scope>
drivers/misc/mediatek,drivers/misc/mediatek/video/mt8183/dispsys/ddp_drv.h,5b95c424418f23e8796d53e3d905b36fcb301eebc09d2a009a271cf84134cc37,drivers/misc/mediatek/video/Kconfig,ioctl_entry,0,not-observed,ioctl-or-user-copy,no,no,none-observed,none-observed,not-derived-from-source,source-surface-only,ioctl_entry:17:<file-scope>; ioctl_entry:264:<file-scope>; ioctl_entry:265:<file-scope>; ioctl_entry:266:<file-scope>; ioctl_entry:267:<file-scope>; ioctl_entry:268:<file-scope>; ioctl_entry:269:<file-scope>; ioctl_entry:270:<file-scope>; ioctl_entry:271:<file-scope>; ioctl_entry:272:<file-scope>; ioctl_entry:274:<file-scope>; ioctl_entry:275:<file-scope>
drivers/misc/mediatek,drivers/misc/mediatek/video/mt8183/dispsys/ddp_dsi.c,56fda836878322bbc70a98f39ab894cd07cc80ef0301bd01c81b2f440f6622ae,drivers/misc/mediatek/video/Kconfig,ioctl_entry,0,not-observed,ioctl-or-user-copy,no,no,none-observed,none-observed,not-derived-from-source,source-surface-only,ioctl_entry:4197:<file-scope>; ioctl_entry:4200:<file-scope>; ioctl_entry:4201:<file-scope>; ioctl_entry:5114:<file-scope>; ioctl_entry:5134:<file-scope>; ioctl_entry:5154:<file-scope>
drivers/misc/mediatek,drivers/misc/mediatek/video/mt8183/dispsys/ddp_dsi.h,1a5b8d53992008ca841d10fcc76405ce58515ad97bf2890c6b4f52ace7d91d08,drivers/misc/mediatek/video/Kconfig,,0,not-observed,support-code,no,no,none-observed,none-observed,not-derived-from-source,support-code-only,
drivers/misc/mediatek,drivers/misc/mediatek/video/mt8183/dispsys/ddp_dump.c,a202fb4a82785eddf1a3c4e0a9f01daa62019824372da4a11aa0c23aebdccb93,drivers/misc/mediatek/video/Kconfig,,0,not-observed,support-code,no,no,none-observed,none-observed,not-derived-from-source,support-code-only,
drivers/misc/mediatek,drivers/misc/mediatek/video/mt8183/dispsys/ddp_dump.h,df7e6a9351c20656ff2949c264d69a4872f904801ae8e64376f42af4ab081170,drivers/misc/mediatek/video/Kconfig,,0,not-observed,support-code,no,no,none-observed,none-observed,not-derived-from-source,support-code-only,
drivers/misc/mediatek,drivers/misc/mediatek/video/mt8183/dispsys/ddp_hal.h,0e5bacc924871080395e65ec865d24268e5c054ab56a369413e5ee4fe0660566,drivers/misc/mediatek/video/Kconfig,,0,not-observed,support-code,no,no,none-observed,none-observed,not-derived-from-source,support-code-only,
drivers/misc/mediatek,drivers/misc/mediatek/video/mt8183/dispsys/ddp_info.c,7088e7ebf60f227a6ffc3770fd78a1800d570910221eb5879c04bff2131e3ebd,drivers/misc/mediatek/video/Kconfig,ioctl_entry,0,not-observed,ioctl-or-user-copy,no,no,none-observed,none-observed,not-derived-from-source,source-surface-only,ioctl_entry:603:<file-scope>; ioctl_entry:605:<file-scope>
drivers/misc/mediatek,drivers/misc/mediatek/video/mt8183/dispsys/ddp_info.h,2d72bf3d08a4eae6701b345c57f360ad4949165331a0e2dbf94b95b707de6fd5,drivers/misc/mediatek/video/Kconfig,ioctl_entry,0,not-observed,ioctl-or-user-copy,no,no,none-observed,none-observed,not-derived-from-source,source-surface-only,ioctl_entry:417:<file-scope>; ioctl_entry:502:<file-scope>
drivers/misc/mediatek,drivers/misc/mediatek/video/mt8183/dispsys/ddp_irq.c,ac3f0ca9eb8461f0c3125589372c0ae4f72393211c91e592b9f02336c82b8d2b,drivers/misc/mediatek/video/Kconfig,,0,not-observed,support-code,no,no,none-observed,none-observed,not-derived-from-source,support-code-only,
drivers/misc/mediatek,drivers/misc/mediatek/video/mt8183/dispsys/ddp_irq.h,4ad825d75ff14cf03d74ea25d87cd76819428bf29e07c9681f86d57f883d966b,drivers/misc/mediatek/video/Kconfig,,0,not-observed,support-code,no,no,none-observed,none-observed,not-derived-from-source,support-code-only,
drivers/misc/mediatek,drivers/misc/mediatek/video/mt8183/dispsys/ddp_log.h,b9313029e4dc9af3931a8f9fa52944005a8ca11050d45e7bc30612a5f453a163,drivers/misc/mediatek/video/Kconfig,,0,not-observed,support-code,no,no,none-observed,none-observed,not-derived-from-source,support-code-only,
drivers/misc/mediatek,drivers/misc/mediatek/video/mt8183/dispsys/ddp_m4u.c,ba01668a667d5b99060f498533ffdb0397c001dd265473a0acb54f5d09a7effd,drivers/misc/mediatek/video/Kconfig,,0,not-observed,support-code,no,no,none-observed,none-observed,not-derived-from-source,support-code-only,
drivers/misc/mediatek,drivers/misc/mediatek/video/mt8183/dispsys/ddp_m4u.h,c451243f99b7ba0bfcb6321937fd4a9e26da5e706fa3c840838568c9deddcc1b,drivers/misc/mediatek/video/Kconfig,,0,not-observed,support-code,no,no,none-observed,none-observed,not-derived-from-source,support-code-only,
drivers/misc/mediatek,drivers/misc/mediatek/video/mt8183/dispsys/ddp_manager.c,089ce3a1eb18c4d1fe82c0587f0c3dc37ef6d6464d0247818096f472d6025d82,drivers/misc/mediatek/video/Kconfig,ioctl_entry,0,not-observed,ioctl-or-user-copy,no,no,none-observed,none-observed,not-derived-from-source,source-surface-only,ioctl_entry:1020:<file-scope>; ioctl_entry:1021:<file-scope>; ioctl_entry:1498:<file-scope>; ioctl_entry:1895:<file-scope>; ioctl_entry:1897:<file-scope>; ioctl_entry:1908:<file-scope>; ioctl_entry:1910:<file-scope>
drivers/misc/mediatek,drivers/misc/mediatek/video/mt8183/dispsys/ddp_manager.h,ed19ec2e9a2ec877f9a99196cfbd47f77d7a1405158aa7f80cf53f74f689d28d,drivers/misc/mediatek/video/Kconfig,ioctl_entry,0,not-observed,ioctl-or-user-copy,no,no,none-observed,none-observed,not-derived-from-source,source-surface-only,ioctl_entry:394:<file-scope>; ioctl_entry:398:<file-scope>; ioctl_entry:399:<file-scope>
drivers/misc/mediatek,drivers/misc/mediatek/video/mt8183/dispsys/ddp_matrix_para.h,375791f258fc3822c5eb1f2995473d435ea04717c7e58bd60bd7a512b3c01258,drivers/misc/mediatek/video/Kconfig,,0,not-observed,support-code,no,no,none-observed,none-observed,not-derived-from-source,support-code-only,
drivers/misc/mediatek,drivers/misc/mediatek/video/mt8183/dispsys/ddp_met.c,e2e1c7abf95633ed20d885beab642c238d29ec730c26645bd4559e1080fc2580,drivers/misc/mediatek/video/Kconfig,,0,not-observed,support-code,no,no,none-observed,none-observed,not-derived-from-source,support-code-only,
drivers/misc/mediatek,drivers/misc/mediatek/video/mt8183/dispsys/ddp_met.h,73be8676ff672a4eb3002feb134c88dcb7dd70f66b7b8bb12e57553f08b1ab9f,drivers/misc/mediatek/video/Kconfig,,0,not-observed,support-code,no,no,none-observed,none-observed,not-derived-from-source,support-code-only,
drivers/misc/mediatek,drivers/misc/mediatek/video/mt8183/dispsys/ddp_mmp.c,c9f7395775c4a2bf22723bc41b19d529551c4bd569899f6e2bb104f9e35b76c5,drivers/misc/mediatek/video/Kconfig,,0,not-observed,support-code,no,no,none-observed,none-observed,not-derived-from-source,support-code-only,
drivers/misc/mediatek,drivers/misc/mediatek/video/mt8183/dispsys/ddp_mmp.h,49b208a348ff2eef6d87ee0cd336730402749d131b993a71728610b63e1a105c,drivers/misc/mediatek/video/Kconfig,,0,not-observed,support-code,no,no,none-observed,none-observed,not-derived-from-source,support-code-only,
drivers/misc/mediatek,drivers/misc/mediatek/video/mt8183/dispsys/ddp_mutex.c,fa2c88613ad26b4cc76391d4f10a7cb9ef3b02acd094ddf9d7666a2643aec14f,drivers/misc/mediatek/video/Kconfig,,0,not-observed,support-code,no,no,none-observed,none-observed,not-derived-from-source,support-code-only,
drivers/misc/mediatek,drivers/misc/mediatek/video/mt8183/dispsys/ddp_mutex.h,5a4c2961576814838b58542060c668e9326e96e6d9c1a13f76a162a587cd7f5d,drivers/misc/mediatek/video/Kconfig,,0,not-observed,support-code,no,no,none-observed,none-observed,not-derived-from-source,support-code-only,
drivers/misc/mediatek,drivers/misc/mediatek/video/mt8183/dispsys/ddp_ovl.c,9f27c4a2b2f4de203335f8531608b142a59e38decbb5dc7c8a14570a5e3fedb6,drivers/misc/mediatek/video/Kconfig,ioctl_entry,0,not-observed,ioctl-or-user-copy,no,no,none-observed,none-observed,not-derived-from-source,source-surface-only,ioctl_entry:2284:<file-scope>
drivers/misc/mediatek,drivers/misc/mediatek/video/mt8183/dispsys/ddp_ovl.h,c3f9e6077db0447f944466b8900e2dff71dc4f77cddd13def23c522b44c2889e,drivers/misc/mediatek/video/Kconfig,,0,not-observed,support-code,no,no,none-observed,none-observed,not-derived-from-source,support-code-only,
drivers/misc/mediatek,drivers/misc/mediatek/video/mt8183/dispsys/ddp_path.c,7b37808aafef7f88aa4addd1594130b288f3eccc1adbc30279225fb6c69ba373,drivers/misc/mediatek/video/Kconfig,,0,not-observed,support-code,no,no,none-observed,none-observed,not-derived-from-source,support-code-only,
drivers/misc/mediatek,drivers/misc/mediatek/video/mt8183/dispsys/ddp_path.h,deaf48739f2200d22ab11c0e78f9e29413840b2a244c33f57a56d76f7af7c5d4,drivers/misc/mediatek/video/Kconfig,,0,not-observed,support-code,no,no,none-observed,none-observed,not-derived-from-source,support-code-only,
drivers/misc/mediatek,drivers/misc/mediatek/video/mt8183/dispsys/ddp_pwm_mux.c,aad55bb6e48dd8bb211df97ca79536345a45a1fd549b1416046716ec0f8b39b2,drivers/misc/mediatek/video/Kconfig,,0,not-observed,support-code,no,no,none-observed,none-observed,not-derived-from-source,support-code-only,
drivers/misc/mediatek,drivers/misc/mediatek/video/mt8183/dispsys/ddp_rdma_ex.c,f9c778c896ebb5ed7ad3b6e67f993172268b5c1da5378709c929f3c29baecc2e,drivers/misc/mediatek/video/Kconfig,ioctl_entry,0,not-observed,ioctl-or-user-copy,no,no,none-observed,none-observed,not-derived-from-source,source-surface-only,ioctl_entry:1393:<file-scope>; ioctl_entry:1396:<file-scope>; ioctl_entry:1449:<file-scope>
drivers/misc/mediatek,drivers/misc/mediatek/video/mt8183/dispsys/ddp_rdma_ex.h,af34ad1284a36a5e376af87a55c1a9fd9d9022c81fdf04666d7b0e42e571ba41,drivers/misc/mediatek/video/Kconfig,,0,not-observed,support-code,no,no,none-observed,none-observed,not-derived-from-source,support-code-only,
drivers/misc/mediatek,drivers/misc/mediatek/video/mt8183/dispsys/ddp_reg.h,3b18a74fdf172da977ef434fe6ff5a7299e0d94712e6b702effabb8d6c60473e,drivers/misc/mediatek/video/Kconfig,,0,not-observed,support-code,no,no,none-observed,none-observed,not-derived-from-source,support-code-only,
drivers/misc/mediatek,drivers/misc/mediatek/video/mt8183/dispsys/ddp_reg_dbi.h,6b0bbd9d1ce01371de9e3330379186062e0500cfde895f04669fa7c7b80b5c04,drivers/misc/mediatek/video/Kconfig,,0,not-observed,support-code,no,no,none-observed,none-observed,not-derived-from-source,support-code-only,
drivers/misc/mediatek,drivers/misc/mediatek/video/mt8183/dispsys/ddp_reg_dma.h,312c81dd875126c95bd193ec71048cca5b991ddcc45b738ccdc7952cda37d5cc,drivers/misc/mediatek/video/Kconfig,,0,not-observed,support-code,no,no,none-observed,none-observed,not-derived-from-source,support-code-only,
drivers/misc/mediatek,drivers/misc/mediatek/video/mt8183/dispsys/ddp_reg_dpi.h,87298c674d649a31d973aed96da595cfd24101d4a1b52bb30b31c5d1bffd2f9b,drivers/misc/mediatek/video/Kconfig,,0,not-observed,support-code,no,no,none-observed,none-observed,not-derived-from-source,support-code-only,
drivers/misc/mediatek,drivers/misc/mediatek/video/mt8183/dispsys/ddp_reg_dsi.h,6bbed846858386dbc1597b58672367b01fe22384e4d9a11f8c6d68d483d8a6fe,drivers/misc/mediatek/video/Kconfig,,0,not-observed,support-code,no,no,none-observed,none-observed,not-derived-from-source,support-code-only,
drivers/misc/mediatek,drivers/misc/mediatek/video/mt8183/dispsys/ddp_reg_mipi.h,aaab5d1fba2645ee52cfa459ed2d5966ed1d1e418ab9c93341e6b04d0827edf7,drivers/misc/mediatek/video/Kconfig,,0,not-observed,support-code,no,no,none-observed,none-observed,not-derived-from-source,support-code-only,
drivers/misc/mediatek,drivers/misc/mediatek/video/mt8183/dispsys/ddp_reg_mmsys.h,ced612b44a424f38d54b9f77d0c43816aecfbd66e86a95bd4f53e506d1e9fe2a,drivers/misc/mediatek/video/Kconfig,,0,not-observed,support-code,no,no,none-observed,none-observed,not-derived-from-source,support-code-only,
drivers/misc/mediatek,drivers/misc/mediatek/video/mt8183/dispsys/ddp_reg_mutex.h,1e951a4ced9fe51726211a335c5bdbb179d22f6ba744f05542ff8411c943efb3,drivers/misc/mediatek/video/Kconfig,,0,not-observed,support-code,no,no,none-observed,none-observed,not-derived-from-source,support-code-only,
drivers/misc/mediatek,drivers/misc/mediatek/video/mt8183/dispsys/ddp_reg_ovl.h,930dd5d3d229210d9731513e6e715ae901fa3d3556d09acde4e22ab508ca79c2,drivers/misc/mediatek/video/Kconfig,,0,not-observed,support-code,no,no,none-observed,none-observed,not-derived-from-source,support-code-only,
drivers/misc/mediatek,drivers/misc/mediatek/video/mt8183/dispsys/ddp_reg_pq.h,fdc8eedf2409802c23f9ccee37057107c8dd624711bbde4bf1897ad76ba8a404,drivers/misc/mediatek/video/Kconfig,,0,not-observed,support-code,no,no,none-observed,none-observed,not-derived-from-source,support-code-only,
drivers/misc/mediatek,drivers/misc/mediatek/video/mt8183/dispsys/ddp_reg_rsz.h,a719c9b2e772785cf973c1890e3993666966cdf17c3c4e674dbe18266f268390,drivers/misc/mediatek/video/Kconfig,,0,not-observed,support-code,no,no,none-observed,none-observed,not-derived-from-source,support-code-only,
drivers/misc/mediatek,drivers/misc/mediatek/video/mt8183/dispsys/ddp_rsz.c,95a3b639b1f764d07f2b7fa40ff65d59a1e0f07bcc0af2b9ca2d3c7401b1d84c,drivers/misc/mediatek/video/Kconfig,,0,not-observed,support-code,no,no,none-observed,none-observed,not-derived-from-source,support-code-only,
drivers/misc/mediatek,drivers/misc/mediatek/video/mt8183/dispsys/ddp_rsz.h,310983c6de4e29df049a3576c04db95d1f31972413828cd79202ee86e1c2d430,drivers/misc/mediatek/video/Kconfig,,0,not-observed,support-code,no,no,none-observed,none-observed,not-derived-from-source,support-code-only,
drivers/misc/mediatek,drivers/misc/mediatek/video/mt8183/dispsys/ddp_wdma_ex.c,ac5ead6bd1687c0ab2bd224117306bd4b0c885506ee7712e51e2054633c7a121,drivers/misc/mediatek/video/Kconfig,,0,not-observed,support-code,no,no,none-observed,none-observed,not-derived-from-source,support-code-only,
drivers/misc/mediatek,drivers/misc/mediatek/video/mt8183/dispsys/ddp_wdma_ex.h,4b19443929fa445e942a63f35858ba932740ad9c8ea64dd71175250dfa8916d3,drivers/misc/mediatek/video/Kconfig,,0,not-observed,support-code,no,no,none-observed,none-observed,not-derived-from-source,support-code-only,
drivers/misc/mediatek,drivers/misc/mediatek/video/mt8183/dispsys/disp_event.h,3156141db973cf2ce184740bc9ea91890c78362d28775fe43f8368bc660a12a6,drivers/misc/mediatek/video/Kconfig,,0,not-observed,support-code,no,no,none-observed,none-observed,not-derived-from-source,support-code-only,
drivers/misc/mediatek,drivers/misc/mediatek/video/mt8183/dispsys/display_recorder.c,81ea2ed2fc69765eae11b082656893e024313247a5e605c80e63d091f1c4caeb,drivers/misc/mediatek/video/Kconfig,,0,not-observed,support-code,no,no,none-observed,none-observed,not-derived-from-source,support-code-only,
drivers/misc/mediatek,drivers/misc/mediatek/video/mt8183/dispsys/display_recorder.h,01a5f1dd0fcbb47e5b9376be7cac6f1ef429296a7b4e466b81fd01cddb1535aa,drivers/misc/mediatek/video/Kconfig,,0,not-observed,support-code,no,no,none-observed,none-observed,not-derived-from-source,support-code-only,
drivers/misc/mediatek,drivers/misc/mediatek/video/mt8183/videox/compat_mtk_disp_mgr.c,461085db928d12680e55a3d31064c36a8606f8a2ee007f3e93c544e3da0fd1de,drivers/misc/mediatek/video/Kconfig,ioctl_entry,0,not-observed,ioctl-or-user-copy,no,no,none-observed,none-observed,not-derived-from-source,source-surface-only,ioctl_entry:1061:<file-scope>; ioctl_entry:1095:<file-scope>; ioctl_entry:1124:<file-scope>; ioctl_entry:1154:<file-scope>; ioctl_entry:1191:<file-scope>; ioctl_entry:1230:<file-scope>; ioctl_entry:1232:<file-scope>; ioctl_entry:1271:<file-scope>; ioctl_entry:1306:<file-scope>; ioctl_entry:1332:<file-scope>; ioctl_entry:1349:<file-scope>; ioctl_entry:1364:<file-scope>
drivers/misc/mediatek,drivers/misc/mediatek/video/mt8183/videox/compat_mtk_disp_mgr.h,f382fc90275b47d31c9da3d4eced91a0828b16f2527493df3a223118d6fe3230,drivers/misc/mediatek/video/Kconfig,ioctl_entry,0,not-observed,ioctl-or-user-copy,no,no,none-observed,none-observed,not-derived-from-source,source-surface-only,ioctl_entry:266:<file-scope>; ioctl_entry:267:<file-scope>; ioctl_entry:268:<file-scope>; ioctl_entry:269:<file-scope>; ioctl_entry:270:<file-scope>; ioctl_entry:271:<file-scope>; ioctl_entry:272:<file-scope>; ioctl_entry:273:<file-scope>; ioctl_entry:274:<file-scope>; ioctl_entry:275:<file-scope>; ioctl_entry:276:<file-scope>; ioctl_entry:277:<file-scope>
drivers/misc/mediatek,drivers/misc/mediatek/video/mt8183/videox/compat_mtkfb.h,9a24ad809c5590dc1bf2ce3eb36127bf1b7d2eb770776242379b6e9d828c0879,drivers/misc/mediatek/video/Kconfig,ioctl_entry,0,not-observed,ioctl-or-user-copy,no,no,none-observed,none-observed,not-derived-from-source,source-surface-only,ioctl_entry:70:<file-scope>; ioctl_entry:71:<file-scope>; ioctl_entry:72:<file-scope>; ioctl_entry:73:<file-scope>; ioctl_entry:74:<file-scope>; ioctl_entry:75:<file-scope>; ioctl_entry:76:<file-scope>; ioctl_entry:77:<file-scope>; ioctl_entry:78:<file-scope>; ioctl_entry:79:<file-scope>; ioctl_entry:80:<file-scope>; ioctl_entry:81:<file-scope>
drivers/misc/mediatek,drivers/misc/mediatek/video/mt8183/videox/debug.c,4899c927dd042f0427e3018a109220ac92aceb61f80750ff75639f9d81c6ffb0,drivers/misc/mediatek/video/Kconfig,proc_sysfs_debugfs_registration,1,not-observed,ioctl-or-user-copy,no,no,none-observed,none-observed,not-derived-from-source,source-surface-only,user_copy:1473:<file-scope>; proc_sysfs_debugfs_registration:1530:<file-scope>; proc_sysfs_debugfs_registration:1532:<file-scope>; proc_sysfs_debugfs_registration:1534:<file-scope>; proc_sysfs_debugfs_registration:1535:<file-scope>
drivers/misc/mediatek,drivers/misc/mediatek/video/mt8183/videox/debug.h,531ffd4e178afbd8fffe7ed2150317a7430b14f682561b35fc5dbbf4113253f2,drivers/misc/mediatek/video/Kconfig,,0,not-observed,support-code,no,no,none-observed,none-observed,not-derived-from-source,support-code-only,
drivers/misc/mediatek,drivers/misc/mediatek/video/mt8183/videox/disp_arr.c,e81958cf3a55b17612ee8556a2f37a4a9c887a503b64f96597bd95fca8a2b533,drivers/misc/mediatek/video/Kconfig,,0,not-observed,support-code,no,no,none-observed,none-observed,not-derived-from-source,support-code-only,
drivers/misc/mediatek,drivers/misc/mediatek/video/mt8183/videox/disp_arr.h,65d00cafd95c1c42fa721fa4886bb18690a519104b5e63be05db967ef8d51b51,drivers/misc/mediatek/video/Kconfig,,0,not-observed,support-code,no,no,none-observed,none-observed,not-derived-from-source,support-code-only,
drivers/misc/mediatek,drivers/misc/mediatek/video/mt8183/videox/disp_assert_layer.c,344af50bd1801e3e9f0e2ecf3d5378a90f58bd3c3fee8742d6445e4736c59ad2,drivers/misc/mediatek/video/Kconfig,,0,not-observed,support-code,no,no,none-observed,none-observed,not-derived-from-source,support-code-only,
drivers/misc/mediatek,drivers/misc/mediatek/video/mt8183/videox/disp_assert_layer.h,dc10579f2858fae3bba857633708598ed2295162d69b6d3cf54429a57602c826,drivers/misc/mediatek/video/Kconfig,,0,not-observed,support-code,no,no,none-observed,none-observed,not-derived-from-source,support-code-only,
drivers/misc/mediatek,drivers/misc/mediatek/video/mt8183/videox/disp_drv_ddp.h,429bcd48759767d7ca6a6d148ca114ed22c619e768d32ec6e6720695c0c2aa05,drivers/misc/mediatek/video/Kconfig,,0,not-observed,support-code,no,no,none-observed,none-observed,not-derived-from-source,support-code-only,
drivers/misc/mediatek,drivers/misc/mediatek/video/mt8183/videox/disp_drv_log.h,c8c385ca141a0b196eaaef9ee50b90e74a31853c2848cf7be7e7c4fddf4b9fc9,drivers/misc/mediatek/video/Kconfig,,0,not-observed,support-code,no,no,none-observed,none-observed,not-derived-from-source,support-code-only,
drivers/misc/mediatek,drivers/misc/mediatek/video/mt8183/videox/disp_drv_platform.h,13b960a50f0765b451f7bf4cfef8286231f400be81de6445f1437f8e7b89cacb,drivers/misc/mediatek/video/Kconfig,,0,not-observed,support-code,no,no,none-observed,none-observed,not-derived-from-source,support-code-only,
drivers/misc/mediatek,drivers/misc/mediatek/video/mt8183/videox/disp_dts_gpio.c,27ff0d285f12e0f36ab18ec8fb0b570a4c79ea70aada0fdc3833176c17349d3a,drivers/misc/mediatek/video/Kconfig,,0,not-observed,support-code,no,no,none-observed,none-observed,not-derived-from-source,support-code-only,
drivers/misc/mediatek,drivers/misc/mediatek/video/mt8183/videox/disp_dts_gpio.h,3b564ef0e2e45a87c2e831c4b8040a9b3b12116bef1b3da9b286e330fa779e5c,drivers/misc/mediatek/video/Kconfig,,0,not-observed,support-code,no,no,none-observed,none-observed,not-derived-from-source,support-code-only,
drivers/misc/mediatek,drivers/misc/mediatek/video/mt8183/videox/disp_helper.c,ed10ace708b05de0fcc27592fab1f59804357ddac7ca371951e7c71f70bb1cde,drivers/misc/mediatek/video/Kconfig,,0,not-observed,support-code,no,no,none-observed,none-observed,not-derived-from-source,support-code-only,
drivers/misc/mediatek,drivers/misc/mediatek/video/mt8183/videox/disp_helper.h,7792b4f1a619b9c4a2f8a3af2fa4fbc32e744931664933be56bd2f4219417e27,drivers/misc/mediatek/video/Kconfig,,0,not-observed,support-code,no,no,none-observed,none-observed,not-derived-from-source,support-code-only,
drivers/misc/mediatek,drivers/misc/mediatek/video/mt8183/videox/disp_lcm.c,1b3c78810a44972d16b9214980ca60952185c26a87f719776f6fab342bab074b,drivers/misc/mediatek/video/Kconfig,ioctl_entry,0,not-observed,ioctl-or-user-copy,no,no,none-observed,none-observed,not-derived-from-source,source-surface-only,ioctl_entry:1429:<file-scope>
drivers/misc/mediatek,drivers/misc/mediatek/video/mt8183/videox/disp_lcm.h,c6de6c0bb8be1aa1bbd7ebe94b002f7ae7f32f9d36a9009aea5d0090a9b24883,drivers/misc/mediatek/video/Kconfig,ioctl_entry,0,not-observed,ioctl-or-user-copy,no,no,none-observed,none-observed,not-derived-from-source,source-surface-only,ioctl_entry:58:<file-scope>
drivers/misc/mediatek,drivers/misc/mediatek/video/mt8183/videox/disp_lowpower.c,99aa5b58b4e5bd74aa603afac425e892ef5687da48b8e8f447ee49fbd59c97e3,drivers/misc/mediatek/video/Kconfig,,0,not-observed,support-code,no,no,none-observed,none-observed,not-derived-from-source,support-code-only,
drivers/misc/mediatek,drivers/misc/mediatek/video/mt8183/videox/disp_lowpower.h,33ee2df1505afe220a925fe051bc158f563033d11d2f06e53ac98162673a3f80,drivers/misc/mediatek/video/Kconfig,,0,not-observed,support-code,no,no,none-observed,none-observed,not-derived-from-source,support-code-only,
drivers/misc/mediatek,drivers/misc/mediatek/video/mt8183/videox/disp_partial.c,526f1fb7567db98b5cd2a507e7a98a29029e3f1c9c566ea6fcd3957470d0abf5,drivers/misc/mediatek/video/Kconfig,,0,not-observed,support-code,no,no,none-observed,none-observed,not-derived-from-source,support-code-only,
drivers/misc/mediatek,drivers/misc/mediatek/video/mt8183/videox/disp_partial.h,95ffc8a1e6833abb25e59c85857694d1aa480f44b7e21c984ed260bafb61ff39,drivers/misc/mediatek/video/Kconfig,,0,not-observed,support-code,no,no,none-observed,none-observed,not-derived-from-source,support-code-only,
drivers/misc/mediatek,drivers/misc/mediatek/video/mt8183/videox/disp_recovery.c,82faf37aa0fa4ffce45ac68f84dc80cf64d7fc530c2895b629cabe57f0966434,drivers/misc/mediatek/video/Kconfig,,0,not-observed,support-code,no,no,none-observed,none-observed,not-derived-from-source,support-code-only,
drivers/misc/mediatek,drivers/misc/mediatek/video/mt8183/videox/disp_recovery.h,97ae39226769aa1ab4aa2d1a219b1279471ca80468d3b1daa6aef9b8707da5dc,drivers/misc/mediatek/video/Kconfig,,0,not-observed,support-code,no,no,none-observed,none-observed,not-derived-from-source,support-code-only,
drivers/misc/mediatek,drivers/misc/mediatek/video/mt8183/videox/disp_rect.c,0207212877366a59c0c80ed15fb07c201bd980a87fa570e497e02b8f53c182e9,drivers/misc/mediatek/video/Kconfig,,0,not-observed,support-code,no,no,none-observed,none-observed,not-derived-from-source,support-code-only,
drivers/misc/mediatek,drivers/misc/mediatek/video/mt8183/videox/disp_rect.h,8aef0db370c218c4c48866db6a6bb75adedddf48bf604add2363ced649d87c0d,drivers/misc/mediatek/video/Kconfig,,0,not-observed,support-code,no,no,none-observed,none-observed,not-derived-from-source,support-code-only,
drivers/misc/mediatek,drivers/misc/mediatek/video/mt8183/videox/disp_utils.c,25a54d411435de8773d238123a20c5467255cf14119bd77b50bd011a188060ad,drivers/misc/mediatek/video/Kconfig,,0,not-observed,support-code,no,no,none-observed,none-observed,not-derived-from-source,support-code-only,
drivers/misc/mediatek,drivers/misc/mediatek/video/mt8183/videox/disp_utils.h,b20d61e55c1d37fba72d64d5af18e8db94e70064ed48155489895d3b0217d08e,drivers/misc/mediatek/video/Kconfig,,0,not-observed,support-code,no,no,none-observed,none-observed,not-derived-from-source,support-code-only,
drivers/misc/mediatek,drivers/misc/mediatek/video/mt8183/videox/fbconfig_kdebug.c,4b00ac8e879a612d88a2d8ca812acff853bfb8b00074cb271521c88617cc9bd6,drivers/misc/mediatek/video/Kconfig,"ioctl_entry,proc_sysfs_debugfs_registration",10,not-observed,ioctl-or-user-copy,no,no,none-observed,none-observed,not-derived-from-source,source-surface-only,ioctl_entry:48:<file-scope>; ioctl_entry:49:<file-scope>; ioctl_entry:50:<file-scope>; ioctl_entry:51:<file-scope>; ioctl_entry:53:<file-scope>; ioctl_entry:54:<file-scope>; ioctl_entry:55:<file-scope>; ioctl_entry:56:<file-scope>; ioctl_entry:57:<file-scope>; ioctl_entry:58:<file-scope>; ioctl_entry:59:<file-scope>; ioctl_entry:62:<file-scope>
drivers/misc/mediatek,drivers/misc/mediatek/video/mt8183/videox/frame_queue.c,eb1e023a58df1e0000305fee08c3ccef006628d530371fcbc801f04cbbd673d8,drivers/misc/mediatek/video/Kconfig,,0,not-observed,support-code,no,no,none-observed,none-observed,not-derived-from-source,support-code-only,
drivers/misc/mediatek,drivers/misc/mediatek/video/mt8183/videox/frame_queue.h,bff84d84e4afe38a1f11388fa96b95ac29e239801260593507d823dd08682a0b,drivers/misc/mediatek/video/Kconfig,,0,not-observed,support-code,no,no,none-observed,none-observed,not-derived-from-source,support-code-only,
drivers/misc/mediatek,drivers/misc/mediatek/video/mt8183/videox/layering_rule.c,1b3660e3ed617d795b39d1e0af966b65d68194b933fdaf697c3d38981a8ec31b,drivers/misc/mediatek/video/Kconfig,,0,not-observed,support-code,no,no,none-observed,none-observed,not-derived-from-source,support-code-only,
drivers/misc/mediatek,drivers/misc/mediatek/video/mt8183/videox/layering_rule.h,100f4b73805ad3db9cec02f454504f930d14387db1eddaaea8750bca10c60981,drivers/misc/mediatek/video/Kconfig,,0,not-observed,support-code,no,no,none-observed,none-observed,not-derived-from-source,support-code-only,
drivers/misc/mediatek,drivers/misc/mediatek/video/mt8183/videox/mtk_disp_mgr.c,4c1ac63023878bb92df3f8281be6fabeb8b6d4db9dca6a14951163e8bbd01a2e,drivers/misc/mediatek/video/Kconfig,"ioctl_entry,device_registration",26,not-observed,ioctl-or-user-copy,no,no,none-observed,none-observed,not-derived-from-source,source-surface-only,user_copy:307:<file-scope>; user_copy:316:<file-scope>; user_copy:330:<file-scope>; user_copy:367:<file-scope>; user_copy:395:<file-scope>; user_copy:419:<file-scope>; user_copy:478:<file-scope>; user_copy:492:<file-scope>; user_copy:727:<file-scope>; user_copy:1016:<file-scope>; user_copy:1081:<file-scope>; user_copy:1088:<file-scope>
drivers/misc/mediatek,drivers/misc/mediatek/video/mt8183/videox/mtk_disp_mgr.h,db39f530305e3ececb1e7ba4f3a18f27955f6371cab003529a49e9c5acccc3f1,drivers/misc/mediatek/video/Kconfig,,0,not-observed,support-code,no,no,none-observed,none-observed,not-derived-from-source,support-code-only,
drivers/misc/mediatek,drivers/misc/mediatek/video/mt8183/videox/mtk_ovl.c,02ef03445f4693f6a4e92309919422c0ce3b77e6e94962756511ac6d14ce5d09,drivers/misc/mediatek/video/Kconfig,,0,not-observed,support-code,no,no,none-observed,none-observed,not-derived-from-source,support-code-only,
drivers/misc/mediatek,drivers/misc/mediatek/video/mt8183/videox/mtk_ovl.h,0f055a649ff40c5d27797e0c2f1111d6c2189a70d83435251699265c86ee3662,drivers/misc/mediatek/video/Kconfig,,0,not-observed,support-code,no,no,none-observed,none-observed,not-derived-from-source,support-code-only,
drivers/misc/mediatek,drivers/misc/mediatek/video/mt8183/videox/mtkfb.c,7d12af3e8f6d006e13fd2c5bf1fd923990ea488d2045e171f422928856542c44,drivers/misc/mediatek/video/Kconfig,"ioctl_entry,proc_sysfs_debugfs_registration,device_registration",25,not-observed,ioctl-or-user-copy,no,no,none-observed,none-observed,not-derived-from-source,source-surface-only,ioctl_entry:222:<file-scope>; user_copy:1224:<file-scope>; user_copy:1233:<file-scope>; user_copy:1254:<file-scope>; ioctl_entry:1268:<file-scope>; user_copy:1352:<file-scope>; user_copy:1383:<file-scope>; user_copy:1398:<file-scope>; user_copy:1417:<file-scope>; user_copy:1455:<file-scope>; user_copy:1471:<file-scope>; user_copy:1479:<file-scope>
drivers/misc/mediatek,drivers/misc/mediatek/video/mt8183/videox/mtkfb_console.c,aa676b80b997498f2a103c0d6bfd6ad4cdf0567d242c403a8119e997fb14f095,drivers/misc/mediatek/video/Kconfig,,0,not-observed,support-code,no,no,none-observed,none-observed,not-derived-from-source,support-code-only,
drivers/misc/mediatek,drivers/misc/mediatek/video/mt8183/videox/mtkfb_console.h,772d63a5fed202f7e7a561ebe55cca1119f3c3165a0a08834bbb8040a9aac6b1,drivers/misc/mediatek/video/Kconfig,,0,not-observed,support-code,no,no,none-observed,none-observed,not-derived-from-source,support-code-only,
drivers/misc/mediatek,drivers/misc/mediatek/video/mt8183/videox/mtkfb_fence.c,b13beb265db2a1d57311e2d8d295d7aef5624ffda02985cb4231d228cd53f7ef,drivers/misc/mediatek/video/Kconfig,,0,not-observed,secure-world-marker,yes,no,none-observed,none-observed,not-derived-from-source,support-code-only,secure_world:701:<file-scope>; secure_world:703:<file-scope>; secure_world:704:<file-scope>; secure_world:705:<file-scope>; secure_world:881:<file-scope>; secure_world:883:<file-scope>; secure_world:884:<file-scope>; secure_world:885:<file-scope>
drivers/misc/mediatek,drivers/misc/mediatek/video/mt8183/videox/mtkfb_fence.h,dc497c958e8f29ff52b726c738401e691f0825d7f3390b3cf7a9bdd7c23e44ab,drivers/misc/mediatek/video/Kconfig,,0,not-observed,secure-world-marker,yes,no,none-observed,none-observed,not-derived-from-source,support-code-only,secure_world:23:<file-scope>; secure_world:24:<file-scope>; secure_world:25:<file-scope>; secure_world:26:<file-scope>; secure_world:180:<file-scope>
drivers/misc/mediatek,drivers/misc/mediatek/video/mt8183/videox/mtkfb_vsync.c,60ca37c62aeac0b57a52303bf06910bef578582bdbcd071250fce76612b781d5,drivers/misc/mediatek/video/Kconfig,"ioctl_entry,device_registration",0,not-observed,ioctl-or-user-copy,no,no,none-observed,none-observed,not-derived-from-source,source-surface-only,ioctl_entry:152:<file-scope>; device_registration:167:<file-scope>; device_registration:178:<file-scope>; device_registration:185:<file-scope>; device_registration:187:<file-scope>; device_registration:253:<file-scope>
drivers/misc/mediatek,drivers/misc/mediatek/video/mt8183/videox/primary_display.c,014777845c249b225979018119ed13426a90dfcc91efbb6063a12cf9136bfff8,drivers/misc/mediatek/video/Kconfig,ioctl_entry,0,not-observed,secure-world-marker,yes,no,none-observed,none-observed,not-derived-from-source,source-surface-only,secure_world:2183:<file-scope>; secure_world:2185:<file-scope>; secure_world:2189:<file-scope>; secure_world:2191:<file-scope>; secure_world:2192:<file-scope>; secure_world:2193:<file-scope>; ioctl_entry:2264:<file-scope>; ioctl_entry:2496:<file-scope>; ioctl_entry:2714:<file-scope>; ioctl_entry:2806:<file-scope>; ioctl_entry:2941:<file-scope>; ioctl_entry:6948:<file-scope>
drivers/misc/mediatek,drivers/misc/mediatek/video/mt8183/videox/primary_display.h,ddc394ac6ec55013f5514c938ba78e58f787d03a2f949cd6415d3385587ee0a1,drivers/misc/mediatek/video/Kconfig,,0,not-observed,support-code,no,no,none-observed,none-observed,not-derived-from-source,support-code-only,
drivers/misc/mediatek,drivers/misc/mediatek/videocodec/videocodec_kernel.c,aca61881596163a44355bf64749f17142ba024831022eec19b5d79ae97b60aaa,drivers/misc/mediatek/videocodec/Kconfig,,0,not-observed,support-code,no,no,none-observed,none-observed,not-derived-from-source,support-code-only,
drivers/misc/mediatek,drivers/misc/mediatek/videocodec/videocodec_kernel.h,19e04b9498b8f40ead57437a68e7914c18bdaffe402df879c5a32f1d0f567d3f,drivers/misc/mediatek/videocodec/Kconfig,,0,not-observed,support-code,no,no,none-observed,none-observed,not-derived-from-source,support-code-only,
drivers/misc/mediatek,drivers/misc/mediatek/videocodec/include/hal_types_private.h,e2e5b60a65f276ce9021c5169c8792f6bd2fdd31ce0fa00b10270e02bbe05171,drivers/misc/mediatek/videocodec/Kconfig,,0,not-observed,support-code,no,no,none-observed,none-observed,not-derived-from-source,support-code-only,
drivers/misc/mediatek,drivers/misc/mediatek/videocodec/include/hal_types_public.h,f438f635225f70238f20ecbd8f8bf7f8b9ad6b60f1ede024c0fd121b16e517af,drivers/misc/mediatek/videocodec/Kconfig,,0,not-observed,support-code,no,no,none-observed,none-observed,not-derived-from-source,support-code-only,
drivers/misc/mediatek,drivers/misc/mediatek/videocodec/include/val_types_private.h,38231df6102afee8a2dc718a3208bb5b051a2480f48b2f8821afad443040519c,drivers/misc/mediatek/videocodec/Kconfig,,0,not-observed,support-code,no,no,none-observed,none-observed,not-derived-from-source,support-code-only,
drivers/misc/mediatek,drivers/misc/mediatek/videocodec/include/val_types_public.h,6dce49d2393e993fe0a2aa0ffc30f7d5b96a6609aa636320d5507ee2df131402,drivers/misc/mediatek/videocodec/Kconfig,,0,not-observed,support-code,no,no,none-observed,none-observed,not-derived-from-source,support-code-only,
drivers/misc/mediatek,drivers/misc/mediatek/videocodec/include/kernel/val_api_private.h,6d3d525bcc5e30972027d2e2e2a6dae820da52ce9ac16e6d9bada1991a9d4b10,drivers/misc/mediatek/videocodec/Kconfig,,0,not-observed,support-code,no,no,none-observed,none-observed,not-derived-from-source,support-code-only,
drivers/misc/mediatek,drivers/misc/mediatek/videocodec/include/kernel/val_api_public.h,dc407ab05575f9bc6395a1d6d55881fcec084639e938586f2049ae3b7531ae62,drivers/misc/mediatek/videocodec/Kconfig,,0,not-observed,support-code,no,no,none-observed,none-observed,not-derived-from-source,support-code-only,
drivers/misc/mediatek,drivers/misc/mediatek/videocodec/include/kernel/val_log.h,0e11b7beb676803a36322710108cc36b81b5d8665191114d8e417d3e6a5e9870,drivers/misc/mediatek/videocodec/Kconfig,,0,not-observed,support-code,no,no,none-observed,none-observed,not-derived-from-source,support-code-only,
drivers/misc/mediatek,drivers/misc/mediatek/videocodec/mt8183/videocodec_kernel_driver.c,f56a38d881ad8064037a97968d69f1d51aa4e825a14ba665e0a1c62843da2352,drivers/misc/mediatek/videocodec/Kconfig,"ioctl_entry,proc_sysfs_debugfs_registration,device_registration",17,not-observed,ioctl-or-user-copy,no,no,none-observed,none-observed,not-derived-from-source,source-surface-only,property_or_boot_state:268:<file-scope>; user_copy:1109:<file-scope>; user_copy:1537:<file-scope>; user_copy:1690:<file-scope>; user_copy:1771:<file-scope>; user_copy:1798:<file-scope>; user_copy:1956:<file-scope>; user_copy:1984:<file-scope>; user_copy:2013:<file-scope>; user_copy:2033:<file-scope>; user_copy:2069:<file-scope>; user_copy:2102:<file-scope>
drivers/misc/mediatek,drivers/misc/mediatek/videocodec/mt8183/videocodec_kernel_driver.h,2427909592c429c2ebd70527ccb10bfdd4d9b40cfd4ff35f7525dfc80d458520,drivers/misc/mediatek/videocodec/Kconfig,ioctl_entry,0,not-observed,ioctl-or-user-copy,no,no,none-observed,none-observed,not-derived-from-source,source-surface-only,ioctl_entry:23:<file-scope>; ioctl_entry:24:<file-scope>; ioctl_entry:25:<file-scope>; ioctl_entry:26:<file-scope>; ioctl_entry:27:<file-scope>; ioctl_entry:28:<file-scope>; ioctl_entry:29:<file-scope>; ioctl_entry:30:<file-scope>; ioctl_entry:31:<file-scope>; ioctl_entry:32:<file-scope>; ioctl_entry:33:<file-scope>; ioctl_entry:34:<file-scope>
drivers/misc/mediatek,drivers/misc/mediatek/videocodec/mt8183/common/drv/inc/drv_api.h,30ef09c5b1001eafc5fb1765bd40433c35d7c3c0da7d501046a23b716a8b50ca,drivers/misc/mediatek/videocodec/Kconfig,,0,not-observed,support-code,no,no,none-observed,none-observed,not-derived-from-source,support-code-only,
drivers/misc/mediatek,drivers/misc/mediatek/videocodec/mt8183/common/drv/inc/dvfs_v2.h,c31aa30f3c7f3bdcc3502a8919801e427adc05a797f507b7f613d3b56e80c10b,drivers/misc/mediatek/videocodec/Kconfig,,0,not-observed,support-code,no,no,none-observed,none-observed,not-derived-from-source,support-code-only,
drivers/misc/mediatek,drivers/misc/mediatek/videocodec/mt8183/common/drv/src/drv_base.c,40f418effcc15db8c057896e5183112bb25327f2badbad95de02c8fdafed3ddf,drivers/misc/mediatek/videocodec/Kconfig,,0,not-observed,support-code,no,no,none-observed,none-observed,not-derived-from-source,support-code-only,
drivers/misc/mediatek,drivers/misc/mediatek/videocodec/mt8183/common/drv/src/dvfs_v2.c,ae5cd07f53212f9c513a4a475a2b4d7434bb4c83536b27998fea0ca799da6933,drivers/misc/mediatek/videocodec/Kconfig,,0,not-observed,support-code,no,no,none-observed,none-observed,not-derived-from-source,support-code-only,
drivers/misc/mediatek,drivers/misc/mediatek/videocodec/mt8183/common/val/src/val.c,8fdb1df3b3f1013e62942da1551389628537433fe9d4cc330df72ca4052add5f,drivers/misc/mediatek/videocodec/Kconfig,,0,not-observed,support-code,no,no,none-observed,none-observed,not-derived-from-source,support-code-only,
drivers/misc/mediatek,drivers/misc/mediatek/vpu/2.0/vpu_algo.c,c87508a6766c61f5574f29bf7a68dd47e1fd968be5756ab51497229af725aa92,drivers/misc/mediatek/vpu/Kconfig,,0,not-observed,support-code,no,no,none-observed,none-observed,not-derived-from-source,support-code-only,
drivers/misc/mediatek,drivers/misc/mediatek/vpu/2.0/vpu_algo.h,0e4859d87b9a06eabe73c6db168fb81ea77397a767d4cb80b9fcbe7acb688734,drivers/misc/mediatek/vpu/Kconfig,,0,not-observed,support-code,no,no,none-observed,none-observed,not-derived-from-source,support-code-only,
drivers/misc/mediatek,drivers/misc/mediatek/vpu/2.0/vpu_cmn.h,2e1ca9885536ae2734986d9872f90dd4bc4f6a0ec84ed9e061c36db643d4b674,drivers/misc/mediatek/vpu/Kconfig,,0,not-observed,support-code,no,no,none-observed,none-observed,not-derived-from-source,support-code-only,
drivers/misc/mediatek,drivers/misc/mediatek/vpu/2.0/vpu_dbg.c,839439444f89d71d907adf2810c5cf3e06febf3bfa1dfcfb87fe89006507750c,drivers/misc/mediatek/vpu/Kconfig,proc_sysfs_debugfs_registration,2,not-observed,ioctl-or-user-copy,no,no,none-observed,none-observed,not-derived-from-source,source-surface-only,user_copy:662:<file-scope>; user_copy:732:<file-scope>; proc_sysfs_debugfs_registration:776:<file-scope>; proc_sysfs_debugfs_registration:783:<file-scope>
drivers/misc/mediatek,drivers/misc/mediatek/vpu/2.0/vpu_dbg.h,6b51013098b7337eccc605e6127a8bba91b1af50a0417211be559f86a3349dc8,drivers/misc/mediatek/vpu/Kconfig,,0,not-observed,support-code,no,no,none-observed,none-observed,not-derived-from-source,support-code-only,
drivers/misc/mediatek,drivers/misc/mediatek/vpu/2.0/vpu_drv.c,3b816958c3225a11e74911150342a1c6a49d23aebccbe8488295908566475052,drivers/misc/mediatek/vpu/Kconfig,"ioctl_entry,device_registration",15,not-observed,ioctl-or-user-copy,no,no,none-observed,none-observed,not-derived-from-source,source-surface-only,ioctl_entry:166:<file-scope>; ioctl_entry:168:<file-scope>; ioctl_entry:728:<file-scope>; user_copy:749:<file-scope>; user_copy:773:<file-scope>; user_copy:806:<file-scope>; user_copy:827:<file-scope>; user_copy:898:<file-scope>; user_copy:911:<file-scope>; user_copy:923:<file-scope>; user_copy:930:<file-scope>; user_copy:942:<file-scope>
drivers/misc/mediatek,drivers/misc/mediatek/vpu/2.0/vpu_drv.h,0b23bd0ed98c4d3717ecac270449e4f850c4f9e47f070c6f419bcfa96b0a7e1f,drivers/misc/mediatek/vpu/Kconfig,ioctl_entry,0,not-observed,ioctl-or-user-copy,no,no,none-observed,none-observed,not-derived-from-source,source-surface-only,ioctl_entry:83:<file-scope>; ioctl_entry:88:<file-scope>; ioctl_entry:101:<file-scope>; ioctl_entry:106:<file-scope>; ioctl_entry:110:<file-scope>; ioctl_entry:117:<file-scope>; ioctl_entry:355:<file-scope>; ioctl_entry:356:<file-scope>; ioctl_entry:357:<file-scope>; ioctl_entry:358:<file-scope>; ioctl_entry:359:<file-scope>; ioctl_entry:360:<file-scope>
drivers/misc/mediatek,drivers/misc/mediatek/vpu/mt8183/met_vpusys_events.h,2306fc4acd709535e8a82253809330e4d9a300ae51e2985e39b4192462b83f00,drivers/misc/mediatek/vpu/Kconfig,,0,not-observed,support-code,no,no,none-observed,none-observed,not-derived-from-source,support-code-only,
drivers/misc/mediatek,drivers/misc/mediatek/vpu/mt8183/vpu_dvfs.h,14281c01d7c0f4e75d6efa9b1ff731229383b21ef66d546f7498b0914267c433,drivers/misc/mediatek/vpu/Kconfig,,0,not-observed,support-code,no,no,none-observed,none-observed,not-derived-from-source,support-code-only,
drivers/misc/mediatek,drivers/misc/mediatek/vpu/mt8183/vpu_hw.c,783219b2028d0bd0553b68f30e76bf7668371e8d4c982173f068afb922937cb0,drivers/misc/mediatek/vpu/Kconfig,,0,not-observed,secure-world-marker,yes,no,none-observed,none-observed,not-derived-from-source,support-code-only,secure_world:3044:<file-scope>; secure_world:3067:<file-scope>
drivers/misc/mediatek,drivers/misc/mediatek/vpu/mt8183/vpu_hw.h,fc8f010ba86ba3fd2118df3b65b18e59b14f57eca2ae527f5be9fe68a94c73f1,drivers/misc/mediatek/vpu/Kconfig,,0,not-observed,support-code,no,no,none-observed,none-observed,not-derived-from-source,support-code-only,
drivers/misc/mediatek,drivers/misc/mediatek/vpu/mt8183/vpu_profile.c,740efcc617111178a9306541434e7edefc28e6335a998765eff9a1bcfb312b94,drivers/misc/mediatek/vpu/Kconfig,,0,not-observed,support-code,no,no,none-observed,none-observed,not-derived-from-source,support-code-only,
drivers/misc/mediatek,drivers/misc/mediatek/vpu/mt8183/vpu_profile.h,ba65c8a70871d0a7047eeeb8b2693427590b9ed9e2e6b02e159266ec30a36017,drivers/misc/mediatek/vpu/Kconfig,,0,not-observed,support-code,no,no,none-observed,none-observed,not-derived-from-source,support-code-only,
drivers/misc/mediatek,drivers/misc/mediatek/vpu/mt8183/vpu_reg.c,4c3bd68482c5ffad5e089773914f3479da1a2fc8d2c739930e37debe7445c64e,drivers/misc/mediatek/vpu/Kconfig,,0,not-observed,support-code,no,no,none-observed,none-observed,not-derived-from-source,support-code-only,
drivers/misc/mediatek,drivers/misc/mediatek/vpu/mt8183/vpu_reg.h,e4cd142ddde4d814719383bcd4dab59aed6cca640b88a502c6d242dd5a0c2c25,drivers/misc/mediatek/vpu/Kconfig,,0,not-observed,support-code,no,no,none-observed,none-observed,not-derived-from-source,support-code-only,
drivers/misc/mediatek,drivers/misc/mediatek/xhci/usb-iddig.c,609faf868cd90bd54591a9bf5081d50501c847dac66c83074f6dba0d4d7eacbf,drivers/misc/mediatek/xhci/Kconfig,"proc_sysfs_debugfs_registration,device_registration",0,not-observed,proc-sysfs-device-registration,no,no,none-observed,none-observed,not-derived-from-source,source-surface-only,proc_sysfs_debugfs_registration:414:<file-scope>; property_or_boot_state:416:<file-scope>; device_registration:515:<file-scope>
drivers/misc/mediatek,drivers/misc/mediatek/xhci/usb-typec.c,b39186a44155e799b3e52816658cd2f1f02e204c37c29bd2b2ede16ef04ff9b5,drivers/misc/mediatek/xhci/Kconfig,,0,not-observed,support-code,no,no,none-observed,none-observed,not-derived-from-source,support-code-only,
drivers/misc/mediatek,drivers/misc/mediatek/xhci/xhci-mtk-driver.c,937247fa3bff7aa8b2d8eaf406f8e63d0a735e6085767dc60f42d904f6a77a95,drivers/misc/mediatek/xhci/Kconfig,device_registration,0,not-observed,proc-sysfs-device-registration,no,no,none-observed,none-observed,not-derived-from-source,source-surface-only,device_registration:594:<file-scope>
drivers/misc/mediatek,drivers/misc/mediatek/xhci/xhci-mtk-driver.h,e9e88041a2737b341a9dcd5c7ab755a1b6507594168693ed26f6e29b3be4e031,drivers/misc/mediatek/xhci/Kconfig,,0,not-observed,support-code,no,no,none-observed,none-observed,not-derived-from-source,support-code-only,
drivers/staging/amazon,drivers/staging/amazon/amzn_ld.c,4ef656e1a4e54bce29c6f54d62478b5b68dd093abe2641b85ee15feb1f30d1bc,drivers/staging/amazon/Kconfig,"proc_sysfs_debugfs_registration,device_registration",0,not-observed,proc-sysfs-device-registration,no,no,none-observed,none-observed,not-derived-from-source,source-surface-only,proc_sysfs_debugfs_registration:778:<file-scope>; device_registration:778:<file-scope>; proc_sysfs_debugfs_registration:779:<file-scope>; device_registration:779:<file-scope>; proc_sysfs_debugfs_registration:780:<file-scope>; device_registration:780:<file-scope>; proc_sysfs_debugfs_registration:781:<file-scope>; device_registration:781:<file-scope>; proc_sysfs_debugfs_registration:782:<file-scope>; device_registration:782:<file-scope>; proc_sysfs_debugfs_registration:783:<file-scope>; device_registration:783:<file-scope>
drivers/staging/amazon,drivers/staging/amazon/amzn_ld_switch_init.c,643eb7e2c0e539815a373b400561d9c56763cae1a3d32f224abf5f925e96cfd0,drivers/staging/amazon/Kconfig,,0,not-observed,support-code,no,no,none-observed,none-observed,not-derived-from-source,support-code-only,
drivers/staging/amazon,drivers/staging/amazon/dspframework/include/cli.h,ff1858f20c194c31eb669c13319d9b796bab25444dd48b863473f5a65c080945,drivers/staging/amazon/dspframework/Kconfig,,0,not-observed,support-code,no,no,none-observed,none-observed,not-derived-from-source,support-code-only,
drivers/staging/amazon,drivers/staging/amazon/dspframework/include/fwheader.h,fd4d2ad6eb6dc1247b99f406089745c4c4bbe2eda0a8391868090e99a88a2ecd,drivers/staging/amazon/dspframework/Kconfig,,0,not-observed,support-code,no,no,none-observed,none-observed,not-derived-from-source,support-code-only,
drivers/staging/amazon,drivers/staging/amazon/dspframework/include/load.h,8a307f9edc8f7eab85c6b3dce97b26bdb489f863d2fe0c196e021c5d3167674a,drivers/staging/amazon/dspframework/Kconfig,,0,not-observed,support-code,no,no,none-observed,none-observed,not-derived-from-source,support-code-only,
drivers/staging/amazon,drivers/staging/amazon/dspframework/include/log.h,f8704470eb3860c2eb91a8eae9c5b9ea323e069f22f28785ea57af28a8c3ab54,drivers/staging/amazon/dspframework/Kconfig,,0,not-observed,support-code,no,no,none-observed,none-observed,not-derived-from-source,support-code-only,
drivers/staging/amazon,drivers/staging/amazon/dspframework/include/ringbuf.h,6a32d7a53a9ec54ff1f26287f3854afa5767da0877ca25bd9ed5d78f10bf7120,drivers/staging/amazon/dspframework/Kconfig,,0,not-observed,support-code,no,no,none-observed,none-observed,not-derived-from-source,support-code-only,
drivers/staging/amazon,drivers/staging/amazon/dspframework/include/state.h,4cb364f30d5fcbca9f6647af0d41137f2bb41b8963152ec19f23fa22b925267a,drivers/staging/amazon/dspframework/Kconfig,,0,not-observed,support-code,no,no,none-observed,none-observed,not-derived-from-source,support-code-only,
drivers/staging/amazon,drivers/staging/amazon/dspframework/include/adf/adf_common.h,c39bc1cb330f084ab2edbc06c5f284ebe6d2375f08a573c0068dcf7d1f9fa198,drivers/staging/amazon/dspframework/Kconfig,,0,not-observed,support-code,no,no,none-observed,none-observed,not-derived-from-source,support-code-only,
drivers/staging/amazon,drivers/staging/amazon/dspframework/include/adf/adf_status.h,96ca685c04ced12d1290065eb63ee8c3d9d8b586c565cc67c138aa2d7bec9bb2,drivers/staging/amazon/dspframework/Kconfig,,0,not-observed,support-code,no,no,none-observed,none-observed,not-derived-from-source,support-code-only,
drivers/staging/amazon,drivers/staging/amazon/dspframework/src/adf_debug.c,5831c6e7920f76e8bea94179cf4b0812ceee8b37a59e0a6b420928d2a24331ca,drivers/staging/amazon/dspframework/Kconfig,proc_sysfs_debugfs_registration,2,not-observed,ioctl-or-user-copy,no,no,none-observed,none-observed,not-derived-from-source,source-surface-only,user_copy:82:<file-scope>; user_copy:179:<file-scope>; proc_sysfs_debugfs_registration:245:<file-scope>; proc_sysfs_debugfs_registration:252:<file-scope>; proc_sysfs_debugfs_registration:261:<file-scope>
drivers/staging/amazon,drivers/staging/amazon/dspframework/src/cli.c,662840a522c31774c8d18384b9e14b1ce488c3964323b367dfb4c2445476b445,drivers/staging/amazon/dspframework/Kconfig,,0,not-observed,support-code,no,no,none-observed,none-observed,not-derived-from-source,support-code-only,
drivers/staging/amazon,drivers/staging/amazon/dspframework/src/load.c,a28278298a9816b9981754d7e78f76a870569f1d7e7c488029754010b1d946de,drivers/staging/amazon/dspframework/Kconfig,,0,not-observed,support-code,no,no,none-observed,none-observed,not-derived-from-source,support-code-only,
drivers/staging/amazon,drivers/staging/amazon/dspframework/src/log.c,3813803787e497872459c762c1558b1ced41a1ed85b1aefeca64d06fda1c615c,drivers/staging/amazon/dspframework/Kconfig,,0,not-observed,support-code,no,no,none-observed,none-observed,not-derived-from-source,support-code-only,
drivers/staging/amazon,drivers/staging/amazon/dspframework/src/ringbuf.c,c69403edc5715478f10e4186039810155132f4f77735f670799fad8bee796c29,drivers/staging/amazon/dspframework/Kconfig,,0,not-observed,support-code,no,no,none-observed,none-observed,not-derived-from-source,support-code-only,
drivers/staging/amazon,drivers/staging/amazon/dspframework/src/state.c,34e8c8a08d945ffc2d12b9bcc7d3c00216c0eb42b92a8bb8b2a0daff7d6867a2,drivers/staging/amazon/dspframework/Kconfig,,0,not-observed,support-code,no,no,none-observed,none-observed,not-derived-from-source,support-code-only,
drivers/staging/android/ion,drivers/staging/android/ion/compat_ion.c,c37b5dafeba2fd0be9791c30160ac8754bebb99632094b194fb5929de187e344,drivers/staging/android/ion/Kconfig,ioctl_entry,0,not-observed,ioctl-or-user-copy,no,no,none-observed,none-observed,not-derived-from-source,source-surface-only,ioctl_entry:157:<file-scope>; ioctl_entry:159:<file-scope>; ioctl_entry:161:<file-scope>; ioctl_entry:679:<file-scope>; ioctl_entry:680:<file-scope>; ioctl_entry:703:<file-scope>; ioctl_entry:706:<file-scope>; ioctl_entry:733:<file-scope>; ioctl_entry:736:<file-scope>; ioctl_entry:758:<file-scope>; ioctl_entry:761:<file-scope>; ioctl_entry:772:<file-scope>
drivers/staging/android/ion,drivers/staging/android/ion/compat_ion.h,121d93dc24d8217cc0d2dad66d6e91e4e7b02abc836b8e0b9a9da85d9520d078,drivers/staging/android/ion/Kconfig,,0,not-observed,support-code,no,no,none-observed,none-observed,not-derived-from-source,support-code-only,
drivers/staging/android/ion,drivers/staging/android/ion/ion.c,abac518864faed94439d75d204e8c16ea75cf3a74c93ee50e128e0f6928a6d63,drivers/staging/android/ion/Kconfig,"ioctl_entry,proc_sysfs_debugfs_registration,device_registration",2,not-observed,ioctl-or-user-copy,no,no,none-observed,none-observed,not-derived-from-source,source-surface-only,proc_sysfs_debugfs_registration:989:<file-scope>; ioctl_entry:1465:<file-scope>; user_copy:1502:<file-scope>; ioctl_entry:1590:<file-scope>; user_copy:1602:<file-scope>; ioctl_entry:1657:<file-scope>; ioctl_entry:1658:<file-scope>; proc_sysfs_debugfs_registration:1861:<file-scope>; proc_sysfs_debugfs_registration:1878:<file-scope>; proc_sysfs_debugfs_registration:1892:<file-scope>; device_registration:1924:<file-scope>; proc_sysfs_debugfs_registration:1931:<file-scope>
drivers/staging/android/ion,drivers/staging/android/ion/ion.h,d4fb2f4e9abda0402655f399a0d3243ec1efa0e9e4cd890dbb7a6dfe27f975ad,drivers/staging/android/ion/Kconfig,,0,not-observed,support-code,no,no,none-observed,none-observed,not-derived-from-source,support-code-only,
drivers/staging/android/ion,drivers/staging/android/ion/ion_carveout_heap.c,04e2abd7ffc568a37248b252057d3ff4bedfe52c46977701ae3a8d14d44ea46d,drivers/staging/android/ion/Kconfig,,0,not-observed,support-code,no,no,none-observed,none-observed,not-derived-from-source,support-code-only,
drivers/staging/android/ion,drivers/staging/android/ion/ion_chunk_heap.c,1db1d55ea5c8ae494999f29cd41454030526d566e80fe058ec49a76deb7c400b,drivers/staging/android/ion/Kconfig,,0,not-observed,support-code,no,no,none-observed,none-observed,not-derived-from-source,support-code-only,
drivers/staging/android/ion,drivers/staging/android/ion/ion_cma_heap.c,f4eac4413cca70cd9b540b8895f3d7c2515fdf9fdd9e6229e35ddf512cc62406,drivers/staging/android/ion/Kconfig,,0,not-observed,support-code,no,no,none-observed,none-observed,not-derived-from-source,support-code-only,
drivers/staging/android/ion,drivers/staging/android/ion/ion_heap.c,0f1e2157d99b833ca558bad145d4530de224c66b00b22608aee9a05cc5091387,drivers/staging/android/ion/Kconfig,,0,not-observed,support-code,no,no,none-observed,none-observed,not-derived-from-source,support-code-only,
drivers/staging/android/ion,drivers/staging/android/ion/ion_page_pool.c,2ab98f8adeda6303e5a8860e4a108c037f7461277e92522b4db49297edb6af1a,drivers/staging/android/ion/Kconfig,,0,not-observed,support-code,no,no,none-observed,none-observed,not-derived-from-source,support-code-only,
drivers/staging/android/ion,drivers/staging/android/ion/ion_priv.h,20ca7178e6158b7165d2002581994d56e1734b1051253a428cfc182cd72b7d29,drivers/staging/android/ion/Kconfig,ioctl_entry,0,not-observed,ioctl-or-user-copy,no,no,none-observed,none-observed,not-derived-from-source,source-surface-only,ioctl_entry:293:<file-scope>
drivers/staging/android/ion,drivers/staging/android/ion/ion_profile.c,3fee5457e35bd4c317a4a628f3a232755c0d5884a4ce5b82f0af281339b21803,drivers/staging/android/ion/Kconfig,,0,not-observed,support-code,no,no,none-observed,none-observed,not-derived-from-source,support-code-only,
drivers/staging/android/ion,drivers/staging/android/ion/ion_profile.h,a6912b0b7f79ff5ed7310dcd301137586256841e0e0e3dbff802d46154fcf19c,drivers/staging/android/ion/Kconfig,,0,not-observed,support-code,no,no,none-observed,none-observed,not-derived-from-source,support-code-only,
drivers/staging/android/ion,drivers/staging/android/ion/ion_system_heap.c,5251c715529631455db0d0214d27102d1ed45aeaf1e8cf3720165151b9f8fb1c,drivers/staging/android/ion/Kconfig,,0,not-observed,support-code,no,no,none-observed,none-observed,not-derived-from-source,support-code-only,
drivers/staging/android/ion,drivers/staging/android/ion/mtk/ion_comm.c,733d2de3470ae2f219e70f15be84bc2e95e82a7b50846c2c747165b2225798aa,drivers/staging/android/ion/mtk/Kconfig,,0,not-observed,support-code,no,no,none-observed,none-observed,not-derived-from-source,support-code-only,
drivers/staging/android/ion,drivers/staging/android/ion/mtk/ion_drv.c,eb7fbf99acbc492d99d60c98fc62a67fe7350160c6e91dc033781d5bcd986411,drivers/staging/android/ion/mtk/Kconfig,"proc_sysfs_debugfs_registration,device_registration",2,not-observed,ioctl-or-user-copy,no,no,none-observed,none-observed,not-derived-from-source,source-surface-only,user_copy:428:<file-scope>; user_copy:492:<file-scope>; proc_sysfs_debugfs_registration:732:<file-scope>; proc_sysfs_debugfs_registration:734:<file-scope>; proc_sysfs_debugfs_registration:736:<file-scope>; device_registration:856:<file-scope>
drivers/staging/android/ion,drivers/staging/android/ion/mtk/ion_drv.h,0ab21bcc6340dc7a8e30fe1366baca023b6e66fca87a3a9fd69989642d0b0339,drivers/staging/android/ion/mtk/Kconfig,,0,not-observed,support-code,no,no,none-observed,none-observed,not-derived-from-source,support-code-only,
drivers/staging/android/ion,drivers/staging/android/ion/mtk/ion_drv_priv.h,73655e45eefd3f93e762d926335469336d8ab340b13fd973b598488ed8af686c,drivers/staging/android/ion/mtk/Kconfig,,0,not-observed,support-code,no,no,none-observed,none-observed,not-derived-from-source,support-code-only,
drivers/staging/android/ion,drivers/staging/android/ion/mtk/ion_heap_debug.c,7756430378fb4ccd461601b3a10f618c0b2d2f840eb36cf5baa2a82e47354422,drivers/staging/android/ion/mtk/Kconfig,,0,not-observed,support-code,no,no,none-observed,none-observed,not-derived-from-source,support-code-only,
drivers/staging/android/ion,drivers/staging/android/ion/mtk/ion_heap_debug.h,d2d99bcdd37914c91349fc231619f3149a8bcbe596c23984cbbae965ca7b852f,drivers/staging/android/ion/mtk/Kconfig,,0,not-observed,support-code,no,no,none-observed,none-observed,not-derived-from-source,support-code-only,
drivers/staging/android/ion,drivers/staging/android/ion/mtk/ion_history.c,73b6fe1cdbdbc3b1e9bab0853232c18772ac4fc565061df59196881df037a5f9,drivers/staging/android/ion/mtk/Kconfig,proc_sysfs_debugfs_registration,0,not-observed,proc-sysfs-device-registration,no,no,none-observed,none-observed,not-derived-from-source,source-surface-only,proc_sysfs_debugfs_registration:296:<file-scope>; proc_sysfs_debugfs_registration:670:<file-scope>
drivers/staging/android/ion,drivers/staging/android/ion/mtk/ion_mm_heap.c,4b1e6b5dbeaaf0802f5d1a6e2c819a3dec5ded61eafac473a397b5e7b9f2f3a9,drivers/staging/android/ion/mtk/Kconfig,,2,not-observed,ioctl-or-user-copy,no,no,none-observed,none-observed,not-derived-from-source,source-surface-only,user_copy:941:<file-scope>; user_copy:1124:<file-scope>
drivers/staging/android/ion,drivers/staging/android/ion/mtk/ion_sec_heap.c,8677ce92352629ea97cca11b66f66aac2c24b83228fb84ac72d116592e7fd08a,drivers/staging/android/ion/mtk/Kconfig,,0,not-observed,secure-world-marker,yes,no,none-observed,none-observed,not-derived-from-source,support-code-only,secure_world:42:<file-scope>; secure_world:43:<file-scope>; secure_world:44:<file-scope>; secure_world:45:<file-scope>; secure_world:69:<file-scope>; secure_world:70:<file-scope>; secure_world:72:<file-scope>; secure_world:73:<file-scope>; secure_world:75:<file-scope>; secure_world:76:<file-scope>; secure_world:77:<file-scope>; secure_world:78:<file-scope>
drivers/staging/android/ion,drivers/staging/android/ion/mtk/mtk_ion.h,123dd3c0f48af030bee2f00dea574a6c03577bafab0be5258a8fb2662e79def5,drivers/staging/android/ion/mtk/Kconfig,,0,not-observed,support-code,no,no,none-observed,none-observed,not-derived-from-source,support-code-only,
drivers/input,drivers/input/evdev.c,7664e11a712c24b906da6cbf3504c96e00a6b3ca7d64e5b286a345141ada2d28,drivers/input/Kconfig,"ioctl_entry,device_registration",20,not-observed,ioctl-or-user-copy,no,no,none-observed,none-observed,not-derived-from-source,source-surface-only,user_copy:674:<file-scope>; user_copy:684:<file-scope>; user_copy:705:<file-scope>; user_copy:721:<file-scope>; user_copy:740:<file-scope>; user_copy:757:<file-scope>; user_copy:772:<file-scope>; user_copy:787:<file-scope>; user_copy:803:<file-scope>; user_copy:840:<file-scope>; user_copy:858:<file-scope>; user_copy:865:<file-scope>
drivers/input,drivers/input/ff-core.c,08195160f7f7a61f445ac4372bb226c993215f42ec5b55b07df331b13e07362e,drivers/input/Kconfig,,0,not-observed,support-code,no,no,none-observed,none-observed,not-derived-from-source,support-code-only,
drivers/input,drivers/input/ff-memless.c,1dd0013d84abac97ec06fdfb308857242cbafcf74ebbdfa3e0d192e17942f3be,drivers/input/Kconfig,,0,not-observed,support-code,no,no,none-observed,none-observed,not-derived-from-source,support-code-only,
drivers/input,drivers/input/input-compat.c,32b82037a99039234c803ca8aefb78d2eb141d469b2be5e02bbcc1d0cfd2c8bc,drivers/input/Kconfig,,9,not-observed,ioctl-or-user-copy,no,no,none-observed,none-observed,not-derived-from-source,source-surface-only,user_copy:23:<file-scope>; user_copy:34:<file-scope>; user_copy:53:<file-scope>; user_copy:58:<file-scope>; user_copy:81:<file-scope>; user_copy:93:<file-scope>; user_copy:105:<file-scope>; user_copy:114:<file-scope>; user_copy:126:<file-scope>
drivers/input,drivers/input/input-compat.h,1ff88c217a66299bf8e019c9a9dd329fb6106d525cc4cc24efb1c1615b1251f5,drivers/input/Kconfig,,0,not-observed,support-code,no,no,none-observed,none-observed,not-derived-from-source,support-code-only,
drivers/input,drivers/input/input-leds.c,f4315ed16d3c96c543013c9b5d49894c4ecdce83574a851fb2125d55c91cfa61,drivers/input/Kconfig,,0,not-observed,support-code,no,no,none-observed,none-observed,not-derived-from-source,support-code-only,
drivers/input,drivers/input/input-mt.c,bf7016a907469f82a47f8dd56225b027b7f84ee9cb65f278468c0e8acbe0a838,drivers/input/Kconfig,,0,not-observed,support-code,no,no,none-observed,none-observed,not-derived-from-source,support-code-only,
drivers/input,drivers/input/input.c,9f03316fe9469aa460138341b570dd0de686ab04bcb6c8b3ca09747c79e6783c,drivers/input/Kconfig,"proc_sysfs_debugfs_registration,device_registration",0,observed,uevent-or-netlink-marker,no,yes,none-observed,none-observed,not-derived-from-source,source-surface-only,property_or_boot_state:1152:<file-scope>; proc_sysfs_debugfs_registration:1274:<file-scope>; proc_sysfs_debugfs_registration:1278:<file-scope>; proc_sysfs_debugfs_registration:1283:<file-scope>; uevent_or_netlink:1531:<file-scope>; uevent_or_netlink:1762:<file-scope>; local_gate:1907:<file-scope>; local_gate:1908:<file-scope>; device_registration:2437:<file-scope>
drivers/input,drivers/input/keycombo.c,9250d8fc31de0b868163dc1fc6c14c2a2e835fb26df1047e353327abc7dd2531,drivers/input/Kconfig,device_registration,0,not-observed,proc-sysfs-device-registration,no,no,none-observed,none-observed,not-derived-from-source,source-surface-only,device_registration:252:<file-scope>
drivers/input,drivers/input/joystick/xpad.c,f4b78d39e4f7387433bb2e26f45e954de2b533dcec28cf65e384e6c330a440d3,drivers/input/joystick/Kconfig,,0,not-observed,support-code,no,no,none-observed,none-observed,not-derived-from-source,support-code-only,
drivers/input,drivers/input/keyboard/mediatek/kpd.c,cb365638a33c195b4ee1abb76be028110d16dcd5f6852182900512e7040a6878,drivers/input/keyboard/mediatek/Kconfig,"ioctl_entry,proc_sysfs_debugfs_registration,device_registration",0,not-observed,ioctl-or-user-copy,no,no,none-observed,none-observed,not-derived-from-source,source-surface-only,ioctl_entry:805:<file-scope>; device_registration:957:<file-scope>; device_registration:1100:<file-scope>; proc_sysfs_debugfs_registration:1121:<file-scope>; proc_sysfs_debugfs_registration:1126:<file-scope>
drivers/input,drivers/input/keyboard/mediatek/kpd.h,ab1da5a0d4f225f11eade36a171601d320e06f281180b5b104235cb76dee1846,drivers/input/keyboard/mediatek/Kconfig,ioctl_entry,0,not-observed,ioctl-or-user-copy,no,no,none-observed,none-observed,not-derived-from-source,source-surface-only,ioctl_entry:22:<file-scope>; ioctl_entry:73:<file-scope>; ioctl_entry:74:<file-scope>; ioctl_entry:75:<file-scope>; ioctl_entry:76:<file-scope>; ioctl_entry:77:<file-scope>; ioctl_entry:78:<file-scope>; ioctl_entry:79:<file-scope>; ioctl_entry:80:<file-scope>; ioctl_entry:81:<file-scope>; ioctl_entry:82:<file-scope>; ioctl_entry:83:<file-scope>
drivers/input,drivers/input/keyboard/mediatek/mt8183/hal_kpd.c,314c3af7f6f92c0a6d4b7c4feab27c530502b7974ee6afc8a20cb41bbbeb4686,drivers/input/keyboard/mediatek/Kconfig,,0,not-observed,support-code,no,no,none-observed,none-observed,not-derived-from-source,support-code-only,property_or_boot_state:179:<file-scope>; property_or_boot_state:190:<file-scope>
drivers/input,drivers/input/keyboard/mediatek/mt8183/hal_kpd.h,a93942cbe019e28be0f8d0859a19aeac68427e1dc72985f641677e3e3a7878f8,drivers/input/keyboard/mediatek/Kconfig,,0,not-observed,support-code,no,no,none-observed,none-observed,not-derived-from-source,support-code-only,
drivers/input,drivers/input/misc/uinput.c,98b41492311d9b9fb9ccbfe269a2fddc0fb436f3048b7887e1f6e5482d36211a,drivers/input/misc/Kconfig,"ioctl_entry,device_registration",10,not-observed,ioctl-or-user-copy,no,no,none-observed,none-observed,not-derived-from-source,source-surface-only,ioctl_entry:24:<file-scope>; ioctl_entry:206:<file-scope>; user_copy:605:<file-scope>; user_copy:609:<file-scope>; user_copy:623:<file-scope>; user_copy:635:<file-scope>; user_copy:648:<file-scope>; user_copy:657:<file-scope>; user_copy:692:<file-scope>; user_copy:817:<file-scope>; user_copy:830:<file-scope>; user_copy:854:<file-scope>
drivers/input,drivers/input/misc/hall/hallsensor.c,34114f44db57a73a3bb7ad62dfd54ad5fb67763c0dbb5308265476f183e07365,drivers/input/misc/Kconfig,proc_sysfs_debugfs_registration,0,observed,proc-sysfs-device-registration,no,no,none-observed,none-observed,not-derived-from-source,source-surface-only,local_gate:2:<file-scope>; proc_sysfs_debugfs_registration:92:<file-scope>
drivers/input,drivers/input/serio/i8042-x86ia64io.h,ad19e48a8efe4bafa5309b0735940493027131b30989598c2fae48661cf09c49,drivers/input/serio/Kconfig,,0,not-observed,support-code,no,no,none-observed,none-observed,not-derived-from-source,support-code-only,
drivers/input,drivers/input/touchscreen/of_touchscreen.c,974ed92ea0286d97d112138a0cc308757ea13686d07b112a1622a916b29979d7,drivers/input/touchscreen/Kconfig,,0,not-observed,support-code,no,no,none-observed,none-observed,not-derived-from-source,support-code-only,
drivers/input,drivers/input/touchscreen/mediatek/met_ftrace_touch.h,1c14ee61f6f9b5f26960cd0e7f94514d277c0e12384fdd5ae586e1727c487302,drivers/input/touchscreen/mediatek/Kconfig,,0,not-observed,support-code,no,no,none-observed,none-observed,not-derived-from-source,support-code-only,
drivers/input,drivers/input/touchscreen/mediatek/mtk_tpd.c,3c446a78476584f2cabdb1592ce32b4cedc009524a3b566235a5464f24af8f4c,drivers/input/touchscreen/mediatek/Kconfig,"ioctl_entry,proc_sysfs_debugfs_registration,device_registration",5,not-observed,ioctl-or-user-copy,no,no,none-observed,none-observed,not-derived-from-source,source-surface-only,ioctl_entry:40:<file-scope>; ioctl_entry:41:<file-scope>; ioctl_entry:42:<file-scope>; ioctl_entry:44:<file-scope>; ioctl_entry:241:<file-scope>; ioctl_entry:249:<file-scope>; ioctl_entry:252:<file-scope>; user_copy:272:<file-scope>; user_copy:274:<file-scope>; user_copy:289:<file-scope>; user_copy:304:<file-scope>; user_copy:319:<file-scope>
drivers/input,drivers/input/touchscreen/mediatek/tpd.h,e5cb17780548a2f31e7ca0c351c8d22902e1c925af5ac34e8644a295d3ba8e58,drivers/input/touchscreen/mediatek/Kconfig,,0,not-observed,support-code,no,no,none-observed,none-observed,not-derived-from-source,support-code-only,
drivers/input,drivers/input/touchscreen/mediatek/tpd_button.c,d64af9e26041ca81ae75cb20c37072262fc3262783f0e346eca54c2c445a6c6d,drivers/input/touchscreen/mediatek/Kconfig,proc_sysfs_debugfs_registration,0,not-observed,proc-sysfs-device-registration,no,no,none-observed,none-observed,not-derived-from-source,source-surface-only,proc_sysfs_debugfs_registration:83:<file-scope>
drivers/input,drivers/input/touchscreen/mediatek/tpd_calibrate.c,2d115005e2a1a4047a147c7e4e132416e88f737b81f58f9686d2d62f98eb4670,drivers/input/touchscreen/mediatek/Kconfig,,0,not-observed,support-code,no,no,none-observed,none-observed,not-derived-from-source,support-code-only,
drivers/input,drivers/input/touchscreen/mediatek/tpd_debug.c,c093aa3689c83057ddf196452a501f0e80b27e6167c61cce489934612989d80d,drivers/input/touchscreen/mediatek/Kconfig,device_registration,1,not-observed,ioctl-or-user-copy,no,no,none-observed,none-observed,not-derived-from-source,source-surface-only,user_copy:330:<file-scope>; device_registration:529:<file-scope>
drivers/input,drivers/input/touchscreen/mediatek/tpd_debug.h,77e400a028b561383b360042bae6ed2d8756459fb34e1aeedfd72ebb6cc18ec2,drivers/input/touchscreen/mediatek/Kconfig,,0,not-observed,support-code,no,no,none-observed,none-observed,not-derived-from-source,support-code-only,
drivers/input,drivers/input/touchscreen/mediatek/tpd_default.c,4870ea312f8aca419b40bea1b9a8415d0603ad3fee79ee8e483caac84a0a5602,drivers/input/touchscreen/mediatek/Kconfig,,0,not-observed,support-code,no,no,none-observed,none-observed,not-derived-from-source,support-code-only,
drivers/input,drivers/input/touchscreen/mediatek/tpd_default.h,8457ebfa305af2df3d94c5e474ba3d0a48dfdb13415af6b1b50feb8ef4317a62,drivers/input/touchscreen/mediatek/Kconfig,,0,not-observed,support-code,no,no,none-observed,none-observed,not-derived-from-source,support-code-only,
drivers/input,drivers/input/touchscreen/mediatek/tpd_init.c,aece8b4e6af609d26d0d8f287189f23e7ef47007bf6e61a81880e8d4db970972,drivers/input/touchscreen/mediatek/Kconfig,,0,not-observed,support-code,no,no,none-observed,none-observed,not-derived-from-source,support-code-only,
drivers/input,drivers/input/touchscreen/mediatek/tpd_misc.c,c8ee01202a3ec945a5c7fc8b15ee43e8c4575b933ff484abed96f963772bebaf,drivers/input/touchscreen/mediatek/Kconfig,,0,not-observed,support-code,no,no,none-observed,none-observed,not-derived-from-source,support-code-only,
drivers/input,drivers/input/touchscreen/mediatek/tpd_setting.c,019a2fde1cb0191af95533d6e19858c53018d271d5221ebf6ea30380b4112c1b,drivers/input/touchscreen/mediatek/Kconfig,,0,not-observed,support-code,no,no,none-observed,none-observed,not-derived-from-source,support-code-only,
drivers/input,drivers/input/touchscreen/mediatek/NT36523/nt36xxx.c,1371a85ed3b6011fe186d9dbb02992a529c533bf9a30f28885f0c4760b3f4e90,drivers/input/touchscreen/mediatek/NT36523/Kconfig,proc_sysfs_debugfs_registration,2,not-observed,ioctl-or-user-copy,no,no,none-observed,none-observed,not-derived-from-source,source-surface-only,user_copy:536:<file-scope>; user_copy:586:<file-scope>; property_or_boot_state:702:<file-scope>; proc_sysfs_debugfs_registration:705:<file-scope>; property_or_boot_state:709:<file-scope>; proc_sysfs_debugfs_registration:712:<file-scope>; property_or_boot_state:714:<file-scope>; proc_sysfs_debugfs_registration:719:<file-scope>; proc_sysfs_debugfs_registration:721:<file-scope>; proc_sysfs_debugfs_registration:724:<file-scope>; proc_sysfs_debugfs_registration:803:<file-scope>; property_or_boot_state:1812:<file-scope>
drivers/input,drivers/input/touchscreen/mediatek/NT36523/nt36xxx.h,b650d866fe0c37c66bc5646e0ba5b3473da821618030bfa25e3d0c8730a6f89d,drivers/input/touchscreen/mediatek/NT36523/Kconfig,,0,not-observed,support-code,no,no,none-observed,none-observed,not-derived-from-source,support-code-only,
drivers/input,drivers/input/touchscreen/mediatek/NT36523/nt36xxx_ext_proc.c,82e7d48e1d5145edc0b93cf11c906b271b3c68f38d06633dff9d5a2789e65cfb,drivers/input/touchscreen/mediatek/NT36523/Kconfig,proc_sysfs_debugfs_registration,0,not-observed,proc-sysfs-device-registration,no,no,none-observed,none-observed,not-derived-from-source,source-surface-only,proc_sysfs_debugfs_registration:888:<file-scope>; proc_sysfs_debugfs_registration:896:<file-scope>; proc_sysfs_debugfs_registration:904:<file-scope>; proc_sysfs_debugfs_registration:912:<file-scope>; proc_sysfs_debugfs_registration:920:<file-scope>; proc_sysfs_debugfs_registration:929:<file-scope>
drivers/input,drivers/input/touchscreen/mediatek/NT36523/nt36xxx_fw_update.c,09f6f9dcdd1a175659355a5300656b3bada7015da4a442489c144e467d091382,drivers/input/touchscreen/mediatek/NT36523/Kconfig,,0,not-observed,support-code,no,no,none-observed,none-observed,not-derived-from-source,support-code-only,
drivers/input,drivers/input/touchscreen/mediatek/NT36523/nt36xxx_mem_map.h,1f813c771f9f214eb22f919f604b9c85ca29384c2766cd01113a90240ac79013,drivers/input/touchscreen/mediatek/NT36523/Kconfig,,0,not-observed,support-code,no,no,none-observed,none-observed,not-derived-from-source,support-code-only,
drivers/input,drivers/input/touchscreen/mediatek/NT36523/nt36xxx_mp_ctrlram.c,dcc133e63978e555508d9878c16ed9583a517407c89442c1bfff0ecb5c6af869,drivers/input/touchscreen/mediatek/NT36523/Kconfig,proc_sysfs_debugfs_registration,0,not-observed,proc-sysfs-device-registration,no,no,none-observed,none-observed,not-derived-from-source,source-surface-only,proc_sysfs_debugfs_registration:2459:<file-scope>
drivers/input,drivers/input/touchscreen/mediatek/NT36523/nt36xxx_mp_ctrlram.h,cc5a2c7a3b2b38c5de6b6dd8bb4ad91cdcf70b6c5b6cbe73fb29629fd8e32710,drivers/input/touchscreen/mediatek/NT36523/Kconfig,,0,not-observed,support-code,no,no,none-observed,none-observed,not-derived-from-source,support-code-only,
drivers/input,drivers/input/touchscreen/mediatek/focaltech_touch/focaltech_common.h,680868661dff6f1b37f6435871cc80cab63eb0c3efd1849fa9174f5368b09460,drivers/input/touchscreen/mediatek/focaltech_touch/Kconfig,,0,not-observed,support-code,no,no,none-observed,none-observed,not-derived-from-source,support-code-only,
drivers/input,drivers/input/touchscreen/mediatek/focaltech_touch/focaltech_config.h,9e9ad0a02577df391f3a2278f7aab73a85d21e397679865000a11cfc9fc6b15c,drivers/input/touchscreen/mediatek/focaltech_touch/Kconfig,,0,not-observed,support-code,no,no,none-observed,none-observed,not-derived-from-source,support-code-only,
drivers/input,drivers/input/touchscreen/mediatek/focaltech_touch/focaltech_core.c,d06c028274978b331637d6ca1f607c033ec5172c8746bf5829f2060443aba900,drivers/input/touchscreen/mediatek/focaltech_touch/Kconfig,,0,not-observed,support-code,no,no,none-observed,none-observed,not-derived-from-source,support-code-only,property_or_boot_state:1195:<file-scope>
drivers/input,drivers/input/touchscreen/mediatek/focaltech_touch/focaltech_core.h,b599771500a57c29ea7399e4bf6b42b3947f36fddefb67f2cd584f65aafeb6c5,drivers/input/touchscreen/mediatek/focaltech_touch/Kconfig,,0,not-observed,support-code,no,no,none-observed,none-observed,not-derived-from-source,support-code-only,
drivers/input,drivers/input/touchscreen/mediatek/focaltech_touch/focaltech_esdcheck.c,4bc7d9433f0802dd72de4a69c0bb3ff3a92623474c0ee2b864af8c862ed59bce,drivers/input/touchscreen/mediatek/focaltech_touch/Kconfig,proc_sysfs_debugfs_registration,0,not-observed,proc-sysfs-device-registration,no,no,none-observed,none-observed,not-derived-from-source,source-surface-only,property_or_boot_state:406:<file-scope>; proc_sysfs_debugfs_registration:427:<file-scope>; property_or_boot_state:429:<file-scope>
drivers/input,drivers/input/touchscreen/mediatek/focaltech_touch/focaltech_ex_fun.c,48862b287d1aa4aa37760792f1dc503c1a1cf48c0827afc0d9e49e447f035ee8,drivers/input/touchscreen/mediatek/focaltech_touch/Kconfig,proc_sysfs_debugfs_registration,4,not-observed,ioctl-or-user-copy,no,no,none-observed,none-observed,not-derived-from-source,source-surface-only,user_copy:114:<file-scope>; user_copy:281:<file-scope>; user_copy:382:<file-scope>; user_copy:548:<file-scope>; proc_sysfs_debugfs_registration:568:<file-scope>; proc_sysfs_debugfs_registration:574:<file-scope>; property_or_boot_state:614:<file-scope>; property_or_boot_state:1007:<file-scope>; property_or_boot_state:1038:<file-scope>; proc_sysfs_debugfs_registration:1302:<file-scope>; proc_sysfs_debugfs_registration:1304:<file-scope>; proc_sysfs_debugfs_registration:1308:<file-scope>
drivers/input,drivers/input/touchscreen/mediatek/focaltech_touch/focaltech_ex_mode.c,59afc19b4c18a8cb5ba1bb3369daf129b2f3bf5e77e2447ca4b41059f3c40cfd,drivers/input/touchscreen/mediatek/focaltech_touch/Kconfig,proc_sysfs_debugfs_registration,0,not-observed,proc-sysfs-device-registration,no,no,none-observed,none-observed,not-derived-from-source,source-surface-only,proc_sysfs_debugfs_registration:291:<file-scope>; property_or_boot_state:293:<file-scope>; property_or_boot_state:297:<file-scope>
drivers/input,drivers/input/touchscreen/mediatek/focaltech_touch/focaltech_flash.c,b49c3438a784ae5716c02158791ac385d3347a0595f6014f9f318ed8dd05faeb,drivers/input/touchscreen/mediatek/focaltech_touch/Kconfig,,0,not-observed,support-code,no,no,none-observed,none-observed,not-derived-from-source,support-code-only,
drivers/input,drivers/input/touchscreen/mediatek/focaltech_touch/focaltech_flash.h,f0a751da7768d249956e66771f3f07179d5af5fd4b5f4bc88cfa79c92a71440c,drivers/input/touchscreen/mediatek/focaltech_touch/Kconfig,,0,not-observed,support-code,no,no,none-observed,none-observed,not-derived-from-source,support-code-only,
drivers/input,drivers/input/touchscreen/mediatek/focaltech_touch/focaltech_gesture.c,49d202e7453449c6046046e43be88b673c5324bd33077523842bf73f5418dc8a,drivers/input/touchscreen/mediatek/focaltech_touch/Kconfig,proc_sysfs_debugfs_registration,0,not-observed,proc-sysfs-device-registration,no,no,none-observed,none-observed,not-derived-from-source,source-surface-only,property_or_boot_state:189:<file-scope>; proc_sysfs_debugfs_registration:216:<file-scope>
drivers/input,drivers/input/touchscreen/mediatek/focaltech_touch/focaltech_i2c.c,9c8fcb33f533f56cf93a4a718c336b99f7e0b17d5a9b4fb583888227c9baf93c,drivers/input/touchscreen/mediatek/focaltech_touch/Kconfig,,0,not-observed,support-code,no,no,none-observed,none-observed,not-derived-from-source,support-code-only,
drivers/input,drivers/input/touchscreen/mediatek/focaltech_touch/focaltech_point_report_check.c,d37987bfa67fc4d740669e1de10b184f8c19f0e0e36821b209dd20cebb924687,drivers/input/touchscreen/mediatek/focaltech_touch/Kconfig,,0,not-observed,support-code,no,no,none-observed,none-observed,not-derived-from-source,support-code-only,
drivers/input,drivers/input/touchscreen/mediatek/focaltech_touch/focaltech_proximity.c,25d968a52bd88bc6d4bc6c973f7440a27acdd109cc21aef080cab6bdea0abbdd,drivers/input/touchscreen/mediatek/focaltech_touch/Kconfig,,0,not-observed,support-code,no,no,none-observed,none-observed,not-derived-from-source,support-code-only,
drivers/input,drivers/input/touchscreen/mediatek/focaltech_touch/focaltech_flash/focaltech_upgrade_ft8201.c,46e398a240d4b2652fb62b93a041d2cc2176d5d55711b83377a3dad2a5591330,drivers/input/touchscreen/mediatek/focaltech_touch/Kconfig,,0,not-observed,support-code,no,no,none-observed,none-observed,not-derived-from-source,support-code-only,
drivers/input,drivers/input/touchscreen/mediatek/focaltech_touch/focaltech_flash/focaltech_upgrade_ft8201ab.c,9b905271bcc3d52098f71a6ce15194c8c1279ebfb2e26d70dfd709fbcc395876,drivers/input/touchscreen/mediatek/focaltech_touch/Kconfig,,0,not-observed,support-code,no,no,none-observed,none-observed,not-derived-from-source,support-code-only,
drivers/input,drivers/input/touchscreen/mediatek/focaltech_touch/focaltech_test/focaltech_test.c,e7c7401ebea84121a9aff0e0db6007838c6e3a521f5980089386267642c86342,drivers/input/touchscreen/mediatek/focaltech_touch/Kconfig,proc_sysfs_debugfs_registration,0,not-observed,proc-sysfs-device-registration,no,no,none-observed,none-observed,not-derived-from-source,source-surface-only,proc_sysfs_debugfs_registration:2031:<file-scope>; property_or_boot_state:2033:<file-scope>; property_or_boot_state:2036:<file-scope>
drivers/input,drivers/input/touchscreen/mediatek/focaltech_touch/focaltech_test/focaltech_test.h,766e06b5b36509d51042540a6f40cf42a30d0cad6ec2d60f844311621faeb9c5,drivers/input/touchscreen/mediatek/focaltech_touch/Kconfig,,0,not-observed,support-code,no,no,none-observed,none-observed,not-derived-from-source,support-code-only,property_or_boot_state:455:<file-scope>
drivers/input,drivers/input/touchscreen/mediatek/focaltech_touch/focaltech_test/focaltech_test_ini.c,e69964265d99f6c15c71195d59ffc79c907a78506d1e4e0745a8dd3cb4ce2c8e,drivers/input/touchscreen/mediatek/focaltech_touch/Kconfig,,0,not-observed,support-code,no,no,none-observed,none-observed,not-derived-from-source,support-code-only,
drivers/input,drivers/input/touchscreen/mediatek/focaltech_touch/focaltech_test/focaltech_test_ini.h,f389d1303b7a4e8f6d392fd6b7c073aaf92a7f63f67d4169443fb4a70db1d4b1,drivers/input/touchscreen/mediatek/focaltech_touch/Kconfig,,0,not-observed,support-code,no,no,none-observed,none-observed,not-derived-from-source,support-code-only,
drivers/input,drivers/input/touchscreen/mediatek/focaltech_touch/focaltech_test/supported_ic/focaltech_test_ft8201.c,5a028e122ccd883e20825535e9837e0204be5d845a5060c0779e664b18b869f7,drivers/input/touchscreen/mediatek/focaltech_touch/Kconfig,,0,not-observed,support-code,no,no,none-observed,none-observed,not-derived-from-source,support-code-only,
drivers/input,drivers/input/touchscreen/mediatek/focaltech_touch/focaltech_test/supported_ic/focaltech_test_ft8201ab.c,51ce81ab0534a41864af11dd2158feeadc4f5f842248144be0990f84f9042792,drivers/input/touchscreen/mediatek/focaltech_touch/Kconfig,,0,not-observed,support-code,no,no,none-observed,none-observed,not-derived-from-source,support-code-only,
drivers/input,drivers/input/touchscreen/mediatek/hxchipset/himax_common.c,6e635aaa459cb6459f6152a6d9fb349adf885c1207a3eae833326ee503e5d764,drivers/input/touchscreen/mediatek/hxchipset/Kconfig,proc_sysfs_debugfs_registration,9,not-observed,ioctl-or-user-copy,no,no,none-observed,none-observed,not-derived-from-source,source-surface-only,user_copy:369:<file-scope>; user_copy:405:<file-scope>; user_copy:431:<file-scope>; user_copy:467:<file-scope>; user_copy:493:<file-scope>; user_copy:531:<file-scope>; user_copy:560:<file-scope>; user_copy:603:<file-scope>; user_copy:629:<file-scope>; proc_sysfs_debugfs_registration:658:<file-scope>; proc_sysfs_debugfs_registration:669:<file-scope>; proc_sysfs_debugfs_registration:677:<file-scope>
drivers/input,drivers/input/touchscreen/mediatek/hxchipset/himax_common.h,93df3c8fb2b8e53eb19b12c53fba0e2568e9d0f719dc7f6c24d5acb1547f2ec7,drivers/input/touchscreen/mediatek/hxchipset/Kconfig,,0,not-observed,support-code,no,no,none-observed,none-observed,not-derived-from-source,support-code-only,
drivers/input,drivers/input/touchscreen/mediatek/hxchipset/himax_debug.c,3ce20b973ca9f991066ece3255082c7aac4481e5a4adaffa8fe581064537c3df,drivers/input/touchscreen/mediatek/hxchipset/Kconfig,proc_sysfs_debugfs_registration,6,not-observed,ioctl-or-user-copy,no,no,none-observed,none-observed,not-derived-from-source,source-surface-only,user_copy:160:<file-scope>; user_copy:260:<file-scope>; user_copy:410:<file-scope>; user_copy:1842:<file-scope>; user_copy:2369:<file-scope>; user_copy:2402:<file-scope>; proc_sysfs_debugfs_registration:2699:<file-scope>; proc_sysfs_debugfs_registration:2707:<file-scope>; proc_sysfs_debugfs_registration:2714:<file-scope>; proc_sysfs_debugfs_registration:2721:<file-scope>; proc_sysfs_debugfs_registration:2728:<file-scope>; proc_sysfs_debugfs_registration:2735:<file-scope>
drivers/input,drivers/input/touchscreen/mediatek/hxchipset/himax_debug.h,32db22620105e2e12feb4022916aad70ac26063c56899765dda8de074ce7f283,drivers/input/touchscreen/mediatek/hxchipset/Kconfig,,0,not-observed,support-code,no,no,none-observed,none-observed,not-derived-from-source,support-code-only,
drivers/input,drivers/input/touchscreen/mediatek/hxchipset/himax_ic_HX83102.c,415f20f02dcbc165daff51b2dae3d9f0070567820268cf1efdcaf27026aeae59,drivers/input/touchscreen/mediatek/hxchipset/Kconfig,,0,not-observed,support-code,no,no,none-observed,none-observed,not-derived-from-source,support-code-only,
drivers/input,drivers/input/touchscreen/mediatek/hxchipset/himax_ic_HX83102.h,b56851304ecea540ead6a00d5bb2a8611090d0ddc1c91b3a35920295b88d79ad,drivers/input/touchscreen/mediatek/hxchipset/Kconfig,,0,not-observed,support-code,no,no,none-observed,none-observed,not-derived-from-source,support-code-only,
drivers/input,drivers/input/touchscreen/mediatek/hxchipset/himax_ic_core.h,b446e6cba0c0b2b1ac214926295cb21d464c5fb54c204348855f6000cbc7ce1f,drivers/input/touchscreen/mediatek/hxchipset/Kconfig,,0,not-observed,support-code,no,no,none-observed,none-observed,not-derived-from-source,support-code-only,
drivers/input,drivers/input/touchscreen/mediatek/hxchipset/himax_ic_incell_core.c,6c0fde529f43c81c61626ab4f87bd6639137ffa7c1b42352a5f04b8e777738b5,drivers/input/touchscreen/mediatek/hxchipset/Kconfig,,0,not-observed,support-code,no,no,none-observed,none-observed,not-derived-from-source,support-code-only,
drivers/input,drivers/input/touchscreen/mediatek/hxchipset/himax_inspection.c,d21fba327de1c4d079891b4a4c665b7281355e8d658fa6a5db2332b11b38723c,drivers/input/touchscreen/mediatek/hxchipset/Kconfig,,0,not-observed,support-code,no,no,none-observed,none-observed,not-derived-from-source,support-code-only,
drivers/input,drivers/input/touchscreen/mediatek/hxchipset/himax_inspection.h,cda1fa1c323d5c3dae87dfbc27f31bf9e20eed6caee2a3d8d1e9e54c4e2f4074,drivers/input/touchscreen/mediatek/hxchipset/Kconfig,,0,not-observed,support-code,no,no,none-observed,none-observed,not-derived-from-source,support-code-only,
drivers/input,drivers/input/touchscreen/mediatek/hxchipset/himax_modular.h,4f9cfd079a8ba1a8a95c5dd21ab0f518c99eb3c8118e5081c0d38ea97bc31157,drivers/input/touchscreen/mediatek/hxchipset/Kconfig,,0,not-observed,support-code,no,no,none-observed,none-observed,not-derived-from-source,support-code-only,
drivers/input,drivers/input/touchscreen/mediatek/hxchipset/himax_modular_table.h,7f945606605a560259e20ae91e7cee9c37c057ef096bab866eda7fc96ef5b5c4,drivers/input/touchscreen/mediatek/hxchipset/Kconfig,,0,not-observed,support-code,no,no,none-observed,none-observed,not-derived-from-source,support-code-only,
drivers/input,drivers/input/touchscreen/mediatek/hxchipset/himax_platform.c,964c71944209dc0b13d0bd9471ff9c7d344ed2b4fee61257b38aba8a9e3cc711,drivers/input/touchscreen/mediatek/hxchipset/Kconfig,,0,not-observed,support-code,no,no,none-observed,none-observed,not-derived-from-source,support-code-only,
drivers/input,drivers/input/touchscreen/mediatek/hxchipset/himax_platform.h,ef85bee56fd7947a27ea0ae131a5299cf4c10c93b4d6aa0038178d81cbbdffdc,drivers/input/touchscreen/mediatek/hxchipset/Kconfig,,0,not-observed,support-code,no,no,none-observed,none-observed,not-derived-from-source,support-code-only,
drivers/power/mediatek,drivers/power/mediatek/battery/battery_metrics.c,e90738029ad5279bbdaaefef5bfae2fe173d2036f1f06f895edcb612c3c32007,drivers/power/mediatek/Kconfig,,0,not-observed,support-code,no,no,none-observed,none-observed,not-derived-from-source,support-code-only,
drivers/power/mediatek,drivers/power/mediatek/battery/mtk_battery.c,c393bc45d22088203fa4ff23c9ac2a3715b4dacde647431977f6d40a3cebc104,drivers/power/mediatek/Kconfig,"ioctl_entry,proc_sysfs_debugfs_registration,device_registration",19,not-observed,uevent-or-netlink-marker,no,yes,none-observed,none-observed,not-derived-from-source,source-surface-only,uevent_or_netlink:42:<file-scope>; uevent_or_netlink:44:<file-scope>; uevent_or_netlink:45:<file-scope>; uevent_or_netlink:46:<file-scope>; uevent_or_netlink:81:<file-scope>; ioctl_entry:86:<file-scope>; ioctl_entry:87:<file-scope>; ioctl_entry:88:<file-scope>; ioctl_entry:89:<file-scope>; ioctl_entry:90:<file-scope>; ioctl_entry:91:<file-scope>; ioctl_entry:92:<file-scope>
drivers/power/mediatek,drivers/power/mediatek/battery/mtk_battery_core.c,5608c0cdee026c38d2137d3a193ff84bbaa132c8ed2db409e017fd87bce8933b,drivers/power/mediatek/Kconfig,,0,not-observed,uevent-or-netlink-marker,no,yes,none-observed,none-observed,not-derived-from-source,support-code-only,uevent_or_netlink:44:<file-scope>; uevent_or_netlink:46:<file-scope>; uevent_or_netlink:47:<file-scope>; uevent_or_netlink:48:<file-scope>; uevent_or_netlink:3013:<file-scope>
drivers/power/mediatek,drivers/power/mediatek/battery/mtk_battery_internal.h,c67ccb775ccd65a7ed7987d994de6f73fbfa0cf16e240fa111d96a6fbcc8383f,drivers/power/mediatek/Kconfig,,0,not-observed,support-code,no,no,none-observed,none-observed,not-derived-from-source,support-code-only,
drivers/power/mediatek,drivers/power/mediatek/battery/mtk_battery_recovery.c,bab119ddff061668e8f47bde278ada85b5267c04b877dcef68daf53a92b7ac4a,drivers/power/mediatek/Kconfig,,0,not-observed,support-code,no,no,none-observed,none-observed,not-derived-from-source,support-code-only,
drivers/power/mediatek,drivers/power/mediatek/battery/mtk_battery_recovery.h,623231df87080de853edb4b82d2d75cc8038d21dbfd82362aeab008b95e449a6,drivers/power/mediatek/Kconfig,,0,not-observed,support-code,no,no,none-observed,none-observed,not-derived-from-source,support-code-only,
drivers/power/mediatek,drivers/power/mediatek/battery/mtk_gauge_class.c,61d5c3c70a215235c803af127abc22ace0ae0fc79667dd84094826ac4321a6c8,drivers/power/mediatek/Kconfig,device_registration,0,not-observed,proc-sysfs-device-registration,no,no,none-observed,none-observed,not-derived-from-source,source-surface-only,device_registration:1028:<file-scope>
drivers/power/mediatek,drivers/power/mediatek/battery/mtk_gauge_class.h,a8bf087e8ded0a1f2284237043564447064507f4bcb711ee6d33b5435d9ee7dd,drivers/power/mediatek/Kconfig,,0,not-observed,uevent-or-netlink-marker,no,yes,none-observed,none-observed,not-derived-from-source,support-code-only,uevent_or_netlink:43:<file-scope>; uevent_or_netlink:45:<file-scope>; uevent_or_netlink:46:<file-scope>; uevent_or_netlink:47:<file-scope>
drivers/power/mediatek,drivers/power/mediatek/battery/mtk_gauge_coulomb_service.c,4132bcbbb20fd3f1583666c9af63db6318fb557f0c0b313d396959d4a89d40d8,drivers/power/mediatek/Kconfig,,0,not-observed,support-code,no,no,none-observed,none-observed,not-derived-from-source,support-code-only,
drivers/power/mediatek,drivers/power/mediatek/battery/mtk_power_misc.c,49a8d970e5824c2f1a03ccb911a123607efeb6475a4fb1b8529cb90cf66034ae,drivers/power/mediatek/Kconfig,,0,not-observed,support-code,no,no,none-observed,none-observed,not-derived-from-source,support-code-only,
drivers/power/mediatek,drivers/power/mediatek/charger/charger_class.c,3ef0501728df49b2b325e1d4c6c92a0fc31d81df8f0f91dad78244d494251c76,drivers/power/mediatek/Kconfig,device_registration,0,not-observed,proc-sysfs-device-registration,no,no,none-observed,none-observed,not-derived-from-source,source-surface-only,device_registration:737:<file-scope>
drivers/power/mediatek,drivers/power/mediatek/charger/mtk_charger.c,a02b8ed1900f060374164243b11dcb888ac153d50540d8faa7d63a1660eb8b23,drivers/power/mediatek/Kconfig,"ioctl_entry,proc_sysfs_debugfs_registration,device_registration",1,not-observed,ioctl-or-user-copy,no,no,none-observed,none-observed,not-derived-from-source,source-surface-only,ioctl_entry:667:<file-scope>; user_copy:690:<file-scope>; ioctl_entry:707:<file-scope>; ioctl_entry:729:<file-scope>; ioctl_entry:731:<file-scope>; device_registration:742:<file-scope>; device_registration:756:<file-scope>; device_registration:763:<file-scope>; device_registration:769:<file-scope>; property_or_boot_state:1744:<file-scope>; property_or_boot_state:1747:<file-scope>; property_or_boot_state:1748:<file-scope>
drivers/power/mediatek,drivers/power/mediatek/charger/mtk_charger_intf.h,6da2cdadcb60bb7d9209af9c0db6040694fb1a6e6f8432fce5ded77312c32d2c,drivers/power/mediatek/Kconfig,,0,not-observed,support-code,no,no,none-observed,none-observed,not-derived-from-source,support-code-only,property_or_boot_state:543:<file-scope>
drivers/power/mediatek,drivers/power/mediatek/charger/mtk_chg_type_det.c,de0640714c1d22f396757bc30ae52b34e3a7464fe3cb62a71c53de8e7ceceadc,drivers/power/mediatek/Kconfig,device_registration,0,not-observed,proc-sysfs-device-registration,no,no,none-observed,none-observed,not-derived-from-source,source-surface-only,property_or_boot_state:138:<file-scope>; property_or_boot_state:141:<file-scope>; property_or_boot_state:142:<file-scope>; property_or_boot_state:143:<file-scope>; device_registration:481:<file-scope>
drivers/power/mediatek,drivers/power/mediatek/charger/mtk_linear_charging.c,172215e9fc3a46ae5e5896e4e9982b8541b67cf22563cb6b5facd58b3cdb73a6,drivers/power/mediatek/Kconfig,,0,not-observed,support-code,no,no,none-observed,none-observed,not-derived-from-source,support-code-only,
drivers/power/mediatek,drivers/power/mediatek/charger/mtk_linear_charging.h,f3ce4037072109316b2e42a38d9cad666afa8eac4fab767c1d3044dc551c3b7b,drivers/power/mediatek/Kconfig,,0,not-observed,support-code,no,no,none-observed,none-observed,not-derived-from-source,support-code-only,
drivers/power/mediatek,drivers/power/mediatek/charger/mtk_pdc_intf.c,78e3eb36bb5c30948ea68139f675e8138402f516178ca678458bbed4acb82bce,drivers/power/mediatek/Kconfig,,0,not-observed,support-code,no,no,none-observed,none-observed,not-derived-from-source,support-code-only,
drivers/power/mediatek,drivers/power/mediatek/charger/mtk_pdc_intf.h,ff9c4964358291d7f747439e42066378edc956240e6d09af054548b67fdd6d16,drivers/power/mediatek/Kconfig,,0,not-observed,support-code,no,no,none-observed,none-observed,not-derived-from-source,support-code-only,
drivers/power/mediatek,drivers/power/mediatek/charger/mtk_pe20_intf.h,2d04c416a40de7e0bd17d80dec2be53f4831183dcc44ecf72be468961fc4cadc,drivers/power/mediatek/Kconfig,,0,not-observed,support-code,no,no,none-observed,none-observed,not-derived-from-source,support-code-only,
drivers/power/mediatek,drivers/power/mediatek/charger/mtk_pe30_intf.h,46a22e30574d7131eade28a63221288d5ba7209689fa6961d3ac876a83a384d0,drivers/power/mediatek/Kconfig,,0,not-observed,support-code,no,no,none-observed,none-observed,not-derived-from-source,support-code-only,
drivers/power/mediatek,drivers/power/mediatek/charger/mtk_pe40_intf.c,6300bae1a6c3e3d7e36730e7271e9371956134407dea4ecef1fff54b50b2c7c9,drivers/power/mediatek/Kconfig,,0,not-observed,support-code,no,no,none-observed,none-observed,not-derived-from-source,support-code-only,
drivers/power/mediatek,drivers/power/mediatek/charger/mtk_pe40_intf.h,12380f437b52ec7a9b6d0b2f9ea3f8ad7e0838be86526c7a8bcd2a2e0a33e4cd,drivers/power/mediatek/Kconfig,,0,not-observed,support-code,no,no,none-observed,none-observed,not-derived-from-source,support-code-only,
drivers/power/mediatek,drivers/power/mediatek/charger/mtk_pe_intf.h,4529e4d1ca9ec33f613f770985ff47bd9b951fe5c6137e4841e95b0fe98756cc,drivers/power/mediatek/Kconfig,,0,not-observed,support-code,no,no,none-observed,none-observed,not-derived-from-source,support-code-only,
drivers/power/mediatek,drivers/power/mediatek/charger/mtk_switch_charging.c,ddcd6be84029153f392087d523533f17b7aed749275bc0f3b7fe81bae8c6c8d3,drivers/power/mediatek/Kconfig,,0,not-observed,support-code,no,no,none-observed,none-observed,not-derived-from-source,support-code-only,
drivers/power/mediatek,drivers/power/mediatek/charger/mtk_switch_charging.h,54368c0faa3d3a79739287509ee67a6837d7bfe02e6658e52345fd7acd5b4d32,drivers/power/mediatek/Kconfig,,0,not-observed,support-code,no,no,none-observed,none-observed,not-derived-from-source,support-code-only,
drivers/power/mediatek,drivers/power/mediatek/misc/mtk_gauge_time_service.c,7515fafa89b6d5236cf5cff2a67ea95ecfff31b298f41c57c739083a6e668252,drivers/power/mediatek/Kconfig,device_registration,0,not-observed,proc-sysfs-device-registration,no,no,none-observed,none-observed,not-derived-from-source,source-surface-only,device_registration:436:<file-scope>
drivers/power/mediatek,drivers/power/mediatek/misc/mtk_gauge_time_service.h,70566b7503644bd10456fa74a78f08b22118f79d3ae6b83f29ab37fa945f65af,drivers/power/mediatek/Kconfig,,0,not-observed,support-code,no,no,none-observed,none-observed,not-derived-from-source,support-code-only,
drivers/usb,drivers/usb/class/cdc-wdm.c,38d3c118124f464717f1af39f592feb3c952a4e4307ee9cc724a96e9562d5dea,drivers/usb/class/Kconfig,"ioctl_entry,device_registration",3,not-observed,ioctl-or-user-copy,no,no,none-observed,none-observed,not-derived-from-source,source-surface-only,ioctl_entry:16:<file-scope>; user_copy:352:<file-scope>; user_copy:553:<file-scope>; user_copy:699:<file-scope>; ioctl_entry:716:<file-scope>; ioctl_entry:717:<file-scope>; device_registration:847:<file-scope>
drivers/usb,drivers/usb/common/common.c,b2aab09fc71769b3bb8052a88f8624c9ed0f35a69a0b4f0e50f0b87693e423f5,drivers/usb/Kconfig,,0,not-observed,support-code,no,no,none-observed,none-observed,not-derived-from-source,support-code-only,
drivers/usb,drivers/usb/core/buffer.c,ea8996a7aa7d553b16ba8b908fffd8ff760cadb9a9ad347dcc2fecb4276c9def,drivers/usb/core/Kconfig,,0,not-observed,support-code,no,no,none-observed,none-observed,not-derived-from-source,support-code-only,
drivers/usb,drivers/usb/core/config.c,fa31155746a0fd17595dda95c438452561cbecac25ae53a5f4af981a32175da1,drivers/usb/core/Kconfig,,0,not-observed,support-code,no,no,none-observed,none-observed,not-derived-from-source,support-code-only,
drivers/usb,drivers/usb/core/devices.c,9020eb5e097bcecdc205a091422ef7f5fab73dddf3e511a0dd19a81a0280b76d,drivers/usb/core/Kconfig,,2,not-observed,ioctl-or-user-copy,no,no,none-observed,none-observed,not-derived-from-source,source-surface-only,user_copy:587:<file-scope>; user_copy:626:<file-scope>
drivers/usb,drivers/usb/core/devio.c,655a3f79b2230031e0f2dfef4fbb699d832db9054debf47fd5186acec0af2768,drivers/usb/core/Kconfig,"ioctl_entry,device_registration",30,observed,ioctl-or-user-copy,no,no,none-observed,none-observed,not-derived-from-source,source-surface-only,user_copy:215:<file-scope>; user_copy:246:<file-scope>; user_copy:430:<file-scope>; user_copy:437:<file-scope>; local_gate:917:<file-scope>; user_copy:976:<file-scope>; user_copy:1001:<file-scope>; user_copy:1017:<file-scope>; user_copy:1024:<file-scope>; user_copy:1063:<file-scope>; user_copy:1093:<file-scope>; user_copy:1105:<file-scope>
drivers/usb,drivers/usb/core/driver.c,fd2f76f61e7f5a482df522f92a2bfb996f0eda8a7b3ee2b977d2456a67edf805,drivers/usb/core/Kconfig,device_registration,0,not-observed,uevent-or-netlink-marker,no,yes,none-observed,none-observed,not-derived-from-source,source-surface-only,device_registration:886:<file-scope>; device_registration:944:<file-scope>; device_registration:947:<file-scope>; device_registration:996:<file-scope>; uevent_or_netlink:1913:<file-scope>
drivers/usb,drivers/usb/core/endpoint.c,38eccdd1ca848fab5bcfe825844e557b1decb33e6bc27bb2dae032816d7de49b,drivers/usb/core/Kconfig,,0,not-observed,support-code,no,no,none-observed,none-observed,not-derived-from-source,support-code-only,property_or_boot_state:8:<file-scope>
drivers/usb,drivers/usb/core/file.c,4062417f7fd6220defbafd5838aeb6d520bcfcbb426a0d0ba114e75dc25be46d,drivers/usb/core/Kconfig,device_registration,0,not-observed,proc-sysfs-device-registration,no,no,none-observed,none-observed,not-derived-from-source,source-surface-only,device_registration:88:<file-scope>; device_registration:121:<file-scope>; property_or_boot_state:145:<file-scope>; device_registration:153:<file-scope>; device_registration:206:<file-scope>; device_registration:224:<file-scope>; device_registration:226:<file-scope>; property_or_boot_state:229:<file-scope>
drivers/usb,drivers/usb/core/generic.c,c461fc26fbb4381e0ad58b35ec10e366dd9f59a62efc183c8061da6f7d06fd53,drivers/usb/core/Kconfig,,0,not-observed,support-code,no,no,none-observed,none-observed,not-derived-from-source,support-code-only,
drivers/usb,drivers/usb/core/hcd.c,54a5db8c938c70791834f073f4d825e5bb9a9f67fa54c20a63da83e7fad30f3f,drivers/usb/core/Kconfig,"proc_sysfs_debugfs_registration,device_registration",0,observed,proc-sysfs-device-registration,no,no,none-observed,none-observed,not-derived-from-source,source-surface-only,property_or_boot_state:518:<file-scope>; device_registration:989:<file-scope>; local_gate:1561:<file-scope>; device_registration:2771:<file-scope>; proc_sysfs_debugfs_registration:2859:<file-scope>; property_or_boot_state:2861:<file-scope>
drivers/usb,drivers/usb/core/hub.c,0f1f32679aab7211962c2e2778dea286f942f93fcb7b426c401dc13b4a15b985,drivers/usb/core/Kconfig,"ioctl_entry,proc_sysfs_debugfs_registration,device_registration",0,observed,ioctl-or-user-copy,no,no,none-observed,none-observed,not-derived-from-source,source-surface-only,ioctl_entry:19:<file-scope>; local_gate:2202:<file-scope>; property_or_boot_state:2383:<file-scope>; local_gate:2400:<file-scope>; property_or_boot_state:2401:<file-scope>; proc_sysfs_debugfs_registration:2460:<file-scope>; proc_sysfs_debugfs_registration:2465:<file-scope>; property_or_boot_state:3074:<file-scope>; ioctl_entry:5232:<file-scope>; device_registration:5239:<file-scope>
drivers/usb,drivers/usb/core/hub.h,be2282aaeb0980b0d5681e7d631097d35106fbabe9b87e0daed03cb163111eb7,drivers/usb/core/Kconfig,,0,not-observed,support-code,no,no,none-observed,none-observed,not-derived-from-source,support-code-only,
drivers/usb,drivers/usb/core/message.c,fdfef45e52b0965d05de2d5fe0d6519a353966ab3de66e99b79fd63eb274d2ee,drivers/usb/core/Kconfig,ioctl_entry,0,not-observed,uevent-or-netlink-marker,no,yes,none-observed,none-observed,not-derived-from-source,source-surface-only,ioctl_entry:221:<file-scope>; uevent_or_netlink:1645:<file-scope>
drivers/usb,drivers/usb/core/notify.c,160cc28cd5b4cc652328c2647912fe8519c9f3abf66509c6f715ede6d9af82c4,drivers/usb/core/Kconfig,device_registration,0,not-observed,proc-sysfs-device-registration,no,no,none-observed,none-observed,not-derived-from-source,source-surface-only,device_registration:27:<file-scope>; device_registration:37:<file-scope>
drivers/usb,drivers/usb/core/otg_whitelist.h,f5da91bdd907eef1e21503ab57a3eb5e740536210eea314f33e2d764b65584f5,drivers/usb/core/Kconfig,,0,not-observed,support-code,no,no,none-observed,none-observed,not-derived-from-source,support-code-only,
drivers/usb,drivers/usb/core/port.c,986ea38564e8cb0b46b8c9c34b1c08b4a9637ac120ea1c79f2795ebc67eee4b7,drivers/usb/core/Kconfig,proc_sysfs_debugfs_registration,0,not-observed,proc-sysfs-device-registration,no,no,none-observed,none-observed,not-derived-from-source,source-surface-only,proc_sysfs_debugfs_registration:218:<file-scope>; proc_sysfs_debugfs_registration:221:<file-scope>
drivers/usb,drivers/usb/core/quirks.c,730219206f95102434635130f30b658d07d8cc84fcc2ecdf02e58852b6a82c77,drivers/usb/core/Kconfig,,0,not-observed,support-code,no,no,none-observed,none-observed,not-derived-from-source,support-code-only,
drivers/usb,drivers/usb/core/sysfs.c,0019854315dc2db4da63b0a48e5da63ac1c4c82ea15b9c85c1b1b5ef84be0313,drivers/usb/core/Kconfig,"proc_sysfs_debugfs_registration,device_registration",0,not-observed,proc-sysfs-device-registration,no,no,none-observed,none-observed,not-derived-from-source,source-surface-only,property_or_boot_state:2:<file-scope>; property_or_boot_state:8:<file-scope>; device_registration:892:<file-scope>; proc_sysfs_debugfs_registration:1104:<file-scope>; device_registration:1104:<file-scope>
drivers/usb,drivers/usb/core/urb.c,c32a62e53d45ac1e397848ad73c33ac714a5f49aa602a66f2e08cffcf036486b,drivers/usb/core/Kconfig,,0,not-observed,support-code,no,no,none-observed,none-observed,not-derived-from-source,support-code-only,
drivers/usb,drivers/usb/core/usb.c,a984284cbe49fdbc14a49a89d2550d027e21da27caadf62e04e272502940a351,drivers/usb/core/Kconfig,"proc_sysfs_debugfs_registration,device_registration",0,not-observed,uevent-or-netlink-marker,no,yes,none-observed,none-observed,not-derived-from-source,source-surface-only,uevent_or_netlink:388:<file-scope>; proc_sysfs_debugfs_registration:1020:<file-scope>; proc_sysfs_debugfs_registration:1024:<file-scope>; device_registration:1068:<file-scope>; device_registration:1077:<file-scope>
drivers/usb,drivers/usb/core/usb.h,3d44fa671de1d8c8dfc9573fc7be8f0fc1020130e1aa6561a7973eb66dc890c9,drivers/usb/core/Kconfig,,0,not-observed,support-code,no,no,none-observed,none-observed,not-derived-from-source,support-code-only,property_or_boot_state:153:<file-scope>
drivers/usb,drivers/usb/gadget/composite.c,ab6eec5814f48c4bf93d5bba2183519dfb1c21e5af5545772ade35f60b3884ea,drivers/usb/gadget/Kconfig,"proc_sysfs_debugfs_registration,device_registration",0,not-observed,proc-sysfs-device-registration,no,no,none-observed,none-observed,not-derived-from-source,source-surface-only,proc_sysfs_debugfs_registration:2140:<file-scope>; device_registration:2140:<file-scope>
drivers/usb,drivers/usb/gadget/config.c,f44afe185fa3709839d29f618d1afc899b60acbb39e82b2be3c336e5532dcc2d,drivers/usb/gadget/Kconfig,,0,not-observed,support-code,no,no,none-observed,none-observed,not-derived-from-source,support-code-only,
drivers/usb,drivers/usb/gadget/configfs.c,c8a6fef3a8b295cc0bf35072b65ee9e780fd142d690c753bebd9d6f84deb5520,drivers/usb/gadget/Kconfig,"proc_sysfs_debugfs_registration,device_registration",0,not-observed,uevent-or-netlink-marker,no,yes,none-observed,none-observed,not-derived-from-source,source-surface-only,device_registration:38:<file-scope>; uevent_or_netlink:1493:<file-scope>; uevent_or_netlink:1509:<file-scope>; uevent_or_netlink:1511:<file-scope>; uevent_or_netlink:1512:<file-scope>; uevent_or_netlink:1516:<file-scope>; uevent_or_netlink:1518:<file-scope>; uevent_or_netlink:1519:<file-scope>; uevent_or_netlink:1523:<file-scope>; uevent_or_netlink:1525:<file-scope>; uevent_or_netlink:1526:<file-scope>; uevent_or_netlink:1529:<file-scope>
drivers/usb,drivers/usb/gadget/configfs.h,8835350c6661404025472cf600fd93981365b6f50d792064787e1b0e877cc678,drivers/usb/gadget/Kconfig,,0,not-observed,support-code,no,no,none-observed,none-observed,not-derived-from-source,support-code-only,
drivers/usb,drivers/usb/gadget/epautoconf.c,a2f1b63d1f870f6d213b827a0bc82b60bcec8433d20c777f1ffc2c58e3d89418,drivers/usb/gadget/Kconfig,,0,not-observed,support-code,no,no,none-observed,none-observed,not-derived-from-source,support-code-only,
drivers/usb,drivers/usb/gadget/functions.c,85ef16a1b09e7f39964767fd3f01f57b9c588f877465913fff51fcbc96d38309,drivers/usb/gadget/Kconfig,,0,not-observed,trusted-execution-marker,yes,no,none-observed,none-observed,not-derived-from-source,support-code-only,trusted_execution:49:<file-scope>
drivers/usb,drivers/usb/gadget/meta.c,bbf2fa713732910f17a951d2414362df0361adeaf656ecf5aad29cdd8dfc3884,drivers/usb/gadget/Kconfig,"proc_sysfs_debugfs_registration,device_registration",0,not-observed,uevent-or-netlink-marker,no,yes,none-observed,none-observed,not-derived-from-source,source-surface-only,uevent_or_netlink:179:<file-scope>; uevent_or_netlink:189:<file-scope>; uevent_or_netlink:191:<file-scope>; uevent_or_netlink:195:<file-scope>; uevent_or_netlink:196:<file-scope>; uevent_or_netlink:197:<file-scope>; uevent_or_netlink:199:<file-scope>; uevent_or_netlink:209:<file-scope>; property_or_boot_state:410:<file-scope>; property_or_boot_state:430:<file-scope>; device_registration:546:<file-scope>; proc_sysfs_debugfs_registration:568:<file-scope>
drivers/usb,drivers/usb/gadget/mtk_gadget.h,09dc3b4b2e73e688534754ea927dc24981cff976514cabb33dae263979d36ed0,drivers/usb/gadget/Kconfig,,0,not-observed,support-code,no,no,none-observed,none-observed,not-derived-from-source,support-code-only,
drivers/usb,drivers/usb/gadget/serial.h,4f2902576f9dafaa64737774c6dc68bee06a391f03ab4eb9c6c54700594915cb,drivers/usb/gadget/Kconfig,,0,not-observed,support-code,no,no,none-observed,none-observed,not-derived-from-source,support-code-only,
drivers/usb,drivers/usb/gadget/u_f.c,e9ffbbfc0914dc256780999b24aee521b909db4f4a054a996f1c59be6e2719c0,drivers/usb/gadget/Kconfig,,0,not-observed,support-code,no,no,none-observed,none-observed,not-derived-from-source,support-code-only,
drivers/usb,drivers/usb/gadget/u_f.h,b653f672fe1a613644b041d6df745c6fdc51cae7e21e669538a4e681e9d86bbf,drivers/usb/gadget/Kconfig,,0,not-observed,support-code,no,no,none-observed,none-observed,not-derived-from-source,support-code-only,
drivers/usb,drivers/usb/gadget/u_os_desc.h,24c0b5ab60ce9e50ecdc83ebdce9c30e0a69a704751f20596c719fa5da7c26c4,drivers/usb/gadget/Kconfig,,0,not-observed,support-code,no,no,none-observed,none-observed,not-derived-from-source,support-code-only,
drivers/usb,drivers/usb/gadget/usbstring.c,f11df9775cffedcda53437ed7048aa952c55abe44282e909406646db86c362d4,drivers/usb/gadget/Kconfig,,0,not-observed,support-code,no,no,none-observed,none-observed,not-derived-from-source,support-code-only,
drivers/usb,drivers/usb/gadget/function/f_accessory.c,55d2dc12723ce62dd1a702e879ee12dac2fa5cb3f38a1276ef6ab414c8134aa9,drivers/usb/gadget/Kconfig,"ioctl_entry,device_registration",3,not-observed,uevent-or-netlink-marker,no,yes,none-observed,none-observed,not-derived-from-source,source-surface-only,user_copy:647:<file-scope>; user_copy:701:<file-scope>; user_copy:762:<file-scope>; ioctl_entry:795:<file-scope>; ioctl_entry:797:<file-scope>; uevent_or_netlink:1094:<file-scope>; device_registration:1291:<file-scope>
drivers/usb,drivers/usb/gadget/function/f_acm.c,36fbcf669a39736408521bc820adce5d6cfd54508f64caae3809f1a810cddf9c,drivers/usb/gadget/Kconfig,,0,observed,support-code,no,no,none-observed,none-observed,not-derived-from-source,support-code-only,local_gate:711:<file-scope>
drivers/usb,drivers/usb/gadget/function/f_audio_source.c,72fcea970184f6a858c4cbee7c85ae993727d745b8927a4fe2cffe4505a60ed9,drivers/usb/gadget/Kconfig,"ioctl_entry,proc_sysfs_debugfs_registration,device_registration",0,not-observed,ioctl-or-user-copy,no,no,none-observed,none-observed,not-derived-from-source,source-surface-only,ioctl_entry:881:<file-scope>; proc_sysfs_debugfs_registration:1068:<file-scope>; device_registration:1068:<file-scope>
drivers/usb,drivers/usb/gadget/function/f_fs.c,40ff440dd9bf015c9d946ae89ca1a5388566d301f4f2be3a53221504c02eaa11,drivers/usb/gadget/Kconfig,ioctl_entry,4,not-observed,ioctl-or-user-copy,no,no,none-observed,none-observed,not-derived-from-source,source-surface-only,user_copy:429:<file-scope>; user_copy:523:<file-scope>; ioctl_entry:580:<file-scope>; ioctl_entry:581:<file-scope>; ioctl_entry:637:<file-scope>; user_copy:1231:<file-scope>; ioctl_entry:1254:<file-scope>; user_copy:3733:<file-scope>
drivers/usb,drivers/usb/gadget/function/f_hid.c,3ce1dbbc2437f280f55b47dbd316147d6444b069e63f63b668de510a81f6b316,drivers/usb/gadget/Kconfig,device_registration,4,not-observed,ioctl-or-user-copy,no,no,none-observed,none-observed,not-derived-from-source,source-surface-only,user_copy:237:<file-scope>; user_copy:271:<file-scope>; user_copy:319:<file-scope>; user_copy:340:<file-scope>; device_registration:713:<file-scope>; device_registration:717:<file-scope>; device_registration:1103:<file-scope>; device_registration:1110:<file-scope>
drivers/usb,drivers/usb/gadget/function/f_mass_storage.c,a8b4685425d7bc0eea6cd8bb29d1d3536178e006553674b45376928e44776148,drivers/usb/gadget/Kconfig,proc_sysfs_debugfs_registration,0,not-observed,proc-sysfs-device-registration,no,no,none-observed,none-observed,not-derived-from-source,source-surface-only,property_or_boot_state:48:<file-scope>; property_or_boot_state:303:<file-scope>; property_or_boot_state:317:<file-scope>; property_or_boot_state:2785:<file-scope>; property_or_boot_state:2787:<file-scope>; property_or_boot_state:2975:<file-scope>; proc_sysfs_debugfs_registration:3493:<file-scope>; property_or_boot_state:3497:<file-scope>; property_or_boot_state:3511:<file-scope>
drivers/usb,drivers/usb/gadget/function/f_mass_storage.h,fc9232785cd4443df6ac9398b40c543dd3674a576085e63ee985c307645e5ac6,drivers/usb/gadget/Kconfig,,0,not-observed,support-code,no,no,none-observed,none-observed,not-derived-from-source,support-code-only,property_or_boot_state:120:<file-scope>
drivers/usb,drivers/usb/gadget/function/f_midi.c,c223f430c63d497179e5dc80aa9fea564276024350fc04a7e450bc5aed991e87,drivers/usb/gadget/Kconfig,"proc_sysfs_debugfs_registration,device_registration",0,observed,proc-sysfs-device-registration,no,no,none-observed,none-observed,not-derived-from-source,source-surface-only,local_gate:906:<file-scope>; proc_sysfs_debugfs_registration:1232:<file-scope>; device_registration:1232:<file-scope>
drivers/usb,drivers/usb/gadget/function/f_mtp.c,81bc7dcbc248bea83249edb8a583daa97d4cc15e4922190c12bdd2669baa943e,drivers/usb/gadget/Kconfig,"ioctl_entry,proc_sysfs_debugfs_registration,device_registration",7,not-observed,ioctl-or-user-copy,no,no,none-observed,none-observed,not-derived-from-source,source-surface-only,ioctl_entry:226:<file-scope>; user_copy:881:<file-scope>; user_copy:959:<file-scope>; user_copy:1426:<file-scope>; user_copy:1482:<file-scope>; user_copy:1552:<file-scope>; ioctl_entry:1569:<file-scope>; user_copy:1607:<file-scope>; user_copy:1657:<file-scope>; ioctl_entry:1677:<file-scope>; ioctl_entry:1792:<file-scope>; ioctl_entry:1794:<file-scope>
drivers/usb,drivers/usb/gadget/function/f_mtp.h,b8b257f435227964464d9dd741d72ed1ff5a67308b24ff017aee7d5deb1544f7,drivers/usb/gadget/Kconfig,,0,not-observed,support-code,no,no,none-observed,none-observed,not-derived-from-source,support-code-only,
drivers/usb,drivers/usb/gadget/function/f_ptp.c,47c07c293d8c6ea5b2bb03a6299141669aff20e53b5b05c2f815f6238c96a990,drivers/usb/gadget/Kconfig,,0,not-observed,support-code,no,no,none-observed,none-observed,not-derived-from-source,support-code-only,
drivers/usb,drivers/usb/gadget/function/f_rndis.c,d2dc88b4ca32d298dd726cded4b09bbbbedfe0955d32ce060a9ee32f7e64a586,drivers/usb/gadget/Kconfig,,0,observed,support-code,no,no,none-observed,none-observed,not-derived-from-source,support-code-only,local_gate:1336:<file-scope>
drivers/usb,drivers/usb/gadget/function/f_serial.c,0ce0380a5b605e4fa86205c9feeca092009cad1d868fe6bd1fcfe00af1986bfb,drivers/usb/gadget/Kconfig,,0,observed,support-code,no,no,none-observed,none-observed,not-derived-from-source,support-code-only,local_gate:229:<file-scope>
drivers/usb,drivers/usb/gadget/function/f_uac1.c,d28796e76ed8dd48d81495106e618201c8463a1e9980263e096ba9f7ef9f97ad,drivers/usb/gadget/Kconfig,,0,not-observed,support-code,no,no,none-observed,none-observed,not-derived-from-source,support-code-only,
drivers/usb,drivers/usb/gadget/function/ndis.h,b3a24e6e6aa9885d0327def78fa7fb0660122f2578ed0ae316c9c2d9121cd547,drivers/usb/gadget/Kconfig,,0,not-observed,support-code,no,no,none-observed,none-observed,not-derived-from-source,support-code-only,
drivers/usb,drivers/usb/gadget/function/rndis.c,45f3fa8301895f599be09474b7257abeb87d19438691a4ddff0628719357567e,drivers/usb/gadget/Kconfig,proc_sysfs_debugfs_registration,1,not-observed,ioctl-or-user-copy,no,no,none-observed,none-observed,not-derived-from-source,source-surface-only,proc_sysfs_debugfs_registration:1248:<file-scope>; user_copy:1662:<file-scope>
drivers/usb,drivers/usb/gadget/function/rndis.h,50d97f6b9894e36c3721658b94f7687905b1d3db42922dc866ab69c3821443d6,drivers/usb/gadget/Kconfig,,0,not-observed,support-code,no,no,none-observed,none-observed,not-derived-from-source,support-code-only,
drivers/usb,drivers/usb/gadget/function/storage_common.c,79ea703ccc71d262b610c6cae742dfce744c89da93e21738f4516658681d7d88,drivers/usb/gadget/Kconfig,,0,not-observed,support-code,no,no,none-observed,none-observed,not-derived-from-source,support-code-only,property_or_boot_state:479:<file-scope>
drivers/usb,drivers/usb/gadget/function/storage_common.h,decbfe618b298c5c87b5daa19e036db882afd63b475ac75e374aeb1ca9c9c5e4,drivers/usb/gadget/Kconfig,,0,not-observed,support-code,no,no,none-observed,none-observed,not-derived-from-source,support-code-only,
drivers/usb,drivers/usb/gadget/function/u_ether.c,d747a1bd18f789cd90b8f0eef720c1ba0c554149a5f777df8521d7f2ffd8a3bf,drivers/usb/gadget/Kconfig,,0,not-observed,support-code,no,no,none-observed,none-observed,not-derived-from-source,support-code-only,
drivers/usb,drivers/usb/gadget/function/u_ether.h,4f360db0ef1179324d5dd291fab0fe0ea3843134c555fe0bf3192065e20a8f90,drivers/usb/gadget/Kconfig,,0,not-observed,support-code,no,no,none-observed,none-observed,not-derived-from-source,support-code-only,
drivers/usb,drivers/usb/gadget/function/u_ether_configfs.h,c9bcfe4cb369725866c5ff6b4f23d66230793d0c0224744dbbd7528c998553a2,drivers/usb/gadget/Kconfig,,0,not-observed,support-code,no,no,none-observed,none-observed,not-derived-from-source,support-code-only,
drivers/usb,drivers/usb/gadget/function/u_fs.h,0ccc7229b411010785a0d1ca893e8d8bf82932844e4812d63703c6f95991eb9d,drivers/usb/gadget/Kconfig,,0,not-observed,support-code,no,no,none-observed,none-observed,not-derived-from-source,support-code-only,
drivers/usb,drivers/usb/gadget/function/u_hid.h,eb923d4ee99b617bb3b3634917375b80a401ee453fd1e1529964d3ff58ab8b32,drivers/usb/gadget/Kconfig,,0,not-observed,support-code,no,no,none-observed,none-observed,not-derived-from-source,support-code-only,
drivers/usb,drivers/usb/gadget/function/u_midi.h,5d3cf77d0560f6db36879e02bab5527ab34fe20fcf6e0efbf1e68814027b6e0e,drivers/usb/gadget/Kconfig,,0,not-observed,support-code,no,no,none-observed,none-observed,not-derived-from-source,support-code-only,
drivers/usb,drivers/usb/gadget/function/u_rndis.h,58ec6f65f25086c3ce447eb9f27af77a87409c7b2d3ca38e2fa18f5c340f5f54,drivers/usb/gadget/Kconfig,,0,not-observed,support-code,no,no,none-observed,none-observed,not-derived-from-source,support-code-only,
drivers/usb,drivers/usb/gadget/function/u_serial.c,8fd8d7154eca895230ba7508f6edc81c30e353ce5a5d96eb1d7979836eff178b,drivers/usb/gadget/Kconfig,,0,not-observed,support-code,no,no,none-observed,none-observed,not-derived-from-source,support-code-only,property_or_boot_state:1232:<file-scope>
drivers/usb,drivers/usb/gadget/function/u_serial.h,3936c2849d93b27326d4bdca498ff173e234693289ef2bdd6ec7b2d04d40ffda,drivers/usb/gadget/Kconfig,,0,not-observed,support-code,no,no,none-observed,none-observed,not-derived-from-source,support-code-only,property_or_boot_state:31:<file-scope>
drivers/usb,drivers/usb/gadget/udc/udc-core.c,ded624d2c3c9dacdb5dd49936e6714c81861e1f10ff7968cf1b5449d17462ce2,drivers/usb/gadget/udc/Kconfig,device_registration,0,not-observed,uevent-or-netlink-marker,no,yes,none-observed,none-observed,not-derived-from-source,source-surface-only,uevent_or_netlink:446:<file-scope>; uevent_or_netlink:481:<file-scope>; uevent_or_netlink:514:<file-scope>; uevent_or_netlink:714:<file-scope>; uevent_or_netlink:722:<file-scope>; device_registration:732:<file-scope>
drivers/usb,drivers/usb/misc/trancevibrator.c,cd1256d4e4a9cd38d0568f4d942a9a9164958f06f2b7b3f1099ce28e67fa91fa,drivers/usb/misc/Kconfig,"proc_sysfs_debugfs_registration,device_registration",0,not-observed,proc-sysfs-device-registration,no,no,none-observed,none-observed,not-derived-from-source,source-surface-only,proc_sysfs_debugfs_registration:106:<file-scope>; device_registration:106:<file-scope>
drivers/usb,drivers/usb/phy/class-dual-role.c,fab52e82bbad764395ff073adc81cd11e75e220d94731942eb58b787a2aeddf2,drivers/usb/phy/Kconfig,device_registration,0,not-observed,uevent-or-netlink-marker,no,yes,none-observed,none-observed,not-derived-from-source,source-surface-only,uevent_or_netlink:80:<file-scope>; uevent_or_netlink:472:<file-scope>; device_registration:530:<file-scope>
drivers/usb,drivers/usb/phy/of.c,8372cf20d21960862d4e27efcf46fe23c1bdf62c6bb7e6ee2b0a6781f89f57ee,drivers/usb/phy/Kconfig,,0,not-observed,support-code,no,no,none-observed,none-observed,not-derived-from-source,support-code-only,
drivers/usb,drivers/usb/phy/phy-generic.c,3183a9178770419b931f0b7168636e7fd997651f4f67814f677fbacabfc344f2,drivers/usb/phy/Kconfig,device_registration,0,not-observed,proc-sysfs-device-registration,no,no,none-observed,none-observed,not-derived-from-source,source-surface-only,device_registration:372:<file-scope>
drivers/usb,drivers/usb/phy/phy-generic.h,4c8680468e3a2c0d7aa263907bf6d6c1df26b12a4723bffc46b7cbb1da93941c,drivers/usb/phy/Kconfig,,0,not-observed,support-code,no,no,none-observed,none-observed,not-derived-from-source,support-code-only,
drivers/usb,drivers/usb/phy/phy.c,998b088d348ec133eb19f040ec784c766f4cb061779e8047cad6a471b98d5afd,drivers/usb/phy/Kconfig,device_registration,0,not-observed,proc-sysfs-device-registration,no,no,none-observed,none-observed,not-derived-from-source,source-surface-only,device_registration:213:<file-scope>
drivers/usb,drivers/usb/storage/alauda.c,343508f808a2d90f97a7310c052fd506b2204a578a2221a644de537b91f630f0,drivers/usb/storage/Kconfig,,0,not-observed,support-code,no,no,none-observed,none-observed,not-derived-from-source,support-code-only,
drivers/usb,drivers/usb/storage/cypress_atacb.c,5cfd0843a1d337b9f8f1c3dca2882c85f352558fd5a7d2118427b64cbd3ca815,drivers/usb/storage/Kconfig,,0,not-observed,support-code,no,no,none-observed,none-observed,not-derived-from-source,support-code-only,
drivers/usb,drivers/usb/storage/datafab.c,a496b007d716b5849fbd12b2f15ef48c16b60a8aabdcd396fcb67962d5d808d9,drivers/usb/storage/Kconfig,,0,not-observed,support-code,no,no,none-observed,none-observed,not-derived-from-source,support-code-only,
drivers/usb,drivers/usb/storage/debug.h,ca72639324a1492fdec9b151395f2f6deadf03ded9095a2c56b760960f36ec76,drivers/usb/storage/Kconfig,,0,not-observed,support-code,no,no,none-observed,none-observed,not-derived-from-source,support-code-only,
drivers/usb,drivers/usb/storage/freecom.c,7376a87259e2ddafc3c3238460057f0d14d6864d19f3c5f264a54044161e7a67,drivers/usb/storage/Kconfig,,0,not-observed,support-code,no,no,none-observed,none-observed,not-derived-from-source,support-code-only,
drivers/usb,drivers/usb/storage/initializers.c,af1900fb893a043af1a28552b41b7be8eee9bb7abf9a0007d35ab422d146f009,drivers/usb/storage/Kconfig,,0,not-observed,support-code,no,no,none-observed,none-observed,not-derived-from-source,support-code-only,
drivers/usb,drivers/usb/storage/initializers.h,6584ca1e9b37577e247be960100aa35aaa1ebb4c4300388ae060af47d717ade6,drivers/usb/storage/Kconfig,,0,not-observed,support-code,no,no,none-observed,none-observed,not-derived-from-source,support-code-only,
drivers/usb,drivers/usb/storage/isd200.c,faaf07a377bae543977c9d3287db5e44e2fe9b07f138f3b4a85479d65cb14606,drivers/usb/storage/Kconfig,,0,not-observed,support-code,no,no,none-observed,none-observed,not-derived-from-source,support-code-only,
drivers/usb,drivers/usb/storage/jumpshot.c,1606da029fc3db69654561418e41c87b366947f3bda9d9efd7a47730faea907a,drivers/usb/storage/Kconfig,,0,not-observed,support-code,no,no,none-observed,none-observed,not-derived-from-source,support-code-only,
drivers/usb,drivers/usb/storage/karma.c,9486fad1a8fca27916da8ddf45957ffff6e94866c0d44a98ed45d313148136b2,drivers/usb/storage/Kconfig,,0,not-observed,support-code,no,no,none-observed,none-observed,not-derived-from-source,support-code-only,
drivers/usb,drivers/usb/storage/onetouch.c,de3fc98fd8749a536781654836b42fabc026fc556866f8fb8d6592ab78fbaf39,drivers/usb/storage/Kconfig,,0,not-observed,support-code,no,no,none-observed,none-observed,not-derived-from-source,support-code-only,
drivers/usb,drivers/usb/storage/option_ms.c,5f7676b6cac3315f71c00e0b543099abc973078cc50c753e3e031c9f2939972b,drivers/usb/storage/Kconfig,,0,not-observed,support-code,no,no,none-observed,none-observed,not-derived-from-source,support-code-only,
drivers/usb,drivers/usb/storage/option_ms.h,8e87941ae53324478fe3efed443db7c9fa15b5d7772329fd4ee487168e779f4e,drivers/usb/storage/Kconfig,,0,not-observed,support-code,no,no,none-observed,none-observed,not-derived-from-source,support-code-only,
drivers/usb,drivers/usb/storage/protocol.c,472523c1f7d48f574eaa639ac5e14d98ee761a46891468c33b991e30d751702b,drivers/usb/storage/Kconfig,,0,not-observed,support-code,no,no,none-observed,none-observed,not-derived-from-source,support-code-only,
drivers/usb,drivers/usb/storage/protocol.h,a16b08a858bb6f2e48cb42869d882633a2335e6777df1186dc29c7c6079b9978,drivers/usb/storage/Kconfig,,0,not-observed,support-code,no,no,none-observed,none-observed,not-derived-from-source,support-code-only,
drivers/usb,drivers/usb/storage/scsiglue.c,e2a043198420293004a0c0cbf7b13b7d58031a6fa30643c1547719f20400af67,drivers/usb/storage/Kconfig,,0,not-observed,support-code,no,no,none-observed,none-observed,not-derived-from-source,support-code-only,property_or_boot_state:504:<file-scope>; property_or_boot_state:507:<file-scope>; property_or_boot_state:515:<file-scope>; property_or_boot_state:583:<file-scope>
drivers/usb,drivers/usb/storage/scsiglue.h,a7d21a90aa07ead694ce16082c4140035b7fa619a2662c240fdadfcb36e2fce0,drivers/usb/storage/Kconfig,,0,not-observed,support-code,no,no,none-observed,none-observed,not-derived-from-source,support-code-only,
drivers/usb,drivers/usb/storage/sddr09.c,2f67fc79c81cb5dd32138f533c3adee6093828d19c8ca9aaa9959255d0dfa3ee,drivers/usb/storage/Kconfig,,0,not-observed,support-code,no,no,none-observed,none-observed,not-derived-from-source,support-code-only,
drivers/usb,drivers/usb/storage/sddr55.c,a8a1515916a0b321a30c52f002d0448f9c537c6020e9629619c0f0e3cb08c5c9,drivers/usb/storage/Kconfig,,0,not-observed,support-code,no,no,none-observed,none-observed,not-derived-from-source,support-code-only,
drivers/usb,drivers/usb/storage/shuttle_usbat.c,0483ddf5394c8dc5cfb0b3a10c58b1b26074c2a0ccd1ad8c7967c8a3dccba443,drivers/usb/storage/Kconfig,,0,not-observed,support-code,no,no,none-observed,none-observed,not-derived-from-source,support-code-only,
drivers/usb,drivers/usb/storage/sierra_ms.c,66ad80d332e98ff83c9439a46ba9a29e2074fa4b6fe03c5e2778dcfcc01bb5f1,drivers/usb/storage/Kconfig,"proc_sysfs_debugfs_registration,device_registration",0,not-observed,proc-sysfs-device-registration,no,no,none-observed,none-observed,not-derived-from-source,source-surface-only,proc_sysfs_debugfs_registration:195:<file-scope>; device_registration:195:<file-scope>
drivers/usb,drivers/usb/storage/sierra_ms.h,7b23e969d3d7821fa80383c13c1f8ce925fd33ff7394dc8b68672caf883b62ad,drivers/usb/storage/Kconfig,,0,not-observed,support-code,no,no,none-observed,none-observed,not-derived-from-source,support-code-only,
drivers/usb,drivers/usb/storage/transport.c,3dd5e5671e5ba1aef97c5550f844dfb63ea3ce6c4d65f00c17b410a40b1490f6,drivers/usb/storage/Kconfig,,0,not-observed,support-code,no,no,none-observed,none-observed,not-derived-from-source,support-code-only,
drivers/usb,drivers/usb/storage/transport.h,9dce58b1a0b5e0d4fcfd190bd671e384f83517f4e739ef47af42085e0b0725e2,drivers/usb/storage/Kconfig,,0,not-observed,support-code,no,no,none-observed,none-observed,not-derived-from-source,support-code-only,
drivers/usb,drivers/usb/storage/unusual_alauda.h,3678c0cdb5ee924a11c1ec5de63a382c1b92105895c47b021032ac58d055ef09,drivers/usb/storage/Kconfig,,0,not-observed,support-code,no,no,none-observed,none-observed,not-derived-from-source,support-code-only,
drivers/usb,drivers/usb/storage/unusual_cypress.h,f42bc9468119c65f5f0a5a205c5e85cbb252024c6c62669521de5bf3051865de,drivers/usb/storage/Kconfig,,0,not-observed,support-code,no,no,none-observed,none-observed,not-derived-from-source,support-code-only,
drivers/usb,drivers/usb/storage/unusual_datafab.h,0b6e436751edfbd30d72bb1aab56e338b2567a7ddc73cb676bfc001541f568f6,drivers/usb/storage/Kconfig,,0,not-observed,support-code,no,no,none-observed,none-observed,not-derived-from-source,support-code-only,
drivers/usb,drivers/usb/storage/unusual_devs.h,07aea8c3d21a4f7d2a2c40f25a3af63122a807a9185a2aa37a4d1ed5db3ee265,drivers/usb/storage/Kconfig,,0,not-observed,support-code,no,no,none-observed,none-observed,not-derived-from-source,support-code-only,
drivers/usb,drivers/usb/storage/unusual_ene_ub6250.h,0ac81347149ff3a9ed9446e6a0256a0816ff3708f9177f0d98acc757d8266564,drivers/usb/storage/Kconfig,,0,not-observed,support-code,no,no,none-observed,none-observed,not-derived-from-source,support-code-only,
drivers/usb,drivers/usb/storage/unusual_freecom.h,2972bd26f7e7aee75bef73600fec533b153f587d8992bedf83159cf4603053c4,drivers/usb/storage/Kconfig,,0,not-observed,support-code,no,no,none-observed,none-observed,not-derived-from-source,support-code-only,
drivers/usb,drivers/usb/storage/unusual_isd200.h,c8d85b131c62f3c099a2973d35311198456960e8e4e066b3c4bcfdc4dd9964cf,drivers/usb/storage/Kconfig,,0,not-observed,support-code,no,no,none-observed,none-observed,not-derived-from-source,support-code-only,
drivers/usb,drivers/usb/storage/unusual_jumpshot.h,9153971437b8510dcc6db5814025188cc625a23c07dca7bf8281371d14939a1d,drivers/usb/storage/Kconfig,,0,not-observed,support-code,no,no,none-observed,none-observed,not-derived-from-source,support-code-only,
drivers/usb,drivers/usb/storage/unusual_karma.h,5bafeb2a1508560d635ce0abf3d4179ba1e7841b3f1d682da4625a2580184747,drivers/usb/storage/Kconfig,,0,not-observed,support-code,no,no,none-observed,none-observed,not-derived-from-source,support-code-only,
drivers/usb,drivers/usb/storage/unusual_onetouch.h,19cd56ffb188383961d792a04900dbce6ec0bf662114a798ec0d3d1c0757eda5,drivers/usb/storage/Kconfig,,0,not-observed,support-code,no,no,none-observed,none-observed,not-derived-from-source,support-code-only,
drivers/usb,drivers/usb/storage/unusual_realtek.h,4a2286d1c102e246c33c539bafc7e136b9cf2aadcefa5552b5a9f6725e19ce89,drivers/usb/storage/Kconfig,,0,not-observed,support-code,no,no,none-observed,none-observed,not-derived-from-source,support-code-only,
drivers/usb,drivers/usb/storage/unusual_sddr09.h,04bce40b26f54800815a66221ac93911c877ebf2078876fc566e0921a8171e24,drivers/usb/storage/Kconfig,,0,not-observed,support-code,no,no,none-observed,none-observed,not-derived-from-source,support-code-only,
drivers/usb,drivers/usb/storage/unusual_sddr55.h,a4ad736a1364665472d33b5d329a556df806320a08e1b4979797167264c5123f,drivers/usb/storage/Kconfig,,0,not-observed,support-code,no,no,none-observed,none-observed,not-derived-from-source,support-code-only,
drivers/usb,drivers/usb/storage/unusual_usbat.h,8d6128194bce23b83ef414c63e3675fb1034b5fff84d8f5ced753ef3e91948f4,drivers/usb/storage/Kconfig,,0,not-observed,support-code,no,no,none-observed,none-observed,not-derived-from-source,support-code-only,
drivers/usb,drivers/usb/storage/usb.c,1fa7fc26e04e76f08b917333f492b3f9c0624ee33229a63c461587d868505599,drivers/usb/storage/Kconfig,,0,not-observed,support-code,no,no,none-observed,none-observed,not-derived-from-source,support-code-only,
drivers/usb,drivers/usb/storage/usb.h,7e2e48837e01d9cd249cc9ed29cc32e658a4da5b05a37ba09b8ca2e4b533af0a,drivers/usb/storage/Kconfig,device_registration,0,not-observed,proc-sysfs-device-registration,no,no,none-observed,none-observed,not-derived-from-source,source-surface-only,device_registration:212:<file-scope>
drivers/usb,drivers/usb/storage/usual-tables.c,479f59ef6fd228186794f00058fa21d437ba75880aa11f13c124b062f8d81426,drivers/usb/storage/Kconfig,,0,not-observed,support-code,no,no,none-observed,none-observed,not-derived-from-source,support-code-only,
drivers/char,drivers/char/mem.c,ea25848716912fe10e39a391355ab8f519e289e604a28fd8cc2ed6370048aaf9,drivers/char/Kconfig,device_registration,8,observed,ioctl-or-user-copy,no,no,none-observed,none-observed,not-derived-from-source,source-surface-only,user_copy:152:<file-scope>; user_copy:221:<file-scope>; user_copy:439:<file-scope>; user_copy:462:<file-scope>; user_copy:509:<file-scope>; user_copy:561:<file-scope>; user_copy:585:<file-scope>; user_copy:603:<file-scope>; local_gate:738:<file-scope>; device_registration:870:<file-scope>; device_registration:873:<file-scope>; device_registration:888:<file-scope>
drivers/char,drivers/char/misc.c,343223da6760fb9a92f67fd89362491db3b0017263318e96b196615e1dfc56fa,drivers/char/Kconfig,"proc_sysfs_debugfs_registration,device_registration",0,not-observed,trusted-execution-marker,yes,no,none-observed,none-observed,not-derived-from-source,source-surface-only,trusted_execution:130:<file-scope>; device_registration:185:<file-scope>; proc_sysfs_debugfs_registration:217:<file-scope>; device_registration:217:<file-scope>; device_registration:246:<file-scope>; proc_sysfs_debugfs_registration:283:<file-scope>; device_registration:284:<file-scope>; device_registration:290:<file-scope>
drivers/char,drivers/char/random.c,a5fa27be1f7c282a67da6d6f9f70760fb428a9678d1e0e7b6fdce8cb74bacef0,drivers/char/Kconfig,ioctl_entry,2,observed,ioctl-or-user-copy,no,no,none-observed,none-observed,not-derived-from-source,source-surface-only,user_copy:1237:<file-scope>; user_copy:1512:<file-scope>; local_gate:1560:<file-scope>; local_gate:1566:<file-scope>; local_gate:1585:<file-scope>; ioctl_entry:1605:<file-scope>; ioctl_entry:1613:<file-scope>
drivers/char,drivers/char/rpmb/core.c,15be8f2e6fa6e84cf7f563e7426966770fc75302a4ef5b221b54be3df1a8921e,drivers/char/rpmb/Kconfig,,0,not-observed,support-code,no,no,none-observed,none-observed,not-derived-from-source,support-code-only,
drivers/char,drivers/char/rpmb/rpmb-cdev.h,5410e0dcc55f3e1bf5d5811cad4ed0387872457ae5e3b5630360ab04a15f8ded,drivers/char/rpmb/Kconfig,,0,not-observed,support-code,no,no,none-observed,none-observed,not-derived-from-source,support-code-only,
drivers/char,drivers/char/rpmb/rpmb-mtk.c,a6b070190ad8b97173c129509e6d8f8ae8c9f0d383bc349be44d9c919387c8d5,drivers/char/rpmb/Kconfig,"ioctl_entry,device_registration",17,not-observed,ioctl-or-user-copy,no,no,none-observed,none-observed,not-derived-from-source,source-surface-only,user_copy:517:<file-scope>; user_copy:2377:<file-scope>; user_copy:2391:<file-scope>; user_copy:2401:<file-scope>; user_copy:2434:<file-scope>; user_copy:2466:<file-scope>; user_copy:2486:<file-scope>; user_copy:2505:<file-scope>; user_copy:2523:<file-scope>; ioctl_entry:2536:<file-scope>; user_copy:2560:<file-scope>; user_copy:2573:<file-scope>
drivers/char,drivers/char/rpmb/rpmb-mtk.h,acf88b5e673045440d010236492b832d10b4e07c2f26963c4624cf583e059d6e,drivers/char/rpmb/Kconfig,ioctl_entry,0,not-observed,ioctl-or-user-copy,no,no,none-observed,none-observed,not-derived-from-source,source-surface-only,ioctl_entry:17:<file-scope>
