source_scope,relative_path,line,surface_markers,function_guess,has_usercopy_in_file,has_caller_gate_in_file,has_write_path_in_file,runtime_status,snippet
mt8183-kernel,platform/kernel/mediatek/mt8183/4.4/block/partition-generic.c,170,sysfs_or_store,,no,no,no,SOURCE_ONLY,"static DEVICE_ATTR(partition, S_IRUGO, part_partition_show, NULL);"
mt8183-kernel,platform/kernel/mediatek/mt8183/4.4/block/partition-generic.c,171,sysfs_or_store,,no,no,no,SOURCE_ONLY,"static DEVICE_ATTR(start, S_IRUGO, part_start_show, NULL);"
mt8183-kernel,platform/kernel/mediatek/mt8183/4.4/block/partition-generic.c,172,sysfs_or_store,,no,no,no,SOURCE_ONLY,"static DEVICE_ATTR(size, S_IRUGO, part_size_show, NULL);"
mt8183-kernel,platform/kernel/mediatek/mt8183/4.4/block/partition-generic.c,173,sysfs_or_store,,no,no,no,SOURCE_ONLY,"static DEVICE_ATTR(ro, S_IRUGO, part_ro_show, NULL);"
mt8183-kernel,platform/kernel/mediatek/mt8183/4.4/block/partition-generic.c,174,sysfs_or_store,,no,no,no,SOURCE_ONLY,"static DEVICE_ATTR(alignment_offset, S_IRUGO, part_alignment_offset_show, NULL);"
mt8183-kernel,platform/kernel/mediatek/mt8183/4.4/block/partition-generic.c,175,sysfs_or_store,,no,no,no,SOURCE_ONLY,"static DEVICE_ATTR(discard_alignment, S_IRUGO, part_discard_alignment_show,"
mt8183-kernel,platform/kernel/mediatek/mt8183/4.4/block/partition-generic.c,177,sysfs_or_store,,no,no,no,SOURCE_ONLY,"static DEVICE_ATTR(stat, S_IRUGO, part_stat_show, NULL);"
mt8183-kernel,platform/kernel/mediatek/mt8183/4.4/block/partition-generic.c,178,sysfs_or_store,,no,no,no,SOURCE_ONLY,"static DEVICE_ATTR(inflight, S_IRUGO, part_inflight_show, NULL);"
mt8183-kernel,platform/kernel/mediatek/mt8183/4.4/block/partition-generic.c,277,sysfs_or_store,delete_partition,no,no,no,SOURCE_ONLY,"static DEVICE_ATTR(whole_disk, S_IRUSR | S_IRGRP | S_IROTH,"
mt8183-kernel,platform/kernel/mediatek/mt8183/4.4/drivers/char/mem.c,152,usercopy,,yes,yes,yes,SOURCE_ONLY,"remaining = copy_to_user(buf, ptr, sz);"
mt8183-kernel,platform/kernel/mediatek/mt8183/4.4/drivers/char/mem.c,221,usercopy,,yes,yes,yes,SOURCE_ONLY,"copied = copy_from_user(ptr, buf, sz);"
mt8183-kernel,platform/kernel/mediatek/mt8183/4.4/drivers/char/mem.c,439,usercopy,,yes,yes,yes,SOURCE_ONLY,"if (copy_to_user(buf, kbuf, sz))"
mt8183-kernel,platform/kernel/mediatek/mt8183/4.4/drivers/char/mem.c,462,usercopy,,yes,yes,yes,SOURCE_ONLY,"if (copy_to_user(buf, kbuf, sz)) {"
mt8183-kernel,platform/kernel/mediatek/mt8183/4.4/drivers/char/mem.c,509,usercopy,,yes,yes,yes,SOURCE_ONLY,"copied = copy_from_user(ptr, buf, sz);"
mt8183-kernel,platform/kernel/mediatek/mt8183/4.4/drivers/char/mem.c,561,usercopy,,yes,yes,yes,SOURCE_ONLY,"n = copy_from_user(kbuf, buf, sz);"
mt8183-kernel,platform/kernel/mediatek/mt8183/4.4/drivers/char/mem.c,738,capability_check,open_port,yes,yes,yes,SOURCE_ONLY,return capable(CAP_SYS_RAWIO) ? 0 : -EPERM;
mt8183-kernel,platform/kernel/mediatek/mt8183/4.4/drivers/char/mem.c,751,write_handler,open_port,yes,yes,yes,SOURCE_ONLY,".write = write_mem,"
mt8183-kernel,platform/kernel/mediatek/mt8183/4.4/drivers/char/mem.c,763,write_handler,open_port,yes,yes,yes,SOURCE_ONLY,".write = write_kmem,"
mt8183-kernel,platform/kernel/mediatek/mt8183/4.4/drivers/char/mem.c,775,write_handler,open_port,yes,yes,yes,SOURCE_ONLY,".write = write_null,"
mt8183-kernel,platform/kernel/mediatek/mt8183/4.4/drivers/char/mem.c,784,write_handler,,yes,yes,yes,SOURCE_ONLY,".write = write_port,"
mt8183-kernel,platform/kernel/mediatek/mt8183/4.4/drivers/char/mem.c,790,write_handler,,yes,yes,yes,SOURCE_ONLY,".write = write_zero,"
mt8183-kernel,platform/kernel/mediatek/mt8183/4.4/drivers/char/mem.c,802,write_handler,,yes,yes,yes,SOURCE_ONLY,".write = write_full,"
mt8183-kernel,platform/kernel/mediatek/mt8183/4.4/drivers/char/mem.c,888,device_create,chr_dev_init,yes,yes,yes,SOURCE_ONLY,"device_create(mem_class, NULL, MKDEV(MEM_MAJOR, minor),"
mt8183-kernel,platform/kernel/mediatek/mt8183/4.4/drivers/char/misc.c,185,misc_register,misc_register,no,no,no,SOURCE_ONLY,int misc_register(struct miscdevice * misc)
mt8183-kernel,platform/kernel/mediatek/mt8183/4.4/drivers/char/misc.c,246,misc_register,,no,no,no,SOURCE_ONLY,* successfully registered with misc_register().
mt8183-kernel,platform/kernel/mediatek/mt8183/4.4/drivers/char/misc.c,283,procfs,misc_init,no,no,no,SOURCE_ONLY,"ret = proc_create(""misc"", 0, NULL, &misc_proc_fops);"
mt8183-kernel,platform/kernel/mediatek/mt8183/4.4/drivers/char/random.c,1237,usercopy,,yes,yes,yes,SOURCE_ONLY,"if (copy_to_user(buf, tmp, i)) {"
mt8183-kernel,platform/kernel/mediatek/mt8183/4.4/drivers/char/random.c,1512,usercopy,,yes,yes,yes,SOURCE_ONLY,"if (copy_from_user(&buf, p, bytes))"
mt8183-kernel,platform/kernel/mediatek/mt8183/4.4/drivers/char/random.c,1556,usercopy,random_ioctl,yes,yes,yes,SOURCE_ONLY,"if (put_user(ent_count, p))"
mt8183-kernel,platform/kernel/mediatek/mt8183/4.4/drivers/char/random.c,1560,capability_check,random_ioctl,yes,yes,yes,SOURCE_ONLY,if (!capable(CAP_SYS_ADMIN))
mt8183-kernel,platform/kernel/mediatek/mt8183/4.4/drivers/char/random.c,1562,usercopy,random_ioctl,yes,yes,yes,SOURCE_ONLY,"if (get_user(ent_count, p))"
mt8183-kernel,platform/kernel/mediatek/mt8183/4.4/drivers/char/random.c,1566,capability_check,random_ioctl,yes,yes,yes,SOURCE_ONLY,if (!capable(CAP_SYS_ADMIN))
mt8183-kernel,platform/kernel/mediatek/mt8183/4.4/drivers/char/random.c,1568,usercopy,random_ioctl,yes,yes,yes,SOURCE_ONLY,"if (get_user(ent_count, p++))"
mt8183-kernel,platform/kernel/mediatek/mt8183/4.4/drivers/char/random.c,1572,usercopy,random_ioctl,yes,yes,yes,SOURCE_ONLY,"if (get_user(size, p++))"
mt8183-kernel,platform/kernel/mediatek/mt8183/4.4/drivers/char/random.c,1585,capability_check,random_ioctl,yes,yes,yes,SOURCE_ONLY,if (!capable(CAP_SYS_ADMIN))
mt8183-kernel,platform/kernel/mediatek/mt8183/4.4/drivers/char/random.c,1603,write_handler,random_fasync,yes,yes,yes,SOURCE_ONLY,".write = random_write,"
mt8183-kernel,platform/kernel/mediatek/mt8183/4.4/drivers/char/random.c,1605,ioctl_entry;write_handler,random_fasync,yes,yes,yes,SOURCE_ONLY,".unlocked_ioctl = random_ioctl,"
mt8183-kernel,platform/kernel/mediatek/mt8183/4.4/drivers/char/random.c,1612,write_handler,random_fasync,yes,yes,yes,SOURCE_ONLY,".write = random_write,"
mt8183-kernel,platform/kernel/mediatek/mt8183/4.4/drivers/char/random.c,1613,ioctl_entry;write_handler,random_fasync,yes,yes,yes,SOURCE_ONLY,".unlocked_ioctl = random_ioctl,"
mt8183-kernel,platform/kernel/mediatek/mt8183/4.4/drivers/char/rpmb/core.c,410,sysfs_or_store,,no,no,no,SOURCE_ONLY,static DEVICE_ATTR_RO(type);
mt8183-kernel,platform/kernel/mediatek/mt8183/4.4/drivers/char/rpmb/core.c,434,sysfs_or_store,,no,no,no,SOURCE_ONLY,static DEVICE_ATTR_RO(reliable_wr_cnt);
mt8183-kernel,platform/kernel/mediatek/mt8183/4.4/drivers/char/rpmb/rpmb-mtk.c,517,usercopy,emmc_rpmb_req_set_key,yes,no,yes,SOURCE_ONLY,"if (copy_from_user(user_key, key, RPMB_SZ_MAC))"
mt8183-kernel,platform/kernel/mediatek/mt8183/4.4/drivers/char/rpmb/rpmb-mtk.c,822,usercopy,rpmb_req_ioctl_write_data,yes,no,yes,SOURCE_ONLY,"if (get_user(user_param_data, param->data))"
mt8183-kernel,platform/kernel/mediatek/mt8183/4.4/drivers/char/rpmb/rpmb-mtk.c,825,usercopy,rpmb_req_ioctl_write_data,yes,no,yes,SOURCE_ONLY,"if (get_user(user_param_data, param->key))"
mt8183-kernel,platform/kernel/mediatek/mt8183/4.4/drivers/char/rpmb/rpmb-mtk.c,1027,usercopy,rpmb_req_ioctl_read_data,yes,no,yes,SOURCE_ONLY,"if (get_user(user_param_data, param->data))"
mt8183-kernel,platform/kernel/mediatek/mt8183/4.4/drivers/char/rpmb/rpmb-mtk.c,1030,usercopy,rpmb_req_ioctl_read_data,yes,no,yes,SOURCE_ONLY,"if (get_user(user_param_data, param->key))"
mt8183-kernel,platform/kernel/mediatek/mt8183/4.4/drivers/char/rpmb/rpmb-mtk.c,1292,usercopy,rpmb_req_ioctl_write_data,yes,no,yes,SOURCE_ONLY,"if (get_user(user_param_data, param->data))"
mt8183-kernel,platform/kernel/mediatek/mt8183/4.4/drivers/char/rpmb/rpmb-mtk.c,1295,usercopy,rpmb_req_ioctl_write_data,yes,no,yes,SOURCE_ONLY,"if (get_user(user_param_data, param->key))"
mt8183-kernel,platform/kernel/mediatek/mt8183/4.4/drivers/char/rpmb/rpmb-mtk.c,1554,usercopy,rpmb_req_ioctl_read_data,yes,no,yes,SOURCE_ONLY,"if (get_user(user_param_data, param->data))"
mt8183-kernel,platform/kernel/mediatek/mt8183/4.4/drivers/char/rpmb/rpmb-mtk.c,1557,usercopy,rpmb_req_ioctl_read_data,yes,no,yes,SOURCE_ONLY,"if (get_user(user_param_data, param->key))"
mt8183-kernel,platform/kernel/mediatek/mt8183/4.4/drivers/char/rpmb/rpmb-mtk.c,2377,usercopy,rpmb_ioctl,yes,no,yes,SOURCE_ONLY,"err = copy_from_user(&param, (void *)arg, sizeof(param));"
mt8183-kernel,platform/kernel/mediatek/mt8183/4.4/drivers/char/rpmb/rpmb-mtk.c,2391,usercopy,rpmb_ioctl,yes,no,yes,SOURCE_ONLY,"err = copy_from_user(&rpmb_size, (void *)arg, 4);"
mt8183-kernel,platform/kernel/mediatek/mt8183/4.4/drivers/char/rpmb/rpmb-mtk.c,2401,usercopy,rpmb_ioctl,yes,no,yes,SOURCE_ONLY,"err = copy_from_user(rpmb_buffer, (void *)arg, 4 + rpmbinfor.size);"
mt8183-kernel,platform/kernel/mediatek/mt8183/4.4/drivers/char/rpmb/rpmb-mtk.c,2434,usercopy,,yes,no,yes,SOURCE_ONLY,"err = copy_to_user((void *)arg, &param, sizeof(param));"
mt8183-kernel,platform/kernel/mediatek/mt8183/4.4/drivers/char/rpmb/rpmb-mtk.c,2466,usercopy,,yes,no,yes,SOURCE_ONLY,"err = copy_to_user((void *)arg, rpmb_buffer, 4 + rpmbinfor.size);"
mt8183-kernel,platform/kernel/mediatek/mt8183/4.4/drivers/char/rpmb/rpmb-mtk.c,2486,usercopy,,yes,no,yes,SOURCE_ONLY,"err = copy_to_user((void *)arg, rpmb_buffer, 4 + rpmbinfor.size);"
mt8183-kernel,platform/kernel/mediatek/mt8183/4.4/drivers/char/rpmb/rpmb-mtk.c,2505,usercopy,,yes,no,yes,SOURCE_ONLY,"err = copy_to_user((void *)arg, &arg_k, sizeof(u32));"
mt8183-kernel,platform/kernel/mediatek/mt8183/4.4/drivers/char/rpmb/rpmb-mtk.c,2523,usercopy,,yes,no,yes,SOURCE_ONLY,"err = copy_to_user((void *)arg, &arg_k, sizeof(u32));"
mt8183-kernel,platform/kernel/mediatek/mt8183/4.4/drivers/char/rpmb/rpmb-mtk.c,2560,usercopy,rpmb_ioctl,yes,no,yes,SOURCE_ONLY,"err = copy_from_user(&param, (void *)arg, sizeof(param));"
mt8183-kernel,platform/kernel/mediatek/mt8183/4.4/drivers/char/rpmb/rpmb-mtk.c,2573,usercopy,rpmb_ioctl,yes,no,yes,SOURCE_ONLY,"err = copy_from_user(&rpmb_size, (void *)arg, 4);"
mt8183-kernel,platform/kernel/mediatek/mt8183/4.4/drivers/char/rpmb/rpmb-mtk.c,2582,usercopy,rpmb_ioctl,yes,no,yes,SOURCE_ONLY,"err = copy_from_user(rpmb_buffer, (void *)arg, 4 + rpmbinfor.size);"
mt8183-kernel,platform/kernel/mediatek/mt8183/4.4/drivers/char/rpmb/rpmb-mtk.c,2612,usercopy,,yes,no,yes,SOURCE_ONLY,"err = copy_to_user((void *)arg, &param, sizeof(param));"
mt8183-kernel,platform/kernel/mediatek/mt8183/4.4/drivers/char/rpmb/rpmb-mtk.c,2640,usercopy,,yes,no,yes,SOURCE_ONLY,"ret = copy_to_user((void *)arg, rpmb_buffer, 4 + rpmbinfor.size);"
mt8183-kernel,platform/kernel/mediatek/mt8183/4.4/drivers/char/rpmb/rpmb-mtk.c,2657,usercopy,,yes,no,yes,SOURCE_ONLY,"ret = copy_to_user((void *)arg, rpmb_buffer, 4 + rpmbinfor.size);"
mt8183-kernel,platform/kernel/mediatek/mt8183/4.4/drivers/char/rpmb/rpmb-mtk.c,2666,usercopy,,yes,no,yes,SOURCE_ONLY,"if (get_user(user_arg, arg_p))"
mt8183-kernel,platform/kernel/mediatek/mt8183/4.4/drivers/char/rpmb/rpmb-mtk.c,2676,usercopy,,yes,no,yes,SOURCE_ONLY,"ret = copy_to_user((void *)arg, &arg_k, sizeof(u32));"
mt8183-kernel,platform/kernel/mediatek/mt8183/4.4/drivers/char/rpmb/rpmb-mtk.c,2687,usercopy,,yes,no,yes,SOURCE_ONLY,"if (get_user(user_arg, arg_p))"
mt8183-kernel,platform/kernel/mediatek/mt8183/4.4/drivers/char/rpmb/rpmb-mtk.c,2697,usercopy,,yes,no,yes,SOURCE_ONLY,"ret = copy_to_user((void *)arg, &arg_k, sizeof(u32));"
mt8183-kernel,platform/kernel/mediatek/mt8183/4.4/drivers/char/rpmb/rpmb-mtk.c,2736,ioctl_entry;write_handler,rpmb_close,yes,no,yes,SOURCE_ONLY,".unlocked_ioctl = rpmb_ioctl,"
mt8183-kernel,platform/kernel/mediatek/mt8183/4.4/drivers/char/rpmb/rpmb-mtk.c,2737,write_handler,rpmb_close,yes,no,yes,SOURCE_ONLY,".write = NULL,"
mt8183-kernel,platform/kernel/mediatek/mt8183/4.4/drivers/char/rpmb/rpmb-mtk.c,2776,device_create,rpmb_init,yes,no,yes,SOURCE_ONLY,"device = device_create(mtk_rpmb_class, NULL, MKDEV(major, 0), NULL,"
mt8183-kernel,platform/kernel/mediatek/mt8183/4.4/drivers/input/evdev.c,674,usercopy,evdev_poll,yes,no,yes,SOURCE_ONLY,"if (copy_to_user((compat_long_t __user *) p + i,"
mt8183-kernel,platform/kernel/mediatek/mt8183/4.4/drivers/input/evdev.c,684,usercopy,,yes,no,yes,SOURCE_ONLY,"if (copy_to_user(p, bits, len))"
mt8183-kernel,platform/kernel/mediatek/mt8183/4.4/drivers/input/evdev.c,705,usercopy,,yes,no,yes,SOURCE_ONLY,if (copy_from_user((compat_long_t *) bits +
mt8183-kernel,platform/kernel/mediatek/mt8183/4.4/drivers/input/evdev.c,721,usercopy,,yes,no,yes,SOURCE_ONLY,"if (copy_from_user(bits, p, len))"
mt8183-kernel,platform/kernel/mediatek/mt8183/4.4/drivers/input/evdev.c,740,usercopy,,yes,no,yes,SOURCE_ONLY,"return copy_to_user(p, bits, len) ? -EFAULT : len;"
mt8183-kernel,platform/kernel/mediatek/mt8183/4.4/drivers/input/evdev.c,757,usercopy,,yes,no,yes,SOURCE_ONLY,"return copy_from_user(bits, p, len) ? -EFAULT : len;"
mt8183-kernel,platform/kernel/mediatek/mt8183/4.4/drivers/input/evdev.c,772,usercopy,,yes,no,yes,SOURCE_ONLY,"return copy_to_user(p, bits, len) ? -EFAULT : len;"
mt8183-kernel,platform/kernel/mediatek/mt8183/4.4/drivers/input/evdev.c,787,usercopy,,yes,no,yes,SOURCE_ONLY,"return copy_from_user(bits, p, len) ? -EFAULT : len;"
mt8183-kernel,platform/kernel/mediatek/mt8183/4.4/drivers/input/evdev.c,803,usercopy,str_to_user,yes,no,yes,SOURCE_ONLY,"return copy_to_user(p, str, len) ? -EFAULT : len;"
mt8183-kernel,platform/kernel/mediatek/mt8183/4.4/drivers/input/evdev.c,840,usercopy,evdev_handle_get_keycode,yes,no,yes,SOURCE_ONLY,"if (copy_from_user(ke.scancode, p, sizeof(unsigned int)))"
mt8183-kernel,platform/kernel/mediatek/mt8183/4.4/drivers/input/evdev.c,847,usercopy,evdev_handle_get_keycode,yes,no,yes,SOURCE_ONLY,"if (put_user(ke.keycode, ip + 1))"
mt8183-kernel,platform/kernel/mediatek/mt8183/4.4/drivers/input/evdev.c,858,usercopy,evdev_handle_get_keycode_v2,yes,no,yes,SOURCE_ONLY,"if (copy_from_user(&ke, p, sizeof(ke)))"
mt8183-kernel,platform/kernel/mediatek/mt8183/4.4/drivers/input/evdev.c,865,usercopy,evdev_handle_get_keycode_v2,yes,no,yes,SOURCE_ONLY,"if (copy_to_user(p, &ke, sizeof(ke)))"
mt8183-kernel,platform/kernel/mediatek/mt8183/4.4/drivers/input/evdev.c,879,usercopy,evdev_handle_set_keycode,yes,no,yes,SOURCE_ONLY,"if (copy_from_user(ke.scancode, p, sizeof(unsigned int)))"
mt8183-kernel,platform/kernel/mediatek/mt8183/4.4/drivers/input/evdev.c,882,usercopy,evdev_handle_set_keycode,yes,no,yes,SOURCE_ONLY,"if (get_user(ke.keycode, ip + 1))"
mt8183-kernel,platform/kernel/mediatek/mt8183/4.4/drivers/input/evdev.c,892,usercopy,evdev_handle_set_keycode_v2,yes,no,yes,SOURCE_ONLY,"if (copy_from_user(&ke, p, sizeof(ke)))"
mt8183-kernel,platform/kernel/mediatek/mt8183/4.4/drivers/input/evdev.c,958,usercopy,,yes,no,yes,SOURCE_ONLY,"if (get_user(code, &ip[0]))"
mt8183-kernel,platform/kernel/mediatek/mt8183/4.4/drivers/input/evdev.c,966,usercopy,,yes,no,yes,SOURCE_ONLY,"if (put_user(value, &ip[1 + i]))"
mt8183-kernel,platform/kernel/mediatek/mt8183/4.4/drivers/input/evdev.c,1047,usercopy,,yes,no,yes,SOURCE_ONLY,"if (put_user(0xffU, (u8 __user *)codes + i))"
mt8183-kernel,platform/kernel/mediatek/mt8183/4.4/drivers/input/evdev.c,1077,usercopy,,yes,no,yes,SOURCE_ONLY,"return put_user(EV_VERSION, ip);"
mt8183-kernel,platform/kernel/mediatek/mt8183/4.4/drivers/input/evdev.c,1080,usercopy,,yes,no,yes,SOURCE_ONLY,"if (copy_to_user(p, &dev->id, sizeof(struct input_id)))"
mt8183-kernel,platform/kernel/mediatek/mt8183/4.4/drivers/input/evdev.c,1087,usercopy,,yes,no,yes,SOURCE_ONLY,"if (put_user(dev->rep[REP_DELAY], ip))"
mt8183-kernel,platform/kernel/mediatek/mt8183/4.4/drivers/input/evdev.c,1089,usercopy,,yes,no,yes,SOURCE_ONLY,"if (put_user(dev->rep[REP_PERIOD], ip + 1))"
mt8183-kernel,platform/kernel/mediatek/mt8183/4.4/drivers/input/evdev.c,1096,usercopy,,yes,no,yes,SOURCE_ONLY,"if (get_user(u, ip))"
mt8183-kernel,platform/kernel/mediatek/mt8183/4.4/drivers/input/evdev.c,1098,usercopy,,yes,no,yes,SOURCE_ONLY,"if (get_user(v, ip + 1))"
mt8183-kernel,platform/kernel/mediatek/mt8183/4.4/drivers/input/evdev.c,1112,usercopy,,yes,no,yes,SOURCE_ONLY,"if (put_user(i, ip))"
mt8183-kernel,platform/kernel/mediatek/mt8183/4.4/drivers/input/evdev.c,1131,usercopy,,yes,no,yes,SOURCE_ONLY,"if (copy_from_user(&mask, p, sizeof(mask)))"
mt8183-kernel,platform/kernel/mediatek/mt8183/4.4/drivers/input/evdev.c,1143,usercopy,,yes,no,yes,SOURCE_ONLY,"if (copy_from_user(&mask, p, sizeof(mask)))"
mt8183-kernel,platform/kernel/mediatek/mt8183/4.4/drivers/input/evdev.c,1153,usercopy,,yes,no,yes,SOURCE_ONLY,"if (copy_from_user(&i, p, sizeof(unsigned int)))"
mt8183-kernel,platform/kernel/mediatek/mt8183/4.4/drivers/input/evdev.c,1217,usercopy,,yes,no,yes,SOURCE_ONLY,"if (put_user(effect.id, &(((struct ff_effect __user *)p)->id)))"
mt8183-kernel,platform/kernel/mediatek/mt8183/4.4/drivers/input/evdev.c,1242,usercopy,,yes,no,yes,SOURCE_ONLY,"if (copy_to_user(p, &abs, min_t(size_t,"
mt8183-kernel,platform/kernel/mediatek/mt8183/4.4/drivers/input/evdev.c,1259,usercopy,,yes,no,yes,SOURCE_ONLY,"if (copy_from_user(&abs, p, min_t(size_t,"
mt8183-kernel,platform/kernel/mediatek/mt8183/4.4/drivers/input/evdev.c,1325,write_handler,evdev_ioctl,yes,no,yes,SOURCE_ONLY,".write = evdev_write,"
mt8183-kernel,platform/kernel/mediatek/mt8183/4.4/drivers/input/evdev.c,1329,ioctl_entry;write_handler,evdev_ioctl,yes,no,yes,SOURCE_ONLY,".unlocked_ioctl = evdev_ioctl,"
mt8183-kernel,platform/kernel/mediatek/mt8183/4.4/drivers/input/evdev.c,1331,ioctl_entry;write_handler,evdev_ioctl,yes,no,yes,SOURCE_ONLY,".compat_ioctl = evdev_ioctl_compat,"
mt8183-kernel,platform/kernel/mediatek/mt8183/4.4/drivers/input/input-compat.c,23,usercopy,,yes,no,no,SOURCE_ONLY,"if (copy_from_user(&compat_event, buffer,"
mt8183-kernel,platform/kernel/mediatek/mt8183/4.4/drivers/input/input-compat.c,34,usercopy,,yes,no,no,SOURCE_ONLY,"if (copy_from_user(event, buffer, sizeof(struct input_event)))"
mt8183-kernel,platform/kernel/mediatek/mt8183/4.4/drivers/input/input-compat.c,53,usercopy,,yes,no,no,SOURCE_ONLY,"if (copy_to_user(buffer, &compat_event,"
mt8183-kernel,platform/kernel/mediatek/mt8183/4.4/drivers/input/input-compat.c,58,usercopy,,yes,no,no,SOURCE_ONLY,"if (copy_to_user(buffer, event, sizeof(struct input_event)))"
mt8183-kernel,platform/kernel/mediatek/mt8183/4.4/drivers/input/input-compat.c,81,usercopy,,yes,no,no,SOURCE_ONLY,"if (copy_from_user(compat_effect, buffer,"
mt8183-kernel,platform/kernel/mediatek/mt8183/4.4/drivers/input/input-compat.c,93,usercopy,,yes,no,no,SOURCE_ONLY,"if (copy_from_user(effect, buffer, sizeof(struct ff_effect)))"
mt8183-kernel,platform/kernel/mediatek/mt8183/4.4/drivers/input/input-compat.c,105,usercopy,,yes,no,no,SOURCE_ONLY,"if (copy_from_user(event, buffer, sizeof(struct input_event)))"
mt8183-kernel,platform/kernel/mediatek/mt8183/4.4/drivers/input/input-compat.c,114,usercopy,,yes,no,no,SOURCE_ONLY,"if (copy_to_user(buffer, event, sizeof(struct input_event)))"
mt8183-kernel,platform/kernel/mediatek/mt8183/4.4/drivers/input/input-compat.c,126,usercopy,,yes,no,no,SOURCE_ONLY,"if (copy_from_user(effect, buffer, sizeof(struct ff_effect)))"
mt8183-kernel,platform/kernel/mediatek/mt8183/4.4/drivers/input/input.c,1278,procfs,input_proc_init,no,yes,no,SOURCE_ONLY,"entry = proc_create(""devices"", 0, proc_bus_input_dir,"
mt8183-kernel,platform/kernel/mediatek/mt8183/4.4/drivers/input/input.c,1283,procfs,input_proc_init,no,yes,no,SOURCE_ONLY,"entry = proc_create(""handlers"", 0, proc_bus_input_dir,"
mt8183-kernel,platform/kernel/mediatek/mt8183/4.4/drivers/input/input.c,1318,sysfs_or_store,DEVICE_ATTR,no,yes,no,SOURCE_ONLY,"static DEVICE_ATTR(name, S_IRUGO, input_dev_show_##name, NULL)"
mt8183-kernel,platform/kernel/mediatek/mt8183/4.4/drivers/input/input.c,1383,sysfs_or_store,,no,yes,no,SOURCE_ONLY,"static DEVICE_ATTR(modalias, S_IRUGO, input_dev_show_modalias, NULL);"
mt8183-kernel,platform/kernel/mediatek/mt8183/4.4/drivers/input/input.c,1397,sysfs_or_store,,no,yes,no,SOURCE_ONLY,"static DEVICE_ATTR(properties, S_IRUGO, input_dev_show_properties, NULL);"
mt8183-kernel,platform/kernel/mediatek/mt8183/4.4/drivers/input/input.c,1420,sysfs_or_store,DEVICE_ATTR,no,yes,no,SOURCE_ONLY,"static DEVICE_ATTR(name, S_IRUGO, input_dev_show_id_##name, NULL)"
mt8183-kernel,platform/kernel/mediatek/mt8183/4.4/drivers/input/input.c,1480,sysfs_or_store,DEVICE_ATTR,no,yes,no,SOURCE_ONLY,"static DEVICE_ATTR(bm, S_IRUGO, input_dev_show_cap_##bm, NULL)"
mt8183-kernel,platform/kernel/mediatek/mt8183/4.4/drivers/input/joystick/xpad.c,104,module_param,,no,no,no,SOURCE_ONLY,"module_param(dpad_to_buttons, bool, S_IRUGO);"
mt8183-kernel,platform/kernel/mediatek/mt8183/4.4/drivers/input/joystick/xpad.c,108,module_param,,no,no,no,SOURCE_ONLY,"module_param(triggers_to_buttons, bool, S_IRUGO);"
mt8183-kernel,platform/kernel/mediatek/mt8183/4.4/drivers/input/joystick/xpad.c,112,module_param,,no,no,no,SOURCE_ONLY,"module_param(sticks_to_null, bool, S_IRUGO);"
mt8183-kernel,platform/kernel/mediatek/mt8183/4.4/drivers/input/keyboard/mediatek/kpd.c,805,ioctl_entry;write_handler,kpd_dev_open,no,no,yes,SOURCE_ONLY,".unlocked_ioctl = kpd_dev_ioctl,"
mt8183-kernel,platform/kernel/mediatek/mt8183/4.4/drivers/input/keyboard/mediatek/kpd.c,957,misc_register,,no,no,yes,SOURCE_ONLY,r = misc_register(&kpd_dev);
mt8183-kernel,platform/kernel/mediatek/mt8183/4.4/drivers/input/keyboard/mediatek/kpd.c,1121,debugfs,kpd_mod_init,no,no,yes,SOURCE_ONLY,"kpd_droot = debugfs_create_dir(""keypad"", NULL);"
mt8183-kernel,platform/kernel/mediatek/mt8183/4.4/drivers/input/keyboard/mediatek/kpd.c,1126,debugfs,kpd_mod_init,no,no,yes,SOURCE_ONLY,"kpd_dklog = debugfs_create_u32(""debug"", 0600, kpd_droot, &kpd_klog_en);"
mt8183-kernel,platform/kernel/mediatek/mt8183/4.4/drivers/input/keyboard/mediatek/kpd.c,1139,module_param,kpd_mod_exit,no,no,yes,SOURCE_ONLY,"module_param(kpd_show_hw_keycode, int, 0644);"
mt8183-kernel,platform/kernel/mediatek/mt8183/4.4/drivers/input/keyboard/mediatek/kpd.c,1140,module_param,kpd_mod_exit,no,no,yes,SOURCE_ONLY,"module_param(kpd_show_register, int, 0644);"
mt8183-kernel,platform/kernel/mediatek/mt8183/4.4/drivers/input/misc/hall/hallsensor.c,92,procfs,create_hall_proc_file,no,yes,no,SOURCE_ONLY,"entry = proc_create_data(HALL_PROC_FILE, 0644, NULL, &proc_fops, priv);"
mt8183-kernel,platform/kernel/mediatek/mt8183/4.4/drivers/input/misc/uinput.c,605,usercopy,uinput_release,yes,no,yes,SOURCE_ONLY,"if (copy_to_user(buffer, &ff_up_compat,"
mt8183-kernel,platform/kernel/mediatek/mt8183/4.4/drivers/input/misc/uinput.c,609,usercopy,uinput_release,yes,no,yes,SOURCE_ONLY,"if (copy_to_user(buffer, ff_up,"
mt8183-kernel,platform/kernel/mediatek/mt8183/4.4/drivers/input/misc/uinput.c,623,usercopy,,yes,no,yes,SOURCE_ONLY,"if (copy_from_user(&ff_up_compat, buffer,"
mt8183-kernel,platform/kernel/mediatek/mt8183/4.4/drivers/input/misc/uinput.c,635,usercopy,,yes,no,yes,SOURCE_ONLY,"if (copy_from_user(ff_up, buffer,"
mt8183-kernel,platform/kernel/mediatek/mt8183/4.4/drivers/input/misc/uinput.c,648,usercopy,,yes,no,yes,SOURCE_ONLY,"if (copy_to_user(buffer, ff_up, sizeof(struct uinput_ff_upload)))"
mt8183-kernel,platform/kernel/mediatek/mt8183/4.4/drivers/input/misc/uinput.c,657,usercopy,,yes,no,yes,SOURCE_ONLY,"if (copy_from_user(ff_up, buffer, sizeof(struct uinput_ff_upload)))"
mt8183-kernel,platform/kernel/mediatek/mt8183/4.4/drivers/input/misc/uinput.c,692,usercopy,,yes,no,yes,SOURCE_ONLY,"ret = copy_to_user(p, str, len);"
mt8183-kernel,platform/kernel/mediatek/mt8183/4.4/drivers/input/misc/uinput.c,697,usercopy,,yes,no,yes,SOURCE_ONLY,"ret = put_user(0, p + len - 1);"
mt8183-kernel,platform/kernel/mediatek/mt8183/4.4/drivers/input/misc/uinput.c,725,usercopy,,yes,no,yes,SOURCE_ONLY,"if (put_user(UINPUT_VERSION,"
mt8183-kernel,platform/kernel/mediatek/mt8183/4.4/drivers/input/misc/uinput.c,817,usercopy,,yes,no,yes,SOURCE_ONLY,"if (copy_from_user(&ff_erase, p, sizeof(ff_erase))) {"
mt8183-kernel,platform/kernel/mediatek/mt8183/4.4/drivers/input/misc/uinput.c,830,usercopy,,yes,no,yes,SOURCE_ONLY,"if (copy_to_user(p, &ff_erase, sizeof(ff_erase))) {"
mt8183-kernel,platform/kernel/mediatek/mt8183/4.4/drivers/input/misc/uinput.c,854,usercopy,,yes,no,yes,SOURCE_ONLY,"if (copy_from_user(&ff_erase, p, sizeof(ff_erase))) {"
mt8183-kernel,platform/kernel/mediatek/mt8183/4.4/drivers/input/misc/uinput.c,914,write_handler,uinput_ioctl,yes,no,yes,SOURCE_ONLY,".write = uinput_write,"
mt8183-kernel,platform/kernel/mediatek/mt8183/4.4/drivers/input/misc/uinput.c,916,ioctl_entry;write_handler,uinput_ioctl,yes,no,yes,SOURCE_ONLY,".unlocked_ioctl = uinput_ioctl,"
mt8183-kernel,platform/kernel/mediatek/mt8183/4.4/drivers/input/misc/uinput.c,918,ioctl_entry;write_handler,uinput_ioctl,yes,no,yes,SOURCE_ONLY,".compat_ioctl = uinput_compat_ioctl,"
mt8183-kernel,platform/kernel/mediatek/mt8183/4.4/drivers/input/misc/uinput.c,933,misc_register,uinput_init,yes,no,yes,SOURCE_ONLY,return misc_register(&uinput_misc);
mt8183-kernel,platform/kernel/mediatek/mt8183/4.4/drivers/input/touchscreen/mediatek/NT36523/nt36xxx.c,536,usercopy,nvt_flash_read,yes,no,no,SOURCE_ONLY,"if (copy_from_user(str, buff, count)) {"
mt8183-kernel,platform/kernel/mediatek/mt8183/4.4/drivers/input/touchscreen/mediatek/NT36523/nt36xxx.c,586,usercopy,,yes,no,no,SOURCE_ONLY,"if (copy_to_user(buff, str, count))"
mt8183-kernel,platform/kernel/mediatek/mt8183/4.4/drivers/input/touchscreen/mediatek/NT36523/nt36xxx.c,641,sysfs_or_store,,yes,no,no,SOURCE_ONLY,"static DEVICE_ATTR(gesture_wakeup, S_IRUGO | S_IWUSR | S_IWGRP,"
mt8183-kernel,platform/kernel/mediatek/mt8183/4.4/drivers/input/touchscreen/mediatek/NT36523/nt36xxx.c,719,debugfs,nvt_debugfs_tp_power_set,yes,no,no,SOURCE_ONLY,"debugfs_create_dir(""touchscreen"", NULL);"
mt8183-kernel,platform/kernel/mediatek/mt8183/4.4/drivers/input/touchscreen/mediatek/NT36523/nt36xxx.c,721,debugfs,nvt_debugfs_tp_power_set,yes,no,no,SOURCE_ONLY,"debugfs_create_file(""latency_enable"", S_IRUSR | S_IWUSR,"
mt8183-kernel,platform/kernel/mediatek/mt8183/4.4/drivers/input/touchscreen/mediatek/NT36523/nt36xxx.c,724,debugfs,nvt_debugfs_tp_power_set,yes,no,no,SOURCE_ONLY,"debugfs_create_file(""power"", S_IRUSR | S_IWUSR,"
mt8183-kernel,platform/kernel/mediatek/mt8183/4.4/drivers/input/touchscreen/mediatek/NT36523/nt36xxx.c,803,procfs,,yes,no,no,SOURCE_ONLY,"NVT_proc_entry = proc_create(DEVICE_NAME, 0444, NULL, &nvt_flash_fops);"
mt8183-kernel,platform/kernel/mediatek/mt8183/4.4/drivers/input/touchscreen/mediatek/NT36523/nt36xxx_ext_proc.c,888,procfs,,no,no,no,SOURCE_ONLY,"NVT_proc_fw_version_entry = proc_create(NVT_FW_VERSION, 0444, NULL, &nvt_fw_version_fops);"
mt8183-kernel,platform/kernel/mediatek/mt8183/4.4/drivers/input/touchscreen/mediatek/NT36523/nt36xxx_ext_proc.c,896,procfs,,no,no,no,SOURCE_ONLY,"NVT_proc_tp_fw_version_entry = proc_create(TP_FW_VERSION, 0444, NULL, &tp_fw_version_fops);"
mt8183-kernel,platform/kernel/mediatek/mt8183/4.4/drivers/input/touchscreen/mediatek/NT36523/nt36xxx_ext_proc.c,904,procfs,,no,no,no,SOURCE_ONLY,"NVT_proc_baseline_entry = proc_create(NVT_BASELINE, 0444, NULL, &nvt_baseline_fops);"
mt8183-kernel,platform/kernel/mediatek/mt8183/4.4/drivers/input/touchscreen/mediatek/NT36523/nt36xxx_ext_proc.c,912,procfs,,no,no,no,SOURCE_ONLY,"NVT_proc_raw_entry = proc_create(NVT_RAW, 0444, NULL, &nvt_raw_fops);"
mt8183-kernel,platform/kernel/mediatek/mt8183/4.4/drivers/input/touchscreen/mediatek/NT36523/nt36xxx_ext_proc.c,920,procfs,,no,no,no,SOURCE_ONLY,"NVT_proc_diff_entry = proc_create(NVT_DIFF, 0444, NULL, &nvt_diff_fops);"
mt8183-kernel,platform/kernel/mediatek/mt8183/4.4/drivers/input/touchscreen/mediatek/NT36523/nt36xxx_ext_proc.c,929,procfs,,no,no,no,SOURCE_ONLY,"NVT_proc_pen_diff_entry = proc_create(NVT_PEN_DIFF, 0444, NULL, &nvt_pen_diff_fops);"
mt8183-kernel,platform/kernel/mediatek/mt8183/4.4/drivers/input/touchscreen/mediatek/NT36523/nt36xxx_mp_ctrlram.c,2333,sysfs_or_store,copy_this_line,no,no,no,SOURCE_ONLY,"ret = kstrtoint(token, 10, &val);"
mt8183-kernel,platform/kernel/mediatek/mt8183/4.4/drivers/input/touchscreen/mediatek/NT36523/nt36xxx_mp_ctrlram.c,2459,procfs,,no,no,no,SOURCE_ONLY,"NVT_proc_selftest_entry = proc_create(""nvt_selftest"", 0444, NULL, &nvt_selftest_fops);"
mt8183-kernel,platform/kernel/mediatek/mt8183/4.4/drivers/input/touchscreen/mediatek/focaltech_touch/focaltech_esdcheck.c,411,sysfs_or_store,,no,no,no,SOURCE_ONLY,"static DEVICE_ATTR (fts_esd_mode, S_IRUGO | S_IWUSR, fts_esdcheck_show, fts_esdcheck_store);"
mt8183-kernel,platform/kernel/mediatek/mt8183/4.4/drivers/input/touchscreen/mediatek/focaltech_touch/focaltech_ex_fun.c,114,usercopy,,yes,no,yes,SOURCE_ONLY,"if (copy_from_user(writebuf, buff, buflen)) {"
mt8183-kernel,platform/kernel/mediatek/mt8183/4.4/drivers/input/touchscreen/mediatek/focaltech_touch/focaltech_ex_fun.c,281,usercopy,,yes,no,yes,SOURCE_ONLY,"if (copy_to_user(buff, readbuf, num_read_chars)) {"
mt8183-kernel,platform/kernel/mediatek/mt8183/4.4/drivers/input/touchscreen/mediatek/focaltech_touch/focaltech_ex_fun.c,299,write_handler,,yes,no,yes,SOURCE_ONLY,".write = fts_debug_write,"
mt8183-kernel,platform/kernel/mediatek/mt8183/4.4/drivers/input/touchscreen/mediatek/focaltech_touch/focaltech_ex_fun.c,382,usercopy,,yes,no,yes,SOURCE_ONLY,"if (copy_from_user(writebuf, buff, buflen)) {"
mt8183-kernel,platform/kernel/mediatek/mt8183/4.4/drivers/input/touchscreen/mediatek/focaltech_touch/focaltech_ex_fun.c,548,usercopy,,yes,no,yes,SOURCE_ONLY,"if (copy_to_user(buff, readbuf, num_read_chars)) {"
mt8183-kernel,platform/kernel/mediatek/mt8183/4.4/drivers/input/touchscreen/mediatek/focaltech_touch/focaltech_ex_fun.c,568,procfs,fts_create_apk_debug_channel,yes,no,yes,SOURCE_ONLY,"proc->proc_entry = proc_create(PROC_NAME, 0664, NULL, &fts_proc_fops);"
mt8183-kernel,platform/kernel/mediatek/mt8183/4.4/drivers/input/touchscreen/mediatek/focaltech_touch/focaltech_ex_fun.c,574,procfs,fts_create_apk_debug_channel,yes,no,yes,SOURCE_ONLY,"fw_proc_entry = proc_create(PROC_FW_NAME, 0444, NULL, &ft_fw_proc_fops);"
mt8183-kernel,platform/kernel/mediatek/mt8183/4.4/drivers/input/touchscreen/mediatek/focaltech_touch/focaltech_ex_fun.c,1211,sysfs_or_store,,yes,no,yes,SOURCE_ONLY,"static DEVICE_ATTR(fts_fw_version, S_IRUGO, fts_tpfwver_show, NULL);"
mt8183-kernel,platform/kernel/mediatek/mt8183/4.4/drivers/input/touchscreen/mediatek/focaltech_touch/focaltech_ex_fun.c,1226,sysfs_or_store,,yes,no,yes,SOURCE_ONLY,"static DEVICE_ATTR(fts_rw_reg, S_IRUGO | S_IWUSR, fts_tprwreg_show, fts_tprwreg_store);"
mt8183-kernel,platform/kernel/mediatek/mt8183/4.4/drivers/input/touchscreen/mediatek/focaltech_touch/focaltech_ex_fun.c,1228,sysfs_or_store,,yes,no,yes,SOURCE_ONLY,"static DEVICE_ATTR(fts_upgrade_bin, S_IWUSR | S_IWGRP, NULL, fts_fwupgradebin_store);"
mt8183-kernel,platform/kernel/mediatek/mt8183/4.4/drivers/input/touchscreen/mediatek/focaltech_touch/focaltech_ex_fun.c,1229,sysfs_or_store,,yes,no,yes,SOURCE_ONLY,"static DEVICE_ATTR(fts_force_upgrade, S_IWUSR, NULL, fts_fwforceupg_store);"
mt8183-kernel,platform/kernel/mediatek/mt8183/4.4/drivers/input/touchscreen/mediatek/focaltech_touch/focaltech_ex_fun.c,1230,sysfs_or_store,,yes,no,yes,SOURCE_ONLY,"static DEVICE_ATTR(fts_driver_info, S_IRUGO, fts_driverinfo_show, NULL);"
mt8183-kernel,platform/kernel/mediatek/mt8183/4.4/drivers/input/touchscreen/mediatek/focaltech_touch/focaltech_ex_fun.c,1231,sysfs_or_store,,yes,no,yes,SOURCE_ONLY,"static DEVICE_ATTR(fts_dump_reg, S_IRUGO, fts_dumpreg_show, NULL);"
mt8183-kernel,platform/kernel/mediatek/mt8183/4.4/drivers/input/touchscreen/mediatek/focaltech_touch/focaltech_ex_fun.c,1232,sysfs_or_store,,yes,no,yes,SOURCE_ONLY,"static DEVICE_ATTR(fts_hw_reset, S_IRUGO, fts_hw_reset_show, NULL);"
mt8183-kernel,platform/kernel/mediatek/mt8183/4.4/drivers/input/touchscreen/mediatek/focaltech_touch/focaltech_ex_fun.c,1233,sysfs_or_store,,yes,no,yes,SOURCE_ONLY,"static DEVICE_ATTR(fts_irq, S_IRUGO | S_IWUSR, fts_irq_show, fts_irq_store);"
mt8183-kernel,platform/kernel/mediatek/mt8183/4.4/drivers/input/touchscreen/mediatek/focaltech_touch/focaltech_ex_fun.c,1234,sysfs_or_store,,yes,no,yes,SOURCE_ONLY,"static DEVICE_ATTR(fts_boot_mode, S_IRUGO | S_IWUSR, fts_bootmode_show, fts_bootmode_store);"
mt8183-kernel,platform/kernel/mediatek/mt8183/4.4/drivers/input/touchscreen/mediatek/focaltech_touch/focaltech_ex_fun.c,1235,sysfs_or_store,,yes,no,yes,SOURCE_ONLY,"static DEVICE_ATTR(fts_touch_point, S_IRUGO, fts_tpbuf_show, NULL);"
mt8183-kernel,platform/kernel/mediatek/mt8183/4.4/drivers/input/touchscreen/mediatek/focaltech_touch/focaltech_ex_fun.c,1236,sysfs_or_store,,yes,no,yes,SOURCE_ONLY,"static DEVICE_ATTR(fts_log_level, S_IRUGO | S_IWUSR, fts_log_level_show, fts_log_level_store);"
mt8183-kernel,platform/kernel/mediatek/mt8183/4.4/drivers/input/touchscreen/mediatek/focaltech_touch/focaltech_ex_fun.c,1323,debugfs,fts_create_sysfs,yes,no,yes,SOURCE_ONLY,"debugfs_create_dir(""touchscreen"", NULL);"
mt8183-kernel,platform/kernel/mediatek/mt8183/4.4/drivers/input/touchscreen/mediatek/focaltech_touch/focaltech_ex_fun.c,1325,debugfs,fts_create_sysfs,yes,no,yes,SOURCE_ONLY,"debugfs_create_file(""latency_enable"", S_IRUSR | S_IWUSR,"
mt8183-kernel,platform/kernel/mediatek/mt8183/4.4/drivers/input/touchscreen/mediatek/focaltech_touch/focaltech_ex_fun.c,1328,debugfs,fts_create_sysfs,yes,no,yes,SOURCE_ONLY,"debugfs_create_file(""power"", S_IRUSR | S_IWUSR,"
mt8183-kernel,platform/kernel/mediatek/mt8183/4.4/drivers/input/touchscreen/mediatek/focaltech_touch/focaltech_ex_mode.c,246,sysfs_or_store,,no,no,no,SOURCE_ONLY,"static DEVICE_ATTR(fts_glove_mode, S_IRUGO | S_IWUSR,"
mt8183-kernel,platform/kernel/mediatek/mt8183/4.4/drivers/input/touchscreen/mediatek/focaltech_touch/focaltech_ex_mode.c,249,sysfs_or_store,,no,no,no,SOURCE_ONLY,"static DEVICE_ATTR(fts_cover_mode, S_IRUGO | S_IWUSR,"
mt8183-kernel,platform/kernel/mediatek/mt8183/4.4/drivers/input/touchscreen/mediatek/focaltech_touch/focaltech_ex_mode.c,252,sysfs_or_store,,no,no,no,SOURCE_ONLY,"static DEVICE_ATTR(fts_charger_mode, S_IRUGO | S_IWUSR,"
mt8183-kernel,platform/kernel/mediatek/mt8183/4.4/drivers/input/touchscreen/mediatek/focaltech_touch/focaltech_gesture.c,194,sysfs_or_store,,no,no,no,SOURCE_ONLY,"static DEVICE_ATTR(gesture_wakeup, S_IRUGO | S_IWUSR, fts_gesture_show,"
mt8183-kernel,platform/kernel/mediatek/mt8183/4.4/drivers/input/touchscreen/mediatek/focaltech_touch/focaltech_gesture.c,199,sysfs_or_store,,no,no,no,SOURCE_ONLY,"static DEVICE_ATTR(fts_gesture_buf, S_IRUGO | S_IWUSR,"
mt8183-kernel,platform/kernel/mediatek/mt8183/4.4/drivers/input/touchscreen/mediatek/focaltech_touch/focaltech_test/focaltech_test.c,1968,sysfs_or_store,,no,no,no,SOURCE_ONLY,"static DEVICE_ATTR(fts_test, S_IRUGO | S_IWUSR, fts_test_show, fts_test_store);"
mt8183-kernel,platform/kernel/mediatek/mt8183/4.4/drivers/input/touchscreen/mediatek/hxchipset/himax_common.c,369,usercopy,himax_self_test_proc_open,yes,no,yes,SOURCE_ONLY,"if (copy_from_user(buf, buff, len))"
mt8183-kernel,platform/kernel/mediatek/mt8183/4.4/drivers/input/touchscreen/mediatek/hxchipset/himax_common.c,387,write_handler,himax_self_test_proc_open,yes,no,yes,SOURCE_ONLY,".write = himax_self_test_write,"
mt8183-kernel,platform/kernel/mediatek/mt8183/4.4/drivers/input/touchscreen/mediatek/hxchipset/himax_common.c,405,usercopy,,yes,no,yes,SOURCE_ONLY,"if (copy_to_user(buf, temp_buf, len))"
mt8183-kernel,platform/kernel/mediatek/mt8183/4.4/drivers/input/touchscreen/mediatek/hxchipset/himax_common.c,431,usercopy,,yes,no,yes,SOURCE_ONLY,"if (copy_from_user(buf, buff, len))"
mt8183-kernel,platform/kernel/mediatek/mt8183/4.4/drivers/input/touchscreen/mediatek/hxchipset/himax_common.c,449,write_handler,,yes,no,yes,SOURCE_ONLY,".write = himax_HSEN_write,"
mt8183-kernel,platform/kernel/mediatek/mt8183/4.4/drivers/input/touchscreen/mediatek/hxchipset/himax_common.c,467,usercopy,,yes,no,yes,SOURCE_ONLY,"if (copy_to_user(buf, temp_buf, len))"
mt8183-kernel,platform/kernel/mediatek/mt8183/4.4/drivers/input/touchscreen/mediatek/hxchipset/himax_common.c,493,usercopy,,yes,no,yes,SOURCE_ONLY,"if (copy_from_user(buf, buff, len))"
mt8183-kernel,platform/kernel/mediatek/mt8183/4.4/drivers/input/touchscreen/mediatek/hxchipset/himax_common.c,512,write_handler,,yes,no,yes,SOURCE_ONLY,".write = himax_SMWP_write,"
mt8183-kernel,platform/kernel/mediatek/mt8183/4.4/drivers/input/touchscreen/mediatek/hxchipset/himax_common.c,531,usercopy,,yes,no,yes,SOURCE_ONLY,"if (copy_to_user(buf, temp_buf, len))"
mt8183-kernel,platform/kernel/mediatek/mt8183/4.4/drivers/input/touchscreen/mediatek/hxchipset/himax_common.c,560,usercopy,,yes,no,yes,SOURCE_ONLY,"if (copy_from_user(buf, buff, len))"
mt8183-kernel,platform/kernel/mediatek/mt8183/4.4/drivers/input/touchscreen/mediatek/hxchipset/himax_common.c,585,write_handler,,yes,no,yes,SOURCE_ONLY,".write = himax_GESTURE_write,"
mt8183-kernel,platform/kernel/mediatek/mt8183/4.4/drivers/input/touchscreen/mediatek/hxchipset/himax_common.c,603,usercopy,,yes,no,yes,SOURCE_ONLY,"if (copy_to_user(buf, temp_buf, len))"
mt8183-kernel,platform/kernel/mediatek/mt8183/4.4/drivers/input/touchscreen/mediatek/hxchipset/himax_common.c,629,usercopy,,yes,no,yes,SOURCE_ONLY,"if (copy_from_user(buf, buff, len))"
mt8183-kernel,platform/kernel/mediatek/mt8183/4.4/drivers/input/touchscreen/mediatek/hxchipset/himax_common.c,651,write_handler,,yes,no,yes,SOURCE_ONLY,".write = himax_psensor_write,"
mt8183-kernel,platform/kernel/mediatek/mt8183/4.4/drivers/input/touchscreen/mediatek/hxchipset/himax_common.c,669,procfs,himax_common_proc_init,yes,no,yes,SOURCE_ONLY,"himax_proc_self_test_file = proc_create(HIMAX_PROC_SELF_TEST_FILE, 0444,"
mt8183-kernel,platform/kernel/mediatek/mt8183/4.4/drivers/input/touchscreen/mediatek/hxchipset/himax_common.c,677,procfs,himax_common_proc_init,yes,no,yes,SOURCE_ONLY,"himax_proc_HSEN_file = proc_create(HIMAX_PROC_HSEN_FILE, 0664,"
mt8183-kernel,platform/kernel/mediatek/mt8183/4.4/drivers/input/touchscreen/mediatek/hxchipset/himax_common.c,687,procfs,himax_common_proc_init,yes,no,yes,SOURCE_ONLY,"himax_proc_SMWP_file = proc_create(HIMAX_PROC_SMWP_FILE, 0664,"
mt8183-kernel,platform/kernel/mediatek/mt8183/4.4/drivers/input/touchscreen/mediatek/hxchipset/himax_common.c,695,procfs,himax_common_proc_init,yes,no,yes,SOURCE_ONLY,"himax_proc_GESTURE_file = proc_create(HIMAX_PROC_GESTURE_FILE, 0664,"
mt8183-kernel,platform/kernel/mediatek/mt8183/4.4/drivers/input/touchscreen/mediatek/hxchipset/himax_common.c,703,procfs,,yes,no,yes,SOURCE_ONLY,"himax_proc_psensor_file = proc_create(HIMAX_PROC_PSENSOR_FILE, 0664,"
mt8183-kernel,platform/kernel/mediatek/mt8183/4.4/drivers/input/touchscreen/mediatek/hxchipset/himax_debug.c,160,usercopy,,yes,no,yes,SOURCE_ONLY,"if (copy_to_user(buf, buf_tmp, (len > BUF_SIZE)?BUF_SIZE:len))"
mt8183-kernel,platform/kernel/mediatek/mt8183/4.4/drivers/input/touchscreen/mediatek/hxchipset/himax_debug.c,260,usercopy,,yes,no,yes,SOURCE_ONLY,"if (copy_to_user(buf, buf_tmp, (len > BUF_SIZE)?BUF_SIZE:len))"
mt8183-kernel,platform/kernel/mediatek/mt8183/4.4/drivers/input/touchscreen/mediatek/hxchipset/himax_debug.c,410,usercopy,himax_debug_level_read,yes,no,yes,SOURCE_ONLY,"if (copy_to_user(buf, buf_tmp, (len > BUF_SIZE)?BUF_SIZE:len))"
mt8183-kernel,platform/kernel/mediatek/mt8183/4.4/drivers/input/touchscreen/mediatek/hxchipset/himax_debug.c,1005,sysfs_or_store,himax_diag_cmd_write,yes,no,yes,SOURCE_ONLY,"if (!kstrtoint(buf, 16, &rst)) {"
mt8183-kernel,platform/kernel/mediatek/mt8183/4.4/drivers/input/touchscreen/mediatek/hxchipset/himax_debug.c,1026,sysfs_or_store,himax_diag_cmd_write,yes,no,yes,SOURCE_ONLY,"if (!kstrtoint(buf, 16, &rst)) {"
mt8183-kernel,platform/kernel/mediatek/mt8183/4.4/drivers/input/touchscreen/mediatek/hxchipset/himax_debug.c,1054,sysfs_or_store,,yes,no,yes,SOURCE_ONLY,"if (!kstrtoint(buf, 16, &rst)) {"
mt8183-kernel,platform/kernel/mediatek/mt8183/4.4/drivers/input/touchscreen/mediatek/hxchipset/himax_debug.c,1085,sysfs_or_store,,yes,no,yes,SOURCE_ONLY,"if (!kstrtoint(buf + str_len, 16, &rst)) {"
mt8183-kernel,platform/kernel/mediatek/mt8183/4.4/drivers/input/touchscreen/mediatek/hxchipset/himax_debug.c,1842,usercopy,,yes,no,yes,SOURCE_ONLY,"if (copy_from_user(buf, buff, len))"
mt8183-kernel,platform/kernel/mediatek/mt8183/4.4/drivers/input/touchscreen/mediatek/hxchipset/himax_debug.c,1923,write_handler,himax_flash_dump_seq_stop,yes,no,yes,SOURCE_ONLY,".write = himax_proc_flash_write,"
mt8183-kernel,platform/kernel/mediatek/mt8183/4.4/drivers/input/touchscreen/mediatek/hxchipset/himax_debug.c,1953,write_handler,himax_ts_flash_func,yes,no,yes,SOURCE_ONLY,"* fn->f_op->write(fn, flash_buffer,"
mt8183-kernel,platform/kernel/mediatek/mt8183/4.4/drivers/input/touchscreen/mediatek/hxchipset/himax_debug.c,2369,usercopy,,yes,no,yes,SOURCE_ONLY,"if (copy_to_user(buf, buf_tmp, (len > BUF_SIZE)?BUF_SIZE:len))"
mt8183-kernel,platform/kernel/mediatek/mt8183/4.4/drivers/input/touchscreen/mediatek/hxchipset/himax_debug.c,2402,usercopy,,yes,no,yes,SOURCE_ONLY,"if (copy_from_user(buf, buff, len))"
mt8183-kernel,platform/kernel/mediatek/mt8183/4.4/drivers/input/touchscreen/mediatek/hxchipset/himax_debug.c,2641,write_handler,,yes,no,yes,SOURCE_ONLY,".write = himax_debug_write,"
mt8183-kernel,platform/kernel/mediatek/mt8183/4.4/drivers/input/touchscreen/mediatek/hxchipset/himax_debug.c,2707,procfs,himax_touch_proc_init,yes,no,yes,SOURCE_ONLY,"himax_proc_vendor_file = proc_create(HIMAX_PROC_VENDOR_FILE, 0444,"
mt8183-kernel,platform/kernel/mediatek/mt8183/4.4/drivers/input/touchscreen/mediatek/hxchipset/himax_debug.c,2714,procfs,himax_touch_proc_init,yes,no,yes,SOURCE_ONLY,"himax_proc_stack_file = proc_create(HIMAX_PROC_STACK_FILE, 0444,"
mt8183-kernel,platform/kernel/mediatek/mt8183/4.4/drivers/input/touchscreen/mediatek/hxchipset/himax_debug.c,2721,procfs,himax_touch_proc_init,yes,no,yes,SOURCE_ONLY,"himax_proc_delta_file = proc_create(HIMAX_PROC_DELTA_FILE, 0444,"
mt8183-kernel,platform/kernel/mediatek/mt8183/4.4/drivers/input/touchscreen/mediatek/hxchipset/himax_debug.c,2728,procfs,himax_touch_proc_init,yes,no,yes,SOURCE_ONLY,"himax_proc_dc_file = proc_create(HIMAX_PROC_DC_FILE, 0444,"
mt8183-kernel,platform/kernel/mediatek/mt8183/4.4/drivers/input/touchscreen/mediatek/hxchipset/himax_debug.c,2735,procfs,himax_touch_proc_init,yes,no,yes,SOURCE_ONLY,"himax_proc_baseline_file = proc_create(HIMAX_PROC_BASELINE_FILE, 0444,"
mt8183-kernel,platform/kernel/mediatek/mt8183/4.4/drivers/input/touchscreen/mediatek/hxchipset/himax_debug.c,2742,procfs,,yes,no,yes,SOURCE_ONLY,"himax_proc_debug_file = proc_create(HIMAX_PROC_DEBUG_FILE,"
mt8183-kernel,platform/kernel/mediatek/mt8183/4.4/drivers/input/touchscreen/mediatek/hxchipset/himax_debug.c,2751,procfs,,yes,no,yes,SOURCE_ONLY,"himax_proc_flash_dump_file = proc_create(HIMAX_PROC_FLASH_DUMP_FILE,"
mt8183-kernel,platform/kernel/mediatek/mt8183/4.4/drivers/input/touchscreen/mediatek/hxchipset/himax_debug.c,2762,procfs,,yes,no,yes,SOURCE_ONLY,"himax_proc_pen_pos_file = proc_create(HIMAX_PROC_PEN_POS_FILE,"
mt8183-kernel,platform/kernel/mediatek/mt8183/4.4/drivers/input/touchscreen/mediatek/hxchipset/himax_ic_incell_core.c,3859,write_handler,,no,no,yes,SOURCE_ONLY,"* fn->f_op->write(fn, temp_info_data, read_len*sizeof (uint8_t),"
mt8183-kernel,platform/kernel/mediatek/mt8183/4.4/drivers/input/touchscreen/mediatek/mtk_tpd.c,289,usercopy,tpd_unlocked_ioctl,yes,no,yes,SOURCE_ONLY,"if (copy_to_user(data, &tpd_v_magnify_x, sizeof(tpd_v_magnify_x))) {"
mt8183-kernel,platform/kernel/mediatek/mt8183/4.4/drivers/input/touchscreen/mediatek/mtk_tpd.c,304,usercopy,tpd_unlocked_ioctl,yes,no,yes,SOURCE_ONLY,"if (copy_to_user(data, &tpd_v_magnify_y, sizeof(tpd_v_magnify_y))) {"
mt8183-kernel,platform/kernel/mediatek/mt8183/4.4/drivers/input/touchscreen/mediatek/mtk_tpd.c,319,usercopy,,yes,no,yes,SOURCE_ONLY,"if (copy_to_user(data, &tpd_filter, sizeof(struct tpd_filter_t))) {"
mt8183-kernel,platform/kernel/mediatek/mt8183/4.4/drivers/input/touchscreen/mediatek/mtk_tpd.c,340,ioctl_entry;write_handler,,yes,no,yes,SOURCE_ONLY,".unlocked_ioctl = tpd_unlocked_ioctl,"
mt8183-kernel,platform/kernel/mediatek/mt8183/4.4/drivers/input/touchscreen/mediatek/mtk_tpd.c,342,ioctl_entry;write_handler,,yes,no,yes,SOURCE_ONLY,".compat_ioctl = tpd_compat_ioctl,"
mt8183-kernel,platform/kernel/mediatek/mt8183/4.4/drivers/input/touchscreen/mediatek/mtk_tpd.c,525,misc_register,tpd_probe,yes,no,yes,SOURCE_ONLY,if (misc_register(&tpd_misc_device))
mt8183-kernel,platform/kernel/mediatek/mt8183/4.4/drivers/input/touchscreen/mediatek/tpd_debug.c,74,module_param,,yes,no,yes,SOURCE_ONLY,"module_param(tpd_debug_nr, int, 0644);"
mt8183-kernel,platform/kernel/mediatek/mt8183/4.4/drivers/input/touchscreen/mediatek/tpd_debug.c,75,module_param,,yes,no,yes,SOURCE_ONLY,"module_param(tpd_fail_count, int, 0644);"
mt8183-kernel,platform/kernel/mediatek/mt8183/4.4/drivers/input/touchscreen/mediatek/tpd_debug.c,76,module_param,,yes,no,yes,SOURCE_ONLY,"module_param(tpd_trial_count, int, 0644);"
mt8183-kernel,platform/kernel/mediatek/mt8183/4.4/drivers/input/touchscreen/mediatek/tpd_debug.c,85,module_param,,yes,no,yes,SOURCE_ONLY,"module_param(tpd_debug_time, int, 0644);"
mt8183-kernel,platform/kernel/mediatek/mt8183/4.4/drivers/input/touchscreen/mediatek/tpd_debug.c,112,module_param,tpd_debug_set_time,yes,no,yes,SOURCE_ONLY,"module_param(tpd_debug_track, int, 0644);"
mt8183-kernel,platform/kernel/mediatek/mt8183/4.4/drivers/input/touchscreen/mediatek/tpd_debug.c,155,module_param,tpd_up_debug_track,yes,no,yes,SOURCE_ONLY,"module_param(tpd_em_log, int, 0664);"
mt8183-kernel,platform/kernel/mediatek/mt8183/4.4/drivers/input/touchscreen/mediatek/tpd_debug.c,168,module_param,tpd_enable_em_log,yes,no,yes,SOURCE_ONLY,"module_param(tpd_em_log_to_fs, int, 0664);"
mt8183-kernel,platform/kernel/mediatek/mt8183/4.4/drivers/input/touchscreen/mediatek/tpd_debug.c,243,module_param,tpd_em_log_open,yes,no,yes,SOURCE_ONLY,"module_param(tpd_log_line_buffer, int, 0664);"
mt8183-kernel,platform/kernel/mediatek/mt8183/4.4/drivers/input/touchscreen/mediatek/tpd_debug.c,244,module_param,tpd_em_log_open,yes,no,yes,SOURCE_ONLY,"module_param(tpd_log_line_cnt, int, 0664);"
mt8183-kernel,platform/kernel/mediatek/mt8183/4.4/drivers/input/touchscreen/mediatek/tpd_debug.c,330,usercopy,,yes,no,yes,SOURCE_ONLY,"if (copy_to_user(buffer + retval, tmp_buf, unit))"
mt8183-kernel,platform/kernel/mediatek/mt8183/4.4/drivers/input/touchscreen/mediatek/tpd_debug.c,366,write_handler,,yes,no,yes,SOURCE_ONLY,".write = tpd_debug_log_write,"
mt8183-kernel,platform/kernel/mediatek/mt8183/4.4/drivers/input/touchscreen/mediatek/tpd_debug.c,529,misc_register,tpd_log_init,yes,no,yes,SOURCE_ONLY,if (misc_register(&tpd_debug_log_dev) < 0) {
mt8183-kernel,platform/kernel/mediatek/mt8183/4.4/drivers/input/touchscreen/mediatek/tpd_debug.c,538,module_param,tpd_log_init,yes,no,yes,SOURCE_ONLY,"module_param(tpd_debuglog, int, 0664);"
mt8183-kernel,platform/kernel/mediatek/mt8183/4.4/drivers/input/touchscreen/mediatek/tpd_misc.c,17,module_param,,no,no,no,SOURCE_ONLY,"module_param(tpd_calibrate_en, int, 0664);"
mt8183-kernel,platform/kernel/mediatek/mt8183/4.4/drivers/input/touchscreen/mediatek/tpd_misc.c,20,module_param,,no,no,no,SOURCE_ONLY,"module_param(tpd_show_version, int, 0664);"
mt8183-kernel,platform/kernel/mediatek/mt8183/4.4/drivers/input/touchscreen/mediatek/tpd_setting.c,33,module_param,,no,no,no,SOURCE_ONLY,"module_param(tpd_v_magnify_x, int, 0664);"
mt8183-kernel,platform/kernel/mediatek/mt8183/4.4/drivers/input/touchscreen/mediatek/tpd_setting.c,34,module_param,,no,no,no,SOURCE_ONLY,"module_param(tpd_v_magnify_y, int, 0664);"
mt8183-kernel,platform/kernel/mediatek/mt8183/4.4/drivers/input/touchscreen/mediatek/tpd_setting.c,36,module_param,,no,no,no,SOURCE_ONLY,"module_param(tpd_type_cap, int, 0444);"
mt8183-kernel,platform/kernel/mediatek/mt8183/4.4/drivers/input/touchscreen/mediatek/tpd_setting.c,47,module_param,,no,no,no,SOURCE_ONLY,"module_param(tpd_mode, int, 0664);"
mt8183-kernel,platform/kernel/mediatek/mt8183/4.4/drivers/input/touchscreen/mediatek/tpd_setting.c,48,module_param,,no,no,no,SOURCE_ONLY,"module_param(tpd_mode_axis, int, 0664);"
mt8183-kernel,platform/kernel/mediatek/mt8183/4.4/drivers/input/touchscreen/mediatek/tpd_setting.c,49,module_param,,no,no,no,SOURCE_ONLY,"module_param(tpd_mode_min, int, 0664);"
mt8183-kernel,platform/kernel/mediatek/mt8183/4.4/drivers/input/touchscreen/mediatek/tpd_setting.c,50,module_param,,no,no,no,SOURCE_ONLY,"module_param(tpd_mode_max, int, 0664);"
mt8183-kernel,platform/kernel/mediatek/mt8183/4.4/drivers/input/touchscreen/mediatek/tpd_setting.c,51,module_param,,no,no,no,SOURCE_ONLY,"module_param(tpd_mode_keypad_tolerance, int, 0664);"
mt8183-kernel,platform/kernel/mediatek/mt8183/4.4/drivers/input/touchscreen/mediatek/tpd_setting.c,57,module_param,,no,no,no,SOURCE_ONLY,"module_param(tpd_em_debounce_time0, int, 0664);"
mt8183-kernel,platform/kernel/mediatek/mt8183/4.4/drivers/input/touchscreen/mediatek/tpd_setting.c,58,module_param,,no,no,no,SOURCE_ONLY,"module_param(tpd_em_debounce_time1, int, 0664);"
mt8183-kernel,platform/kernel/mediatek/mt8183/4.4/drivers/input/touchscreen/mediatek/tpd_setting.c,59,module_param,,no,no,no,SOURCE_ONLY,"module_param(tpd_em_debounce_time, int, 0664);"
mt8183-kernel,platform/kernel/mediatek/mt8183/4.4/drivers/input/touchscreen/mediatek/tpd_setting.c,62,module_param,,no,no,no,SOURCE_ONLY,"module_param(tpd_em_spl_num, int, 0664);"
mt8183-kernel,platform/kernel/mediatek/mt8183/4.4/drivers/input/touchscreen/mediatek/tpd_setting.c,65,module_param,,no,no,no,SOURCE_ONLY,"module_param(tpd_em_pressure_threshold, int, 0664);"
mt8183-kernel,platform/kernel/mediatek/mt8183/4.4/drivers/input/touchscreen/mediatek/tpd_setting.c,68,module_param,,no,no,no,SOURCE_ONLY,"module_param(tpd_em_auto_time_interval, int, 0664);"
mt8183-kernel,platform/kernel/mediatek/mt8183/4.4/drivers/input/touchscreen/mediatek/tpd_setting.c,71,module_param,,no,no,no,SOURCE_ONLY,"module_param(tpd_em_sample_cnt, int, 0664);"
mt8183-kernel,platform/kernel/mediatek/mt8183/4.4/drivers/input/touchscreen/mediatek/tpd_setting.c,74,module_param,,no,no,no,SOURCE_ONLY,"module_param(tpd_load_status, int, 0664);"
mt8183-kernel,platform/kernel/mediatek/mt8183/4.4/drivers/input/touchscreen/mediatek/tpd_setting.c,77,module_param,,no,no,no,SOURCE_ONLY,"module_param(tpd_em_asamp, int, 0664);"
mt8183-kernel,platform/kernel/mediatek/mt8183/4.4/drivers/misc/fusb/fusb251.c,266,sysfs_or_store,,no,no,no,SOURCE_ONLY,"if (kstrtouint(buff, 0, &temp))"
mt8183-kernel,platform/kernel/mediatek/mt8183/4.4/drivers/misc/fusb/fusb251.c,306,sysfs_or_store,,no,no,no,SOURCE_ONLY,"if (kstrtouint(buff, 0, &temp))"
mt8183-kernel,platform/kernel/mediatek/mt8183/4.4/drivers/misc/fusb/fusb251.c,346,sysfs_or_store,,no,no,no,SOURCE_ONLY,"if (kstrtouint(buff, 0, &temp))"
mt8183-kernel,platform/kernel/mediatek/mt8183/4.4/drivers/misc/fusb/fusb251.c,386,sysfs_or_store,,no,no,no,SOURCE_ONLY,"if (kstrtouint(buff, 0, &temp))"
mt8183-kernel,platform/kernel/mediatek/mt8183/4.4/drivers/misc/fusb/fusb251.c,490,sysfs_or_store,,no,no,no,SOURCE_ONLY,"if (kstrtouint(buff, 0, &temp))"
mt8183-kernel,platform/kernel/mediatek/mt8183/4.4/drivers/misc/fusb/fusb251.c,530,sysfs_or_store,,no,no,no,SOURCE_ONLY,"if (kstrtouint(buff, 0, &temp))"
mt8183-kernel,platform/kernel/mediatek/mt8183/4.4/drivers/misc/fusb/fusb251.c,570,sysfs_or_store,,no,no,no,SOURCE_ONLY,"if (kstrtouint(buff, 0, &temp))"
mt8183-kernel,platform/kernel/mediatek/mt8183/4.4/drivers/misc/fusb/fusb251.c,611,sysfs_or_store,,no,no,no,SOURCE_ONLY,"if (kstrtouint(buff, 0, &temp))"
mt8183-kernel,platform/kernel/mediatek/mt8183/4.4/drivers/misc/fusb/fusb251.c,646,sysfs_or_store,,no,no,no,SOURCE_ONLY,"if (kstrtouint(buff, 0, &temp))"
mt8183-kernel,platform/kernel/mediatek/mt8183/4.4/drivers/misc/fusb/fusb251.c,681,sysfs_or_store,,no,no,no,SOURCE_ONLY,"if (kstrtouint(buff, 0, &temp))"
mt8183-kernel,platform/kernel/mediatek/mt8183/4.4/drivers/misc/fusb/fusb251.c,717,sysfs_or_store,,no,no,no,SOURCE_ONLY,"if (kstrtouint(buff, 0, &temp))"
mt8183-kernel,platform/kernel/mediatek/mt8183/4.4/drivers/misc/fusb/fusb251.c,785,sysfs_or_store,,no,no,no,SOURCE_ONLY,"if (kstrtouint(buff, 0, &temp))"
mt8183-kernel,platform/kernel/mediatek/mt8183/4.4/drivers/misc/fusb/fusb251.c,825,sysfs_or_store,,no,no,no,SOURCE_ONLY,"if (kstrtouint(buff, 0, &temp))"
mt8183-kernel,platform/kernel/mediatek/mt8183/4.4/drivers/misc/fusb/fusb251.c,869,sysfs_or_store,,no,no,no,SOURCE_ONLY,"if (kstrtouint(buff, 0, &temp))"
mt8183-kernel,platform/kernel/mediatek/mt8183/4.4/drivers/misc/fusb/fusb251.c,913,sysfs_or_store,,no,no,no,SOURCE_ONLY,"if (kstrtouint(buff, 0, &temp))"
mt8183-kernel,platform/kernel/mediatek/mt8183/4.4/drivers/misc/fusb/fusb251.c,957,sysfs_or_store,,no,no,no,SOURCE_ONLY,"if (kstrtouint(buff, 0, &temp))"
mt8183-kernel,platform/kernel/mediatek/mt8183/4.4/drivers/misc/fusb/fusb251.c,1013,sysfs_or_store,,no,no,no,SOURCE_ONLY,"DEVICE_ATTR(reset, 0220, NULL, reset_store);"
mt8183-kernel,platform/kernel/mediatek/mt8183/4.4/drivers/misc/fusb/fusb251.c,1014,sysfs_or_store,,no,no,no,SOURCE_ONLY,"DEVICE_ATTR(control_dry_det, 0660, dry_det_show, dry_det_store);"
mt8183-kernel,platform/kernel/mediatek/mt8183/4.4/drivers/misc/fusb/fusb251.c,1015,sysfs_or_store,,no,no,no,SOURCE_ONLY,"DEVICE_ATTR(control_sbu_det, 0660, sbu_det_show, sbu_det_store);"
mt8183-kernel,platform/kernel/mediatek/mt8183/4.4/drivers/misc/fusb/fusb251.c,1016,sysfs_or_store,,no,no,no,SOURCE_ONLY,"DEVICE_ATTR(control_auto_sbu_det, 0660, auto_sbu_det_show,"
mt8183-kernel,platform/kernel/mediatek/mt8183/4.4/drivers/misc/fusb/fusb251.c,1018,sysfs_or_store,,no,no,no,SOURCE_ONLY,"DEVICE_ATTR(control_sbuft_det, 0660, sbuft_det_show,"
mt8183-kernel,platform/kernel/mediatek/mt8183/4.4/drivers/misc/fusb/fusb251.c,1020,sysfs_or_store,,no,no,no,SOURCE_ONLY,"DEVICE_ATTR(status_look4sbu, 0440, status_look4sbu_show, NULL);"
mt8183-kernel,platform/kernel/mediatek/mt8183/4.4/drivers/misc/fusb/fusb251.c,1021,sysfs_or_store,,no,no,no,SOURCE_ONLY,"DEVICE_ATTR(sbu1_mos_status, 0440, sbu1_mos_status_show, NULL);"
mt8183-kernel,platform/kernel/mediatek/mt8183/4.4/drivers/misc/fusb/fusb251.c,1022,sysfs_or_store,,no,no,no,SOURCE_ONLY,"DEVICE_ATTR(sbu2_mos_status, 0440, sbu2_mos_status_show, NULL);"
mt8183-kernel,platform/kernel/mediatek/mt8183/4.4/drivers/misc/fusb/fusb251.c,1023,sysfs_or_store,,no,no,no,SOURCE_ONLY,"DEVICE_ATTR(sbu1_ft_status, 0440, sbu1_ft_status_show, NULL);"
mt8183-kernel,platform/kernel/mediatek/mt8183/4.4/drivers/misc/fusb/fusb251.c,1024,sysfs_or_store,,no,no,no,SOURCE_ONLY,"DEVICE_ATTR(sbu2_ft_status, 0440, sbu2_ft_status_show, NULL);"
mt8183-kernel,platform/kernel/mediatek/mt8183/4.4/drivers/misc/fusb/fusb251.c,1025,sysfs_or_store,,no,no,no,SOURCE_ONLY,"DEVICE_ATTR(threshold1_sbu_dry2wet, 0660, threshold1_sbu_dry2wet_show,"
mt8183-kernel,platform/kernel/mediatek/mt8183/4.4/drivers/misc/fusb/fusb251.c,1027,sysfs_or_store,,no,no,no,SOURCE_ONLY,"DEVICE_ATTR(threshold1_sbu_wet2dry, 0660, threshold1_sbu_wet2dry_show,"
mt8183-kernel,platform/kernel/mediatek/mt8183/4.4/drivers/misc/fusb/fusb251.c,1029,sysfs_or_store,,no,no,no,SOURCE_ONLY,"DEVICE_ATTR(threshold2_sbuft, 0660, threshold2_sbuft_show,"
mt8183-kernel,platform/kernel/mediatek/mt8183/4.4/drivers/misc/fusb/fusb251.c,1031,sysfs_or_store,,no,no,no,SOURCE_ONLY,"DEVICE_ATTR(task_dry_timer, 0660, task_dry_timer_show, task_dry_timer_store);"
mt8183-kernel,platform/kernel/mediatek/mt8183/4.4/drivers/misc/fusb/fusb251.c,1032,sysfs_or_store,,no,no,no,SOURCE_ONLY,"DEVICE_ATTR(task_wet_timer, 0660, task_wet_timer_show, task_wet_timer_store);"
mt8183-kernel,platform/kernel/mediatek/mt8183/4.4/drivers/misc/fusb/fusb251.c,1033,sysfs_or_store,,no,no,no,SOURCE_ONLY,"DEVICE_ATTR(task_wet_vbus_timer, 0660, task_wet_vbus_timer_show,"
mt8183-kernel,platform/kernel/mediatek/mt8183/4.4/drivers/misc/fusb/fusb251.c,1035,sysfs_or_store,,no,no,no,SOURCE_ONLY,"DEVICE_ATTR(control_cc_det, 0660, cc_det_show, cc_det_store);"
mt8183-kernel,platform/kernel/mediatek/mt8183/4.4/drivers/misc/fusb/fusb251.c,1036,sysfs_or_store,,no,no,no,SOURCE_ONLY,"DEVICE_ATTR(status, 0440, status_show, NULL);"
mt8183-kernel,platform/kernel/mediatek/mt8183/4.4/drivers/misc/fusb/fusb251.c,1037,sysfs_or_store,,no,no,no,SOURCE_ONLY,"DEVICE_ATTR(moi_status, 0440, moi_status_show, NULL);"
mt8183-kernel,platform/kernel/mediatek/mt8183/4.4/drivers/misc/fusb/fusb251.c,1038,sysfs_or_store,,no,no,no,SOURCE_ONLY,"DEVICE_ATTR(switch_cc, 0660, switch_cc_show, switch_cc_store);"
mt8183-kernel,platform/kernel/mediatek/mt8183/4.4/drivers/misc/fusb/fusb251.c,1039,sysfs_or_store,,no,no,no,SOURCE_ONLY,"DEVICE_ATTR(switch_sbu, 0660, switch_sbu_show, switch_sbu_store);"
mt8183-kernel,platform/kernel/mediatek/mt8183/4.4/drivers/misc/fusb/fusb251.c,1040,sysfs_or_store,,no,no,no,SOURCE_ONLY,"DEVICE_ATTR(threshold1_sbu, 0660, threshold1_sbu_show,"
mt8183-kernel,platform/kernel/mediatek/mt8183/4.4/drivers/misc/fusb/fusb251.c,1042,sysfs_or_store,,no,no,no,SOURCE_ONLY,"DEVICE_ATTR(threshold1_cc, 0660, threshold1_cc_show,"
mt8183-kernel,platform/kernel/mediatek/mt8183/4.4/drivers/misc/fusb/fusb251.c,1044,sysfs_or_store,,no,no,no,SOURCE_ONLY,"DEVICE_ATTR(threshold2_vdry, 0660, threshold2_vdry_show,"
mt8183-kernel,platform/kernel/mediatek/mt8183/4.4/drivers/misc/fusb/fusb251.c,1046,sysfs_or_store,,no,no,no,SOURCE_ONLY,"DEVICE_ATTR(regdump, 0440, regdump_show, NULL);"
mt8183-kernel,platform/kernel/mediatek/mt8183/4.4/drivers/misc/mdump.c,190,write_handler,,no,no,yes,SOURCE_ONLY,.write = mdump_compdump_binary_write
mt8183-kernel,platform/kernel/mediatek/mt8183/4.4/drivers/misc/mdump.c,275,write_handler,,no,no,yes,SOURCE_ONLY,"return mdattr->store(mdattr->udata, buffer, size);"
mt8183-kernel,platform/kernel/mediatek/mt8183/4.4/drivers/misc/mdump.c,369,write_handler,mdump_mark_reboot_reason,no,no,yes,SOURCE_ONLY,.write = mdump_binary_write
mt8183-kernel,platform/kernel/mediatek/mt8183/4.4/drivers/misc/mdump.c,379,write_handler,mdump_mark_reboot_reason,no,no,yes,SOURCE_ONLY,.write = mdump_binary_write
mt8183-kernel,platform/kernel/mediatek/mt8183/4.4/drivers/misc/mediatek/accdet/accdet_drv.c,51,ioctl_entry;write_handler,accdet_release,no,no,yes,SOURCE_ONLY,".unlocked_ioctl = accdet_unlocked_ioctl,"
mt8183-kernel,platform/kernel/mediatek/mt8183/4.4/drivers/misc/mediatek/accdet/accdet_drv.c,164,module_param,accdet_mod_exit,no,no,yes,SOURCE_ONLY,"module_param(debug_enable_drv, int, 0644);"
mt8183-kernel,platform/kernel/mediatek/mt8183/4.4/drivers/misc/mediatek/accdet/mt8183/accdet.c,2341,sysfs_or_store,store_accdet_call_state,no,no,no,SOURCE_ONLY,"ret = kstrtoint(buf, 10, &s_call_status);"
mt8183-kernel,platform/kernel/mediatek/mt8183/4.4/drivers/misc/mediatek/accdet/mt8183/accdet.c,2387,sysfs_or_store,store_accdet_set_headset_mode,no,no,no,SOURCE_ONLY,"ret = kstrtoint(buf, 10, &tmp_headset_mode);"
mt8183-kernel,platform/kernel/mediatek/mt8183/4.4/drivers/misc/mediatek/accdet/mt8183/accdet.c,2705,device_create,mt_accdet_probe,no,no,no,SOURCE_ONLY,"accdet_nor_device = device_create(accdet_class, NULL, accdet_devno, NULL, ACCDET_DEVNAME);"
mt8183-kernel,platform/kernel/mediatek/mt8183/4.4/drivers/misc/mediatek/aee/aed/aed-main.c,288,usercopy,,yes,no,yes,SOURCE_ONLY,"if (copy_to_user(buf, msg_tmp + *f_pos, count)) {"
mt8183-kernel,platform/kernel/mediatek/mt8183/4.4/drivers/misc/mediatek/aee/aed/aed-main.c,1048,usercopy,aed_ee_read,yes,no,yes,SOURCE_ONLY,"rsize = copy_from_user(&msg, buf, count);"
mt8183-kernel,platform/kernel/mediatek/mt8183/4.4/drivers/misc/mediatek/aee/aed/aed-main.c,1265,usercopy,aed_ke_read,yes,no,yes,SOURCE_ONLY,"rsize = copy_from_user(&msg, buf, count);"
mt8183-kernel,platform/kernel/mediatek/mt8183/4.4/drivers/misc/mediatek/aee/aed/aed-main.c,1348,usercopy,aed_ioctl,yes,no,yes,SOURCE_ONLY,"if (copy_from_user(&aee_mode_tmp, (void __user *)arg,"
mt8183-kernel,platform/kernel/mediatek/mt8183/4.4/drivers/misc/mediatek/aee/aed/aed-main.c,1367,usercopy,aed_ioctl,yes,no,yes,SOURCE_ONLY,"if (copy_from_user(&aee_force_exp_tmp, (void __user *)arg,"
mt8183-kernel,platform/kernel/mediatek/mt8183/4.4/drivers/misc/mediatek/aee/aed/aed-main.c,1394,usercopy,,yes,no,yes,SOURCE_ONLY,"if (copy_from_user(dal_show, (struct aee_dal_show __user *)arg,"
mt8183-kernel,platform/kernel/mediatek/mt8183/4.4/drivers/misc/mediatek/aee/aed/aed-main.c,1448,usercopy,,yes,no,yes,SOURCE_ONLY,"if (copy_from_user(&dal_setcolor, (struct aee_dal_setcolor __user *)arg,"
mt8183-kernel,platform/kernel/mediatek/mt8183/4.4/drivers/misc/mediatek/aee/aed/aed-main.c,1536,usercopy,,yes,no,yes,SOURCE_ONLY,"if (copy_from_user(&pid, (void __user *)arg, sizeof(int))) {"
mt8183-kernel,platform/kernel/mediatek/mt8183/4.4/drivers/misc/mediatek/aee/aed/aed-main.c,1807,usercopy,,yes,no,yes,SOURCE_ONLY,"ret = copy_from_user((void *)(oops->userthread_stack.Userthread_Stack),"
mt8183-kernel,platform/kernel/mediatek/mt8183/4.4/drivers/misc/mediatek/aee/aed/aed-main.c,1837,usercopy,,yes,no,yes,SOURCE_ONLY,"ret = copy_from_user((void *)(oops->userthread_stack.Userthread_Stack),"
mt8183-kernel,platform/kernel/mediatek/mt8183/4.4/drivers/misc/mediatek/aee/aed/aed-main.c,1865,usercopy,,yes,no,yes,SOURCE_ONLY,"ret = copy_from_user((void *)(oops->userthread_stack.Userthread_Stack),"
mt8183-kernel,platform/kernel/mediatek/mt8183/4.4/drivers/misc/mediatek/aee/aed/aed-main.c,2021,module_param,,yes,no,yes,SOURCE_ONLY,"module_param(rr_reported, bool, S_IRUSR | S_IWUSR);"
mt8183-kernel,platform/kernel/mediatek/mt8183/4.4/drivers/misc/mediatek/aee/aed/aed-main.c,2120,write_handler,aed_proc_done,yes,no,yes,SOURCE_ONLY,".write = aed_ee_write,"
mt8183-kernel,platform/kernel/mediatek/mt8183/4.4/drivers/misc/mediatek/aee/aed/aed-main.c,2121,ioctl_entry;write_handler,aed_proc_done,yes,no,yes,SOURCE_ONLY,".unlocked_ioctl = aed_ioctl,"
mt8183-kernel,platform/kernel/mediatek/mt8183/4.4/drivers/misc/mediatek/aee/aed/aed-main.c,2123,ioctl_entry;write_handler,aed_proc_done,yes,no,yes,SOURCE_ONLY,".compat_ioctl = aed_ioctl,"
mt8183-kernel,platform/kernel/mediatek/mt8183/4.4/drivers/misc/mediatek/aee/aed/aed-main.c,2133,write_handler,aed_proc_done,yes,no,yes,SOURCE_ONLY,".write = aed_ke_write,"
mt8183-kernel,platform/kernel/mediatek/mt8183/4.4/drivers/misc/mediatek/aee/aed/aed-main.c,2134,ioctl_entry;write_handler,aed_proc_done,yes,no,yes,SOURCE_ONLY,".unlocked_ioctl = aed_ioctl,"
mt8183-kernel,platform/kernel/mediatek/mt8183/4.4/drivers/misc/mediatek/aee/aed/aed-main.c,2136,ioctl_entry;write_handler,aed_proc_done,yes,no,yes,SOURCE_ONLY,".compat_ioctl = aed_ioctl,"
mt8183-kernel,platform/kernel/mediatek/mt8183/4.4/drivers/misc/mediatek/aee/aed/aed-main.c,2182,misc_register,aed_init,yes,no,yes,SOURCE_ONLY,err = misc_register(&aed_ee_dev);
mt8183-kernel,platform/kernel/mediatek/mt8183/4.4/drivers/misc/mediatek/aee/aed/aed-main.c,2188,misc_register,aed_init,yes,no,yes,SOURCE_ONLY,err = misc_register(&aed_ke_dev);
mt8183-kernel,platform/kernel/mediatek/mt8183/4.4/drivers/misc/mediatek/aee/aed/aed.h,188,write_handler,,no,no,yes,SOURCE_ONLY,".write = proc_##entry##_write, \"
mt8183-kernel,platform/kernel/mediatek/mt8183/4.4/drivers/misc/mediatek/aee/aed/aed.h,197,procfs,,no,no,yes,SOURCE_ONLY,"({if (!proc_create(#name, S_IFREG | mode, aed_proc_dir, &proc_##entry##_fops)) \"
mt8183-kernel,platform/kernel/mediatek/mt8183/4.4/drivers/misc/mediatek/aee/aed/monitor_hang.c,145,usercopy,monitor_hang_proc_write,yes,yes,yes,SOURCE_ONLY,"if (copy_from_user(&buf, ubuf, cnt))"
mt8183-kernel,platform/kernel/mediatek/mt8183/4.4/drivers/misc/mediatek/aee/aed/monitor_hang.c,182,write_handler,,yes,yes,yes,SOURCE_ONLY,".write = monitor_hang_proc_write,"
mt8183-kernel,platform/kernel/mediatek/mt8183/4.4/drivers/misc/mediatek/aee/aed/monitor_hang.c,264,usercopy,monitor_hang_ioctl,yes,yes,yes,SOURCE_ONLY,"if (copy_from_user(&monitor_status, (void __user *)arg, sizeof(long long)))"
mt8183-kernel,platform/kernel/mediatek/mt8183/4.4/drivers/misc/mediatek/aee/aed/monitor_hang.c,268,usercopy,monitor_hang_ioctl,yes,yes,yes,SOURCE_ONLY,"if (copy_to_user((void __user *)arg, &monitor_status, sizeof(long long)))"
mt8183-kernel,platform/kernel/mediatek/mt8183/4.4/drivers/misc/mediatek/aee/aed/monitor_hang.c,277,uid_check,monitor_hang_ioctl,yes,yes,yes,SOURCE_ONLY,"if (!uid_eq(cred->euid, GLOBAL_ROOT_UID))"
mt8183-kernel,platform/kernel/mediatek/mt8183/4.4/drivers/misc/mediatek/aee/aed/monitor_hang.c,313,write_handler,,yes,yes,yes,SOURCE_ONLY,".write = monitor_hang_write,"
mt8183-kernel,platform/kernel/mediatek/mt8183/4.4/drivers/misc/mediatek/aee/aed/monitor_hang.c,314,ioctl_entry;write_handler,,yes,yes,yes,SOURCE_ONLY,".unlocked_ioctl = monitor_hang_ioctl,"
mt8183-kernel,platform/kernel/mediatek/mt8183/4.4/drivers/misc/mediatek/aee/aed/monitor_hang.c,316,ioctl_entry;write_handler,,yes,yes,yes,SOURCE_ONLY,".compat_ioctl = monitor_hang_ioctl,"
mt8183-kernel,platform/kernel/mediatek/mt8183/4.4/drivers/misc/mediatek/aee/aed/monitor_hang.c,344,misc_register,monitor_hang_init,yes,yes,yes,SOURCE_ONLY,err = misc_register(&aed_wdt_RT_Monitor_dev);
mt8183-kernel,platform/kernel/mediatek/mt8183/4.4/drivers/misc/mediatek/aee/aed/monitor_hang.c,353,procfs,monitor_hang_init,yes,yes,yes,SOURCE_ONLY,"pe = proc_create(""monitor_hang"", 0664, NULL, &monitor_hang_fops);"
mt8183-kernel,platform/kernel/mediatek/mt8183/4.4/drivers/misc/mediatek/aee/common/reboot-reason.c,87,procfs,aee_rr_proc_init,no,no,no,SOURCE_ONLY,"aee_rr_file = proc_create(RR_PROC_NAME,"
mt8183-kernel,platform/kernel/mediatek/mt8183/4.4/drivers/misc/mediatek/aee/mrdump/mrdump_mini.c,1010,module_param,mini_rdump_reserve_memory,no,no,no,SOURCE_ONLY,"module_param(dump_all_cpus, bool, S_IRUGO | S_IWUSR);"
mt8183-kernel,platform/kernel/mediatek/mt8183/4.4/drivers/misc/mediatek/atf_log/atf_logger.c,21,usercopy,,yes,no,yes,SOURCE_ONLY,#include <linux/uaccess.h> /* copy_to_user() */
mt8183-kernel,platform/kernel/mediatek/mt8183/4.4/drivers/misc/mediatek/atf_log/atf_logger.c,177,usercopy,atf_log_write,yes,no,yes,SOURCE_ONLY,"ret = copy_from_user(kernel_buf, buf, 8);"
mt8183-kernel,platform/kernel/mediatek/mt8183/4.4/drivers/misc/mediatek/atf_log/atf_logger.c,209,write_handler,do_read_log_to_usr,yes,no,yes,SOURCE_ONLY,/* write (right) - read (left) */
mt8183-kernel,platform/kernel/mediatek/mt8183/4.4/drivers/misc/mediatek/atf_log/atf_logger.c,211,usercopy,do_read_log_to_usr,yes,no,yes,SOURCE_ONLY,"if (copy_to_user(buf, atf_log_vir_addr + local_read_index, count))"
mt8183-kernel,platform/kernel/mediatek/mt8183/4.4/drivers/misc/mediatek/atf_log/atf_logger.c,221,usercopy,do_read_log_to_usr,yes,no,yes,SOURCE_ONLY,"if (copy_to_user(buf, atf_log_vir_addr + local_read_index, right))"
mt8183-kernel,platform/kernel/mediatek/mt8183/4.4/drivers/misc/mediatek/atf_log/atf_logger.c,223,usercopy,do_read_log_to_usr,yes,no,yes,SOURCE_ONLY,"if (copy_to_user((buf + right), atf_log_vir_addr, count - right))"
mt8183-kernel,platform/kernel/mediatek/mt8183/4.4/drivers/misc/mediatek/atf_log/atf_logger.c,227,usercopy,do_read_log_to_usr,yes,no,yes,SOURCE_ONLY,"if (copy_to_user(buf, atf_log_vir_addr + local_read_index, count))"
mt8183-kernel,platform/kernel/mediatek/mt8183/4.4/drivers/misc/mediatek/atf_log/atf_logger.c,330,ioctl_entry;write_handler,atf_log_ioctl,yes,no,yes,SOURCE_ONLY,".unlocked_ioctl = atf_log_ioctl,"
mt8183-kernel,platform/kernel/mediatek/mt8183/4.4/drivers/misc/mediatek/atf_log/atf_logger.c,331,ioctl_entry;write_handler,atf_log_ioctl,yes,no,yes,SOURCE_ONLY,".compat_ioctl = atf_log_ioctl,"
mt8183-kernel,platform/kernel/mediatek/mt8183/4.4/drivers/misc/mediatek/atf_log/atf_logger.c,336,write_handler,atf_log_ioctl,yes,no,yes,SOURCE_ONLY,".write = atf_log_write,"
mt8183-kernel,platform/kernel/mediatek/mt8183/4.4/drivers/misc/mediatek/atf_log/atf_logger.c,510,misc_register,atf_logger_probe,yes,no,yes,SOURCE_ONLY,err = misc_register(&atf_log_dev);
mt8183-kernel,platform/kernel/mediatek/mt8183/4.4/drivers/misc/mediatek/atf_log/atf_logger.c,567,procfs,,yes,no,yes,SOURCE_ONLY,"atf_log_proc_file = proc_create(""atf_log"", 0444, atf_log_proc_dir, &atf_log_fops);"
mt8183-kernel,platform/kernel/mediatek/mt8183/4.4/drivers/misc/mediatek/auxadc/mtk_auxadc.c,568,usercopy,auxadc_cali_unlocked_ioctl,yes,no,yes,SOURCE_ONLY,"ret = copy_from_user(auxadc_cali_slop, nvram_data_addr, 36);"
mt8183-kernel,platform/kernel/mediatek/mt8183/4.4/drivers/misc/mediatek/auxadc/mtk_auxadc.c,583,usercopy,auxadc_cali_unlocked_ioctl,yes,no,yes,SOURCE_ONLY,"ret = copy_from_user(auxadc_cali_offset, nvram_data_addr, 36);"
mt8183-kernel,platform/kernel/mediatek/mt8183/4.4/drivers/misc/mediatek/auxadc/mtk_auxadc.c,593,usercopy,auxadc_cali_unlocked_ioctl,yes,no,yes,SOURCE_ONLY,"ret = copy_from_user(auxadc_cali_cal, nvram_data_addr, 4);"
mt8183-kernel,platform/kernel/mediatek/mt8183/4.4/drivers/misc/mediatek/auxadc/mtk_auxadc.c,609,usercopy,,yes,no,yes,SOURCE_ONLY,"ret = copy_from_user(auxadc_in_data, user_data_addr, 8); /* 2*int = 2*4 */"
mt8183-kernel,platform/kernel/mediatek/mt8183/4.4/drivers/misc/mediatek/auxadc/mtk_auxadc.c,612,usercopy,,yes,no,yes,SOURCE_ONLY,"ret = copy_to_user(user_data_addr, auxadc_out_data, 8);"
mt8183-kernel,platform/kernel/mediatek/mt8183/4.4/drivers/misc/mediatek/auxadc/mtk_auxadc.c,663,ioctl_entry;write_handler,auxadc_cali_release,yes,no,yes,SOURCE_ONLY,".unlocked_ioctl = auxadc_cali_unlocked_ioctl,"
mt8183-kernel,platform/kernel/mediatek/mt8183/4.4/drivers/misc/mediatek/auxadc/mtk_auxadc.c,667,ioctl_entry;write_handler,auxadc_cali_release,yes,no,yes,SOURCE_ONLY,".compat_ioctl = compat_auxadc_unlocked_ioctl,"
mt8183-kernel,platform/kernel/mediatek/mt8183/4.4/drivers/misc/mediatek/auxadc/mtk_auxadc.c,692,sysfs_or_store,auxadc_cali_release,yes,no,yes,SOURCE_ONLY,"static DEVICE_ATTR(AUXADC_Channel_0_Slope, 0664, show_AUXADC_Channel_0_Slope,"
mt8183-kernel,platform/kernel/mediatek/mt8183/4.4/drivers/misc/mediatek/auxadc/mtk_auxadc.c,711,sysfs_or_store,,yes,no,yes,SOURCE_ONLY,"static DEVICE_ATTR(AUXADC_Channel_0_Offset, 0664, show_AUXADC_Channel_0_Offset,"
mt8183-kernel,platform/kernel/mediatek/mt8183/4.4/drivers/misc/mediatek/auxadc/mtk_auxadc.c,734,sysfs_or_store,,yes,no,yes,SOURCE_ONLY,"static DEVICE_ATTR(AUXADC_Channel_1_Slope, 0664, show_AUXADC_Channel_1_Slope,"
mt8183-kernel,platform/kernel/mediatek/mt8183/4.4/drivers/misc/mediatek/auxadc/mtk_auxadc.c,753,sysfs_or_store,,yes,no,yes,SOURCE_ONLY,"static DEVICE_ATTR(AUXADC_Channel_1_Offset, 0664, show_AUXADC_Channel_1_Offset,"
mt8183-kernel,platform/kernel/mediatek/mt8183/4.4/drivers/misc/mediatek/auxadc/mtk_auxadc.c,776,sysfs_or_store,,yes,no,yes,SOURCE_ONLY,"static DEVICE_ATTR(AUXADC_Channel_2_Slope, 0664, show_AUXADC_Channel_2_Slope,"
mt8183-kernel,platform/kernel/mediatek/mt8183/4.4/drivers/misc/mediatek/auxadc/mtk_auxadc.c,795,sysfs_or_store,,yes,no,yes,SOURCE_ONLY,"static DEVICE_ATTR(AUXADC_Channel_2_Offset, 0664, show_AUXADC_Channel_2_Offset,"
mt8183-kernel,platform/kernel/mediatek/mt8183/4.4/drivers/misc/mediatek/auxadc/mtk_auxadc.c,818,sysfs_or_store,,yes,no,yes,SOURCE_ONLY,"static DEVICE_ATTR(AUXADC_Channel_3_Slope, 0664, show_AUXADC_Channel_3_Slope,"
mt8183-kernel,platform/kernel/mediatek/mt8183/4.4/drivers/misc/mediatek/auxadc/mtk_auxadc.c,837,sysfs_or_store,,yes,no,yes,SOURCE_ONLY,"static DEVICE_ATTR(AUXADC_Channel_3_Offset, 0664, show_AUXADC_Channel_3_Offset,"
mt8183-kernel,platform/kernel/mediatek/mt8183/4.4/drivers/misc/mediatek/auxadc/mtk_auxadc.c,860,sysfs_or_store,,yes,no,yes,SOURCE_ONLY,"static DEVICE_ATTR(AUXADC_Channel_4_Slope, 0664, show_AUXADC_Channel_4_Slope,"
mt8183-kernel,platform/kernel/mediatek/mt8183/4.4/drivers/misc/mediatek/auxadc/mtk_auxadc.c,879,sysfs_or_store,,yes,no,yes,SOURCE_ONLY,"static DEVICE_ATTR(AUXADC_Channel_4_Offset, 0664, show_AUXADC_Channel_4_Offset,"
mt8183-kernel,platform/kernel/mediatek/mt8183/4.4/drivers/misc/mediatek/auxadc/mtk_auxadc.c,902,sysfs_or_store,,yes,no,yes,SOURCE_ONLY,"static DEVICE_ATTR(AUXADC_Channel_5_Slope, 0664, show_AUXADC_Channel_5_Slope,"
mt8183-kernel,platform/kernel/mediatek/mt8183/4.4/drivers/misc/mediatek/auxadc/mtk_auxadc.c,921,sysfs_or_store,,yes,no,yes,SOURCE_ONLY,"static DEVICE_ATTR(AUXADC_Channel_5_Offset, 0664, show_AUXADC_Channel_5_Offset,"
mt8183-kernel,platform/kernel/mediatek/mt8183/4.4/drivers/misc/mediatek/auxadc/mtk_auxadc.c,944,sysfs_or_store,,yes,no,yes,SOURCE_ONLY,"static DEVICE_ATTR(AUXADC_Channel_6_Slope, 0664, show_AUXADC_Channel_6_Slope,"
mt8183-kernel,platform/kernel/mediatek/mt8183/4.4/drivers/misc/mediatek/auxadc/mtk_auxadc.c,963,sysfs_or_store,,yes,no,yes,SOURCE_ONLY,"static DEVICE_ATTR(AUXADC_Channel_6_Offset, 0664, show_AUXADC_Channel_6_Offset,"
mt8183-kernel,platform/kernel/mediatek/mt8183/4.4/drivers/misc/mediatek/auxadc/mtk_auxadc.c,986,sysfs_or_store,,yes,no,yes,SOURCE_ONLY,"static DEVICE_ATTR(AUXADC_Channel_7_Slope, 0664, show_AUXADC_Channel_7_Slope,"
mt8183-kernel,platform/kernel/mediatek/mt8183/4.4/drivers/misc/mediatek/auxadc/mtk_auxadc.c,1005,sysfs_or_store,,yes,no,yes,SOURCE_ONLY,"static DEVICE_ATTR(AUXADC_Channel_7_Offset, 0664, show_AUXADC_Channel_7_Offset,"
mt8183-kernel,platform/kernel/mediatek/mt8183/4.4/drivers/misc/mediatek/auxadc/mtk_auxadc.c,1028,sysfs_or_store,,yes,no,yes,SOURCE_ONLY,"static DEVICE_ATTR(AUXADC_Channel_8_Slope, 0664, show_AUXADC_Channel_8_Slope,"
mt8183-kernel,platform/kernel/mediatek/mt8183/4.4/drivers/misc/mediatek/auxadc/mtk_auxadc.c,1047,sysfs_or_store,,yes,no,yes,SOURCE_ONLY,"static DEVICE_ATTR(AUXADC_Channel_8_Offset, 0664, show_AUXADC_Channel_8_Offset,"
mt8183-kernel,platform/kernel/mediatek/mt8183/4.4/drivers/misc/mediatek/auxadc/mtk_auxadc.c,1070,sysfs_or_store,,yes,no,yes,SOURCE_ONLY,"static DEVICE_ATTR(AUXADC_Channel_9_Slope, 0664, show_AUXADC_Channel_9_Slope,"
mt8183-kernel,platform/kernel/mediatek/mt8183/4.4/drivers/misc/mediatek/auxadc/mtk_auxadc.c,1089,sysfs_or_store,,yes,no,yes,SOURCE_ONLY,"static DEVICE_ATTR(AUXADC_Channel_9_Offset, 0664, show_AUXADC_Channel_9_Offset,"
mt8183-kernel,platform/kernel/mediatek/mt8183/4.4/drivers/misc/mediatek/auxadc/mtk_auxadc.c,1112,sysfs_or_store,,yes,no,yes,SOURCE_ONLY,"static DEVICE_ATTR(AUXADC_Channel_10_Slope, 0664, show_AUXADC_Channel_10_Slope,"
mt8183-kernel,platform/kernel/mediatek/mt8183/4.4/drivers/misc/mediatek/auxadc/mtk_auxadc.c,1131,sysfs_or_store,,yes,no,yes,SOURCE_ONLY,"static DEVICE_ATTR(AUXADC_Channel_10_Offset, 0664, show_AUXADC_Channel_10_Offset,"
mt8183-kernel,platform/kernel/mediatek/mt8183/4.4/drivers/misc/mediatek/auxadc/mtk_auxadc.c,1154,sysfs_or_store,,yes,no,yes,SOURCE_ONLY,"static DEVICE_ATTR(AUXADC_Channel_11_Slope, 0664, show_AUXADC_Channel_11_Slope,"
mt8183-kernel,platform/kernel/mediatek/mt8183/4.4/drivers/misc/mediatek/auxadc/mtk_auxadc.c,1173,sysfs_or_store,,yes,no,yes,SOURCE_ONLY,"static DEVICE_ATTR(AUXADC_Channel_11_Offset, 0664, show_AUXADC_Channel_11_Offset,"
mt8183-kernel,platform/kernel/mediatek/mt8183/4.4/drivers/misc/mediatek/auxadc/mtk_auxadc.c,1196,sysfs_or_store,,yes,no,yes,SOURCE_ONLY,"static DEVICE_ATTR(AUXADC_Channel_12_Slope, 0664, show_AUXADC_Channel_12_Slope,"
mt8183-kernel,platform/kernel/mediatek/mt8183/4.4/drivers/misc/mediatek/auxadc/mtk_auxadc.c,1215,sysfs_or_store,,yes,no,yes,SOURCE_ONLY,"static DEVICE_ATTR(AUXADC_Channel_12_Offset, 0664, show_AUXADC_Channel_12_Offset,"
mt8183-kernel,platform/kernel/mediatek/mt8183/4.4/drivers/misc/mediatek/auxadc/mtk_auxadc.c,1238,sysfs_or_store,,yes,no,yes,SOURCE_ONLY,"static DEVICE_ATTR(AUXADC_Channel_13_Slope, 0664, show_AUXADC_Channel_13_Slope,"
mt8183-kernel,platform/kernel/mediatek/mt8183/4.4/drivers/misc/mediatek/auxadc/mtk_auxadc.c,1257,sysfs_or_store,,yes,no,yes,SOURCE_ONLY,"static DEVICE_ATTR(AUXADC_Channel_13_Offset, 0664, show_AUXADC_Channel_13_Offset,"
mt8183-kernel,platform/kernel/mediatek/mt8183/4.4/drivers/misc/mediatek/auxadc/mtk_auxadc.c,1280,sysfs_or_store,,yes,no,yes,SOURCE_ONLY,"static DEVICE_ATTR(AUXADC_Channel_14_Slope, 0664, show_AUXADC_Channel_14_Slope,"
mt8183-kernel,platform/kernel/mediatek/mt8183/4.4/drivers/misc/mediatek/auxadc/mtk_auxadc.c,1299,sysfs_or_store,,yes,no,yes,SOURCE_ONLY,"static DEVICE_ATTR(AUXADC_Channel_14_Offset, 0664, show_AUXADC_Channel_14_Offset,"
mt8183-kernel,platform/kernel/mediatek/mt8183/4.4/drivers/misc/mediatek/auxadc/mtk_auxadc.c,1322,sysfs_or_store,,yes,no,yes,SOURCE_ONLY,"static DEVICE_ATTR(AUXADC_Channel_15_Slope, 0664, show_AUXADC_Channel_15_Slope,"
mt8183-kernel,platform/kernel/mediatek/mt8183/4.4/drivers/misc/mediatek/auxadc/mtk_auxadc.c,1341,sysfs_or_store,,yes,no,yes,SOURCE_ONLY,"static DEVICE_ATTR(AUXADC_Channel_15_Offset, 0664, show_AUXADC_Channel_15_Offset,"
mt8183-kernel,platform/kernel/mediatek/mt8183/4.4/drivers/misc/mediatek/auxadc/mtk_auxadc.c,1366,sysfs_or_store,,yes,no,yes,SOURCE_ONLY,"static DEVICE_ATTR(AUXADC_Channel_Is_Calibration, 0664, show_AUXADC_Channel_Is_Calibration,"
mt8183-kernel,platform/kernel/mediatek/mt8183/4.4/drivers/misc/mediatek/auxadc/mtk_auxadc.c,1381,sysfs_or_store,show_AUXADC_register,yes,no,yes,SOURCE_ONLY,"static DEVICE_ATTR(AUXADC_register, 0664, show_AUXADC_register, store_AUXADC_register);"
mt8183-kernel,platform/kernel/mediatek/mt8183/4.4/drivers/misc/mediatek/auxadc/mtk_auxadc.c,1486,sysfs_or_store,,yes,no,yes,SOURCE_ONLY,"ret = kstrtoint(buf, sizeof(int), &start_flag);"
mt8183-kernel,platform/kernel/mediatek/mt8183/4.4/drivers/misc/mediatek/auxadc/mtk_auxadc.c,1509,sysfs_or_store,,yes,no,yes,SOURCE_ONLY,"static DEVICE_ATTR(AUXADC_read_channel, 0664, show_AUXADC_channel, store_AUXADC_channel);"
mt8183-kernel,platform/kernel/mediatek/mt8183/4.4/drivers/misc/mediatek/auxadc/mtk_auxadc.c,1718,procfs,adc_debug_init,yes,no,yes,SOURCE_ONLY,"proc_create(""dump_auxadc_status"", S_IRUGO | S_IWUSR, mt_auxadc_dir, &auxadc_debug_proc_fops);"
mt8183-kernel,platform/kernel/mediatek/mt8183/4.4/drivers/misc/mediatek/auxadc/mtk_auxadc.c,1749,device_create,mt_auxadc_probe,yes,no,yes,SOURCE_ONLY,"adc_dev = (struct device *)device_create(auxadc_cali_class,"
mt8183-kernel,platform/kernel/mediatek/mt8183/4.4/drivers/misc/mediatek/base/power/clkbuf_v1/mt8183/mtk_clkbuf_hw.c,1348,sysfs_or_store,clk_buf_set_capid_from_idme,no,no,no,SOURCE_ONLY,"ret = kstrtoint(data, 16, &capid);"
mt8183-kernel,platform/kernel/mediatek/mt8183/4.4/drivers/misc/mediatek/base/power/cm_mgr_v1/mtk_cm_mgr.c,961,usercopy,,yes,no,no,SOURCE_ONLY,"if (copy_from_user(buf, buffer, count))"
mt8183-kernel,platform/kernel/mediatek/mt8183/4.4/drivers/misc/mediatek/base/power/cm_mgr_v1/mtk_cm_mgr_mt8183_data.h,30,write_handler,,no,no,yes,SOURCE_ONLY,".write = name ## _proc_write, \"
mt8183-kernel,platform/kernel/mediatek/mt8183/4.4/drivers/misc/mediatek/base/power/cpufreq_v1/inc/mtk_cpufreq_internal.h,148,write_handler,,no,no,yes,SOURCE_ONLY,".write = name ## _proc_write, \"
mt8183-kernel,platform/kernel/mediatek/mt8183/4.4/drivers/misc/mediatek/base/power/cpufreq_v1/src/mtk_cpufreq_interface.c,56,usercopy,,yes,no,no,SOURCE_ONLY,"if (copy_from_user(buf, buffer, count))"
mt8183-kernel,platform/kernel/mediatek/mt8183/4.4/drivers/misc/mediatek/base/power/cpufreq_v1/src/mtk_cpufreq_interface.c,88,sysfs_or_store,cpufreq_debug_proc_show,yes,no,no,SOURCE_ONLY,"rc = kstrtoint(buf, 10, &dbg_lv);"
mt8183-kernel,platform/kernel/mediatek/mt8183/4.4/drivers/misc/mediatek/base/power/cpufreq_v1/src/mtk_cpufreq_interface.c,116,sysfs_or_store,cpufreq_power_mode_proc_write,yes,no,no,SOURCE_ONLY,"if (!kstrtouint(buf, 10, &mode) && mode < NUM_PPB_POWER_MODE) {"
mt8183-kernel,platform/kernel/mediatek/mt8183/4.4/drivers/misc/mediatek/base/power/cpufreq_v1/src/mtk_cpufreq_interface.c,143,sysfs_or_store,cpufreq_stress_test_proc_show,yes,no,no,SOURCE_ONLY,"rc = kstrtoint(buf, 10, &do_stress);"
mt8183-kernel,platform/kernel/mediatek/mt8183/4.4/drivers/misc/mediatek/base/power/cpufreq_v1/src/mtk_cpufreq_interface.c,190,sysfs_or_store,cpufreq_oppidx_proc_write,yes,no,no,SOURCE_ONLY,"rc = kstrtoint(buf, 10, &oppidx);"
mt8183-kernel,platform/kernel/mediatek/mt8183/4.4/drivers/misc/mediatek/base/power/cpufreq_v1/src/mtk_cpufreq_interface.c,237,sysfs_or_store,cpufreq_freq_proc_write,yes,no,no,SOURCE_ONLY,"rc = kstrtoint(buf, 10, &freq);"
mt8183-kernel,platform/kernel/mediatek/mt8183/4.4/drivers/misc/mediatek/base/power/cpufreq_v1/src/mtk_cpufreq_interface.c,308,sysfs_or_store,cpufreq_volt_proc_write,yes,no,no,SOURCE_ONLY,"rc = kstrtoint(buf, 10, &uv);"
mt8183-kernel,platform/kernel/mediatek/mt8183/4.4/drivers/misc/mediatek/base/power/cpufreq_v1/src/mtk_cpufreq_interface.c,352,sysfs_or_store,cpufreq_turbo_mode_proc_write,yes,no,no,SOURCE_ONLY,"rc = kstrtoint(buf, 10, &turbo_mode);"
mt8183-kernel,platform/kernel/mediatek/mt8183/4.4/drivers/misc/mediatek/base/power/cpufreq_v1/src/mtk_cpufreq_interface.c,393,sysfs_or_store,cpufreq_sched_disable_proc_write,yes,no,no,SOURCE_ONLY,"rc = kstrtoint(buf, 10, &sched_disable);"
mt8183-kernel,platform/kernel/mediatek/mt8183/4.4/drivers/misc/mediatek/base/power/cpufreq_v1/src/mtk_cpufreq_interface.c,438,sysfs_or_store,cpufreq_dvfs_time_profile_proc_show,yes,no,no,SOURCE_ONLY,"rc = kstrtoint(buf, 10, &temp);"
mt8183-kernel,platform/kernel/mediatek/mt8183/4.4/drivers/misc/mediatek/base/power/drcc_v1/mt8183/mtk_drcc.c,486,usercopy,drcc_enable_proc_show,yes,no,yes,SOURCE_ONLY,"if (copy_from_user(buf, buffer, count))"
mt8183-kernel,platform/kernel/mediatek/mt8183/4.4/drivers/misc/mediatek/base/power/drcc_v1/mt8183/mtk_drcc.c,491,sysfs_or_store,drcc_enable_proc_show,yes,no,yes,SOURCE_ONLY,"if (kstrtoint(buf, 10, &enable)) {"
mt8183-kernel,platform/kernel/mediatek/mt8183/4.4/drivers/misc/mediatek/base/power/drcc_v1/mt8183/mtk_drcc.c,541,usercopy,drcc_trig_proc_show,yes,no,yes,SOURCE_ONLY,"if (copy_from_user(buf, buffer, count))"
mt8183-kernel,platform/kernel/mediatek/mt8183/4.4/drivers/misc/mediatek/base/power/drcc_v1/mt8183/mtk_drcc.c,583,usercopy,drcc_count_proc_show,yes,no,yes,SOURCE_ONLY,"if (copy_from_user(buf, buffer, count))"
mt8183-kernel,platform/kernel/mediatek/mt8183/4.4/drivers/misc/mediatek/base/power/drcc_v1/mt8183/mtk_drcc.c,624,usercopy,drcc_mode_proc_show,yes,no,yes,SOURCE_ONLY,"if (copy_from_user(buf, buffer, count))"
mt8183-kernel,platform/kernel/mediatek/mt8183/4.4/drivers/misc/mediatek/base/power/drcc_v1/mt8183/mtk_drcc.c,629,sysfs_or_store,drcc_mode_proc_show,yes,no,yes,SOURCE_ONLY,"if (kstrtoint(buf, 10, &value)) {"
mt8183-kernel,platform/kernel/mediatek/mt8183/4.4/drivers/misc/mediatek/base/power/drcc_v1/mt8183/mtk_drcc.c,665,usercopy,drcc_code_proc_show,yes,no,yes,SOURCE_ONLY,"if (copy_from_user(buf, buffer, count))"
mt8183-kernel,platform/kernel/mediatek/mt8183/4.4/drivers/misc/mediatek/base/power/drcc_v1/mt8183/mtk_drcc.c,670,sysfs_or_store,drcc_code_proc_show,yes,no,yes,SOURCE_ONLY,"if (kstrtoint(buf, 10, &value)) {"
mt8183-kernel,platform/kernel/mediatek/mt8183/4.4/drivers/misc/mediatek/base/power/drcc_v1/mt8183/mtk_drcc.c,706,usercopy,drcc_hwgatepct_proc_show,yes,no,yes,SOURCE_ONLY,"if (copy_from_user(buf, buffer, count))"
mt8183-kernel,platform/kernel/mediatek/mt8183/4.4/drivers/misc/mediatek/base/power/drcc_v1/mt8183/mtk_drcc.c,711,sysfs_or_store,drcc_hwgatepct_proc_show,yes,no,yes,SOURCE_ONLY,"if (kstrtoint(buf, 10, &value)) {"
mt8183-kernel,platform/kernel/mediatek/mt8183/4.4/drivers/misc/mediatek/base/power/drcc_v1/mt8183/mtk_drcc.c,747,usercopy,drcc_vreffilt_proc_show,yes,no,yes,SOURCE_ONLY,"if (copy_from_user(buf, buffer, count))"
mt8183-kernel,platform/kernel/mediatek/mt8183/4.4/drivers/misc/mediatek/base/power/drcc_v1/mt8183/mtk_drcc.c,752,sysfs_or_store,drcc_vreffilt_proc_show,yes,no,yes,SOURCE_ONLY,"if (kstrtoint(buf, 10, &value)) {"
mt8183-kernel,platform/kernel/mediatek/mt8183/4.4/drivers/misc/mediatek/base/power/drcc_v1/mt8183/mtk_drcc.c,788,usercopy,drcc_autocalibdelay_proc_show,yes,no,yes,SOURCE_ONLY,"if (copy_from_user(buf, buffer, count))"
mt8183-kernel,platform/kernel/mediatek/mt8183/4.4/drivers/misc/mediatek/base/power/drcc_v1/mt8183/mtk_drcc.c,793,sysfs_or_store,drcc_autocalibdelay_proc_show,yes,no,yes,SOURCE_ONLY,"if (kstrtoint(buf, 10, &value)) {"
mt8183-kernel,platform/kernel/mediatek/mt8183/4.4/drivers/misc/mediatek/base/power/drcc_v1/mt8183/mtk_drcc.c,830,usercopy,drcc_forcetrim_proc_show,yes,no,yes,SOURCE_ONLY,"if (copy_from_user(buf, buffer, count))"
mt8183-kernel,platform/kernel/mediatek/mt8183/4.4/drivers/misc/mediatek/base/power/drcc_v1/mt8183/mtk_drcc.c,871,usercopy,drcc_protect_proc_show,yes,no,yes,SOURCE_ONLY,"if (copy_from_user(buf, buffer, count))"
mt8183-kernel,platform/kernel/mediatek/mt8183/4.4/drivers/misc/mediatek/base/power/drcc_v1/mt8183/mtk_drcc.c,876,sysfs_or_store,drcc_protect_proc_show,yes,no,yes,SOURCE_ONLY,"if (kstrtoint(buf, 10, &value)) {"
mt8183-kernel,platform/kernel/mediatek/mt8183/4.4/drivers/misc/mediatek/base/power/drcc_v1/mt8183/mtk_drcc.c,907,usercopy,drcc_timer_proc_show,yes,no,yes,SOURCE_ONLY,"if (copy_from_user(buf, buffer, count))"
mt8183-kernel,platform/kernel/mediatek/mt8183/4.4/drivers/misc/mediatek/base/power/drcc_v1/mt8183/mtk_drcc.c,912,sysfs_or_store,drcc_timer_proc_show,yes,no,yes,SOURCE_ONLY,"if (kstrtoint(buf, 10, &enable)) {"
mt8183-kernel,platform/kernel/mediatek/mt8183/4.4/drivers/misc/mediatek/base/power/drcc_v1/mt8183/mtk_drcc.c,969,write_handler,drcc_reg_dump_proc_show,yes,no,yes,SOURCE_ONLY,".write = name ## _proc_write, \"
mt8183-kernel,platform/kernel/mediatek/mt8183/4.4/drivers/misc/mediatek/base/power/drcc_v1/mt8183/mtk_drcc.c,1034,procfs,create_procfs,yes,no,yes,SOURCE_ONLY,"if (!proc_create(drcc_entries[i].name,"
mt8183-kernel,platform/kernel/mediatek/mt8183/4.4/drivers/misc/mediatek/base/power/eem_v2/mt8183/mtk_eem.c,3262,usercopy,eem_debug_proc_show,yes,no,yes,SOURCE_ONLY,"if (copy_from_user(buf, buffer, count))"
mt8183-kernel,platform/kernel/mediatek/mt8183/4.4/drivers/misc/mediatek/base/power/eem_v2/mt8183/mtk_eem.c,3267,sysfs_or_store,,yes,no,yes,SOURCE_ONLY,"if (!kstrtoint(buf, 10, &enabled)) {"
mt8183-kernel,platform/kernel/mediatek/mt8183/4.4/drivers/misc/mediatek/base/power/eem_v2/mt8183/mtk_eem.c,3452,usercopy,eem_log_en_proc_show,yes,no,yes,SOURCE_ONLY,"if (copy_from_user(buf, buffer, count))"
mt8183-kernel,platform/kernel/mediatek/mt8183/4.4/drivers/misc/mediatek/base/power/eem_v2/mt8183/mtk_eem.c,3459,sysfs_or_store,eem_log_en_proc_show,yes,no,yes,SOURCE_ONLY,"if (kstrtoint(buf, 10, &eem_log_en)) {"
mt8183-kernel,platform/kernel/mediatek/mt8183/4.4/drivers/misc/mediatek/base/power/eem_v2/mt8183/mtk_eem.c,3519,usercopy,eem_init1stress_en_proc_show,yes,no,yes,SOURCE_ONLY,"if (copy_from_user(buf, buffer, count))"
mt8183-kernel,platform/kernel/mediatek/mt8183/4.4/drivers/misc/mediatek/base/power/eem_v2/mt8183/mtk_eem.c,3526,sysfs_or_store,eem_init1stress_en_proc_show,yes,no,yes,SOURCE_ONLY,"if (kstrtoint(buf, 10, &eem_init1stress_en)) {"
mt8183-kernel,platform/kernel/mediatek/mt8183/4.4/drivers/misc/mediatek/base/power/eem_v2/mt8183/mtk_eem.c,3598,usercopy,eem_offset_proc_show,yes,no,yes,SOURCE_ONLY,"if (copy_from_user(buf, buffer, count))"
mt8183-kernel,platform/kernel/mediatek/mt8183/4.4/drivers/misc/mediatek/base/power/eem_v2/mt8183/mtk_eem.c,3603,sysfs_or_store,eem_offset_proc_show,yes,no,yes,SOURCE_ONLY,"if (!kstrtoint(buf, 10, &offset)) {"
mt8183-kernel,platform/kernel/mediatek/mt8183/4.4/drivers/misc/mediatek/base/power/eem_v2/mt8183/mtk_eem.c,3634,write_handler,,yes,no,yes,SOURCE_ONLY,".write = name ## _proc_write, \"
mt8183-kernel,platform/kernel/mediatek/mt8183/4.4/drivers/misc/mediatek/base/power/eem_v2/mt8183/mtk_eem.c,3705,procfs,create_procfs,yes,no,yes,SOURCE_ONLY,"if (!proc_create(eem_entries[i].name, S_IRUGO | S_IWUSR | S_IWGRP,"
mt8183-kernel,platform/kernel/mediatek/mt8183/4.4/drivers/misc/mediatek/base/power/eem_v2/mt8183/mtk_eem.c,3727,procfs,,yes,no,yes,SOURCE_ONLY,"if (!proc_create_data(det_entries[i].name,"
mt8183-kernel,platform/kernel/mediatek/mt8183/4.4/drivers/misc/mediatek/base/power/eem_v2/mt8183/mtk_eem.c,3750,procfs,,yes,no,yes,SOURCE_ONLY,"if (!proc_create_data(det_entries[i].name,"
mt8183-kernel,platform/kernel/mediatek/mt8183/4.4/drivers/misc/mediatek/base/power/hps_v3/mtk_hps_main.c,662,module_param,hps_exit,no,no,no,SOURCE_ONLY,"/* module_param(g_enable, int, 0644); */"
mt8183-kernel,platform/kernel/mediatek/mt8183/4.4/drivers/misc/mediatek/base/power/hps_v3/mtk_hps_main.c,663,module_param,hps_exit,no,no,no,SOURCE_ONLY,"/* module_param(g_enable_dynamic_hps_at_suspend, int, 0644); */"
mt8183-kernel,platform/kernel/mediatek/mt8183/4.4/drivers/misc/mediatek/base/power/hps_v3/mtk_hps_procfs.c,167,write_handler,reset_unlock_hps_ctxt,yes,no,yes,SOURCE_ONLY,".write = _write, \"
mt8183-kernel,platform/kernel/mediatek/mt8183/4.4/drivers/misc/mediatek/base/power/hps_v3/mtk_hps_procfs.c,281,usercopy,hps_pwrseq_proc_show,yes,no,yes,SOURCE_ONLY,"rc = copy_from_user(desc, buffer, len);"
mt8183-kernel,platform/kernel/mediatek/mt8183/4.4/drivers/misc/mediatek/base/power/hps_v3/mtk_hps_procfs.c,296,sysfs_or_store,hps_pwrseq_proc_show,yes,no,yes,SOURCE_ONLY,"if (kstrtoint(tok, 10, &pwrseq[i])) {"
mt8183-kernel,platform/kernel/mediatek/mt8183/4.4/drivers/misc/mediatek/base/power/hps_v3/mtk_hps_procfs.c,357,usercopy,hps_num_base_perf_serv_proc_show,yes,no,yes,SOURCE_ONLY,"if (copy_from_user(desc, buffer, len))"
mt8183-kernel,platform/kernel/mediatek/mt8183/4.4/drivers/misc/mediatek/base/power/hps_v3/mtk_hps_procfs.c,409,sysfs_or_store,,yes,no,yes,SOURCE_ONLY,"&& !kstrtouint(desc, 0, &little_num_base_perf_serv)) {"
mt8183-kernel,platform/kernel/mediatek/mt8183/4.4/drivers/misc/mediatek/base/power/hps_v3/mtk_hps_procfs.c,466,usercopy,hps_num_limit_thermal_proc_show,yes,no,yes,SOURCE_ONLY,"if (copy_from_user(desc, buffer, len))"
mt8183-kernel,platform/kernel/mediatek/mt8183/4.4/drivers/misc/mediatek/base/power/hps_v3/mtk_hps_procfs.c,499,sysfs_or_store,,yes,no,yes,SOURCE_ONLY,"&& !kstrtouint(desc, 0, &little_num_limit_thermal)) {"
mt8183-kernel,platform/kernel/mediatek/mt8183/4.4/drivers/misc/mediatek/base/power/hps_v3/mtk_hps_procfs.c,549,usercopy,hps_num_limit_low_battery_proc_show,yes,no,yes,SOURCE_ONLY,"if (copy_from_user(desc, buffer, len))"
mt8183-kernel,platform/kernel/mediatek/mt8183/4.4/drivers/misc/mediatek/base/power/hps_v3/mtk_hps_procfs.c,583,sysfs_or_store,,yes,no,yes,SOURCE_ONLY,"&& !kstrtouint(desc, 0, &little_num_limit_low_battery)) {"
mt8183-kernel,platform/kernel/mediatek/mt8183/4.4/drivers/misc/mediatek/base/power/hps_v3/mtk_hps_procfs.c,635,usercopy,hps_num_limit_ultra_power_saving_proc_show,yes,no,yes,SOURCE_ONLY,"if (copy_from_user(desc, buffer, len))"
mt8183-kernel,platform/kernel/mediatek/mt8183/4.4/drivers/misc/mediatek/base/power/hps_v3/mtk_hps_procfs.c,673,sysfs_or_store,,yes,no,yes,SOURCE_ONLY,"&& !kstrtouint(desc, 0, &little_num_limit_ultra_power_saving)) {"
mt8183-kernel,platform/kernel/mediatek/mt8183/4.4/drivers/misc/mediatek/base/power/hps_v3/mtk_hps_procfs.c,723,usercopy,hps_num_limit_power_serv_proc_show,yes,no,yes,SOURCE_ONLY,"if (copy_from_user(desc, buffer, len))"
mt8183-kernel,platform/kernel/mediatek/mt8183/4.4/drivers/misc/mediatek/base/power/hps_v3/mtk_hps_procfs.c,757,sysfs_or_store,,yes,no,yes,SOURCE_ONLY,"&& !kstrtouint(desc, 0, &little_num_limit_power_serv)) {"
mt8183-kernel,platform/kernel/mediatek/mt8183/4.4/drivers/misc/mediatek/base/power/hps_v3/mtk_hps_procfs.c,839,procfs,,yes,no,yes,SOURCE_ONLY,"if (!proc_create(entries[i].name,"
mt8183-kernel,platform/kernel/mediatek/mt8183/4.4/drivers/misc/mediatek/base/power/leakage_table_v2/mtk_static_power.c,470,debugfs,,no,no,no,SOURCE_ONLY,"debugfs_create_file(""static_power"", S_IFREG | S_IRUSR,"
mt8183-kernel,platform/kernel/mediatek/mt8183/4.4/drivers/misc/mediatek/base/power/mcdi/mcdi_v1/mtk_mcdi.c,328,usercopy,,yes,no,yes,SOURCE_ONLY,"if (copy_from_user(cmd_buf, userbuf, count))"
mt8183-kernel,platform/kernel/mediatek/mt8183/4.4/drivers/misc/mediatek/base/power/mcdi/mcdi_v1/mtk_mcdi.c,490,usercopy,,yes,no,yes,SOURCE_ONLY,"if (copy_from_user(cmd_buf, userbuf, count))"
mt8183-kernel,platform/kernel/mediatek/mt8183/4.4/drivers/misc/mediatek/base/power/mcdi/mcdi_v1/mtk_mcdi.c,536,write_handler,,yes,no,yes,SOURCE_ONLY,".write = mcdi_state_write,"
mt8183-kernel,platform/kernel/mediatek/mt8183/4.4/drivers/misc/mediatek/base/power/mcdi/mcdi_v1/mtk_mcdi.c,544,write_handler,,yes,no,yes,SOURCE_ONLY,".write = mcdi_profile_write,"
mt8183-kernel,platform/kernel/mediatek/mt8183/4.4/drivers/misc/mediatek/base/power/mcdi/mcdi_v1/mtk_mcdi.c,555,debugfs,mcdi_debugfs_init,yes,no,yes,SOURCE_ONLY,/* TODO: check if debugfs_create_file() failed */
mt8183-kernel,platform/kernel/mediatek/mt8183/4.4/drivers/misc/mediatek/base/power/mcdi/mcdi_v1/mtk_mcdi.c,557,debugfs,mcdi_debugfs_init,yes,no,yes,SOURCE_ONLY,"root_entry = debugfs_create_dir(mcdi_debugfs_dir_name, NULL);"
mt8183-kernel,platform/kernel/mediatek/mt8183/4.4/drivers/misc/mediatek/base/power/mcdi/mcdi_v1/mtk_mcdi.c,563,debugfs,mcdi_debugfs_init,yes,no,yes,SOURCE_ONLY,"debugfs_create_file(""mcdi_state"", 0644, root_entry, NULL, &mcdi_state_fops);"
mt8183-kernel,platform/kernel/mediatek/mt8183/4.4/drivers/misc/mediatek/base/power/mcdi/mcdi_v1/mtk_mcdi.c,564,debugfs,mcdi_debugfs_init,yes,no,yes,SOURCE_ONLY,"debugfs_create_file(""mcdi_profile"", 0644, root_entry, NULL, &mcdi_profile_fops);"
mt8183-kernel,platform/kernel/mediatek/mt8183/4.4/drivers/misc/mediatek/base/power/mt8183/mtk_gpu_bw.c,93,module_param,mt_gpu_bw_init,no,no,no,SOURCE_ONLY,"module_param(gpu_bw_pull, uint, 0644);"
mt8183-kernel,platform/kernel/mediatek/mt8183/4.4/drivers/misc/mediatek/base/power/mt8183/mtk_gpufreq_core.c,1266,usercopy,mt_gpufreq_opp_stress_test_proc_show,yes,no,no,SOURCE_ONLY,"if (copy_from_user(buf, buffer, len))"
mt8183-kernel,platform/kernel/mediatek/mt8183/4.4/drivers/misc/mediatek/base/power/mt8183/mtk_gpufreq_core.c,1271,sysfs_or_store,mt_gpufreq_opp_stress_test_proc_show,yes,no,no,SOURCE_ONLY,"if (!kstrtouint(buf, 10, &value)) {"
mt8183-kernel,platform/kernel/mediatek/mt8183/4.4/drivers/misc/mediatek/base/power/mt8183/mtk_gpufreq_core.c,1329,usercopy,mt_gpufreq_power_limited_proc_show,yes,no,no,SOURCE_ONLY,"if (copy_from_user(buf, buffer, len))"
mt8183-kernel,platform/kernel/mediatek/mt8183/4.4/drivers/misc/mediatek/base/power/mt8183/mtk_gpufreq_core.c,1428,usercopy,mt_gpufreq_opp_freq_proc_show,yes,no,no,SOURCE_ONLY,"if (copy_from_user(buf, buffer, len))"
mt8183-kernel,platform/kernel/mediatek/mt8183/4.4/drivers/misc/mediatek/base/power/mt8183/mtk_gpufreq_core.c,1433,sysfs_or_store,mt_gpufreq_opp_freq_proc_show,yes,no,no,SOURCE_ONLY,"if (kstrtouint(buf, 10, &value) == 0) {"
mt8183-kernel,platform/kernel/mediatek/mt8183/4.4/drivers/misc/mediatek/base/power/mt8183/mtk_gpufreq_core.c,1483,usercopy,mt_gpufreq_fixed_freq_volt_proc_show,yes,no,no,SOURCE_ONLY,"if (copy_from_user(buf, buffer, len))"
mt8183-kernel,platform/kernel/mediatek/mt8183/4.4/drivers/misc/mediatek/base/power/mt8183/mtk_gpufreq_core.c,1549,procfs,__mt_gpufreq_create_procfs,yes,no,no,SOURCE_ONLY,"if (!proc_create(entries[i].name, S_IRUGO | S_IWUSR | S_IWGRP, dir, entries[i].fops))"
mt8183-kernel,platform/kernel/mediatek/mt8183/4.4/drivers/misc/mediatek/base/power/mt8183/mtk_gpufreq_core.h,336,write_handler,,no,no,yes,SOURCE_ONLY,".write = mt_ ## name ## _proc_write, \"
mt8183-kernel,platform/kernel/mediatek/mt8183/4.4/drivers/misc/mediatek/base/power/mt8183/mtk_picachu.c,92,write_handler,,no,no,yes,SOURCE_ONLY,".write = name ## _proc_write, \"
mt8183-kernel,platform/kernel/mediatek/mt8183/4.4/drivers/misc/mediatek/base/power/mt8183/mtk_picachu.c,197,procfs,picachu_dump_proc_show,no,no,yes,SOURCE_ONLY,"if (!proc_create_data(entries[i].name, proc->mode, dir,"
mt8183-kernel,platform/kernel/mediatek/mt8183/4.4/drivers/misc/mediatek/base/power/pbm_v3/mtk_pbm.c,1499,usercopy,mt_pbm_debug_proc_show,yes,no,yes,SOURCE_ONLY,"if (copy_from_user(desc, buffer, len))"
mt8183-kernel,platform/kernel/mediatek/mt8183/4.4/drivers/misc/mediatek/base/power/pbm_v3/mtk_pbm.c,1504,sysfs_or_store,mt_pbm_debug_proc_show,yes,no,yes,SOURCE_ONLY,"if (kstrtoint(desc, 10, &debug) == 0) {"
mt8183-kernel,platform/kernel/mediatek/mt8183/4.4/drivers/misc/mediatek/base/power/pbm_v3/mtk_pbm.c,1538,usercopy,mt_pbm_debug_log_reduc_proc_show,yes,no,yes,SOURCE_ONLY,"if (copy_from_user(desc, buffer, len))"
mt8183-kernel,platform/kernel/mediatek/mt8183/4.4/drivers/misc/mediatek/base/power/pbm_v3/mtk_pbm.c,1543,sysfs_or_store,mt_pbm_debug_log_reduc_proc_show,yes,no,yes,SOURCE_ONLY,"if (kstrtoint(desc, 10, &debug) == 0) {"
mt8183-kernel,platform/kernel/mediatek/mt8183/4.4/drivers/misc/mediatek/base/power/pbm_v3/mtk_pbm.c,1572,write_handler,,yes,no,yes,SOURCE_ONLY,".write = mt_ ## name ## _proc_write, \"
mt8183-kernel,platform/kernel/mediatek/mt8183/4.4/drivers/misc/mediatek/base/power/power_gs_v1/mtk_power_gs.c,191,module_param,mt_power_gs_init,no,no,no,SOURCE_ONLY,"module_param(slp_chk_golden_suspend, bool, 0644);"
mt8183-kernel,platform/kernel/mediatek/mt8183/4.4/drivers/misc/mediatek/base/power/power_gs_v1/mtk_power_gs.c,192,module_param,mt_power_gs_init,no,no,no,SOURCE_ONLY,"module_param(slp_chk_golden_dpidle, bool, 0644);"
mt8183-kernel,platform/kernel/mediatek/mt8183/4.4/drivers/misc/mediatek/base/power/power_gs_v1/mtk_power_gs.c,193,module_param,mt_power_gs_init,no,no,no,SOURCE_ONLY,"module_param(slp_chk_golden_sodi3, bool, 0644);"
mt8183-kernel,platform/kernel/mediatek/mt8183/4.4/drivers/misc/mediatek/base/power/power_gs_v1/mtk_power_gs.c,194,module_param,mt_power_gs_init,no,no,no,SOURCE_ONLY,"module_param(slp_chk_golden_diff_mode, bool, 0644);"
mt8183-kernel,platform/kernel/mediatek/mt8183/4.4/drivers/misc/mediatek/base/power/power_gs_v1/mtk_power_gs_api.c,343,usercopy,,yes,no,yes,SOURCE_ONLY,"if (copy_from_user(buf, buffer, count))"
mt8183-kernel,platform/kernel/mediatek/mt8183/4.4/drivers/misc/mediatek/base/power/power_gs_v1/mtk_power_gs_api.c,573,write_handler,,yes,no,yes,SOURCE_ONLY,".write = name ## _proc_write, \"
mt8183-kernel,platform/kernel/mediatek/mt8183/4.4/drivers/misc/mediatek/base/power/power_gs_v1/mtk_power_gs_api.c,631,procfs,mt_golden_setting_init,yes,no,yes,SOURCE_ONLY,"if (!proc_create(entries[i].name, S_IRUGO | S_IWUSR | S_IWGRP, dir, entries[i].fops))"
mt8183-kernel,platform/kernel/mediatek/mt8183/4.4/drivers/misc/mediatek/base/power/ppm_v3/inc/mtk_ppm_internal.h,86,write_handler,,no,no,yes,SOURCE_ONLY,".write = ppm_ ## name ## _proc_write, \"
mt8183-kernel,platform/kernel/mediatek/mt8183/4.4/drivers/misc/mediatek/base/power/ppm_v3/src/mtk_ppm_cpi.c,648,sysfs_or_store,ppm_cpi_enable_proc_show,no,no,no,SOURCE_ONLY,"if (!kstrtouint(buf, 10, &enable)) {"
mt8183-kernel,platform/kernel/mediatek/mt8183/4.4/drivers/misc/mediatek/base/power/ppm_v3/src/mtk_ppm_cpi.c,704,procfs,ppm_cpi_init,no,no,no,SOURCE_ONLY,"if (!proc_create(entries[i].name, S_IRUGO | S_IWUSR | S_IWGRP, cpi_dir, entries[i].fops)) {"
mt8183-kernel,platform/kernel/mediatek/mt8183/4.4/drivers/misc/mediatek/base/power/ppm_v3/src/mtk_ppm_interface.c,45,usercopy,,yes,no,no,SOURCE_ONLY,"if (copy_from_user(buf, buffer, count))"
mt8183-kernel,platform/kernel/mediatek/mt8183/4.4/drivers/misc/mediatek/base/power/ppm_v3/src/mtk_ppm_interface.c,75,sysfs_or_store,ppm_func_debug_proc_show,yes,no,no,SOURCE_ONLY,"if (!kstrtouint(buf, 10, &func_dbg_lv))"
mt8183-kernel,platform/kernel/mediatek/mt8183/4.4/drivers/misc/mediatek/base/power/ppm_v3/src/mtk_ppm_interface.c,101,sysfs_or_store,ppm_debug_proc_show,yes,no,no,SOURCE_ONLY,"if (!kstrtouint(buf, 10, &dbg_lv))"
mt8183-kernel,platform/kernel/mediatek/mt8183/4.4/drivers/misc/mediatek/base/power/ppm_v3/src/mtk_ppm_interface.c,132,sysfs_or_store,ppm_enabled_proc_show,yes,no,no,SOURCE_ONLY,"if (!kstrtouint(buf, 10, &enabled)) {"
mt8183-kernel,platform/kernel/mediatek/mt8183/4.4/drivers/misc/mediatek/base/power/ppm_v3/src/mtk_ppm_interface.c,181,sysfs_or_store,ppm_exclusive_core_proc_show,yes,no,no,SOURCE_ONLY,"if (!kstrtouint(buf, 10, &mask)) {"
mt8183-kernel,platform/kernel/mediatek/mt8183/4.4/drivers/misc/mediatek/base/power/ppm_v3/src/mtk_ppm_interface.c,331,sysfs_or_store,ppm_5A_limit_enable_proc_show,yes,no,no,SOURCE_ONLY,"if (!kstrtoint(buf, 10, &enable)) {"
mt8183-kernel,platform/kernel/mediatek/mt8183/4.4/drivers/misc/mediatek/base/power/ppm_v3/src/mtk_ppm_interface.c,362,sysfs_or_store,ppm_5A_limit_onoff_proc_show,yes,no,no,SOURCE_ONLY,"if (!kstrtoint(buf, 10, &onoff)) {"
mt8183-kernel,platform/kernel/mediatek/mt8183/4.4/drivers/misc/mediatek/base/power/ppm_v3/src/mtk_ppm_interface.c,392,sysfs_or_store,ppm_cobra_budget_to_limit_proc_show,yes,no,no,SOURCE_ONLY,"if (!kstrtoint(buf, 10, &budget))"
mt8183-kernel,platform/kernel/mediatek/mt8183/4.4/drivers/misc/mediatek/base/power/ppm_v3/src/mtk_ppm_interface.c,426,sysfs_or_store,ppm_cobra_limit_to_budget_proc_show,yes,no,no,SOURCE_ONLY,"if (kstrtoint(tok, 10, &data)) {"
mt8183-kernel,platform/kernel/mediatek/mt8183/4.4/drivers/misc/mediatek/base/power/ppm_v3/src/mtk_ppm_interface.c,512,procfs,,yes,no,no,SOURCE_ONLY,"if (!proc_create(entries[i].name, S_IRUGO | S_IWUSR | S_IWGRP, dir, entries[i].fops))"
mt8183-kernel,platform/kernel/mediatek/mt8183/4.4/drivers/misc/mediatek/base/power/ppm_v3/src/mtk_ppm_interface.c,519,procfs,,yes,no,no,SOURCE_ONLY,"if (!proc_create_data(str, S_IRUGO | S_IWUSR | S_IWGRP,"
mt8183-kernel,platform/kernel/mediatek/mt8183/4.4/drivers/misc/mediatek/base/power/ppm_v3/src/mtk_ppm_policy_dlpt.c,176,sysfs_or_store,ppm_dlpt_limit_proc_show,no,no,no,SOURCE_ONLY,"if (!kstrtouint(buf, 10, &limited_power))"
mt8183-kernel,platform/kernel/mediatek/mt8183/4.4/drivers/misc/mediatek/base/power/ppm_v3/src/mtk_ppm_policy_dlpt.c,203,sysfs_or_store,ppm_dlpt_budget_trans_percentage_proc_show,no,no,no,SOURCE_ONLY,"if (!kstrtouint(buf, 10, &percentage)) {"
mt8183-kernel,platform/kernel/mediatek/mt8183/4.4/drivers/misc/mediatek/base/power/ppm_v3/src/mtk_ppm_policy_dlpt.c,237,procfs,ppm_dlpt_policy_init,no,no,no,SOURCE_ONLY,"if (!proc_create(entries[i].name, S_IRUGO | S_IWUSR | S_IWGRP, policy_dir, entries[i].fops)) {"
mt8183-kernel,platform/kernel/mediatek/mt8183/4.4/drivers/misc/mediatek/base/power/ppm_v3/src/mtk_ppm_policy_force_limit.c,184,sysfs_or_store,ppm_forcelimit_cpu_core_proc_show,no,no,no,SOURCE_ONLY,"if (kstrtoint(tok, 10, &data)) {"
mt8183-kernel,platform/kernel/mediatek/mt8183/4.4/drivers/misc/mediatek/base/power/ppm_v3/src/mtk_ppm_policy_force_limit.c,226,procfs,ppm_forcelimit_policy_init,no,no,no,SOURCE_ONLY,"if (!proc_create(entries[i].name, S_IRUGO | S_IWUSR | S_IWGRP, policy_dir, entries[i].fops)) {"
mt8183-kernel,platform/kernel/mediatek/mt8183/4.4/drivers/misc/mediatek/base/power/ppm_v3/src/mtk_ppm_policy_lcm_off.c,165,sysfs_or_store,ppm_lcmoff_min_freq_proc_show,no,no,no,SOURCE_ONLY,"if (!kstrtouint(buf, 10, &freq))"
mt8183-kernel,platform/kernel/mediatek/mt8183/4.4/drivers/misc/mediatek/base/power/ppm_v3/src/mtk_ppm_policy_lcm_off.c,193,procfs,ppm_lcmoff_policy_init,no,no,no,SOURCE_ONLY,"if (!proc_create(entries[i].name, S_IRUGO | S_IWUSR | S_IWGRP, policy_dir, entries[i].fops)) {"
mt8183-kernel,platform/kernel/mediatek/mt8183/4.4/drivers/misc/mediatek/base/power/ppm_v3/src/mtk_ppm_policy_ptpod.c,124,sysfs_or_store,ppm_ptpod_test_proc_show,no,no,no,SOURCE_ONLY,"if (!kstrtouint(buf, 10, &enabled)) {"
mt8183-kernel,platform/kernel/mediatek/mt8183/4.4/drivers/misc/mediatek/base/power/ppm_v3/src/mtk_ppm_policy_ptpod.c,159,procfs,ppm_ptpod_policy_init,no,no,no,SOURCE_ONLY,"if (!proc_create(entries[i].name, S_IRUGO | S_IWUSR | S_IWGRP, policy_dir, entries[i].fops)) {"
mt8183-kernel,platform/kernel/mediatek/mt8183/4.4/drivers/misc/mediatek/base/power/ppm_v3/src/mtk_ppm_policy_sys_boost.c,557,procfs,ppm_sysboost_policy_init,no,no,no,SOURCE_ONLY,"if (!proc_create(entries[i].name, S_IRUGO | S_IWUSR | S_IWGRP, policy_dir, entries[i].fops)) {"
mt8183-kernel,platform/kernel/mediatek/mt8183/4.4/drivers/misc/mediatek/base/power/ppm_v3/src/mtk_ppm_policy_thermal.c,246,sysfs_or_store,ppm_thermal_limit_proc_show,no,no,no,SOURCE_ONLY,"if (!kstrtouint(buf, 10, &limited_power))"
mt8183-kernel,platform/kernel/mediatek/mt8183/4.4/drivers/misc/mediatek/base/power/ppm_v3/src/mtk_ppm_policy_thermal.c,278,sysfs_or_store,ppm_thermal_ttj_limit_proc_show,no,no,no,SOURCE_ONLY,"if (!kstrtouint(buf, 10, &limited_power))"
mt8183-kernel,platform/kernel/mediatek/mt8183/4.4/drivers/misc/mediatek/base/power/ppm_v3/src/mtk_ppm_policy_thermal.c,304,sysfs_or_store,ppm_tskin_ctrl_en_proc_show,no,no,no,SOURCE_ONLY,"if (!kstrtouint(buf, 10, &enable)) {"
mt8183-kernel,platform/kernel/mediatek/mt8183/4.4/drivers/misc/mediatek/base/power/ppm_v3/src/mtk_ppm_policy_thermal.c,355,procfs,ppm_thermal_policy_init,no,no,no,SOURCE_ONLY,"if (!proc_create(entries[i].name, S_IRUGO | S_IWUSR | S_IWGRP, policy_dir, entries[i].fops)) {"
mt8183-kernel,platform/kernel/mediatek/mt8183/4.4/drivers/misc/mediatek/base/power/ppm_v3/src/mtk_ppm_policy_user_limit.c,439,sysfs_or_store,ppm_userlimit_cpu_freq_proc_show,no,no,no,SOURCE_ONLY,"if (kstrtoint(tok, 10, &data)) {"
mt8183-kernel,platform/kernel/mediatek/mt8183/4.4/drivers/misc/mediatek/base/power/ppm_v3/src/mtk_ppm_policy_user_limit.c,499,procfs,ppm_userlimit_policy_init,no,no,no,SOURCE_ONLY,"if (!proc_create(entries[i].name, S_IRUGO | S_IWUSR | S_IWGRP, policy_dir, entries[i].fops)) {"
mt8183-kernel,platform/kernel/mediatek/mt8183/4.4/drivers/misc/mediatek/base/power/ppm_v3/src/mtk_ppm_policy_ut.c,88,sysfs_or_store,ppm_ut_fix_core_num_proc_show,no,no,no,SOURCE_ONLY,"if (kstrtoint(tok, 10, &fix_core[i])) {"
mt8183-kernel,platform/kernel/mediatek/mt8183/4.4/drivers/misc/mediatek/base/power/ppm_v3/src/mtk_ppm_policy_ut.c,189,sysfs_or_store,ppm_ut_fix_freq_idx_proc_show,no,no,no,SOURCE_ONLY,"if (kstrtoint(tok, 10, &fix_freq[i])) {"
mt8183-kernel,platform/kernel/mediatek/mt8183/4.4/drivers/misc/mediatek/base/power/ppm_v3/src/mtk_ppm_policy_ut.c,273,procfs,ppm_ut_policy_init,no,no,no,SOURCE_ONLY,"if (!proc_create(entries[i].name, S_IRUGO | S_IWUSR | S_IWGRP, policy_dir, entries[i].fops)) {"
mt8183-kernel,platform/kernel/mediatek/mt8183/4.4/drivers/misc/mediatek/base/power/ppm_v3/src/mtk_ppm_profile.c,168,sysfs_or_store,ppm_profile_on_proc_show,no,no,no,SOURCE_ONLY,"if (!kstrtoint(buf, 10, &enable)) {"
mt8183-kernel,platform/kernel/mediatek/mt8183/4.4/drivers/misc/mediatek/base/power/ppm_v3/src/mtk_ppm_profile.c,235,procfs,ppm_profile_init,no,no,no,SOURCE_ONLY,"if (!proc_create(entries[i].name, S_IRUGO | S_IWUSR | S_IWGRP, profile_dir, entries[i].fops)) {"
mt8183-kernel,platform/kernel/mediatek/mt8183/4.4/drivers/misc/mediatek/base/power/spm_v4/mtk_idle.c,1449,usercopy,,yes,no,yes,SOURCE_ONLY,"if (copy_from_user(cmd_buf, userbuf, count))"
mt8183-kernel,platform/kernel/mediatek/mt8183/4.4/drivers/misc/mediatek/base/power/spm_v4/mtk_idle.c,1491,write_handler,,yes,no,yes,SOURCE_ONLY,".write = idle_state_write,"
mt8183-kernel,platform/kernel/mediatek/mt8183/4.4/drivers/misc/mediatek/base/power/spm_v4/mtk_idle.c,1578,usercopy,,yes,no,yes,SOURCE_ONLY,"if (copy_from_user(cmd_buf, userbuf, count))"
mt8183-kernel,platform/kernel/mediatek/mt8183/4.4/drivers/misc/mediatek/base/power/spm_v4/mtk_idle.c,1614,sysfs_or_store,,yes,no,yes,SOURCE_ONLY,"} else if ((!kstrtoint(cmd_buf, 10, &param)) == 1) {"
mt8183-kernel,platform/kernel/mediatek/mt8183/4.4/drivers/misc/mediatek/base/power/spm_v4/mtk_idle.c,1626,write_handler,,yes,no,yes,SOURCE_ONLY,".write = dpidle_state_write,"
mt8183-kernel,platform/kernel/mediatek/mt8183/4.4/drivers/misc/mediatek/base/power/spm_v4/mtk_idle.c,1709,usercopy,,yes,no,yes,SOURCE_ONLY,"if (copy_from_user(cmd_buf, userbuf, count))"
mt8183-kernel,platform/kernel/mediatek/mt8183/4.4/drivers/misc/mediatek/base/power/spm_v4/mtk_idle.c,1738,sysfs_or_store,,yes,no,yes,SOURCE_ONLY,"} else if ((!kstrtoint(cmd_buf, 10, &param)) == 1) {"
mt8183-kernel,platform/kernel/mediatek/mt8183/4.4/drivers/misc/mediatek/base/power/spm_v4/mtk_idle.c,1749,write_handler,,yes,no,yes,SOURCE_ONLY,".write = soidle3_state_write,"
mt8183-kernel,platform/kernel/mediatek/mt8183/4.4/drivers/misc/mediatek/base/power/spm_v4/mtk_idle.c,1815,usercopy,,yes,no,yes,SOURCE_ONLY,"if (copy_from_user(cmd_buf, userbuf, count))"
mt8183-kernel,platform/kernel/mediatek/mt8183/4.4/drivers/misc/mediatek/base/power/spm_v4/mtk_idle.c,1841,sysfs_or_store,,yes,no,yes,SOURCE_ONLY,"} else if ((!kstrtoint(cmd_buf, 10, &param)) == 1) {"
mt8183-kernel,platform/kernel/mediatek/mt8183/4.4/drivers/misc/mediatek/base/power/spm_v4/mtk_idle.c,1852,write_handler,,yes,no,yes,SOURCE_ONLY,".write = soidle_state_write,"
mt8183-kernel,platform/kernel/mediatek/mt8183/4.4/drivers/misc/mediatek/base/power/spm_v4/mtk_idle.c,1891,write_handler,reg_dump_read,yes,no,yes,SOURCE_ONLY,".write = reg_dump_write,"
mt8183-kernel,platform/kernel/mediatek/mt8183/4.4/drivers/misc/mediatek/base/power/spm_v4/mtk_idle.c,1901,debugfs,mtk_cpuidle_debugfs_init,yes,no,yes,SOURCE_ONLY,/* TODO: check if debugfs_create_file() failed */
mt8183-kernel,platform/kernel/mediatek/mt8183/4.4/drivers/misc/mediatek/base/power/spm_v4/mtk_idle.c,1903,debugfs,mtk_cpuidle_debugfs_init,yes,no,yes,SOURCE_ONLY,"root_entry = debugfs_create_dir(""cpuidle"", NULL);"
mt8183-kernel,platform/kernel/mediatek/mt8183/4.4/drivers/misc/mediatek/base/power/spm_v4/mtk_idle.c,1909,debugfs,mtk_cpuidle_debugfs_init,yes,no,yes,SOURCE_ONLY,"debugfs_create_file(""idle_state"", 0644, root_entry, NULL, &idle_state_fops);"
mt8183-kernel,platform/kernel/mediatek/mt8183/4.4/drivers/misc/mediatek/base/power/spm_v4/mtk_idle.c,1910,debugfs,mtk_cpuidle_debugfs_init,yes,no,yes,SOURCE_ONLY,"debugfs_create_file(""dpidle_state"", 0644, root_entry, NULL, &dpidle_state_fops);"
mt8183-kernel,platform/kernel/mediatek/mt8183/4.4/drivers/misc/mediatek/base/power/spm_v4/mtk_idle.c,1911,debugfs,mtk_cpuidle_debugfs_init,yes,no,yes,SOURCE_ONLY,"debugfs_create_file(""soidle3_state"", 0644, root_entry, NULL, &soidle3_state_fops);"
mt8183-kernel,platform/kernel/mediatek/mt8183/4.4/drivers/misc/mediatek/base/power/spm_v4/mtk_idle.c,1912,debugfs,mtk_cpuidle_debugfs_init,yes,no,yes,SOURCE_ONLY,"debugfs_create_file(""soidle_state"", 0644, root_entry, NULL, &soidle_state_fops);"
mt8183-kernel,platform/kernel/mediatek/mt8183/4.4/drivers/misc/mediatek/base/power/spm_v4/mtk_idle.c,1913,debugfs,mtk_cpuidle_debugfs_init,yes,no,yes,SOURCE_ONLY,"debugfs_create_file(""reg_dump"", 0644, root_entry, NULL, &reg_dump_fops);"
mt8183-kernel,platform/kernel/mediatek/mt8183/4.4/drivers/misc/mediatek/base/power/spm_v4/mtk_sleep.c,550,usercopy,suspend_state_open,yes,no,yes,SOURCE_ONLY,"if (copy_from_user(cmd_buf, userbuf, count))"
mt8183-kernel,platform/kernel/mediatek/mt8183/4.4/drivers/misc/mediatek/base/power/spm_v4/mtk_sleep.c,572,write_handler,,yes,no,yes,SOURCE_ONLY,".write = suspend_state_write,"
mt8183-kernel,platform/kernel/mediatek/mt8183/4.4/drivers/misc/mediatek/base/power/spm_v4/mtk_sleep.c,580,debugfs,spm_suspend_debugfs_init,yes,no,yes,SOURCE_ONLY,"debugfs_create_file(""suspend_state"","
mt8183-kernel,platform/kernel/mediatek/mt8183/4.4/drivers/misc/mediatek/base/power/spm_v4/mtk_sleep.c,587,module_param,spm_suspend_debugfs_init,yes,no,yes,SOURCE_ONLY,"module_param(slp_ck26m_on, bool, 0644);"
mt8183-kernel,platform/kernel/mediatek/mt8183/4.4/drivers/misc/mediatek/base/power/spm_v4/mtk_sleep.c,588,module_param,spm_suspend_debugfs_init,yes,no,yes,SOURCE_ONLY,"module_param(slp_spm_flags, uint, 0644);"
mt8183-kernel,platform/kernel/mediatek/mt8183/4.4/drivers/misc/mediatek/base/power/spm_v4/mtk_sleep.c,590,module_param,spm_suspend_debugfs_init,yes,no,yes,SOURCE_ONLY,"module_param(slp_dump_gpio, bool, 0644);"
mt8183-kernel,platform/kernel/mediatek/mt8183/4.4/drivers/misc/mediatek/base/power/spm_v4/mtk_sleep.c,591,module_param,spm_suspend_debugfs_init,yes,no,yes,SOURCE_ONLY,"module_param(slp_dump_golden_setting, bool, 0644);"
mt8183-kernel,platform/kernel/mediatek/mt8183/4.4/drivers/misc/mediatek/base/power/spm_v4/mtk_sleep.c,592,module_param,spm_suspend_debugfs_init,yes,no,yes,SOURCE_ONLY,"module_param(slp_dump_golden_setting_type, int, 0644);"
mt8183-kernel,platform/kernel/mediatek/mt8183/4.4/drivers/misc/mediatek/base/power/spm_v4/mtk_spm.c,485,sysfs_or_store,show_debug_log,no,no,no,SOURCE_ONLY,"static DEVICE_ATTR(debug_log, 0664, show_debug_log, store_debug_log); /*664*/"
mt8183-kernel,platform/kernel/mediatek/mt8183/4.4/drivers/misc/mediatek/base/power/spm_v4/mtk_spm.c,637,debugfs,,no,no,no,SOURCE_ONLY,"spm_dir = debugfs_create_dir(""spm"", NULL);"
mt8183-kernel,platform/kernel/mediatek/mt8183/4.4/drivers/misc/mediatek/base/power/spm_v4/mtk_spm.c,643,debugfs,,no,no,no,SOURCE_ONLY,"spm_file = debugfs_create_file(""spm_sleep_count"", S_IRUGO, spm_dir, NULL, &spm_sleep_count_fops);"
mt8183-kernel,platform/kernel/mediatek/mt8183/4.4/drivers/misc/mediatek/base/power/spm_v4/mtk_spm.c,644,debugfs,,no,no,no,SOURCE_ONLY,"spm_file = debugfs_create_file(""spm_last_wakeup_src"", S_IRUGO, spm_dir, NULL, &spm_last_wakeup_src_fops);"
mt8183-kernel,platform/kernel/mediatek/mt8183/4.4/drivers/misc/mediatek/base/power/spm_v4/mtk_spm_resource_req.c,184,usercopy,,yes,no,yes,SOURCE_ONLY,"if (copy_from_user(cmd_buf, userbuf, count))"
mt8183-kernel,platform/kernel/mediatek/mt8183/4.4/drivers/misc/mediatek/base/power/spm_v4/mtk_spm_resource_req.c,216,write_handler,,yes,no,yes,SOURCE_ONLY,".write = resource_req_write,"
mt8183-kernel,platform/kernel/mediatek/mt8183/4.4/drivers/misc/mediatek/base/power/spm_v4/mtk_spm_resource_req.c,224,debugfs,spm_resource_req_debugfs_init,yes,no,yes,SOURCE_ONLY,"debugfs_create_file(""resource_req"","
mt8183-kernel,platform/kernel/mediatek/mt8183/4.4/drivers/misc/mediatek/base/power/swpm_v1/mtk_swpm.c,51,write_handler,,yes,no,yes,SOURCE_ONLY,".write = name ## _proc_write, \"
mt8183-kernel,platform/kernel/mediatek/mt8183/4.4/drivers/misc/mediatek/base/power/swpm_v1/mtk_swpm.c,103,usercopy,,yes,no,yes,SOURCE_ONLY,"if (copy_from_user(buf, buffer, count))"
mt8183-kernel,platform/kernel/mediatek/mt8183/4.4/drivers/misc/mediatek/base/power/swpm_v1/mtk_swpm.c,148,sysfs_or_store,debug_proc_show,yes,no,yes,SOURCE_ONLY,"if (!kstrtouint(buf, 10, &enable))"
mt8183-kernel,platform/kernel/mediatek/mt8183/4.4/drivers/misc/mediatek/base/power/swpm_v1/mtk_swpm.c,196,sysfs_or_store,profile_proc_show,yes,no,yes,SOURCE_ONLY,"if (!kstrtouint(buf, 10, &enable))"
mt8183-kernel,platform/kernel/mediatek/mt8183/4.4/drivers/misc/mediatek/base/power/swpm_v1/mtk_swpm.c,223,sysfs_or_store,avg_window_proc_show,yes,no,yes,SOURCE_ONLY,"if (!kstrtouint(buf, 10, &window))"
mt8183-kernel,platform/kernel/mediatek/mt8183/4.4/drivers/misc/mediatek/base/power/swpm_v1/mtk_swpm.c,261,procfs,create_procfs,yes,no,yes,SOURCE_ONLY,"if (!proc_create(swpm_entries[i].name,"
mt8183-kernel,platform/kernel/mediatek/mt8183/4.4/drivers/misc/mediatek/base/power/udi_v1/mtk_udi.c,383,usercopy,udi_resume,yes,no,yes,SOURCE_ONLY,"if (copy_from_user(buf, buffer, count))"
mt8183-kernel,platform/kernel/mediatek/mt8183/4.4/drivers/misc/mediatek/base/power/udi_v1/mtk_udi.c,455,sysfs_or_store,udi_pinmux_proc_write,yes,no,yes,SOURCE_ONLY,"if (!kstrtoint(buf, 10, &pin_switch)) {"
mt8183-kernel,platform/kernel/mediatek/mt8183/4.4/drivers/misc/mediatek/base/power/udi_v1/mtk_udi.c,482,sysfs_or_store,udi_debug_proc_write,yes,no,yes,SOURCE_ONLY,"if (!kstrtoint(buf, 10, &dbg_lv))"
mt8183-kernel,platform/kernel/mediatek/mt8183/4.4/drivers/misc/mediatek/base/power/udi_v1/mtk_udi.c,830,write_handler,udi_bit_ctrl_big_proc_write,yes,no,yes,SOURCE_ONLY,".write = name ## _proc_write, \"
mt8183-kernel,platform/kernel/mediatek/mt8183/4.4/drivers/misc/mediatek/base/power/udi_v1/mtk_udi.c,884,procfs,_create_procfs,yes,no,yes,SOURCE_ONLY,"if (!proc_create(entries[i].name, S_IRUGO | S_IWUSR | S_IWGRP, dir, entries[i].fops))"
mt8183-kernel,platform/kernel/mediatek/mt8183/4.4/drivers/misc/mediatek/base/power/upower_v2/mtk_unified_power.c,546,write_handler,,no,no,yes,SOURCE_ONLY,".write = name ## _proc_write, \"
mt8183-kernel,platform/kernel/mediatek/mt8183/4.4/drivers/misc/mediatek/base/power/upower_v2/mtk_unified_power.c,595,procfs,create_procfs,no,no,yes,SOURCE_ONLY,"if (!proc_create(upower_entries[i].name,"
mt8183-kernel,platform/kernel/mediatek/mt8183/4.4/drivers/misc/mediatek/blocktag/blocktag.c,809,write_handler,mtk_btag_sub_open,no,no,yes,SOURCE_ONLY,".write = mtk_btag_sub_write,"
mt8183-kernel,platform/kernel/mediatek/mt8183/4.4/drivers/misc/mediatek/blocktag/blocktag.c,864,debugfs,,no,no,yes,SOURCE_ONLY,"btag->dentry.droot = debugfs_create_dir(name, mtk_btag_droot);"
mt8183-kernel,platform/kernel/mediatek/mt8183/4.4/drivers/misc/mediatek/blocktag/blocktag.c,871,debugfs,,no,no,yes,SOURCE_ONLY,"btag->dentry.dmem = debugfs_create_u32(""used_mem"", 0440, btag->dentry.droot, &btag->used_mem);"
mt8183-kernel,platform/kernel/mediatek/mt8183/4.4/drivers/misc/mediatek/blocktag/blocktag.c,876,debugfs,,no,no,yes,SOURCE_ONLY,"btag->dentry.dklog = debugfs_create_u32(""klog_enable"", 0660, btag->dentry.droot, &btag->klog_enable);"
mt8183-kernel,platform/kernel/mediatek/mt8183/4.4/drivers/misc/mediatek/blocktag/blocktag.c,881,debugfs,,no,no,yes,SOURCE_ONLY,"btag->dentry.dlog = debugfs_create_file(""blockio"", S_IFREG | S_IRUGO,"
mt8183-kernel,platform/kernel/mediatek/mt8183/4.4/drivers/misc/mediatek/blocktag/blocktag.c,1011,write_handler,mtk_btag_main_open,no,no,yes,SOURCE_ONLY,".write = mtk_btag_main_write,"
mt8183-kernel,platform/kernel/mediatek/mt8183/4.4/drivers/misc/mediatek/blocktag/blocktag.c,1019,debugfs,mtk_btag_init_debugfs,no,no,yes,SOURCE_ONLY,"mtk_btag_droot = debugfs_create_dir(""blocktag"", NULL);"
mt8183-kernel,platform/kernel/mediatek/mt8183/4.4/drivers/misc/mediatek/blocktag/blocktag.c,1026,debugfs,mtk_btag_init_debugfs,no,no,yes,SOURCE_ONLY,"mtk_btag_dlog = debugfs_create_file(""blockio"", S_IFREG | S_IRUGO, NULL,"
mt8183-kernel,platform/kernel/mediatek/mt8183/4.4/drivers/misc/mediatek/boot/mtk_boot_common.c,234,write_handler,boot_store,no,no,yes,SOURCE_ONLY,".write = NULL,"
mt8183-kernel,platform/kernel/mediatek/mt8183/4.4/drivers/misc/mediatek/boot/mtk_boot_common.c,236,ioctl_entry;write_handler,boot_store,no,no,yes,SOURCE_ONLY,.unlocked_ioctl = NULL
mt8183-kernel,platform/kernel/mediatek/mt8183/4.4/drivers/misc/mediatek/boot/mtk_boot_common.c,268,device_create,create_sysfs,no,no,yes,SOURCE_ONLY,"boot_device = device_create(boot_class, NULL, boot_dev_num, NULL, BOOT_DEV_NAME);"
mt8183-kernel,platform/kernel/mediatek/mt8183/4.4/drivers/misc/mediatek/boot/mtk_boot_common.c,332,procfs,boot_common_core,no,no,yes,SOURCE_ONLY,"if (proc_create_data(""boot_mode"", S_IRUGO, NULL, &boot_mode_proc_fops, NULL) == NULL)"
mt8183-kernel,platform/kernel/mediatek/mt8183/4.4/drivers/misc/mediatek/btif/common/btif_plat.c,909,write_handler,btif_tx_irq_handler,no,no,yes,SOURCE_ONLY,"/*Tx Holding Register if empty, which means we can write (Tx FIFO count - Tx threshold)to BTIF*/"
mt8183-kernel,platform/kernel/mediatek/mt8183/4.4/drivers/misc/mediatek/btif/common/btif_plat.c,1059,write_handler,,no,no,yes,SOURCE_ONLY,"/*Tx Holding Register if empty, which means we can write (Tx FIFO count - Tx threshold)to BTIF*/"
mt8183-kernel,platform/kernel/mediatek/mt8183/4.4/drivers/misc/mediatek/btif/common/mtk_btif.c,475,write_handler,,no,no,yes,SOURCE_ONLY,".write = btif_file_write,"
mt8183-kernel,platform/kernel/mediatek/mt8183/4.4/drivers/misc/mediatek/btif/common/mtk_btif.c,476,ioctl_entry;write_handler,,no,no,yes,SOURCE_ONLY,".unlocked_ioctl = btif_unlocked_ioctl,"
mt8183-kernel,platform/kernel/mediatek/mt8183/4.4/drivers/misc/mediatek/btif/common/mtk_btif.c,478,ioctl_entry;write_handler,,no,no,yes,SOURCE_ONLY,".compat_ioctl = btif_compat_ioctl,"
mt8183-kernel,platform/kernel/mediatek/mt8183/4.4/drivers/misc/mediatek/btif/common/mtk_btif.c,518,device_create,btif_chrdev_init,no,no,yes,SOURCE_ONLY,"p_btif_dev = device_create(p_btif_class,"
mt8183-kernel,platform/kernel/mediatek/mt8183/4.4/drivers/misc/mediatek/cam_cal/src/common/BRCB032GWZ_3/BRCB032GWZ_3.c,308,usercopy,,yes,no,yes,SOURCE_ONLY,"if (copy_from_user((u8 *) pBuff, (u8 *) a_u4Param, sizeof(stCAM_CAL_INFO_STRUCT))) {"
mt8183-kernel,platform/kernel/mediatek/mt8183/4.4/drivers/misc/mediatek/cam_cal/src/common/BRCB032GWZ_3/BRCB032GWZ_3.c,339,usercopy,,yes,no,yes,SOURCE_ONLY,"if (copy_from_user((u8 *)pWorkingBuff, (u8 *)ptempbuf->pu1Params, ptempbuf->u4Length)) {"
mt8183-kernel,platform/kernel/mediatek/mt8183/4.4/drivers/misc/mediatek/cam_cal/src/common/BRCB032GWZ_3/BRCB032GWZ_3.c,554,usercopy,,yes,no,yes,SOURCE_ONLY,"if (copy_to_user((u8 __user *) ptempbuf->pu1Params, (u8 *)pWorkingBuff,"
mt8183-kernel,platform/kernel/mediatek/mt8183/4.4/drivers/misc/mediatek/cam_cal/src/common/BRCB032GWZ_3/BRCB032GWZ_3.c,613,ioctl_entry;write_handler,CAM_CAL_Release,yes,no,yes,SOURCE_ONLY,.unlocked_ioctl = CAM_CAL_Ioctl
mt8183-kernel,platform/kernel/mediatek/mt8183/4.4/drivers/misc/mediatek/cam_cal/src/common/BRCB032GWZ_3/BRCB032GWZ_3.c,668,device_create,,yes,no,yes,SOURCE_ONLY,"CAM_CAL_device = device_create(CAM_CAL_class, NULL, g_CAM_CALdevno, NULL, CAM_CAL_DRVNAME);"
mt8183-kernel,platform/kernel/mediatek/mt8183/4.4/drivers/misc/mediatek/cam_cal/src/common/GT24c32a/GT24c32a.c,447,usercopy,,yes,no,yes,SOURCE_ONLY,"if (copy_from_user((u8 *) pBuff, (u8 *) a_u4Param, sizeof(stCAM_CAL_INFO_STRUCT))) {"
mt8183-kernel,platform/kernel/mediatek/mt8183/4.4/drivers/misc/mediatek/cam_cal/src/common/GT24c32a/GT24c32a.c,477,usercopy,,yes,no,yes,SOURCE_ONLY,"if (copy_from_user((u8 *)pWorkingBuff, (u8 *)ptempbuf->pu1Params, ptempbuf->u4Length)) {"
mt8183-kernel,platform/kernel/mediatek/mt8183/4.4/drivers/misc/mediatek/cam_cal/src/common/GT24c32a/GT24c32a.c,551,usercopy,,yes,no,yes,SOURCE_ONLY,"if (copy_to_user((u8 __user *) ptempbuf->pu1Params, (u8 *)pWorkingBuff,"
mt8183-kernel,platform/kernel/mediatek/mt8183/4.4/drivers/misc/mediatek/cam_cal/src/common/GT24c32a/GT24c32a.c,612,ioctl_entry;write_handler,EEPROM_Release,yes,no,yes,SOURCE_ONLY,.unlocked_ioctl = EEPROM_Ioctl
mt8183-kernel,platform/kernel/mediatek/mt8183/4.4/drivers/misc/mediatek/cam_cal/src/common/GT24c32a/GT24c32a.c,666,device_create,,yes,no,yes,SOURCE_ONLY,"EEPROM_device = device_create(EEPROM_class, NULL, g_EEPROMdevno, NULL, EEPROM_DRVNAME);"
mt8183-kernel,platform/kernel/mediatek/mt8183/4.4/drivers/misc/mediatek/cam_cal/src/common/cat24c16/cat24c16.c,257,usercopy,,yes,no,yes,SOURCE_ONLY,"err = get_user(i, &data->u4Offset);"
mt8183-kernel,platform/kernel/mediatek/mt8183/4.4/drivers/misc/mediatek/cam_cal/src/common/cat24c16/cat24c16.c,258,usercopy,,yes,no,yes,SOURCE_ONLY,"err |= put_user(i, &data32->u4Offset);"
mt8183-kernel,platform/kernel/mediatek/mt8183/4.4/drivers/misc/mediatek/cam_cal/src/common/cat24c16/cat24c16.c,259,usercopy,,yes,no,yes,SOURCE_ONLY,"err |= get_user(i, &data->u4Length);"
mt8183-kernel,platform/kernel/mediatek/mt8183/4.4/drivers/misc/mediatek/cam_cal/src/common/cat24c16/cat24c16.c,260,usercopy,,yes,no,yes,SOURCE_ONLY,"err |= put_user(i, &data32->u4Length);"
mt8183-kernel,platform/kernel/mediatek/mt8183/4.4/drivers/misc/mediatek/cam_cal/src/common/cat24c16/cat24c16.c,263,usercopy,,yes,no,yes,SOURCE_ONLY,"err |= get_user(p, &data->pu1Params);"
mt8183-kernel,platform/kernel/mediatek/mt8183/4.4/drivers/misc/mediatek/cam_cal/src/common/cat24c16/cat24c16.c,264,usercopy,,yes,no,yes,SOURCE_ONLY,"err |= put_user(p, &data32->pu1Params);"
mt8183-kernel,platform/kernel/mediatek/mt8183/4.4/drivers/misc/mediatek/cam_cal/src/common/cat24c16/cat24c16.c,276,usercopy,,yes,no,yes,SOURCE_ONLY,"err = get_user(i, &data32->u4Offset);"
mt8183-kernel,platform/kernel/mediatek/mt8183/4.4/drivers/misc/mediatek/cam_cal/src/common/cat24c16/cat24c16.c,277,usercopy,,yes,no,yes,SOURCE_ONLY,"err |= put_user(i, &data->u4Offset);"
mt8183-kernel,platform/kernel/mediatek/mt8183/4.4/drivers/misc/mediatek/cam_cal/src/common/cat24c16/cat24c16.c,278,usercopy,,yes,no,yes,SOURCE_ONLY,"err |= get_user(i, &data32->u4Length);"
mt8183-kernel,platform/kernel/mediatek/mt8183/4.4/drivers/misc/mediatek/cam_cal/src/common/cat24c16/cat24c16.c,279,usercopy,,yes,no,yes,SOURCE_ONLY,"err |= put_user(i, &data->u4Length);"
mt8183-kernel,platform/kernel/mediatek/mt8183/4.4/drivers/misc/mediatek/cam_cal/src/common/cat24c16/cat24c16.c,280,usercopy,,yes,no,yes,SOURCE_ONLY,"err |= get_user(p, &data32->pu1Params);"
mt8183-kernel,platform/kernel/mediatek/mt8183/4.4/drivers/misc/mediatek/cam_cal/src/common/cat24c16/cat24c16.c,281,usercopy,,yes,no,yes,SOURCE_ONLY,"err |= put_user(compat_ptr(p), &data->pu1Params);"
mt8183-kernel,platform/kernel/mediatek/mt8183/4.4/drivers/misc/mediatek/cam_cal/src/common/cat24c16/cat24c16.c,365,usercopy,,yes,no,yes,SOURCE_ONLY,"if (copy_from_user((u8 *) pBuff, (u8 *) a_u4Param, sizeof(struct stCAM_CAL_INFO_STRUCT))) {"
mt8183-kernel,platform/kernel/mediatek/mt8183/4.4/drivers/misc/mediatek/cam_cal/src/common/cat24c16/cat24c16.c,395,usercopy,,yes,no,yes,SOURCE_ONLY,"if (copy_from_user((u8 *)pu1Params, (u8 *)ptempbuf->pu1Params, ptempbuf->u4Length)) {"
mt8183-kernel,platform/kernel/mediatek/mt8183/4.4/drivers/misc/mediatek/cam_cal/src/common/cat24c16/cat24c16.c,452,usercopy,,yes,no,yes,SOURCE_ONLY,"if (copy_to_user((u8 __user *) ptempbuf->pu1Params, (u8 *)pu1Params, ptempbuf->u4Length)) {"
mt8183-kernel,platform/kernel/mediatek/mt8183/4.4/drivers/misc/mediatek/cam_cal/src/common/cat24c16/cat24c16.c,515,ioctl_entry;write_handler,CAM_CAL_Release,yes,no,yes,SOURCE_ONLY,".compat_ioctl = cat24c16_Ioctl_Compat,"
mt8183-kernel,platform/kernel/mediatek/mt8183/4.4/drivers/misc/mediatek/cam_cal/src/common/cat24c16/cat24c16.c,517,ioctl_entry;write_handler,CAM_CAL_Release,yes,no,yes,SOURCE_ONLY,.unlocked_ioctl = CAM_CAL_Ioctl
mt8183-kernel,platform/kernel/mediatek/mt8183/4.4/drivers/misc/mediatek/cam_cal/src/common/cat24c16/cat24c16.c,571,device_create,,yes,no,yes,SOURCE_ONLY,"CAM_CAL_device = device_create(CAM_CAL_class, NULL, g_CAM_CALdevno, NULL, CAM_CAL_DRVNAME);"
mt8183-kernel,platform/kernel/mediatek/mt8183/4.4/drivers/misc/mediatek/cam_cal/src/eeprom_driver.c,472,usercopy,EEPROM_HW_remove,yes,no,yes,SOURCE_ONLY,"err = get_user(i, &data->u4Offset);"
mt8183-kernel,platform/kernel/mediatek/mt8183/4.4/drivers/misc/mediatek/cam_cal/src/eeprom_driver.c,473,usercopy,EEPROM_HW_remove,yes,no,yes,SOURCE_ONLY,"err |= put_user(i, &data32->u4Offset);"
mt8183-kernel,platform/kernel/mediatek/mt8183/4.4/drivers/misc/mediatek/cam_cal/src/eeprom_driver.c,474,usercopy,EEPROM_HW_remove,yes,no,yes,SOURCE_ONLY,"err |= get_user(i, &data->u4Length);"
mt8183-kernel,platform/kernel/mediatek/mt8183/4.4/drivers/misc/mediatek/cam_cal/src/eeprom_driver.c,475,usercopy,EEPROM_HW_remove,yes,no,yes,SOURCE_ONLY,"err |= put_user(i, &data32->u4Length);"
mt8183-kernel,platform/kernel/mediatek/mt8183/4.4/drivers/misc/mediatek/cam_cal/src/eeprom_driver.c,476,usercopy,EEPROM_HW_remove,yes,no,yes,SOURCE_ONLY,"err |= get_user(i, &data->sensorID);"
mt8183-kernel,platform/kernel/mediatek/mt8183/4.4/drivers/misc/mediatek/cam_cal/src/eeprom_driver.c,477,usercopy,,yes,no,yes,SOURCE_ONLY,"err |= put_user(i, &data32->sensorID);"
mt8183-kernel,platform/kernel/mediatek/mt8183/4.4/drivers/misc/mediatek/cam_cal/src/eeprom_driver.c,478,usercopy,,yes,no,yes,SOURCE_ONLY,"err |= get_user(i, &data->deviceID);"
mt8183-kernel,platform/kernel/mediatek/mt8183/4.4/drivers/misc/mediatek/cam_cal/src/eeprom_driver.c,479,usercopy,,yes,no,yes,SOURCE_ONLY,"err |= put_user(i, &data32->deviceID);"
mt8183-kernel,platform/kernel/mediatek/mt8183/4.4/drivers/misc/mediatek/cam_cal/src/eeprom_driver.c,483,usercopy,,yes,no,yes,SOURCE_ONLY,"err |= get_user(p, (compat_uptr_t *)&data->pu1Params);"
mt8183-kernel,platform/kernel/mediatek/mt8183/4.4/drivers/misc/mediatek/cam_cal/src/eeprom_driver.c,484,usercopy,,yes,no,yes,SOURCE_ONLY,"err |= put_user(p, &data32->pu1Params);"
mt8183-kernel,platform/kernel/mediatek/mt8183/4.4/drivers/misc/mediatek/cam_cal/src/eeprom_driver.c,497,usercopy,,yes,no,yes,SOURCE_ONLY,"err = get_user(i, &data32->u4Offset);"
mt8183-kernel,platform/kernel/mediatek/mt8183/4.4/drivers/misc/mediatek/cam_cal/src/eeprom_driver.c,498,usercopy,,yes,no,yes,SOURCE_ONLY,"err |= put_user(i, &data->u4Offset);"
mt8183-kernel,platform/kernel/mediatek/mt8183/4.4/drivers/misc/mediatek/cam_cal/src/eeprom_driver.c,499,usercopy,,yes,no,yes,SOURCE_ONLY,"err |= get_user(i, &data32->u4Length);"
mt8183-kernel,platform/kernel/mediatek/mt8183/4.4/drivers/misc/mediatek/cam_cal/src/eeprom_driver.c,500,usercopy,,yes,no,yes,SOURCE_ONLY,"err |= put_user(i, &data->u4Length);"
mt8183-kernel,platform/kernel/mediatek/mt8183/4.4/drivers/misc/mediatek/cam_cal/src/eeprom_driver.c,501,usercopy,,yes,no,yes,SOURCE_ONLY,"err |= get_user(i, &data32->sensorID);"
mt8183-kernel,platform/kernel/mediatek/mt8183/4.4/drivers/misc/mediatek/cam_cal/src/eeprom_driver.c,502,usercopy,,yes,no,yes,SOURCE_ONLY,"err |= put_user(i, &data->sensorID);"
mt8183-kernel,platform/kernel/mediatek/mt8183/4.4/drivers/misc/mediatek/cam_cal/src/eeprom_driver.c,503,usercopy,,yes,no,yes,SOURCE_ONLY,"err |= get_user(i, &data32->deviceID);"
mt8183-kernel,platform/kernel/mediatek/mt8183/4.4/drivers/misc/mediatek/cam_cal/src/eeprom_driver.c,504,usercopy,,yes,no,yes,SOURCE_ONLY,"err |= put_user(i, &data->deviceID);"
mt8183-kernel,platform/kernel/mediatek/mt8183/4.4/drivers/misc/mediatek/cam_cal/src/eeprom_driver.c,506,usercopy,,yes,no,yes,SOURCE_ONLY,"err |= get_user(p, &data32->pu1Params);"
mt8183-kernel,platform/kernel/mediatek/mt8183/4.4/drivers/misc/mediatek/cam_cal/src/eeprom_driver.c,507,usercopy,,yes,no,yes,SOURCE_ONLY,"err |= put_user(compat_ptr(p), &data->pu1Params);"
mt8183-kernel,platform/kernel/mediatek/mt8183/4.4/drivers/misc/mediatek/cam_cal/src/eeprom_driver.c,604,usercopy,,yes,no,yes,SOURCE_ONLY,"if (copy_from_user((u8 *) pBuff, (u8 *) a_u4Param, sizeof(struct stCAM_CAL_INFO_STRUCT))) {"
mt8183-kernel,platform/kernel/mediatek/mt8183/4.4/drivers/misc/mediatek/cam_cal/src/eeprom_driver.c,627,usercopy,,yes,no,yes,SOURCE_ONLY,"if (copy_from_user((u8 *)pu1Params, (u8 *)ptempbuf->pu1Params, ptempbuf->u4Length)) {"
mt8183-kernel,platform/kernel/mediatek/mt8183/4.4/drivers/misc/mediatek/cam_cal/src/eeprom_driver.c,739,usercopy,,yes,no,yes,SOURCE_ONLY,"if (copy_to_user((u8 __user *) ptempbuf->pu1Params, (u8 *)pu1Params, ptempbuf->u4Length)) {"
mt8183-kernel,platform/kernel/mediatek/mt8183/4.4/drivers/misc/mediatek/cam_cal/src/eeprom_driver.c,786,ioctl_entry;write_handler,EEPROM_drv_release,yes,no,yes,SOURCE_ONLY,".compat_ioctl = EEPROM_drv_compat_ioctl,"
mt8183-kernel,platform/kernel/mediatek/mt8183/4.4/drivers/misc/mediatek/cam_cal/src/eeprom_driver.c,788,ioctl_entry;write_handler,EEPROM_drv_release,yes,no,yes,SOURCE_ONLY,.unlocked_ioctl = EEPROM_drv_ioctl
mt8183-kernel,platform/kernel/mediatek/mt8183/4.4/drivers/misc/mediatek/cam_cal/src/eeprom_driver.c,838,device_create,EEPROM_chrdev_register,yes,no,yes,SOURCE_ONLY,"device = device_create(g_drvClass, NULL, g_devNum, NULL, CAM_CAL_DRV_NAME);"
mt8183-kernel,platform/kernel/mediatek/mt8183/4.4/drivers/misc/mediatek/cameraisp/dip/isp_50/camera_dip.c,836,usercopy,,yes,no,yes,SOURCE_ONLY,"if (copy_from_user(g_pKWTpipeBuffer, (void __user *)(OffsetAddr),"
mt8183-kernel,platform/kernel/mediatek/mt8183/4.4/drivers/misc/mediatek/cameraisp/dip/isp_50/camera_dip.c,849,usercopy,,yes,no,yes,SOURCE_ONLY,"if (copy_from_user(g_pKWCmdqBuffer, (void __user *)(OffsetAddr),"
mt8183-kernel,platform/kernel/mediatek/mt8183/4.4/drivers/misc/mediatek/cameraisp/dip/isp_50/camera_dip.c,859,usercopy,,yes,no,yes,SOURCE_ONLY,"if (copy_from_user(g_pKWVirDIPBuffer, (void __user *)(OffsetAddr),"
mt8183-kernel,platform/kernel/mediatek/mt8183/4.4/drivers/misc/mediatek/cameraisp/dip/isp_50/camera_dip.c,1345,usercopy,,yes,no,yes,SOURCE_ONLY,"if (copy_from_user(pData, (void *)pRegIo->pData, (pRegIo->Count) * sizeof(struct DIP_REG_STRUCT)) == 0) {"
mt8183-kernel,platform/kernel/mediatek/mt8183/4.4/drivers/misc/mediatek/cameraisp/dip/isp_50/camera_dip.c,1361,usercopy,,yes,no,yes,SOURCE_ONLY,"if (copy_to_user((void *)pRegIo->pData, pData, (pRegIo->Count) * sizeof(struct DIP_REG_STRUCT)) != 0) {"
mt8183-kernel,platform/kernel/mediatek/mt8183/4.4/drivers/misc/mediatek/cameraisp/dip/isp_50/camera_dip.c,1607,usercopy,,yes,no,yes,SOURCE_ONLY,"if (copy_from_user(g_pTpipeBuffer, (void __user *)(pDumpBufStruct->pBuffer),"
mt8183-kernel,platform/kernel/mediatek/mt8183/4.4/drivers/misc/mediatek/cameraisp/dip/isp_50/camera_dip.c,1634,usercopy,,yes,no,yes,SOURCE_ONLY,"if (copy_from_user(g_pTuningBuffer, (void __user *)(pDumpBufStruct->pBuffer),"
mt8183-kernel,platform/kernel/mediatek/mt8183/4.4/drivers/misc/mediatek/cameraisp/dip/isp_50/camera_dip.c,1661,usercopy,,yes,no,yes,SOURCE_ONLY,"if (copy_from_user(g_pVirDIPBuffer, (void __user *)(pDumpBufStruct->pBuffer),"
mt8183-kernel,platform/kernel/mediatek/mt8183/4.4/drivers/misc/mediatek/cameraisp/dip/isp_50/camera_dip.c,1688,usercopy,,yes,no,yes,SOURCE_ONLY,"if (copy_from_user(g_pCmdqBuffer, (void __user *)(pDumpBufStruct->pBuffer),"
mt8183-kernel,platform/kernel/mediatek/mt8183/4.4/drivers/misc/mediatek/cameraisp/dip/isp_50/camera_dip.c,2594,usercopy,DIP_ioctl,yes,no,yes,SOURCE_ONLY,"if (copy_from_user(&wakelock_ctrl, (void *)Param, sizeof(unsigned int)) != 0) {"
mt8183-kernel,platform/kernel/mediatek/mt8183/4.4/drivers/misc/mediatek/cameraisp/dip/isp_50/camera_dip.c,2622,usercopy,,yes,no,yes,SOURCE_ONLY,"if (copy_from_user(&module, (void *)Param, sizeof(unsigned int)) != 0) {"
mt8183-kernel,platform/kernel/mediatek/mt8183/4.4/drivers/misc/mediatek/cameraisp/dip/isp_50/camera_dip.c,2631,usercopy,,yes,no,yes,SOURCE_ONLY,"if (copy_from_user(&RegIo, (void *)Param, sizeof(struct DIP_REG_IO_STRUCT)) == 0) {"
mt8183-kernel,platform/kernel/mediatek/mt8183/4.4/drivers/misc/mediatek/cameraisp/dip/isp_50/camera_dip.c,2641,usercopy,,yes,no,yes,SOURCE_ONLY,"if (copy_from_user(&RegIo, (void *)Param, sizeof(struct DIP_REG_IO_STRUCT)) == 0) {"
mt8183-kernel,platform/kernel/mediatek/mt8183/4.4/drivers/misc/mediatek/cameraisp/dip/isp_50/camera_dip.c,2651,usercopy,,yes,no,yes,SOURCE_ONLY,"if (copy_from_user(&IrqInfo, (void *)Param, sizeof(struct DIP_WAIT_IRQ_STRUCT)) == 0) {"
mt8183-kernel,platform/kernel/mediatek/mt8183/4.4/drivers/misc/mediatek/cameraisp/dip/isp_50/camera_dip.c,2677,usercopy,,yes,no,yes,SOURCE_ONLY,"if (copy_from_user(&ClearIrq, (void *)Param, sizeof(struct DIP_CLEAR_IRQ_STRUCT)) == 0) {"
mt8183-kernel,platform/kernel/mediatek/mt8183/4.4/drivers/misc/mediatek/cameraisp/dip/isp_50/camera_dip.c,2709,usercopy,,yes,no,yes,SOURCE_ONLY,"if (copy_from_user(&IrqInfo, (void *)Param, sizeof(struct DIP_WAIT_IRQ_STRUCT)) == 0) {"
mt8183-kernel,platform/kernel/mediatek/mt8183/4.4/drivers/misc/mediatek/cameraisp/dip/isp_50/camera_dip.c,2726,usercopy,,yes,no,yes,SOURCE_ONLY,"if (copy_from_user(&p2QueBuf, (void *)Param, sizeof(struct DIP_P2_BUFQUE_STRUCT)) == 0) {"
mt8183-kernel,platform/kernel/mediatek/mt8183/4.4/drivers/misc/mediatek/cameraisp/dip/isp_50/camera_dip.c,2736,usercopy,,yes,no,yes,SOURCE_ONLY,"if (copy_from_user(DebugFlag, (void *)Param, sizeof(unsigned int)) == 0) {"
mt8183-kernel,platform/kernel/mediatek/mt8183/4.4/drivers/misc/mediatek/cameraisp/dip/isp_50/camera_dip.c,2749,usercopy,,yes,no,yes,SOURCE_ONLY,"if (copy_to_user((void *)Param, &g_dumpInfo, sizeof(struct DIP_GET_DUMP_INFO_STRUCT)) != 0) {"
mt8183-kernel,platform/kernel/mediatek/mt8183/4.4/drivers/misc/mediatek/cameraisp/dip/isp_50/camera_dip.c,2756,usercopy,,yes,no,yes,SOURCE_ONLY,"if (copy_from_user(&DumpBufStruct, (void *)Param, sizeof(struct DIP_DUMP_BUFFER_STRUCT)) == 0) {"
mt8183-kernel,platform/kernel/mediatek/mt8183/4.4/drivers/misc/mediatek/cameraisp/dip/isp_50/camera_dip.c,2766,usercopy,,yes,no,yes,SOURCE_ONLY,"if (copy_from_user(&MemInfoStruct, (void *)Param, sizeof(struct DIP_MEM_INFO_STRUCT)) == 0) {"
mt8183-kernel,platform/kernel/mediatek/mt8183/4.4/drivers/misc/mediatek/cameraisp/dip/isp_50/camera_dip.c,2804,usercopy,,yes,no,yes,SOURCE_ONLY,"err = get_user(uptr, &data32->pData);"
mt8183-kernel,platform/kernel/mediatek/mt8183/4.4/drivers/misc/mediatek/cameraisp/dip/isp_50/camera_dip.c,2805,usercopy,,yes,no,yes,SOURCE_ONLY,"err |= put_user(compat_ptr(uptr), &data->pData);"
mt8183-kernel,platform/kernel/mediatek/mt8183/4.4/drivers/misc/mediatek/cameraisp/dip/isp_50/camera_dip.c,2806,usercopy,,yes,no,yes,SOURCE_ONLY,"err |= get_user(count, &data32->Count);"
mt8183-kernel,platform/kernel/mediatek/mt8183/4.4/drivers/misc/mediatek/cameraisp/dip/isp_50/camera_dip.c,2807,usercopy,,yes,no,yes,SOURCE_ONLY,"err |= put_user(count, &data->Count);"
mt8183-kernel,platform/kernel/mediatek/mt8183/4.4/drivers/misc/mediatek/cameraisp/dip/isp_50/camera_dip.c,2819,usercopy,,yes,no,yes,SOURCE_ONLY,"/* err = get_user(compat_ptr(uptr), &data->pData); */"
mt8183-kernel,platform/kernel/mediatek/mt8183/4.4/drivers/misc/mediatek/cameraisp/dip/isp_50/camera_dip.c,2820,usercopy,,yes,no,yes,SOURCE_ONLY,"/* err |= put_user(uptr, &data32->pData); */"
mt8183-kernel,platform/kernel/mediatek/mt8183/4.4/drivers/misc/mediatek/cameraisp/dip/isp_50/camera_dip.c,2821,usercopy,,yes,no,yes,SOURCE_ONLY,"err |= get_user(count, &data->Count);"
mt8183-kernel,platform/kernel/mediatek/mt8183/4.4/drivers/misc/mediatek/cameraisp/dip/isp_50/camera_dip.c,2822,usercopy,,yes,no,yes,SOURCE_ONLY,"err |= put_user(count, &data32->Count);"
mt8183-kernel,platform/kernel/mediatek/mt8183/4.4/drivers/misc/mediatek/cameraisp/dip/isp_50/camera_dip.c,2835,usercopy,,yes,no,yes,SOURCE_ONLY,"err = get_user(cmd, &data32->DumpCmd);"
mt8183-kernel,platform/kernel/mediatek/mt8183/4.4/drivers/misc/mediatek/cameraisp/dip/isp_50/camera_dip.c,2836,usercopy,,yes,no,yes,SOURCE_ONLY,"err |= put_user(cmd, &data->DumpCmd);"
mt8183-kernel,platform/kernel/mediatek/mt8183/4.4/drivers/misc/mediatek/cameraisp/dip/isp_50/camera_dip.c,2837,usercopy,,yes,no,yes,SOURCE_ONLY,"err |= get_user(uptr, &data32->pBuffer);"
mt8183-kernel,platform/kernel/mediatek/mt8183/4.4/drivers/misc/mediatek/cameraisp/dip/isp_50/camera_dip.c,2838,usercopy,,yes,no,yes,SOURCE_ONLY,"err |= put_user(compat_ptr(uptr), &data->pBuffer);"
mt8183-kernel,platform/kernel/mediatek/mt8183/4.4/drivers/misc/mediatek/cameraisp/dip/isp_50/camera_dip.c,2839,usercopy,,yes,no,yes,SOURCE_ONLY,"err |= get_user(count, &data32->BytesofBufferSize);"
mt8183-kernel,platform/kernel/mediatek/mt8183/4.4/drivers/misc/mediatek/cameraisp/dip/isp_50/camera_dip.c,2840,usercopy,,yes,no,yes,SOURCE_ONLY,"err |= put_user(count, &data->BytesofBufferSize);"
mt8183-kernel,platform/kernel/mediatek/mt8183/4.4/drivers/misc/mediatek/cameraisp/dip/isp_50/camera_dip.c,2854,usercopy,,yes,no,yes,SOURCE_ONLY,"err = get_user(cmd, &data32->MemInfoCmd);"
mt8183-kernel,platform/kernel/mediatek/mt8183/4.4/drivers/misc/mediatek/cameraisp/dip/isp_50/camera_dip.c,2855,usercopy,,yes,no,yes,SOURCE_ONLY,"err |= put_user(cmd, &data->MemInfoCmd);"
mt8183-kernel,platform/kernel/mediatek/mt8183/4.4/drivers/misc/mediatek/cameraisp/dip/isp_50/camera_dip.c,2856,usercopy,,yes,no,yes,SOURCE_ONLY,"err |= get_user(mempa, &data32->MemPa);"
mt8183-kernel,platform/kernel/mediatek/mt8183/4.4/drivers/misc/mediatek/cameraisp/dip/isp_50/camera_dip.c,2857,usercopy,,yes,no,yes,SOURCE_ONLY,"err |= put_user(mempa, &data->MemPa);"
mt8183-kernel,platform/kernel/mediatek/mt8183/4.4/drivers/misc/mediatek/cameraisp/dip/isp_50/camera_dip.c,2858,usercopy,,yes,no,yes,SOURCE_ONLY,"err |= get_user(uptr, &data32->MemVa);"
mt8183-kernel,platform/kernel/mediatek/mt8183/4.4/drivers/misc/mediatek/cameraisp/dip/isp_50/camera_dip.c,2859,usercopy,,yes,no,yes,SOURCE_ONLY,"err |= put_user(compat_ptr(uptr), &data->MemVa);"
mt8183-kernel,platform/kernel/mediatek/mt8183/4.4/drivers/misc/mediatek/cameraisp/dip/isp_50/camera_dip.c,2860,usercopy,,yes,no,yes,SOURCE_ONLY,"err |= get_user(size, &data32->MemSizeDiff);"
mt8183-kernel,platform/kernel/mediatek/mt8183/4.4/drivers/misc/mediatek/cameraisp/dip/isp_50/camera_dip.c,2861,usercopy,,yes,no,yes,SOURCE_ONLY,"err |= put_user(size, &data->MemSizeDiff);"
mt8183-kernel,platform/kernel/mediatek/mt8183/4.4/drivers/misc/mediatek/cameraisp/dip/isp_50/camera_dip.c,3367,ioctl_entry;write_handler,,yes,no,yes,SOURCE_ONLY,".unlocked_ioctl = DIP_ioctl,"
mt8183-kernel,platform/kernel/mediatek/mt8183/4.4/drivers/misc/mediatek/cameraisp/dip/isp_50/camera_dip.c,3369,ioctl_entry;write_handler,,yes,no,yes,SOURCE_ONLY,".compat_ioctl = DIP_ioctl_compat,"
mt8183-kernel,platform/kernel/mediatek/mt8183/4.4/drivers/misc/mediatek/cameraisp/dip/isp_50/camera_dip.c,3550,device_create,,yes,no,yes,SOURCE_ONLY,"dev = device_create(pIspClass, NULL, IspDevNo, NULL, DIP_DEV_NAME);"
mt8183-kernel,platform/kernel/mediatek/mt8183/4.4/drivers/misc/mediatek/cameraisp/dip/isp_50/camera_dip.c,4090,procfs,,yes,no,yes,SOURCE_ONLY,"proc_entry = proc_create(""dip_dump"", S_IRUGO, dip_p2_dir, &dip_dump_proc_fops);"
mt8183-kernel,platform/kernel/mediatek/mt8183/4.4/drivers/misc/mediatek/cameraisp/dip/isp_50/camera_dip.c,4091,procfs,,yes,no,yes,SOURCE_ONLY,"proc_entry = proc_create(""isp_p2_dump"", S_IRUGO, dip_p2_dir, &dip_p2_dump_proc_fops);"
mt8183-kernel,platform/kernel/mediatek/mt8183/4.4/drivers/misc/mediatek/cameraisp/dip/isp_50/camera_dip.c,4092,procfs,,yes,no,yes,SOURCE_ONLY,"proc_entry = proc_create(""isp_p2_kedump"", S_IRUGO, dip_p2_dir, &dip_p2_ke_dump_proc_fops);"
mt8183-kernel,platform/kernel/mediatek/mt8183/4.4/drivers/misc/mediatek/cameraisp/dpe/isp_50/camera_dpe.c,2270,usercopy,,yes,no,yes,SOURCE_ONLY,"if (copy_from_user(pData, (void *)pRegIo->pData, (pRegIo->Count) * sizeof(struct DPE_REG_STRUCT)) == 0) {"
mt8183-kernel,platform/kernel/mediatek/mt8183/4.4/drivers/misc/mediatek/cameraisp/dpe/isp_50/camera_dpe.c,2286,usercopy,,yes,no,yes,SOURCE_ONLY,"if (copy_to_user((void *)pRegIo->pData, pData, (pRegIo->Count) * sizeof(struct DPE_REG_STRUCT)) != 0) {"
mt8183-kernel,platform/kernel/mediatek/mt8183/4.4/drivers/misc/mediatek/cameraisp/dpe/isp_50/camera_dpe.c,2640,usercopy,,yes,no,yes,SOURCE_ONLY,"if (copy_from_user(&RegIo, (void *)Param, sizeof(struct DPE_REG_IO_STRUCT)) == 0) {"
mt8183-kernel,platform/kernel/mediatek/mt8183/4.4/drivers/misc/mediatek/cameraisp/dpe/isp_50/camera_dpe.c,2651,usercopy,,yes,no,yes,SOURCE_ONLY,"if (copy_from_user(&RegIo, (void *)Param, sizeof(struct DPE_REG_IO_STRUCT)) == 0) {"
mt8183-kernel,platform/kernel/mediatek/mt8183/4.4/drivers/misc/mediatek/cameraisp/dpe/isp_50/camera_dpe.c,2662,usercopy,,yes,no,yes,SOURCE_ONLY,"if (copy_from_user(&IrqInfo, (void *)Param, sizeof(struct DPE_WAIT_IRQ_STRUCT)) =="
mt8183-kernel,platform/kernel/mediatek/mt8183/4.4/drivers/misc/mediatek/cameraisp/dpe/isp_50/camera_dpe.c,2697,usercopy,,yes,no,yes,SOURCE_ONLY,"if (copy_from_user(&ClearIrq, (void *)Param, sizeof(struct DPE_CLEAR_IRQ_STRUCT))"
mt8183-kernel,platform/kernel/mediatek/mt8183/4.4/drivers/misc/mediatek/cameraisp/dpe/isp_50/camera_dpe.c,2733,usercopy,,yes,no,yes,SOURCE_ONLY,"if (copy_from_user(&dpe_DveReq, (void *)Param, sizeof(struct DPE_DVERequest)) == 0) {"
mt8183-kernel,platform/kernel/mediatek/mt8183/4.4/drivers/misc/mediatek/cameraisp/dpe/isp_50/camera_dpe.c,2807,usercopy,,yes,no,yes,SOURCE_ONLY,"if (copy_from_user(&dpe_DveReq, (void *)Param, sizeof(struct DPE_DVERequest)) == 0) {"
mt8183-kernel,platform/kernel/mediatek/mt8183/4.4/drivers/misc/mediatek/cameraisp/dpe/isp_50/camera_dpe.c,2866,usercopy,,yes,no,yes,SOURCE_ONLY,"if (copy_to_user((void *)Param, &dpe_DveReq, sizeof(struct DPE_DVERequest))"
mt8183-kernel,platform/kernel/mediatek/mt8183/4.4/drivers/misc/mediatek/cameraisp/dpe/isp_50/camera_dpe.c,2883,usercopy,,yes,no,yes,SOURCE_ONLY,"if (copy_from_user(&dpe_WmfeReq, (void *)Param, sizeof(struct DPE_WMFERequest)) =="
mt8183-kernel,platform/kernel/mediatek/mt8183/4.4/drivers/misc/mediatek/cameraisp/dpe/isp_50/camera_dpe.c,2952,usercopy,,yes,no,yes,SOURCE_ONLY,"if (copy_from_user(&dpe_WmfeReq, (void *)Param, sizeof(struct DPE_WMFERequest)) =="
mt8183-kernel,platform/kernel/mediatek/mt8183/4.4/drivers/misc/mediatek/cameraisp/dpe/isp_50/camera_dpe.c,3054,usercopy,,yes,no,yes,SOURCE_ONLY,"err = get_user(uptr, &data32->pData);"
mt8183-kernel,platform/kernel/mediatek/mt8183/4.4/drivers/misc/mediatek/cameraisp/dpe/isp_50/camera_dpe.c,3055,usercopy,,yes,no,yes,SOURCE_ONLY,"err |= put_user(compat_ptr(uptr), &data->pData);"
mt8183-kernel,platform/kernel/mediatek/mt8183/4.4/drivers/misc/mediatek/cameraisp/dpe/isp_50/camera_dpe.c,3056,usercopy,,yes,no,yes,SOURCE_ONLY,"err |= get_user(count, &data32->Count);"
mt8183-kernel,platform/kernel/mediatek/mt8183/4.4/drivers/misc/mediatek/cameraisp/dpe/isp_50/camera_dpe.c,3057,usercopy,,yes,no,yes,SOURCE_ONLY,"err |= put_user(count, &data->Count);"
mt8183-kernel,platform/kernel/mediatek/mt8183/4.4/drivers/misc/mediatek/cameraisp/dpe/isp_50/camera_dpe.c,3068,usercopy,,yes,no,yes,SOURCE_ONLY,"/* err = get_user(compat_ptr(uptr), &data->pData); */"
mt8183-kernel,platform/kernel/mediatek/mt8183/4.4/drivers/misc/mediatek/cameraisp/dpe/isp_50/camera_dpe.c,3069,usercopy,,yes,no,yes,SOURCE_ONLY,"/* err |= put_user(uptr, &data32->pData); */"
mt8183-kernel,platform/kernel/mediatek/mt8183/4.4/drivers/misc/mediatek/cameraisp/dpe/isp_50/camera_dpe.c,3070,usercopy,,yes,no,yes,SOURCE_ONLY,"err |= get_user(count, &data->Count);"
mt8183-kernel,platform/kernel/mediatek/mt8183/4.4/drivers/misc/mediatek/cameraisp/dpe/isp_50/camera_dpe.c,3071,usercopy,,yes,no,yes,SOURCE_ONLY,"err |= put_user(count, &data32->Count);"
mt8183-kernel,platform/kernel/mediatek/mt8183/4.4/drivers/misc/mediatek/cameraisp/dpe/isp_50/camera_dpe.c,3082,usercopy,,yes,no,yes,SOURCE_ONLY,"err = get_user(uptr, &data32->m_pDpeConfig);"
mt8183-kernel,platform/kernel/mediatek/mt8183/4.4/drivers/misc/mediatek/cameraisp/dpe/isp_50/camera_dpe.c,3083,usercopy,,yes,no,yes,SOURCE_ONLY,"err |= put_user(compat_ptr(uptr), &data->m_pDpeConfig);"
mt8183-kernel,platform/kernel/mediatek/mt8183/4.4/drivers/misc/mediatek/cameraisp/dpe/isp_50/camera_dpe.c,3084,usercopy,,yes,no,yes,SOURCE_ONLY,"err |= get_user(count, &data32->m_ReqNum);"
mt8183-kernel,platform/kernel/mediatek/mt8183/4.4/drivers/misc/mediatek/cameraisp/dpe/isp_50/camera_dpe.c,3085,usercopy,,yes,no,yes,SOURCE_ONLY,"err |= put_user(count, &data->m_ReqNum);"
mt8183-kernel,platform/kernel/mediatek/mt8183/4.4/drivers/misc/mediatek/cameraisp/dpe/isp_50/camera_dpe.c,3097,usercopy,,yes,no,yes,SOURCE_ONLY,"/* err = get_user(compat_ptr(uptr), &data->m_pDpeConfig); */"
mt8183-kernel,platform/kernel/mediatek/mt8183/4.4/drivers/misc/mediatek/cameraisp/dpe/isp_50/camera_dpe.c,3098,usercopy,,yes,no,yes,SOURCE_ONLY,"/* err |= put_user(uptr, &data32->m_pDpeConfig); */"
mt8183-kernel,platform/kernel/mediatek/mt8183/4.4/drivers/misc/mediatek/cameraisp/dpe/isp_50/camera_dpe.c,3099,usercopy,,yes,no,yes,SOURCE_ONLY,"err |= get_user(count, &data->m_ReqNum);"
mt8183-kernel,platform/kernel/mediatek/mt8183/4.4/drivers/misc/mediatek/cameraisp/dpe/isp_50/camera_dpe.c,3100,usercopy,,yes,no,yes,SOURCE_ONLY,"err |= put_user(count, &data32->m_ReqNum);"
mt8183-kernel,platform/kernel/mediatek/mt8183/4.4/drivers/misc/mediatek/cameraisp/dpe/isp_50/camera_dpe.c,3112,usercopy,,yes,no,yes,SOURCE_ONLY,"err = get_user(uptr, &data32->m_pDpeConfig);"
mt8183-kernel,platform/kernel/mediatek/mt8183/4.4/drivers/misc/mediatek/cameraisp/dpe/isp_50/camera_dpe.c,3113,usercopy,,yes,no,yes,SOURCE_ONLY,"err |= put_user(compat_ptr(uptr), &data->m_pDpeConfig);"
mt8183-kernel,platform/kernel/mediatek/mt8183/4.4/drivers/misc/mediatek/cameraisp/dpe/isp_50/camera_dpe.c,3114,usercopy,,yes,no,yes,SOURCE_ONLY,"err |= get_user(count, &data32->m_ReqNum);"
mt8183-kernel,platform/kernel/mediatek/mt8183/4.4/drivers/misc/mediatek/cameraisp/dpe/isp_50/camera_dpe.c,3115,usercopy,,yes,no,yes,SOURCE_ONLY,"err |= put_user(count, &data->m_ReqNum);"
mt8183-kernel,platform/kernel/mediatek/mt8183/4.4/drivers/misc/mediatek/cameraisp/dpe/isp_50/camera_dpe.c,3127,usercopy,,yes,no,yes,SOURCE_ONLY,"/* err = get_user(compat_ptr(uptr), &data->m_pDpeConfig); */"
mt8183-kernel,platform/kernel/mediatek/mt8183/4.4/drivers/misc/mediatek/cameraisp/dpe/isp_50/camera_dpe.c,3128,usercopy,,yes,no,yes,SOURCE_ONLY,"/* err |= put_user(uptr, &data32->m_pDpeConfig); */"
mt8183-kernel,platform/kernel/mediatek/mt8183/4.4/drivers/misc/mediatek/cameraisp/dpe/isp_50/camera_dpe.c,3129,usercopy,,yes,no,yes,SOURCE_ONLY,"err |= get_user(count, &data->m_ReqNum);"
mt8183-kernel,platform/kernel/mediatek/mt8183/4.4/drivers/misc/mediatek/cameraisp/dpe/isp_50/camera_dpe.c,3130,usercopy,,yes,no,yes,SOURCE_ONLY,"err |= put_user(count, &data32->m_ReqNum);"
mt8183-kernel,platform/kernel/mediatek/mt8183/4.4/drivers/misc/mediatek/cameraisp/dpe/isp_50/camera_dpe.c,3141,usercopy,,yes,no,yes,SOURCE_ONLY,"err = get_user(uptr, &data32->m_pWmfeConfig);"
mt8183-kernel,platform/kernel/mediatek/mt8183/4.4/drivers/misc/mediatek/cameraisp/dpe/isp_50/camera_dpe.c,3142,usercopy,,yes,no,yes,SOURCE_ONLY,"err |= put_user(compat_ptr(uptr), &data->m_pWmfeConfig);"
mt8183-kernel,platform/kernel/mediatek/mt8183/4.4/drivers/misc/mediatek/cameraisp/dpe/isp_50/camera_dpe.c,3143,usercopy,,yes,no,yes,SOURCE_ONLY,"err |= get_user(count, &data32->m_ReqNum);"
mt8183-kernel,platform/kernel/mediatek/mt8183/4.4/drivers/misc/mediatek/cameraisp/dpe/isp_50/camera_dpe.c,3144,usercopy,,yes,no,yes,SOURCE_ONLY,"err |= put_user(count, &data->m_ReqNum);"
mt8183-kernel,platform/kernel/mediatek/mt8183/4.4/drivers/misc/mediatek/cameraisp/dpe/isp_50/camera_dpe.c,3156,usercopy,,yes,no,yes,SOURCE_ONLY,"/* err = get_user(compat_ptr(uptr), &data->m_pDpeConfig); */"
mt8183-kernel,platform/kernel/mediatek/mt8183/4.4/drivers/misc/mediatek/cameraisp/dpe/isp_50/camera_dpe.c,3157,usercopy,,yes,no,yes,SOURCE_ONLY,"/* err |= put_user(uptr, &data32->m_pDpeConfig); */"
mt8183-kernel,platform/kernel/mediatek/mt8183/4.4/drivers/misc/mediatek/cameraisp/dpe/isp_50/camera_dpe.c,3158,usercopy,,yes,no,yes,SOURCE_ONLY,"err |= get_user(count, &data->m_ReqNum);"
mt8183-kernel,platform/kernel/mediatek/mt8183/4.4/drivers/misc/mediatek/cameraisp/dpe/isp_50/camera_dpe.c,3159,usercopy,,yes,no,yes,SOURCE_ONLY,"err |= put_user(count, &data32->m_ReqNum);"
mt8183-kernel,platform/kernel/mediatek/mt8183/4.4/drivers/misc/mediatek/cameraisp/dpe/isp_50/camera_dpe.c,3171,usercopy,,yes,no,yes,SOURCE_ONLY,"err = get_user(uptr, &data32->m_pWmfeConfig);"
mt8183-kernel,platform/kernel/mediatek/mt8183/4.4/drivers/misc/mediatek/cameraisp/dpe/isp_50/camera_dpe.c,3172,usercopy,,yes,no,yes,SOURCE_ONLY,"err |= put_user(compat_ptr(uptr), &data->m_pWmfeConfig);"
mt8183-kernel,platform/kernel/mediatek/mt8183/4.4/drivers/misc/mediatek/cameraisp/dpe/isp_50/camera_dpe.c,3173,usercopy,,yes,no,yes,SOURCE_ONLY,"err |= get_user(count, &data32->m_ReqNum);"
mt8183-kernel,platform/kernel/mediatek/mt8183/4.4/drivers/misc/mediatek/cameraisp/dpe/isp_50/camera_dpe.c,3174,usercopy,,yes,no,yes,SOURCE_ONLY,"err |= put_user(count, &data->m_ReqNum);"
mt8183-kernel,platform/kernel/mediatek/mt8183/4.4/drivers/misc/mediatek/cameraisp/dpe/isp_50/camera_dpe.c,3186,usercopy,,yes,no,yes,SOURCE_ONLY,"/* err = get_user(compat_ptr(uptr), &data->m_pDpeConfig); */"
mt8183-kernel,platform/kernel/mediatek/mt8183/4.4/drivers/misc/mediatek/cameraisp/dpe/isp_50/camera_dpe.c,3187,usercopy,,yes,no,yes,SOURCE_ONLY,"/* err |= put_user(uptr, &data32->m_pDpeConfig); */"
mt8183-kernel,platform/kernel/mediatek/mt8183/4.4/drivers/misc/mediatek/cameraisp/dpe/isp_50/camera_dpe.c,3188,usercopy,,yes,no,yes,SOURCE_ONLY,"err |= get_user(count, &data->m_ReqNum);"
mt8183-kernel,platform/kernel/mediatek/mt8183/4.4/drivers/misc/mediatek/cameraisp/dpe/isp_50/camera_dpe.c,3189,usercopy,,yes,no,yes,SOURCE_ONLY,"err |= put_user(count, &data32->m_ReqNum);"
mt8183-kernel,platform/kernel/mediatek/mt8183/4.4/drivers/misc/mediatek/cameraisp/dpe/isp_50/camera_dpe.c,3601,ioctl_entry;write_handler,,yes,no,yes,SOURCE_ONLY,".unlocked_ioctl = DPE_ioctl,"
mt8183-kernel,platform/kernel/mediatek/mt8183/4.4/drivers/misc/mediatek/cameraisp/dpe/isp_50/camera_dpe.c,3603,ioctl_entry;write_handler,,yes,no,yes,SOURCE_ONLY,".compat_ioctl = DPE_ioctl_compat,"
mt8183-kernel,platform/kernel/mediatek/mt8183/4.4/drivers/misc/mediatek/cameraisp/dpe/isp_50/camera_dpe.c,3793,device_create,,yes,no,yes,SOURCE_ONLY,"dev = device_create(pDPEClass, NULL, DPEDevNo, NULL, DPE_DEV_NAME);"
mt8183-kernel,platform/kernel/mediatek/mt8183/4.4/drivers/misc/mediatek/cameraisp/dpe/isp_50/camera_dpe.c,4187,usercopy,dpe_reg_write,yes,no,yes,SOURCE_ONLY,"if (copy_from_user(desc, buffer, len))"
mt8183-kernel,platform/kernel/mediatek/mt8183/4.4/drivers/misc/mediatek/cameraisp/dpe/isp_50/camera_dpe.c,4273,write_handler,proc_dpe_reg_open,yes,no,yes,SOURCE_ONLY,".write = dpe_reg_write,"
mt8183-kernel,platform/kernel/mediatek/mt8183/4.4/drivers/misc/mediatek/cameraisp/dpe/isp_50/camera_dpe.c,4358,procfs,,yes,no,yes,SOURCE_ONLY,"/* proc_entry = proc_create(""pll_test"", S_IRUGO | S_IWUSR, isp_dpe_dir, &pll_test_proc_fops); */"
mt8183-kernel,platform/kernel/mediatek/mt8183/4.4/drivers/misc/mediatek/cameraisp/dpe/isp_50/camera_dpe.c,4360,procfs,,yes,no,yes,SOURCE_ONLY,"proc_entry = proc_create(""dpe_dump"", S_IRUGO, isp_dpe_dir, &dpe_dump_proc_fops);"
mt8183-kernel,platform/kernel/mediatek/mt8183/4.4/drivers/misc/mediatek/cameraisp/dpe/isp_50/camera_dpe.c,4362,procfs,,yes,no,yes,SOURCE_ONLY,"proc_entry = proc_create(""dpe_reg"", S_IRUGO | S_IWUSR, isp_dpe_dir, &dpe_reg_proc_fops);"
mt8183-kernel,platform/kernel/mediatek/mt8183/4.4/drivers/misc/mediatek/cameraisp/fdvt/4.0/camera_fdvt.c,570,usercopy,FDVT_SetRegHW,yes,no,yes,SOURCE_ONLY,"if (copy_from_user((void *)pFDVTWriteBuffer.u4Addr, (void *) pREGIO->pAddr, pREGIO->u4Count * sizeof(u32))) {"
mt8183-kernel,platform/kernel/mediatek/mt8183/4.4/drivers/misc/mediatek/cameraisp/fdvt/4.0/camera_fdvt.c,575,usercopy,FDVT_SetRegHW,yes,no,yes,SOURCE_ONLY,"if (copy_from_user((void *)pFDVTWriteBuffer.u4Data, (void *) pREGIO->pData, pREGIO->u4Count * sizeof(u32))) {"
mt8183-kernel,platform/kernel/mediatek/mt8183/4.4/drivers/misc/mediatek/cameraisp/fdvt/4.0/camera_fdvt.c,624,usercopy,FDVT_ReadRegHW,yes,no,yes,SOURCE_ONLY,"if (copy_from_user(pFDVTReadBuffer.u4Addr, a_pstCfg->pAddr, size) != 0) {"
mt8183-kernel,platform/kernel/mediatek/mt8183/4.4/drivers/misc/mediatek/cameraisp/fdvt/4.0/camera_fdvt.c,646,usercopy,FDVT_ReadRegHW,yes,no,yes,SOURCE_ONLY,"if (copy_to_user(a_pstCfg->pData, pFDVTReadBuffer.u4Data, size) != 0) {"
mt8183-kernel,platform/kernel/mediatek/mt8183/4.4/drivers/misc/mediatek/cameraisp/fdvt/4.0/camera_fdvt.c,718,usercopy,FDVT_ioctl,yes,no,yes,SOURCE_ONLY,"if (copy_from_user(pBuff, (void *)arg, _IOC_SIZE(cmd))) {"
mt8183-kernel,platform/kernel/mediatek/mt8183/4.4/drivers/misc/mediatek/cameraisp/fdvt/4.0/camera_fdvt.c,778,usercopy,,yes,no,yes,SOURCE_ONLY,"if (copy_to_user((void __user *)arg, pBuff, _IOC_SIZE(cmd)) != 0) {"
mt8183-kernel,platform/kernel/mediatek/mt8183/4.4/drivers/misc/mediatek/cameraisp/fdvt/4.0/camera_fdvt.c,802,usercopy,,yes,no,yes,SOURCE_ONLY,"err = get_user(uptr_Addr, &data32->pAddr);"
mt8183-kernel,platform/kernel/mediatek/mt8183/4.4/drivers/misc/mediatek/cameraisp/fdvt/4.0/camera_fdvt.c,803,usercopy,,yes,no,yes,SOURCE_ONLY,"err |= put_user(compat_ptr(uptr_Addr), &data->pAddr);"
mt8183-kernel,platform/kernel/mediatek/mt8183/4.4/drivers/misc/mediatek/cameraisp/fdvt/4.0/camera_fdvt.c,804,usercopy,,yes,no,yes,SOURCE_ONLY,"err |= get_user(uptr_Data, &data32->pData);"
mt8183-kernel,platform/kernel/mediatek/mt8183/4.4/drivers/misc/mediatek/cameraisp/fdvt/4.0/camera_fdvt.c,805,usercopy,,yes,no,yes,SOURCE_ONLY,"err |= put_user(compat_ptr(uptr_Data), &data->pData);"
mt8183-kernel,platform/kernel/mediatek/mt8183/4.4/drivers/misc/mediatek/cameraisp/fdvt/4.0/camera_fdvt.c,806,usercopy,,yes,no,yes,SOURCE_ONLY,"err |= get_user(count, &data32->u4Count);"
mt8183-kernel,platform/kernel/mediatek/mt8183/4.4/drivers/misc/mediatek/cameraisp/fdvt/4.0/camera_fdvt.c,807,usercopy,,yes,no,yes,SOURCE_ONLY,"err |= put_user(count, &data->u4Count);"
mt8183-kernel,platform/kernel/mediatek/mt8183/4.4/drivers/misc/mediatek/cameraisp/fdvt/4.0/camera_fdvt.c,822,usercopy,,yes,no,yes,SOURCE_ONLY,"/* err = get_user(uptr_Addr, &data->pAddr); */"
mt8183-kernel,platform/kernel/mediatek/mt8183/4.4/drivers/misc/mediatek/cameraisp/fdvt/4.0/camera_fdvt.c,823,usercopy,,yes,no,yes,SOURCE_ONLY,"/* err |= put_user(compat_ptr(uptr_Addr), data32->pAddr); */"
mt8183-kernel,platform/kernel/mediatek/mt8183/4.4/drivers/misc/mediatek/cameraisp/fdvt/4.0/camera_fdvt.c,824,usercopy,,yes,no,yes,SOURCE_ONLY,"/* err |= get_user(uptr_Data, &data->pData); */"
mt8183-kernel,platform/kernel/mediatek/mt8183/4.4/drivers/misc/mediatek/cameraisp/fdvt/4.0/camera_fdvt.c,825,usercopy,,yes,no,yes,SOURCE_ONLY,"/* err |= put_user(compat_ptr(uptr_Data), &data32->pData); */"
mt8183-kernel,platform/kernel/mediatek/mt8183/4.4/drivers/misc/mediatek/cameraisp/fdvt/4.0/camera_fdvt.c,826,usercopy,,yes,no,yes,SOURCE_ONLY,"err = get_user(count, &data->u4Count);"
mt8183-kernel,platform/kernel/mediatek/mt8183/4.4/drivers/misc/mediatek/cameraisp/fdvt/4.0/camera_fdvt.c,827,usercopy,,yes,no,yes,SOURCE_ONLY,"err |= put_user(count, &data32->u4Count);"
mt8183-kernel,platform/kernel/mediatek/mt8183/4.4/drivers/misc/mediatek/cameraisp/fdvt/4.0/camera_fdvt.c,1041,ioctl_entry;write_handler,FDVT_release,yes,no,yes,SOURCE_ONLY,".unlocked_ioctl = FDVT_ioctl,"
mt8183-kernel,platform/kernel/mediatek/mt8183/4.4/drivers/misc/mediatek/cameraisp/fdvt/4.0/camera_fdvt.c,1045,ioctl_entry;write_handler,FDVT_release,yes,no,yes,SOURCE_ONLY,".compat_ioctl = compat_FD_ioctl,"
mt8183-kernel,platform/kernel/mediatek/mt8183/4.4/drivers/misc/mediatek/cameraisp/fdvt/4.0/camera_fdvt.c,1186,device_create,,yes,no,yes,SOURCE_ONLY,"class_dev = (struct class_device *)device_create(FDVT_class,"
mt8183-kernel,platform/kernel/mediatek/mt8183/4.4/drivers/misc/mediatek/cameraisp/mfb/isp_50/camera_mfb.c,1736,usercopy,MFB_Reset,yes,no,yes,SOURCE_ONLY,"if (get_user(reg.Addr, (unsigned int *) &pData->Addr) != 0) {"
mt8183-kernel,platform/kernel/mediatek/mt8183/4.4/drivers/misc/mediatek/cameraisp/mfb/isp_50/camera_mfb.c,1757,usercopy,,yes,no,yes,SOURCE_ONLY,"if (put_user(reg.Val, (unsigned int *) &(pData->Val)) != 0) {"
mt8183-kernel,platform/kernel/mediatek/mt8183/4.4/drivers/misc/mediatek/cameraisp/mfb/isp_50/camera_mfb.c,2099,usercopy,,yes,no,yes,SOURCE_ONLY,"if (copy_from_user(&RegIo, (void *)Param, sizeof(MFB_REG_IO_STRUCT)) == 0) {"
mt8183-kernel,platform/kernel/mediatek/mt8183/4.4/drivers/misc/mediatek/cameraisp/mfb/isp_50/camera_mfb.c,2115,usercopy,,yes,no,yes,SOURCE_ONLY,"if (copy_from_user(&RegIo, (void *)Param, sizeof(MFB_REG_IO_STRUCT)) == 0) {"
mt8183-kernel,platform/kernel/mediatek/mt8183/4.4/drivers/misc/mediatek/cameraisp/mfb/isp_50/camera_mfb.c,2126,usercopy,,yes,no,yes,SOURCE_ONLY,"if (copy_from_user(&IrqInfo, (void *)Param, sizeof(MFB_WAIT_IRQ_STRUCT)) =="
mt8183-kernel,platform/kernel/mediatek/mt8183/4.4/drivers/misc/mediatek/cameraisp/mfb/isp_50/camera_mfb.c,2161,usercopy,,yes,no,yes,SOURCE_ONLY,"if (copy_from_user(&ClearIrq, (void *)Param, sizeof(MFB_CLEAR_IRQ_STRUCT))"
mt8183-kernel,platform/kernel/mediatek/mt8183/4.4/drivers/misc/mediatek/cameraisp/mfb/isp_50/camera_mfb.c,2195,usercopy,,yes,no,yes,SOURCE_ONLY,"if (copy_from_user(&enqueNum, (void *)Param, sizeof(int)) == 0) {"
mt8183-kernel,platform/kernel/mediatek/mt8183/4.4/drivers/misc/mediatek/cameraisp/mfb/isp_50/camera_mfb.c,2237,usercopy,,yes,no,yes,SOURCE_ONLY,"if (copy_from_user(&mfb_MfbConfig, (void *)Param, sizeof(MFB_Config))"
mt8183-kernel,platform/kernel/mediatek/mt8183/4.4/drivers/misc/mediatek/cameraisp/mfb/isp_50/camera_mfb.c,2320,usercopy,,yes,no,yes,SOURCE_ONLY,"if (copy_from_user(&mfb_MfbReq, (void *)Param, sizeof(MFB_Request)) =="
mt8183-kernel,platform/kernel/mediatek/mt8183/4.4/drivers/misc/mediatek/cameraisp/mfb/isp_50/camera_mfb.c,2422,usercopy,,yes,no,yes,SOURCE_ONLY,"if (copy_to_user((void *)Param, &dequeNum, sizeof(unsigned int)) != 0) {"
mt8183-kernel,platform/kernel/mediatek/mt8183/4.4/drivers/misc/mediatek/cameraisp/mfb/isp_50/camera_mfb.c,2509,usercopy,,yes,no,yes,SOURCE_ONLY,"if (copy_from_user(&mfb_MfbReq, (void *)Param, sizeof(MFB_Request)) == 0) {"
mt8183-kernel,platform/kernel/mediatek/mt8183/4.4/drivers/misc/mediatek/cameraisp/mfb/isp_50/camera_mfb.c,2638,usercopy,,yes,no,yes,SOURCE_ONLY,"err = get_user(uptr, &data32->pData);"
mt8183-kernel,platform/kernel/mediatek/mt8183/4.4/drivers/misc/mediatek/cameraisp/mfb/isp_50/camera_mfb.c,2639,usercopy,,yes,no,yes,SOURCE_ONLY,"err |= put_user(compat_ptr(uptr), &data->pData);"
mt8183-kernel,platform/kernel/mediatek/mt8183/4.4/drivers/misc/mediatek/cameraisp/mfb/isp_50/camera_mfb.c,2640,usercopy,,yes,no,yes,SOURCE_ONLY,"err |= get_user(count, &data32->Count);"
mt8183-kernel,platform/kernel/mediatek/mt8183/4.4/drivers/misc/mediatek/cameraisp/mfb/isp_50/camera_mfb.c,2641,usercopy,,yes,no,yes,SOURCE_ONLY,"err |= put_user(count, &data->Count);"
mt8183-kernel,platform/kernel/mediatek/mt8183/4.4/drivers/misc/mediatek/cameraisp/mfb/isp_50/camera_mfb.c,2652,usercopy,,yes,no,yes,SOURCE_ONLY,"/* err = get_user(compat_ptr(uptr), &data->pData); */"
mt8183-kernel,platform/kernel/mediatek/mt8183/4.4/drivers/misc/mediatek/cameraisp/mfb/isp_50/camera_mfb.c,2653,usercopy,,yes,no,yes,SOURCE_ONLY,"/* err |= put_user(uptr, &data32->pData); */"
mt8183-kernel,platform/kernel/mediatek/mt8183/4.4/drivers/misc/mediatek/cameraisp/mfb/isp_50/camera_mfb.c,2654,usercopy,,yes,no,yes,SOURCE_ONLY,"err |= get_user(count, &data->Count);"
mt8183-kernel,platform/kernel/mediatek/mt8183/4.4/drivers/misc/mediatek/cameraisp/mfb/isp_50/camera_mfb.c,2655,usercopy,,yes,no,yes,SOURCE_ONLY,"err |= put_user(count, &data32->Count);"
mt8183-kernel,platform/kernel/mediatek/mt8183/4.4/drivers/misc/mediatek/cameraisp/mfb/isp_50/camera_mfb.c,2666,usercopy,,yes,no,yes,SOURCE_ONLY,"err = get_user(uptr, &data32->m_pMfbConfig);"
mt8183-kernel,platform/kernel/mediatek/mt8183/4.4/drivers/misc/mediatek/cameraisp/mfb/isp_50/camera_mfb.c,2667,usercopy,,yes,no,yes,SOURCE_ONLY,"err |= put_user(compat_ptr(uptr), &data->m_pMfbConfig);"
mt8183-kernel,platform/kernel/mediatek/mt8183/4.4/drivers/misc/mediatek/cameraisp/mfb/isp_50/camera_mfb.c,2668,usercopy,,yes,no,yes,SOURCE_ONLY,"err |= get_user(count, &data32->m_ReqNum);"
mt8183-kernel,platform/kernel/mediatek/mt8183/4.4/drivers/misc/mediatek/cameraisp/mfb/isp_50/camera_mfb.c,2669,usercopy,,yes,no,yes,SOURCE_ONLY,"err |= put_user(count, &data->m_ReqNum);"
mt8183-kernel,platform/kernel/mediatek/mt8183/4.4/drivers/misc/mediatek/cameraisp/mfb/isp_50/camera_mfb.c,2681,usercopy,,yes,no,yes,SOURCE_ONLY,"/* err = get_user(compat_ptr(uptr), &data->m_pDpeConfig); */"
mt8183-kernel,platform/kernel/mediatek/mt8183/4.4/drivers/misc/mediatek/cameraisp/mfb/isp_50/camera_mfb.c,2682,usercopy,,yes,no,yes,SOURCE_ONLY,"/* err |= put_user(uptr, &data32->m_pDpeConfig); */"
mt8183-kernel,platform/kernel/mediatek/mt8183/4.4/drivers/misc/mediatek/cameraisp/mfb/isp_50/camera_mfb.c,2683,usercopy,,yes,no,yes,SOURCE_ONLY,"err |= get_user(count, &data->m_ReqNum);"
mt8183-kernel,platform/kernel/mediatek/mt8183/4.4/drivers/misc/mediatek/cameraisp/mfb/isp_50/camera_mfb.c,2684,usercopy,,yes,no,yes,SOURCE_ONLY,"err |= put_user(count, &data32->m_ReqNum);"
mt8183-kernel,platform/kernel/mediatek/mt8183/4.4/drivers/misc/mediatek/cameraisp/mfb/isp_50/camera_mfb.c,2696,usercopy,,yes,no,yes,SOURCE_ONLY,"err = get_user(uptr, &data32->m_pMfbConfig);"
mt8183-kernel,platform/kernel/mediatek/mt8183/4.4/drivers/misc/mediatek/cameraisp/mfb/isp_50/camera_mfb.c,2697,usercopy,,yes,no,yes,SOURCE_ONLY,"err |= put_user(compat_ptr(uptr), &data->m_pMfbConfig);"
mt8183-kernel,platform/kernel/mediatek/mt8183/4.4/drivers/misc/mediatek/cameraisp/mfb/isp_50/camera_mfb.c,2698,usercopy,,yes,no,yes,SOURCE_ONLY,"err |= get_user(count, &data32->m_ReqNum);"
mt8183-kernel,platform/kernel/mediatek/mt8183/4.4/drivers/misc/mediatek/cameraisp/mfb/isp_50/camera_mfb.c,2699,usercopy,,yes,no,yes,SOURCE_ONLY,"err |= put_user(count, &data->m_ReqNum);"
mt8183-kernel,platform/kernel/mediatek/mt8183/4.4/drivers/misc/mediatek/cameraisp/mfb/isp_50/camera_mfb.c,2711,usercopy,,yes,no,yes,SOURCE_ONLY,"/* err = get_user(compat_ptr(uptr), &data->m_pDpeConfig); */"
mt8183-kernel,platform/kernel/mediatek/mt8183/4.4/drivers/misc/mediatek/cameraisp/mfb/isp_50/camera_mfb.c,2712,usercopy,,yes,no,yes,SOURCE_ONLY,"/* err |= put_user(uptr, &data32->m_pDpeConfig); */"
mt8183-kernel,platform/kernel/mediatek/mt8183/4.4/drivers/misc/mediatek/cameraisp/mfb/isp_50/camera_mfb.c,2713,usercopy,,yes,no,yes,SOURCE_ONLY,"err |= get_user(count, &data->m_ReqNum);"
mt8183-kernel,platform/kernel/mediatek/mt8183/4.4/drivers/misc/mediatek/cameraisp/mfb/isp_50/camera_mfb.c,2714,usercopy,,yes,no,yes,SOURCE_ONLY,"err |= put_user(count, &data32->m_ReqNum);"
mt8183-kernel,platform/kernel/mediatek/mt8183/4.4/drivers/misc/mediatek/cameraisp/mfb/isp_50/camera_mfb.c,3038,ioctl_entry;write_handler,,yes,no,yes,SOURCE_ONLY,".unlocked_ioctl = MFB_ioctl,"
mt8183-kernel,platform/kernel/mediatek/mt8183/4.4/drivers/misc/mediatek/cameraisp/mfb/isp_50/camera_mfb.c,3040,ioctl_entry;write_handler,,yes,no,yes,SOURCE_ONLY,".compat_ioctl = MFB_ioctl_compat,"
mt8183-kernel,platform/kernel/mediatek/mt8183/4.4/drivers/misc/mediatek/cameraisp/mfb/isp_50/camera_mfb.c,3295,device_create,,yes,no,yes,SOURCE_ONLY,"dev = device_create(pMFBClass, NULL, MFBDevNo, NULL, MFB_DEV_NAME);"
mt8183-kernel,platform/kernel/mediatek/mt8183/4.4/drivers/misc/mediatek/cameraisp/owe/isp_50/camera_owe.c,2091,usercopy,,yes,no,yes,SOURCE_ONLY,"if (copy_from_user(pData, (void *)pRegIo->pData, (pRegIo->Count) * sizeof(struct OWE_REG_STRUCT)) == 0) {"
mt8183-kernel,platform/kernel/mediatek/mt8183/4.4/drivers/misc/mediatek/cameraisp/owe/isp_50/camera_owe.c,2104,usercopy,,yes,no,yes,SOURCE_ONLY,"if (copy_to_user((void *)pRegIo->pData, pData, (pRegIo->Count) * sizeof(struct OWE_REG_STRUCT)) != 0) {"
mt8183-kernel,platform/kernel/mediatek/mt8183/4.4/drivers/misc/mediatek/cameraisp/owe/isp_50/camera_owe.c,2451,usercopy,,yes,no,yes,SOURCE_ONLY,"if (copy_from_user(&RegIo, (void *)Param, sizeof(struct OWE_REG_IO_STRUCT)) == 0) {"
mt8183-kernel,platform/kernel/mediatek/mt8183/4.4/drivers/misc/mediatek/cameraisp/owe/isp_50/camera_owe.c,2462,usercopy,,yes,no,yes,SOURCE_ONLY,"if (copy_from_user(&RegIo, (void *)Param, sizeof(struct OWE_REG_IO_STRUCT)) == 0) {"
mt8183-kernel,platform/kernel/mediatek/mt8183/4.4/drivers/misc/mediatek/cameraisp/owe/isp_50/camera_owe.c,2473,usercopy,,yes,no,yes,SOURCE_ONLY,"if (copy_from_user(&IrqInfo, (void *)Param, sizeof(struct OWE_WAIT_IRQ_STRUCT)) =="
mt8183-kernel,platform/kernel/mediatek/mt8183/4.4/drivers/misc/mediatek/cameraisp/owe/isp_50/camera_owe.c,2511,usercopy,,yes,no,yes,SOURCE_ONLY,"if (copy_from_user(&ClearIrq, (void *)Param, sizeof(struct OWE_CLEAR_IRQ_STRUCT))"
mt8183-kernel,platform/kernel/mediatek/mt8183/4.4/drivers/misc/mediatek/cameraisp/owe/isp_50/camera_owe.c,2548,usercopy,,yes,no,yes,SOURCE_ONLY,"if (copy_from_user(&owe_OccReq, (void *)Param, sizeof(struct OWE_OCCRequest)) == 0) {"
mt8183-kernel,platform/kernel/mediatek/mt8183/4.4/drivers/misc/mediatek/cameraisp/owe/isp_50/camera_owe.c,2630,usercopy,,yes,no,yes,SOURCE_ONLY,"if (copy_from_user(&owe_OccReq, (void *)Param, sizeof(struct OWE_OCCRequest)) == 0) {"
mt8183-kernel,platform/kernel/mediatek/mt8183/4.4/drivers/misc/mediatek/cameraisp/owe/isp_50/camera_owe.c,2700,usercopy,,yes,no,yes,SOURCE_ONLY,"if (copy_to_user((void *)Param, &owe_OccReq, sizeof(struct OWE_OCCRequest))"
mt8183-kernel,platform/kernel/mediatek/mt8183/4.4/drivers/misc/mediatek/cameraisp/owe/isp_50/camera_owe.c,2717,usercopy,,yes,no,yes,SOURCE_ONLY,"if (copy_from_user(&owe_WmfeReq, (void *)Param, sizeof(struct OWE_WMFERequest)) =="
mt8183-kernel,platform/kernel/mediatek/mt8183/4.4/drivers/misc/mediatek/cameraisp/owe/isp_50/camera_owe.c,2806,usercopy,,yes,no,yes,SOURCE_ONLY,"if (copy_from_user(&owe_WmfeReq, (void *)Param, sizeof(struct OWE_WMFERequest)) =="
mt8183-kernel,platform/kernel/mediatek/mt8183/4.4/drivers/misc/mediatek/cameraisp/owe/isp_50/camera_owe.c,2920,usercopy,,yes,no,yes,SOURCE_ONLY,"err = get_user(uptr, &data32->pData);"
mt8183-kernel,platform/kernel/mediatek/mt8183/4.4/drivers/misc/mediatek/cameraisp/owe/isp_50/camera_owe.c,2921,usercopy,,yes,no,yes,SOURCE_ONLY,"err |= put_user(compat_ptr(uptr), &data->pData);"
mt8183-kernel,platform/kernel/mediatek/mt8183/4.4/drivers/misc/mediatek/cameraisp/owe/isp_50/camera_owe.c,2922,usercopy,,yes,no,yes,SOURCE_ONLY,"err |= get_user(count, &data32->Count);"
mt8183-kernel,platform/kernel/mediatek/mt8183/4.4/drivers/misc/mediatek/cameraisp/owe/isp_50/camera_owe.c,2923,usercopy,,yes,no,yes,SOURCE_ONLY,"err |= put_user(count, &data->Count);"
mt8183-kernel,platform/kernel/mediatek/mt8183/4.4/drivers/misc/mediatek/cameraisp/owe/isp_50/camera_owe.c,2934,usercopy,,yes,no,yes,SOURCE_ONLY,"/* err = get_user(compat_ptr(uptr), &data->pData); */"
mt8183-kernel,platform/kernel/mediatek/mt8183/4.4/drivers/misc/mediatek/cameraisp/owe/isp_50/camera_owe.c,2935,usercopy,,yes,no,yes,SOURCE_ONLY,"/* err |= put_user(uptr, &data32->pData); */"
mt8183-kernel,platform/kernel/mediatek/mt8183/4.4/drivers/misc/mediatek/cameraisp/owe/isp_50/camera_owe.c,2936,usercopy,,yes,no,yes,SOURCE_ONLY,"err |= get_user(count, &data->Count);"
mt8183-kernel,platform/kernel/mediatek/mt8183/4.4/drivers/misc/mediatek/cameraisp/owe/isp_50/camera_owe.c,2937,usercopy,,yes,no,yes,SOURCE_ONLY,"err |= put_user(count, &data32->Count);"
mt8183-kernel,platform/kernel/mediatek/mt8183/4.4/drivers/misc/mediatek/cameraisp/owe/isp_50/camera_owe.c,2948,usercopy,,yes,no,yes,SOURCE_ONLY,"err = get_user(uptr, &data32->m_pOweConfig);"
mt8183-kernel,platform/kernel/mediatek/mt8183/4.4/drivers/misc/mediatek/cameraisp/owe/isp_50/camera_owe.c,2949,usercopy,,yes,no,yes,SOURCE_ONLY,"err |= put_user(compat_ptr(uptr), &data->m_pOweConfig);"
mt8183-kernel,platform/kernel/mediatek/mt8183/4.4/drivers/misc/mediatek/cameraisp/owe/isp_50/camera_owe.c,2950,usercopy,,yes,no,yes,SOURCE_ONLY,"err |= get_user(count, &data32->m_ReqNum);"
mt8183-kernel,platform/kernel/mediatek/mt8183/4.4/drivers/misc/mediatek/cameraisp/owe/isp_50/camera_owe.c,2951,usercopy,,yes,no,yes,SOURCE_ONLY,"err |= put_user(count, &data->m_ReqNum);"
mt8183-kernel,platform/kernel/mediatek/mt8183/4.4/drivers/misc/mediatek/cameraisp/owe/isp_50/camera_owe.c,2963,usercopy,,yes,no,yes,SOURCE_ONLY,"/* err = get_user(compat_ptr(uptr), &data->m_pOweConfig); */"
mt8183-kernel,platform/kernel/mediatek/mt8183/4.4/drivers/misc/mediatek/cameraisp/owe/isp_50/camera_owe.c,2964,usercopy,,yes,no,yes,SOURCE_ONLY,"/* err |= put_user(uptr, &data32->m_pOweConfig); */"
mt8183-kernel,platform/kernel/mediatek/mt8183/4.4/drivers/misc/mediatek/cameraisp/owe/isp_50/camera_owe.c,2965,usercopy,,yes,no,yes,SOURCE_ONLY,"err |= get_user(count, &data->m_ReqNum);"
mt8183-kernel,platform/kernel/mediatek/mt8183/4.4/drivers/misc/mediatek/cameraisp/owe/isp_50/camera_owe.c,2966,usercopy,,yes,no,yes,SOURCE_ONLY,"err |= put_user(count, &data32->m_ReqNum);"
mt8183-kernel,platform/kernel/mediatek/mt8183/4.4/drivers/misc/mediatek/cameraisp/owe/isp_50/camera_owe.c,2978,usercopy,,yes,no,yes,SOURCE_ONLY,"err = get_user(uptr, &data32->m_pOweConfig);"
mt8183-kernel,platform/kernel/mediatek/mt8183/4.4/drivers/misc/mediatek/cameraisp/owe/isp_50/camera_owe.c,2979,usercopy,,yes,no,yes,SOURCE_ONLY,"err |= put_user(compat_ptr(uptr), &data->m_pOweConfig);"
mt8183-kernel,platform/kernel/mediatek/mt8183/4.4/drivers/misc/mediatek/cameraisp/owe/isp_50/camera_owe.c,2980,usercopy,,yes,no,yes,SOURCE_ONLY,"err |= get_user(count, &data32->m_ReqNum);"
mt8183-kernel,platform/kernel/mediatek/mt8183/4.4/drivers/misc/mediatek/cameraisp/owe/isp_50/camera_owe.c,2981,usercopy,,yes,no,yes,SOURCE_ONLY,"err |= put_user(count, &data->m_ReqNum);"
mt8183-kernel,platform/kernel/mediatek/mt8183/4.4/drivers/misc/mediatek/cameraisp/owe/isp_50/camera_owe.c,2993,usercopy,,yes,no,yes,SOURCE_ONLY,"/* err = get_user(compat_ptr(uptr), &data->m_pOweConfig); */"
mt8183-kernel,platform/kernel/mediatek/mt8183/4.4/drivers/misc/mediatek/cameraisp/owe/isp_50/camera_owe.c,2994,usercopy,,yes,no,yes,SOURCE_ONLY,"/* err |= put_user(uptr, &data32->m_pOweConfig); */"
mt8183-kernel,platform/kernel/mediatek/mt8183/4.4/drivers/misc/mediatek/cameraisp/owe/isp_50/camera_owe.c,2995,usercopy,,yes,no,yes,SOURCE_ONLY,"err |= get_user(count, &data->m_ReqNum);"
mt8183-kernel,platform/kernel/mediatek/mt8183/4.4/drivers/misc/mediatek/cameraisp/owe/isp_50/camera_owe.c,2996,usercopy,,yes,no,yes,SOURCE_ONLY,"err |= put_user(count, &data32->m_ReqNum);"
mt8183-kernel,platform/kernel/mediatek/mt8183/4.4/drivers/misc/mediatek/cameraisp/owe/isp_50/camera_owe.c,3007,usercopy,,yes,no,yes,SOURCE_ONLY,"err = get_user(uptr, &data32->m_pWmfeConfig);"
mt8183-kernel,platform/kernel/mediatek/mt8183/4.4/drivers/misc/mediatek/cameraisp/owe/isp_50/camera_owe.c,3008,usercopy,,yes,no,yes,SOURCE_ONLY,"err |= put_user(compat_ptr(uptr), &data->m_pWmfeConfig);"
mt8183-kernel,platform/kernel/mediatek/mt8183/4.4/drivers/misc/mediatek/cameraisp/owe/isp_50/camera_owe.c,3009,usercopy,,yes,no,yes,SOURCE_ONLY,"err |= get_user(count, &data32->m_ReqNum);"
mt8183-kernel,platform/kernel/mediatek/mt8183/4.4/drivers/misc/mediatek/cameraisp/owe/isp_50/camera_owe.c,3010,usercopy,,yes,no,yes,SOURCE_ONLY,"err |= put_user(count, &data->m_ReqNum);"
mt8183-kernel,platform/kernel/mediatek/mt8183/4.4/drivers/misc/mediatek/cameraisp/owe/isp_50/camera_owe.c,3022,usercopy,,yes,no,yes,SOURCE_ONLY,"/* err = get_user(compat_ptr(uptr), &data->m_pOweConfig); */"
mt8183-kernel,platform/kernel/mediatek/mt8183/4.4/drivers/misc/mediatek/cameraisp/owe/isp_50/camera_owe.c,3023,usercopy,,yes,no,yes,SOURCE_ONLY,"/* err |= put_user(uptr, &data32->m_pOweConfig); */"
mt8183-kernel,platform/kernel/mediatek/mt8183/4.4/drivers/misc/mediatek/cameraisp/owe/isp_50/camera_owe.c,3024,usercopy,,yes,no,yes,SOURCE_ONLY,"err |= get_user(count, &data->m_ReqNum);"
mt8183-kernel,platform/kernel/mediatek/mt8183/4.4/drivers/misc/mediatek/cameraisp/owe/isp_50/camera_owe.c,3025,usercopy,,yes,no,yes,SOURCE_ONLY,"err |= put_user(count, &data32->m_ReqNum);"
mt8183-kernel,platform/kernel/mediatek/mt8183/4.4/drivers/misc/mediatek/cameraisp/owe/isp_50/camera_owe.c,3037,usercopy,,yes,no,yes,SOURCE_ONLY,"err = get_user(uptr, &data32->m_pWmfeConfig);"
mt8183-kernel,platform/kernel/mediatek/mt8183/4.4/drivers/misc/mediatek/cameraisp/owe/isp_50/camera_owe.c,3038,usercopy,,yes,no,yes,SOURCE_ONLY,"err |= put_user(compat_ptr(uptr), &data->m_pWmfeConfig);"
mt8183-kernel,platform/kernel/mediatek/mt8183/4.4/drivers/misc/mediatek/cameraisp/owe/isp_50/camera_owe.c,3039,usercopy,,yes,no,yes,SOURCE_ONLY,"err |= get_user(count, &data32->m_ReqNum);"
mt8183-kernel,platform/kernel/mediatek/mt8183/4.4/drivers/misc/mediatek/cameraisp/owe/isp_50/camera_owe.c,3040,usercopy,,yes,no,yes,SOURCE_ONLY,"err |= put_user(count, &data->m_ReqNum);"
mt8183-kernel,platform/kernel/mediatek/mt8183/4.4/drivers/misc/mediatek/cameraisp/owe/isp_50/camera_owe.c,3052,usercopy,,yes,no,yes,SOURCE_ONLY,"/* err = get_user(compat_ptr(uptr), &data->m_pOweConfig); */"
mt8183-kernel,platform/kernel/mediatek/mt8183/4.4/drivers/misc/mediatek/cameraisp/owe/isp_50/camera_owe.c,3053,usercopy,,yes,no,yes,SOURCE_ONLY,"/* err |= put_user(uptr, &data32->m_pOweConfig); */"
mt8183-kernel,platform/kernel/mediatek/mt8183/4.4/drivers/misc/mediatek/cameraisp/owe/isp_50/camera_owe.c,3054,usercopy,,yes,no,yes,SOURCE_ONLY,"err |= get_user(count, &data->m_ReqNum);"
mt8183-kernel,platform/kernel/mediatek/mt8183/4.4/drivers/misc/mediatek/cameraisp/owe/isp_50/camera_owe.c,3055,usercopy,,yes,no,yes,SOURCE_ONLY,"err |= put_user(count, &data32->m_ReqNum);"
mt8183-kernel,platform/kernel/mediatek/mt8183/4.4/drivers/misc/mediatek/cameraisp/owe/isp_50/camera_owe.c,3456,ioctl_entry;write_handler,,yes,no,yes,SOURCE_ONLY,".unlocked_ioctl = OWE_ioctl,"
mt8183-kernel,platform/kernel/mediatek/mt8183/4.4/drivers/misc/mediatek/cameraisp/owe/isp_50/camera_owe.c,3458,ioctl_entry;write_handler,,yes,no,yes,SOURCE_ONLY,".compat_ioctl = OWE_ioctl_compat,"
mt8183-kernel,platform/kernel/mediatek/mt8183/4.4/drivers/misc/mediatek/cameraisp/owe/isp_50/camera_owe.c,3649,device_create,,yes,no,yes,SOURCE_ONLY,"dev = device_create(pOWEClass, NULL, OWEDevNo, NULL, OWE_DEV_NAME);"
mt8183-kernel,platform/kernel/mediatek/mt8183/4.4/drivers/misc/mediatek/cameraisp/owe/isp_50/camera_owe.c,4047,usercopy,owe_reg_write,yes,no,yes,SOURCE_ONLY,"if (copy_from_user(desc, buffer, len))"
mt8183-kernel,platform/kernel/mediatek/mt8183/4.4/drivers/misc/mediatek/cameraisp/owe/isp_50/camera_owe.c,4130,write_handler,proc_owe_reg_open,yes,no,yes,SOURCE_ONLY,".write = owe_reg_write,"
mt8183-kernel,platform/kernel/mediatek/mt8183/4.4/drivers/misc/mediatek/cameraisp/owe/isp_50/camera_owe.c,4215,procfs,,yes,no,yes,SOURCE_ONLY,"/* proc_entry = proc_create(""pll_test"", S_IRUGO | S_IWUSR, isp_owe_dir, &pll_test_proc_fops); */"
mt8183-kernel,platform/kernel/mediatek/mt8183/4.4/drivers/misc/mediatek/cameraisp/owe/isp_50/camera_owe.c,4217,procfs,,yes,no,yes,SOURCE_ONLY,"proc_entry = proc_create(""owe_dump"", S_IRUGO, isp_owe_dir, &owe_dump_proc_fops);"
mt8183-kernel,platform/kernel/mediatek/mt8183/4.4/drivers/misc/mediatek/cameraisp/owe/isp_50/camera_owe.c,4219,procfs,,yes,no,yes,SOURCE_ONLY,"proc_entry = proc_create(""owe_reg"", S_IRUGO | S_IWUSR, isp_owe_dir, &owe_reg_proc_fops);"
mt8183-kernel,platform/kernel/mediatek/mt8183/4.4/drivers/misc/mediatek/cameraisp/rsc/engine_request.c,32,module_param,,no,no,no,SOURCE_ONLY,"module_param(egn_debug, uint, 0644);"
mt8183-kernel,platform/kernel/mediatek/mt8183/4.4/drivers/misc/mediatek/cameraisp/rsc/isp_50/camera_rsc.c,1844,usercopy,RSC_Reset,yes,no,yes,SOURCE_ONLY,"if (get_user(reg.Addr, (unsigned int *) &pData->Addr) != 0) {"
mt8183-kernel,platform/kernel/mediatek/mt8183/4.4/drivers/misc/mediatek/cameraisp/rsc/isp_50/camera_rsc.c,1862,usercopy,,yes,no,yes,SOURCE_ONLY,"if (put_user(reg.Val, (unsigned int *) &(pData->Val)) != 0) {"
mt8183-kernel,platform/kernel/mediatek/mt8183/4.4/drivers/misc/mediatek/cameraisp/rsc/isp_50/camera_rsc.c,2212,usercopy,,yes,no,yes,SOURCE_ONLY,"if (copy_from_user(&RegIo, (void *)Param, sizeof(struct RSC_REG_IO_STRUCT)) == 0) {"
mt8183-kernel,platform/kernel/mediatek/mt8183/4.4/drivers/misc/mediatek/cameraisp/rsc/isp_50/camera_rsc.c,2223,usercopy,,yes,no,yes,SOURCE_ONLY,"if (copy_from_user(&RegIo, (void *)Param, sizeof(struct RSC_REG_IO_STRUCT)) == 0) {"
mt8183-kernel,platform/kernel/mediatek/mt8183/4.4/drivers/misc/mediatek/cameraisp/rsc/isp_50/camera_rsc.c,2234,usercopy,,yes,no,yes,SOURCE_ONLY,"if (copy_from_user(&IrqInfo, (void *)Param, sizeof(struct RSC_WAIT_IRQ_STRUCT)) =="
mt8183-kernel,platform/kernel/mediatek/mt8183/4.4/drivers/misc/mediatek/cameraisp/rsc/isp_50/camera_rsc.c,2269,usercopy,,yes,no,yes,SOURCE_ONLY,"if (copy_from_user(&ClearIrq, (void *)Param, sizeof(struct RSC_CLEAR_IRQ_STRUCT))"
mt8183-kernel,platform/kernel/mediatek/mt8183/4.4/drivers/misc/mediatek/cameraisp/rsc/isp_50/camera_rsc.c,2303,usercopy,,yes,no,yes,SOURCE_ONLY,"if (copy_from_user(&enqueNum, (void *)Param, sizeof(int)) == 0) {"
mt8183-kernel,platform/kernel/mediatek/mt8183/4.4/drivers/misc/mediatek/cameraisp/rsc/isp_50/camera_rsc.c,2345,usercopy,,yes,no,yes,SOURCE_ONLY,"if (copy_from_user(&rsc_RscConfig, (void *)Param, sizeof(struct RSC_Config))"
mt8183-kernel,platform/kernel/mediatek/mt8183/4.4/drivers/misc/mediatek/cameraisp/rsc/isp_50/camera_rsc.c,2428,usercopy,,yes,no,yes,SOURCE_ONLY,"if (copy_from_user(&rsc_RscReq, (void *)Param, sizeof(struct RSC_Request)) =="
mt8183-kernel,platform/kernel/mediatek/mt8183/4.4/drivers/misc/mediatek/cameraisp/rsc/isp_50/camera_rsc.c,2543,usercopy,,yes,no,yes,SOURCE_ONLY,"if (copy_to_user((void *)Param, &dequeNum, sizeof(unsigned int)) != 0) {"
mt8183-kernel,platform/kernel/mediatek/mt8183/4.4/drivers/misc/mediatek/cameraisp/rsc/isp_50/camera_rsc.c,2630,usercopy,,yes,no,yes,SOURCE_ONLY,"if (copy_from_user(&rsc_RscReq, (void *)Param, sizeof(struct RSC_Request)) == 0) {"
mt8183-kernel,platform/kernel/mediatek/mt8183/4.4/drivers/misc/mediatek/cameraisp/rsc/isp_50/camera_rsc.c,2763,usercopy,,yes,no,yes,SOURCE_ONLY,"err = get_user(uptr, &data32->pData);"
mt8183-kernel,platform/kernel/mediatek/mt8183/4.4/drivers/misc/mediatek/cameraisp/rsc/isp_50/camera_rsc.c,2764,usercopy,,yes,no,yes,SOURCE_ONLY,"err |= put_user(compat_ptr(uptr), &data->pData);"
mt8183-kernel,platform/kernel/mediatek/mt8183/4.4/drivers/misc/mediatek/cameraisp/rsc/isp_50/camera_rsc.c,2765,usercopy,,yes,no,yes,SOURCE_ONLY,"err |= get_user(count, &data32->Count);"
mt8183-kernel,platform/kernel/mediatek/mt8183/4.4/drivers/misc/mediatek/cameraisp/rsc/isp_50/camera_rsc.c,2766,usercopy,,yes,no,yes,SOURCE_ONLY,"err |= put_user(count, &data->Count);"
mt8183-kernel,platform/kernel/mediatek/mt8183/4.4/drivers/misc/mediatek/cameraisp/rsc/isp_50/camera_rsc.c,2777,usercopy,,yes,no,yes,SOURCE_ONLY,"/* err = get_user(compat_ptr(uptr), &data->pData); */"
mt8183-kernel,platform/kernel/mediatek/mt8183/4.4/drivers/misc/mediatek/cameraisp/rsc/isp_50/camera_rsc.c,2778,usercopy,,yes,no,yes,SOURCE_ONLY,"/* err |= put_user(uptr, &data32->pData); */"
mt8183-kernel,platform/kernel/mediatek/mt8183/4.4/drivers/misc/mediatek/cameraisp/rsc/isp_50/camera_rsc.c,2779,usercopy,,yes,no,yes,SOURCE_ONLY,"err |= get_user(count, &data->Count);"
mt8183-kernel,platform/kernel/mediatek/mt8183/4.4/drivers/misc/mediatek/cameraisp/rsc/isp_50/camera_rsc.c,2780,usercopy,,yes,no,yes,SOURCE_ONLY,"err |= put_user(count, &data32->Count);"
mt8183-kernel,platform/kernel/mediatek/mt8183/4.4/drivers/misc/mediatek/cameraisp/rsc/isp_50/camera_rsc.c,2791,usercopy,,yes,no,yes,SOURCE_ONLY,"err = get_user(uptr, &data32->m_pRscConfig);"
mt8183-kernel,platform/kernel/mediatek/mt8183/4.4/drivers/misc/mediatek/cameraisp/rsc/isp_50/camera_rsc.c,2792,usercopy,,yes,no,yes,SOURCE_ONLY,"err |= put_user(compat_ptr(uptr), &data->m_pRscConfig);"
mt8183-kernel,platform/kernel/mediatek/mt8183/4.4/drivers/misc/mediatek/cameraisp/rsc/isp_50/camera_rsc.c,2793,usercopy,,yes,no,yes,SOURCE_ONLY,"err |= get_user(count, &data32->m_ReqNum);"
mt8183-kernel,platform/kernel/mediatek/mt8183/4.4/drivers/misc/mediatek/cameraisp/rsc/isp_50/camera_rsc.c,2794,usercopy,,yes,no,yes,SOURCE_ONLY,"err |= put_user(count, &data->m_ReqNum);"
mt8183-kernel,platform/kernel/mediatek/mt8183/4.4/drivers/misc/mediatek/cameraisp/rsc/isp_50/camera_rsc.c,2806,usercopy,,yes,no,yes,SOURCE_ONLY,"/* err = get_user(compat_ptr(uptr), &data->m_pDpeConfig); */"
mt8183-kernel,platform/kernel/mediatek/mt8183/4.4/drivers/misc/mediatek/cameraisp/rsc/isp_50/camera_rsc.c,2807,usercopy,,yes,no,yes,SOURCE_ONLY,"/* err |= put_user(uptr, &data32->m_pDpeConfig); */"
mt8183-kernel,platform/kernel/mediatek/mt8183/4.4/drivers/misc/mediatek/cameraisp/rsc/isp_50/camera_rsc.c,2808,usercopy,,yes,no,yes,SOURCE_ONLY,"err |= get_user(count, &data->m_ReqNum);"
mt8183-kernel,platform/kernel/mediatek/mt8183/4.4/drivers/misc/mediatek/cameraisp/rsc/isp_50/camera_rsc.c,2809,usercopy,,yes,no,yes,SOURCE_ONLY,"err |= put_user(count, &data32->m_ReqNum);"
mt8183-kernel,platform/kernel/mediatek/mt8183/4.4/drivers/misc/mediatek/cameraisp/rsc/isp_50/camera_rsc.c,2821,usercopy,,yes,no,yes,SOURCE_ONLY,"err = get_user(uptr, &data32->m_pRscConfig);"
mt8183-kernel,platform/kernel/mediatek/mt8183/4.4/drivers/misc/mediatek/cameraisp/rsc/isp_50/camera_rsc.c,2822,usercopy,,yes,no,yes,SOURCE_ONLY,"err |= put_user(compat_ptr(uptr), &data->m_pRscConfig);"
mt8183-kernel,platform/kernel/mediatek/mt8183/4.4/drivers/misc/mediatek/cameraisp/rsc/isp_50/camera_rsc.c,2823,usercopy,,yes,no,yes,SOURCE_ONLY,"err |= get_user(count, &data32->m_ReqNum);"
mt8183-kernel,platform/kernel/mediatek/mt8183/4.4/drivers/misc/mediatek/cameraisp/rsc/isp_50/camera_rsc.c,2824,usercopy,,yes,no,yes,SOURCE_ONLY,"err |= put_user(count, &data->m_ReqNum);"
mt8183-kernel,platform/kernel/mediatek/mt8183/4.4/drivers/misc/mediatek/cameraisp/rsc/isp_50/camera_rsc.c,2836,usercopy,,yes,no,yes,SOURCE_ONLY,"/* err = get_user(compat_ptr(uptr), &data->m_pDpeConfig); */"
mt8183-kernel,platform/kernel/mediatek/mt8183/4.4/drivers/misc/mediatek/cameraisp/rsc/isp_50/camera_rsc.c,2837,usercopy,,yes,no,yes,SOURCE_ONLY,"/* err |= put_user(uptr, &data32->m_pDpeConfig); */"
mt8183-kernel,platform/kernel/mediatek/mt8183/4.4/drivers/misc/mediatek/cameraisp/rsc/isp_50/camera_rsc.c,2838,usercopy,,yes,no,yes,SOURCE_ONLY,"err |= get_user(count, &data->m_ReqNum);"
mt8183-kernel,platform/kernel/mediatek/mt8183/4.4/drivers/misc/mediatek/cameraisp/rsc/isp_50/camera_rsc.c,2839,usercopy,,yes,no,yes,SOURCE_ONLY,"err |= put_user(count, &data32->m_ReqNum);"
mt8183-kernel,platform/kernel/mediatek/mt8183/4.4/drivers/misc/mediatek/cameraisp/rsc/isp_50/camera_rsc.c,3172,ioctl_entry;write_handler,,yes,no,yes,SOURCE_ONLY,".unlocked_ioctl = RSC_ioctl,"
mt8183-kernel,platform/kernel/mediatek/mt8183/4.4/drivers/misc/mediatek/cameraisp/rsc/isp_50/camera_rsc.c,3174,ioctl_entry;write_handler,,yes,no,yes,SOURCE_ONLY,".compat_ioctl = RSC_ioctl_compat,"
mt8183-kernel,platform/kernel/mediatek/mt8183/4.4/drivers/misc/mediatek/cameraisp/rsc/isp_50/camera_rsc.c,3428,device_create,,yes,no,yes,SOURCE_ONLY,"dev = device_create(pRSCClass, NULL, RSCDevNo, NULL, RSC_DEV_NAME);"
mt8183-kernel,platform/kernel/mediatek/mt8183/4.4/drivers/misc/mediatek/cameraisp/rsc/isp_50/camera_rsc.c,3808,usercopy,rsc_reg_write,yes,no,yes,SOURCE_ONLY,"if (copy_from_user(desc, buffer, len))"
mt8183-kernel,platform/kernel/mediatek/mt8183/4.4/drivers/misc/mediatek/cameraisp/rsc/isp_50/camera_rsc.c,3820,sysfs_or_store,rsc_reg_write,yes,no,yes,SOURCE_ONLY,"if (kstrtoint(addrSzBuf, 0, &addr) != 0)"
mt8183-kernel,platform/kernel/mediatek/mt8183/4.4/drivers/misc/mediatek/cameraisp/rsc/isp_50/camera_rsc.c,3839,sysfs_or_store,,yes,no,yes,SOURCE_ONLY,"if (kstrtoint(valSzBuf, 0, &val) != 0)"
mt8183-kernel,platform/kernel/mediatek/mt8183/4.4/drivers/misc/mediatek/cameraisp/rsc/isp_50/camera_rsc.c,3868,sysfs_or_store,,yes,no,yes,SOURCE_ONLY,"if (kstrtoint(addrSzBuf, 0, &addr) != 0)"
mt8183-kernel,platform/kernel/mediatek/mt8183/4.4/drivers/misc/mediatek/cameraisp/rsc/isp_50/camera_rsc.c,3907,write_handler,proc_rsc_reg_open,yes,no,yes,SOURCE_ONLY,".write = rsc_reg_write,"
mt8183-kernel,platform/kernel/mediatek/mt8183/4.4/drivers/misc/mediatek/cameraisp/rsc/isp_50/camera_rsc.c,3993,procfs,,yes,no,yes,SOURCE_ONLY,"/* proc_entry = proc_create(""pll_test"", S_IRUGO | S_IWUSR, isp_rsc_dir, &pll_test_proc_fops); */"
mt8183-kernel,platform/kernel/mediatek/mt8183/4.4/drivers/misc/mediatek/cameraisp/rsc/isp_50/camera_rsc.c,3995,procfs,,yes,no,yes,SOURCE_ONLY,"proc_entry = proc_create(""rsc_dump"", S_IRUGO, isp_rsc_dir, &rsc_dump_proc_fops);"
mt8183-kernel,platform/kernel/mediatek/mt8183/4.4/drivers/misc/mediatek/cameraisp/rsc/isp_50/camera_rsc.c,3997,procfs,,yes,no,yes,SOURCE_ONLY,"proc_entry = proc_create(""rsc_reg"", S_IRUGO | S_IWUSR, isp_rsc_dir, &rsc_reg_proc_fops);"
mt8183-kernel,platform/kernel/mediatek/mt8183/4.4/drivers/misc/mediatek/cameraisp/src/isp_50/camera_isp.c,1431,usercopy,,yes,no,yes,SOURCE_ONLY,"if (get_user(reg.Addr, (unsigned int *)&pData->Addr) != 0) {"
mt8183-kernel,platform/kernel/mediatek/mt8183/4.4/drivers/misc/mediatek/cameraisp/src/isp_50/camera_isp.c,1444,usercopy,,yes,no,yes,SOURCE_ONLY,"if (put_user(reg.Val, (unsigned int *) &(pData->Val)) != 0) {"
mt8183-kernel,platform/kernel/mediatek/mt8183/4.4/drivers/misc/mediatek/cameraisp/src/isp_50/camera_isp.c,1570,usercopy,ISP_WriteReg,yes,no,yes,SOURCE_ONLY,"if (copy_from_user(pData, (void __user *)(pRegIo->pData), pRegIo->Count * sizeof(struct ISP_REG_STRUCT)) != 0) {"
mt8183-kernel,platform/kernel/mediatek/mt8183/4.4/drivers/misc/mediatek/cameraisp/src/isp_50/camera_isp.c,1625,usercopy,ISP_Buf_CTRL_FUNC,yes,no,yes,SOURCE_ONLY,"if (copy_from_user(&rt_buf_ctrl, (void __user *)Param, sizeof(struct ISP_BUFFER_CTRL_STRUCT)) == 0) {"
mt8183-kernel,platform/kernel/mediatek/mt8183/4.4/drivers/misc/mediatek/cameraisp/src/isp_50/camera_isp.c,1738,usercopy,,yes,no,yes,SOURCE_ONLY,"if (get_user(array[z], (unsigned char *)pExt) == 0) {"
mt8183-kernel,platform/kernel/mediatek/mt8183/4.4/drivers/misc/mediatek/cameraisp/src/isp_50/camera_isp.c,2378,usercopy,,yes,no,yes,SOURCE_ONLY,"if (copy_from_user(&wakelock_ctrl, (void *)Param, sizeof(unsigned int)) != 0) {"
mt8183-kernel,platform/kernel/mediatek/mt8183/4.4/drivers/misc/mediatek/cameraisp/src/isp_50/camera_isp.c,2413,usercopy,,yes,no,yes,SOURCE_ONLY,"if (copy_from_user(&DebugFlag[0], (void *)Param, sizeof(unsigned int)) != 0) {"
mt8183-kernel,platform/kernel/mediatek/mt8183/4.4/drivers/misc/mediatek/cameraisp/src/isp_50/camera_isp.c,2428,usercopy,,yes,no,yes,SOURCE_ONLY,"if (copy_to_user((void *)Param, &DebugFlag[1], sizeof(unsigned int)) != 0) {"
mt8183-kernel,platform/kernel/mediatek/mt8183/4.4/drivers/misc/mediatek/cameraisp/src/isp_50/camera_isp.c,2435,usercopy,,yes,no,yes,SOURCE_ONLY,"if (copy_to_user((void *)Param, (void *)g_ISPIntStatus,"
mt8183-kernel,platform/kernel/mediatek/mt8183/4.4/drivers/misc/mediatek/cameraisp/src/isp_50/camera_isp.c,2443,usercopy,,yes,no,yes,SOURCE_ONLY,"if (copy_from_user(&DebugFlag[0], (void *)Param, sizeof(unsigned int)) != 0) {"
mt8183-kernel,platform/kernel/mediatek/mt8183/4.4/drivers/misc/mediatek/cameraisp/src/isp_50/camera_isp.c,2452,usercopy,,yes,no,yes,SOURCE_ONLY,if (copy_to_user(
mt8183-kernel,platform/kernel/mediatek/mt8183/4.4/drivers/misc/mediatek/cameraisp/src/isp_50/camera_isp.c,2459,usercopy,,yes,no,yes,SOURCE_ONLY,"if (copy_from_user(&DebugFlag[0], (void *)Param, sizeof(unsigned int)) != 0) {"
mt8183-kernel,platform/kernel/mediatek/mt8183/4.4/drivers/misc/mediatek/cameraisp/src/isp_50/camera_isp.c,2470,usercopy,,yes,no,yes,SOURCE_ONLY,"if (copy_to_user((void *)Param, &DebugFlag[1], sizeof(unsigned int)) != 0) {"
mt8183-kernel,platform/kernel/mediatek/mt8183/4.4/drivers/misc/mediatek/cameraisp/src/isp_50/camera_isp.c,2476,usercopy,,yes,no,yes,SOURCE_ONLY,"if (copy_from_user(&module, (void *)Param, sizeof(unsigned int)) != 0) {"
mt8183-kernel,platform/kernel/mediatek/mt8183/4.4/drivers/misc/mediatek/cameraisp/src/isp_50/camera_isp.c,2485,usercopy,,yes,no,yes,SOURCE_ONLY,"if (copy_from_user(&RegIo, (void *)Param, sizeof(struct ISP_REG_IO_STRUCT)) == 0) {"
mt8183-kernel,platform/kernel/mediatek/mt8183/4.4/drivers/misc/mediatek/cameraisp/src/isp_50/camera_isp.c,2500,usercopy,,yes,no,yes,SOURCE_ONLY,"if (copy_from_user(&RegIo, (void *)Param, sizeof(struct ISP_REG_IO_STRUCT)) == 0) {"
mt8183-kernel,platform/kernel/mediatek/mt8183/4.4/drivers/misc/mediatek/cameraisp/src/isp_50/camera_isp.c,2510,usercopy,,yes,no,yes,SOURCE_ONLY,"if (copy_from_user(&IrqInfo, (void *)Param, sizeof(struct ISP_WAIT_IRQ_STRUCT)) == 0) {"
mt8183-kernel,platform/kernel/mediatek/mt8183/4.4/drivers/misc/mediatek/cameraisp/src/isp_50/camera_isp.c,2542,usercopy,,yes,no,yes,SOURCE_ONLY,"if (copy_from_user(&ClearIrq, (void *)Param, sizeof(struct ISP_CLEAR_IRQ_STRUCT)) == 0) {"
mt8183-kernel,platform/kernel/mediatek/mt8183/4.4/drivers/misc/mediatek/cameraisp/src/isp_50/camera_isp.c,2580,usercopy,,yes,no,yes,SOURCE_ONLY,"if (copy_from_user(&RegUserKey, (void *)Param, sizeof(struct ISP_REGISTER_USERKEY_STRUCT)) == 0) {"
mt8183-kernel,platform/kernel/mediatek/mt8183/4.4/drivers/misc/mediatek/cameraisp/src/isp_50/camera_isp.c,2584,usercopy,,yes,no,yes,SOURCE_ONLY,"if (copy_to_user((void *)Param, &RegUserKey, sizeof(struct ISP_REGISTER_USERKEY_STRUCT)) != 0)"
mt8183-kernel,platform/kernel/mediatek/mt8183/4.4/drivers/misc/mediatek/cameraisp/src/isp_50/camera_isp.c,2598,usercopy,,yes,no,yes,SOURCE_ONLY,"if (copy_from_user(&IrqInfo, (void *)Param, sizeof(struct ISP_WAIT_IRQ_STRUCT)) == 0) {"
mt8183-kernel,platform/kernel/mediatek/mt8183/4.4/drivers/misc/mediatek/cameraisp/src/isp_50/camera_isp.c,2620,usercopy,,yes,no,yes,SOURCE_ONLY,"if (copy_from_user(DebugFlag, (void *)Param, sizeof(unsigned int)) == 0) {"
mt8183-kernel,platform/kernel/mediatek/mt8183/4.4/drivers/misc/mediatek/cameraisp/src/isp_50/camera_isp.c,2634,usercopy,,yes,no,yes,SOURCE_ONLY,"if (copy_from_user(DebugFlag, (void *)Param, sizeof(unsigned int) * 3) == 0) {"
mt8183-kernel,platform/kernel/mediatek/mt8183/4.4/drivers/misc/mediatek/cameraisp/src/isp_50/camera_isp.c,2749,usercopy,,yes,no,yes,SOURCE_ONLY,"if (copy_from_user(DebugFlag, (void *)Param, sizeof(unsigned int) * 3) == 0) {"
mt8183-kernel,platform/kernel/mediatek/mt8183/4.4/drivers/misc/mediatek/cameraisp/src/isp_50/camera_isp.c,2799,usercopy,,yes,no,yes,SOURCE_ONLY,"if (copy_to_user((void *)Param, &Tstp, sizeof(struct S_START_T)) != 0) {"
mt8183-kernel,platform/kernel/mediatek/mt8183/4.4/drivers/misc/mediatek/cameraisp/src/isp_50/camera_isp.c,2819,usercopy,,yes,no,yes,SOURCE_ONLY,"if (copy_to_user((void *)Param, &ispclks, sizeof(struct ISP_CLK_INFO)) != 0) {"
mt8183-kernel,platform/kernel/mediatek/mt8183/4.4/drivers/misc/mediatek/cameraisp/src/isp_50/camera_isp.c,2830,usercopy,,yes,no,yes,SOURCE_ONLY,"if (copy_from_user(&dfs_ctrl, (void *)Param, sizeof(unsigned int)) == 0) {"
mt8183-kernel,platform/kernel/mediatek/mt8183/4.4/drivers/misc/mediatek/cameraisp/src/isp_50/camera_isp.c,2860,usercopy,,yes,no,yes,SOURCE_ONLY,"if (copy_from_user(&dfs_update, (void *)Param, sizeof(unsigned int)) == 0) {"
mt8183-kernel,platform/kernel/mediatek/mt8183/4.4/drivers/misc/mediatek/cameraisp/src/isp_50/camera_isp.c,2927,usercopy,,yes,no,yes,SOURCE_ONLY,"if (copy_to_user((void *)Param, &ispclks, sizeof(struct ISP_CLK_INFO)) != 0) {"
mt8183-kernel,platform/kernel/mediatek/mt8183/4.4/drivers/misc/mediatek/cameraisp/src/isp_50/camera_isp.c,2945,usercopy,,yes,no,yes,SOURCE_ONLY,"if (copy_to_user((void *)Param, &getclk, sizeof(struct ISP_GET_CLK_INFO)) != 0) {"
mt8183-kernel,platform/kernel/mediatek/mt8183/4.4/drivers/misc/mediatek/cameraisp/src/isp_50/camera_isp.c,2960,usercopy,,yes,no,yes,SOURCE_ONLY,"if (copy_from_user(hwTickCnt, (void *)Param, sizeof(u64)*TS_TYPE) == 0) {"
mt8183-kernel,platform/kernel/mediatek/mt8183/4.4/drivers/misc/mediatek/cameraisp/src/isp_50/camera_isp.c,2967,usercopy,,yes,no,yes,SOURCE_ONLY,"if (copy_to_user((void *)Param, globalTime, sizeof(u64)*TS_TYPE) != 0) {"
mt8183-kernel,platform/kernel/mediatek/mt8183/4.4/drivers/misc/mediatek/cameraisp/src/isp_50/camera_isp.c,2981,usercopy,,yes,no,yes,SOURCE_ONLY,"if (copy_from_user(&pm_qos_info, (void *)Param, sizeof(struct ISP_PM_QOS_INFO_STRUCT)) == 0) {"
mt8183-kernel,platform/kernel/mediatek/mt8183/4.4/drivers/misc/mediatek/cameraisp/src/isp_50/camera_isp.c,3003,usercopy,,yes,no,yes,SOURCE_ONLY,"if (copy_from_user(DebugFlag, (void *)Param, sizeof(unsigned int) * 2) == 0) {"
mt8183-kernel,platform/kernel/mediatek/mt8183/4.4/drivers/misc/mediatek/cameraisp/src/isp_50/camera_isp.c,3038,usercopy,,yes,no,yes,SOURCE_ONLY,"if (copy_from_user(&DebugFlag[0], (void *)Param, sizeof(unsigned int)) != 0) {"
mt8183-kernel,platform/kernel/mediatek/mt8183/4.4/drivers/misc/mediatek/cameraisp/src/isp_50/camera_isp.c,3051,usercopy,,yes,no,yes,SOURCE_ONLY,"if (copy_to_user((void *)Param, &DebugFlag[1], sizeof(unsigned int)) != 0) {"
mt8183-kernel,platform/kernel/mediatek/mt8183/4.4/drivers/misc/mediatek/cameraisp/src/isp_50/camera_isp.c,3065,usercopy,,yes,no,yes,SOURCE_ONLY,"if (copy_from_user(&IonNode, (void *)Param, sizeof(struct ISP_DEV_ION_NODE_STRUCT)) == 0) {"
mt8183-kernel,platform/kernel/mediatek/mt8183/4.4/drivers/misc/mediatek/cameraisp/src/isp_50/camera_isp.c,3162,usercopy,,yes,no,yes,SOURCE_ONLY,"if (copy_from_user(&IonNode, (void *)Param, sizeof(struct ISP_DEV_ION_NODE_STRUCT)) == 0) {"
mt8183-kernel,platform/kernel/mediatek/mt8183/4.4/drivers/misc/mediatek/cameraisp/src/isp_50/camera_isp.c,3253,usercopy,,yes,no,yes,SOURCE_ONLY,"if (copy_from_user(&module, (void *)Param, sizeof(unsigned int)) == 0) {"
mt8183-kernel,platform/kernel/mediatek/mt8183/4.4/drivers/misc/mediatek/cameraisp/src/isp_50/camera_isp.c,3276,usercopy,,yes,no,yes,SOURCE_ONLY,"if (copy_from_user(&multiRAWConfig, (void *)Param, sizeof(struct ISP_MULTI_RAW_CONFIG)) == 0) {"
mt8183-kernel,platform/kernel/mediatek/mt8183/4.4/drivers/misc/mediatek/cameraisp/src/isp_50/camera_isp.c,3360,usercopy,,yes,no,yes,SOURCE_ONLY,"if (copy_from_user(&larbInfo, (void *)Param, sizeof(struct ISP_LARB_MMU_STRUCT)) != 0) {"
mt8183-kernel,platform/kernel/mediatek/mt8183/4.4/drivers/misc/mediatek/cameraisp/src/isp_50/camera_isp.c,3389,usercopy,,yes,no,yes,SOURCE_ONLY,"if (copy_from_user(Dapc_Reg, (void *)Param, sizeof(unsigned int) * 6) != 0) {"
mt8183-kernel,platform/kernel/mediatek/mt8183/4.4/drivers/misc/mediatek/cameraisp/src/isp_50/camera_isp.c,3443,usercopy,,yes,no,yes,SOURCE_ONLY,"err = get_user(uptr, &data32->pData);"
mt8183-kernel,platform/kernel/mediatek/mt8183/4.4/drivers/misc/mediatek/cameraisp/src/isp_50/camera_isp.c,3444,usercopy,,yes,no,yes,SOURCE_ONLY,"err |= put_user(compat_ptr(uptr), &data->pData);"
mt8183-kernel,platform/kernel/mediatek/mt8183/4.4/drivers/misc/mediatek/cameraisp/src/isp_50/camera_isp.c,3445,usercopy,,yes,no,yes,SOURCE_ONLY,"err |= get_user(count, &data32->Count);"
mt8183-kernel,platform/kernel/mediatek/mt8183/4.4/drivers/misc/mediatek/cameraisp/src/isp_50/camera_isp.c,3446,usercopy,,yes,no,yes,SOURCE_ONLY,"err |= put_user(count, &data->Count);"
mt8183-kernel,platform/kernel/mediatek/mt8183/4.4/drivers/misc/mediatek/cameraisp/src/isp_50/camera_isp.c,3458,usercopy,,yes,no,yes,SOURCE_ONLY,"/* err = get_user(compat_ptr(uptr), &data->pData); */"
mt8183-kernel,platform/kernel/mediatek/mt8183/4.4/drivers/misc/mediatek/cameraisp/src/isp_50/camera_isp.c,3459,usercopy,,yes,no,yes,SOURCE_ONLY,"/* err |= put_user(uptr, &data32->pData); */"
mt8183-kernel,platform/kernel/mediatek/mt8183/4.4/drivers/misc/mediatek/cameraisp/src/isp_50/camera_isp.c,3460,usercopy,,yes,no,yes,SOURCE_ONLY,"err |= get_user(count, &data->Count);"
mt8183-kernel,platform/kernel/mediatek/mt8183/4.4/drivers/misc/mediatek/cameraisp/src/isp_50/camera_isp.c,3461,usercopy,,yes,no,yes,SOURCE_ONLY,"err |= put_user(count, &data32->Count);"
mt8183-kernel,platform/kernel/mediatek/mt8183/4.4/drivers/misc/mediatek/cameraisp/src/isp_50/camera_isp.c,3473,usercopy,,yes,no,yes,SOURCE_ONLY,"err = get_user(tmp, &data32->ctrl);"
mt8183-kernel,platform/kernel/mediatek/mt8183/4.4/drivers/misc/mediatek/cameraisp/src/isp_50/camera_isp.c,3474,usercopy,,yes,no,yes,SOURCE_ONLY,"err |= put_user(tmp, &data->ctrl);"
mt8183-kernel,platform/kernel/mediatek/mt8183/4.4/drivers/misc/mediatek/cameraisp/src/isp_50/camera_isp.c,3475,usercopy,,yes,no,yes,SOURCE_ONLY,"err |= get_user(tmp2, &data32->module);"
mt8183-kernel,platform/kernel/mediatek/mt8183/4.4/drivers/misc/mediatek/cameraisp/src/isp_50/camera_isp.c,3476,usercopy,,yes,no,yes,SOURCE_ONLY,"err |= put_user(tmp2, &data->module);"
mt8183-kernel,platform/kernel/mediatek/mt8183/4.4/drivers/misc/mediatek/cameraisp/src/isp_50/camera_isp.c,3477,usercopy,,yes,no,yes,SOURCE_ONLY,"err |= get_user(tmp3, &data32->buf_id);"
mt8183-kernel,platform/kernel/mediatek/mt8183/4.4/drivers/misc/mediatek/cameraisp/src/isp_50/camera_isp.c,3478,usercopy,,yes,no,yes,SOURCE_ONLY,"err |= put_user(tmp3, &data->buf_id);"
mt8183-kernel,platform/kernel/mediatek/mt8183/4.4/drivers/misc/mediatek/cameraisp/src/isp_50/camera_isp.c,3479,usercopy,,yes,no,yes,SOURCE_ONLY,"err |= get_user(uptr, &data32->data_ptr);"
mt8183-kernel,platform/kernel/mediatek/mt8183/4.4/drivers/misc/mediatek/cameraisp/src/isp_50/camera_isp.c,3480,usercopy,,yes,no,yes,SOURCE_ONLY,"err |= put_user(compat_ptr(uptr), &data->data_ptr);"
mt8183-kernel,platform/kernel/mediatek/mt8183/4.4/drivers/misc/mediatek/cameraisp/src/isp_50/camera_isp.c,3481,usercopy,,yes,no,yes,SOURCE_ONLY,"err |= get_user(uptr, &data32->ex_data_ptr);"
mt8183-kernel,platform/kernel/mediatek/mt8183/4.4/drivers/misc/mediatek/cameraisp/src/isp_50/camera_isp.c,3482,usercopy,,yes,no,yes,SOURCE_ONLY,"err |= put_user(compat_ptr(uptr), &data->ex_data_ptr);"
mt8183-kernel,platform/kernel/mediatek/mt8183/4.4/drivers/misc/mediatek/cameraisp/src/isp_50/camera_isp.c,3483,usercopy,,yes,no,yes,SOURCE_ONLY,"err |= get_user(uptr, &data32->pExtend);"
mt8183-kernel,platform/kernel/mediatek/mt8183/4.4/drivers/misc/mediatek/cameraisp/src/isp_50/camera_isp.c,3484,usercopy,,yes,no,yes,SOURCE_ONLY,"err |= put_user(compat_ptr(uptr), &data->pExtend);"
mt8183-kernel,platform/kernel/mediatek/mt8183/4.4/drivers/misc/mediatek/cameraisp/src/isp_50/camera_isp.c,3497,usercopy,,yes,no,yes,SOURCE_ONLY,"err = get_user(tmp, &data->ctrl);"
mt8183-kernel,platform/kernel/mediatek/mt8183/4.4/drivers/misc/mediatek/cameraisp/src/isp_50/camera_isp.c,3498,usercopy,,yes,no,yes,SOURCE_ONLY,"err |= put_user(tmp, &data32->ctrl);"
mt8183-kernel,platform/kernel/mediatek/mt8183/4.4/drivers/misc/mediatek/cameraisp/src/isp_50/camera_isp.c,3499,usercopy,,yes,no,yes,SOURCE_ONLY,"err |= get_user(tmp2, &data->module);"
mt8183-kernel,platform/kernel/mediatek/mt8183/4.4/drivers/misc/mediatek/cameraisp/src/isp_50/camera_isp.c,3500,usercopy,,yes,no,yes,SOURCE_ONLY,"err |= put_user(tmp2, &data32->module);"
mt8183-kernel,platform/kernel/mediatek/mt8183/4.4/drivers/misc/mediatek/cameraisp/src/isp_50/camera_isp.c,3501,usercopy,,yes,no,yes,SOURCE_ONLY,"err |= get_user(tmp3, &data->buf_id);"
mt8183-kernel,platform/kernel/mediatek/mt8183/4.4/drivers/misc/mediatek/cameraisp/src/isp_50/camera_isp.c,3502,usercopy,,yes,no,yes,SOURCE_ONLY,"err |= put_user(tmp3, &data32->buf_id);"
mt8183-kernel,platform/kernel/mediatek/mt8183/4.4/drivers/misc/mediatek/cameraisp/src/isp_50/camera_isp.c,3504,usercopy,,yes,no,yes,SOURCE_ONLY,"/* err |= get_user(compat_ptr(uptr), &data->data_ptr); */"
mt8183-kernel,platform/kernel/mediatek/mt8183/4.4/drivers/misc/mediatek/cameraisp/src/isp_50/camera_isp.c,3505,usercopy,,yes,no,yes,SOURCE_ONLY,"/* err |= put_user(uptr, &data32->data_ptr); */"
mt8183-kernel,platform/kernel/mediatek/mt8183/4.4/drivers/misc/mediatek/cameraisp/src/isp_50/camera_isp.c,3506,usercopy,,yes,no,yes,SOURCE_ONLY,"/* err |= get_user(compat_ptr(uptr), &data->ex_data_ptr); */"
mt8183-kernel,platform/kernel/mediatek/mt8183/4.4/drivers/misc/mediatek/cameraisp/src/isp_50/camera_isp.c,3507,usercopy,,yes,no,yes,SOURCE_ONLY,"/* err |= put_user(uptr, &data32->ex_data_ptr); */"
mt8183-kernel,platform/kernel/mediatek/mt8183/4.4/drivers/misc/mediatek/cameraisp/src/isp_50/camera_isp.c,3508,usercopy,,yes,no,yes,SOURCE_ONLY,"/* err |= get_user(compat_ptr(uptr), &data->pExtend); */"
mt8183-kernel,platform/kernel/mediatek/mt8183/4.4/drivers/misc/mediatek/cameraisp/src/isp_50/camera_isp.c,3509,usercopy,,yes,no,yes,SOURCE_ONLY,"/* err |= put_user(uptr, &data32->pExtend); */"
mt8183-kernel,platform/kernel/mediatek/mt8183/4.4/drivers/misc/mediatek/cameraisp/src/isp_50/camera_isp.c,3522,usercopy,,yes,no,yes,SOURCE_ONLY,"err = get_user(tmp, &data32->ctrl);"
mt8183-kernel,platform/kernel/mediatek/mt8183/4.4/drivers/misc/mediatek/cameraisp/src/isp_50/camera_isp.c,3523,usercopy,,yes,no,yes,SOURCE_ONLY,"err |= put_user(tmp, &data->ctrl);"
mt8183-kernel,platform/kernel/mediatek/mt8183/4.4/drivers/misc/mediatek/cameraisp/src/isp_50/camera_isp.c,3524,usercopy,,yes,no,yes,SOURCE_ONLY,"err |= get_user(tmp2, &data32->id);"
mt8183-kernel,platform/kernel/mediatek/mt8183/4.4/drivers/misc/mediatek/cameraisp/src/isp_50/camera_isp.c,3525,usercopy,,yes,no,yes,SOURCE_ONLY,"err |= put_user(tmp2, &data->id);"
mt8183-kernel,platform/kernel/mediatek/mt8183/4.4/drivers/misc/mediatek/cameraisp/src/isp_50/camera_isp.c,3526,usercopy,,yes,no,yes,SOURCE_ONLY,"err |= get_user(uptr, &data32->data_ptr);"
mt8183-kernel,platform/kernel/mediatek/mt8183/4.4/drivers/misc/mediatek/cameraisp/src/isp_50/camera_isp.c,3527,usercopy,,yes,no,yes,SOURCE_ONLY,"err |= put_user(compat_ptr(uptr), &data->data_ptr);"
mt8183-kernel,platform/kernel/mediatek/mt8183/4.4/drivers/misc/mediatek/cameraisp/src/isp_50/camera_isp.c,3540,usercopy,,yes,no,yes,SOURCE_ONLY,"err = get_user(tmp, &data->ctrl);"
mt8183-kernel,platform/kernel/mediatek/mt8183/4.4/drivers/misc/mediatek/cameraisp/src/isp_50/camera_isp.c,3541,usercopy,,yes,no,yes,SOURCE_ONLY,"err |= put_user(tmp, &data32->ctrl);"
mt8183-kernel,platform/kernel/mediatek/mt8183/4.4/drivers/misc/mediatek/cameraisp/src/isp_50/camera_isp.c,3542,usercopy,,yes,no,yes,SOURCE_ONLY,"err |= get_user(tmp2, &data->id);"
mt8183-kernel,platform/kernel/mediatek/mt8183/4.4/drivers/misc/mediatek/cameraisp/src/isp_50/camera_isp.c,3543,usercopy,,yes,no,yes,SOURCE_ONLY,"err |= put_user(tmp2, &data32->id);"
mt8183-kernel,platform/kernel/mediatek/mt8183/4.4/drivers/misc/mediatek/cameraisp/src/isp_50/camera_isp.c,3545,usercopy,,yes,no,yes,SOURCE_ONLY,"/* err |= get_user(compat_ptr(uptr), &data->data_ptr); */"
mt8183-kernel,platform/kernel/mediatek/mt8183/4.4/drivers/misc/mediatek/cameraisp/src/isp_50/camera_isp.c,3546,usercopy,,yes,no,yes,SOURCE_ONLY,"/* err |= put_user(uptr, &data32->data_ptr); */"
mt8183-kernel,platform/kernel/mediatek/mt8183/4.4/drivers/misc/mediatek/cameraisp/src/isp_50/camera_isp.c,4300,ioctl_entry;write_handler,,yes,no,yes,SOURCE_ONLY,".unlocked_ioctl = ISP_ioctl,"
mt8183-kernel,platform/kernel/mediatek/mt8183/4.4/drivers/misc/mediatek/cameraisp/src/isp_50/camera_isp.c,4302,ioctl_entry;write_handler,,yes,no,yes,SOURCE_ONLY,".compat_ioctl = ISP_ioctl_compat,"
mt8183-kernel,platform/kernel/mediatek/mt8183/4.4/drivers/misc/mediatek/cameraisp/src/isp_50/camera_isp.c,4469,device_create,,yes,no,yes,SOURCE_ONLY,"dev = device_create(pIspClass, NULL, IspDevNo, NULL, ISP_DEV_NAME);"
mt8183-kernel,platform/kernel/mediatek/mt8183/4.4/drivers/misc/mediatek/cameraisp/src/isp_50/camera_isp.c,5054,write_handler,,yes,no,yes,SOURCE_ONLY,".write = ISP_RegDebug,"
mt8183-kernel,platform/kernel/mediatek/mt8183/4.4/drivers/misc/mediatek/cameraisp/src/isp_50/camera_isp.c,5058,write_handler,,yes,no,yes,SOURCE_ONLY,".write = CAMIO_RegDebug,"
mt8183-kernel,platform/kernel/mediatek/mt8183/4.4/drivers/misc/mediatek/cameraisp/src/isp_50/camera_isp.c,5125,procfs,,yes,no,yes,SOURCE_ONLY,"proc_create(""driver/isp_reg"", 0, NULL, &fcameraisp_proc_fops);"
mt8183-kernel,platform/kernel/mediatek/mt8183/4.4/drivers/misc/mediatek/cameraisp/src/isp_50/camera_isp.c,5126,procfs,,yes,no,yes,SOURCE_ONLY,"proc_create(""driver/camio_reg"", 0, NULL, &fcameraio_proc_fops);"
mt8183-kernel,platform/kernel/mediatek/mt8183/4.4/drivers/misc/mediatek/cameraisp/wpe/isp_50/camera_wpe.c,2753,usercopy,WPE_Reset,yes,no,yes,SOURCE_ONLY,"if (get_user(reg.Addr, (unsigned int *) &pData->Addr) != 0) {"
mt8183-kernel,platform/kernel/mediatek/mt8183/4.4/drivers/misc/mediatek/cameraisp/wpe/isp_50/camera_wpe.c,2771,usercopy,,yes,no,yes,SOURCE_ONLY,"if (put_user(reg.Val, (unsigned int *) &(pData->Val)) != 0) {"
mt8183-kernel,platform/kernel/mediatek/mt8183/4.4/drivers/misc/mediatek/cameraisp/wpe/isp_50/camera_wpe.c,3162,usercopy,,yes,no,yes,SOURCE_ONLY,"if (copy_from_user(&RegIo, (void *)Param, sizeof(struct WPE_REG_IO_STRUCT)) == 0) {"
mt8183-kernel,platform/kernel/mediatek/mt8183/4.4/drivers/misc/mediatek/cameraisp/wpe/isp_50/camera_wpe.c,3178,usercopy,,yes,no,yes,SOURCE_ONLY,"if (copy_from_user(&RegIo, (void *)Param, sizeof(struct WPE_REG_IO_STRUCT)) == 0) {"
mt8183-kernel,platform/kernel/mediatek/mt8183/4.4/drivers/misc/mediatek/cameraisp/wpe/isp_50/camera_wpe.c,3189,usercopy,,yes,no,yes,SOURCE_ONLY,"if (copy_from_user(&IrqInfo, (void *)Param, sizeof(struct WPE_WAIT_IRQ_STRUCT)) =="
mt8183-kernel,platform/kernel/mediatek/mt8183/4.4/drivers/misc/mediatek/cameraisp/wpe/isp_50/camera_wpe.c,3224,usercopy,,yes,no,yes,SOURCE_ONLY,"if (copy_from_user(&ClearIrq, (void *)Param, sizeof(struct WPE_CLEAR_IRQ_STRUCT))"
mt8183-kernel,platform/kernel/mediatek/mt8183/4.4/drivers/misc/mediatek/cameraisp/wpe/isp_50/camera_wpe.c,3258,usercopy,,yes,no,yes,SOURCE_ONLY,"if (copy_from_user(&enqueNum, (void *)Param, sizeof(int)) == 0) {"
mt8183-kernel,platform/kernel/mediatek/mt8183/4.4/drivers/misc/mediatek/cameraisp/wpe/isp_50/camera_wpe.c,3298,usercopy,,yes,no,yes,SOURCE_ONLY,"if (copy_from_user(&wpe_WpeConfig, (void *)Param, sizeof(struct WPE_Config))"
mt8183-kernel,platform/kernel/mediatek/mt8183/4.4/drivers/misc/mediatek/cameraisp/wpe/isp_50/camera_wpe.c,3375,usercopy,,yes,no,yes,SOURCE_ONLY,"if (copy_from_user(&wpe_WpeReq, (void *)Param, sizeof(struct WPE_Request)) == 0) {"
mt8183-kernel,platform/kernel/mediatek/mt8183/4.4/drivers/misc/mediatek/cameraisp/wpe/isp_50/camera_wpe.c,3469,usercopy,,yes,no,yes,SOURCE_ONLY,"if (copy_to_user((void *)Param, &dequeNum, sizeof(unsigned int)) != 0) {"
mt8183-kernel,platform/kernel/mediatek/mt8183/4.4/drivers/misc/mediatek/cameraisp/wpe/isp_50/camera_wpe.c,3545,usercopy,,yes,no,yes,SOURCE_ONLY,"if (copy_from_user(&wpe_WpeReq, (void *)Param, sizeof(struct WPE_Request)) == 0) {"
mt8183-kernel,platform/kernel/mediatek/mt8183/4.4/drivers/misc/mediatek/cameraisp/wpe/isp_50/camera_wpe.c,3642,usercopy,,yes,no,yes,SOURCE_ONLY,"if (copy_from_user(&wpe_WpeReq, (void *)Param, sizeof(struct WPE_Request)) == 0) {"
mt8183-kernel,platform/kernel/mediatek/mt8183/4.4/drivers/misc/mediatek/cameraisp/wpe/isp_50/camera_wpe.c,3820,usercopy,,yes,no,yes,SOURCE_ONLY,"err = get_user(uptr, &data32->pData);"
mt8183-kernel,platform/kernel/mediatek/mt8183/4.4/drivers/misc/mediatek/cameraisp/wpe/isp_50/camera_wpe.c,3821,usercopy,,yes,no,yes,SOURCE_ONLY,"err |= put_user(compat_ptr(uptr), &data->pData);"
mt8183-kernel,platform/kernel/mediatek/mt8183/4.4/drivers/misc/mediatek/cameraisp/wpe/isp_50/camera_wpe.c,3822,usercopy,,yes,no,yes,SOURCE_ONLY,"err |= get_user(count, &data32->Count);"
mt8183-kernel,platform/kernel/mediatek/mt8183/4.4/drivers/misc/mediatek/cameraisp/wpe/isp_50/camera_wpe.c,3823,usercopy,,yes,no,yes,SOURCE_ONLY,"err |= put_user(count, &data->Count);"
mt8183-kernel,platform/kernel/mediatek/mt8183/4.4/drivers/misc/mediatek/cameraisp/wpe/isp_50/camera_wpe.c,3834,usercopy,,yes,no,yes,SOURCE_ONLY,"/* err = get_user(compat_ptr(uptr), &data->pData); */"
mt8183-kernel,platform/kernel/mediatek/mt8183/4.4/drivers/misc/mediatek/cameraisp/wpe/isp_50/camera_wpe.c,3835,usercopy,,yes,no,yes,SOURCE_ONLY,"/* err |= put_user(uptr, &data32->pData); */"
mt8183-kernel,platform/kernel/mediatek/mt8183/4.4/drivers/misc/mediatek/cameraisp/wpe/isp_50/camera_wpe.c,3836,usercopy,,yes,no,yes,SOURCE_ONLY,"err |= get_user(count, &data->Count);"
mt8183-kernel,platform/kernel/mediatek/mt8183/4.4/drivers/misc/mediatek/cameraisp/wpe/isp_50/camera_wpe.c,3837,usercopy,,yes,no,yes,SOURCE_ONLY,"err |= put_user(count, &data32->Count);"
mt8183-kernel,platform/kernel/mediatek/mt8183/4.4/drivers/misc/mediatek/cameraisp/wpe/isp_50/camera_wpe.c,3848,usercopy,,yes,no,yes,SOURCE_ONLY,"err = get_user(uptr, &data32->m_pWpeConfig);"
mt8183-kernel,platform/kernel/mediatek/mt8183/4.4/drivers/misc/mediatek/cameraisp/wpe/isp_50/camera_wpe.c,3849,usercopy,,yes,no,yes,SOURCE_ONLY,"err |= put_user(compat_ptr(uptr), &data->m_pWpeConfig);"
mt8183-kernel,platform/kernel/mediatek/mt8183/4.4/drivers/misc/mediatek/cameraisp/wpe/isp_50/camera_wpe.c,3850,usercopy,,yes,no,yes,SOURCE_ONLY,"err |= get_user(count, &data32->m_ReqNum);"
mt8183-kernel,platform/kernel/mediatek/mt8183/4.4/drivers/misc/mediatek/cameraisp/wpe/isp_50/camera_wpe.c,3851,usercopy,,yes,no,yes,SOURCE_ONLY,"err |= put_user(count, &data->m_ReqNum);"
mt8183-kernel,platform/kernel/mediatek/mt8183/4.4/drivers/misc/mediatek/cameraisp/wpe/isp_50/camera_wpe.c,3863,usercopy,,yes,no,yes,SOURCE_ONLY,"/* err = get_user(compat_ptr(uptr), &data->m_pDpeConfig); */"
mt8183-kernel,platform/kernel/mediatek/mt8183/4.4/drivers/misc/mediatek/cameraisp/wpe/isp_50/camera_wpe.c,3864,usercopy,,yes,no,yes,SOURCE_ONLY,"/* err |= put_user(uptr, &data32->m_pDpeConfig); */"
mt8183-kernel,platform/kernel/mediatek/mt8183/4.4/drivers/misc/mediatek/cameraisp/wpe/isp_50/camera_wpe.c,3865,usercopy,,yes,no,yes,SOURCE_ONLY,"err |= get_user(count, &data->m_ReqNum);"
mt8183-kernel,platform/kernel/mediatek/mt8183/4.4/drivers/misc/mediatek/cameraisp/wpe/isp_50/camera_wpe.c,3866,usercopy,,yes,no,yes,SOURCE_ONLY,"err |= put_user(count, &data32->m_ReqNum);"
mt8183-kernel,platform/kernel/mediatek/mt8183/4.4/drivers/misc/mediatek/cameraisp/wpe/isp_50/camera_wpe.c,3878,usercopy,,yes,no,yes,SOURCE_ONLY,"err = get_user(uptr, &data32->m_pWpeConfig);"
mt8183-kernel,platform/kernel/mediatek/mt8183/4.4/drivers/misc/mediatek/cameraisp/wpe/isp_50/camera_wpe.c,3879,usercopy,,yes,no,yes,SOURCE_ONLY,"err |= put_user(compat_ptr(uptr), &data->m_pWpeConfig);"
mt8183-kernel,platform/kernel/mediatek/mt8183/4.4/drivers/misc/mediatek/cameraisp/wpe/isp_50/camera_wpe.c,3880,usercopy,,yes,no,yes,SOURCE_ONLY,"err |= get_user(count, &data32->m_ReqNum);"
mt8183-kernel,platform/kernel/mediatek/mt8183/4.4/drivers/misc/mediatek/cameraisp/wpe/isp_50/camera_wpe.c,3881,usercopy,,yes,no,yes,SOURCE_ONLY,"err |= put_user(count, &data->m_ReqNum);"
mt8183-kernel,platform/kernel/mediatek/mt8183/4.4/drivers/misc/mediatek/cameraisp/wpe/isp_50/camera_wpe.c,3893,usercopy,,yes,no,yes,SOURCE_ONLY,"/* err = get_user(compat_ptr(uptr), &data->m_pDpeConfig); */"
mt8183-kernel,platform/kernel/mediatek/mt8183/4.4/drivers/misc/mediatek/cameraisp/wpe/isp_50/camera_wpe.c,3894,usercopy,,yes,no,yes,SOURCE_ONLY,"/* err |= put_user(uptr, &data32->m_pDpeConfig); */"
mt8183-kernel,platform/kernel/mediatek/mt8183/4.4/drivers/misc/mediatek/cameraisp/wpe/isp_50/camera_wpe.c,3895,usercopy,,yes,no,yes,SOURCE_ONLY,"err |= get_user(count, &data->m_ReqNum);"
mt8183-kernel,platform/kernel/mediatek/mt8183/4.4/drivers/misc/mediatek/cameraisp/wpe/isp_50/camera_wpe.c,3896,usercopy,,yes,no,yes,SOURCE_ONLY,"err |= put_user(count, &data32->m_ReqNum);"
mt8183-kernel,platform/kernel/mediatek/mt8183/4.4/drivers/misc/mediatek/cameraisp/wpe/isp_50/camera_wpe.c,4237,ioctl_entry;write_handler,,yes,no,yes,SOURCE_ONLY,".unlocked_ioctl = WPE_ioctl,"
mt8183-kernel,platform/kernel/mediatek/mt8183/4.4/drivers/misc/mediatek/cameraisp/wpe/isp_50/camera_wpe.c,4239,ioctl_entry;write_handler,,yes,no,yes,SOURCE_ONLY,".compat_ioctl = WPE_ioctl_compat,"
mt8183-kernel,platform/kernel/mediatek/mt8183/4.4/drivers/misc/mediatek/cameraisp/wpe/isp_50/camera_wpe.c,4428,device_create,,yes,no,yes,SOURCE_ONLY,"dev = device_create(pWPEClass, NULL, WPEDevNo, NULL, WPE_DEV_NAME);"
mt8183-kernel,platform/kernel/mediatek/mt8183/4.4/drivers/misc/mediatek/cameraisp/wpe/isp_50/camera_wpe.c,4786,usercopy,wpe_reg_read,yes,no,yes,SOURCE_ONLY,"if (copy_from_user(desc, buffer, len))"
mt8183-kernel,platform/kernel/mediatek/mt8183/4.4/drivers/misc/mediatek/cameraisp/wpe/isp_50/camera_wpe.c,4872,write_handler,proc_wpe_reg_open,yes,no,yes,SOURCE_ONLY,".write = wpe_reg_write,"
mt8183-kernel,platform/kernel/mediatek/mt8183/4.4/drivers/misc/mediatek/cameraisp/wpe/isp_50/camera_wpe.c,4957,procfs,,yes,no,yes,SOURCE_ONLY,"/* proc_entry = proc_create(""pll_test"", S_IRUGO | S_IWUSR, isp_wpe_dir, &pll_test_proc_fops); */"
mt8183-kernel,platform/kernel/mediatek/mt8183/4.4/drivers/misc/mediatek/cameraisp/wpe/isp_50/camera_wpe.c,4959,procfs,,yes,no,yes,SOURCE_ONLY,"proc_entry = proc_create(""wpe_dump"", S_IRUGO, isp_wpe_dir, &WPE_dump_proc_fops);"
mt8183-kernel,platform/kernel/mediatek/mt8183/4.4/drivers/misc/mediatek/cameraisp/wpe/isp_50/camera_wpe.c,4961,procfs,,yes,no,yes,SOURCE_ONLY,"proc_entry = proc_create(""wpe_reg"", S_IRUGO | S_IWUSR, isp_wpe_dir, &WPE_reg_proc_fops);"
mt8183-kernel,platform/kernel/mediatek/mt8183/4.4/drivers/misc/mediatek/ccu/src/2.0/ccu_drv.c,228,ioctl_entry;write_handler,,yes,no,yes,SOURCE_ONLY,".unlocked_ioctl = ccu_ioctl,"
mt8183-kernel,platform/kernel/mediatek/mt8183/4.4/drivers/misc/mediatek/ccu/src/2.0/ccu_drv.c,231,ioctl_entry;write_handler,,yes,no,yes,SOURCE_ONLY,.compat_ioctl = ccu_compat_ioctl
mt8183-kernel,platform/kernel/mediatek/mt8183/4.4/drivers/misc/mediatek/ccu/src/2.0/ccu_drv.c,502,usercopy,,yes,no,yes,SOURCE_ONLY,"err |= get_user(uint_Data32, &(ptr_power32->bON));"
mt8183-kernel,platform/kernel/mediatek/mt8183/4.4/drivers/misc/mediatek/ccu/src/2.0/ccu_drv.c,503,usercopy,,yes,no,yes,SOURCE_ONLY,"err |= put_user(uint_Data32, &(ptr_power64->bON));"
mt8183-kernel,platform/kernel/mediatek/mt8183/4.4/drivers/misc/mediatek/ccu/src/2.0/ccu_drv.c,506,usercopy,,yes,no,yes,SOURCE_ONLY,"err |= get_user(uptr_Addr32, (&ptr_power32->workBuf.va_log[i]));"
mt8183-kernel,platform/kernel/mediatek/mt8183/4.4/drivers/misc/mediatek/ccu/src/2.0/ccu_drv.c,508,usercopy,,yes,no,yes,SOURCE_ONLY,"put_user(compat_ptr(uptr_Addr32),"
mt8183-kernel,platform/kernel/mediatek/mt8183/4.4/drivers/misc/mediatek/ccu/src/2.0/ccu_drv.c,510,usercopy,,yes,no,yes,SOURCE_ONLY,"err |= get_user(uint_Data32, (&ptr_power32->workBuf.mva_log[i]));"
mt8183-kernel,platform/kernel/mediatek/mt8183/4.4/drivers/misc/mediatek/ccu/src/2.0/ccu_drv.c,513,usercopy,,yes,no,yes,SOURCE_ONLY,"copy_to_user(&(ptr_power64->workBuf.mva_log[i]), &uint_Data32,"
mt8183-kernel,platform/kernel/mediatek/mt8183/4.4/drivers/misc/mediatek/ccu/src/2.0/ccu_drv.c,636,usercopy,ccu_ioctl,yes,no,yes,SOURCE_ONLY,"ret = copy_from_user(&power, (void *)arg, sizeof(struct ccu_power_s));"
mt8183-kernel,platform/kernel/mediatek/mt8183/4.4/drivers/misc/mediatek/ccu/src/2.0/ccu_drv.c,653,usercopy,,yes,no,yes,SOURCE_ONLY,"ret = copy_from_user(cmd, (void *)arg, sizeof(struct ccu_cmd_s));"
mt8183-kernel,platform/kernel/mediatek/mt8183/4.4/drivers/misc/mediatek/ccu/src/2.0/ccu_drv.c,666,usercopy,,yes,no,yes,SOURCE_ONLY,"ret = copy_to_user((void *)arg, cmd, sizeof(struct ccu_cmd_s));"
mt8183-kernel,platform/kernel/mediatek/mt8183/4.4/drivers/misc/mediatek/ccu/src/2.0/ccu_drv.c,683,usercopy,,yes,no,yes,SOURCE_ONLY,"if (copy_from_user(&IrqInfo, (void *)arg, sizeof(struct CCU_WAIT_IRQ_STRUCT)) == 0) {"
mt8183-kernel,platform/kernel/mediatek/mt8183/4.4/drivers/misc/mediatek/ccu/src/2.0/ccu_drv.c,699,usercopy,,yes,no,yes,SOURCE_ONLY,"if (copy_to_user((void *)arg, &IrqInfo, sizeof(struct CCU_WAIT_IRQ_STRUCT))"
mt8183-kernel,platform/kernel/mediatek/mt8183/4.4/drivers/misc/mediatek/ccu/src/2.0/ccu_drv.c,713,usercopy,,yes,no,yes,SOURCE_ONLY,"if (copy_from_user(&IrqInfo, (void *)arg, sizeof(struct CCU_WAIT_IRQ_STRUCT)) == 0) {"
mt8183-kernel,platform/kernel/mediatek/mt8183/4.4/drivers/misc/mediatek/ccu/src/2.0/ccu_drv.c,736,usercopy,,yes,no,yes,SOURCE_ONLY,"if (copy_to_user((void *)arg, &IrqInfo, sizeof(struct CCU_WAIT_IRQ_STRUCT))"
mt8183-kernel,platform/kernel/mediatek/mt8183/4.4/drivers/misc/mediatek/ccu/src/2.0/ccu_drv.c,752,usercopy,,yes,no,yes,SOURCE_ONLY,"ret = copy_from_user(&cmd, (void *)arg, sizeof(struct ccu_cmd_s));"
mt8183-kernel,platform/kernel/mediatek/mt8183/4.4/drivers/misc/mediatek/ccu/src/2.0/ccu_drv.c,768,usercopy,,yes,no,yes,SOURCE_ONLY,"ret = copy_from_user(&ioarg, (void *)arg, sizeof(struct ccu_i2c_buf_mva_ioarg));"
mt8183-kernel,platform/kernel/mediatek/mt8183/4.4/drivers/misc/mediatek/ccu/src/2.0/ccu_drv.c,780,usercopy,,yes,no,yes,SOURCE_ONLY,"ret = copy_to_user((void *)arg, &ioarg, sizeof(struct ccu_i2c_buf_mva_ioarg));"
mt8183-kernel,platform/kernel/mediatek/mt8183/4.4/drivers/misc/mediatek/ccu/src/2.0/ccu_drv.c,801,usercopy,,yes,no,yes,SOURCE_ONLY,"ret = copy_to_user((void *)arg, &current_fps_list,"
mt8183-kernel,platform/kernel/mediatek/mt8183/4.4/drivers/misc/mediatek/ccu/src/2.0/ccu_drv.c,812,usercopy,,yes,no,yes,SOURCE_ONLY,"ret = copy_to_user((void *)arg, &sensorI2cSlaveAddr, sizeof(int32_t) * 3);"
mt8183-kernel,platform/kernel/mediatek/mt8183/4.4/drivers/misc/mediatek/ccu/src/2.0/ccu_drv.c,826,usercopy,,yes,no,yes,SOURCE_ONLY,"ret = copy_to_user((char *)arg, sensor_names[0], strlen(sensor_names[0])+1);"
mt8183-kernel,platform/kernel/mediatek/mt8183/4.4/drivers/misc/mediatek/ccu/src/2.0/ccu_drv.c,834,usercopy,,yes,no,yes,SOURCE_ONLY,"ret = copy_to_user(((char *)arg+SENSOR_NAME_MAX_LEN),"
mt8183-kernel,platform/kernel/mediatek/mt8183/4.4/drivers/misc/mediatek/ccu/src/2.0/ccu_drv.c,843,usercopy,,yes,no,yes,SOURCE_ONLY,"ret = copy_to_user(((char *)arg+SENSOR_NAME_MAX_LEN*2),"
mt8183-kernel,platform/kernel/mediatek/mt8183/4.4/drivers/misc/mediatek/ccu/src/2.0/ccu_drv.c,865,usercopy,,yes,no,yes,SOURCE_ONLY,"ret = copy_from_user(&import_mem, (void *)arg, sizeof(struct import_mem_s));"
mt8183-kernel,platform/kernel/mediatek/mt8183/4.4/drivers/misc/mediatek/ccu/src/2.0/ccu_drv.c,1207,device_create,,yes,no,yes,SOURCE_ONLY,"dev = device_create(ccu_class, NULL, ccu_devt, NULL, CCU_DEV_NAME);"
mt8183-kernel,platform/kernel/mediatek/mt8183/4.4/drivers/misc/mediatek/chip/mtk_chip_common.c,146,procfs,create_procfs,no,no,no,SOURCE_ONLY,"if (proc_create_data(ent->name, S_IRUGO, chip_proc, &chip_proc_fops, ent) == NULL) {"
mt8183-kernel,platform/kernel/mediatek/mt8183/4.4/drivers/misc/mediatek/cmdq/v3/cmdq_core.c,900,usercopy,cmdq_core_copy_v3_struct,yes,no,no,SOURCE_ONLY,"if (copy_from_user((void *)(unsigned long)p_instr_position,"
mt8183-kernel,platform/kernel/mediatek/mt8183/4.4/drivers/misc/mediatek/cmdq/v3/cmdq_core.c,1561,sysfs_or_store,cmdqCorePrintLogLevel,yes,no,no,SOURCE_ONLY,"if (kstrtoint(textBuf, 10, &value) < 0) {"
mt8183-kernel,platform/kernel/mediatek/mt8183/4.4/drivers/misc/mediatek/cmdq/v3/cmdq_core.c,1606,sysfs_or_store,cmdqCorePrintProfileEnable,yes,no,no,SOURCE_ONLY,"if (kstrtoint(textBuf, 10, &value) < 0) {"
mt8183-kernel,platform/kernel/mediatek/mt8183/4.4/drivers/misc/mediatek/cmdq/v3/cmdq_core.c,3125,usercopy,,yes,no,no,SOURCE_ONLY,"if (copy_from_user(dst, src, size)) {"
mt8183-kernel,platform/kernel/mediatek/mt8183/4.4/drivers/misc/mediatek/cmdq/v3/cmdq_core.c,5673,sysfs_or_store,,yes,no,no,SOURCE_ONLY,"if (kstrtoint(textBuf, 10, &value) < 0) {"
mt8183-kernel,platform/kernel/mediatek/mt8183/4.4/drivers/misc/mediatek/cmdq/v3/cmdq_driver.c,70,sysfs_or_store,cmdq_driver_dump_readback,yes,no,yes,SOURCE_ONLY,"static DEVICE_ATTR(error, S_IRUSR | S_IWUSR, cmdqCorePrintError, cmdq_driver_dummy_write);"
mt8183-kernel,platform/kernel/mediatek/mt8183/4.4/drivers/misc/mediatek/cmdq/v3/cmdq_driver.c,71,sysfs_or_store,cmdq_driver_dump_readback,yes,no,yes,SOURCE_ONLY,"static DEVICE_ATTR(log_level, S_IRUSR | S_IWUSR, cmdqCorePrintLogLevel, cmdqCoreWriteLogLevel);"
mt8183-kernel,platform/kernel/mediatek/mt8183/4.4/drivers/misc/mediatek/cmdq/v3/cmdq_driver.c,72,sysfs_or_store,cmdq_driver_dump_readback,yes,no,yes,SOURCE_ONLY,"static DEVICE_ATTR(profile_enable, S_IRUSR | S_IWUSR, cmdqCorePrintProfileEnable,"
mt8183-kernel,platform/kernel/mediatek/mt8183/4.4/drivers/misc/mediatek/cmdq/v3/cmdq_driver.c,103,sysfs_or_store,cmdq_proc_record_open,yes,no,yes,SOURCE_ONLY,"static DEVICE_ATTR(instruction_count_level, S_IRUSR | S_IWUSR, cmdqCorePrintInstructionCountLevel,"
mt8183-kernel,platform/kernel/mediatek/mt8183/4.4/drivers/misc/mediatek/cmdq/v3/cmdq_driver.c,350,usercopy,cmdq_driver_destroy_secure_medadata,yes,no,yes,SOURCE_ONLY,"if (copy_from_user(meta_buf, src, copy_size)) {"
mt8183-kernel,platform/kernel/mediatek/mt8183/4.4/drivers/misc/mediatek/cmdq/v3/cmdq_driver.c,575,usercopy,cmdq_driver_support_wait_and_receive_event_in_same_tick,yes,no,yes,SOURCE_ONLY,"if (copy_from_user(task_prop, from, size)) {"
mt8183-kernel,platform/kernel/mediatek/mt8183/4.4/drivers/misc/mediatek/cmdq/v3/cmdq_driver.c,610,usercopy,cmdq_release_task_property,yes,no,yes,SOURCE_ONLY,"if (copy_to_user((void *)param, count,"
mt8183-kernel,platform/kernel/mediatek/mt8183/4.4/drivers/misc/mediatek/cmdq/v3/cmdq_driver.c,627,usercopy,cmdq_release_task_property,yes,no,yes,SOURCE_ONLY,"if (copy_to_user((void *)param, &capBits, sizeof(int))) {"
mt8183-kernel,platform/kernel/mediatek/mt8183/4.4/drivers/misc/mediatek/cmdq/v3/cmdq_driver.c,640,usercopy,,yes,no,yes,SOURCE_ONLY,"if (copy_to_user((void *)param, pDtsData,"
mt8183-kernel,platform/kernel/mediatek/mt8183/4.4/drivers/misc/mediatek/cmdq/v3/cmdq_driver.c,652,usercopy,,yes,no,yes,SOURCE_ONLY,"if (copy_from_user(&engineFlag, (void *)param, sizeof(uint64_t))) {"
mt8183-kernel,platform/kernel/mediatek/mt8183/4.4/drivers/misc/mediatek/cmdq/v3/cmdq_driver.c,739,ioctl_entry;write_handler,cmdq_ioctl_compat,yes,no,yes,SOURCE_ONLY,".unlocked_ioctl = cmdq_ioctl,"
mt8183-kernel,platform/kernel/mediatek/mt8183/4.4/drivers/misc/mediatek/cmdq/v3/cmdq_driver.c,741,ioctl_entry;write_handler,cmdq_ioctl_compat,yes,no,yes,SOURCE_ONLY,".compat_ioctl = cmdq_ioctl_compat,"
mt8183-kernel,platform/kernel/mediatek/mt8183/4.4/drivers/misc/mediatek/cmdq/v3/cmdq_driver.c,820,procfs,cmdq_create_debug_entries,yes,no,yes,SOURCE_ONLY,"entry = proc_create(""status"", 0440, debugDirEntry, &cmdqDebugStatusOp);"
mt8183-kernel,platform/kernel/mediatek/mt8183/4.4/drivers/misc/mediatek/cmdq/v3/cmdq_driver.c,821,procfs,cmdq_create_debug_entries,yes,no,yes,SOURCE_ONLY,"entry = proc_create(""record"", 0440, debugDirEntry, &cmdqDebugRecordOp);"
mt8183-kernel,platform/kernel/mediatek/mt8183/4.4/drivers/misc/mediatek/cmdq/v3/cmdq_driver.c,824,procfs,cmdq_create_debug_entries,yes,no,yes,SOURCE_ONLY,"proc_create(""instructionCount"", 0440, debugDirEntry,"
mt8183-kernel,platform/kernel/mediatek/mt8183/4.4/drivers/misc/mediatek/cmdq/v3/cmdq_driver.c,865,device_create,cmdq_probe,yes,no,yes,SOURCE_ONLY,"cmdq_dev = device_create(gCMDQClass, NULL, gCmdqDevNo, NULL, CMDQ_DRIVER_DEVICE_NAME);"
mt8183-kernel,platform/kernel/mediatek/mt8183/4.4/drivers/misc/mediatek/cmdq/v3/cmdq_mdp_common.c,1609,sysfs_or_store,cmdq_mdp_check_TF_address,yes,no,no,SOURCE_ONLY,"if (kstrtoint(str2int, 16, &bufInfo[bufInfoIndex]) != 0) {"
mt8183-kernel,platform/kernel/mediatek/mt8183/4.4/drivers/misc/mediatek/cmdq/v3/cmdq_record.c,3581,usercopy,,yes,no,no,SOURCE_ONLY,"if (copy_from_user(addr_meta, user_addr_meta, addr_meta_size)) {"
mt8183-kernel,platform/kernel/mediatek/mt8183/4.4/drivers/misc/mediatek/cmdq/v3/cmdq_test.c,2166,write_handler,testcase_estimate_command_exec_time,yes,no,yes,SOURCE_ONLY,"CMDQ_LOG(""=====write(1), write_w_mask(2), poll(2), wait(2), sync(1), eof(1), jump(1)\n"");"
mt8183-kernel,platform/kernel/mediatek/mt8183/4.4/drivers/misc/mediatek/cmdq/v3/cmdq_test.c,7135,usercopy,,yes,no,yes,SOURCE_ONLY,"if (copy_from_user(desc, userBuf, len)) {"
mt8183-kernel,platform/kernel/mediatek/mt8183/4.4/drivers/misc/mediatek/cmdq/v3/cmdq_test.c,7190,write_handler,cmdq_test_open,yes,no,yes,SOURCE_ONLY,".write = cmdq_write_test_proc_config,"
mt8183-kernel,platform/kernel/mediatek/mt8183/4.4/drivers/misc/mediatek/cmdq/v3/cmdq_test.c,7204,procfs,cmdq_test_init,yes,no,yes,SOURCE_ONLY,"if (proc_create(""test"", 0660, gCmdqTestProcEntry, &cmdq_fops) == NULL) {"
mt8183-kernel,platform/kernel/mediatek/mt8183/4.4/drivers/misc/mediatek/devapc/mt8183/devapc.c,1016,usercopy,devapc_dbg_write,yes,no,yes,SOURCE_ONLY,"if (copy_from_user(desc, buffer, len))"
mt8183-kernel,platform/kernel/mediatek/mt8183/4.4/drivers/misc/mediatek/devapc/mt8183/devapc.c,1044,write_handler,devapc_dbg_open,yes,no,yes,SOURCE_ONLY,".write = devapc_dbg_write,"
mt8183-kernel,platform/kernel/mediatek/mt8183/4.4/drivers/misc/mediatek/devapc/mt8183/devapc.c,1092,procfs,devapc_init,yes,no,yes,SOURCE_ONLY,"proc_create(""devapc_dbg"", (S_IRUSR | S_IWUSR | S_IRGRP | S_IWGRP | S_IROTH), NULL,"
mt8183-kernel,platform/kernel/mediatek/mt8183/4.4/drivers/misc/mediatek/devinfo/devinfo.c,157,ioctl_entry;write_handler,,yes,no,yes,SOURCE_ONLY,".unlocked_ioctl = devinfo_ioctl,"
mt8183-kernel,platform/kernel/mediatek/mt8183/4.4/drivers/misc/mediatek/devinfo/devinfo.c,159,ioctl_entry;write_handler,,yes,no,yes,SOURCE_ONLY,".compat_ioctl = devinfo_ioctl,"
mt8183-kernel,platform/kernel/mediatek/mt8183/4.4/drivers/misc/mediatek/devinfo/devinfo.c,214,usercopy,devinfo_ioctl,yes,no,yes,SOURCE_ONLY,"if (copy_from_user((void *)&index, (void __user *)arg, sizeof(u32)))"
mt8183-kernel,platform/kernel/mediatek/mt8183/4.4/drivers/misc/mediatek/devinfo/devinfo.c,218,usercopy,devinfo_ioctl,yes,no,yes,SOURCE_ONLY,"ret = copy_to_user((void __user *)arg, (void *)&(data_read), sizeof(u32));"
mt8183-kernel,platform/kernel/mediatek/mt8183/4.4/drivers/misc/mediatek/devinfo/devinfo.c,278,device_create,devinfo_init,yes,no,yes,SOURCE_ONLY,"device = device_create(devinfo_class, NULL, devinfo_dev, NULL, ""devmap"");"
mt8183-kernel,platform/kernel/mediatek/mt8183/4.4/drivers/misc/mediatek/devinfo/devinfo.c,288,debugfs,devinfo_init,yes,no,yes,SOURCE_ONLY,"devinfo_segment_root = debugfs_create_dir(""devinfo"", NULL);"
mt8183-kernel,platform/kernel/mediatek/mt8183/4.4/drivers/misc/mediatek/devinfo/devinfo.c,292,debugfs,,yes,no,yes,SOURCE_ONLY,"if (!debugfs_create_file(""segcode"", 0444, devinfo_segment_root, NULL, &devinfo_segment_fops))"
mt8183-kernel,platform/kernel/mediatek/mt8183/4.4/drivers/misc/mediatek/dfrc/dfrc.c,542,usercopy,dfrc_get_request_set,yes,no,yes,SOURCE_ONLY,"if (copy_to_user((void *)request_set->policy, g_request_policy, size)) {"
mt8183-kernel,platform/kernel/mediatek/mt8183/4.4/drivers/misc/mediatek/dfrc/dfrc.c,889,usercopy,dfrc_ioctl,yes,no,yes,SOURCE_ONLY,"if (copy_from_user(&policy, (void *)arg, sizeof(policy))) {"
mt8183-kernel,platform/kernel/mediatek/mt8183/4.4/drivers/misc/mediatek/dfrc/dfrc.c,899,usercopy,dfrc_ioctl,yes,no,yes,SOURCE_ONLY,"if (copy_from_user(&policy, (void *)arg, sizeof(policy))) {"
mt8183-kernel,platform/kernel/mediatek/mt8183/4.4/drivers/misc/mediatek/dfrc/dfrc.c,910,usercopy,dfrc_ioctl,yes,no,yes,SOURCE_ONLY,"if (copy_from_user(&sequence, (void *)arg, sizeof(sequence))) {"
mt8183-kernel,platform/kernel/mediatek/mt8183/4.4/drivers/misc/mediatek/dfrc/dfrc.c,920,usercopy,,yes,no,yes,SOURCE_ONLY,"if (copy_from_user(&hwc_info, (void *)arg, sizeof(hwc_info))) {"
mt8183-kernel,platform/kernel/mediatek/mt8183/4.4/drivers/misc/mediatek/dfrc/dfrc.c,928,usercopy,,yes,no,yes,SOURCE_ONLY,"if (copy_from_user(&input_window_info, (void *)arg, sizeof(input_window_info))) {"
mt8183-kernel,platform/kernel/mediatek/mt8183/4.4/drivers/misc/mediatek/dfrc/dfrc.c,940,usercopy,,yes,no,yes,SOURCE_ONLY,"if (copy_from_user(&request_set, (void *)arg, sizeof(request_set))) {"
mt8183-kernel,platform/kernel/mediatek/mt8183/4.4/drivers/misc/mediatek/dfrc/dfrc.c,945,usercopy,,yes,no,yes,SOURCE_ONLY,"if (copy_to_user((void *)arg, &request_set, sizeof(request_set))) {"
mt8183-kernel,platform/kernel/mediatek/mt8183/4.4/drivers/misc/mediatek/dfrc/dfrc.c,952,usercopy,,yes,no,yes,SOURCE_ONLY,"if (copy_from_user(&request, (void *)arg, sizeof(request))) {"
mt8183-kernel,platform/kernel/mediatek/mt8183/4.4/drivers/misc/mediatek/dfrc/dfrc.c,957,usercopy,,yes,no,yes,SOURCE_ONLY,"if (copy_to_user((void *)arg, &request, sizeof(request))) {"
mt8183-kernel,platform/kernel/mediatek/mt8183/4.4/drivers/misc/mediatek/dfrc/dfrc.c,965,usercopy,,yes,no,yes,SOURCE_ONLY,"if (copy_to_user((void *)arg, &panel_info, sizeof(panel_info))) {"
mt8183-kernel,platform/kernel/mediatek/mt8183/4.4/drivers/misc/mediatek/dfrc/dfrc.c,972,usercopy,,yes,no,yes,SOURCE_ONLY,"if (copy_from_user(&range, (void *)arg, sizeof(range))) {"
mt8183-kernel,platform/kernel/mediatek/mt8183/4.4/drivers/misc/mediatek/dfrc/dfrc.c,977,usercopy,,yes,no,yes,SOURCE_ONLY,"if (copy_to_user((void *)arg, &range, sizeof(range))) {"
mt8183-kernel,platform/kernel/mediatek/mt8183/4.4/drivers/misc/mediatek/dfrc/dfrc.c,984,usercopy,,yes,no,yes,SOURCE_ONLY,"if (copy_from_user(&window_state, (void *)arg, sizeof(window_state))) {"
mt8183-kernel,platform/kernel/mediatek/mt8183/4.4/drivers/misc/mediatek/dfrc/dfrc.c,992,usercopy,,yes,no,yes,SOURCE_ONLY,"if (copy_from_user(&fg_window_info, (void *)arg, sizeof(fg_window_info))) {"
mt8183-kernel,platform/kernel/mediatek/mt8183/4.4/drivers/misc/mediatek/dfrc/dfrc.c,1000,usercopy,,yes,no,yes,SOURCE_ONLY,"if (copy_from_user(&forbid_vsync, (void *)arg, sizeof(forbid_vsync))) {"
mt8183-kernel,platform/kernel/mediatek/mt8183/4.4/drivers/misc/mediatek/dfrc/dfrc.c,1626,ioctl_entry;write_handler,dfrc_release,yes,no,yes,SOURCE_ONLY,".unlocked_ioctl = dfrc_ioctl,"
mt8183-kernel,platform/kernel/mediatek/mt8183/4.4/drivers/misc/mediatek/dfrc/dfrc.c,1628,ioctl_entry;write_handler,dfrc_release,yes,no,yes,SOURCE_ONLY,".compat_ioctl = compat_dfrc_ioctl,"
mt8183-kernel,platform/kernel/mediatek/mt8183/4.4/drivers/misc/mediatek/dfrc/dfrc.c,1649,debugfs,dfrc_debug_init,yes,no,yes,SOURCE_ONLY,"debug_dir = debugfs_create_dir(""dfrc"", NULL);"
mt8183-kernel,platform/kernel/mediatek/mt8183/4.4/drivers/misc/mediatek/dfrc/dfrc.c,1651,debugfs,dfrc_debug_init,yes,no,yes,SOURCE_ONLY,"debugfs_dump_info = debugfs_create_file(""info"","
mt8183-kernel,platform/kernel/mediatek/mt8183/4.4/drivers/misc/mediatek/dfrc/dfrc.c,1655,debugfs,dfrc_debug_init,yes,no,yes,SOURCE_ONLY,"debugfs_dump_reason = debugfs_create_file(""reason"","
mt8183-kernel,platform/kernel/mediatek/mt8183/4.4/drivers/misc/mediatek/dfrc/dfrc.c,1695,device_create,dfrc_probe,yes,no,yes,SOURCE_ONLY,"class_dev = (struct class_device *)device_create(dfrc_class, NULL,"
mt8183-kernel,platform/kernel/mediatek/mt8183/4.4/drivers/misc/mediatek/dramc/mtk_memtest.c,362,usercopy,read_dram_addr_ioctl,yes,no,yes,SOURCE_ONLY,"if (copy_from_user(&info, (unsigned long *)arg, sizeof(info)))"
mt8183-kernel,platform/kernel/mediatek/mt8183/4.4/drivers/misc/mediatek/dramc/mtk_memtest.c,371,usercopy,read_dram_addr_ioctl,yes,no,yes,SOURCE_ONLY,"if (copy_to_user(info.buf, &buf, sz))"
mt8183-kernel,platform/kernel/mediatek/mt8183/4.4/drivers/misc/mediatek/dramc/mtk_memtest.c,381,write_handler,read_dram_addr_ioctl,yes,no,yes,SOURCE_ONLY,".write = read_dram_addr_write,"
mt8183-kernel,platform/kernel/mediatek/mt8183/4.4/drivers/misc/mediatek/dramc/mtk_memtest.c,382,ioctl_entry;write_handler,read_dram_addr_ioctl,yes,no,yes,SOURCE_ONLY,".unlocked_ioctl = read_dram_addr_ioctl,"
mt8183-kernel,platform/kernel/mediatek/mt8183/4.4/drivers/misc/mediatek/dramc/mtk_memtest.c,463,write_handler,,yes,no,yes,SOURCE_ONLY,".write = test_result_write,"
mt8183-kernel,platform/kernel/mediatek/mt8183/4.4/drivers/misc/mediatek/dramc/mtk_memtest.c,522,usercopy,test_v2p_ioctl,yes,no,yes,SOURCE_ONLY,"if (copy_from_user(&va, (unsigned long *)arg, sizeof(va)))"
mt8183-kernel,platform/kernel/mediatek/mt8183/4.4/drivers/misc/mediatek/dramc/mtk_memtest.c,527,usercopy,test_v2p_ioctl,yes,no,yes,SOURCE_ONLY,"if (copy_to_user((unsigned long *)arg, &pa, sizeof(pa)))"
mt8183-kernel,platform/kernel/mediatek/mt8183/4.4/drivers/misc/mediatek/dramc/mtk_memtest.c,535,ioctl_entry;write_handler,test_v2p_ioctl,yes,no,yes,SOURCE_ONLY,".unlocked_ioctl = test_v2p_ioctl,"
mt8183-kernel,platform/kernel/mediatek/mt8183/4.4/drivers/misc/mediatek/dramc/mtk_memtest.c,724,debugfs,dram_memtest_interface_init,yes,no,yes,SOURCE_ONLY,"memtest_dir = debugfs_create_dir(""memtest"", NULL);"
mt8183-kernel,platform/kernel/mediatek/mt8183/4.4/drivers/misc/mediatek/dramc/mtk_memtest.c,730,debugfs,dram_memtest_interface_init,yes,no,yes,SOURCE_ONLY,"read_mr4 = debugfs_create_file(""read_mr4"", S_IFREG | S_IRUGO,"
mt8183-kernel,platform/kernel/mediatek/mt8183/4.4/drivers/misc/mediatek/dramc/mtk_memtest.c,737,debugfs,dram_memtest_interface_init,yes,no,yes,SOURCE_ONLY,"read_dram_addr = debugfs_create_file(""read_dram_addr"", S_IFREG | S_IRUGO | S_IWUSR | S_IWGRP | S_IWOTH,"
mt8183-kernel,platform/kernel/mediatek/mt8183/4.4/drivers/misc/mediatek/dramc/mtk_memtest.c,744,debugfs,dram_memtest_interface_init,yes,no,yes,SOURCE_ONLY,"memtest_result = debugfs_create_file(""result"", S_IFREG | S_IRUGO | S_IWUSR | S_IWGRP | S_IWOTH,"
mt8183-kernel,platform/kernel/mediatek/mt8183/4.4/drivers/misc/mediatek/dramc/mtk_memtest.c,751,debugfs,,yes,no,yes,SOURCE_ONLY,"memtest_v2p = debugfs_create_file(""v2p"", S_IFREG | S_IRUGO,"
mt8183-kernel,platform/kernel/mediatek/mt8183/4.4/drivers/misc/mediatek/dramc/mtk_memtest.c,759,debugfs,,yes,no,yes,SOURCE_ONLY,"memtest_mem0 = debugfs_create_file(""mem0"", S_IFREG | S_IRUGO | S_IWUSR | S_IWGRP | S_IWOTH,"
mt8183-kernel,platform/kernel/mediatek/mt8183/4.4/drivers/misc/mediatek/dramc/mtk_memtest.c,768,debugfs,,yes,no,yes,SOURCE_ONLY,"memtest_mem1 = debugfs_create_file(""mem1"", S_IFREG | S_IRUGO | S_IWUSR | S_IWGRP | S_IWOTH,"
mt8183-kernel,platform/kernel/mediatek/mt8183/4.4/drivers/misc/mediatek/emi/submodule/elm_v2.c,45,usercopy,dump_buf_read,yes,no,no,SOURCE_ONLY,"if (copy_to_user(data, (char *)mbw_dram_buf + *ppos, bytes))"
mt8183-kernel,platform/kernel/mediatek/mt8183/4.4/drivers/misc/mediatek/emi/submodule/elm_v2.c,89,debugfs,elm_init,yes,no,no,SOURCE_ONLY,"emi_mbw_dir = debugfs_create_dir(""emi_mbw"", NULL);"
mt8183-kernel,platform/kernel/mediatek/mt8183/4.4/drivers/misc/mediatek/emi/submodule/elm_v2.c,95,debugfs,elm_init,yes,no,no,SOURCE_ONLY,"dump_buf = debugfs_create_file(""dump_buf"", S_IFREG | S_IRUGO,"
mt8183-kernel,platform/kernel/mediatek/mt8183/4.4/drivers/misc/mediatek/es_reg/mtk_es_reg.c,54,procfs,es_reg_dump_init,no,no,no,SOURCE_ONLY,"es_reg_dump_file = proc_create(""mtk_es_reg_dump"", 0, NULL, &es_reg_dump_fops);"
mt8183-kernel,platform/kernel/mediatek/mt8183/4.4/drivers/misc/mediatek/ext_disp/mt8183/extd_debug.c,208,sysfs_or_store,process_dbg_opt,yes,no,yes,SOURCE_ONLY,"ret = kstrtouint(p, 0, &res);"
mt8183-kernel,platform/kernel/mediatek/mt8183/4.4/drivers/misc/mediatek/ext_disp/mt8183/extd_debug.c,435,usercopy,debug_write,yes,no,yes,SOURCE_ONLY,"if (copy_from_user(&debug_buffer, ubuf, count))"
mt8183-kernel,platform/kernel/mediatek/mt8183/4.4/drivers/misc/mediatek/ext_disp/mt8183/extd_debug.c,448,write_handler,debug_write,yes,no,yes,SOURCE_ONLY,".write = debug_write,"
mt8183-kernel,platform/kernel/mediatek/mt8183/4.4/drivers/misc/mediatek/ext_disp/mt8183/extd_debug.c,455,debugfs,Extd_DBG_Init,yes,no,yes,SOURCE_ONLY,"extd_dbgfs = debugfs_create_file(""extd"", S_IFREG | S_IRUGO, NULL, (void *)0, &debug_fops);"
mt8183-kernel,platform/kernel/mediatek/mt8183/4.4/drivers/misc/mediatek/ext_disp/mt8183/extd_epd.c,216,usercopy,epd_get_dev_info,yes,no,no,SOURCE_ONLY,"if (copy_from_user(&displayid, info, sizeof(displayid))) {"
mt8183-kernel,platform/kernel/mediatek/mt8183/4.4/drivers/misc/mediatek/ext_disp/mt8183/extd_epd.c,232,usercopy,epd_get_dev_info,yes,no,no,SOURCE_ONLY,"if (copy_to_user(info, &epd_info, sizeof(mtk_dispif_info_t))) {"
mt8183-kernel,platform/kernel/mediatek/mt8183/4.4/drivers/misc/mediatek/ext_disp/mt8183/extd_factory.c,242,usercopy,hdmi_factory_mode_test,yes,no,no,SOURCE_ONLY,"if (copy_to_user(info, &hdmi_status, sizeof(hdmi_status))) {"
mt8183-kernel,platform/kernel/mediatek/mt8183/4.4/drivers/misc/mediatek/ext_disp/mt8183/extd_hdmi.c,1028,usercopy,hdmi_get_dev_info,yes,no,yes,SOURCE_ONLY,"if (copy_from_user(&displayid, info, sizeof(displayid))) {"
mt8183-kernel,platform/kernel/mediatek/mt8183/4.4/drivers/misc/mediatek/ext_disp/mt8183/extd_hdmi.c,1060,usercopy,,yes,no,yes,SOURCE_ONLY,"if (copy_to_user(info, &hdmi_info, sizeof(hdmi_info))) {"
mt8183-kernel,platform/kernel/mediatek/mt8183/4.4/drivers/misc/mediatek/ext_disp/mt8183/extd_hdmi.c,1131,usercopy,hdmi_get_capability,yes,no,yes,SOURCE_ONLY,"if (copy_to_user(info, &query_type, sizeof(query_type))) {"
mt8183-kernel,platform/kernel/mediatek/mt8183/4.4/drivers/misc/mediatek/ext_disp/mt8183/extd_hdmi.c,1175,usercopy,hdmi_get_edid,yes,no,yes,SOURCE_ONLY,"if (copy_to_user(edid_info, &pv_get_info, sizeof(pv_get_info))) {"
mt8183-kernel,platform/kernel/mediatek/mt8183/4.4/drivers/misc/mediatek/ext_disp/mt8183/mtk_extd_mgr.c,209,usercopy,,yes,no,yes,SOURCE_ONLY,"if (copy_from_user(&displayid, argp, sizeof(displayid))) {"
mt8183-kernel,platform/kernel/mediatek/mt8183/4.4/drivers/misc/mediatek/ext_disp/mt8183/mtk_extd_mgr.c,363,ioctl_entry;write_handler,mtk_extd_mgr_compat_ioctl,yes,no,yes,SOURCE_ONLY,".unlocked_ioctl = mtk_extd_mgr_ioctl,"
mt8183-kernel,platform/kernel/mediatek/mt8183/4.4/drivers/misc/mediatek/ext_disp/mt8183/mtk_extd_mgr.c,365,ioctl_entry;write_handler,mtk_extd_mgr_compat_ioctl,yes,no,yes,SOURCE_ONLY,".compat_ioctl = mtk_extd_mgr_compat_ioctl,"
mt8183-kernel,platform/kernel/mediatek/mt8183/4.4/drivers/misc/mediatek/ext_disp/mt8183/mtk_extd_mgr.c,402,device_create,mtk_extd_mgr_probe,yes,no,yes,SOURCE_ONLY,"class_dev = (struct class_device *)device_create(extd_class, NULL, extd_devno, NULL, EXTD_DEVNAME);"
mt8183-kernel,platform/kernel/mediatek/mt8183/4.4/drivers/misc/mediatek/freqhopping/mtk_freqhopping_drv.c,59,misc_register,mt_fh_drv_probe,yes,no,yes,SOURCE_ONLY,err = misc_register(&mt_fh_device);
mt8183-kernel,platform/kernel/mediatek/mt8183/4.4/drivers/misc/mediatek/freqhopping/mtk_freqhopping_drv.c,263,usercopy,freqhopping_userdefine_proc_read,yes,no,yes,SOURCE_ONLY,"ret = copy_from_user(kbuf, buffer, count);"
mt8183-kernel,platform/kernel/mediatek/mt8183/4.4/drivers/misc/mediatek/freqhopping/mtk_freqhopping_drv.c,361,usercopy,,yes,no,yes,SOURCE_ONLY,"ret = copy_from_user(kbuf, buffer, count);"
mt8183-kernel,platform/kernel/mediatek/mt8183/4.4/drivers/misc/mediatek/freqhopping/mtk_freqhopping_drv.c,421,usercopy,freqhopping_debug_proc_read,yes,no,yes,SOURCE_ONLY,"ret = copy_from_user(kbuf, buffer, count);"
mt8183-kernel,platform/kernel/mediatek/mt8183/4.4/drivers/misc/mediatek/freqhopping/mtk_freqhopping_drv.c,499,write_handler,freqhopping_userdefine_proc_open,yes,no,yes,SOURCE_ONLY,".write = freqhopping_debug_proc_write,"
mt8183-kernel,platform/kernel/mediatek/mt8183/4.4/drivers/misc/mediatek/freqhopping/mtk_freqhopping_drv.c,507,write_handler,freqhopping_userdefine_proc_open,yes,no,yes,SOURCE_ONLY,".write = freqhopping_dramc_proc_write,"
mt8183-kernel,platform/kernel/mediatek/mt8183/4.4/drivers/misc/mediatek/freqhopping/mtk_freqhopping_drv.c,515,write_handler,freqhopping_userdefine_proc_open,yes,no,yes,SOURCE_ONLY,".write = freqhopping_dvfs_proc_write,"
mt8183-kernel,platform/kernel/mediatek/mt8183/4.4/drivers/misc/mediatek/freqhopping/mtk_freqhopping_drv.c,530,write_handler,freqhopping_userdefine_proc_open,yes,no,yes,SOURCE_ONLY,".write = freqhopping_status_proc_write,"
mt8183-kernel,platform/kernel/mediatek/mt8183/4.4/drivers/misc/mediatek/freqhopping/mtk_freqhopping_drv.c,538,write_handler,,yes,no,yes,SOURCE_ONLY,".write = freqhopping_userdefine_proc_write,"
mt8183-kernel,platform/kernel/mediatek/mt8183/4.4/drivers/misc/mediatek/freqhopping/mtk_freqhopping_drv.c,566,procfs,freqhopping_debug_proc_init,yes,no,yes,SOURCE_ONLY,"proc_create(""freqhopping_debug"", S_IRUGO | S_IWUSR | S_IWGRP, fh_proc_dir,"
mt8183-kernel,platform/kernel/mediatek/mt8183/4.4/drivers/misc/mediatek/freqhopping/mtk_freqhopping_drv.c,580,procfs,freqhopping_debug_proc_init,yes,no,yes,SOURCE_ONLY,"/* prDramcEntry = proc_create(""dramc"", S_IRUGO | S_IWUSR | S_IWGRP, fh_proc_dir, &dramc_fops); */"
mt8183-kernel,platform/kernel/mediatek/mt8183/4.4/drivers/misc/mediatek/freqhopping/mtk_freqhopping_drv.c,592,procfs,,yes,no,yes,SOURCE_ONLY,"prDramcEntry = proc_create(""dvfs"", S_IRUGO | S_IWUSR | S_IWGRP, fh_proc_dir, &dvfs_fops);"
mt8183-kernel,platform/kernel/mediatek/mt8183/4.4/drivers/misc/mediatek/freqhopping/mtk_freqhopping_drv.c,606,procfs,,yes,no,yes,SOURCE_ONLY,"proc_create(""dumpregs"", S_IRUGO | S_IWUSR | S_IWGRP, fh_proc_dir, &dumpregs_fops);"
mt8183-kernel,platform/kernel/mediatek/mt8183/4.4/drivers/misc/mediatek/freqhopping/mtk_freqhopping_drv.c,620,procfs,,yes,no,yes,SOURCE_ONLY,"proc_create(""status"", S_IRUGO | S_IWUSR | S_IWGRP, fh_proc_dir, &status_fops);"
mt8183-kernel,platform/kernel/mediatek/mt8183/4.4/drivers/misc/mediatek/freqhopping/mtk_freqhopping_drv.c,634,procfs,,yes,no,yes,SOURCE_ONLY,"proc_create(""userdef"", S_IRUGO | S_IWUSR | S_IWGRP, fh_proc_dir, &userdef_fops);"
mt8183-kernel,platform/kernel/mediatek/mt8183/4.4/drivers/misc/mediatek/geniezone/gz_main.c,116,ioctl_entry;write_handler,,yes,no,yes,SOURCE_ONLY,".unlocked_ioctl = gz_ioctl,"
mt8183-kernel,platform/kernel/mediatek/mt8183/4.4/drivers/misc/mediatek/geniezone/gz_main.c,118,ioctl_entry;write_handler,,yes,no,yes,SOURCE_ONLY,".compat_ioctl = gz_compat_ioctl,"
mt8183-kernel,platform/kernel/mediatek/mt8183/4.4/drivers/misc/mediatek/geniezone/gz_main.c,120,write_handler,,yes,no,yes,SOURCE_ONLY,".write = gz_dev_write,"
mt8183-kernel,platform/kernel/mediatek/mt8183/4.4/drivers/misc/mediatek/geniezone/gz_main.c,230,sysfs_or_store,,yes,no,yes,SOURCE_ONLY,"DEVICE_ATTR(gz_test, S_IRUGO | S_IWUSR, show_testcases, run_gz_case);"
mt8183-kernel,platform/kernel/mediatek/mt8183/4.4/drivers/misc/mediatek/geniezone/gz_main.c,236,misc_register,create_files,yes,no,yes,SOURCE_ONLY,res = misc_register(&gz_device);
mt8183-kernel,platform/kernel/mediatek/mt8183/4.4/drivers/misc/mediatek/geniezone/gz_main.c,3635,usercopy,tz_client_open_session,yes,no,yes,SOURCE_ONLY,"cret = copy_from_user(&param, (void *)arg, sizeof(param));"
mt8183-kernel,platform/kernel/mediatek/mt8183/4.4/drivers/misc/mediatek/geniezone/gz_main.c,3659,usercopy,tz_client_open_session,yes,no,yes,SOURCE_ONLY,"cret = copy_to_user((void *)arg, &param, sizeof(param));"
mt8183-kernel,platform/kernel/mediatek/mt8183/4.4/drivers/misc/mediatek/geniezone/gz_main.c,3673,usercopy,tz_client_close_session,yes,no,yes,SOURCE_ONLY,"cret = copy_from_user(&param, (void *)arg, sizeof(param));"
mt8183-kernel,platform/kernel/mediatek/mt8183/4.4/drivers/misc/mediatek/geniezone/gz_main.c,3681,usercopy,tz_client_close_session,yes,no,yes,SOURCE_ONLY,"cret = copy_to_user((void *)arg, &param, sizeof(param));"
mt8183-kernel,platform/kernel/mediatek/mt8183/4.4/drivers/misc/mediatek/geniezone/gz_main.c,3701,usercopy,tz_client_close_session,yes,no,yes,SOURCE_ONLY,"cret = copy_from_user(&cparam, (void *)arg, sizeof(cparam));"
mt8183-kernel,platform/kernel/mediatek/mt8183/4.4/drivers/misc/mediatek/geniezone/gz_main.c,3703,usercopy,tz_client_close_session,yes,no,yes,SOURCE_ONLY,"KREE_ERR(""%s: copy_from_user(msg) failed\n"", __func__);"
mt8183-kernel,platform/kernel/mediatek/mt8183/4.4/drivers/misc/mediatek/geniezone/gz_main.c,3711,usercopy,tz_client_close_session,yes,no,yes,SOURCE_ONLY,"cret = copy_from_user(oparam,"
mt8183-kernel,platform/kernel/mediatek/mt8183/4.4/drivers/misc/mediatek/geniezone/gz_main.c,3715,usercopy,,yes,no,yes,SOURCE_ONLY,"KREE_ERR(""%s: copy_from_user(param) failed\n"", __func__);"
mt8183-kernel,platform/kernel/mediatek/mt8183/4.4/drivers/misc/mediatek/geniezone/gz_main.c,3789,usercopy,,yes,no,yes,SOURCE_ONLY,"cret = copy_from_user(param[i].mem.buffer,"
mt8183-kernel,platform/kernel/mediatek/mt8183/4.4/drivers/misc/mediatek/geniezone/gz_main.c,3848,usercopy,,yes,no,yes,SOURCE_ONLY,"cret = copy_to_user(ubuf,"
mt8183-kernel,platform/kernel/mediatek/mt8183/4.4/drivers/misc/mediatek/geniezone/gz_main.c,3864,usercopy,,yes,no,yes,SOURCE_ONLY,"cret = copy_to_user((void *)(unsigned long)cparam.param,"
mt8183-kernel,platform/kernel/mediatek/mt8183/4.4/drivers/misc/mediatek/geniezone/gz_main.c,3868,usercopy,,yes,no,yes,SOURCE_ONLY,"KREE_ERR(""%s: copy_to_user(param) failed\n"", __func__);"
mt8183-kernel,platform/kernel/mediatek/mt8183/4.4/drivers/misc/mediatek/geniezone/gz_main.c,3874,usercopy,,yes,no,yes,SOURCE_ONLY,"cret = copy_to_user((void *)arg, &cparam, sizeof(cparam));"
mt8183-kernel,platform/kernel/mediatek/mt8183/4.4/drivers/misc/mediatek/geniezone/gz_main.c,3876,usercopy,,yes,no,yes,SOURCE_ONLY,"KREE_ERR(""%s: copy_to_user(msg) failed\n"", __func__);"
mt8183-kernel,platform/kernel/mediatek/mt8183/4.4/drivers/misc/mediatek/geniezone/gz_main.c,3964,usercopy,_sc_test_appendChm,yes,no,yes,SOURCE_ONLY,"ret = copy_from_user(&cparam, (void *)arg, sizeof(cparam));"
mt8183-kernel,platform/kernel/mediatek/mt8183/4.4/drivers/misc/mediatek/geniezone/gz_main.c,3995,usercopy,_sc_test_appendChm,yes,no,yes,SOURCE_ONLY,"ret = copy_to_user((void *)arg, &cparam, sizeof(cparam));"
mt8183-kernel,platform/kernel/mediatek/mt8183/4.4/drivers/misc/mediatek/geniezone/gz_main.c,4044,usercopy,_sc_test_releaseChm,yes,no,yes,SOURCE_ONLY,"ret = copy_from_user(&cparam, (void *)arg, sizeof(cparam));"
mt8183-kernel,platform/kernel/mediatek/mt8183/4.4/drivers/misc/mediatek/geniezone/gz_main.c,4123,usercopy,_sc_test_allocChm,yes,no,yes,SOURCE_ONLY,"ret = copy_from_user(&cparam, (void *)arg, sizeof(cparam));"
mt8183-kernel,platform/kernel/mediatek/mt8183/4.4/drivers/misc/mediatek/geniezone/gz_main.c,4155,usercopy,_sc_test_allocChm,yes,no,yes,SOURCE_ONLY,"ret = copy_to_user((void *)arg, &cparam, sizeof(cparam));"
mt8183-kernel,platform/kernel/mediatek/mt8183/4.4/drivers/misc/mediatek/geniezone/gz_main.c,4195,usercopy,_sc_test_refChm,yes,no,yes,SOURCE_ONLY,"ret = copy_from_user(&cparam, (void *)arg, sizeof(cparam));"
mt8183-kernel,platform/kernel/mediatek/mt8183/4.4/drivers/misc/mediatek/geniezone/gz_main.c,4248,usercopy,_sc_test_unrefChm,yes,no,yes,SOURCE_ONLY,"ret = copy_from_user(&cparam, (void *)arg, sizeof(cparam));"
mt8183-kernel,platform/kernel/mediatek/mt8183/4.4/drivers/misc/mediatek/geniezone/gz_main.c,4281,usercopy,_sc_test_cp_chm2shm,yes,no,yes,SOURCE_ONLY,"ret = copy_from_user(&cparam, (void *)arg, sizeof(cparam));"
mt8183-kernel,platform/kernel/mediatek/mt8183/4.4/drivers/misc/mediatek/geniezone/gz_main.c,4319,usercopy,_sc_test_upt_chmdata,yes,no,yes,SOURCE_ONLY,"ret = copy_from_user(&cparam, (void *)arg, sizeof(cparam));"
mt8183-kernel,platform/kernel/mediatek/mt8183/4.4/drivers/misc/mediatek/geniezone/gz_main.c,4394,usercopy,_gz_ioctl,yes,no,yes,SOURCE_ONLY,"err = copy_from_user(&shm_data, user_req, sizeof(shm_data));"
mt8183-kernel,platform/kernel/mediatek/mt8183/4.4/drivers/misc/mediatek/geniezone/gz_main.c,4430,usercopy,,yes,no,yes,SOURCE_ONLY,"err = copy_to_user(user_req, &shm_data, sizeof(shm_data));"
mt8183-kernel,platform/kernel/mediatek/mt8183/4.4/drivers/misc/mediatek/geniezone/gz_main.c,4493,usercopy,,yes,no,yes,SOURCE_ONLY,"err = copy_from_user(&cparam, user_req, sizeof(cparam));"
mt8183-kernel,platform/kernel/mediatek/mt8183/4.4/drivers/misc/mediatek/geniezone/gz_main.c,4503,usercopy,,yes,no,yes,SOURCE_ONLY,"err = copy_to_user(user_req, &cparam, sizeof(cparam));"
mt8183-kernel,platform/kernel/mediatek/mt8183/4.4/drivers/misc/mediatek/gpu/ged/src/ged_base.c,39,usercopy,ged_copy_to_user,yes,no,no,SOURCE_ONLY,"return copy_to_user(pvTo, pvFrom, ulBytes);"
mt8183-kernel,platform/kernel/mediatek/mt8183/4.4/drivers/misc/mediatek/gpu/ged/src/ged_base.c,52,usercopy,ged_copy_from_user,yes,no,no,SOURCE_ONLY,"return copy_from_user(pvTo, pvFrom, ulBytes);"
mt8183-kernel,platform/kernel/mediatek/mt8183/4.4/drivers/misc/mediatek/gpu/ged/src/ged_bridge.c,197,module_param,ged_bridge_wait_hw_vsync,no,no,no,SOURCE_ONLY,"module_param(ged_boost_enable, uint, 0644);"
mt8183-kernel,platform/kernel/mediatek/mt8183/4.4/drivers/misc/mediatek/gpu/ged/src/ged_debugFS.c,73,write_handler,ged_debugFS_open,no,no,yes,SOURCE_ONLY,".write = ged_debugFS_write,"
mt8183-kernel,platform/kernel/mediatek/mt8183/4.4/drivers/misc/mediatek/gpu/ged/src/ged_debugFS.c,114,debugfs,,no,no,yes,SOURCE_ONLY,"psEntry = debugfs_create_file(pszName,"
mt8183-kernel,platform/kernel/mediatek/mt8183/4.4/drivers/misc/mediatek/gpu/ged/src/ged_debugFS.c,152,debugfs,ged_debugFS_remove_entry,no,no,yes,SOURCE_ONLY,"psDir = debugfs_create_dir(pszName, (psParentDir) ? psParentDir : gpsDebugFSEntryDir);"
mt8183-kernel,platform/kernel/mediatek/mt8183/4.4/drivers/misc/mediatek/gpu/ged/src/ged_debugFS.c,173,debugfs,ged_debugFS_remove_entry_dir,no,no,yes,SOURCE_ONLY,"gpsDebugFSEntryDir = debugfs_create_dir(GED_DEBUGFS_DIR_NAME, NULL);"
mt8183-kernel,platform/kernel/mediatek/mt8183/4.4/drivers/misc/mediatek/gpu/ged/src/ged_dvfs.c,170,module_param,,no,no,no,SOURCE_ONLY,"module_param(ged_dvfs_stress_test, uint, 0644);"
mt8183-kernel,platform/kernel/mediatek/mt8183/4.4/drivers/misc/mediatek/gpu/ged/src/ged_dvfs.c,194,module_param,ged_dvfs_last_and_target_cb,no,no,no,SOURCE_ONLY,"module_param(gx_tb_dvfs_margin, int, S_IRUGO|S_IWUSR);"
mt8183-kernel,platform/kernel/mediatek/mt8183/4.4/drivers/misc/mediatek/gpu/ged/src/ged_dvfs.c,752,module_param,,no,no,no,SOURCE_ONLY,"module_param(gx_fb_dvfs_margin, int, S_IRUGO|S_IWUSR);"
mt8183-kernel,platform/kernel/mediatek/mt8183/4.4/drivers/misc/mediatek/gpu/ged/src/ged_dvfs.c,1570,module_param,ged_dvfs_system_exit,no,no,no,SOURCE_ONLY,"module_param(gpu_bw_ratio, uint, 0644);"
mt8183-kernel,platform/kernel/mediatek/mt8183/4.4/drivers/misc/mediatek/gpu/ged/src/ged_dvfs.c,1574,module_param,ged_dvfs_system_exit,no,no,no,SOURCE_ONLY,"module_param(gpu_loading, uint, 0644);"
mt8183-kernel,platform/kernel/mediatek/mt8183/4.4/drivers/misc/mediatek/gpu/ged/src/ged_dvfs.c,1575,module_param,ged_dvfs_system_exit,no,no,no,SOURCE_ONLY,"module_param(gpu_block, uint, 0644);"
mt8183-kernel,platform/kernel/mediatek/mt8183/4.4/drivers/misc/mediatek/gpu/ged/src/ged_dvfs.c,1576,module_param,ged_dvfs_system_exit,no,no,no,SOURCE_ONLY,"module_param(gpu_idle, uint, 0644);"
mt8183-kernel,platform/kernel/mediatek/mt8183/4.4/drivers/misc/mediatek/gpu/ged/src/ged_dvfs.c,1577,module_param,ged_dvfs_system_exit,no,no,no,SOURCE_ONLY,"module_param(gpu_dvfs_enable, uint, 0644);"
mt8183-kernel,platform/kernel/mediatek/mt8183/4.4/drivers/misc/mediatek/gpu/ged/src/ged_dvfs.c,1578,module_param,ged_dvfs_system_exit,no,no,no,SOURCE_ONLY,"module_param(boost_gpu_enable, uint, 0644);"
mt8183-kernel,platform/kernel/mediatek/mt8183/4.4/drivers/misc/mediatek/gpu/ged/src/ged_dvfs.c,1579,module_param,ged_dvfs_system_exit,no,no,no,SOURCE_ONLY,"module_param(gpu_debug_enable, uint, 0644);"
mt8183-kernel,platform/kernel/mediatek/mt8183/4.4/drivers/misc/mediatek/gpu/ged/src/ged_dvfs.c,1580,module_param,ged_dvfs_system_exit,no,no,no,SOURCE_ONLY,"module_param(gpu_bottom_freq, uint, 0644);"
mt8183-kernel,platform/kernel/mediatek/mt8183/4.4/drivers/misc/mediatek/gpu/ged/src/ged_dvfs.c,1581,module_param,ged_dvfs_system_exit,no,no,no,SOURCE_ONLY,"module_param(gpu_cust_boost_freq, uint, 0644);"
mt8183-kernel,platform/kernel/mediatek/mt8183/4.4/drivers/misc/mediatek/gpu/ged/src/ged_dvfs.c,1582,module_param,ged_dvfs_system_exit,no,no,no,SOURCE_ONLY,"module_param(gpu_cust_upbound_freq, uint, 0644);"
mt8183-kernel,platform/kernel/mediatek/mt8183/4.4/drivers/misc/mediatek/gpu/ged/src/ged_dvfs.c,1583,module_param,ged_dvfs_system_exit,no,no,no,SOURCE_ONLY,"module_param(g_gpu_timer_based_emu, uint, 0644);"
mt8183-kernel,platform/kernel/mediatek/mt8183/4.4/drivers/misc/mediatek/gpu/ged/src/ged_dvfs.c,1584,module_param,ged_dvfs_system_exit,no,no,no,SOURCE_ONLY,"module_param(gpu_bw_err_debug, uint, 0644);"
mt8183-kernel,platform/kernel/mediatek/mt8183/4.4/drivers/misc/mediatek/gpu/ged/src/ged_hal.c,294,sysfs_or_store,ged_custom_upbound_gpu_freq_seq_show,no,no,no,SOURCE_ONLY,"if (kstrtoint(acBuffer, 0, &i32Value) == 0) {"
mt8183-kernel,platform/kernel/mediatek/mt8183/4.4/drivers/misc/mediatek/gpu/ged/src/ged_hal.c,524,sysfs_or_store,,no,no,no,SOURCE_ONLY,"ret = kstrtoint(pcValue, 0, &i32VsyncOffsetLevel);"
mt8183-kernel,platform/kernel/mediatek/mt8183/4.4/drivers/misc/mediatek/gpu/ged/src/ged_kpi.c,221,module_param,,no,no,no,SOURCE_ONLY,"module_param(gx_dfps, uint, S_IRUGO|S_IWUSR);"
mt8183-kernel,platform/kernel/mediatek/mt8183/4.4/drivers/misc/mediatek/gpu/ged/src/ged_kpi.c,222,module_param,,no,no,no,SOURCE_ONLY,"module_param(gx_frc_mode, uint, S_IRUGO|S_IWUSR);"
mt8183-kernel,platform/kernel/mediatek/mt8183/4.4/drivers/misc/mediatek/gpu/ged/src/ged_kpi.c,224,module_param,,no,no,no,SOURCE_ONLY,"module_param(enable_cpu_boost, uint, S_IRUGO|S_IWUSR);"
mt8183-kernel,platform/kernel/mediatek/mt8183/4.4/drivers/misc/mediatek/gpu/ged/src/ged_kpi.c,226,module_param,,no,no,no,SOURCE_ONLY,"module_param(enable_gpu_boost, uint, S_IRUGO|S_IWUSR);"
mt8183-kernel,platform/kernel/mediatek/mt8183/4.4/drivers/misc/mediatek/gpu/ged/src/ged_kpi.c,227,module_param,,no,no,no,SOURCE_ONLY,"module_param(is_GED_KPI_enabled, uint, S_IRUGO|S_IWUSR);"
mt8183-kernel,platform/kernel/mediatek/mt8183/4.4/drivers/misc/mediatek/gpu/ged/src/ged_kpi.c,228,module_param,,no,no,no,SOURCE_ONLY,"module_param(ap_self_frc_detection_rate, uint, S_IRUGO|S_IWUSR);"
mt8183-kernel,platform/kernel/mediatek/mt8183/4.4/drivers/misc/mediatek/gpu/ged/src/ged_kpi.c,275,module_param,,no,no,no,SOURCE_ONLY,"module_param(target_t_cpu_remained, long, S_IRUGO|S_IWUSR);"
mt8183-kernel,platform/kernel/mediatek/mt8183/4.4/drivers/misc/mediatek/gpu/ged/src/ged_kpi.c,276,module_param,,no,no,no,SOURCE_ONLY,"module_param(gx_force_cpu_boost, int, S_IRUGO|S_IWUSR);"
mt8183-kernel,platform/kernel/mediatek/mt8183/4.4/drivers/misc/mediatek/gpu/ged/src/ged_kpi.c,277,module_param,,no,no,no,SOURCE_ONLY,"module_param(gx_top_app_pid, int, S_IRUGO|S_IWUSR);"
mt8183-kernel,platform/kernel/mediatek/mt8183/4.4/drivers/misc/mediatek/gpu/ged/src/ged_kpi.c,278,module_param,,no,no,no,SOURCE_ONLY,"module_param(cpu_boost_policy, int, S_IRUGO|S_IWUSR);"
mt8183-kernel,platform/kernel/mediatek/mt8183/4.4/drivers/misc/mediatek/gpu/ged/src/ged_kpi.c,279,module_param,,no,no,no,SOURCE_ONLY,"module_param(boost_extra, int, S_IRUGO|S_IWUSR);"
mt8183-kernel,platform/kernel/mediatek/mt8183/4.4/drivers/misc/mediatek/gpu/ged/src/ged_kpi.c,280,module_param,,no,no,no,SOURCE_ONLY,"module_param(boost_amp, int, S_IRUGO|S_IWUSR);"
mt8183-kernel,platform/kernel/mediatek/mt8183/4.4/drivers/misc/mediatek/gpu/ged/src/ged_kpi.c,281,module_param,,no,no,no,SOURCE_ONLY,"module_param(deboost_reduce, int, S_IRUGO|S_IWUSR);"
mt8183-kernel,platform/kernel/mediatek/mt8183/4.4/drivers/misc/mediatek/gpu/ged/src/ged_kpi.c,282,module_param,,no,no,no,SOURCE_ONLY,"module_param(boost_upper_bound, int, S_IRUGO|S_IWUSR);"
mt8183-kernel,platform/kernel/mediatek/mt8183/4.4/drivers/misc/mediatek/gpu/ged/src/ged_kpi.c,283,module_param,,no,no,no,SOURCE_ONLY,"module_param(enable_game_self_frc_detect, int, S_IRUGO|S_IWUSR);"
mt8183-kernel,platform/kernel/mediatek/mt8183/4.4/drivers/misc/mediatek/gpu/ged/src/ged_kpi.c,285,module_param,,no,no,no,SOURCE_ONLY,"module_param(gx_game_mode, int, S_IRUGO|S_IWUSR);"
mt8183-kernel,platform/kernel/mediatek/mt8183/4.4/drivers/misc/mediatek/gpu/ged/src/ged_kpi.c,286,module_param,,no,no,no,SOURCE_ONLY,"module_param(gx_3D_benchmark_on, int, S_IRUGO|S_IWUSR);"
mt8183-kernel,platform/kernel/mediatek/mt8183/4.4/drivers/misc/mediatek/gpu/ged/src/ged_kpi.c,986,module_param,,no,no,no,SOURCE_ONLY,"module_param(gs_miss_tag_idx, int, 0644);"
mt8183-kernel,platform/kernel/mediatek/mt8183/4.4/drivers/misc/mediatek/gpu/ged/src/ged_log.c,1143,module_param,ged_log_perf_trace_counter,no,no,no,SOURCE_ONLY,"module_param(ged_log_trace_enable, uint, 0644);"
mt8183-kernel,platform/kernel/mediatek/mt8183/4.4/drivers/misc/mediatek/gpu/ged/src/ged_log.c,1144,module_param,ged_log_perf_trace_counter,no,no,no,SOURCE_ONLY,"module_param(ged_log_perf_trace_enable, uint, 0644);"
mt8183-kernel,platform/kernel/mediatek/mt8183/4.4/drivers/misc/mediatek/gpu/ged/src/ged_main.c,341,write_handler,,no,no,yes,SOURCE_ONLY,".write = ged_write,"
mt8183-kernel,platform/kernel/mediatek/mt8183/4.4/drivers/misc/mediatek/gpu/ged/src/ged_main.c,342,ioctl_entry;write_handler,,no,no,yes,SOURCE_ONLY,".unlocked_ioctl = ged_ioctl,"
mt8183-kernel,platform/kernel/mediatek/mt8183/4.4/drivers/misc/mediatek/gpu/ged/src/ged_main.c,344,ioctl_entry;write_handler,,no,no,yes,SOURCE_ONLY,".compat_ioctl = ged_ioctl_compat,"
mt8183-kernel,platform/kernel/mediatek/mt8183/4.4/drivers/misc/mediatek/gpu/ged/src/ged_main.c,411,procfs,ged_init,no,no,yes,SOURCE_ONLY,"if (NULL == proc_create(GED_DRIVER_DEVICE_NAME, 0644, NULL, &ged_fops))"
mt8183-kernel,platform/kernel/mediatek/mt8183/4.4/drivers/misc/mediatek/gpu/ged/src/ged_monitor_3D_fence.c,194,module_param,ged_monitor_3D_fence_get_count,no,no,no,SOURCE_ONLY,"module_param(ged_monitor_3D_fence_debug, uint, 0644);"
mt8183-kernel,platform/kernel/mediatek/mt8183/4.4/drivers/misc/mediatek/gpu/ged/src/ged_monitor_3D_fence.c,195,module_param,ged_monitor_3D_fence_get_count,no,no,no,SOURCE_ONLY,"module_param(ged_monitor_3D_fence_disable, uint, 0644);"
mt8183-kernel,platform/kernel/mediatek/mt8183/4.4/drivers/misc/mediatek/gpu/ged/src/ged_monitor_3D_fence.c,196,module_param,ged_monitor_3D_fence_get_count,no,no,no,SOURCE_ONLY,"module_param(ged_monitor_3D_fence_systrace, uint, 0644);"
mt8183-kernel,platform/kernel/mediatek/mt8183/4.4/drivers/misc/mediatek/gpu/gpu_mali/mali_bifrost/mali-r14p0/drivers/gpu/arm/midgard/mali_kbase_as_fault_debugfs.c,92,debugfs,kbase_as_fault_debugfs_init,no,no,no,SOURCE_ONLY,"debugfs_directory = debugfs_create_dir(""address_spaces"","
mt8183-kernel,platform/kernel/mediatek/mt8183/4.4/drivers/misc/mediatek/gpu/gpu_mali/mali_bifrost/mali-r14p0/drivers/gpu/arm/midgard/mali_kbase_as_fault_debugfs.c,98,debugfs,kbase_as_fault_debugfs_init,no,no,no,SOURCE_ONLY,"debugfs_create_file(as_name, S_IRUGO,"
mt8183-kernel,platform/kernel/mediatek/mt8183/4.4/drivers/misc/mediatek/gpu/gpu_mali/mali_bifrost/mali-r14p0/drivers/gpu/arm/midgard/mali_kbase_core_linux.c,320,usercopy,kstrtobool_from_user,yes,no,yes,SOURCE_ONLY,"if (copy_from_user(buf, s, count))"
mt8183-kernel,platform/kernel/mediatek/mt8183/4.4/drivers/misc/mediatek/gpu/gpu_mali/mali_bifrost/mali-r14p0/drivers/gpu/arm/midgard/mali_kbase_core_linux.c,362,write_handler,read_ctx_infinite_cache,yes,no,yes,SOURCE_ONLY,".write = write_ctx_infinite_cache,"
mt8183-kernel,platform/kernel/mediatek/mt8183/4.4/drivers/misc/mediatek/gpu/gpu_mali/mali_bifrost/mali-r14p0/drivers/gpu/arm/midgard/mali_kbase_core_linux.c,411,write_handler,,yes,no,yes,SOURCE_ONLY,".write = write_ctx_force_same_va,"
mt8183-kernel,platform/kernel/mediatek/mt8183/4.4/drivers/misc/mediatek/gpu/gpu_mali/mali_bifrost/mali-r14p0/drivers/gpu/arm/midgard/mali_kbase_core_linux.c,449,debugfs,kbase_open,yes,no,yes,SOURCE_ONLY,"kctx->kctx_dentry = debugfs_create_dir(kctx_name,"
mt8183-kernel,platform/kernel/mediatek/mt8183/4.4/drivers/misc/mediatek/gpu/gpu_mali/mali_bifrost/mali-r14p0/drivers/gpu/arm/midgard/mali_kbase_core_linux.c,457,debugfs,kbase_open,yes,no,yes,SOURCE_ONLY,"debugfs_create_file(""infinite_cache"", 0644, kctx->kctx_dentry,"
mt8183-kernel,platform/kernel/mediatek/mt8183/4.4/drivers/misc/mediatek/gpu/gpu_mali/mali_bifrost/mali-r14p0/drivers/gpu/arm/midgard/mali_kbase_core_linux.c,459,debugfs,kbase_open,yes,no,yes,SOURCE_ONLY,"debugfs_create_file(""force_same_va"", S_IRUSR | S_IWUSR,"
mt8183-kernel,platform/kernel/mediatek/mt8183/4.4/drivers/misc/mediatek/gpu/gpu_mali/mali_bifrost/mali-r14p0/drivers/gpu/arm/midgard/mali_kbase_core_linux.c,592,usercopy,,yes,no,yes,SOURCE_ONLY,"err = copy_to_user(u64_to_user_ptr(get_props->buffer),"
mt8183-kernel,platform/kernel/mediatek/mt8183/4.4/drivers/misc/mediatek/gpu/gpu_mali/mali_bifrost/mali-r14p0/drivers/gpu/arm/midgard/mali_kbase_core_linux.c,741,usercopy,kbase_api_hwcnt_clear,yes,no,yes,SOURCE_ONLY,"ret = copy_to_user(u64_to_user_ptr(version->version_buffer),"
mt8183-kernel,platform/kernel/mediatek/mt8183/4.4/drivers/misc/mediatek/gpu/gpu_mali/mali_bifrost/mali-r14p0/drivers/gpu/arm/midgard/mali_kbase_core_linux.c,862,usercopy,kbase_api_tlstream_flush,yes,no,yes,SOURCE_ONLY,"err = copy_from_user(ai,"
mt8183-kernel,platform/kernel/mediatek/mt8183/4.4/drivers/misc/mediatek/gpu/gpu_mali/mali_bifrost/mali-r14p0/drivers/gpu/arm/midgard/mali_kbase_core_linux.c,962,usercopy,,yes,no,yes,SOURCE_ONLY,"ret = copy_to_user(u64_to_user_ptr(controls->buffer),"
mt8183-kernel,platform/kernel/mediatek/mt8183/4.4/drivers/misc/mediatek/gpu/gpu_mali/mali_bifrost/mali-r14p0/drivers/gpu/arm/midgard/mali_kbase_core_linux.c,987,usercopy,,yes,no,yes,SOURCE_ONLY,"err = copy_from_user(buf, u64_to_user_ptr(data->buffer),"
mt8183-kernel,platform/kernel/mediatek/mt8183/4.4/drivers/misc/mediatek/gpu/gpu_mali/mali_bifrost/mali-r14p0/drivers/gpu/arm/midgard/mali_kbase_core_linux.c,1016,usercopy,,yes,no,yes,SOURCE_ONLY,"ret = copy_from_user(gpu_addr, u64_to_user_ptr(map->address),"
mt8183-kernel,platform/kernel/mediatek/mt8183/4.4/drivers/misc/mediatek/gpu/gpu_mali/mali_bifrost/mali-r14p0/drivers/gpu/arm/midgard/mali_kbase_core_linux.c,1054,usercopy,,yes,no,yes,SOURCE_ONLY,"ret = copy_from_user(gpu_addr, u64_to_user_ptr(unmap->address),"
mt8183-kernel,platform/kernel/mediatek/mt8183/4.4/drivers/misc/mediatek/gpu/gpu_mali/mali_bifrost/mali-r14p0/drivers/gpu/arm/midgard/mali_kbase_core_linux.c,1111,usercopy,,yes,no,yes,SOURCE_ONLY,"err = copy_from_user(&param, uarg, sizeof(param)); \"
mt8183-kernel,platform/kernel/mediatek/mt8183/4.4/drivers/misc/mediatek/gpu/gpu_mali/mali_bifrost/mali-r14p0/drivers/gpu/arm/midgard/mali_kbase_core_linux.c,1124,usercopy,,yes,no,yes,SOURCE_ONLY,"err = copy_to_user(uarg, &param, sizeof(param)); \"
mt8183-kernel,platform/kernel/mediatek/mt8183/4.4/drivers/misc/mediatek/gpu/gpu_mali/mali_bifrost/mali-r14p0/drivers/gpu/arm/midgard/mali_kbase_core_linux.c,1136,usercopy,,yes,no,yes,SOURCE_ONLY,"err = copy_from_user(&param, uarg, sizeof(param)); \"
mt8183-kernel,platform/kernel/mediatek/mt8183/4.4/drivers/misc/mediatek/gpu/gpu_mali/mali_bifrost/mali-r14p0/drivers/gpu/arm/midgard/mali_kbase_core_linux.c,1140,usercopy,,yes,no,yes,SOURCE_ONLY,"err = copy_to_user(uarg, &param, sizeof(param)); \"
mt8183-kernel,platform/kernel/mediatek/mt8183/4.4/drivers/misc/mediatek/gpu/gpu_mali/mali_bifrost/mali-r14p0/drivers/gpu/arm/midgard/mali_kbase_core_linux.c,1396,usercopy,kbase_read,yes,no,yes,SOURCE_ONLY,"if (copy_to_user(buf, &uevent, sizeof(uevent)) != 0)"
mt8183-kernel,platform/kernel/mediatek/mt8183/4.4/drivers/misc/mediatek/gpu/gpu_mali/mali_bifrost/mali-r14p0/drivers/gpu/arm/midgard/mali_kbase_core_linux.c,1445,ioctl_entry;write_handler,kbase_check_flags,yes,no,yes,SOURCE_ONLY,".unlocked_ioctl = kbase_ioctl,"
mt8183-kernel,platform/kernel/mediatek/mt8183/4.4/drivers/misc/mediatek/gpu/gpu_mali/mali_bifrost/mali-r14p0/drivers/gpu/arm/midgard/mali_kbase_core_linux.c,1446,ioctl_entry;write_handler,kbase_check_flags,yes,no,yes,SOURCE_ONLY,".compat_ioctl = kbase_ioctl,"
mt8183-kernel,platform/kernel/mediatek/mt8183/4.4/drivers/misc/mediatek/gpu/gpu_mali/mali_bifrost/mali-r14p0/drivers/gpu/arm/midgard/mali_kbase_core_linux.c,1555,sysfs_or_store,set_policy,yes,no,yes,SOURCE_ONLY,"static DEVICE_ATTR(power_policy, S_IRUGO | S_IWUSR, show_policy, set_policy);"
mt8183-kernel,platform/kernel/mediatek/mt8183/4.4/drivers/misc/mediatek/gpu/gpu_mali/mali_bifrost/mali-r14p0/drivers/gpu/arm/midgard/mali_kbase_core_linux.c,1674,sysfs_or_store,,yes,no,yes,SOURCE_ONLY,"static DEVICE_ATTR(core_mask, S_IRUGO | S_IWUSR, show_core_mask, set_core_mask);"
mt8183-kernel,platform/kernel/mediatek/mt8183/4.4/drivers/misc/mediatek/gpu/gpu_mali/mali_bifrost/mali-r14p0/drivers/gpu/arm/midgard/mali_kbase_core_linux.c,1704,sysfs_or_store,,yes,no,yes,SOURCE_ONLY,"if ((kstrtoint(buf, 0, &soft_job_timeout_ms) != 0) ||"
mt8183-kernel,platform/kernel/mediatek/mt8183/4.4/drivers/misc/mediatek/gpu/gpu_mali/mali_bifrost/mali-r14p0/drivers/gpu/arm/midgard/mali_kbase_core_linux.c,1740,sysfs_or_store,,yes,no,yes,SOURCE_ONLY,"static DEVICE_ATTR(soft_job_timeout, S_IRUGO | S_IWUSR,"
mt8183-kernel,platform/kernel/mediatek/mt8183/4.4/drivers/misc/mediatek/gpu/gpu_mali/mali_bifrost/mali-r14p0/drivers/gpu/arm/midgard/mali_kbase_core_linux.c,1939,sysfs_or_store,,yes,no,yes,SOURCE_ONLY,"static DEVICE_ATTR(js_timeouts, S_IRUGO | S_IWUSR, show_js_timeouts, set_js_timeouts);"
mt8183-kernel,platform/kernel/mediatek/mt8183/4.4/drivers/misc/mediatek/gpu/gpu_mali/mali_bifrost/mali-r14p0/drivers/gpu/arm/midgard/mali_kbase_core_linux.c,1982,sysfs_or_store,,yes,no,yes,SOURCE_ONLY,"ret = kstrtouint(buf, 0, &js_scheduling_period);"
mt8183-kernel,platform/kernel/mediatek/mt8183/4.4/drivers/misc/mediatek/gpu/gpu_mali/mali_bifrost/mali-r14p0/drivers/gpu/arm/midgard/mali_kbase_core_linux.c,2063,sysfs_or_store,,yes,no,yes,SOURCE_ONLY,"static DEVICE_ATTR(js_scheduling_period, S_IRUGO | S_IWUSR,"
mt8183-kernel,platform/kernel/mediatek/mt8183/4.4/drivers/misc/mediatek/gpu/gpu_mali/mali_bifrost/mali-r14p0/drivers/gpu/arm/midgard/mali_kbase_core_linux.c,2166,sysfs_or_store,,yes,no,yes,SOURCE_ONLY,"static DEVICE_ATTR(force_replay, S_IRUGO | S_IWUSR, show_force_replay,"
mt8183-kernel,platform/kernel/mediatek/mt8183/4.4/drivers/misc/mediatek/gpu/gpu_mali/mali_bifrost/mali-r14p0/drivers/gpu/arm/midgard/mali_kbase_core_linux.c,2182,sysfs_or_store,,yes,no,yes,SOURCE_ONLY,"ret = kstrtoint(buf, 0, &softstop_always);"
mt8183-kernel,platform/kernel/mediatek/mt8183/4.4/drivers/misc/mediatek/gpu/gpu_mali/mali_bifrost/mali-r14p0/drivers/gpu/arm/midgard/mali_kbase_core_linux.c,2223,sysfs_or_store,,yes,no,yes,SOURCE_ONLY,"static DEVICE_ATTR(js_softstop_always, S_IRUGO | S_IWUSR, show_js_softstop_always, set_js_softstop_always);"
mt8183-kernel,platform/kernel/mediatek/mt8183/4.4/drivers/misc/mediatek/gpu/gpu_mali/mali_bifrost/mali-r14p0/drivers/gpu/arm/midgard/mali_kbase_core_linux.c,2327,sysfs_or_store,issue_debug,yes,no,yes,SOURCE_ONLY,"static DEVICE_ATTR(debug_command, S_IRUGO | S_IWUSR, show_debug, issue_debug);"
mt8183-kernel,platform/kernel/mediatek/mt8183/4.4/drivers/misc/mediatek/gpu/gpu_mali/mali_bifrost/mali-r14p0/drivers/gpu/arm/midgard/mali_kbase_core_linux.c,2410,sysfs_or_store,,yes,no,yes,SOURCE_ONLY,"static DEVICE_ATTR(gpuinfo, S_IRUGO, kbase_show_gpuinfo, NULL);"
mt8183-kernel,platform/kernel/mediatek/mt8183/4.4/drivers/misc/mediatek/gpu/gpu_mali/mali_bifrost/mali-r14p0/drivers/gpu/arm/midgard/mali_kbase_core_linux.c,2435,sysfs_or_store,,yes,no,yes,SOURCE_ONLY,"ret = kstrtoint(buf, 0, &dvfs_period);"
mt8183-kernel,platform/kernel/mediatek/mt8183/4.4/drivers/misc/mediatek/gpu/gpu_mali/mali_bifrost/mali-r14p0/drivers/gpu/arm/midgard/mali_kbase_core_linux.c,2474,sysfs_or_store,,yes,no,yes,SOURCE_ONLY,"static DEVICE_ATTR(dvfs_period, S_IRUGO | S_IWUSR, show_dvfs_period,"
mt8183-kernel,platform/kernel/mediatek/mt8183/4.4/drivers/misc/mediatek/gpu/gpu_mali/mali_bifrost/mali-r14p0/drivers/gpu/arm/midgard/mali_kbase_core_linux.c,2551,sysfs_or_store,,yes,no,yes,SOURCE_ONLY,"static DEVICE_ATTR(pm_poweroff, S_IRUGO | S_IWUSR, show_pm_poweroff,"
mt8183-kernel,platform/kernel/mediatek/mt8183/4.4/drivers/misc/mediatek/gpu/gpu_mali/mali_bifrost/mali-r14p0/drivers/gpu/arm/midgard/mali_kbase_core_linux.c,2577,sysfs_or_store,,yes,no,yes,SOURCE_ONLY,"ret = kstrtoint(buf, 0, &reset_timeout);"
mt8183-kernel,platform/kernel/mediatek/mt8183/4.4/drivers/misc/mediatek/gpu/gpu_mali/mali_bifrost/mali-r14p0/drivers/gpu/arm/midgard/mali_kbase_core_linux.c,2615,sysfs_or_store,,yes,no,yes,SOURCE_ONLY,"static DEVICE_ATTR(reset_timeout, S_IRUGO | S_IWUSR, show_reset_timeout,"
mt8183-kernel,platform/kernel/mediatek/mt8183/4.4/drivers/misc/mediatek/gpu/gpu_mali/mali_bifrost/mali-r14p0/drivers/gpu/arm/midgard/mali_kbase_core_linux.c,2656,sysfs_or_store,,yes,no,yes,SOURCE_ONLY,"static DEVICE_ATTR(mem_pool_size, S_IRUGO | S_IWUSR, show_mem_pool_size,"
mt8183-kernel,platform/kernel/mediatek/mt8183/4.4/drivers/misc/mediatek/gpu/gpu_mali/mali_bifrost/mali-r14p0/drivers/gpu/arm/midgard/mali_kbase_core_linux.c,2695,sysfs_or_store,,yes,no,yes,SOURCE_ONLY,"static DEVICE_ATTR(mem_pool_max_size, S_IRUGO | S_IWUSR, show_mem_pool_max_size,"
mt8183-kernel,platform/kernel/mediatek/mt8183/4.4/drivers/misc/mediatek/gpu/gpu_mali/mali_bifrost/mali-r14p0/drivers/gpu/arm/midgard/mali_kbase_core_linux.c,2752,sysfs_or_store,,yes,no,yes,SOURCE_ONLY,"static DEVICE_ATTR(lp_mem_pool_size, S_IRUGO | S_IWUSR, show_lp_mem_pool_size,"
mt8183-kernel,platform/kernel/mediatek/mt8183/4.4/drivers/misc/mediatek/gpu/gpu_mali/mali_bifrost/mali-r14p0/drivers/gpu/arm/midgard/mali_kbase_core_linux.c,2808,sysfs_or_store,,yes,no,yes,SOURCE_ONLY,"static DEVICE_ATTR(lp_mem_pool_max_size, S_IRUGO | S_IWUSR, show_lp_mem_pool_max_size,"
mt8183-kernel,platform/kernel/mediatek/mt8183/4.4/drivers/misc/mediatek/gpu/gpu_mali/mali_bifrost/mali-r14p0/drivers/gpu/arm/midgard/mali_kbase_core_linux.c,2861,sysfs_or_store,,yes,no,yes,SOURCE_ONLY,"ret = kstrtouint(buf, 0, &new_js_ctx_scheduling_mode);"
mt8183-kernel,platform/kernel/mediatek/mt8183/4.4/drivers/misc/mediatek/gpu/gpu_mali/mali_bifrost/mali-r14p0/drivers/gpu/arm/midgard/mali_kbase_core_linux.c,2890,sysfs_or_store,,yes,no,yes,SOURCE_ONLY,"static DEVICE_ATTR(js_ctx_scheduling_mode, S_IRUGO | S_IWUSR,"
mt8183-kernel,platform/kernel/mediatek/mt8183/4.4/drivers/misc/mediatek/gpu/gpu_mali/mali_bifrost/mali-r14p0/drivers/gpu/arm/midgard/mali_kbase_core_linux.c,2972,usercopy,,yes,no,yes,SOURCE_ONLY,"if (copy_from_user(buf, ubuf, count))"
mt8183-kernel,platform/kernel/mediatek/mt8183/4.4/drivers/misc/mediatek/gpu/gpu_mali/mali_bifrost/mali-r14p0/drivers/gpu/arm/midgard/mali_kbase_core_linux.c,3011,write_handler,,yes,no,yes,SOURCE_ONLY,".write = kbasep_serialize_jobs_debugfs_write,"
mt8183-kernel,platform/kernel/mediatek/mt8183/4.4/drivers/misc/mediatek/gpu/gpu_mali/mali_bifrost/mali-r14p0/drivers/gpu/arm/midgard/mali_kbase_core_linux.c,3356,debugfs,kbase_device_debugfs_init,yes,no,yes,SOURCE_ONLY,"kbdev->mali_debugfs_directory = debugfs_create_dir(kbdev->devname,"
mt8183-kernel,platform/kernel/mediatek/mt8183/4.4/drivers/misc/mediatek/gpu/gpu_mali/mali_bifrost/mali-r14p0/drivers/gpu/arm/midgard/mali_kbase_core_linux.c,3364,debugfs,kbase_device_debugfs_init,yes,no,yes,SOURCE_ONLY,"kbdev->debugfs_ctx_directory = debugfs_create_dir(""ctx"","
mt8183-kernel,platform/kernel/mediatek/mt8183/4.4/drivers/misc/mediatek/gpu/gpu_mali/mali_bifrost/mali-r14p0/drivers/gpu/arm/midgard/mali_kbase_core_linux.c,3372,debugfs,kbase_device_debugfs_init,yes,no,yes,SOURCE_ONLY,"debugfs_ctx_defaults_directory = debugfs_create_dir(""defaults"","
mt8183-kernel,platform/kernel/mediatek/mt8183/4.4/drivers/misc/mediatek/gpu/gpu_mali/mali_bifrost/mali-r14p0/drivers/gpu/arm/midgard/mali_kbase_core_linux.c,3391,debugfs,kbase_device_debugfs_init,yes,no,yes,SOURCE_ONLY,"debugfs_create_file(""quirks_sc"", 0644,"
mt8183-kernel,platform/kernel/mediatek/mt8183/4.4/drivers/misc/mediatek/gpu/gpu_mali/mali_bifrost/mali-r14p0/drivers/gpu/arm/midgard/mali_kbase_core_linux.c,3394,debugfs,kbase_device_debugfs_init,yes,no,yes,SOURCE_ONLY,"debugfs_create_file(""quirks_tiler"", 0644,"
mt8183-kernel,platform/kernel/mediatek/mt8183/4.4/drivers/misc/mediatek/gpu/gpu_mali/mali_bifrost/mali-r14p0/drivers/gpu/arm/midgard/mali_kbase_core_linux.c,3397,debugfs,,yes,no,yes,SOURCE_ONLY,"debugfs_create_file(""quirks_mmu"", 0644,"
mt8183-kernel,platform/kernel/mediatek/mt8183/4.4/drivers/misc/mediatek/gpu/gpu_mali/mali_bifrost/mali-r14p0/drivers/gpu/arm/midgard/mali_kbase_core_linux.c,3400,debugfs,,yes,no,yes,SOURCE_ONLY,"debugfs_create_file(""quirks_jm"", 0644,"
mt8183-kernel,platform/kernel/mediatek/mt8183/4.4/drivers/misc/mediatek/gpu/gpu_mali/mali_bifrost/mali-r14p0/drivers/gpu/arm/midgard/mali_kbase_core_linux.c,3405,debugfs,,yes,no,yes,SOURCE_ONLY,"debugfs_create_bool(""infinite_cache"", 0644,"
mt8183-kernel,platform/kernel/mediatek/mt8183/4.4/drivers/misc/mediatek/gpu/gpu_mali/mali_bifrost/mali-r14p0/drivers/gpu/arm/midgard/mali_kbase_core_linux.c,3409,debugfs,,yes,no,yes,SOURCE_ONLY,"debugfs_create_size_t(""mem_pool_max_size"", 0644,"
mt8183-kernel,platform/kernel/mediatek/mt8183/4.4/drivers/misc/mediatek/gpu/gpu_mali/mali_bifrost/mali-r14p0/drivers/gpu/arm/midgard/mali_kbase_core_linux.c,3414,debugfs,,yes,no,yes,SOURCE_ONLY,"debugfs_create_file(""protected_debug_mode"", S_IRUGO,"
mt8183-kernel,platform/kernel/mediatek/mt8183/4.4/drivers/misc/mediatek/gpu/gpu_mali/mali_bifrost/mali-r14p0/drivers/gpu/arm/midgard/mali_kbase_core_linux.c,3431,debugfs,,yes,no,yes,SOURCE_ONLY,"debugfs_create_file(""serialize_jobs"", S_IRUGO | S_IWUSR,"
mt8183-kernel,platform/kernel/mediatek/mt8183/4.4/drivers/misc/mediatek/gpu/gpu_mali/mali_bifrost/mali-r14p0/drivers/gpu/arm/midgard/mali_kbase_core_linux.c,3923,misc_register,,yes,no,yes,SOURCE_ONLY,"/* This needs to happen before registering the device with misc_register(),"
mt8183-kernel,platform/kernel/mediatek/mt8183/4.4/drivers/misc/mediatek/gpu/gpu_mali/mali_bifrost/mali-r14p0/drivers/gpu/arm/midgard/mali_kbase_core_linux.c,3943,misc_register,,yes,no,yes,SOURCE_ONLY,err = misc_register(&kbdev->mdev);
mt8183-kernel,platform/kernel/mediatek/mt8183/4.4/drivers/misc/mediatek/gpu/gpu_mali/mali_bifrost/mali-r14p0/drivers/gpu/arm/midgard/mali_kbase_debug_job_fault.c,427,debugfs,kbase_debug_job_fault_debugfs_init,no,no,no,SOURCE_ONLY,"debugfs_create_file(""job_fault"", S_IRUGO,"
mt8183-kernel,platform/kernel/mediatek/mt8183/4.4/drivers/misc/mediatek/gpu/gpu_mali/mali_bifrost/mali-r14p0/drivers/gpu/arm/midgard/mali_kbase_debug_mem_view.c,301,debugfs,kbase_debug_mem_view_init,no,no,no,SOURCE_ONLY,"debugfs_create_file(""mem_view"", S_IRUSR, kctx->kctx_dentry, kctx_file,"
mt8183-kernel,platform/kernel/mediatek/mt8183/4.4/drivers/misc/mediatek/gpu/gpu_mali/mali_bifrost/mali-r14p0/drivers/gpu/arm/midgard/mali_kbase_device.c,513,debugfs,kbasep_trace_debugfs_init,no,no,no,SOURCE_ONLY,"debugfs_create_file(""mali_trace"", S_IRUGO,"
mt8183-kernel,platform/kernel/mediatek/mt8183/4.4/drivers/misc/mediatek/gpu/gpu_mali/mali_bifrost/mali-r14p0/drivers/gpu/arm/midgard/mali_kbase_gpu_memory_debugfs.c,175,debugfs,kbasep_gpu_memory_debugfs_init,no,no,no,SOURCE_ONLY,"debugfs_create_file(""gpu_memory"", S_IRUGO,"
mt8183-kernel,platform/kernel/mediatek/mt8183/4.4/drivers/misc/mediatek/gpu/gpu_mali/mali_bifrost/mali-r14p0/drivers/gpu/arm/midgard/mali_kbase_jd.c,240,usercopy,kbase_jd_pre_external_resources,yes,no,no,SOURCE_ONLY,"if (copy_from_user(input_extres,"
mt8183-kernel,platform/kernel/mediatek/mt8183/4.4/drivers/misc/mediatek/gpu/gpu_mali/mali_bifrost/mali-r14p0/drivers/gpu/arm/midgard/mali_kbase_jd.c,1160,usercopy,,yes,no,no,SOURCE_ONLY,"if (copy_from_user(&user_atom, user_addr,"
mt8183-kernel,platform/kernel/mediatek/mt8183/4.4/drivers/misc/mediatek/gpu/gpu_mali/mali_bifrost/mali-r14p0/drivers/gpu/arm/midgard/mali_kbase_jd_debugfs.c,236,debugfs,kbasep_jd_debugfs_ctx_init,no,no,no,SOURCE_ONLY,"debugfs_create_file(""atoms"", S_IRUGO, kctx->kctx_dentry, kctx,"
mt8183-kernel,platform/kernel/mediatek/mt8183/4.4/drivers/misc/mediatek/gpu/gpu_mali/mali_bifrost/mali-r14p0/drivers/gpu/arm/midgard/mali_kbase_mem.c,2619,write_handler,,no,no,yes,SOURCE_ONLY,".write = NULL, \"
mt8183-kernel,platform/kernel/mediatek/mt8183/4.4/drivers/misc/mediatek/gpu/gpu_mali/mali_bifrost/mali-r14p0/drivers/gpu/arm/midgard/mali_kbase_mem.c,2698,debugfs,kbase_jit_debugfs_init,no,no,yes,SOURCE_ONLY,"debugfs_create_file(""mem_jit_count"", S_IRUGO, kctx->kctx_dentry,"
mt8183-kernel,platform/kernel/mediatek/mt8183/4.4/drivers/misc/mediatek/gpu/gpu_mali/mali_bifrost/mali-r14p0/drivers/gpu/arm/midgard/mali_kbase_mem.c,2705,debugfs,kbase_jit_debugfs_init,no,no,yes,SOURCE_ONLY,"debugfs_create_file(""mem_jit_vm"", S_IRUGO, kctx->kctx_dentry,"
mt8183-kernel,platform/kernel/mediatek/mt8183/4.4/drivers/misc/mediatek/gpu/gpu_mali/mali_bifrost/mali-r14p0/drivers/gpu/arm/midgard/mali_kbase_mem.c,2712,debugfs,kbase_jit_debugfs_init,no,no,yes,SOURCE_ONLY,"debugfs_create_file(""mem_jit_phys"", S_IRUGO, kctx->kctx_dentry,"
mt8183-kernel,platform/kernel/mediatek/mt8183/4.4/drivers/misc/mediatek/gpu/gpu_mali/mali_bifrost/mali-r14p0/drivers/gpu/arm/midgard/mali_kbase_mem_linux.c,1452,usercopy,,yes,no,no,SOURCE_ONLY,"if (get_user(fd, (int __user *)phandle))"
mt8183-kernel,platform/kernel/mediatek/mt8183/4.4/drivers/misc/mediatek/gpu/gpu_mali/mali_bifrost/mali-r14p0/drivers/gpu/arm/midgard/mali_kbase_mem_linux.c,1464,usercopy,,yes,no,no,SOURCE_ONLY,"if (copy_from_user(&user_buffer, phandle,"
mt8183-kernel,platform/kernel/mediatek/mt8183/4.4/drivers/misc/mediatek/gpu/gpu_mali/mali_bifrost/mali-r14p0/drivers/gpu/arm/midgard/mali_kbase_mem_pool_debugfs.c,80,debugfs,kbase_mem_pool_debugfs_max_size_set,no,no,no,SOURCE_ONLY,"debugfs_create_file(""mem_pool_size"", S_IRUGO | S_IWUSR, parent,"
mt8183-kernel,platform/kernel/mediatek/mt8183/4.4/drivers/misc/mediatek/gpu/gpu_mali/mali_bifrost/mali-r14p0/drivers/gpu/arm/midgard/mali_kbase_mem_pool_debugfs.c,83,debugfs,kbase_mem_pool_debugfs_max_size_set,no,no,no,SOURCE_ONLY,"debugfs_create_file(""mem_pool_max_size"", S_IRUGO | S_IWUSR, parent,"
mt8183-kernel,platform/kernel/mediatek/mt8183/4.4/drivers/misc/mediatek/gpu/gpu_mali/mali_bifrost/mali-r14p0/drivers/gpu/arm/midgard/mali_kbase_mem_pool_debugfs.c,86,debugfs,kbase_mem_pool_debugfs_max_size_set,no,no,no,SOURCE_ONLY,"debugfs_create_file(""lp_mem_pool_size"", S_IRUGO | S_IWUSR, parent,"
mt8183-kernel,platform/kernel/mediatek/mt8183/4.4/drivers/misc/mediatek/gpu/gpu_mali/mali_bifrost/mali-r14p0/drivers/gpu/arm/midgard/mali_kbase_mem_pool_debugfs.c,89,debugfs,kbase_mem_pool_debugfs_max_size_set,no,no,no,SOURCE_ONLY,"debugfs_create_file(""lp_mem_pool_max_size"", S_IRUGO | S_IWUSR, parent,"
mt8183-kernel,platform/kernel/mediatek/mt8183/4.4/drivers/misc/mediatek/gpu/gpu_mali/mali_bifrost/mali-r14p0/drivers/gpu/arm/midgard/mali_kbase_mem_profile_debugfs.c,78,debugfs,kbasep_mem_profile_debugfs_open,no,no,no,SOURCE_ONLY,"if (!debugfs_create_file(""mem_profile"", S_IRUGO,"
mt8183-kernel,platform/kernel/mediatek/mt8183/4.4/drivers/misc/mediatek/gpu/gpu_mali/mali_bifrost/mali-r14p0/drivers/gpu/arm/midgard/mali_kbase_regs_history_debugfs.c,123,debugfs,kbasep_regs_history_debugfs_init,no,no,no,SOURCE_ONLY,"debugfs_create_bool(""regs_history_enabled"", S_IRUGO | S_IWUSR,"
mt8183-kernel,platform/kernel/mediatek/mt8183/4.4/drivers/misc/mediatek/gpu/gpu_mali/mali_bifrost/mali-r14p0/drivers/gpu/arm/midgard/mali_kbase_regs_history_debugfs.c,126,debugfs,kbasep_regs_history_debugfs_init,no,no,no,SOURCE_ONLY,"debugfs_create_file(""regs_history_size"", S_IRUGO | S_IWUSR,"
mt8183-kernel,platform/kernel/mediatek/mt8183/4.4/drivers/misc/mediatek/gpu/gpu_mali/mali_bifrost/mali-r14p0/drivers/gpu/arm/midgard/mali_kbase_regs_history_debugfs.c,129,debugfs,kbasep_regs_history_debugfs_init,no,no,no,SOURCE_ONLY,"debugfs_create_file(""regs_history"", S_IRUGO,"
mt8183-kernel,platform/kernel/mediatek/mt8183/4.4/drivers/misc/mediatek/gpu/gpu_mali/mali_bifrost/mali-r14p0/drivers/gpu/arm/midgard/mali_kbase_softjobs.c,588,usercopy,kbase_debug_copy_prepare,yes,no,no,SOURCE_ONLY,"ret = copy_from_user(user_buffers, user_structs,"
mt8183-kernel,platform/kernel/mediatek/mt8183/4.4/drivers/misc/mediatek/gpu/gpu_mali/mali_bifrost/mali-r14p0/drivers/gpu/arm/midgard/mali_kbase_softjobs.c,944,usercopy,kbase_jit_allocate_prepare,yes,no,no,SOURCE_ONLY,"if (copy_from_user(info, data, sizeof(*info)*count) != 0) {"
mt8183-kernel,platform/kernel/mediatek/mt8183/4.4/drivers/misc/mediatek/gpu/gpu_mali/mali_bifrost/mali-r14p0/drivers/gpu/arm/midgard/mali_kbase_softjobs.c,1206,usercopy,kbase_jit_free_prepare,yes,no,no,SOURCE_ONLY,"if (copy_from_user(ids, data, sizeof(*ids)*count) != 0) {"
mt8183-kernel,platform/kernel/mediatek/mt8183/4.4/drivers/misc/mediatek/gpu/gpu_mali/mali_bifrost/mali-r14p0/drivers/gpu/arm/midgard/mali_kbase_softjobs.c,1330,usercopy,kbase_ext_res_prepare,yes,no,no,SOURCE_ONLY,"if (copy_from_user(&count, &user_ext_res->count, sizeof(u64)) != 0) {"
mt8183-kernel,platform/kernel/mediatek/mt8183/4.4/drivers/misc/mediatek/gpu/gpu_mali/mali_bifrost/mali-r14p0/drivers/gpu/arm/midgard/mali_kbase_softjobs.c,1350,usercopy,kbase_ext_res_prepare,yes,no,no,SOURCE_ONLY,"if (copy_from_user(ext_res, user_ext_res, copy_size) != 0) {"
mt8183-kernel,platform/kernel/mediatek/mt8183/4.4/drivers/misc/mediatek/gpu/gpu_mali/mali_bifrost/mali-r14p0/drivers/gpu/arm/midgard/mali_kbase_softjobs.c,1543,usercopy,kbase_prepare_soft_job,yes,no,no,SOURCE_ONLY,"if (0 != copy_from_user(&fence, (__user void *)(uintptr_t) katom->jc, sizeof(fence)))"
mt8183-kernel,platform/kernel/mediatek/mt8183/4.4/drivers/misc/mediatek/gpu/gpu_mali/mali_bifrost/mali-r14p0/drivers/gpu/arm/midgard/mali_kbase_softjobs.c,1552,usercopy,kbase_prepare_soft_job,yes,no,no,SOURCE_ONLY,"if (0 != copy_to_user((__user void *)(uintptr_t) katom->jc, &fence, sizeof(fence))) {"
mt8183-kernel,platform/kernel/mediatek/mt8183/4.4/drivers/misc/mediatek/gpu/gpu_mali/mali_bifrost/mali-r14p0/drivers/gpu/arm/midgard/mali_kbase_softjobs.c,1565,usercopy,kbase_prepare_soft_job,yes,no,no,SOURCE_ONLY,"if (0 != copy_from_user(&fence, (__user void *)(uintptr_t) katom->jc, sizeof(fence)))"
mt8183-kernel,platform/kernel/mediatek/mt8183/4.4/drivers/misc/mediatek/gpu/gpu_mali/mali_bifrost/mali-r14p0/drivers/gpu/arm/midgard/mali_kbase_tlstream.c,117,sysfs_or_store,kbase_unprivileged_global_profiling_set,yes,yes,no,SOURCE_ONLY,"int ret = kstrtoint(val, 0, &new_val);"
mt8183-kernel,platform/kernel/mediatek/mt8183/4.4/drivers/misc/mediatek/gpu/gpu_mali/mali_bifrost/mali-r14p0/drivers/gpu/arm/midgard/mali_kbase_tlstream.c,1271,usercopy,,yes,yes,no,SOURCE_ONLY,if (copy_to_user(
mt8183-kernel,platform/kernel/mediatek/mt8183/4.4/drivers/misc/mediatek/gpu/gpu_mali/mali_bifrost/mali-r14p0/drivers/gpu/arm/midgard/mali_kbase_tlstream.c,1520,capability_check,timeline_is_permitted,yes,yes,no,SOURCE_ONLY,return kbase_unprivileged_global_profiling || capable(CAP_SYS_ADMIN);
mt8183-kernel,platform/kernel/mediatek/mt8183/4.4/drivers/misc/mediatek/gpu/gpu_mali/mali_bifrost/mali-r14p0/drivers/gpu/arm/midgard/mali_kbase_vinstr.c,240,ioctl_entry;write_handler,,yes,no,yes,SOURCE_ONLY,".unlocked_ioctl = kbasep_vinstr_hwcnt_reader_ioctl,"
mt8183-kernel,platform/kernel/mediatek/mt8183/4.4/drivers/misc/mediatek/gpu/gpu_mali/mali_bifrost/mali-r14p0/drivers/gpu/arm/midgard/mali_kbase_vinstr.c,241,ioctl_entry;write_handler,,yes,no,yes,SOURCE_ONLY,".compat_ioctl = kbasep_vinstr_hwcnt_reader_ioctl,"
mt8183-kernel,platform/kernel/mediatek/mt8183/4.4/drivers/misc/mediatek/gpu/gpu_mali/mali_bifrost/mali-r14p0/drivers/gpu/arm/midgard/mali_kbase_vinstr.c,1133,usercopy,,yes,no,yes,SOURCE_ONLY,"rcode = copy_to_user(buffer, cli->accum_buffer, cli->dump_size);"
mt8183-kernel,platform/kernel/mediatek/mt8183/4.4/drivers/misc/mediatek/gpu/gpu_mali/mali_bifrost/mali-r14p0/drivers/gpu/arm/midgard/mali_kbase_vinstr.c,1464,usercopy,,yes,no,yes,SOURCE_ONLY,"if (copy_to_user(buffer, meta, size))"
mt8183-kernel,platform/kernel/mediatek/mt8183/4.4/drivers/misc/mediatek/gpu/gpu_mali/mali_bifrost/mali-r14p0/drivers/gpu/arm/midgard/mali_kbase_vinstr.c,1497,usercopy,,yes,no,yes,SOURCE_ONLY,"if (copy_from_user(&meta, buffer, size))"
mt8183-kernel,platform/kernel/mediatek/mt8183/4.4/drivers/misc/mediatek/gpu/gpu_mali/mali_bifrost/mali-r14p0/drivers/gpu/arm/midgard/mali_kbase_vinstr.c,1661,usercopy,,yes,no,yes,SOURCE_ONLY,"return put_user(ver, hwver);"
mt8183-kernel,platform/kernel/mediatek/mt8183/4.4/drivers/misc/mediatek/gpu/gpu_mali/mali_bifrost/mali-r14p0/drivers/gpu/arm/midgard/mali_kbase_vinstr.c,1688,usercopy,,yes,no,yes,SOURCE_ONLY,"rcode = put_user(HWCNT_READER_API, (u32 __user *)arg);"
mt8183-kernel,platform/kernel/mediatek/mt8183/4.4/drivers/misc/mediatek/gpu/gpu_mali/mali_bifrost/mali-r14p0/drivers/gpu/arm/midgard/mali_kbase_vinstr.c,1696,usercopy,,yes,no,yes,SOURCE_ONLY,rcode = put_user(
mt8183-kernel,platform/kernel/mediatek/mt8183/4.4/drivers/misc/mediatek/gpu/gpu_mali/mali_bifrost/mali-r14p0/drivers/gpu/arm/midgard/platform/mtk_platform_common/mtk_platform_common.c,272,usercopy,kbasep_gpu_dvfs_enable_debugfs_open,yes,no,yes,SOURCE_ONLY,"if (copy_from_user(desc, buffer, len))"
mt8183-kernel,platform/kernel/mediatek/mt8183/4.4/drivers/misc/mediatek/gpu/gpu_mali/mali_bifrost/mali-r14p0/drivers/gpu/arm/midgard/platform/mtk_platform_common/mtk_platform_common.c,290,write_handler,kbasep_gpu_dvfs_enable_debugfs_open,yes,no,yes,SOURCE_ONLY,".write = kbasep_gpu_dvfs_enable_write,"
mt8183-kernel,platform/kernel/mediatek/mt8183/4.4/drivers/misc/mediatek/gpu/gpu_mali/mali_bifrost/mali-r14p0/drivers/gpu/arm/midgard/platform/mtk_platform_common/mtk_platform_common.c,323,usercopy,kbasep_gpu_always_on_debugfs_open,yes,no,yes,SOURCE_ONLY,"if (copy_from_user(desc, buffer, len))"
mt8183-kernel,platform/kernel/mediatek/mt8183/4.4/drivers/misc/mediatek/gpu/gpu_mali/mali_bifrost/mali-r14p0/drivers/gpu/arm/midgard/platform/mtk_platform_common/mtk_platform_common.c,339,write_handler,kbasep_gpu_always_on_debugfs_open,yes,no,yes,SOURCE_ONLY,".write = kbasep_gpu_always_on_write,"
mt8183-kernel,platform/kernel/mediatek/mt8183/4.4/drivers/misc/mediatek/gpu/gpu_mali/mali_bifrost/mali-r14p0/drivers/gpu/arm/midgard/platform/mtk_platform_common/mtk_platform_common.c,372,usercopy,kbasep_gpu_debug_log_debugfs_open,yes,no,yes,SOURCE_ONLY,"if (copy_from_user(desc, buffer, len))"
mt8183-kernel,platform/kernel/mediatek/mt8183/4.4/drivers/misc/mediatek/gpu/gpu_mali/mali_bifrost/mali-r14p0/drivers/gpu/arm/midgard/platform/mtk_platform_common/mtk_platform_common.c,388,write_handler,kbasep_gpu_debug_log_debugfs_open,yes,no,yes,SOURCE_ONLY,".write = kbasep_gpu_debug_log_write,"
mt8183-kernel,platform/kernel/mediatek/mt8183/4.4/drivers/misc/mediatek/gpu/gpu_mali/mali_bifrost/mali-r14p0/drivers/gpu/arm/midgard/platform/mtk_platform_common/mtk_platform_common.c,435,procfs,proc_mali_register,yes,no,yes,SOURCE_ONLY,"proc_create(""help"", 0, mali_pentry, &kbasep_gpu_help_debugfs_fops);"
mt8183-kernel,platform/kernel/mediatek/mt8183/4.4/drivers/misc/mediatek/gpu/gpu_mali/mali_bifrost/mali-r14p0/drivers/gpu/arm/midgard/platform/mtk_platform_common/mtk_platform_common.c,436,procfs,proc_mali_register,yes,no,yes,SOURCE_ONLY,"proc_create(""memory_usage"", 0, mali_pentry, &kbasep_gpu_memory_usage_debugfs_open);"
mt8183-kernel,platform/kernel/mediatek/mt8183/4.4/drivers/misc/mediatek/gpu/gpu_mali/mali_bifrost/mali-r14p0/drivers/gpu/arm/midgard/platform/mtk_platform_common/mtk_platform_common.c,437,procfs,proc_mali_register,yes,no,yes,SOURCE_ONLY,"proc_create(""utilization"", 0, mali_pentry, &kbasep_gpu_utilization_debugfs_fops);"
mt8183-kernel,platform/kernel/mediatek/mt8183/4.4/drivers/misc/mediatek/gpu/gpu_mali/mali_bifrost/mali-r14p0/drivers/gpu/arm/midgard/platform/mtk_platform_common/mtk_platform_common.c,438,procfs,proc_mali_register,yes,no,yes,SOURCE_ONLY,"proc_create(""frequency"", 0, mali_pentry, &kbasep_gpu_frequency_debugfs_fops);"
mt8183-kernel,platform/kernel/mediatek/mt8183/4.4/drivers/misc/mediatek/gpu/gpu_mali/mali_bifrost/mali-r14p0/drivers/gpu/arm/midgard/platform/mtk_platform_common/mtk_platform_common.c,439,procfs,proc_mali_register,yes,no,yes,SOURCE_ONLY,"proc_create(""dvfs_enable"", S_IRUGO | S_IWUSR, mali_pentry, &kbasep_gpu_dvfs_enable_debugfs_fops);"
mt8183-kernel,platform/kernel/mediatek/mt8183/4.4/drivers/misc/mediatek/gpu/gpu_mali/mali_bifrost/mali-r14p0/drivers/gpu/arm/midgard/platform/mtk_platform_common/mtk_platform_common.c,440,procfs,proc_mali_register,yes,no,yes,SOURCE_ONLY,"proc_create(""always_on"", S_IRUGO | S_IWUSR, mali_pentry, &kbasep_gpu_always_on_debugfs_fops);"
mt8183-kernel,platform/kernel/mediatek/mt8183/4.4/drivers/misc/mediatek/gpu/gpu_mali/mali_bifrost/mali-r14p0/drivers/gpu/arm/midgard/platform/mtk_platform_common/mtk_platform_common.c,441,procfs,proc_mali_register,yes,no,yes,SOURCE_ONLY,"proc_create(""debug_log"", S_IRUGO | S_IWUSR, mali_pentry, &kbasep_gpu_debug_log_debugfs_fops);"
mt8183-kernel,platform/kernel/mediatek/mt8183/4.4/drivers/misc/mediatek/hdmi/it66121/hdmi_drv.c,880,write_handler,hdmi_invoke_cable_callbacks,yes,no,yes,SOURCE_ONLY,"/* .write = it66121_write, */"
mt8183-kernel,platform/kernel/mediatek/mt8183/4.4/drivers/misc/mediatek/hdmi/it66121/hdmi_drv.c,1037,usercopy,debug_write,yes,no,yes,SOURCE_ONLY,"if (copy_from_user(&debug_buffer, ubuf, count))"
mt8183-kernel,platform/kernel/mediatek/mt8183/4.4/drivers/misc/mediatek/hdmi/it66121/hdmi_drv.c,1068,write_handler,debug_read,yes,no,yes,SOURCE_ONLY,".write = debug_write,"
mt8183-kernel,platform/kernel/mediatek/mt8183/4.4/drivers/misc/mediatek/hdmi/it66121/hdmi_drv.c,1075,debugfs,ITE66121_DBG_Init,yes,no,yes,SOURCE_ONLY,"ite66121_dbgfs = debugfs_create_file(""hdmi_test"", S_IFREG | S_IRUGO, NULL, (void *)0, &debug_fops);"
mt8183-kernel,platform/kernel/mediatek/mt8183/4.4/drivers/misc/mediatek/imgsensor/src/common/v1_1/imgsensor.c,630,usercopy,,yes,no,yes,SOURCE_ONLY,"if (copy_to_user((void __user *)(pSensorGetInfo->pInfo),"
mt8183-kernel,platform/kernel/mediatek/mt8183/4.4/drivers/misc/mediatek/imgsensor/src/common/v1_1/imgsensor.c,753,usercopy,,yes,no,yes,SOURCE_ONLY,"if (copy_to_user((void __user *)(pSensorGetInfo->pSensorResolution),"
mt8183-kernel,platform/kernel/mediatek/mt8183/4.4/drivers/misc/mediatek/imgsensor/src/common/v1_1/imgsensor.c,822,usercopy,adopt_CAMERA_HW_FeatureControl,yes,no,yes,SOURCE_ONLY,"copy_from_user((void *)&FeatureParaLen,"
mt8183-kernel,platform/kernel/mediatek/mt8183/4.4/drivers/misc/mediatek/imgsensor/src/common/v1_1/imgsensor.c,842,usercopy,,yes,no,yes,SOURCE_ONLY,"if (copy_from_user((void *)pFeaturePara,"
mt8183-kernel,platform/kernel/mediatek/mt8183/4.4/drivers/misc/mediatek/imgsensor/src/common/v1_1/imgsensor.c,1056,usercopy,,yes,no,yes,SOURCE_ONLY,"if (copy_to_user((void __user *)usr_ptr,"
mt8183-kernel,platform/kernel/mediatek/mt8183/4.4/drivers/misc/mediatek/imgsensor/src/common/v1_1/imgsensor.c,1093,usercopy,,yes,no,yes,SOURCE_ONLY,"if (copy_to_user((void __user *)usr_ptr,"
mt8183-kernel,platform/kernel/mediatek/mt8183/4.4/drivers/misc/mediatek/imgsensor/src/common/v1_1/imgsensor.c,1162,usercopy,,yes,no,yes,SOURCE_ONLY,"if (copy_to_user((void __user *)usr_ptr,"
mt8183-kernel,platform/kernel/mediatek/mt8183/4.4/drivers/misc/mediatek/imgsensor/src/common/v1_1/imgsensor.c,1200,usercopy,,yes,no,yes,SOURCE_ONLY,"if (copy_from_user((void *)pReg,"
mt8183-kernel,platform/kernel/mediatek/mt8183/4.4/drivers/misc/mediatek/imgsensor/src/common/v1_1/imgsensor.c,1211,usercopy,,yes,no,yes,SOURCE_ONLY,"if (copy_to_user((void __user *)usr_ptr_Reg,"
mt8183-kernel,platform/kernel/mediatek/mt8183/4.4/drivers/misc/mediatek/imgsensor/src/common/v1_1/imgsensor.c,1242,usercopy,,yes,no,yes,SOURCE_ONLY,"if (copy_from_user((void *)pApWindows,"
mt8183-kernel,platform/kernel/mediatek/mt8183/4.4/drivers/misc/mediatek/imgsensor/src/common/v1_1/imgsensor.c,1282,usercopy,,yes,no,yes,SOURCE_ONLY,"if (copy_to_user((void __user *)usr_ptr,"
mt8183-kernel,platform/kernel/mediatek/mt8183/4.4/drivers/misc/mediatek/imgsensor/src/common/v1_1/imgsensor.c,1318,usercopy,,yes,no,yes,SOURCE_ONLY,"if (copy_to_user((void __user *)usr_ptr,"
mt8183-kernel,platform/kernel/mediatek/mt8183/4.4/drivers/misc/mediatek/imgsensor/src/common/v1_1/imgsensor.c,1354,usercopy,,yes,no,yes,SOURCE_ONLY,"if (copy_to_user((void __user *)usr_ptr,"
mt8183-kernel,platform/kernel/mediatek/mt8183/4.4/drivers/misc/mediatek/imgsensor/src/common/v1_1/imgsensor.c,1392,usercopy,,yes,no,yes,SOURCE_ONLY,"if (copy_to_user((void __user *)usr_ptr,"
mt8183-kernel,platform/kernel/mediatek/mt8183/4.4/drivers/misc/mediatek/imgsensor/src/common/v1_1/imgsensor.c,1445,usercopy,,yes,no,yes,SOURCE_ONLY,"if (copy_to_user((void __user *)usr_ptr,"
mt8183-kernel,platform/kernel/mediatek/mt8183/4.4/drivers/misc/mediatek/imgsensor/src/common/v1_1/imgsensor.c,1482,usercopy,,yes,no,yes,SOURCE_ONLY,"if (copy_from_user((void *)pReg,"
mt8183-kernel,platform/kernel/mediatek/mt8183/4.4/drivers/misc/mediatek/imgsensor/src/common/v1_1/imgsensor.c,1493,usercopy,,yes,no,yes,SOURCE_ONLY,"if (copy_to_user((void __user *)usr_ptr_Reg,"
mt8183-kernel,platform/kernel/mediatek/mt8183/4.4/drivers/misc/mediatek/imgsensor/src/common/v1_1/imgsensor.c,1519,usercopy,,yes,no,yes,SOURCE_ONLY,"copy_to_user((void __user *)pFeatureCtrl->pFeaturePara, (void *)pFeaturePara,"
mt8183-kernel,platform/kernel/mediatek/mt8183/4.4/drivers/misc/mediatek/imgsensor/src/common/v1_1/imgsensor.c,1529,usercopy,,yes,no,yes,SOURCE_ONLY,"copy_to_user((void __user *)pFeatureCtrl->pFeatureParaLen,"
mt8183-kernel,platform/kernel/mediatek/mt8183/4.4/drivers/misc/mediatek/imgsensor/src/common/v1_1/imgsensor.c,1547,usercopy,,yes,no,yes,SOURCE_ONLY,"err = get_user(i, &data32->SensorId);"
mt8183-kernel,platform/kernel/mediatek/mt8183/4.4/drivers/misc/mediatek/imgsensor/src/common/v1_1/imgsensor.c,1548,usercopy,,yes,no,yes,SOURCE_ONLY,"err |= put_user(i, &data->SensorId);"
mt8183-kernel,platform/kernel/mediatek/mt8183/4.4/drivers/misc/mediatek/imgsensor/src/common/v1_1/imgsensor.c,1549,usercopy,,yes,no,yes,SOURCE_ONLY,"err |= get_user(p, &data32->pInfo);"
mt8183-kernel,platform/kernel/mediatek/mt8183/4.4/drivers/misc/mediatek/imgsensor/src/common/v1_1/imgsensor.c,1550,usercopy,,yes,no,yes,SOURCE_ONLY,"err |= put_user(compat_ptr(p), &data->pInfo);"
mt8183-kernel,platform/kernel/mediatek/mt8183/4.4/drivers/misc/mediatek/imgsensor/src/common/v1_1/imgsensor.c,1551,usercopy,,yes,no,yes,SOURCE_ONLY,"err |= get_user(p, &data32->pSensorResolution);"
mt8183-kernel,platform/kernel/mediatek/mt8183/4.4/drivers/misc/mediatek/imgsensor/src/common/v1_1/imgsensor.c,1552,usercopy,,yes,no,yes,SOURCE_ONLY,"err |= put_user(compat_ptr(p), &data->pSensorResolution);"
mt8183-kernel,platform/kernel/mediatek/mt8183/4.4/drivers/misc/mediatek/imgsensor/src/common/v1_1/imgsensor.c,1564,usercopy,,yes,no,yes,SOURCE_ONLY,"err = get_user(i, &data->SensorId);"
mt8183-kernel,platform/kernel/mediatek/mt8183/4.4/drivers/misc/mediatek/imgsensor/src/common/v1_1/imgsensor.c,1565,usercopy,,yes,no,yes,SOURCE_ONLY,"err |= put_user(i, &data32->SensorId);"
mt8183-kernel,platform/kernel/mediatek/mt8183/4.4/drivers/misc/mediatek/imgsensor/src/common/v1_1/imgsensor.c,1580,usercopy,,yes,no,yes,SOURCE_ONLY,"err = get_user(i, &data32->InvokeCamera);"
mt8183-kernel,platform/kernel/mediatek/mt8183/4.4/drivers/misc/mediatek/imgsensor/src/common/v1_1/imgsensor.c,1581,usercopy,,yes,no,yes,SOURCE_ONLY,"err |= put_user(i, &data->InvokeCamera);"
mt8183-kernel,platform/kernel/mediatek/mt8183/4.4/drivers/misc/mediatek/imgsensor/src/common/v1_1/imgsensor.c,1582,usercopy,,yes,no,yes,SOURCE_ONLY,"err |= get_user(i, &data32->FeatureId);"
mt8183-kernel,platform/kernel/mediatek/mt8183/4.4/drivers/misc/mediatek/imgsensor/src/common/v1_1/imgsensor.c,1583,usercopy,,yes,no,yes,SOURCE_ONLY,"err |= put_user(i, &data->FeatureId);"
mt8183-kernel,platform/kernel/mediatek/mt8183/4.4/drivers/misc/mediatek/imgsensor/src/common/v1_1/imgsensor.c,1584,usercopy,,yes,no,yes,SOURCE_ONLY,"err |= get_user(p, &data32->pFeaturePara);"
mt8183-kernel,platform/kernel/mediatek/mt8183/4.4/drivers/misc/mediatek/imgsensor/src/common/v1_1/imgsensor.c,1585,usercopy,,yes,no,yes,SOURCE_ONLY,"err |= put_user(compat_ptr(p), &data->pFeaturePara);"
mt8183-kernel,platform/kernel/mediatek/mt8183/4.4/drivers/misc/mediatek/imgsensor/src/common/v1_1/imgsensor.c,1586,usercopy,,yes,no,yes,SOURCE_ONLY,"err |= get_user(p, &data32->pFeatureParaLen);"
mt8183-kernel,platform/kernel/mediatek/mt8183/4.4/drivers/misc/mediatek/imgsensor/src/common/v1_1/imgsensor.c,1587,usercopy,,yes,no,yes,SOURCE_ONLY,"err |= put_user(compat_ptr(p), &data->pFeatureParaLen);"
mt8183-kernel,platform/kernel/mediatek/mt8183/4.4/drivers/misc/mediatek/imgsensor/src/common/v1_1/imgsensor.c,1602,usercopy,,yes,no,yes,SOURCE_ONLY,"err = get_user(i, &data->InvokeCamera);"
mt8183-kernel,platform/kernel/mediatek/mt8183/4.4/drivers/misc/mediatek/imgsensor/src/common/v1_1/imgsensor.c,1603,usercopy,,yes,no,yes,SOURCE_ONLY,"err |= put_user(i, &data32->InvokeCamera);"
mt8183-kernel,platform/kernel/mediatek/mt8183/4.4/drivers/misc/mediatek/imgsensor/src/common/v1_1/imgsensor.c,1604,usercopy,,yes,no,yes,SOURCE_ONLY,"err |= get_user(i, &data->FeatureId);"
mt8183-kernel,platform/kernel/mediatek/mt8183/4.4/drivers/misc/mediatek/imgsensor/src/common/v1_1/imgsensor.c,1605,usercopy,,yes,no,yes,SOURCE_ONLY,"err |= put_user(i, &data32->FeatureId);"
mt8183-kernel,platform/kernel/mediatek/mt8183/4.4/drivers/misc/mediatek/imgsensor/src/common/v1_1/imgsensor.c,1608,usercopy,,yes,no,yes,SOURCE_ONLY,"err |= get_user(p, &data->pFeaturePara);"
mt8183-kernel,platform/kernel/mediatek/mt8183/4.4/drivers/misc/mediatek/imgsensor/src/common/v1_1/imgsensor.c,1609,usercopy,,yes,no,yes,SOURCE_ONLY,"err |= put_user(ptr_to_compat(p), &data32->pFeaturePara);"
mt8183-kernel,platform/kernel/mediatek/mt8183/4.4/drivers/misc/mediatek/imgsensor/src/common/v1_1/imgsensor.c,1610,usercopy,,yes,no,yes,SOURCE_ONLY,"err |= get_user(q, &data->pFeatureParaLen);"
mt8183-kernel,platform/kernel/mediatek/mt8183/4.4/drivers/misc/mediatek/imgsensor/src/common/v1_1/imgsensor.c,1611,usercopy,,yes,no,yes,SOURCE_ONLY,"err |= put_user(ptr_to_compat(q), &data32->pFeatureParaLen);"
mt8183-kernel,platform/kernel/mediatek/mt8183/4.4/drivers/misc/mediatek/imgsensor/src/common/v1_1/imgsensor.c,1624,usercopy,,yes,no,yes,SOURCE_ONLY,"err = get_user(i, &data32->InvokeCamera);"
mt8183-kernel,platform/kernel/mediatek/mt8183/4.4/drivers/misc/mediatek/imgsensor/src/common/v1_1/imgsensor.c,1625,usercopy,,yes,no,yes,SOURCE_ONLY,"err |= put_user(i, &data->InvokeCamera);"
mt8183-kernel,platform/kernel/mediatek/mt8183/4.4/drivers/misc/mediatek/imgsensor/src/common/v1_1/imgsensor.c,1626,usercopy,,yes,no,yes,SOURCE_ONLY,"err |= get_user(i, &data32->ScenarioId);"
mt8183-kernel,platform/kernel/mediatek/mt8183/4.4/drivers/misc/mediatek/imgsensor/src/common/v1_1/imgsensor.c,1627,usercopy,,yes,no,yes,SOURCE_ONLY,"err |= put_user(i, &data->ScenarioId);"
mt8183-kernel,platform/kernel/mediatek/mt8183/4.4/drivers/misc/mediatek/imgsensor/src/common/v1_1/imgsensor.c,1628,usercopy,,yes,no,yes,SOURCE_ONLY,"err |= get_user(p, &data32->pImageWindow);"
mt8183-kernel,platform/kernel/mediatek/mt8183/4.4/drivers/misc/mediatek/imgsensor/src/common/v1_1/imgsensor.c,1629,usercopy,,yes,no,yes,SOURCE_ONLY,"err |= put_user(compat_ptr(p), &data->pImageWindow);"
mt8183-kernel,platform/kernel/mediatek/mt8183/4.4/drivers/misc/mediatek/imgsensor/src/common/v1_1/imgsensor.c,1630,usercopy,,yes,no,yes,SOURCE_ONLY,"err |= get_user(p, &data32->pSensorConfigData);"
mt8183-kernel,platform/kernel/mediatek/mt8183/4.4/drivers/misc/mediatek/imgsensor/src/common/v1_1/imgsensor.c,1631,usercopy,,yes,no,yes,SOURCE_ONLY,"err |= put_user(compat_ptr(p), &data->pSensorConfigData);"
mt8183-kernel,platform/kernel/mediatek/mt8183/4.4/drivers/misc/mediatek/imgsensor/src/common/v1_1/imgsensor.c,1643,usercopy,,yes,no,yes,SOURCE_ONLY,"err = get_user(i, &data->InvokeCamera);"
mt8183-kernel,platform/kernel/mediatek/mt8183/4.4/drivers/misc/mediatek/imgsensor/src/common/v1_1/imgsensor.c,1644,usercopy,,yes,no,yes,SOURCE_ONLY,"err |= put_user(i, &data32->InvokeCamera);"
mt8183-kernel,platform/kernel/mediatek/mt8183/4.4/drivers/misc/mediatek/imgsensor/src/common/v1_1/imgsensor.c,1645,usercopy,,yes,no,yes,SOURCE_ONLY,"err |= get_user(i, &data->ScenarioId);"
mt8183-kernel,platform/kernel/mediatek/mt8183/4.4/drivers/misc/mediatek/imgsensor/src/common/v1_1/imgsensor.c,1646,usercopy,,yes,no,yes,SOURCE_ONLY,"err |= put_user(i, &data32->ScenarioId);"
mt8183-kernel,platform/kernel/mediatek/mt8183/4.4/drivers/misc/mediatek/imgsensor/src/common/v1_1/imgsensor.c,1764,usercopy,,yes,no,yes,SOURCE_ONLY,"if (copy_from_user(pBuff, (void *)a_u4Param, _IOC_SIZE(a_u4Command))) {"
mt8183-kernel,platform/kernel/mediatek/mt8183/4.4/drivers/misc/mediatek/imgsensor/src/common/v1_1/imgsensor.c,1796,usercopy,,yes,no,yes,SOURCE_ONLY,"copy_to_user((void __user *)a_u4Param, pBuff, _IOC_SIZE(a_u4Command))) {"
mt8183-kernel,platform/kernel/mediatek/mt8183/4.4/drivers/misc/mediatek/imgsensor/src/common/v1_1/imgsensor.c,1853,ioctl_entry;write_handler,imgsensor_release,yes,no,yes,SOURCE_ONLY,".unlocked_ioctl = imgsensor_ioctl,"
mt8183-kernel,platform/kernel/mediatek/mt8183/4.4/drivers/misc/mediatek/imgsensor/src/common/v1_1/imgsensor.c,1855,ioctl_entry;write_handler,imgsensor_release,yes,no,yes,SOURCE_ONLY,.compat_ioctl = imgsensor_compat_ioctl
mt8183-kernel,platform/kernel/mediatek/mt8183/4.4/drivers/misc/mediatek/imgsensor/src/common/v1_1/imgsensor.c,1899,device_create,imgsensor_probe,yes,no,yes,SOURCE_ONLY,"device_create(pimgsensor->pclass, NULL, pimgsensor->dev_no, NULL, IMGSENSOR_DEV_NAME);"
mt8183-kernel,platform/kernel/mediatek/mt8183/4.4/drivers/misc/mediatek/imgsensor/src/common/v1_1/imgsensor_proc.c,59,usercopy,proc_SensorType_open,yes,no,yes,SOURCE_ONLY,"if (copy_from_user(regBuf, buffer, u4CopyBufSize))"
mt8183-kernel,platform/kernel/mediatek/mt8183/4.4/drivers/misc/mediatek/imgsensor/src/common/v1_1/imgsensor_proc.c,85,usercopy,proc_SensorType_open,yes,no,yes,SOURCE_ONLY,"if (psensor == NULL || copy_from_user(regBuf, buffer, u4CopyBufSize))"
mt8183-kernel,platform/kernel/mediatek/mt8183/4.4/drivers/misc/mediatek/imgsensor/src/common/v1_1/imgsensor_proc.c,104,sysfs_or_store,,yes,no,yes,SOURCE_ONLY,"} else if (kstrtouint(regBuf, 16, &sensorReg.RegAddr) == 0) {"
mt8183-kernel,platform/kernel/mediatek/mt8183/4.4/drivers/misc/mediatek/imgsensor/src/common/v1_1/imgsensor_proc.c,128,usercopy,,yes,no,yes,SOURCE_ONLY,"if (psensor == NULL || copy_from_user(regBuf, buffer, u4CopyBufSize))"
mt8183-kernel,platform/kernel/mediatek/mt8183/4.4/drivers/misc/mediatek/imgsensor/src/common/v1_1/imgsensor_proc.c,146,sysfs_or_store,,yes,no,yes,SOURCE_ONLY,"} else if (kstrtouint(regBuf, 16, &sensorReg.RegAddr) == 0) {"
mt8183-kernel,platform/kernel/mediatek/mt8183/4.4/drivers/misc/mediatek/imgsensor/src/common/v1_1/imgsensor_proc.c,170,usercopy,,yes,no,yes,SOURCE_ONLY,"if (psensor == NULL || copy_from_user(regBuf, buffer, u4CopyBufSize))"
mt8183-kernel,platform/kernel/mediatek/mt8183/4.4/drivers/misc/mediatek/imgsensor/src/common/v1_1/imgsensor_proc.c,187,sysfs_or_store,,yes,no,yes,SOURCE_ONLY,"} else if (kstrtouint(regBuf, 16, &sensorReg.RegAddr) == 0) {"
mt8183-kernel,platform/kernel/mediatek/mt8183/4.4/drivers/misc/mediatek/imgsensor/src/common/v1_1/imgsensor_proc.c,211,usercopy,,yes,no,yes,SOURCE_ONLY,"if (psensor == NULL || copy_from_user(regBuf, buffer, u4CopyBufSize))"
mt8183-kernel,platform/kernel/mediatek/mt8183/4.4/drivers/misc/mediatek/imgsensor/src/common/v1_1/imgsensor_proc.c,228,sysfs_or_store,,yes,no,yes,SOURCE_ONLY,"} else if (kstrtouint(regBuf, 16, &sensorReg.RegAddr) == 0) {"
mt8183-kernel,platform/kernel/mediatek/mt8183/4.4/drivers/misc/mediatek/imgsensor/src/common/v1_1/imgsensor_proc.c,289,write_handler,imgsensor_proc_status_info_open,yes,no,yes,SOURCE_ONLY,.write = CAMERA_HW_Reg_Debug
mt8183-kernel,platform/kernel/mediatek/mt8183/4.4/drivers/misc/mediatek/imgsensor/src/common/v1_1/imgsensor_proc.c,296,write_handler,imgsensor_proc_status_info_open,yes,no,yes,SOURCE_ONLY,.write = CAMERA_HW_Reg_Debug2
mt8183-kernel,platform/kernel/mediatek/mt8183/4.4/drivers/misc/mediatek/imgsensor/src/common/v1_1/imgsensor_proc.c,303,write_handler,imgsensor_proc_status_info_open,yes,no,yes,SOURCE_ONLY,.write = CAMERA_HW_Reg_Debug3
mt8183-kernel,platform/kernel/mediatek/mt8183/4.4/drivers/misc/mediatek/imgsensor/src/common/v1_1/imgsensor_proc.c,310,write_handler,imgsensor_proc_status_info_open,yes,no,yes,SOURCE_ONLY,.write = CAMERA_HW_Reg_Debug4
mt8183-kernel,platform/kernel/mediatek/mt8183/4.4/drivers/misc/mediatek/imgsensor/src/common/v1_1/imgsensor_proc.c,318,write_handler,imgsensor_proc_status_info_open,yes,no,yes,SOURCE_ONLY,.write = proc_SensorType_write
mt8183-kernel,platform/kernel/mediatek/mt8183/4.4/drivers/misc/mediatek/imgsensor/src/common/v1_1/imgsensor_proc.c,331,procfs,,yes,no,yes,SOURCE_ONLY,"proc_create(""driver/camsensor"", 0, NULL, &fcamera_proc_fops);"
mt8183-kernel,platform/kernel/mediatek/mt8183/4.4/drivers/misc/mediatek/imgsensor/src/common/v1_1/imgsensor_proc.c,332,procfs,,yes,no,yes,SOURCE_ONLY,"proc_create(""driver/camsensor2"", 0, NULL, &fcamera_proc_fops2);"
mt8183-kernel,platform/kernel/mediatek/mt8183/4.4/drivers/misc/mediatek/imgsensor/src/common/v1_1/imgsensor_proc.c,333,procfs,,yes,no,yes,SOURCE_ONLY,"proc_create(""driver/camsensor3"", 0, NULL, &fcamera_proc_fops3);"
mt8183-kernel,platform/kernel/mediatek/mt8183/4.4/drivers/misc/mediatek/imgsensor/src/common/v1_1/imgsensor_proc.c,334,procfs,,yes,no,yes,SOURCE_ONLY,"proc_create(""driver/camsensor4"", 0, NULL, &fcamera_proc_fops4);"
mt8183-kernel,platform/kernel/mediatek/mt8183/4.4/drivers/misc/mediatek/imgsensor/src/common/v1_1/imgsensor_proc.c,335,procfs,,yes,no,yes,SOURCE_ONLY,"proc_create(""driver/pdaf_type"", 0, NULL, &fcamera_proc_fops_set_pdaf_type);"
mt8183-kernel,platform/kernel/mediatek/mt8183/4.4/drivers/misc/mediatek/imgsensor/src/common/v1_1/imgsensor_proc.c,336,procfs,,yes,no,yes,SOURCE_ONLY,"proc_create(""driver/imgsensor_status_info"", 0, NULL, &fcamera_proc_fops_status_info);"
mt8183-kernel,platform/kernel/mediatek/mt8183/4.4/drivers/misc/mediatek/imgsensor/src/common/v1_1/imgsensor_proc.c,339,procfs,,yes,no,yes,SOURCE_ONLY,"proc_create(PROC_CAMERA_INFO, 0, NULL, &fcamera_proc_fops1);"
mt8183-kernel,platform/kernel/mediatek/mt8183/4.4/drivers/misc/mediatek/imgsensor/src/common/v1_1/seninf.c,207,usercopy,seninf_ioctl,yes,no,yes,SOURCE_ONLY,"if (copy_from_user(pbuff, (void *)arg, _IOC_SIZE(cmd))) {"
mt8183-kernel,platform/kernel/mediatek/mt8183/4.4/drivers/misc/mediatek/imgsensor/src/common/v1_1/seninf.c,253,usercopy,,yes,no,yes,SOURCE_ONLY,"if ((_IOC_READ & _IOC_DIR(cmd)) && copy_to_user((void __user *)arg, pbuff, _IOC_SIZE(cmd))) {"
mt8183-kernel,platform/kernel/mediatek/mt8183/4.4/drivers/misc/mediatek/imgsensor/src/common/v1_1/seninf.c,282,ioctl_entry;write_handler,seninf_ioctl_compat,yes,no,yes,SOURCE_ONLY,".unlocked_ioctl = seninf_ioctl,"
mt8183-kernel,platform/kernel/mediatek/mt8183/4.4/drivers/misc/mediatek/imgsensor/src/common/v1_1/seninf.c,284,ioctl_entry;write_handler,seninf_ioctl_compat,yes,no,yes,SOURCE_ONLY,".compat_ioctl = seninf_ioctl_compat,"
mt8183-kernel,platform/kernel/mediatek/mt8183/4.4/drivers/misc/mediatek/imgsensor/src/common/v1_1/seninf.c,341,device_create,,yes,no,yes,SOURCE_ONLY,"dev = device_create(pseninf->pclass, NULL, pseninf->dev_no, NULL, SENINF_DEV_NAME);"
mt8183-kernel,platform/kernel/mediatek/mt8183/4.4/drivers/misc/mediatek/jpeg/v2/jpeg_drv.c,549,usercopy,,yes,no,yes,SOURCE_ONLY,"if (copy_from_user(&dec_params, (void *)arg, sizeof(JPEG_DEC_DRV_IN))) {"
mt8183-kernel,platform/kernel/mediatek/mt8183/4.4/drivers/misc/mediatek/jpeg/v2/jpeg_drv.c,582,usercopy,,yes,no,yes,SOURCE_ONLY,"if (copy_from_user(&cfg_cmdq_params, (void *)arg, sizeof(JPEG_DEC_CONFIG_CMDQ))) {"
mt8183-kernel,platform/kernel/mediatek/mt8183/4.4/drivers/misc/mediatek/jpeg/v2/jpeg_drv.c,639,usercopy,,yes,no,yes,SOURCE_ONLY,"if (copy_from_user(&dec_row_params, (void *)arg, sizeof(JPEG_DEC_CONFIG_ROW))) {"
mt8183-kernel,platform/kernel/mediatek/mt8183/4.4/drivers/misc/mediatek/jpeg/v2/jpeg_drv.c,688,usercopy,,yes,no,yes,SOURCE_ONLY,"if (copy_from_user(&outParams, (void *)arg, sizeof(JPEG_DEC_DRV_OUT))) {"
mt8183-kernel,platform/kernel/mediatek/mt8183/4.4/drivers/misc/mediatek/jpeg/v2/jpeg_drv.c,734,usercopy,,yes,no,yes,SOURCE_ONLY,"if (copy_to_user(outParams.result, &decResult, sizeof(unsigned int))) {"
mt8183-kernel,platform/kernel/mediatek/mt8183/4.4/drivers/misc/mediatek/jpeg/v2/jpeg_drv.c,842,usercopy,,yes,no,yes,SOURCE_ONLY,"if (copy_from_user(&cfgEnc, (void *)arg, sizeof(JPEG_ENC_DRV_IN))) {"
mt8183-kernel,platform/kernel/mediatek/mt8183/4.4/drivers/misc/mediatek/jpeg/v2/jpeg_drv.c,965,usercopy,,yes,no,yes,SOURCE_ONLY,"if (copy_from_user(&enc_result, (void *)arg, sizeof(JPEG_ENC_DRV_OUT))) {"
mt8183-kernel,platform/kernel/mediatek/mt8183/4.4/drivers/misc/mediatek/jpeg/v2/jpeg_drv.c,1026,usercopy,,yes,no,yes,SOURCE_ONLY,"if (copy_to_user(enc_result.fileSize, &file_size, sizeof(unsigned int))) {"
mt8183-kernel,platform/kernel/mediatek/mt8183/4.4/drivers/misc/mediatek/jpeg/v2/jpeg_drv.c,1030,usercopy,,yes,no,yes,SOURCE_ONLY,"if (copy_to_user(enc_result.result, &ret, sizeof(unsigned int))) {"
mt8183-kernel,platform/kernel/mediatek/mt8183/4.4/drivers/misc/mediatek/jpeg/v2/jpeg_drv.c,1034,usercopy,,yes,no,yes,SOURCE_ONLY,"if (copy_to_user(enc_result.cycleCount, &cycle_count, sizeof(unsigned int))) {"
mt8183-kernel,platform/kernel/mediatek/mt8183/4.4/drivers/misc/mediatek/jpeg/v2/jpeg_drv.c,1081,usercopy,,yes,no,yes,SOURCE_ONLY,"err = get_user(timeout, &data32->timeout);"
mt8183-kernel,platform/kernel/mediatek/mt8183/4.4/drivers/misc/mediatek/jpeg/v2/jpeg_drv.c,1082,usercopy,,yes,no,yes,SOURCE_ONLY,"err |= put_user(timeout, &data->timeout);"
mt8183-kernel,platform/kernel/mediatek/mt8183/4.4/drivers/misc/mediatek/jpeg/v2/jpeg_drv.c,1083,usercopy,,yes,no,yes,SOURCE_ONLY,"err |= get_user(result, &data32->result);"
mt8183-kernel,platform/kernel/mediatek/mt8183/4.4/drivers/misc/mediatek/jpeg/v2/jpeg_drv.c,1084,usercopy,,yes,no,yes,SOURCE_ONLY,"err |= put_user(compat_ptr(result), &data->result);"
mt8183-kernel,platform/kernel/mediatek/mt8183/4.4/drivers/misc/mediatek/jpeg/v2/jpeg_drv.c,1094,usercopy,,yes,no,yes,SOURCE_ONLY,"err = get_user(timeout, &data->timeout);"
mt8183-kernel,platform/kernel/mediatek/mt8183/4.4/drivers/misc/mediatek/jpeg/v2/jpeg_drv.c,1095,usercopy,,yes,no,yes,SOURCE_ONLY,"err |= put_user(timeout, &data32->timeout);"
mt8183-kernel,platform/kernel/mediatek/mt8183/4.4/drivers/misc/mediatek/jpeg/v2/jpeg_drv.c,1096,usercopy,,yes,no,yes,SOURCE_ONLY,"/* err |= get_user(result, &data->result); */"
mt8183-kernel,platform/kernel/mediatek/mt8183/4.4/drivers/misc/mediatek/jpeg/v2/jpeg_drv.c,1097,usercopy,,yes,no,yes,SOURCE_ONLY,"/* err |= put_user(result, &data32->result); */"
mt8183-kernel,platform/kernel/mediatek/mt8183/4.4/drivers/misc/mediatek/jpeg/v2/jpeg_drv.c,1106,usercopy,,yes,no,yes,SOURCE_ONLY,"err = get_user(pChksum, &data32->pChksum);"
mt8183-kernel,platform/kernel/mediatek/mt8183/4.4/drivers/misc/mediatek/jpeg/v2/jpeg_drv.c,1107,usercopy,,yes,no,yes,SOURCE_ONLY,"err |= put_user(compat_ptr(pChksum), &data->pChksum);"
mt8183-kernel,platform/kernel/mediatek/mt8183/4.4/drivers/misc/mediatek/jpeg/v2/jpeg_drv.c,1116,usercopy,,yes,no,yes,SOURCE_ONLY,"/* err = get_user(pChksum, &data->pChksum); */"
mt8183-kernel,platform/kernel/mediatek/mt8183/4.4/drivers/misc/mediatek/jpeg/v2/jpeg_drv.c,1117,usercopy,,yes,no,yes,SOURCE_ONLY,"/* err |= put_user(pChksum, &data32->pChksum); */"
mt8183-kernel,platform/kernel/mediatek/mt8183/4.4/drivers/misc/mediatek/jpeg/v2/jpeg_drv.c,1129,usercopy,,yes,no,yes,SOURCE_ONLY,"err = get_user(timeout, &data32->timeout);"
mt8183-kernel,platform/kernel/mediatek/mt8183/4.4/drivers/misc/mediatek/jpeg/v2/jpeg_drv.c,1130,usercopy,,yes,no,yes,SOURCE_ONLY,"err |= put_user(timeout, &data->timeout);"
mt8183-kernel,platform/kernel/mediatek/mt8183/4.4/drivers/misc/mediatek/jpeg/v2/jpeg_drv.c,1131,usercopy,,yes,no,yes,SOURCE_ONLY,"err |= get_user(fileSize, &data32->fileSize);"
mt8183-kernel,platform/kernel/mediatek/mt8183/4.4/drivers/misc/mediatek/jpeg/v2/jpeg_drv.c,1132,usercopy,,yes,no,yes,SOURCE_ONLY,"err |= put_user(compat_ptr(fileSize), &data->fileSize);"
mt8183-kernel,platform/kernel/mediatek/mt8183/4.4/drivers/misc/mediatek/jpeg/v2/jpeg_drv.c,1133,usercopy,,yes,no,yes,SOURCE_ONLY,"err |= get_user(result, &data32->result);"
mt8183-kernel,platform/kernel/mediatek/mt8183/4.4/drivers/misc/mediatek/jpeg/v2/jpeg_drv.c,1134,usercopy,,yes,no,yes,SOURCE_ONLY,"err |= put_user(compat_ptr(result), &data->result);"
mt8183-kernel,platform/kernel/mediatek/mt8183/4.4/drivers/misc/mediatek/jpeg/v2/jpeg_drv.c,1135,usercopy,,yes,no,yes,SOURCE_ONLY,"err |= get_user(cycleCount, &data32->cycleCount);"
mt8183-kernel,platform/kernel/mediatek/mt8183/4.4/drivers/misc/mediatek/jpeg/v2/jpeg_drv.c,1136,usercopy,,yes,no,yes,SOURCE_ONLY,"err |= put_user(compat_ptr(cycleCount), &data->cycleCount);"
mt8183-kernel,platform/kernel/mediatek/mt8183/4.4/drivers/misc/mediatek/jpeg/v2/jpeg_drv.c,1148,usercopy,,yes,no,yes,SOURCE_ONLY,"err = get_user(timeout, &data->timeout);"
mt8183-kernel,platform/kernel/mediatek/mt8183/4.4/drivers/misc/mediatek/jpeg/v2/jpeg_drv.c,1149,usercopy,,yes,no,yes,SOURCE_ONLY,"err |= put_user(timeout, &data32->timeout);"
mt8183-kernel,platform/kernel/mediatek/mt8183/4.4/drivers/misc/mediatek/jpeg/v2/jpeg_drv.c,1150,usercopy,,yes,no,yes,SOURCE_ONLY,"/* err |= get_user(fileSize, &data->fileSize); */"
mt8183-kernel,platform/kernel/mediatek/mt8183/4.4/drivers/misc/mediatek/jpeg/v2/jpeg_drv.c,1151,usercopy,,yes,no,yes,SOURCE_ONLY,"/* err |= put_user(fileSize, &data32->fileSize); */"
mt8183-kernel,platform/kernel/mediatek/mt8183/4.4/drivers/misc/mediatek/jpeg/v2/jpeg_drv.c,1152,usercopy,,yes,no,yes,SOURCE_ONLY,"/* err |= get_user(result, &data->result); */"
mt8183-kernel,platform/kernel/mediatek/mt8183/4.4/drivers/misc/mediatek/jpeg/v2/jpeg_drv.c,1153,usercopy,,yes,no,yes,SOURCE_ONLY,"/* err |= put_user(result, &data32->result); */"
mt8183-kernel,platform/kernel/mediatek/mt8183/4.4/drivers/misc/mediatek/jpeg/v2/jpeg_drv.c,1154,usercopy,,yes,no,yes,SOURCE_ONLY,"/* err |= get_user(cycleCount, &data->cycleCount); */"
mt8183-kernel,platform/kernel/mediatek/mt8183/4.4/drivers/misc/mediatek/jpeg/v2/jpeg_drv.c,1155,usercopy,,yes,no,yes,SOURCE_ONLY,"/* err |= put_user(cycleCount, &data32->cycleCount); */"
mt8183-kernel,platform/kernel/mediatek/mt8183/4.4/drivers/misc/mediatek/jpeg/v2/jpeg_drv.c,1338,ioctl_entry;write_handler,jpeg_flush,yes,no,yes,SOURCE_ONLY,".unlocked_ioctl = jpeg_unlocked_ioctl,"
mt8183-kernel,platform/kernel/mediatek/mt8183/4.4/drivers/misc/mediatek/jpeg/v2/jpeg_drv.c,1340,ioctl_entry;write_handler,jpeg_flush,yes,no,yes,SOURCE_ONLY,".compat_ioctl = compat_jpeg_ioctl,"
mt8183-kernel,platform/kernel/mediatek/mt8183/4.4/drivers/misc/mediatek/jpeg/v2/jpeg_drv.c,1455,device_create,,yes,no,yes,SOURCE_ONLY,"(struct class_device *)device_create(jenc_class, NULL, jenc_devno, NULL, JPEG_DEVNAME);"
mt8183-kernel,platform/kernel/mediatek/mt8183/4.4/drivers/misc/mediatek/jpeg/v2/jpeg_drv.c,1457,procfs,,yes,no,yes,SOURCE_ONLY,"proc_create(""mtk_jpeg"", 0, NULL, &jpeg_fops);"
mt8183-kernel,platform/kernel/mediatek/mt8183/4.4/drivers/misc/mediatek/jpeg/v2/jpeg_drv.c,1617,ioctl_entry;write_handler,jpeg_device_release,yes,no,yes,SOURCE_ONLY,".unlocked_ioctl = NULL,"
mt8183-kernel,platform/kernel/mediatek/mt8183/4.4/drivers/misc/mediatek/jpeg/v2/jpeg_drv.c,1619,ioctl_entry;write_handler,jpeg_device_release,yes,no,yes,SOURCE_ONLY,".compat_ioctl = NULL,"
mt8183-kernel,platform/kernel/mediatek/mt8183/4.4/drivers/misc/mediatek/jpeg/v2/jpeg_drv.c,1651,device_create,jdec_probe,yes,no,yes,SOURCE_ONLY,"(struct class_device *)device_create(jdec_class, NULL, jdec_devno, NULL, JDEC_DEVNAME);"
mt8183-kernel,platform/kernel/mediatek/mt8183/4.4/drivers/misc/mediatek/jpeg/v2/jpeg_drv.c,1653,procfs,jdec_probe,yes,no,yes,SOURCE_ONLY,"proc_create(JDEC_DEVNAME, 0, NULL, &jdec_fops);"
mt8183-kernel,platform/kernel/mediatek/mt8183/4.4/drivers/misc/mediatek/leds/mtk_leds_drv.c,471,sysfs_or_store,,no,no,no,SOURCE_ONLY,"static DEVICE_ATTR(thermal_brightness, 0440, thermal_brightness_show, NULL);"
mt8183-kernel,platform/kernel/mediatek/mt8183/4.4/drivers/misc/mediatek/leds/mtk_leds_drv.c,479,sysfs_or_store,,no,no,no,SOURCE_ONLY,"static DEVICE_ATTR(thermal_limit_brightness, 0440, thermal_limit_brightness_show, NULL);"
mt8183-kernel,platform/kernel/mediatek/mt8183/4.4/drivers/misc/mediatek/leds/mtk_leds_drv.c,536,sysfs_or_store,,no,no,no,SOURCE_ONLY,"static DEVICE_ATTR(duty, 0664, show_duty, store_duty);"
mt8183-kernel,platform/kernel/mediatek/mt8183/4.4/drivers/misc/mediatek/leds/mtk_leds_drv.c,592,sysfs_or_store,,no,no,no,SOURCE_ONLY,"static DEVICE_ATTR(div, 0664, show_div, store_div);"
mt8183-kernel,platform/kernel/mediatek/mt8183/4.4/drivers/misc/mediatek/leds/mtk_leds_drv.c,613,sysfs_or_store,,no,no,no,SOURCE_ONLY,"static DEVICE_ATTR(frequency, 0444, show_frequency, NULL);"
mt8183-kernel,platform/kernel/mediatek/mt8183/4.4/drivers/misc/mediatek/leds/mtk_leds_drv.c,650,sysfs_or_store,,no,no,no,SOURCE_ONLY,"static DEVICE_ATTR(pwm_register, 0664, show_pwm_register, store_pwm_register);"
mt8183-kernel,platform/kernel/mediatek/mt8183/4.4/drivers/misc/mediatek/leds/mtk_leds_drv.c,667,sysfs_or_store,,no,no,no,SOURCE_ONLY,"ret = kstrtouint(buf, 0, &cus_val);"
mt8183-kernel,platform/kernel/mediatek/mt8183/4.4/drivers/misc/mediatek/leds/mtk_leds_drv.c,676,sysfs_or_store,,no,no,no,SOURCE_ONLY,"static DEVICE_ATTR(normalize_enable, 0664, show_normalize_enable, store_normalize_enable);"
mt8183-kernel,platform/kernel/mediatek/mt8183/4.4/drivers/misc/mediatek/leds/mtk_leds_drv.c,975,module_param,mt65xx_leds_exit,no,no,no,SOURCE_ONLY,"module_param(debug_enable_led, int, 0644);"
mt8183-kernel,platform/kernel/mediatek/mt8183/4.4/drivers/misc/mediatek/lens/sub/common/lc898214af/LC898214AF.c,125,usercopy,getAFInfo,yes,no,no,SOURCE_ONLY,"if (copy_to_user(pstMotorInfo, &stMotorInfo, sizeof(struct stAF_MotorInfo)))"
mt8183-kernel,platform/kernel/mediatek/mt8183/4.4/drivers/misc/mediatek/log_store/log_store.c,188,procfs,,no,no,no,SOURCE_ONLY,"entry = proc_create(""pl_lk"", 0444, NULL, &pl_lk_file_ops);"
mt8183-kernel,platform/kernel/mediatek/mt8183/4.4/drivers/misc/mediatek/m4u/2.4/m4u.c,1593,usercopy,MTK_M4U_ioctl,yes,no,yes,SOURCE_ONLY,"ret = copy_from_user(&ModuleID, (void *)arg, sizeof(unsigned int));"
mt8183-kernel,platform/kernel/mediatek/mt8183/4.4/drivers/misc/mediatek/m4u/2.4/m4u.c,1606,usercopy,MTK_M4U_ioctl,yes,no,yes,SOURCE_ONLY,"ret = copy_from_user(&ModuleID, (void *)arg, sizeof(unsigned int));"
mt8183-kernel,platform/kernel/mediatek/mt8183/4.4/drivers/misc/mediatek/m4u/2.4/m4u.c,1619,usercopy,MTK_M4U_ioctl,yes,no,yes,SOURCE_ONLY,"ret = copy_from_user(&m4u_module, (void *)arg, sizeof(struct M4U_MOUDLE_STRUCT));"
mt8183-kernel,platform/kernel/mediatek/mt8183/4.4/drivers/misc/mediatek/m4u/2.4/m4u.c,1635,usercopy,,yes,no,yes,SOURCE_ONLY,"ret = copy_to_user(&(((struct M4U_MOUDLE_STRUCT *) arg)->MVAStart),"
mt8183-kernel,platform/kernel/mediatek/mt8183/4.4/drivers/misc/mediatek/m4u/2.4/m4u.c,1645,usercopy,,yes,no,yes,SOURCE_ONLY,"ret = copy_from_user(&m4u_module, (void *)arg, sizeof(struct M4U_MOUDLE_STRUCT));"
mt8183-kernel,platform/kernel/mediatek/mt8183/4.4/drivers/misc/mediatek/m4u/2.4/m4u.c,1666,usercopy,,yes,no,yes,SOURCE_ONLY,"ret = copy_from_user(&ModuleID, (void *)arg, sizeof(unsigned int));"
mt8183-kernel,platform/kernel/mediatek/mt8183/4.4/drivers/misc/mediatek/m4u/2.4/m4u.c,1678,usercopy,,yes,no,yes,SOURCE_ONLY,"ret = copy_from_user(&m4u_cache_data, (void *)arg, sizeof(struct M4U_CACHE_STRUCT));"
mt8183-kernel,platform/kernel/mediatek/mt8183/4.4/drivers/misc/mediatek/m4u/2.4/m4u.c,1698,usercopy,,yes,no,yes,SOURCE_ONLY,"ret = copy_from_user(&m4u_dma_data, (void *) arg,"
mt8183-kernel,platform/kernel/mediatek/mt8183/4.4/drivers/misc/mediatek/m4u/2.4/m4u.c,1719,usercopy,,yes,no,yes,SOURCE_ONLY,"ret = copy_from_user(&m4u_port, (void *)arg, sizeof(M4U_PORT_STRUCT));"
mt8183-kernel,platform/kernel/mediatek/mt8183/4.4/drivers/misc/mediatek/m4u/2.4/m4u.c,1731,usercopy,,yes,no,yes,SOURCE_ONLY,"ret = copy_from_user(&PortID, (void *)arg, sizeof(unsigned int));"
mt8183-kernel,platform/kernel/mediatek/mt8183/4.4/drivers/misc/mediatek/m4u/2.4/m4u.c,1749,usercopy,,yes,no,yes,SOURCE_ONLY,"ret = copy_from_user(&PortID, (void *)arg, sizeof(unsigned int));"
mt8183-kernel,platform/kernel/mediatek/mt8183/4.4/drivers/misc/mediatek/m4u/2.4/m4u.c,1774,usercopy,,yes,no,yes,SOURCE_ONLY,"ret = copy_from_user(&port_array, (void *)arg, sizeof(struct m4u_port_array));"
mt8183-kernel,platform/kernel/mediatek/mt8183/4.4/drivers/misc/mediatek/m4u/2.4/m4u.c,1786,usercopy,,yes,no,yes,SOURCE_ONLY,"ret = copy_from_user(&rM4UTF, (void *)arg, sizeof(struct M4U_TF_STRUCT));"
mt8183-kernel,platform/kernel/mediatek/mt8183/4.4/drivers/misc/mediatek/m4u/2.4/m4u.c,1858,usercopy,,yes,no,yes,SOURCE_ONLY,"err = get_user(u, &(data32->port));"
mt8183-kernel,platform/kernel/mediatek/mt8183/4.4/drivers/misc/mediatek/m4u/2.4/m4u.c,1859,usercopy,,yes,no,yes,SOURCE_ONLY,"err |= put_user(u, &(data->port));"
mt8183-kernel,platform/kernel/mediatek/mt8183/4.4/drivers/misc/mediatek/m4u/2.4/m4u.c,1860,usercopy,,yes,no,yes,SOURCE_ONLY,"err |= get_user(l, &(data32->BufAddr));"
mt8183-kernel,platform/kernel/mediatek/mt8183/4.4/drivers/misc/mediatek/m4u/2.4/m4u.c,1861,usercopy,,yes,no,yes,SOURCE_ONLY,"err |= put_user(l, &(data->BufAddr));"
mt8183-kernel,platform/kernel/mediatek/mt8183/4.4/drivers/misc/mediatek/m4u/2.4/m4u.c,1862,usercopy,,yes,no,yes,SOURCE_ONLY,"err |= get_user(u, &(data32->BufSize));"
mt8183-kernel,platform/kernel/mediatek/mt8183/4.4/drivers/misc/mediatek/m4u/2.4/m4u.c,1863,usercopy,,yes,no,yes,SOURCE_ONLY,"err |= put_user(u, &(data->BufSize));"
mt8183-kernel,platform/kernel/mediatek/mt8183/4.4/drivers/misc/mediatek/m4u/2.4/m4u.c,1864,usercopy,,yes,no,yes,SOURCE_ONLY,"err |= get_user(u, &(data32->prot));"
mt8183-kernel,platform/kernel/mediatek/mt8183/4.4/drivers/misc/mediatek/m4u/2.4/m4u.c,1865,usercopy,,yes,no,yes,SOURCE_ONLY,"err |= put_user(u, &(data->prot));"
mt8183-kernel,platform/kernel/mediatek/mt8183/4.4/drivers/misc/mediatek/m4u/2.4/m4u.c,1866,usercopy,,yes,no,yes,SOURCE_ONLY,"err |= get_user(u, &(data32->MVAStart));"
mt8183-kernel,platform/kernel/mediatek/mt8183/4.4/drivers/misc/mediatek/m4u/2.4/m4u.c,1867,usercopy,,yes,no,yes,SOURCE_ONLY,"err |= put_user(u, &(data->MVAStart));"
mt8183-kernel,platform/kernel/mediatek/mt8183/4.4/drivers/misc/mediatek/m4u/2.4/m4u.c,1868,usercopy,,yes,no,yes,SOURCE_ONLY,"err |= get_user(u, &(data32->MVAEnd));"
mt8183-kernel,platform/kernel/mediatek/mt8183/4.4/drivers/misc/mediatek/m4u/2.4/m4u.c,1869,usercopy,,yes,no,yes,SOURCE_ONLY,"err |= put_user(u, &(data->MVAEnd));"
mt8183-kernel,platform/kernel/mediatek/mt8183/4.4/drivers/misc/mediatek/m4u/2.4/m4u.c,1870,usercopy,,yes,no,yes,SOURCE_ONLY,"err |= get_user(u, &(data32->flags));"
mt8183-kernel,platform/kernel/mediatek/mt8183/4.4/drivers/misc/mediatek/m4u/2.4/m4u.c,1871,usercopy,,yes,no,yes,SOURCE_ONLY,"err |= put_user(u, &(data->flags));"
mt8183-kernel,platform/kernel/mediatek/mt8183/4.4/drivers/misc/mediatek/m4u/2.4/m4u.c,1883,usercopy,,yes,no,yes,SOURCE_ONLY,"err = get_user(u, &(data->port));"
mt8183-kernel,platform/kernel/mediatek/mt8183/4.4/drivers/misc/mediatek/m4u/2.4/m4u.c,1884,usercopy,,yes,no,yes,SOURCE_ONLY,"err |= put_user(u, &(data32->port));"
mt8183-kernel,platform/kernel/mediatek/mt8183/4.4/drivers/misc/mediatek/m4u/2.4/m4u.c,1885,usercopy,,yes,no,yes,SOURCE_ONLY,"err |= get_user(l, &(data->BufAddr));"
mt8183-kernel,platform/kernel/mediatek/mt8183/4.4/drivers/misc/mediatek/m4u/2.4/m4u.c,1886,usercopy,,yes,no,yes,SOURCE_ONLY,"err |= put_user(l, &(data32->BufAddr));"
mt8183-kernel,platform/kernel/mediatek/mt8183/4.4/drivers/misc/mediatek/m4u/2.4/m4u.c,1887,usercopy,,yes,no,yes,SOURCE_ONLY,"err |= get_user(u, &(data->BufSize));"
mt8183-kernel,platform/kernel/mediatek/mt8183/4.4/drivers/misc/mediatek/m4u/2.4/m4u.c,1888,usercopy,,yes,no,yes,SOURCE_ONLY,"err |= put_user(u, &(data32->BufSize));"
mt8183-kernel,platform/kernel/mediatek/mt8183/4.4/drivers/misc/mediatek/m4u/2.4/m4u.c,1889,usercopy,,yes,no,yes,SOURCE_ONLY,"err |= get_user(u, &(data->prot));"
mt8183-kernel,platform/kernel/mediatek/mt8183/4.4/drivers/misc/mediatek/m4u/2.4/m4u.c,1890,usercopy,,yes,no,yes,SOURCE_ONLY,"err |= put_user(u, &(data32->prot));"
mt8183-kernel,platform/kernel/mediatek/mt8183/4.4/drivers/misc/mediatek/m4u/2.4/m4u.c,1891,usercopy,,yes,no,yes,SOURCE_ONLY,"err |= get_user(u, &(data->MVAStart));"
mt8183-kernel,platform/kernel/mediatek/mt8183/4.4/drivers/misc/mediatek/m4u/2.4/m4u.c,1892,usercopy,,yes,no,yes,SOURCE_ONLY,"err |= put_user(u, &(data32->MVAStart));"
mt8183-kernel,platform/kernel/mediatek/mt8183/4.4/drivers/misc/mediatek/m4u/2.4/m4u.c,1893,usercopy,,yes,no,yes,SOURCE_ONLY,"err |= get_user(u, &(data->MVAEnd));"
mt8183-kernel,platform/kernel/mediatek/mt8183/4.4/drivers/misc/mediatek/m4u/2.4/m4u.c,1894,usercopy,,yes,no,yes,SOURCE_ONLY,"err |= put_user(u, &(data32->MVAEnd));"
mt8183-kernel,platform/kernel/mediatek/mt8183/4.4/drivers/misc/mediatek/m4u/2.4/m4u.c,1895,usercopy,,yes,no,yes,SOURCE_ONLY,"err |= get_user(u, &(data->flags));"
mt8183-kernel,platform/kernel/mediatek/mt8183/4.4/drivers/misc/mediatek/m4u/2.4/m4u.c,1896,usercopy,,yes,no,yes,SOURCE_ONLY,"err |= put_user(u, &(data32->flags));"
mt8183-kernel,platform/kernel/mediatek/mt8183/4.4/drivers/misc/mediatek/m4u/2.4/m4u.c,1908,usercopy,,yes,no,yes,SOURCE_ONLY,"err = get_user(u, &(data32->port));"
mt8183-kernel,platform/kernel/mediatek/mt8183/4.4/drivers/misc/mediatek/m4u/2.4/m4u.c,1909,usercopy,,yes,no,yes,SOURCE_ONLY,"err |= put_user(u, &(data->port));"
mt8183-kernel,platform/kernel/mediatek/mt8183/4.4/drivers/misc/mediatek/m4u/2.4/m4u.c,1910,usercopy,,yes,no,yes,SOURCE_ONLY,"err |= get_user(u, &(data32->eCacheSync));"
mt8183-kernel,platform/kernel/mediatek/mt8183/4.4/drivers/misc/mediatek/m4u/2.4/m4u.c,1911,usercopy,,yes,no,yes,SOURCE_ONLY,"err |= put_user(u, &(data->eCacheSync));"
mt8183-kernel,platform/kernel/mediatek/mt8183/4.4/drivers/misc/mediatek/m4u/2.4/m4u.c,1912,usercopy,,yes,no,yes,SOURCE_ONLY,"err |= get_user(l, &(data32->va));"
mt8183-kernel,platform/kernel/mediatek/mt8183/4.4/drivers/misc/mediatek/m4u/2.4/m4u.c,1913,usercopy,,yes,no,yes,SOURCE_ONLY,"err |= put_user(l, &(data->va));"
mt8183-kernel,platform/kernel/mediatek/mt8183/4.4/drivers/misc/mediatek/m4u/2.4/m4u.c,1914,usercopy,,yes,no,yes,SOURCE_ONLY,"err |= get_user(u, &(data32->size));"
mt8183-kernel,platform/kernel/mediatek/mt8183/4.4/drivers/misc/mediatek/m4u/2.4/m4u.c,1915,usercopy,,yes,no,yes,SOURCE_ONLY,"err |= put_user(u, &(data->size));"
mt8183-kernel,platform/kernel/mediatek/mt8183/4.4/drivers/misc/mediatek/m4u/2.4/m4u.c,1916,usercopy,,yes,no,yes,SOURCE_ONLY,"err |= get_user(u, &(data32->mva));"
mt8183-kernel,platform/kernel/mediatek/mt8183/4.4/drivers/misc/mediatek/m4u/2.4/m4u.c,1917,usercopy,,yes,no,yes,SOURCE_ONLY,"err |= put_user(u, &(data->mva));"
mt8183-kernel,platform/kernel/mediatek/mt8183/4.4/drivers/misc/mediatek/m4u/2.4/m4u.c,1930,usercopy,,yes,no,yes,SOURCE_ONLY,"err = get_user(u, &(data32->port));"
mt8183-kernel,platform/kernel/mediatek/mt8183/4.4/drivers/misc/mediatek/m4u/2.4/m4u.c,1931,usercopy,,yes,no,yes,SOURCE_ONLY,"err |= put_user(u, &(data->port));"
mt8183-kernel,platform/kernel/mediatek/mt8183/4.4/drivers/misc/mediatek/m4u/2.4/m4u.c,1932,usercopy,,yes,no,yes,SOURCE_ONLY,"err |= get_user(u, &(data32->eDMAType));"
mt8183-kernel,platform/kernel/mediatek/mt8183/4.4/drivers/misc/mediatek/m4u/2.4/m4u.c,1933,usercopy,,yes,no,yes,SOURCE_ONLY,"err |= put_user(u, &(data->eDMAType));"
mt8183-kernel,platform/kernel/mediatek/mt8183/4.4/drivers/misc/mediatek/m4u/2.4/m4u.c,1934,usercopy,,yes,no,yes,SOURCE_ONLY,"err |= get_user(u, &(data32->eDMADir));"
mt8183-kernel,platform/kernel/mediatek/mt8183/4.4/drivers/misc/mediatek/m4u/2.4/m4u.c,1935,usercopy,,yes,no,yes,SOURCE_ONLY,"err |= put_user(u, &(data->eDMADir));"
mt8183-kernel,platform/kernel/mediatek/mt8183/4.4/drivers/misc/mediatek/m4u/2.4/m4u.c,1936,usercopy,,yes,no,yes,SOURCE_ONLY,"err |= get_user(l, &(data32->va));"
mt8183-kernel,platform/kernel/mediatek/mt8183/4.4/drivers/misc/mediatek/m4u/2.4/m4u.c,1937,usercopy,,yes,no,yes,SOURCE_ONLY,"err |= put_user(l, &(data->va));"
mt8183-kernel,platform/kernel/mediatek/mt8183/4.4/drivers/misc/mediatek/m4u/2.4/m4u.c,1938,usercopy,,yes,no,yes,SOURCE_ONLY,"err |= get_user(u, &(data32->size));"
mt8183-kernel,platform/kernel/mediatek/mt8183/4.4/drivers/misc/mediatek/m4u/2.4/m4u.c,1939,usercopy,,yes,no,yes,SOURCE_ONLY,"err |= put_user(u, &(data->size));"
mt8183-kernel,platform/kernel/mediatek/mt8183/4.4/drivers/misc/mediatek/m4u/2.4/m4u.c,1940,usercopy,,yes,no,yes,SOURCE_ONLY,"err |= get_user(u, &(data32->mva));"
mt8183-kernel,platform/kernel/mediatek/mt8183/4.4/drivers/misc/mediatek/m4u/2.4/m4u.c,1941,usercopy,,yes,no,yes,SOURCE_ONLY,"err |= put_user(u, &(data->mva));"
mt8183-kernel,platform/kernel/mediatek/mt8183/4.4/drivers/misc/mediatek/m4u/2.4/m4u.c,2058,ioctl_entry;write_handler,,yes,no,yes,SOURCE_ONLY,".unlocked_ioctl = MTK_M4U_ioctl,"
mt8183-kernel,platform/kernel/mediatek/mt8183/4.4/drivers/misc/mediatek/m4u/2.4/m4u.c,2059,ioctl_entry;write_handler,,yes,no,yes,SOURCE_ONLY,".compat_ioctl = MTK_M4U_COMPAT_ioctl,"
mt8183-kernel,platform/kernel/mediatek/mt8183/4.4/drivers/misc/mediatek/m4u/2.4/m4u.c,2261,misc_register,MTK_M4U_Init,yes,no,yes,SOURCE_ONLY,ret = misc_register(&(gM4uDev->dev));
mt8183-kernel,platform/kernel/mediatek/mt8183/4.4/drivers/misc/mediatek/m4u/2.4/m4u.c,2268,procfs,MTK_M4U_Init,yes,no,yes,SOURCE_ONLY,"gM4uDev->m4u_dev_proc_entry = proc_create(""m4u"", 0, NULL, &m4u_fops);"
mt8183-kernel,platform/kernel/mediatek/mt8183/4.4/drivers/misc/mediatek/m4u/2.4/m4u_debug.c,1500,debugfs,m4u_debug_init,no,no,no,SOURCE_ONLY,"m4u_dev->debug_root = debugfs_create_dir(""m4u"", NULL);"
mt8183-kernel,platform/kernel/mediatek/mt8183/4.4/drivers/misc/mediatek/m4u/2.4/m4u_debug.c,1505,debugfs,m4u_debug_init,no,no,no,SOURCE_ONLY,"debug_file = debugfs_create_file(""buffer"", 0600, m4u_dev->debug_root, domain, &m4u_debug_buf_fops);"
mt8183-kernel,platform/kernel/mediatek/mt8183/4.4/drivers/misc/mediatek/m4u/2.4/m4u_debug.c,1509,debugfs,m4u_debug_init,no,no,no,SOURCE_ONLY,"debug_file = debugfs_create_file(""debug"", 0600, m4u_dev->debug_root, domain, &m4u_debug_fops);"
mt8183-kernel,platform/kernel/mediatek/mt8183/4.4/drivers/misc/mediatek/m4u/2.4/m4u_debug.c,1514,debugfs,m4u_debug_init,no,no,no,SOURCE_ONLY,"debug_file = debugfs_create_file(""test"", 0600, m4u_dev->debug_root, domain, &m4u_test_fops);"
mt8183-kernel,platform/kernel/mediatek/mt8183/4.4/drivers/misc/mediatek/m4u/2.4/m4u_debug.c,1519,debugfs,m4u_debug_init,no,no,no,SOURCE_ONLY,"debug_file = debugfs_create_file(""port"", 0600, m4u_dev->debug_root, domain, &m4u_debug_port_fops);"
mt8183-kernel,platform/kernel/mediatek/mt8183/4.4/drivers/misc/mediatek/m4u/2.4/m4u_debug.c,1523,debugfs,m4u_debug_init,no,no,no,SOURCE_ONLY,"debug_file = debugfs_create_file(""log_level"", 0600, m4u_dev->debug_root, domain, &m4u_log_level_fops);"
mt8183-kernel,platform/kernel/mediatek/mt8183/4.4/drivers/misc/mediatek/m4u/2.4/m4u_debug.c,1527,debugfs,m4u_debug_init,no,no,no,SOURCE_ONLY,"debug_file = debugfs_create_file(""monitor"", 0600, m4u_dev->debug_root, domain, &m4u_debug_monitor_fops);"
mt8183-kernel,platform/kernel/mediatek/mt8183/4.4/drivers/misc/mediatek/m4u/2.4/m4u_debug.c,1531,debugfs,m4u_debug_init,no,no,no,SOURCE_ONLY,"debug_file = debugfs_create_file(""register"", 0600, m4u_dev->debug_root, domain, &m4u_debug_register_fops);"
mt8183-kernel,platform/kernel/mediatek/mt8183/4.4/drivers/misc/mediatek/m4u/2.4/m4u_debug.c,1535,debugfs,m4u_debug_init,no,no,no,SOURCE_ONLY,"debug_file = debugfs_create_file(""freemva"", 0600, m4u_dev->debug_root, domain, &m4u_debug_freemva_fops);"
mt8183-kernel,platform/kernel/mediatek/mt8183/4.4/drivers/misc/mediatek/m4u/2.4/m4u_debug.c,1539,debugfs,m4u_debug_init,no,no,no,SOURCE_ONLY,"debug_file = debugfs_create_file(""mva"", 0600, m4u_dev->debug_root, domain, &m4u_debug_mva_fops);"
mt8183-kernel,platform/kernel/mediatek/mt8183/4.4/drivers/misc/mediatek/m4u/2.4/m4u_pgtable.c,1138,debugfs,m4u_pgtable_init,no,no,no,SOURCE_ONLY,"debugfs_create_file(""pgtable"", 0644, m4u_dev->debug_root, m4u_domain, &m4u_debug_pgtable_fops);"
mt8183-kernel,platform/kernel/mediatek/mt8183/4.4/drivers/misc/mediatek/masp/asfv2/core/sec_mod_core.c,43,module_param,,no,no,no,SOURCE_ONLY,"module_param(lks, uint, S_IRUSR /*|S_IWUSR|S_IWGRP */ | S_IRGRP | S_IROTH); /* r--r--r-- */"
mt8183-kernel,platform/kernel/mediatek/mt8183/4.4/drivers/misc/mediatek/masp/asfv2/core/sec_osal.c,82,usercopy,osal_copy_from_user,yes,no,no,SOURCE_ONLY,"return copy_from_user(to, from, size);"
mt8183-kernel,platform/kernel/mediatek/mt8183/4.4/drivers/misc/mediatek/masp/asfv2/core/sec_osal.c,88,usercopy,osal_copy_to_user,yes,no,no,SOURCE_ONLY,"return copy_to_user(to, from, size);"
mt8183-kernel,platform/kernel/mediatek/mt8183/4.4/drivers/misc/mediatek/masp/asfv2/module/sec_mod.c,167,write_handler,sec_ioctl,no,no,yes,SOURCE_ONLY,".write = NULL,"
mt8183-kernel,platform/kernel/mediatek/mt8183/4.4/drivers/misc/mediatek/masp/asfv2/module/sec_mod.c,169,ioctl_entry;write_handler,sec_ioctl,no,no,yes,SOURCE_ONLY,.unlocked_ioctl = sec_ioctl
mt8183-kernel,platform/kernel/mediatek/mt8183/4.4/drivers/misc/mediatek/masp/asfv2/module/sec_mod.c,205,module_param,sec_proc_rid_open,no,no,yes,SOURCE_ONLY,"module_param(recovery_done, uint, S_IRUSR | S_IWUSR /*|S_IWGRP */ | S_IRGRP | S_IROTH); /* rw-r--r-- */"
mt8183-kernel,platform/kernel/mediatek/mt8183/4.4/drivers/misc/mediatek/masp/asfv2/module/sec_mod.c,257,device_create,,no,no,yes,SOURCE_ONLY,"sec_device = device_create(sec_class, NULL, id, NULL, SEC_DEV_NAME);"
mt8183-kernel,platform/kernel/mediatek/mt8183/4.4/drivers/misc/mediatek/masp/asfv2/module/sec_mod.c,269,procfs,,no,no,yes,SOURCE_ONLY,"proc_create(""rid"", 0, NULL, &sec_proc_rid_fops);"
mt8183-kernel,platform/kernel/mediatek/mt8183/4.4/drivers/misc/mediatek/mdp/mdp_ioctl_ex.c,220,usercopy,,yes,no,yes,SOURCE_ONLY,"if (copy_from_user(ids, ids_user, count * sizeof(u32))) {"
mt8183-kernel,platform/kernel/mediatek/mt8183/4.4/drivers/misc/mediatek/mdp/mdp_ioctl_ex.c,245,usercopy,,yes,no,yes,SOURCE_ONLY,"if (copy_to_user(values_user, values, count * sizeof(u32))) {"
mt8183-kernel,platform/kernel/mediatek/mt8183/4.4/drivers/misc/mediatek/mdp/mdp_ioctl_ex.c,447,usercopy,,yes,no,yes,SOURCE_ONLY,"if (copy_from_user(metas, CMDQ_U32_PTR(user_job->metas), copy_size)) {"
mt8183-kernel,platform/kernel/mediatek/mt8183/4.4/drivers/misc/mediatek/mdp/mdp_ioctl_ex.c,533,usercopy,,yes,no,yes,SOURCE_ONLY,"if (copy_from_user(handle->prop_addr,"
mt8183-kernel,platform/kernel/mediatek/mt8183/4.4/drivers/misc/mediatek/mdp/mdp_ioctl_ex.c,565,usercopy,,yes,no,yes,SOURCE_ONLY,"if (copy_from_user(hw_metas, CMDQ_U32_PTR(user_job->hw_metas_read_v1),"
mt8183-kernel,platform/kernel/mediatek/mt8183/4.4/drivers/misc/mediatek/mdp/mdp_ioctl_ex.c,616,usercopy,,yes,no,yes,SOURCE_ONLY,"if (copy_from_user(&user_job, (void *)param, sizeof(user_job))) {"
mt8183-kernel,platform/kernel/mediatek/mt8183/4.4/drivers/misc/mediatek/mdp/mdp_ioctl_ex.c,711,usercopy,,yes,no,yes,SOURCE_ONLY,"if (copy_to_user((void *)param, &user_job, sizeof(user_job))) {"
mt8183-kernel,platform/kernel/mediatek/mt8183/4.4/drivers/misc/mediatek/mdp/mdp_ioctl_ex.c,728,usercopy,,yes,no,yes,SOURCE_ONLY,"if (copy_from_user(&job_result, (void *)param, sizeof(job_result))) {"
mt8183-kernel,platform/kernel/mediatek/mt8183/4.4/drivers/misc/mediatek/mdp/mdp_ioctl_ex.c,771,usercopy,,yes,no,yes,SOURCE_ONLY,if (copy_to_user(
mt8183-kernel,platform/kernel/mediatek/mt8183/4.4/drivers/misc/mediatek/mdp/mdp_ioctl_ex.c,823,usercopy,,yes,no,yes,SOURCE_ONLY,"if (copy_from_user(&rb_req, (void *)param, sizeof(rb_req))) {"
mt8183-kernel,platform/kernel/mediatek/mt8183/4.4/drivers/misc/mediatek/mdp/mdp_ioctl_ex.c,880,usercopy,,yes,no,yes,SOURCE_ONLY,"if (copy_to_user((void *)param, &rb_req, sizeof(rb_req))) {"
mt8183-kernel,platform/kernel/mediatek/mt8183/4.4/drivers/misc/mediatek/mdp/mdp_ioctl_ex.c,896,usercopy,,yes,no,yes,SOURCE_ONLY,"if (copy_from_user(&free_req, (void *)param, sizeof(free_req))) {"
mt8183-kernel,platform/kernel/mediatek/mt8183/4.4/drivers/misc/mediatek/mdp/mdp_ioctl_ex.c,957,usercopy,,yes,no,yes,SOURCE_ONLY,"if (copy_from_user(&read_req, (void *)param, sizeof(read_req))) {"
mt8183-kernel,platform/kernel/mediatek/mt8183/4.4/drivers/misc/mediatek/mdp/mdp_ioctl_ex.c,1060,ioctl_entry;write_handler,,yes,no,yes,SOURCE_ONLY,".unlocked_ioctl = mdp_limit_ioctl,"
mt8183-kernel,platform/kernel/mediatek/mt8183/4.4/drivers/misc/mediatek/mdp/mdp_ioctl_ex.c,1062,ioctl_entry;write_handler,,yes,no,yes,SOURCE_ONLY,".compat_ioctl = mdp_limit_ioctl_compat,"
mt8183-kernel,platform/kernel/mediatek/mt8183/4.4/drivers/misc/mediatek/mdp/mdp_ioctl_ex.c,1101,device_create,mdp_limit_dev_create,yes,no,yes,SOURCE_ONLY,"device_create(mdp_limit_class, NULL, mdp_limit_dev_no, NULL,"
mt8183-kernel,platform/kernel/mediatek/mt8183/4.4/drivers/misc/mediatek/mem/icache_dump.c,251,usercopy,icache_dump_open,yes,no,yes,SOURCE_ONLY,"if (copy_from_user(&buf,"
mt8183-kernel,platform/kernel/mediatek/mt8183/4.4/drivers/misc/mediatek/mem/icache_dump.c,280,write_handler,,yes,no,yes,SOURCE_ONLY,".write = icache_dump_write,"
mt8183-kernel,platform/kernel/mediatek/mt8183/4.4/drivers/misc/mediatek/mem/icache_dump.c,325,procfs,icache_dump_init,yes,no,yes,SOURCE_ONLY,"proc_create(ICACHE_DUMP_PROC_RAW_FILE, 0444,"
mt8183-kernel,platform/kernel/mediatek/mt8183/4.4/drivers/misc/mediatek/mem/mtk_memcfg.c,488,usercopy,,yes,no,yes,SOURCE_ONLY,"if (get_user(state, buffer))"
mt8183-kernel,platform/kernel/mediatek/mt8183/4.4/drivers/misc/mediatek/mem/mtk_memcfg.c,541,usercopy,oom_reboot,yes,no,yes,SOURCE_ONLY,"if (get_user(state, buffer))"
mt8183-kernel,platform/kernel/mediatek/mt8183/4.4/drivers/misc/mediatek/mem/mtk_memcfg.c,681,write_handler,mtk_memcfg_exit,yes,no,yes,SOURCE_ONLY,".write = mtk_memcfg_frag_write,"
mt8183-kernel,platform/kernel/mediatek/mt8183/4.4/drivers/misc/mediatek/mem/mtk_memcfg.c,689,write_handler,mtk_memcfg_exit,yes,no,yes,SOURCE_ONLY,".write = mtk_memcfg_oom_write,"
mt8183-kernel,platform/kernel/mediatek/mt8183/4.4/drivers/misc/mediatek/mem/mtk_memcfg.c,716,procfs,mtk_memcfg_late_init,yes,no,yes,SOURCE_ONLY,"entry = proc_create(""memory_layout"","
mt8183-kernel,platform/kernel/mediatek/mt8183/4.4/drivers/misc/mediatek/mem/mtk_memcfg.c,725,procfs,mtk_memcfg_late_init,yes,no,yes,SOURCE_ONLY,"entry = proc_create(""memblock_reserved"", S_IRUGO | S_IWUSR,"
mt8183-kernel,platform/kernel/mediatek/mt8183/4.4/drivers/misc/mediatek/mem/mtk_memcfg.c,733,procfs,mtk_memcfg_late_init,yes,no,yes,SOURCE_ONLY,"entry = proc_create(""frag-trigger"","
mt8183-kernel,platform/kernel/mediatek/mt8183/4.4/drivers/misc/mediatek/mem/mtk_memcfg.c,748,procfs,mtk_memcfg_late_init,yes,no,yes,SOURCE_ONLY,"entry = proc_create(""oom-trigger"","
mt8183-kernel,platform/kernel/mediatek/mt8183/4.4/drivers/misc/mediatek/mem/mtk_memcfg.c,757,procfs,,yes,no,yes,SOURCE_ONLY,"entry = proc_create(""slabtrace"","
mt8183-kernel,platform/kernel/mediatek/mt8183/4.4/drivers/misc/mediatek/mem/mtk_memcfg_reserve_info.c,343,procfs,mtk_memcfg_reserve_info_init,no,no,no,SOURCE_ONLY,"entry = proc_create(""total_reserve"","
mt8183-kernel,platform/kernel/mediatek/mt8183/4.4/drivers/misc/mediatek/mem/mtk_memcfg_reserve_info.c,349,procfs,mtk_memcfg_reserve_info_init,no,no,no,SOURCE_ONLY,"entry = proc_create(""reserve_memory"","
mt8183-kernel,platform/kernel/mediatek/mt8183/4.4/drivers/misc/mediatek/memory-amms/memory-amms.c,21,usercopy,,yes,no,no,SOURCE_ONLY,#include <linux/uaccess.h> /* copy_to_user() */
mt8183-kernel,platform/kernel/mediatek/mt8183/4.4/drivers/misc/mediatek/mlog/mlog_dump.c,95,debugfs,mlog_init_procfs,no,no,no,SOURCE_ONLY,"debugfs_create_file(""mlog_fmt"", S_IRUGO, NULL, NULL, &mlog_fmt_proc_fops);"
mt8183-kernel,platform/kernel/mediatek/mt8183/4.4/drivers/misc/mediatek/mlog/mlog_dump.c,96,debugfs,mlog_init_procfs,no,no,no,SOURCE_ONLY,"debugfs_create_file(""mlog"", S_IRUGO, NULL, NULL, &proc_mlog_operations);"
mt8183-kernel,platform/kernel/mediatek/mt8183/4.4/drivers/misc/mediatek/mlog/mlog_dump.c,97,debugfs,mlog_init_procfs,no,no,no,SOURCE_ONLY,"debugfs_create_file(""dmlog"", S_IRUGO, NULL, NULL, &proc_dmlog_operations);"
mt8183-kernel,platform/kernel/mediatek/mt8183/4.4/drivers/misc/mediatek/mlog/mlog_logger.c,1054,module_param,mlog_exit,no,no,no,SOURCE_ONLY,"module_param(min_adj, int, S_IRUGO | S_IWUSR);"
mt8183-kernel,platform/kernel/mediatek/mt8183/4.4/drivers/misc/mediatek/mlog/mlog_logger.c,1055,module_param,mlog_exit,no,no,no,SOURCE_ONLY,"module_param(max_adj, int, S_IRUGO | S_IWUSR);"
mt8183-kernel,platform/kernel/mediatek/mt8183/4.4/drivers/misc/mediatek/mlog/mlog_logger.c,1056,module_param,mlog_exit,no,no,no,SOURCE_ONLY,"module_param(limit_pid, int, S_IRUGO | S_IWUSR);"
mt8183-kernel,platform/kernel/mediatek/mt8183/4.4/drivers/misc/mediatek/mtee/tz_mod.c,239,ioctl_entry;write_handler,,yes,no,yes,SOURCE_ONLY,".unlocked_ioctl = tz_client_ioctl,"
mt8183-kernel,platform/kernel/mediatek/mt8183/4.4/drivers/misc/mediatek/mtee/tz_mod.c,241,ioctl_entry;write_handler,,yes,no,yes,SOURCE_ONLY,".compat_ioctl = tz_client_ioctl_compat,"
mt8183-kernel,platform/kernel/mediatek/mt8183/4.4/drivers/misc/mediatek/mtee/tz_mod.c,672,usercopy,,yes,no,yes,SOURCE_ONLY,"cret = copy_from_user(pparam, (void *)arg, param_size);"
mt8183-kernel,platform/kernel/mediatek/mt8183/4.4/drivers/misc/mediatek/mtee/tz_mod.c,728,usercopy,tz_client_open_session,yes,no,yes,SOURCE_ONLY,"cret = copy_to_user((void *)arg, &param,"
mt8183-kernel,platform/kernel/mediatek/mt8183/4.4/drivers/misc/mediatek/mtee/tz_mod.c,758,usercopy,,yes,no,yes,SOURCE_ONLY,"cret = copy_to_user((void *)arg, &param, sizeof(param));"
mt8183-kernel,platform/kernel/mediatek/mt8183/4.4/drivers/misc/mediatek/mtee/tz_mod.c,778,usercopy,tz_client_close_session,yes,no,yes,SOURCE_ONLY,"cret = copy_from_user(&param, (void *)arg, sizeof(param));"
mt8183-kernel,platform/kernel/mediatek/mt8183/4.4/drivers/misc/mediatek/mtee/tz_mod.c,790,usercopy,tz_client_close_session,yes,no,yes,SOURCE_ONLY,"cret = copy_to_user((void *)arg, &param, sizeof(param));"
mt8183-kernel,platform/kernel/mediatek/mt8183/4.4/drivers/misc/mediatek/mtee/tz_mod.c,810,usercopy,tz_client_close_session,yes,no,yes,SOURCE_ONLY,"cret = copy_from_user(&cparam, (void *)arg, sizeof(cparam));"
mt8183-kernel,platform/kernel/mediatek/mt8183/4.4/drivers/misc/mediatek/mtee/tz_mod.c,819,usercopy,,yes,no,yes,SOURCE_ONLY,"cret = copy_from_user(oparam,"
mt8183-kernel,platform/kernel/mediatek/mt8183/4.4/drivers/misc/mediatek/mtee/tz_mod.c,892,usercopy,,yes,no,yes,SOURCE_ONLY,"cret = copy_from_user(param[i].mem.buffer,"
mt8183-kernel,platform/kernel/mediatek/mt8183/4.4/drivers/misc/mediatek/mtee/tz_mod.c,955,usercopy,,yes,no,yes,SOURCE_ONLY,"cret = copy_to_user(ubuf,"
mt8183-kernel,platform/kernel/mediatek/mt8183/4.4/drivers/misc/mediatek/mtee/tz_mod.c,971,usercopy,,yes,no,yes,SOURCE_ONLY,"cret = copy_to_user((void *)(unsigned long)cparam.param,"
mt8183-kernel,platform/kernel/mediatek/mt8183/4.4/drivers/misc/mediatek/mtee/tz_mod.c,978,usercopy,,yes,no,yes,SOURCE_ONLY,"cret = copy_to_user((void *)arg, &cparam, sizeof(cparam));"
mt8183-kernel,platform/kernel/mediatek/mt8183/4.4/drivers/misc/mediatek/mtee/tz_mod.c,1027,usercopy,,yes,no,yes,SOURCE_ONLY,"cret = copy_from_user(tag,"
mt8183-kernel,platform/kernel/mediatek/mt8183/4.4/drivers/misc/mediatek/mtee/tz_mod.c,1117,usercopy,,yes,no,yes,SOURCE_ONLY,"cret = copy_to_user((void *)arg, cparam,"
mt8183-kernel,platform/kernel/mediatek/mt8183/4.4/drivers/misc/mediatek/mtee/tz_mod.c,1130,usercopy,,yes,no,yes,SOURCE_ONLY,"cret = copy_to_user((void *)arg, cparam,"
mt8183-kernel,platform/kernel/mediatek/mt8183/4.4/drivers/misc/mediatek/mtee/tz_mod.c,1151,usercopy,,yes,no,yes,SOURCE_ONLY,"cret = copy_from_user(&cparam, (void *)arg, sizeof(cparam));"
mt8183-kernel,platform/kernel/mediatek/mt8183/4.4/drivers/misc/mediatek/mtee/tz_mod.c,1166,usercopy,tz_client_reg_sharedmem,yes,no,yes,SOURCE_ONLY,"cret = copy_from_user(&cparam, (void *)arg,"
mt8183-kernel,platform/kernel/mediatek/mt8183/4.4/drivers/misc/mediatek/mtee/tz_mod.c,1184,usercopy,tz_client_unreg_sharedmem,yes,no,yes,SOURCE_ONLY,"cret = copy_from_user(&cparam, (void *)arg, sizeof(cparam));"
mt8183-kernel,platform/kernel/mediatek/mt8183/4.4/drivers/misc/mediatek/mtee/tz_mod.c,1199,usercopy,tz_client_unreg_sharedmem,yes,no,yes,SOURCE_ONLY,"cret = copy_to_user((void *)arg, &cparam, sizeof(cparam));"
mt8183-kernel,platform/kernel/mediatek/mt8183/4.4/drivers/misc/mediatek/mtee/tz_mod.c,1213,usercopy,tz_client_unreg_sharedmem,yes,no,yes,SOURCE_ONLY,"cret = copy_to_user((void *)arg, &cparam, sizeof(cparam));"
mt8183-kernel,platform/kernel/mediatek/mt8183/4.4/drivers/misc/mediatek/mtee/tz_mod.c,1659,device_create,,yes,no,yes,SOURCE_ONLY,"pTzDevice = device_create(pTzClass, NULL, tz_client_dev, NULL,"
mt8183-kernel,platform/kernel/mediatek/mt8183/4.4/drivers/misc/mediatek/mtprof/bootprof.c,54,module_param,,yes,no,yes,SOURCE_ONLY,"module_param_named(pl_t, bootprof_pl_t, int, S_IRUGO | S_IWUSR);"
mt8183-kernel,platform/kernel/mediatek/mt8183/4.4/drivers/misc/mediatek/mtprof/bootprof.c,55,module_param,,yes,no,yes,SOURCE_ONLY,"module_param_named(lk_t, bootprof_lk_t, int, S_IRUGO | S_IWUSR);"
mt8183-kernel,platform/kernel/mediatek/mt8183/4.4/drivers/misc/mediatek/mtprof/bootprof.c,56,module_param,,yes,no,yes,SOURCE_ONLY,"module_param_named(logo_t, bootprof_logo_t, int, S_IRUGO | S_IWUSR);"
mt8183-kernel,platform/kernel/mediatek/mt8183/4.4/drivers/misc/mediatek/mtprof/bootprof.c,212,usercopy,mt_bootprof_switch,yes,no,yes,SOURCE_ONLY,"if (copy_from_user(&buf, ubuf, copy_size))"
mt8183-kernel,platform/kernel/mediatek/mt8183/4.4/drivers/misc/mediatek/mtprof/bootprof.c,289,write_handler,mt_bootprof_open,yes,no,yes,SOURCE_ONLY,".write = mt_bootprof_write,"
mt8183-kernel,platform/kernel/mediatek/mt8183/4.4/drivers/misc/mediatek/mtprof/bootprof.c,299,procfs,init_boot_prof,yes,no,yes,SOURCE_ONLY,"pe = proc_create(""bootprof"", 0664, NULL, &mt_bootprof_fops);"
mt8183-kernel,platform/kernel/mediatek/mt8183/4.4/drivers/misc/mediatek/mtprof/internal.h,38,write_handler,,no,no,yes,SOURCE_ONLY,".write = mt_##name##_write, \"
mt8183-kernel,platform/kernel/mediatek/mt8183/4.4/drivers/misc/mediatek/mtprof/prof_main.c,53,usercopy,mt_log_write,yes,no,no,SOURCE_ONLY,"if (copy_from_user(&buf, ubuf, cnt))"
mt8183-kernel,platform/kernel/mediatek/mt8183/4.4/drivers/misc/mediatek/mtprof/prof_main.c,136,usercopy,mt_pid_show,yes,no,no,SOURCE_ONLY,"if (copy_from_user(&buf, ubuf, cnt))"
mt8183-kernel,platform/kernel/mediatek/mt8183/4.4/drivers/misc/mediatek/mtprof/prof_main.c,433,procfs,init_mtsched_prof,yes,no,no,SOURCE_ONLY,"pe = proc_create(""mtprof/reboot_pid"", 0660, NULL, &mt_pid_fops);"
mt8183-kernel,platform/kernel/mediatek/mt8183/4.4/drivers/misc/mediatek/mtprof/prof_main.c,437,procfs,init_mtsched_prof,yes,no,no,SOURCE_ONLY,"pe = proc_create(""mtprof/signal_log"", 0664, NULL, &mt_signal_log_fops);"
mt8183-kernel,platform/kernel/mediatek/mt8183/4.4/drivers/misc/mediatek/mtprof/prof_main.c,442,procfs,init_mtsched_prof,yes,no,no,SOURCE_ONLY,"pe = proc_create(""mtprof/fork_exit_log"", 0664, NULL, &mt_fork_exit_log_fops);"
mt8183-kernel,platform/kernel/mediatek/mt8183/4.4/drivers/misc/mediatek/mtprof/prof_main.c,447,procfs,init_mtsched_prof,yes,no,no,SOURCE_ONLY,"pe = proc_create(""mtprof/log"", 0664, NULL, &mt_log_fops);"
mt8183-kernel,platform/kernel/mediatek/mt8183/4.4/drivers/misc/mediatek/mu3d/drv/mtk_usb.c,799,sysfs_or_store,musb_sib_enable_show,no,no,no,SOURCE_ONLY,"} else if (!kstrtouint(buf, 0, &mode)) {"
mt8183-kernel,platform/kernel/mediatek/mt8183/4.4/drivers/misc/mediatek/mu3d/drv/musb_core.c,140,module_param,,yes,no,yes,SOURCE_ONLY,"module_param(debug_level, int, 0644);"
mt8183-kernel,platform/kernel/mediatek/mt8183/4.4/drivers/misc/mediatek/mu3d/drv/musb_core.c,142,module_param,,yes,no,yes,SOURCE_ONLY,"module_param(fake_CDP, int, 0400);"
mt8183-kernel,platform/kernel/mediatek/mt8183/4.4/drivers/misc/mediatek/mu3d/drv/musb_core.c,147,module_param,,yes,no,yes,SOURCE_ONLY,"module_param(is_prof, int, 0400);"
mt8183-kernel,platform/kernel/mediatek/mt8183/4.4/drivers/misc/mediatek/mu3d/drv/musb_core.c,1214,module_param,,yes,no,yes,SOURCE_ONLY,"module_param(fifo_mode, ushort, 0);"
mt8183-kernel,platform/kernel/mediatek/mt8183/4.4/drivers/misc/mediatek/mu3d/drv/musb_core.c,1796,module_param,,yes,no,yes,SOURCE_ONLY,"module_param(use_dma, bool, 0);"
mt8183-kernel,platform/kernel/mediatek/mt8183/4.4/drivers/misc/mediatek/mu3d/drv/musb_core.c,1886,sysfs_or_store,musb_mode_show,yes,no,yes,SOURCE_ONLY,"static DEVICE_ATTR(mode, 0644, musb_mode_show, musb_mode_store);"
mt8183-kernel,platform/kernel/mediatek/mt8183/4.4/drivers/misc/mediatek/mu3d/drv/musb_core.c,1930,sysfs_or_store,musb_vbus_show,yes,no,yes,SOURCE_ONLY,"static DEVICE_ATTR(vbus, 0644, musb_vbus_show, musb_vbus_store);"
mt8183-kernel,platform/kernel/mediatek/mt8183/4.4/drivers/misc/mediatek/mu3d/drv/musb_core.c,1953,sysfs_or_store,musb_vbus_show,yes,no,yes,SOURCE_ONLY,"static DEVICE_ATTR(srp, 0644, NULL, musb_srp_store);"
mt8183-kernel,platform/kernel/mediatek/mt8183/4.4/drivers/misc/mediatek/mu3d/drv/musb_core.c,1954,sysfs_or_store,musb_vbus_show,yes,no,yes,SOURCE_ONLY,"DEVICE_ATTR(cmode, 0664, musb_cmode_show, musb_cmode_store);"
mt8183-kernel,platform/kernel/mediatek/mt8183/4.4/drivers/misc/mediatek/mu3d/drv/musb_core.c,1955,sysfs_or_store,musb_vbus_show,yes,no,yes,SOURCE_ONLY,"DEVICE_ATTR(saving, 0664, musb_saving_mode_show, musb_saving_mode_store);"
mt8183-kernel,platform/kernel/mediatek/mt8183/4.4/drivers/misc/mediatek/mu3d/drv/musb_core.c,1958,sysfs_or_store,,yes,no,yes,SOURCE_ONLY,"DEVICE_ATTR(portmode, 0664, musb_portmode_show, musb_portmode_store);"
mt8183-kernel,platform/kernel/mediatek/mt8183/4.4/drivers/misc/mediatek/mu3d/drv/musb_core.c,1959,sysfs_or_store,,yes,no,yes,SOURCE_ONLY,"DEVICE_ATTR(tx, 0664, musb_tx_show, musb_tx_store);"
mt8183-kernel,platform/kernel/mediatek/mt8183/4.4/drivers/misc/mediatek/mu3d/drv/musb_core.c,1960,sysfs_or_store,,yes,no,yes,SOURCE_ONLY,"DEVICE_ATTR(rx, 0444, musb_rx_show, NULL);"
mt8183-kernel,platform/kernel/mediatek/mt8183/4.4/drivers/misc/mediatek/mu3d/drv/musb_core.c,1961,sysfs_or_store,,yes,no,yes,SOURCE_ONLY,"DEVICE_ATTR(uartpath, 0444, musb_uart_path_show, NULL);"
mt8183-kernel,platform/kernel/mediatek/mt8183/4.4/drivers/misc/mediatek/mu3d/drv/musb_core.c,1965,sysfs_or_store,,yes,no,yes,SOURCE_ONLY,"DEVICE_ATTR(sib_enable, 0664, musb_sib_enable_show, musb_sib_enable_store);"
mt8183-kernel,platform/kernel/mediatek/mt8183/4.4/drivers/misc/mediatek/mu3d/drv/musb_core.c,2887,sysfs_or_store,set_mu3d_force_on,yes,no,yes,SOURCE_ONLY,"rv = kstrtoint(val, 10, &option);"
mt8183-kernel,platform/kernel/mediatek/mt8183/4.4/drivers/misc/mediatek/mu3d/drv/musb_core.c,2957,usercopy,musb_mu3d_proc_open,yes,no,yes,SOURCE_ONLY,"if (copy_from_user(msg, buf, length))"
mt8183-kernel,platform/kernel/mediatek/mt8183/4.4/drivers/misc/mediatek/mu3d/drv/musb_core.c,2991,write_handler,,yes,no,yes,SOURCE_ONLY,".write = musb_mu3d_proc_write,"
mt8183-kernel,platform/kernel/mediatek/mt8183/4.4/drivers/misc/mediatek/mu3d/drv/musb_core.c,3008,procfs,musb_init,yes,no,yes,SOURCE_ONLY,"prEntry = proc_create(""mu3d_driver_init"", 0644, NULL, &mu3d_proc_fops);"
mt8183-kernel,platform/kernel/mediatek/mt8183/4.4/drivers/misc/mediatek/mu3d/drv/musb_debugfs.c,197,usercopy,musb_test_mode_open,yes,no,yes,SOURCE_ONLY,"if (copy_from_user(&buf, ubuf, min_t(size_t, sizeof(buf) - 1, count)))"
mt8183-kernel,platform/kernel/mediatek/mt8183/4.4/drivers/misc/mediatek/mu3d/drv/musb_debugfs.c,239,write_handler,,yes,no,yes,SOURCE_ONLY,".write = musb_test_mode_write,"
mt8183-kernel,platform/kernel/mediatek/mt8183/4.4/drivers/misc/mediatek/mu3d/drv/musb_debugfs.c,334,usercopy,musb_usb_reg_open,yes,no,yes,SOURCE_ONLY,"if (copy_from_user(&buf, ubuf, min_t(size_t, sizeof(buf) - 1, count)))"
mt8183-kernel,platform/kernel/mediatek/mt8183/4.4/drivers/misc/mediatek/mu3d/drv/musb_debugfs.c,355,write_handler,musb_usb_reg_open,yes,no,yes,SOURCE_ONLY,".write = musb_usb_reg_write,"
mt8183-kernel,platform/kernel/mediatek/mt8183/4.4/drivers/misc/mediatek/mu3d/drv/musb_debugfs.c,408,usercopy,musb_scan_phase_open,yes,no,yes,SOURCE_ONLY,"if (copy_from_user(&buf, ubuf, min_t(size_t, sizeof(buf) - 1, count)))"
mt8183-kernel,platform/kernel/mediatek/mt8183/4.4/drivers/misc/mediatek/mu3d/drv/musb_debugfs.c,468,write_handler,,yes,no,yes,SOURCE_ONLY,".write = musb_scan_phase_write,"
mt8183-kernel,platform/kernel/mediatek/mt8183/4.4/drivers/misc/mediatek/mu3d/drv/musb_debugfs.c,497,usercopy,musb_phy_reg_open,yes,no,yes,SOURCE_ONLY,"if (copy_from_user(&buf, ubuf, min_t(size_t, sizeof(buf) - 1, count)))"
mt8183-kernel,platform/kernel/mediatek/mt8183/4.4/drivers/misc/mediatek/mu3d/drv/musb_debugfs.c,561,write_handler,,yes,no,yes,SOURCE_ONLY,".write = musb_phy_rege_write,"
mt8183-kernel,platform/kernel/mediatek/mt8183/4.4/drivers/misc/mediatek/mu3d/drv/musb_debugfs.c,586,debugfs,musb_init_debugfs,yes,no,yes,SOURCE_ONLY,"root = debugfs_create_dir(dev_name(musb->controller), NULL);"
mt8183-kernel,platform/kernel/mediatek/mt8183/4.4/drivers/misc/mediatek/mu3d/drv/musb_debugfs.c,592,debugfs,musb_init_debugfs,yes,no,yes,SOURCE_ONLY,"file = debugfs_create_file(""regdump"", S_IRUGO, root, musb, &musb_regdump_fops);"
mt8183-kernel,platform/kernel/mediatek/mt8183/4.4/drivers/misc/mediatek/mu3d/drv/musb_debugfs.c,598,debugfs,musb_init_debugfs,yes,no,yes,SOURCE_ONLY,"file = debugfs_create_file(""testmode"", S_IRUGO | S_IWUSR, root, musb, &musb_test_mode_fops);"
mt8183-kernel,platform/kernel/mediatek/mt8183/4.4/drivers/misc/mediatek/mu3d/drv/musb_debugfs.c,604,debugfs,musb_init_debugfs,yes,no,yes,SOURCE_ONLY,"file = debugfs_create_file(""usb_reg"", S_IRUGO | S_IWUSR, root, musb, &musb_usb_reg_fops);"
mt8183-kernel,platform/kernel/mediatek/mt8183/4.4/drivers/misc/mediatek/mu3d/drv/musb_debugfs.c,611,debugfs,musb_init_debugfs,yes,no,yes,SOURCE_ONLY,"file = debugfs_create_file(""smt_err_count"", S_IRUGO, root, musb,"
mt8183-kernel,platform/kernel/mediatek/mt8183/4.4/drivers/misc/mediatek/mu3d/drv/musb_debugfs.c,619,debugfs,musb_init_debugfs,yes,no,yes,SOURCE_ONLY,"file = debugfs_create_file(""scan_phase"", S_IRUGO | S_IWUSR,"
mt8183-kernel,platform/kernel/mediatek/mt8183/4.4/drivers/misc/mediatek/mu3d/drv/musb_debugfs.c,626,debugfs,,yes,no,yes,SOURCE_ONLY,"file = debugfs_create_file(""phy_reg"", S_IRUGO | S_IWUSR, root, musb, &musb_phy_reg_fops);"
mt8183-kernel,platform/kernel/mediatek/mt8183/4.4/drivers/misc/mediatek/mu3d/hal/mu3d_hal_usb_drv.c,26,module_param,,no,no,no,SOURCE_ONLY,"module_param_named(hal_speed, musb_hal_speed, uint, S_IRUGO | S_IWUSR);"
mt8183-kernel,platform/kernel/mediatek/mt8183/4.4/drivers/misc/mediatek/mu3phy/mt8183/usb20_phy_debugfs.c,466,usercopy,val_to_bstring_width3,yes,no,yes,SOURCE_ONLY,"if (copy_from_user(&buf, ubuf, min_t(size_t, sizeof(buf) - 1, count)))"
mt8183-kernel,platform/kernel/mediatek/mt8183/4.4/drivers/misc/mediatek/mu3phy/mt8183/usb20_phy_debugfs.c,501,usercopy,,yes,no,yes,SOURCE_ONLY,"if (copy_from_user(&buf, ubuf, min_t(size_t, sizeof(buf) - 1, count)))"
mt8183-kernel,platform/kernel/mediatek/mt8183/4.4/drivers/misc/mediatek/mu3phy/mt8183/usb20_phy_debugfs.c,515,usercopy,,yes,no,yes,SOURCE_ONLY,"if (copy_from_user(&buf, ubuf, min_t(size_t, sizeof(buf) - 1, count)))"
mt8183-kernel,platform/kernel/mediatek/mt8183/4.4/drivers/misc/mediatek/mu3phy/mt8183/usb20_phy_debugfs.c,528,usercopy,,yes,no,yes,SOURCE_ONLY,"if (copy_from_user(&buf, ubuf, min_t(size_t, sizeof(buf) - 1, count)))"
mt8183-kernel,platform/kernel/mediatek/mt8183/4.4/drivers/misc/mediatek/mu3phy/mt8183/usb20_phy_debugfs.c,542,usercopy,,yes,no,yes,SOURCE_ONLY,"if (copy_from_user(&buf, ubuf, min_t(size_t, sizeof(buf) - 1, count)))"
mt8183-kernel,platform/kernel/mediatek/mt8183/4.4/drivers/misc/mediatek/mu3phy/mt8183/usb20_phy_debugfs.c,554,usercopy,,yes,no,yes,SOURCE_ONLY,"if (copy_from_user(&buf, ubuf, min_t(size_t, sizeof(buf) - 1, count)))"
mt8183-kernel,platform/kernel/mediatek/mt8183/4.4/drivers/misc/mediatek/mu3phy/mt8183/usb20_phy_debugfs.c,563,write_handler,,yes,no,yes,SOURCE_ONLY,".write = usb_driving_capability_write,"
mt8183-kernel,platform/kernel/mediatek/mt8183/4.4/drivers/misc/mediatek/mu3phy/mt8183/usb20_phy_debugfs.c,571,write_handler,,yes,no,yes,SOURCE_ONLY,".write = rg_usb20_term_vref_sel_write,"
mt8183-kernel,platform/kernel/mediatek/mt8183/4.4/drivers/misc/mediatek/mu3phy/mt8183/usb20_phy_debugfs.c,579,write_handler,,yes,no,yes,SOURCE_ONLY,".write = rg_usb20_hstx_srctrl_write,"
mt8183-kernel,platform/kernel/mediatek/mt8183/4.4/drivers/misc/mediatek/mu3phy/mt8183/usb20_phy_debugfs.c,587,write_handler,,yes,no,yes,SOURCE_ONLY,".write = rg_usb20_vrt_vref_sel_write,"
mt8183-kernel,platform/kernel/mediatek/mt8183/4.4/drivers/misc/mediatek/mu3phy/mt8183/usb20_phy_debugfs.c,595,write_handler,,yes,no,yes,SOURCE_ONLY,".write = rg_usb20_intr_en_write,"
mt8183-kernel,platform/kernel/mediatek/mt8183/4.4/drivers/misc/mediatek/mu3phy/mt8183/usb20_phy_debugfs.c,603,write_handler,,yes,no,yes,SOURCE_ONLY,".write = rg_usb20_rev6_write,"
mt8183-kernel,platform/kernel/mediatek/mt8183/4.4/drivers/misc/mediatek/mu3phy/mt8183/usb20_phy_debugfs.c,631,debugfs,usb20_phy_init_debugfs,yes,no,yes,SOURCE_ONLY,"root = debugfs_create_dir(""usb20_phy"", NULL);"
mt8183-kernel,platform/kernel/mediatek/mt8183/4.4/drivers/misc/mediatek/mu3phy/mt8183/usb20_phy_debugfs.c,637,debugfs,usb20_phy_init_debugfs,yes,no,yes,SOURCE_ONLY,"file = debugfs_create_file(FILE_USB_DRIVING_CAPABILITY, S_IRUGO | S_IWUSR,"
mt8183-kernel,platform/kernel/mediatek/mt8183/4.4/drivers/misc/mediatek/mu3phy/mt8183/usb20_phy_debugfs.c,643,debugfs,usb20_phy_init_debugfs,yes,no,yes,SOURCE_ONLY,"file = debugfs_create_file(FILE_RG_USB20_TERM_VREF_SEL, S_IRUGO | S_IWUSR,"
mt8183-kernel,platform/kernel/mediatek/mt8183/4.4/drivers/misc/mediatek/mu3phy/mt8183/usb20_phy_debugfs.c,649,debugfs,usb20_phy_init_debugfs,yes,no,yes,SOURCE_ONLY,"file = debugfs_create_file(FILE_RG_USB20_HSTX_SRCTRL, S_IRUGO | S_IWUSR,"
mt8183-kernel,platform/kernel/mediatek/mt8183/4.4/drivers/misc/mediatek/mu3phy/mt8183/usb20_phy_debugfs.c,655,debugfs,usb20_phy_init_debugfs,yes,no,yes,SOURCE_ONLY,"file = debugfs_create_file(FILE_RG_USB20_VRT_VREF_SEL, S_IRUGO | S_IWUSR,"
mt8183-kernel,platform/kernel/mediatek/mt8183/4.4/drivers/misc/mediatek/mu3phy/mt8183/usb20_phy_debugfs.c,661,debugfs,usb20_phy_init_debugfs,yes,no,yes,SOURCE_ONLY,"file = debugfs_create_file(FILE_RG_USB20_INTR_EN, S_IRUGO | S_IWUSR,"
mt8183-kernel,platform/kernel/mediatek/mt8183/4.4/drivers/misc/mediatek/mu3phy/mt8183/usb20_phy_debugfs.c,667,debugfs,usb20_phy_init_debugfs,yes,no,yes,SOURCE_ONLY,"file = debugfs_create_file(FILE_RG_USB20_PHY_REV6, S_IRUGO | S_IWUSR,"
mt8183-kernel,platform/kernel/mediatek/mt8183/4.4/drivers/misc/mediatek/performance/cpu_loading/cpu_loading.c,337,write_handler,init_cpu_loading_value,yes,no,yes,SOURCE_ONLY,".write = cpu_loading_ ## name ## _proc_write,\"
mt8183-kernel,platform/kernel/mediatek/mt8183/4.4/drivers/misc/mediatek/performance/cpu_loading/cpu_loading.c,375,usercopy,cpu_loading_onoff_proc_show,yes,no,yes,SOURCE_ONLY,"if (copy_from_user(buf, ubuf, cnt))"
mt8183-kernel,platform/kernel/mediatek/mt8183/4.4/drivers/misc/mediatek/performance/cpu_loading/cpu_loading.c,379,sysfs_or_store,cpu_loading_onoff_proc_show,yes,no,yes,SOURCE_ONLY,"ret = kstrtoint(buf, 10, &val);"
mt8183-kernel,platform/kernel/mediatek/mt8183/4.4/drivers/misc/mediatek/performance/cpu_loading/cpu_loading.c,418,usercopy,cpu_loading_poltime_secs_proc_show,yes,no,yes,SOURCE_ONLY,"if (copy_from_user(buf, ubuf, cnt))"
mt8183-kernel,platform/kernel/mediatek/mt8183/4.4/drivers/misc/mediatek/performance/cpu_loading/cpu_loading.c,423,sysfs_or_store,cpu_loading_poltime_secs_proc_show,yes,no,yes,SOURCE_ONLY,"ret = kstrtoint(buf, 10, &val);"
mt8183-kernel,platform/kernel/mediatek/mt8183/4.4/drivers/misc/mediatek/performance/cpu_loading/cpu_loading.c,473,usercopy,,yes,no,yes,SOURCE_ONLY,"if (copy_from_user(buf, ubuf, cnt))"
mt8183-kernel,platform/kernel/mediatek/mt8183/4.4/drivers/misc/mediatek/performance/cpu_loading/cpu_loading.c,526,usercopy,,yes,no,yes,SOURCE_ONLY,"if (copy_from_user(buf, ubuf, cnt))"
mt8183-kernel,platform/kernel/mediatek/mt8183/4.4/drivers/misc/mediatek/performance/cpu_loading/cpu_loading.c,531,sysfs_or_store,,yes,no,yes,SOURCE_ONLY,"ret = kstrtoint(buf, 10, &val);"
mt8183-kernel,platform/kernel/mediatek/mt8183/4.4/drivers/misc/mediatek/performance/cpu_loading/cpu_loading.c,570,usercopy,,yes,no,yes,SOURCE_ONLY,"if (copy_from_user(buf, ubuf, cnt))"
mt8183-kernel,platform/kernel/mediatek/mt8183/4.4/drivers/misc/mediatek/performance/cpu_loading/cpu_loading.c,575,sysfs_or_store,,yes,no,yes,SOURCE_ONLY,"ret = kstrtoint(buf, 10, &val);"
mt8183-kernel,platform/kernel/mediatek/mt8183/4.4/drivers/misc/mediatek/performance/cpu_loading/cpu_loading.c,610,usercopy,,yes,no,yes,SOURCE_ONLY,"if (copy_from_user(buf, ubuf, cnt))"
mt8183-kernel,platform/kernel/mediatek/mt8183/4.4/drivers/misc/mediatek/performance/cpu_loading/cpu_loading.c,614,sysfs_or_store,,yes,no,yes,SOURCE_ONLY,"ret = kstrtoint(buf, 10, &val);"
mt8183-kernel,platform/kernel/mediatek/mt8183/4.4/drivers/misc/mediatek/performance/cpu_loading/cpu_loading.c,654,usercopy,cpu_loading_prev_cpu_loading_proc_show,yes,no,yes,SOURCE_ONLY,"if (copy_from_user(buf, ubuf, cnt))"
mt8183-kernel,platform/kernel/mediatek/mt8183/4.4/drivers/misc/mediatek/performance/cpu_loading/cpu_loading.c,658,sysfs_or_store,cpu_loading_prev_cpu_loading_proc_show,yes,no,yes,SOURCE_ONLY,"ret = kstrtoint(buf, 10, &val);"
mt8183-kernel,platform/kernel/mediatek/mt8183/4.4/drivers/misc/mediatek/performance/cpu_loading/cpu_loading.c,694,misc_register,init_cpu_loading_kobj,yes,no,yes,SOURCE_ONLY,ret = misc_register(&cpu_loading_object->mdev);
mt8183-kernel,platform/kernel/mediatek/mt8183/4.4/drivers/misc/mediatek/performance/cpu_loading/cpu_loading.c,739,procfs,init_cpu_loading,yes,no,yes,SOURCE_ONLY,"if (!proc_create(entries[i].name, 0644,"
mt8183-kernel,platform/kernel/mediatek/mt8183/4.4/drivers/misc/mediatek/performance/eas_controller/src/eas_controller.c,166,usercopy,update_eas_boost_value,yes,no,yes,SOURCE_ONLY,"if (copy_from_user(buf, ubuf, cnt))"
mt8183-kernel,platform/kernel/mediatek/mt8183/4.4/drivers/misc/mediatek/performance/eas_controller/src/eas_controller.c,170,sysfs_or_store,update_eas_boost_value,yes,no,yes,SOURCE_ONLY,"if (kstrtoint(buf, 10, &data))"
mt8183-kernel,platform/kernel/mediatek/mt8183/4.4/drivers/misc/mediatek/performance/eas_controller/src/eas_controller.c,194,write_handler,perfmgr_perfserv_fg_boost_open,yes,no,yes,SOURCE_ONLY,".write = perfmgr_perfserv_fg_boost_write,"
mt8183-kernel,platform/kernel/mediatek/mt8183/4.4/drivers/misc/mediatek/performance/eas_controller/src/eas_controller.c,234,usercopy,perfmgr_current_fg_boost_open,yes,no,yes,SOURCE_ONLY,"if (copy_from_user(buf, ubuf, cnt))"
mt8183-kernel,platform/kernel/mediatek/mt8183/4.4/drivers/misc/mediatek/performance/eas_controller/src/eas_controller.c,238,sysfs_or_store,perfmgr_current_fg_boost_open,yes,no,yes,SOURCE_ONLY,"if (kstrtoint(buf, 10, &data))"
mt8183-kernel,platform/kernel/mediatek/mt8183/4.4/drivers/misc/mediatek/performance/eas_controller/src/eas_controller.c,269,write_handler,perfmgr_debug_fg_boost_open,yes,no,yes,SOURCE_ONLY,".write = perfmgr_debug_fg_boost_write,"
mt8183-kernel,platform/kernel/mediatek/mt8183/4.4/drivers/misc/mediatek/performance/eas_controller/src/eas_controller.c,285,usercopy,perfmgr_debug_fg_boost_open,yes,no,yes,SOURCE_ONLY,"if (copy_from_user(buf, ubuf, cnt))"
mt8183-kernel,platform/kernel/mediatek/mt8183/4.4/drivers/misc/mediatek/performance/eas_controller/src/eas_controller.c,289,sysfs_or_store,perfmgr_debug_fg_boost_open,yes,no,yes,SOURCE_ONLY,"if (kstrtoint(buf, 10, &data))"
mt8183-kernel,platform/kernel/mediatek/mt8183/4.4/drivers/misc/mediatek/performance/eas_controller/src/eas_controller.c,313,write_handler,perfmgr_perfserv_bg_boost_open,yes,no,yes,SOURCE_ONLY,".write = perfmgr_perfserv_bg_boost_write,"
mt8183-kernel,platform/kernel/mediatek/mt8183/4.4/drivers/misc/mediatek/performance/eas_controller/src/eas_controller.c,353,usercopy,perfmgr_current_bg_boost_open,yes,no,yes,SOURCE_ONLY,"if (copy_from_user(buf, ubuf, cnt))"
mt8183-kernel,platform/kernel/mediatek/mt8183/4.4/drivers/misc/mediatek/performance/eas_controller/src/eas_controller.c,357,sysfs_or_store,perfmgr_current_bg_boost_open,yes,no,yes,SOURCE_ONLY,"if (kstrtoint(buf, 10, &data))"
mt8183-kernel,platform/kernel/mediatek/mt8183/4.4/drivers/misc/mediatek/performance/eas_controller/src/eas_controller.c,388,write_handler,perfmgr_debug_bg_boost_open,yes,no,yes,SOURCE_ONLY,".write = perfmgr_debug_bg_boost_write,"
mt8183-kernel,platform/kernel/mediatek/mt8183/4.4/drivers/misc/mediatek/performance/eas_controller/src/eas_controller.c,405,usercopy,perfmgr_debug_bg_boost_open,yes,no,yes,SOURCE_ONLY,"if (copy_from_user(buf, ubuf, cnt))"
mt8183-kernel,platform/kernel/mediatek/mt8183/4.4/drivers/misc/mediatek/performance/eas_controller/src/eas_controller.c,409,sysfs_or_store,perfmgr_debug_bg_boost_open,yes,no,yes,SOURCE_ONLY,"if (kstrtoint(buf, 10, &data))"
mt8183-kernel,platform/kernel/mediatek/mt8183/4.4/drivers/misc/mediatek/performance/eas_controller/src/eas_controller.c,433,write_handler,perfmgr_perfserv_ta_boost_open,yes,no,yes,SOURCE_ONLY,".write = perfmgr_perfserv_ta_boost_write,"
mt8183-kernel,platform/kernel/mediatek/mt8183/4.4/drivers/misc/mediatek/performance/eas_controller/src/eas_controller.c,449,usercopy,perfmgr_perfserv_ta_boost_open,yes,no,yes,SOURCE_ONLY,"if (copy_from_user(buf, ubuf, cnt))"
mt8183-kernel,platform/kernel/mediatek/mt8183/4.4/drivers/misc/mediatek/performance/eas_controller/src/eas_controller.c,481,write_handler,perfmgr_boot_boost_open,yes,no,yes,SOURCE_ONLY,".write = perfmgr_boot_boost_write,"
mt8183-kernel,platform/kernel/mediatek/mt8183/4.4/drivers/misc/mediatek/performance/eas_controller/src/eas_controller.c,521,usercopy,perfmgr_current_ta_boost_open,yes,no,yes,SOURCE_ONLY,"if (copy_from_user(buf, ubuf, cnt))"
mt8183-kernel,platform/kernel/mediatek/mt8183/4.4/drivers/misc/mediatek/performance/eas_controller/src/eas_controller.c,525,sysfs_or_store,perfmgr_current_ta_boost_open,yes,no,yes,SOURCE_ONLY,"if (kstrtoint(buf, 10, &data))"
mt8183-kernel,platform/kernel/mediatek/mt8183/4.4/drivers/misc/mediatek/performance/eas_controller/src/eas_controller.c,556,write_handler,perfmgr_debug_ta_boost_open,yes,no,yes,SOURCE_ONLY,".write = perfmgr_debug_ta_boost_write,"
mt8183-kernel,platform/kernel/mediatek/mt8183/4.4/drivers/misc/mediatek/performance/eas_controller/src/eas_controller.c,573,usercopy,perfmgr_debug_ta_boost_open,yes,no,yes,SOURCE_ONLY,"if (copy_from_user(buf, ubuf, cnt))"
mt8183-kernel,platform/kernel/mediatek/mt8183/4.4/drivers/misc/mediatek/performance/eas_controller/src/eas_controller.c,577,sysfs_or_store,perfmgr_debug_ta_boost_open,yes,no,yes,SOURCE_ONLY,"if (kstrtoint(buf, 10, &data))"
mt8183-kernel,platform/kernel/mediatek/mt8183/4.4/drivers/misc/mediatek/performance/eas_controller/src/eas_controller.c,606,write_handler,perfmgr_perfserv_ext_launch_mon_open,yes,no,yes,SOURCE_ONLY,".write = perfmgr_perfserv_ext_launch_mon_write,"
mt8183-kernel,platform/kernel/mediatek/mt8183/4.4/drivers/misc/mediatek/performance/eas_controller/src/eas_controller.c,622,usercopy,perfmgr_perfserv_ext_launch_mon_open,yes,no,yes,SOURCE_ONLY,"if (copy_from_user(buf, ubuf, cnt))"
mt8183-kernel,platform/kernel/mediatek/mt8183/4.4/drivers/misc/mediatek/performance/eas_controller/src/eas_controller.c,626,sysfs_or_store,perfmgr_perfserv_ext_launch_mon_open,yes,no,yes,SOURCE_ONLY,"if (kstrtoint(buf, 10, &data))"
mt8183-kernel,platform/kernel/mediatek/mt8183/4.4/drivers/misc/mediatek/performance/eas_controller/src/eas_controller.c,648,write_handler,perfmgr_m_sched_migrate_cost_n_open,yes,no,yes,SOURCE_ONLY,".write = perfmgr_m_sched_migrate_cost_n_write,"
mt8183-kernel,platform/kernel/mediatek/mt8183/4.4/drivers/misc/mediatek/performance/eas_controller/src/eas_controller.c,665,usercopy,perfmgr_m_sched_migrate_cost_n_open,yes,no,yes,SOURCE_ONLY,"if (copy_from_user(buf, ubuf, cnt))"
mt8183-kernel,platform/kernel/mediatek/mt8183/4.4/drivers/misc/mediatek/performance/eas_controller/src/eas_controller.c,669,sysfs_or_store,perfmgr_m_sched_migrate_cost_n_open,yes,no,yes,SOURCE_ONLY,"if (kstrtoint(buf, 10, &data))"
mt8183-kernel,platform/kernel/mediatek/mt8183/4.4/drivers/misc/mediatek/performance/eas_controller/src/eas_controller.c,691,write_handler,perfmgr_cpi_thres_open,yes,no,yes,SOURCE_ONLY,".write = perfmgr_cpi_thres_write,"
mt8183-kernel,platform/kernel/mediatek/mt8183/4.4/drivers/misc/mediatek/performance/eas_controller/src/eas_controller.c,705,usercopy,perfmgr_cpi_thres_open,yes,no,yes,SOURCE_ONLY,"if (copy_from_user(buf, ubuf, cnt))"
mt8183-kernel,platform/kernel/mediatek/mt8183/4.4/drivers/misc/mediatek/performance/eas_controller/src/eas_controller.c,709,sysfs_or_store,perfmgr_cpi_thres_open,yes,no,yes,SOURCE_ONLY,"if (kstrtoint(buf, 10, &data))"
mt8183-kernel,platform/kernel/mediatek/mt8183/4.4/drivers/misc/mediatek/performance/eas_controller/src/eas_controller.c,731,write_handler,perfmgr_vcore_high_open,yes,no,yes,SOURCE_ONLY,".write = perfmgr_vcore_high_write,"
mt8183-kernel,platform/kernel/mediatek/mt8183/4.4/drivers/misc/mediatek/performance/eas_controller/src/eas_controller.c,746,procfs,perfmgr_eas_boost_init,yes,no,yes,SOURCE_ONLY,"proc_create(""perfserv_fg_boost"", 0644, boost_dir, &perfmgr_perfserv_fg_boost_fops);"
mt8183-kernel,platform/kernel/mediatek/mt8183/4.4/drivers/misc/mediatek/performance/eas_controller/src/eas_controller.c,747,procfs,perfmgr_eas_boost_init,yes,no,yes,SOURCE_ONLY,"proc_create(""current_fg_boost"", 0644, boost_dir, &perfmgr_current_fg_boost_fops);"
mt8183-kernel,platform/kernel/mediatek/mt8183/4.4/drivers/misc/mediatek/performance/eas_controller/src/eas_controller.c,748,procfs,perfmgr_eas_boost_init,yes,no,yes,SOURCE_ONLY,"proc_create(""debug_fg_boost"", 0644, boost_dir, &perfmgr_debug_fg_boost_fops);"
mt8183-kernel,platform/kernel/mediatek/mt8183/4.4/drivers/misc/mediatek/performance/eas_controller/src/eas_controller.c,750,procfs,perfmgr_eas_boost_init,yes,no,yes,SOURCE_ONLY,"proc_create(""perfserv_bg_boost"", 0644, boost_dir, &perfmgr_perfserv_bg_boost_fops);"
mt8183-kernel,platform/kernel/mediatek/mt8183/4.4/drivers/misc/mediatek/performance/eas_controller/src/eas_controller.c,751,procfs,perfmgr_eas_boost_init,yes,no,yes,SOURCE_ONLY,"proc_create(""current_bg_boost"", 0644, boost_dir, &perfmgr_current_bg_boost_fops);"
mt8183-kernel,platform/kernel/mediatek/mt8183/4.4/drivers/misc/mediatek/performance/eas_controller/src/eas_controller.c,752,procfs,perfmgr_eas_boost_init,yes,no,yes,SOURCE_ONLY,"proc_create(""debug_bg_boost"", 0644, boost_dir, &perfmgr_debug_bg_boost_fops);"
mt8183-kernel,platform/kernel/mediatek/mt8183/4.4/drivers/misc/mediatek/performance/eas_controller/src/eas_controller.c,754,procfs,perfmgr_eas_boost_init,yes,no,yes,SOURCE_ONLY,"proc_create(""perfserv_ta_boost"", 0644, boost_dir, &perfmgr_perfserv_ta_boost_fops);"
mt8183-kernel,platform/kernel/mediatek/mt8183/4.4/drivers/misc/mediatek/performance/eas_controller/src/eas_controller.c,755,procfs,perfmgr_eas_boost_init,yes,no,yes,SOURCE_ONLY,"proc_create(""current_ta_boost"", 0644, boost_dir, &perfmgr_current_ta_boost_fops);"
mt8183-kernel,platform/kernel/mediatek/mt8183/4.4/drivers/misc/mediatek/performance/eas_controller/src/eas_controller.c,756,procfs,perfmgr_eas_boost_init,yes,no,yes,SOURCE_ONLY,"proc_create(""debug_ta_boost"", 0644, boost_dir, &perfmgr_debug_ta_boost_fops);"
mt8183-kernel,platform/kernel/mediatek/mt8183/4.4/drivers/misc/mediatek/performance/eas_controller/src/eas_controller.c,758,procfs,perfmgr_eas_boost_init,yes,no,yes,SOURCE_ONLY,"proc_create(""boot_boost"", 0644, boost_dir, &perfmgr_boot_boost_fops);"
mt8183-kernel,platform/kernel/mediatek/mt8183/4.4/drivers/misc/mediatek/performance/eas_controller/src/eas_controller.c,760,procfs,perfmgr_eas_boost_init,yes,no,yes,SOURCE_ONLY,"proc_create(""perfserv_ext_launch_mon"", 0644, boost_dir, &perfmgr_perfserv_ext_launch_mon_fops);"
mt8183-kernel,platform/kernel/mediatek/mt8183/4.4/drivers/misc/mediatek/performance/eas_controller/src/eas_controller.c,763,procfs,perfmgr_eas_boost_init,yes,no,yes,SOURCE_ONLY,"proc_create(""m_sched_migrate_cost_n"", 0644, boost_dir, &perfmgr_m_sched_migrate_cost_n_fops);"
mt8183-kernel,platform/kernel/mediatek/mt8183/4.4/drivers/misc/mediatek/performance/eas_controller/src/eas_controller.c,766,procfs,perfmgr_eas_boost_init,yes,no,yes,SOURCE_ONLY,"proc_create(""vcore_high"", 0644, boost_dir, &perfmgr_vcore_high_fops);"
mt8183-kernel,platform/kernel/mediatek/mt8183/4.4/drivers/misc/mediatek/performance/eas_controller/src/eas_controller.c,767,procfs,perfmgr_eas_boost_init,yes,no,yes,SOURCE_ONLY,"proc_create(""cpi_thres"", 0644, boost_dir, &perfmgr_cpi_thres_fops);"
mt8183-kernel,platform/kernel/mediatek/mt8183/4.4/drivers/misc/mediatek/performance/fbc/touch_boost.c,145,usercopy,notify_frame_complete,yes,no,yes,SOURCE_ONLY,"if (copy_from_user(buf, ubuf, cnt))"
mt8183-kernel,platform/kernel/mediatek/mt8183/4.4/drivers/misc/mediatek/performance/fbc/touch_boost.c,211,write_handler,touch_boost_ioctl,yes,no,yes,SOURCE_ONLY,".write = device_write,"
mt8183-kernel,platform/kernel/mediatek/mt8183/4.4/drivers/misc/mediatek/performance/fbc/touch_boost.c,242,procfs,init_touch_boost,yes,no,yes,SOURCE_ONLY,"pe = proc_create(""perfmgr/touch_boost"", 0664, NULL, &Fops);"
mt8183-kernel,platform/kernel/mediatek/mt8183/4.4/drivers/misc/mediatek/performance/fliper/mt8183/fliper.c,100,usercopy,mt_fliper_open,yes,no,yes,SOURCE_ONLY,"if (copy_from_user(buf, ubuf, cnt)) {"
mt8183-kernel,platform/kernel/mediatek/mt8183/4.4/drivers/misc/mediatek/performance/fliper/mt8183/fliper.c,105,sysfs_or_store,mt_fliper_open,yes,no,yes,SOURCE_ONLY,"ret = kstrtoint(buf, 10, &val);"
mt8183-kernel,platform/kernel/mediatek/mt8183/4.4/drivers/misc/mediatek/performance/fliper/mt8183/fliper.c,134,write_handler,mt_ddr_open,yes,no,yes,SOURCE_ONLY,".write = mt_ddr_write,"
mt8183-kernel,platform/kernel/mediatek/mt8183/4.4/drivers/misc/mediatek/performance/fliper/mt8183/fliper.c,156,usercopy,mt_ddr_open,yes,no,yes,SOURCE_ONLY,"if (copy_from_user(buf, ubuf, cnt))"
mt8183-kernel,platform/kernel/mediatek/mt8183/4.4/drivers/misc/mediatek/performance/fliper/mt8183/fliper.c,159,sysfs_or_store,mt_ddr_open,yes,no,yes,SOURCE_ONLY,"ret = kstrtoint(buf, 10, &val);"
mt8183-kernel,platform/kernel/mediatek/mt8183/4.4/drivers/misc/mediatek/performance/fliper/mt8183/fliper.c,185,write_handler,mt_perf_ddr3_open,yes,no,yes,SOURCE_ONLY,".write = mt_perf_ddr3_write,"
mt8183-kernel,platform/kernel/mediatek/mt8183/4.4/drivers/misc/mediatek/performance/fliper/mt8183/fliper.c,209,usercopy,mt_perf_ddr3_open,yes,no,yes,SOURCE_ONLY,"if (copy_from_user(buf, ubuf, cnt))"
mt8183-kernel,platform/kernel/mediatek/mt8183/4.4/drivers/misc/mediatek/performance/fliper/mt8183/fliper.c,212,sysfs_or_store,mt_perf_ddr3_open,yes,no,yes,SOURCE_ONLY,"ret = kstrtoint(buf, 10, &val);"
mt8183-kernel,platform/kernel/mediatek/mt8183/4.4/drivers/misc/mediatek/performance/fliper/mt8183/fliper.c,237,write_handler,mt_perf_open,yes,no,yes,SOURCE_ONLY,".write = mt_perf_write,"
mt8183-kernel,platform/kernel/mediatek/mt8183/4.4/drivers/misc/mediatek/performance/fliper/mt8183/fliper.c,262,procfs,init_fliper,yes,no,yes,SOURCE_ONLY,"fliper_dir = proc_create(""fliper"", 0644, fliperfs_dir, &mt_fliper_fops);"
mt8183-kernel,platform/kernel/mediatek/mt8183/4.4/drivers/misc/mediatek/performance/fliper/mt8183/fliper.c,276,procfs,init_fliper,yes,no,yes,SOURCE_ONLY,"ddr_dir = proc_create(""emi"", 0644, fliperfs_dir, &mt_ddr_fops);"
mt8183-kernel,platform/kernel/mediatek/mt8183/4.4/drivers/misc/mediatek/performance/fliper/mt8183/fliper.c,287,procfs,init_fliper,yes,no,yes,SOURCE_ONLY,"perf_dir = proc_create(""perf"", 0644, fliperfs_dir, &mt_perf_fops);"
mt8183-kernel,platform/kernel/mediatek/mt8183/4.4/drivers/misc/mediatek/performance/fliper/mt8183/fliper.c,291,procfs,,yes,no,yes,SOURCE_ONLY,"perf_ddr3_dir = proc_create(""perf_ddr3"", 0644, fliperfs_dir, &mt_perf_ddr3_fops);"
mt8183-kernel,platform/kernel/mediatek/mt8183/4.4/drivers/misc/mediatek/performance/legacy_controller/legacy_controller.c,71,usercopy,,yes,no,yes,SOURCE_ONLY,"if (copy_from_user(buf, buffer, count))"
mt8183-kernel,platform/kernel/mediatek/mt8183/4.4/drivers/misc/mediatek/performance/legacy_controller/legacy_controller.c,318,sysfs_or_store,,yes,no,yes,SOURCE_ONLY,"if (kstrtoint(tok, 10, &data)) {"
mt8183-kernel,platform/kernel/mediatek/mt8183/4.4/drivers/misc/mediatek/performance/legacy_controller/legacy_controller.c,360,write_handler,perfmgr_perfserv_core_open,yes,no,yes,SOURCE_ONLY,".write = perfmgr_perfserv_core_write,"
mt8183-kernel,platform/kernel/mediatek/mt8183/4.4/drivers/misc/mediatek/performance/legacy_controller/legacy_controller.c,387,sysfs_or_store,perfmgr_perfserv_core_open,yes,no,yes,SOURCE_ONLY,"if (kstrtoint(tok, 10, &data)) {"
mt8183-kernel,platform/kernel/mediatek/mt8183/4.4/drivers/misc/mediatek/performance/legacy_controller/legacy_controller.c,433,write_handler,perfmgr_perfserv_freq_open,yes,no,yes,SOURCE_ONLY,".write = perfmgr_perfserv_freq_write,"
mt8183-kernel,platform/kernel/mediatek/mt8183/4.4/drivers/misc/mediatek/performance/legacy_controller/legacy_controller.c,459,sysfs_or_store,perfmgr_perfserv_freq_open,yes,no,yes,SOURCE_ONLY,"if (kstrtoint(tok, 10, &data)) {"
mt8183-kernel,platform/kernel/mediatek/mt8183/4.4/drivers/misc/mediatek/performance/legacy_controller/legacy_controller.c,501,write_handler,perfmgr_boot_freq_open,yes,no,yes,SOURCE_ONLY,".write = perfmgr_boot_freq_write,"
mt8183-kernel,platform/kernel/mediatek/mt8183/4.4/drivers/misc/mediatek/performance/legacy_controller/legacy_controller.c,565,usercopy,perfmgr_current_freq_open,yes,no,yes,SOURCE_ONLY,"if (copy_from_user(buf, ubuf, cnt))"
mt8183-kernel,platform/kernel/mediatek/mt8183/4.4/drivers/misc/mediatek/performance/legacy_controller/legacy_controller.c,595,write_handler,perfmgr_log_open,yes,no,yes,SOURCE_ONLY,".write = perfmgr_log_write,"
mt8183-kernel,platform/kernel/mediatek/mt8183/4.4/drivers/misc/mediatek/performance/legacy_controller/legacy_controller.c,611,procfs,perfmgr_legacy_boost_init,yes,no,yes,SOURCE_ONLY,"proc_create(""perfserv_core"", 0644, boost_dir, &perfmgr_perfserv_core_fops);"
mt8183-kernel,platform/kernel/mediatek/mt8183/4.4/drivers/misc/mediatek/performance/legacy_controller/legacy_controller.c,612,procfs,perfmgr_legacy_boost_init,yes,no,yes,SOURCE_ONLY,"proc_create(""current_core"", 0644, boost_dir, &perfmgr_current_core_fops);"
mt8183-kernel,platform/kernel/mediatek/mt8183/4.4/drivers/misc/mediatek/performance/legacy_controller/legacy_controller.c,613,procfs,perfmgr_legacy_boost_init,yes,no,yes,SOURCE_ONLY,"proc_create(""perfserv_freq"", 0644, boost_dir, &perfmgr_perfserv_freq_fops);"
mt8183-kernel,platform/kernel/mediatek/mt8183/4.4/drivers/misc/mediatek/performance/legacy_controller/legacy_controller.c,614,procfs,perfmgr_legacy_boost_init,yes,no,yes,SOURCE_ONLY,"proc_create(""boot_freq"", 0644, boost_dir, &perfmgr_boot_freq_fops);"
mt8183-kernel,platform/kernel/mediatek/mt8183/4.4/drivers/misc/mediatek/performance/legacy_controller/legacy_controller.c,615,procfs,perfmgr_legacy_boost_init,yes,no,yes,SOURCE_ONLY,"proc_create(""current_freq"", 0644, boost_dir, &perfmgr_current_freq_fops);"
mt8183-kernel,platform/kernel/mediatek/mt8183/4.4/drivers/misc/mediatek/performance/legacy_controller/legacy_controller.c,616,procfs,perfmgr_legacy_boost_init,yes,no,yes,SOURCE_ONLY,"proc_create(""perfmgr_log"", 0644, boost_dir, &perfmgr_log_fops);"
mt8183-kernel,platform/kernel/mediatek/mt8183/4.4/drivers/misc/mediatek/performance/perf_ioctl/perf_ioctl.c,49,usercopy,perfctl_copy_from_user,yes,no,yes,SOURCE_ONLY,"if (copy_from_user(buf, ubuf, cnt))"
mt8183-kernel,platform/kernel/mediatek/mt8183/4.4/drivers/misc/mediatek/performance/perf_ioctl/perf_ioctl.c,200,ioctl_entry;write_handler,,yes,no,yes,SOURCE_ONLY,".unlocked_ioctl = device_ioctl,"
mt8183-kernel,platform/kernel/mediatek/mt8183/4.4/drivers/misc/mediatek/performance/perf_ioctl/perf_ioctl.c,201,ioctl_entry;write_handler,,yes,no,yes,SOURCE_ONLY,".compat_ioctl = device_ioctl,"
mt8183-kernel,platform/kernel/mediatek/mt8183/4.4/drivers/misc/mediatek/performance/perf_ioctl/perf_ioctl.c,203,write_handler,,yes,no,yes,SOURCE_ONLY,".write = device_write,"
mt8183-kernel,platform/kernel/mediatek/mt8183/4.4/drivers/misc/mediatek/performance/perf_ioctl/perf_ioctl.c,231,procfs,init_perfctl,yes,no,yes,SOURCE_ONLY,"pe = proc_create(""perfmgr/perf_ioctl"", 0664, NULL, &Fops);"
mt8183-kernel,platform/kernel/mediatek/mt8183/4.4/drivers/misc/mediatek/performance/perfmgr/perfmgr_touch.c,100,usercopy,tboost_thread,yes,no,yes,SOURCE_ONLY,"if (copy_from_user(buf, ubuf, cnt))"
mt8183-kernel,platform/kernel/mediatek/mt8183/4.4/drivers/misc/mediatek/performance/perfmgr/perfmgr_touch.c,130,write_handler,perfmgr_tb_enable_open,yes,no,yes,SOURCE_ONLY,".write = perfmgr_tb_enable_write,"
mt8183-kernel,platform/kernel/mediatek/mt8183/4.4/drivers/misc/mediatek/performance/perfmgr/perfmgr_touch.c,147,usercopy,perfmgr_tb_enable_open,yes,no,yes,SOURCE_ONLY,"if (copy_from_user(buf, ubuf, cnt))"
mt8183-kernel,platform/kernel/mediatek/mt8183/4.4/drivers/misc/mediatek/performance/perfmgr/perfmgr_touch.c,177,write_handler,perfmgr_tb_core_open,yes,no,yes,SOURCE_ONLY,".write = perfmgr_tb_core_write,"
mt8183-kernel,platform/kernel/mediatek/mt8183/4.4/drivers/misc/mediatek/performance/perfmgr/perfmgr_touch.c,194,usercopy,perfmgr_tb_core_open,yes,no,yes,SOURCE_ONLY,"if (copy_from_user(buf, ubuf, cnt))"
mt8183-kernel,platform/kernel/mediatek/mt8183/4.4/drivers/misc/mediatek/performance/perfmgr/perfmgr_touch.c,224,write_handler,perfmgr_tb_freq_open,yes,no,yes,SOURCE_ONLY,".write = perfmgr_tb_freq_write,"
mt8183-kernel,platform/kernel/mediatek/mt8183/4.4/drivers/misc/mediatek/performance/perfmgr/perfmgr_touch.c,317,procfs,init_perfmgr_touch,yes,no,yes,SOURCE_ONLY,"proc_create(""tb_enable"", 0644, touch_dir, &perfmgr_tb_enable_fops);"
mt8183-kernel,platform/kernel/mediatek/mt8183/4.4/drivers/misc/mediatek/performance/perfmgr/perfmgr_touch.c,318,procfs,init_perfmgr_touch,yes,no,yes,SOURCE_ONLY,"proc_create(""tb_core"", 0644, touch_dir, &perfmgr_tb_core_fops);"
mt8183-kernel,platform/kernel/mediatek/mt8183/4.4/drivers/misc/mediatek/performance/perfmgr/perfmgr_touch.c,319,procfs,init_perfmgr_touch,yes,no,yes,SOURCE_ONLY,"proc_create(""tb_freq"", 0644, touch_dir, &perfmgr_tb_freq_fops);"
mt8183-kernel,platform/kernel/mediatek/mt8183/4.4/drivers/misc/mediatek/performance/smart/mt8183/smart.c,522,write_handler,mt_app_is_sports_open,no,no,yes,SOURCE_ONLY,".write = mt_app_is_sports_write,"
mt8183-kernel,platform/kernel/mediatek/mt8183/4.4/drivers/misc/mediatek/performance/smart/mt8183/smart.c,535,write_handler,mt_app_is_running_open,no,no,yes,SOURCE_ONLY,".write = mt_app_is_running_write,"
mt8183-kernel,platform/kernel/mediatek/mt8183/4.4/drivers/misc/mediatek/performance/smart/mt8183/smart.c,548,write_handler,mt_app_load_thresh_open,no,no,yes,SOURCE_ONLY,".write = mt_app_load_thresh_write,"
mt8183-kernel,platform/kernel/mediatek/mt8183/4.4/drivers/misc/mediatek/performance/smart/mt8183/smart.c,561,write_handler,mt_app_tlp_thresh_open,no,no,yes,SOURCE_ONLY,".write = mt_app_tlp_thresh_write,"
mt8183-kernel,platform/kernel/mediatek/mt8183/4.4/drivers/misc/mediatek/performance/smart/mt8183/smart.c,574,write_handler,mt_app_btask_thresh_open,no,no,yes,SOURCE_ONLY,".write = mt_app_btask_thresh_write,"
mt8183-kernel,platform/kernel/mediatek/mt8183/4.4/drivers/misc/mediatek/performance/smart/mt8183/smart.c,587,write_handler,mt_app_up_times_open,no,no,yes,SOURCE_ONLY,".write = mt_app_up_times_write,"
mt8183-kernel,platform/kernel/mediatek/mt8183/4.4/drivers/misc/mediatek/performance/smart/mt8183/smart.c,600,write_handler,mt_app_down_times_open,no,no,yes,SOURCE_ONLY,".write = mt_app_down_times_write,"
mt8183-kernel,platform/kernel/mediatek/mt8183/4.4/drivers/misc/mediatek/performance/smart/mt8183/smart.c,613,write_handler,mt_turbo_util_thresh_open,no,no,yes,SOURCE_ONLY,".write = mt_turbo_util_thresh_write,"
mt8183-kernel,platform/kernel/mediatek/mt8183/4.4/drivers/misc/mediatek/performance/smart/mt8183/smart.c,626,write_handler,mt_smart_turbo_support_open,no,no,yes,SOURCE_ONLY,".write = mt_smart_turbo_support_write,"
mt8183-kernel,platform/kernel/mediatek/mt8183/4.4/drivers/misc/mediatek/performance/smart/mt8183/smart.c,639,write_handler,mt_smart_force_isolate_open,no,no,yes,SOURCE_ONLY,".write = mt_smart_force_isolate_write,"
mt8183-kernel,platform/kernel/mediatek/mt8183/4.4/drivers/misc/mediatek/performance/smart/mt8183/smart.c,652,write_handler,mt_smart_log_enable_open,no,no,yes,SOURCE_ONLY,".write = mt_smart_log_enable_write,"
mt8183-kernel,platform/kernel/mediatek/mt8183/4.4/drivers/misc/mediatek/performance/smart/mt8183/smart.c,665,write_handler,mt_smart_trace_enable_open,no,no,yes,SOURCE_ONLY,".write = mt_smart_trace_enable_write,"
mt8183-kernel,platform/kernel/mediatek/mt8183/4.4/drivers/misc/mediatek/performance/smart/mt8183/smart.c,678,write_handler,mt_smart_uevent_enable_open,no,no,yes,SOURCE_ONLY,".write = mt_smart_uevent_enable_write,"
mt8183-kernel,platform/kernel/mediatek/mt8183/4.4/drivers/misc/mediatek/performance/smart/mt8183/smart.c,909,misc_register,init_smart_obj,no,no,yes,SOURCE_ONLY,ret = misc_register(&smart_context_obj->mdev);
mt8183-kernel,platform/kernel/mediatek/mt8183/4.4/drivers/misc/mediatek/performance/smart/mt8183/smart.c,942,procfs,init_smart,no,no,yes,SOURCE_ONLY,"pe = proc_create(""smart_turbo_support"", 0644, smart_dir, &mt_smart_turbo_support_fops);"
mt8183-kernel,platform/kernel/mediatek/mt8183/4.4/drivers/misc/mediatek/performance/smart/mt8183/smart.c,945,procfs,init_smart,no,no,yes,SOURCE_ONLY,"pe = proc_create(""smart_force_isolate"", 0644, smart_dir, &mt_smart_force_isolate_fops);"
mt8183-kernel,platform/kernel/mediatek/mt8183/4.4/drivers/misc/mediatek/performance/smart/mt8183/smart.c,948,procfs,init_smart,no,no,yes,SOURCE_ONLY,"pe = proc_create(""smart_log_enable"", 0644, smart_dir, &mt_smart_log_enable_fops);"
mt8183-kernel,platform/kernel/mediatek/mt8183/4.4/drivers/misc/mediatek/performance/smart/mt8183/smart.c,951,procfs,init_smart,no,no,yes,SOURCE_ONLY,"pe = proc_create(""smart_trace_enable"", 0644, smart_dir, &mt_smart_trace_enable_fops);"
mt8183-kernel,platform/kernel/mediatek/mt8183/4.4/drivers/misc/mediatek/performance/smart/mt8183/smart.c,954,procfs,init_smart,no,no,yes,SOURCE_ONLY,"pe = proc_create(""smart_uevent_enable"", 0644, smart_dir, &mt_smart_uevent_enable_fops);"
mt8183-kernel,platform/kernel/mediatek/mt8183/4.4/drivers/misc/mediatek/performance/smart/mt8183/smart.c,957,procfs,init_smart,no,no,yes,SOURCE_ONLY,"pe = proc_create(""app_is_sports"", 0644, smart_dir, &mt_app_is_sports_fops);"
mt8183-kernel,platform/kernel/mediatek/mt8183/4.4/drivers/misc/mediatek/performance/smart/mt8183/smart.c,960,procfs,init_smart,no,no,yes,SOURCE_ONLY,"pe = proc_create(""app_is_running"", 0644, smart_dir, &mt_app_is_running_fops);"
mt8183-kernel,platform/kernel/mediatek/mt8183/4.4/drivers/misc/mediatek/performance/smart/mt8183/smart.c,963,procfs,init_smart,no,no,yes,SOURCE_ONLY,"pe = proc_create(""app_load_thresh"", 0644, smart_dir, &mt_app_load_thresh_fops);"
mt8183-kernel,platform/kernel/mediatek/mt8183/4.4/drivers/misc/mediatek/performance/smart/mt8183/smart.c,966,procfs,init_smart,no,no,yes,SOURCE_ONLY,"pe = proc_create(""app_tlp_thresh"", 0644, smart_dir, &mt_app_tlp_thresh_fops);"
mt8183-kernel,platform/kernel/mediatek/mt8183/4.4/drivers/misc/mediatek/performance/smart/mt8183/smart.c,969,procfs,init_smart,no,no,yes,SOURCE_ONLY,"pe = proc_create(""app_btask_thresh"", 0644, smart_dir, &mt_app_btask_thresh_fops);"
mt8183-kernel,platform/kernel/mediatek/mt8183/4.4/drivers/misc/mediatek/performance/smart/mt8183/smart.c,972,procfs,init_smart,no,no,yes,SOURCE_ONLY,"pe = proc_create(""app_up_times"", 0644, smart_dir, &mt_app_up_times_fops);"
mt8183-kernel,platform/kernel/mediatek/mt8183/4.4/drivers/misc/mediatek/performance/smart/mt8183/smart.c,975,procfs,,no,no,yes,SOURCE_ONLY,"pe = proc_create(""app_down_times"", 0644, smart_dir, &mt_app_down_times_fops);"
mt8183-kernel,platform/kernel/mediatek/mt8183/4.4/drivers/misc/mediatek/performance/smart/mt8183/smart.c,978,procfs,,no,no,yes,SOURCE_ONLY,"pe = proc_create(""turbo_util_thresh"", 0644, smart_dir, &mt_turbo_util_thresh_fops);"
mt8183-kernel,platform/kernel/mediatek/mt8183/4.4/drivers/misc/mediatek/pidmap/pidmap.c,206,usercopy,get_pidmap_aee_buffer,yes,no,yes,SOURCE_ONLY,"ret = copy_from_user(mtk_pidmap_proc_cmd_buf, buf, count);"
mt8183-kernel,platform/kernel/mediatek/mt8183/4.4/drivers/misc/mediatek/pidmap/pidmap.c,239,write_handler,mtk_pidmap_proc_open,yes,no,yes,SOURCE_ONLY,".write = mtk_pidmap_proc_write,"
mt8183-kernel,platform/kernel/mediatek/mt8183/4.4/drivers/misc/mediatek/pidmap/pidmap.c,253,procfs,mtk_pidmap_proc_init,yes,no,yes,SOURCE_ONLY,"mtk_pidmap_proc_entry = proc_create(""pidmap"","
mt8183-kernel,platform/kernel/mediatek/mt8183/4.4/drivers/misc/mediatek/pmic/common/upmu.c,323,usercopy,pmic_ftm_ioctl,yes,no,yes,SOURCE_ONLY,"ret = copy_from_user(adc_in_data, user_data_addr, 8);"
mt8183-kernel,platform/kernel/mediatek/mt8183/4.4/drivers/misc/mediatek/pmic/common/upmu.c,330,usercopy,pmic_ftm_ioctl,yes,no,yes,SOURCE_ONLY,"ret = copy_to_user(user_data_addr, adc_out_data, 8);"
mt8183-kernel,platform/kernel/mediatek/mt8183/4.4/drivers/misc/mediatek/pmic/common/upmu.c,338,usercopy,pmic_ftm_ioctl,yes,no,yes,SOURCE_ONLY,"ret = copy_from_user(adc_in_data, user_data_addr, 8);"
mt8183-kernel,platform/kernel/mediatek/mt8183/4.4/drivers/misc/mediatek/pmic/common/upmu.c,340,usercopy,pmic_ftm_ioctl,yes,no,yes,SOURCE_ONLY,"ret = copy_to_user(user_data_addr, adc_out_data, 8);"
mt8183-kernel,platform/kernel/mediatek/mt8183/4.4/drivers/misc/mediatek/pmic/common/upmu.c,348,usercopy,pmic_ftm_ioctl,yes,no,yes,SOURCE_ONLY,"ret = copy_from_user(adc_in_data, user_data_addr, 8);"
mt8183-kernel,platform/kernel/mediatek/mt8183/4.4/drivers/misc/mediatek/pmic/common/upmu.c,350,usercopy,pmic_ftm_ioctl,yes,no,yes,SOURCE_ONLY,"ret = copy_to_user(user_data_addr, adc_out_data, 8);"
mt8183-kernel,platform/kernel/mediatek/mt8183/4.4/drivers/misc/mediatek/pmic/common/upmu.c,356,usercopy,pmic_ftm_ioctl,yes,no,yes,SOURCE_ONLY,"ret = copy_from_user(adc_in_data, user_data_addr, 8);"
mt8183-kernel,platform/kernel/mediatek/mt8183/4.4/drivers/misc/mediatek/pmic/common/upmu.c,362,usercopy,,yes,no,yes,SOURCE_ONLY,"ret = copy_to_user(user_data_addr, adc_out_data, 8);"
mt8183-kernel,platform/kernel/mediatek/mt8183/4.4/drivers/misc/mediatek/pmic/common/upmu.c,367,usercopy,,yes,no,yes,SOURCE_ONLY,"ret = copy_from_user(adc_in_data, user_data_addr, 8);"
mt8183-kernel,platform/kernel/mediatek/mt8183/4.4/drivers/misc/mediatek/pmic/common/upmu.c,369,usercopy,,yes,no,yes,SOURCE_ONLY,"ret = copy_to_user(user_data_addr, adc_out_data, 8);"
mt8183-kernel,platform/kernel/mediatek/mt8183/4.4/drivers/misc/mediatek/pmic/common/upmu.c,413,ioctl_entry;write_handler,pmic_ftm_release,yes,no,yes,SOURCE_ONLY,".unlocked_ioctl = pmic_ftm_ioctl,"
mt8183-kernel,platform/kernel/mediatek/mt8183/4.4/drivers/misc/mediatek/pmic/common/upmu.c,415,ioctl_entry;write_handler,pmic_ftm_release,yes,no,yes,SOURCE_ONLY,".compat_ioctl = pmic_ftm_compat_ioctl,"
mt8183-kernel,platform/kernel/mediatek/mt8183/4.4/drivers/misc/mediatek/pmic/common/upmu.c,441,device_create,pmic_ftm_init,yes,no,yes,SOURCE_ONLY,"class_dev = (struct class_device *)device_create(pmic_class,"
mt8183-kernel,platform/kernel/mediatek/mt8183/4.4/drivers/misc/mediatek/pmic/common/upmu_debugfs.c,127,sysfs_or_store,show_pmic_access,no,no,yes,SOURCE_ONLY,"static DEVICE_ATTR(pmic_access, 0664, show_pmic_access, store_pmic_access); /*664*/"
mt8183-kernel,platform/kernel/mediatek/mt8183/4.4/drivers/misc/mediatek/pmic/common/upmu_debugfs.c,165,sysfs_or_store,show_pmic_dvt,no,no,yes,SOURCE_ONLY,"static DEVICE_ATTR(pmic_dvt, 0664, show_pmic_dvt, store_pmic_dvt);"
mt8183-kernel,platform/kernel/mediatek/mt8183/4.4/drivers/misc/mediatek/pmic/common/upmu_debugfs.c,203,sysfs_or_store,show_pmic_auxadc,no,no,yes,SOURCE_ONLY,"static DEVICE_ATTR(pmic_auxadc_ut, 0664, show_pmic_auxadc, store_pmic_auxadc);"
mt8183-kernel,platform/kernel/mediatek/mt8183/4.4/drivers/misc/mediatek/pmic/common/upmu_debugfs.c,286,write_handler,pmic_dbg_level_open,no,no,yes,SOURCE_ONLY,".write = pmic_dbg_level_write,"
mt8183-kernel,platform/kernel/mediatek/mt8183/4.4/drivers/misc/mediatek/pmic/common/upmu_debugfs.c,323,debugfs,pmic_debug_init,no,no,yes,SOURCE_ONLY,"mtk_pmic_dir = debugfs_create_dir(""mtk_pmic"", NULL);"
mt8183-kernel,platform/kernel/mediatek/mt8183/4.4/drivers/misc/mediatek/pmic/common/upmu_debugfs.c,330,debugfs,pmic_debug_init,no,no,yes,SOURCE_ONLY,"debugfs_create_file(""dump_pmic_reg"", S_IRUGO | S_IWUSR,"
mt8183-kernel,platform/kernel/mediatek/mt8183/4.4/drivers/misc/mediatek/pmic/common/upmu_debugfs.c,332,debugfs,pmic_debug_init,no,no,yes,SOURCE_ONLY,"debugfs_create_file(""pmic_dump_exception"", (S_IFREG | S_IRUGO),"
mt8183-kernel,platform/kernel/mediatek/mt8183/4.4/drivers/misc/mediatek/pmic/common/upmu_debugfs.c,334,debugfs,pmic_debug_init,no,no,yes,SOURCE_ONLY,"debugfs_create_file(""pmic_dbg_level"", (S_IFREG | S_IRUGO),"
mt8183-kernel,platform/kernel/mediatek/mt8183/4.4/drivers/misc/mediatek/pmic/common/upmu_lbat_service.c,635,write_handler,lbat_dbg_release,no,no,yes,SOURCE_ONLY,".write = lbat_dbg_write,"
mt8183-kernel,platform/kernel/mediatek/mt8183/4.4/drivers/misc/mediatek/pmic/common/upmu_lbat_service.c,648,debugfs,lbat_debug_init,no,no,yes,SOURCE_ONLY,"lbat_dbg_dir = debugfs_create_dir(""lbat_dbg"", debug_dir);"
mt8183-kernel,platform/kernel/mediatek/mt8183/4.4/drivers/misc/mediatek/pmic/common/upmu_lbat_service.c,656,debugfs,lbat_debug_init,no,no,yes,SOURCE_ONLY,"debugfs_create_file(""lbat_dump_list"", (S_IFREG | 0444),"
mt8183-kernel,platform/kernel/mediatek/mt8183/4.4/drivers/misc/mediatek/pmic/common/upmu_lbat_service.c,660,debugfs,lbat_debug_init,no,no,yes,SOURCE_ONLY,"debugfs_create_file(""lbat_dump_reg"", (S_IFREG | 0444),"
mt8183-kernel,platform/kernel/mediatek/mt8183/4.4/drivers/misc/mediatek/pmic/common/upmu_lbat_service.c,664,debugfs,lbat_debug_init,no,no,yes,SOURCE_ONLY,"debugfs_create_file(""lbat_dump_table"", (S_IFREG | 0444),"
mt8183-kernel,platform/kernel/mediatek/mt8183/4.4/drivers/misc/mediatek/pmic/common/upmu_regulator.c,78,sysfs_or_store,show_buck_ldo_info,no,no,no,SOURCE_ONLY,"static DEVICE_ATTR(buck_ldo_info, 0444, show_buck_ldo_info, NULL); /* 444 no write permission */"
mt8183-kernel,platform/kernel/mediatek/mt8183/4.4/drivers/misc/mediatek/pmic/common/upmu_regulator.c,139,sysfs_or_store,,no,no,no,SOURCE_ONLY,"static DEVICE_ATTR(buck_api, 0664, show_buck_api, store_buck_api); /*664*/"
mt8183-kernel,platform/kernel/mediatek/mt8183/4.4/drivers/misc/mediatek/pmic/common/upmu_regulator.c,769,debugfs,pmic_regulator_debug_init,no,no,no,SOURCE_ONLY,"debugfs_create_file(""dump_ldo_status"", S_IRUGO | S_IWUSR, mt_pmic_dir, NULL, &pmic_debug_proc_fops);"
mt8183-kernel,platform/kernel/mediatek/mt8183/4.4/drivers/misc/mediatek/pmic/mt6358/v1/pmic_irq.c,1069,write_handler,pmic_irq_release,no,no,yes,SOURCE_ONLY,".write = pmic_irq_dbg_write,"
mt8183-kernel,platform/kernel/mediatek/mt8183/4.4/drivers/misc/mediatek/pmic/mt6358/v1/pmic_irq.c,1082,debugfs,pmic_irq_debug_init,no,no,yes,SOURCE_ONLY,"pmic_irq_dir = debugfs_create_dir(""pmic_irq"", debug_dir);"
mt8183-kernel,platform/kernel/mediatek/mt8183/4.4/drivers/misc/mediatek/pmic/mt6358/v1/pmic_irq.c,1089,debugfs,pmic_irq_debug_init,no,no,yes,SOURCE_ONLY,"debugfs_create_file(""list_pmic_irq"", (S_IFREG | S_IRUGO),"
mt8183-kernel,platform/kernel/mediatek/mt8183/4.4/drivers/misc/mediatek/pmic/mt6358/v1/pmic_irq.c,1093,debugfs,pmic_irq_debug_init,no,no,yes,SOURCE_ONLY,"debugfs_create_file(""list_enabled_pmic_irq"", (S_IFREG | S_IRUGO),"
mt8183-kernel,platform/kernel/mediatek/mt8183/4.4/drivers/misc/mediatek/pmic/mt6358/v1/pmic_irq.c,1097,debugfs,pmic_irq_debug_init,no,no,yes,SOURCE_ONLY,"debugfs_create_file(""enable_pmic_irq"", (S_IFREG | S_IRUGO),"
mt8183-kernel,platform/kernel/mediatek/mt8183/4.4/drivers/misc/mediatek/pmic/mt6358/v1/pmic_irq.c,1101,debugfs,pmic_irq_debug_init,no,no,yes,SOURCE_ONLY,"debugfs_create_file(""mask_pmic_irq"", (S_IFREG | S_IRUGO),"
mt8183-kernel,platform/kernel/mediatek/mt8183/4.4/drivers/misc/mediatek/pmic/mt6358/v1/pmic_throttling_dlpt.c,1173,sysfs_or_store,,no,no,no,SOURCE_ONLY,"static DEVICE_ATTR(low_battery_protect_ut, 0664, show_low_battery_protect_ut, store_low_battery_protect_ut); /*664*/"
mt8183-kernel,platform/kernel/mediatek/mt8183/4.4/drivers/misc/mediatek/pmic/mt6358/v1/pmic_throttling_dlpt.c,1208,sysfs_or_store,,no,no,no,SOURCE_ONLY,"static DEVICE_ATTR(low_battery_protect_stop, 0664, show_low_battery_protect_stop, store_low_battery_protect_stop);"
mt8183-kernel,platform/kernel/mediatek/mt8183/4.4/drivers/misc/mediatek/pmic/mt6358/v1/pmic_throttling_dlpt.c,1228,sysfs_or_store,,no,no,no,SOURCE_ONLY,"static DEVICE_ATTR(low_battery_protect_level, 0664, show_low_battery_protect_level, store_low_battery_protect_level);"
mt8183-kernel,platform/kernel/mediatek/mt8183/4.4/drivers/misc/mediatek/pmic/mt6358/v1/pmic_throttling_dlpt.c,1266,sysfs_or_store,,no,no,no,SOURCE_ONLY,"static DEVICE_ATTR(battery_oc_protect_ut, 0664, show_battery_oc_protect_ut, store_battery_oc_protect_ut);"
mt8183-kernel,platform/kernel/mediatek/mt8183/4.4/drivers/misc/mediatek/pmic/mt6358/v1/pmic_throttling_dlpt.c,1300,sysfs_or_store,,no,no,no,SOURCE_ONLY,"static DEVICE_ATTR(battery_oc_protect_stop, 0664, show_battery_oc_protect_stop, store_battery_oc_protect_stop);"
mt8183-kernel,platform/kernel/mediatek/mt8183/4.4/drivers/misc/mediatek/pmic/mt6358/v1/pmic_throttling_dlpt.c,1320,sysfs_or_store,,no,no,no,SOURCE_ONLY,"static DEVICE_ATTR(battery_oc_protect_level, 0664, show_battery_oc_protect_level, store_battery_oc_protect_level);"
mt8183-kernel,platform/kernel/mediatek/mt8183/4.4/drivers/misc/mediatek/pmic/mt6358/v1/pmic_throttling_dlpt.c,1354,sysfs_or_store,,no,no,no,SOURCE_ONLY,"static DEVICE_ATTR(battery_oc_protect_thd, 0664, show_battery_oc_protect_thd, store_battery_oc_protect_thd);"
mt8183-kernel,platform/kernel/mediatek/mt8183/4.4/drivers/misc/mediatek/pmic/mt6358/v1/pmic_throttling_dlpt.c,1393,sysfs_or_store,show_battery_percent_ut,no,no,no,SOURCE_ONLY,"static DEVICE_ATTR(battery_percent_protect_ut, 0664, show_battery_percent_ut, store_battery_percent_ut);"
mt8183-kernel,platform/kernel/mediatek/mt8183/4.4/drivers/misc/mediatek/pmic/mt6358/v1/pmic_throttling_dlpt.c,1431,sysfs_or_store,,no,no,no,SOURCE_ONLY,"static DEVICE_ATTR(battery_percent_protect_stop, 0664, show_battery_percent_stop, store_battery_percent_stop);"
mt8183-kernel,platform/kernel/mediatek/mt8183/4.4/drivers/misc/mediatek/pmic/mt6358/v1/pmic_throttling_dlpt.c,1456,sysfs_or_store,,no,no,no,SOURCE_ONLY,"static DEVICE_ATTR(battery_percent_protect_level, 0664, show_battery_percent_level, store_battery_percent_level);"
mt8183-kernel,platform/kernel/mediatek/mt8183/4.4/drivers/misc/mediatek/pmic/mt6358/v1/pmic_throttling_dlpt.c,1490,sysfs_or_store,show_dlpt_ut,no,no,no,SOURCE_ONLY,"static DEVICE_ATTR(dlpt_ut, 0664, show_dlpt_ut, store_dlpt_ut); /*664*/"
mt8183-kernel,platform/kernel/mediatek/mt8183/4.4/drivers/misc/mediatek/pmic/mt6358/v1/pmic_throttling_dlpt.c,1523,sysfs_or_store,show_dlpt_stop,no,no,no,SOURCE_ONLY,"static DEVICE_ATTR(dlpt_stop, 0664, show_dlpt_stop, store_dlpt_stop); /*664 */"
mt8183-kernel,platform/kernel/mediatek/mt8183/4.4/drivers/misc/mediatek/pmic/mt6358/v1/pmic_throttling_dlpt.c,1542,sysfs_or_store,show_dlpt_level,no,no,no,SOURCE_ONLY,"static DEVICE_ATTR(dlpt_level, 0664, show_dlpt_level, store_dlpt_level); /*664*/"
mt8183-kernel,platform/kernel/mediatek/mt8183/4.4/drivers/misc/mediatek/pmic/mt6358/v1/pmic_throttling_dlpt.c,1739,debugfs,pmic_throttling_dlpt_debug_init,no,no,no,SOURCE_ONLY,"debugfs_create_file(""low_battery_protect_ut"", S_IRUGO | S_IWUSR,"
mt8183-kernel,platform/kernel/mediatek/mt8183/4.4/drivers/misc/mediatek/pmic/mt6358/v1/pmic_throttling_dlpt.c,1741,debugfs,pmic_throttling_dlpt_debug_init,no,no,no,SOURCE_ONLY,"debugfs_create_file(""low_battery_protect_stop"", S_IRUGO | S_IWUSR,"
mt8183-kernel,platform/kernel/mediatek/mt8183/4.4/drivers/misc/mediatek/pmic/mt6358/v1/pmic_throttling_dlpt.c,1743,debugfs,pmic_throttling_dlpt_debug_init,no,no,no,SOURCE_ONLY,"debugfs_create_file(""low_battery_protect_level"", S_IRUGO | S_IWUSR,"
mt8183-kernel,platform/kernel/mediatek/mt8183/4.4/drivers/misc/mediatek/pmic/mt6358/v1/pmic_throttling_dlpt.c,1745,debugfs,pmic_throttling_dlpt_debug_init,no,no,no,SOURCE_ONLY,"debugfs_create_file(""battery_oc_protect_ut"", S_IRUGO | S_IWUSR,"
mt8183-kernel,platform/kernel/mediatek/mt8183/4.4/drivers/misc/mediatek/pmic/mt6358/v1/pmic_throttling_dlpt.c,1747,debugfs,,no,no,no,SOURCE_ONLY,"debugfs_create_file(""battery_oc_protect_stop"", S_IRUGO | S_IWUSR,"
mt8183-kernel,platform/kernel/mediatek/mt8183/4.4/drivers/misc/mediatek/pmic/mt6358/v1/pmic_throttling_dlpt.c,1749,debugfs,,no,no,no,SOURCE_ONLY,"debugfs_create_file(""battery_oc_protect_level"", S_IRUGO | S_IWUSR,"
mt8183-kernel,platform/kernel/mediatek/mt8183/4.4/drivers/misc/mediatek/pmic/mt6358/v1/pmic_throttling_dlpt.c,1751,debugfs,,no,no,no,SOURCE_ONLY,"debugfs_create_file(""battery_percent_protect_ut"", S_IRUGO | S_IWUSR,"
mt8183-kernel,platform/kernel/mediatek/mt8183/4.4/drivers/misc/mediatek/pmic/mt6358/v1/pmic_throttling_dlpt.c,1753,debugfs,,no,no,no,SOURCE_ONLY,"debugfs_create_file(""battery_percent_protect_stop"", S_IRUGO | S_IWUSR,"
mt8183-kernel,platform/kernel/mediatek/mt8183/4.4/drivers/misc/mediatek/pmic/mt6358/v1/pmic_throttling_dlpt.c,1755,debugfs,,no,no,no,SOURCE_ONLY,"debugfs_create_file(""battery_percent_protect_level"", S_IRUGO | S_IWUSR,"
mt8183-kernel,platform/kernel/mediatek/mt8183/4.4/drivers/misc/mediatek/pmic/mt6358/v1/pmic_throttling_dlpt.c,1757,debugfs,,no,no,no,SOURCE_ONLY,"debugfs_create_file(""dlpt_ut"", S_IRUGO | S_IWUSR, mt_pmic_dir, NULL, &dlpt_ut_fops);"
mt8183-kernel,platform/kernel/mediatek/mt8183/4.4/drivers/misc/mediatek/pmic/mt6358/v1/pmic_throttling_dlpt.c,1758,debugfs,,no,no,no,SOURCE_ONLY,"debugfs_create_file(""dlpt_stop"", S_IRUGO | S_IWUSR, mt_pmic_dir, NULL, &dlpt_stop_fops);"
mt8183-kernel,platform/kernel/mediatek/mt8183/4.4/drivers/misc/mediatek/pmic/mt6358/v1/pmic_throttling_dlpt.c,1759,debugfs,,no,no,no,SOURCE_ONLY,"debugfs_create_file(""dlpt_level"", S_IRUGO | S_IWUSR, mt_pmic_dir, NULL, &dlpt_level_fops);"
mt8183-kernel,platform/kernel/mediatek/mt8183/4.4/drivers/misc/mediatek/pmic/mt6370/mt6370_pmu_charger.c,56,module_param,,no,no,no,SOURCE_ONLY,"module_param(dbg_log_en, bool, 0644);"
mt8183-kernel,platform/kernel/mediatek/mt8183/4.4/drivers/misc/mediatek/pmic/mt6370/mt6370_pmu_charger.c,2010,sysfs_or_store,,no,no,no,SOURCE_ONLY,"err = kstrtoint(sepdata, 10, &iaicr_cal_1000ma);"
mt8183-kernel,platform/kernel/mediatek/mt8183/4.4/drivers/misc/mediatek/pmic/mt6370/mt6370_pmu_charger.c,2023,sysfs_or_store,,no,no,no,SOURCE_ONLY,"err = kstrtoint(sepdata, 10, &iaicr_cal_1800ma);"
mt8183-kernel,platform/kernel/mediatek/mt8183/4.4/drivers/misc/mediatek/pmic/mt6370/mt6370_pmu_charger.c,2030,sysfs_or_store,,no,no,no,SOURCE_ONLY,"err = kstrtoint(sepstr, 10, &iaicr_cal_3000ma);"
mt8183-kernel,platform/kernel/mediatek/mt8183/4.4/drivers/misc/mediatek/pmic/mt6370/mt6370_pmu_charger.c,4249,sysfs_or_store,,no,no,no,SOURCE_ONLY,"if (kstrtoint(buf, 10, &tmp) < 0) {"
mt8183-kernel,platform/kernel/mediatek/mt8183/4.4/drivers/misc/mediatek/pmic/mt6370/mt6370_pmu_charger.c,4295,sysfs_or_store,,no,no,no,SOURCE_ONLY,static const DEVICE_ATTR_WO(shipping_mode);
mt8183-kernel,platform/kernel/mediatek/mt8183/4.4/drivers/misc/mediatek/pmic/mt6370/mt6370_pmu_charger.c,4321,sysfs_or_store,,no,no,no,SOURCE_ONLY,static const DEVICE_ATTR_RO(bat_fault_check);
mt8183-kernel,platform/kernel/mediatek/mt8183/4.4/drivers/misc/mediatek/pmic/mt6370/mt6370_pmu_i2c.c,25,module_param,,no,no,no,SOURCE_ONLY,"module_param(dbg_log_en, bool, S_IRUGO | S_IWUSR);"
mt8183-kernel,platform/kernel/mediatek/mt8183/4.4/drivers/misc/mediatek/pwm/mtk_pwm.c,1731,sysfs_or_store,pwm_debug_show,no,no,no,SOURCE_ONLY,"static DEVICE_ATTR(pwm_debug, 0644, pwm_debug_show, pwm_debug_store);"
mt8183-kernel,platform/kernel/mediatek/mt8183/4.4/drivers/misc/mediatek/ram_console/mtk_ram_console.c,453,write_handler,ram_console_write,no,no,yes,SOURCE_ONLY,".write = ram_console_write,"
mt8183-kernel,platform/kernel/mediatek/mt8183/4.4/drivers/misc/mediatek/ram_console/mtk_ram_console.c,855,procfs,ram_console_late_init,no,no,yes,SOURCE_ONLY,"entry = proc_create(""last_kmsg"", 0444, NULL, &ram_console_file_ops);"
mt8183-kernel,platform/kernel/mediatek/mt8183/4.4/drivers/misc/mediatek/ram_console/mtk_ram_console.c,864,procfs,ram_console_late_init,no,no,yes,SOURCE_ONLY,"entry = proc_create(""last_kedump_info"", 0444, NULL, &kedump_console_file_ops);"
mt8183-kernel,platform/kernel/mediatek/mt8183/4.4/drivers/misc/mediatek/rt-regmap/rt-regmap.c,1245,debugfs,rt_regmap_cache_reload,no,no,yes,SOURCE_ONLY,"den = debugfs_create_file(name, mode, rd->rt_den, data, fops);"
mt8183-kernel,platform/kernel/mediatek/mt8183/4.4/drivers/misc/mediatek/rt-regmap/rt-regmap.c,1728,write_handler,general_release,no,no,yes,SOURCE_ONLY,".write = general_write,"
mt8183-kernel,platform/kernel/mediatek/mt8183/4.4/drivers/misc/mediatek/rt-regmap/rt-regmap.c,1738,debugfs,general_release,no,no,yes,SOURCE_ONLY,"rd->rt_debug_file[_id] = debugfs_create_file(_name, _mode, dir, \"
mt8183-kernel,platform/kernel/mediatek/mt8183/4.4/drivers/misc/mediatek/rt-regmap/rt-regmap.c,1870,write_handler,,no,no,yes,SOURCE_ONLY,".write = eachreg_write,"
mt8183-kernel,platform/kernel/mediatek/mt8183/4.4/drivers/misc/mediatek/rt-regmap/rt-regmap.c,1896,debugfs,,no,no,yes,SOURCE_ONLY,"rd->rt_reg_file[i] = debugfs_create_file(buf,"
mt8183-kernel,platform/kernel/mediatek/mt8183/4.4/drivers/misc/mediatek/rt-regmap/rt-regmap.c,2085,debugfs,,no,no,yes,SOURCE_ONLY,"rd->rt_den = debugfs_create_dir(props->name, rt_regmap_dir);"
mt8183-kernel,platform/kernel/mediatek/mt8183/4.4/drivers/misc/mediatek/rt-regmap/rt-regmap.c,2130,debugfs,regmap_plat_init,no,no,yes,SOURCE_ONLY,"rt_regmap_dir = debugfs_create_dir(""rt-regmap"", 0);"
mt8183-kernel,platform/kernel/mediatek/mt8183/4.4/drivers/misc/mediatek/rtc/mt6358/mtk_rtc_hal.c,123,module_param,,no,no,no,SOURCE_ONLY,"module_param(rtc_eosc_cali_td, int, S_IRUGO | S_IWUSR | S_IWGRP);"
mt8183-kernel,platform/kernel/mediatek/mt8183/4.4/drivers/misc/mediatek/rtc/mtk_rtc_common.c,920,module_param,rtc_arch_init,no,no,no,SOURCE_ONLY,"module_param(rtc_show_time, int, 0644);"
mt8183-kernel,platform/kernel/mediatek/mt8183/4.4/drivers/misc/mediatek/rtc/mtk_rtc_common.c,921,module_param,rtc_arch_init,no,no,no,SOURCE_ONLY,"module_param(rtc_show_alarm, int, 0644);"
mt8183-kernel,platform/kernel/mediatek/mt8183/4.4/drivers/misc/mediatek/sched/cputopo.c,202,procfs,init_cputopo_attribs,no,no,no,SOURCE_ONLY,"pe = proc_create(""tasks_all"", 0444, NULL, &tasks_all_fops);"
mt8183-kernel,platform/kernel/mediatek/mt8183/4.4/drivers/misc/mediatek/sched/cputopo.c,206,procfs,init_cputopo_attribs,no,no,no,SOURCE_ONLY,"pe = proc_create(""tasks_rq"", 0444, NULL, &tasks_rq_fops);"
mt8183-kernel,platform/kernel/mediatek/mt8183/4.4/drivers/misc/mediatek/sched/mtk_cpu_affinity/mtk_compat_sched.c,39,usercopy,,yes,no,no,SOURCE_ONLY,"err = get_user(i, &data32->pid);"
mt8183-kernel,platform/kernel/mediatek/mt8183/4.4/drivers/misc/mediatek/sched/mtk_cpu_affinity/mtk_compat_sched.c,40,usercopy,,yes,no,no,SOURCE_ONLY,"err |= put_user(i, &data->pid);"
mt8183-kernel,platform/kernel/mediatek/mt8183/4.4/drivers/misc/mediatek/sched/mtk_cpu_affinity/mtk_compat_sched.c,41,usercopy,,yes,no,no,SOURCE_ONLY,"err |= get_user(u, &data32->len);"
mt8183-kernel,platform/kernel/mediatek/mt8183/4.4/drivers/misc/mediatek/sched/mtk_cpu_affinity/mtk_compat_sched.c,42,usercopy,,yes,no,no,SOURCE_ONLY,"err |= put_user(u, &data->len);"
mt8183-kernel,platform/kernel/mediatek/mt8183/4.4/drivers/misc/mediatek/sched/mtk_cpu_affinity/mtk_compat_sched.c,43,usercopy,,yes,no,no,SOURCE_ONLY,"err |= get_user(p, &data32->mask);"
mt8183-kernel,platform/kernel/mediatek/mt8183/4.4/drivers/misc/mediatek/sched/mtk_cpu_affinity/mtk_compat_sched.c,44,usercopy,,yes,no,no,SOURCE_ONLY,"err |= put_user(compat_ptr(p), &data->mask);"
mt8183-kernel,platform/kernel/mediatek/mt8183/4.4/drivers/misc/mediatek/sched/mtk_cpu_affinity/mtk_compat_sched.c,45,usercopy,,yes,no,no,SOURCE_ONLY,"err |= get_user(p, &data32->mt_mask);"
mt8183-kernel,platform/kernel/mediatek/mt8183/4.4/drivers/misc/mediatek/sched/mtk_cpu_affinity/mtk_compat_sched.c,46,usercopy,,yes,no,no,SOURCE_ONLY,"err |= put_user(compat_ptr(p), &data->mt_mask);"
mt8183-kernel,platform/kernel/mediatek/mt8183/4.4/drivers/misc/mediatek/sched/mtk_cpu_affinity/mtk_compat_sched.c,60,usercopy,,yes,no,no,SOURCE_ONLY,"err = get_user(i, &data->pid);"
mt8183-kernel,platform/kernel/mediatek/mt8183/4.4/drivers/misc/mediatek/sched/mtk_cpu_affinity/mtk_compat_sched.c,61,usercopy,,yes,no,no,SOURCE_ONLY,"err |= put_user(i, &data32->pid);"
mt8183-kernel,platform/kernel/mediatek/mt8183/4.4/drivers/misc/mediatek/sched/mtk_cpu_affinity/mtk_compat_sched.c,62,usercopy,,yes,no,no,SOURCE_ONLY,"err |= get_user(u, &data->len);"
mt8183-kernel,platform/kernel/mediatek/mt8183/4.4/drivers/misc/mediatek/sched/mtk_cpu_affinity/mtk_compat_sched.c,63,usercopy,,yes,no,no,SOURCE_ONLY,"err |= put_user(u, &data32->len);"
mt8183-kernel,platform/kernel/mediatek/mt8183/4.4/drivers/misc/mediatek/sched/mtk_cpu_affinity/mtk_compat_sched.c,64,usercopy,,yes,no,no,SOURCE_ONLY,"err |= get_user(p, &data->mask);"
mt8183-kernel,platform/kernel/mediatek/mt8183/4.4/drivers/misc/mediatek/sched/mtk_cpu_affinity/mtk_compat_sched.c,65,usercopy,,yes,no,no,SOURCE_ONLY,"err |= put_user(ptr_to_compat(p), &data32->mask);"
mt8183-kernel,platform/kernel/mediatek/mt8183/4.4/drivers/misc/mediatek/sched/mtk_cpu_affinity/mtk_compat_sched.c,66,usercopy,,yes,no,no,SOURCE_ONLY,"err |= get_user(p, &data->mt_mask);"
mt8183-kernel,platform/kernel/mediatek/mt8183/4.4/drivers/misc/mediatek/sched/mtk_cpu_affinity/mtk_compat_sched.c,67,usercopy,,yes,no,no,SOURCE_ONLY,"err |= put_user(ptr_to_compat(p), &data32->mt_mask);"
mt8183-kernel,platform/kernel/mediatek/mt8183/4.4/drivers/misc/mediatek/sched/mtk_cpu_affinity/mtk_sched.c,46,usercopy,,yes,yes,yes,SOURCE_ONLY,"return copy_from_user(new_mask, user_mask_ptr, len) ? -EFAULT : 0;"
mt8183-kernel,platform/kernel/mediatek/mt8183/4.4/drivers/misc/mediatek/sched/mtk_cpu_affinity/mtk_sched.c,68,uid_check,check_same_owner,yes,yes,yes,SOURCE_ONLY,"match = (uid_eq(cred->euid, pcred->euid) || uid_eq(cred->euid, pcred->uid));"
mt8183-kernel,platform/kernel/mediatek/mt8183/4.4/drivers/misc/mediatek/sched/mtk_cpu_affinity/mtk_sched.c,186,capability_check,__mt_sched_setaffinity,yes,yes,yes,SOURCE_ONLY,"if (!ns_capable(__task_cred(p)->user_ns, CAP_SYS_NICE)) {"
mt8183-kernel,platform/kernel/mediatek/mt8183/4.4/drivers/misc/mediatek/sched/mtk_cpu_affinity/mtk_sched.c,350,usercopy,sched_ioctl_ioctl,yes,yes,yes,SOURCE_ONLY,"if (copy_from_user(&data, (int __user *)arg, sizeof(data))) {"
mt8183-kernel,platform/kernel/mediatek/mt8183/4.4/drivers/misc/mediatek/sched/mtk_cpu_affinity/mtk_sched.c,370,usercopy,sched_ioctl_ioctl,yes,yes,yes,SOURCE_ONLY,"if (copy_from_user(&data, (int __user *)arg, sizeof(data))) {"
mt8183-kernel,platform/kernel/mediatek/mt8183/4.4/drivers/misc/mediatek/sched/mtk_cpu_affinity/mtk_sched.c,397,usercopy,,yes,yes,yes,SOURCE_ONLY,"if (copy_to_user((int __user *)data.mask, mask, retlen)) {"
mt8183-kernel,platform/kernel/mediatek/mt8183/4.4/drivers/misc/mediatek/sched/mtk_cpu_affinity/mtk_sched.c,404,usercopy,,yes,yes,yes,SOURCE_ONLY,"if (copy_to_user((int __user *)data.mt_mask, mt_mask, retlen))"
mt8183-kernel,platform/kernel/mediatek/mt8183/4.4/drivers/misc/mediatek/sched/mtk_cpu_affinity/mtk_sched.c,419,usercopy,,yes,yes,yes,SOURCE_ONLY,"if (copy_from_user(&pid, (int __user *)arg, sizeof(pid))) {"
mt8183-kernel,platform/kernel/mediatek/mt8183/4.4/drivers/misc/mediatek/sched/mtk_cpu_affinity/mtk_sched.c,428,usercopy,,yes,yes,yes,SOURCE_ONLY,"if (copy_from_user(&pid, (int __user *)arg, sizeof(pid))) {"
mt8183-kernel,platform/kernel/mediatek/mt8183/4.4/drivers/misc/mediatek/sched/mtk_cpu_affinity/mtk_sched.c,436,usercopy,,yes,yes,yes,SOURCE_ONLY,"if (copy_from_user(&pid, (int __user *)arg, sizeof(pid))) {"
mt8183-kernel,platform/kernel/mediatek/mt8183/4.4/drivers/misc/mediatek/sched/mtk_cpu_affinity/mtk_sched.c,453,ioctl_entry;write_handler,,yes,yes,yes,SOURCE_ONLY,".unlocked_ioctl = sched_ioctl_ioctl,"
mt8183-kernel,platform/kernel/mediatek/mt8183/4.4/drivers/misc/mediatek/sched/mtk_cpu_affinity/mtk_sched.c,455,ioctl_entry;write_handler,,yes,yes,yes,SOURCE_ONLY,".compat_ioctl = sched_ioctl_compat,"
mt8183-kernel,platform/kernel/mediatek/mt8183/4.4/drivers/misc/mediatek/sched/mtk_cpu_affinity/mtk_sched.c,492,device_create,sched_ioctl_init,yes,yes,yes,SOURCE_ONLY,"class_dev = device_create(sched_class, NULL, sched_dev_num, NULL, ""mtk_sched"");"
mt8183-kernel,platform/kernel/mediatek/mt8183/4.4/drivers/misc/mediatek/sched/mtk_cpu_affinity/mtk_sched.c,566,procfs,sched_proc_init,yes,yes,yes,SOURCE_ONLY,"pe = proc_create(""mtk_sched/affinity_status"", 0444, NULL, &sched_status_fops);"
mt8183-kernel,platform/kernel/mediatek/mt8183/4.4/drivers/misc/mediatek/sensors-1.0/accelerometer/accel.c,456,sysfs_or_store,,no,no,no,SOURCE_ONLY,"err = kstrtoint(buf, 10, &handle);"
mt8183-kernel,platform/kernel/mediatek/mt8183/4.4/drivers/misc/mediatek/sensors-1.0/accelerometer/accel.c,649,sysfs_or_store,acc_misc_init,no,no,no,SOURCE_ONLY,"DEVICE_ATTR(accenablenodata, S_IWUSR | S_IRUGO, acc_show_enable_nodata,"
mt8183-kernel,platform/kernel/mediatek/mt8183/4.4/drivers/misc/mediatek/sensors-1.0/accelerometer/accel.c,651,sysfs_or_store,acc_misc_init,no,no,no,SOURCE_ONLY,"DEVICE_ATTR(accactive, S_IWUSR | S_IRUGO, acc_show_active, acc_store_active);"
mt8183-kernel,platform/kernel/mediatek/mt8183/4.4/drivers/misc/mediatek/sensors-1.0/accelerometer/accel.c,652,sysfs_or_store,acc_misc_init,no,no,no,SOURCE_ONLY,"DEVICE_ATTR(accbatch, S_IWUSR | S_IRUGO, acc_show_batch, acc_store_batch);"
mt8183-kernel,platform/kernel/mediatek/mt8183/4.4/drivers/misc/mediatek/sensors-1.0/accelerometer/accel.c,653,sysfs_or_store,acc_misc_init,no,no,no,SOURCE_ONLY,"DEVICE_ATTR(accflush, S_IWUSR | S_IRUGO, acc_show_flush, acc_store_flush);"
mt8183-kernel,platform/kernel/mediatek/mt8183/4.4/drivers/misc/mediatek/sensors-1.0/accelerometer/accel.c,654,sysfs_or_store,acc_misc_init,no,no,no,SOURCE_ONLY,"DEVICE_ATTR(acccali, S_IWUSR | S_IRUGO, acc_show_cali, acc_store_cali);"
mt8183-kernel,platform/kernel/mediatek/mt8183/4.4/drivers/misc/mediatek/sensors-1.0/accelerometer/accel.c,655,sysfs_or_store,acc_misc_init,no,no,no,SOURCE_ONLY,"DEVICE_ATTR(accdevnum, S_IWUSR | S_IRUGO, acc_show_sensordevnum, NULL);"
mt8183-kernel,platform/kernel/mediatek/mt8183/4.4/drivers/misc/mediatek/sensors-1.0/accelerometer/accel_factory.c,56,usercopy,acc_factory_unlocked_ioctl,yes,no,yes,SOURCE_ONLY,"if (copy_from_user(&flag, ptr, sizeof(flag)))"
mt8183-kernel,platform/kernel/mediatek/mt8183/4.4/drivers/misc/mediatek/sensors-1.0/accelerometer/accel_factory.c,81,usercopy,,yes,no,yes,SOURCE_ONLY,"if (copy_to_user(ptr, strbuf, strlen(strbuf)+1))"
mt8183-kernel,platform/kernel/mediatek/mt8183/4.4/drivers/misc/mediatek/sensors-1.0/accelerometer/accel_factory.c,97,usercopy,,yes,no,yes,SOURCE_ONLY,"if (copy_to_user(ptr, strbuf, strlen(strbuf)+1))"
mt8183-kernel,platform/kernel/mediatek/mt8183/4.4/drivers/misc/mediatek/sensors-1.0/accelerometer/accel_factory.c,105,usercopy,,yes,no,yes,SOURCE_ONLY,"if (copy_from_user(&sensor_data, ptr, sizeof(sensor_data)))"
mt8183-kernel,platform/kernel/mediatek/mt8183/4.4/drivers/misc/mediatek/sensors-1.0/accelerometer/accel_factory.c,149,usercopy,,yes,no,yes,SOURCE_ONLY,"if (copy_to_user(ptr, &sensor_data, sizeof(sensor_data)))"
mt8183-kernel,platform/kernel/mediatek/mt8183/4.4/drivers/misc/mediatek/sensors-1.0/accelerometer/accel_factory.c,205,ioctl_entry;write_handler,compat_acc_factory_unlocked_ioctl,yes,no,yes,SOURCE_ONLY,".unlocked_ioctl = acc_factory_unlocked_ioctl,"
mt8183-kernel,platform/kernel/mediatek/mt8183/4.4/drivers/misc/mediatek/sensors-1.0/accelerometer/accel_factory.c,207,ioctl_entry;write_handler,compat_acc_factory_unlocked_ioctl,yes,no,yes,SOURCE_ONLY,".compat_ioctl = compat_acc_factory_unlocked_ioctl,"
mt8183-kernel,platform/kernel/mediatek/mt8183/4.4/drivers/misc/mediatek/sensors-1.0/accelerometer/accel_factory.c,226,misc_register,accel_factory_device_register,yes,no,yes,SOURCE_ONLY,err = misc_register(&accel_factory_device);
mt8183-kernel,platform/kernel/mediatek/mt8183/4.4/drivers/misc/mediatek/sensors-1.0/accelerometer/stk8baxx/stk8baxx.c,113,sysfs_or_store,stk_selftest_noise_factor,yes,no,yes,SOURCE_ONLY,"/* recv data. DEVICE_ATTR(recv, ...) */"
mt8183-kernel,platform/kernel/mediatek/mt8183/4.4/drivers/misc/mediatek/sensors-1.0/accelerometer/stk8baxx/stk8baxx.c,1094,write_handler,,yes,no,yes,SOURCE_ONLY,"ret = cali_file->f_op->write(cali_file, w_buf, buf_size,"
mt8183-kernel,platform/kernel/mediatek/mt8183/4.4/drivers/misc/mediatek/sensors-1.0/accelerometer/stk8baxx/stk8baxx.c,1737,sysfs_or_store,stk_enable_store,yes,no,yes,SOURCE_ONLY,"error = kstrtouint(buf, 10, &data);"
mt8183-kernel,platform/kernel/mediatek/mt8183/4.4/drivers/misc/mediatek/sensors-1.0/accelerometer/stk8baxx/stk8baxx.c,1907,sysfs_or_store,stk_offset_store,yes,no,yes,SOURCE_ONLY,"error = kstrtoint(token[0], 16, &data);"
mt8183-kernel,platform/kernel/mediatek/mt8183/4.4/drivers/misc/mediatek/sensors-1.0/accelerometer/stk8baxx/stk8baxx.c,1910,sysfs_or_store,stk_offset_store,yes,no,yes,SOURCE_ONLY,"STK_ACC_ERR(""kstrtoint failed, error=%d"", error);"
mt8183-kernel,platform/kernel/mediatek/mt8183/4.4/drivers/misc/mediatek/sensors-1.0/accelerometer/stk8baxx/stk8baxx.c,1915,sysfs_or_store,stk_offset_store,yes,no,yes,SOURCE_ONLY,"error = kstrtoint(token[1], 16, &data);"
mt8183-kernel,platform/kernel/mediatek/mt8183/4.4/drivers/misc/mediatek/sensors-1.0/accelerometer/stk8baxx/stk8baxx.c,1918,sysfs_or_store,stk_offset_store,yes,no,yes,SOURCE_ONLY,"STK_ACC_ERR(""kstrtoint failed, error=%d"", error);"
mt8183-kernel,platform/kernel/mediatek/mt8183/4.4/drivers/misc/mediatek/sensors-1.0/accelerometer/stk8baxx/stk8baxx.c,1923,sysfs_or_store,stk_offset_store,yes,no,yes,SOURCE_ONLY,"error = kstrtoint(token[2], 16, &data);"
mt8183-kernel,platform/kernel/mediatek/mt8183/4.4/drivers/misc/mediatek/sensors-1.0/accelerometer/stk8baxx/stk8baxx.c,1926,sysfs_or_store,stk_offset_store,yes,no,yes,SOURCE_ONLY,"STK_ACC_ERR(""kstrtoint failed, error=%d"", error);"
mt8183-kernel,platform/kernel/mediatek/mt8183/4.4/drivers/misc/mediatek/sensors-1.0/accelerometer/stk8baxx/stk8baxx.c,1956,sysfs_or_store,stk_send_store,yes,no,yes,SOURCE_ONLY,"error = kstrtoint(token[0], 16, &addr);"
mt8183-kernel,platform/kernel/mediatek/mt8183/4.4/drivers/misc/mediatek/sensors-1.0/accelerometer/stk8baxx/stk8baxx.c,1959,sysfs_or_store,stk_send_store,yes,no,yes,SOURCE_ONLY,"STK_ACC_ERR(""kstrtoint failed, error=%d"", error);"
mt8183-kernel,platform/kernel/mediatek/mt8183/4.4/drivers/misc/mediatek/sensors-1.0/accelerometer/stk8baxx/stk8baxx.c,1963,sysfs_or_store,stk_send_store,yes,no,yes,SOURCE_ONLY,"error = kstrtoint(token[1], 16, &cmd);"
mt8183-kernel,platform/kernel/mediatek/mt8183/4.4/drivers/misc/mediatek/sensors-1.0/accelerometer/stk8baxx/stk8baxx.c,1966,sysfs_or_store,stk_send_store,yes,no,yes,SOURCE_ONLY,"STK_ACC_ERR(""kstrtoint failed, error=%d"", error);"
mt8183-kernel,platform/kernel/mediatek/mt8183/4.4/drivers/misc/mediatek/sensors-1.0/accelerometer/stk8baxx/stk8baxx.c,2025,sysfs_or_store,stk_recv_store,yes,no,yes,SOURCE_ONLY,"error = kstrtoint(buf, 16, &addr);"
mt8183-kernel,platform/kernel/mediatek/mt8183/4.4/drivers/misc/mediatek/sensors-1.0/accelerometer/stk8baxx/stk8baxx.c,2028,sysfs_or_store,stk_recv_store,yes,no,yes,SOURCE_ONLY,"STK_ACC_ERR(""kstrtoint failed, error=%d"", error);"
mt8183-kernel,platform/kernel/mediatek/mt8183/4.4/drivers/misc/mediatek/sensors-1.0/accelerometer/stk8baxx/stk8baxx.c,2598,usercopy,stk_fops_unlocked_ioctl,yes,no,yes,SOURCE_ONLY,"if (copy_to_user(data, strbuf, strlen(strbuf) + 1)) {"
mt8183-kernel,platform/kernel/mediatek/mt8183/4.4/drivers/misc/mediatek/sensors-1.0/accelerometer/stk8baxx/stk8baxx.c,2625,usercopy,,yes,no,yes,SOURCE_ONLY,"if (copy_to_user(data, strbuf, strlen(strbuf) + 1)) {"
mt8183-kernel,platform/kernel/mediatek/mt8183/4.4/drivers/misc/mediatek/sensors-1.0/accelerometer/stk8baxx/stk8baxx.c,2645,usercopy,,yes,no,yes,SOURCE_ONLY,"if (copy_to_user(data, &sensor_vector, sizeof(sensor_vector))) {"
mt8183-kernel,platform/kernel/mediatek/mt8183/4.4/drivers/misc/mediatek/sensors-1.0/accelerometer/stk8baxx/stk8baxx.c,2665,usercopy,,yes,no,yes,SOURCE_ONLY,"if (copy_to_user(data, &sensor_vector, sizeof(sensor_vector))) {"
mt8183-kernel,platform/kernel/mediatek/mt8183/4.4/drivers/misc/mediatek/sensors-1.0/accelerometer/stk8baxx/stk8baxx.c,2692,usercopy,,yes,no,yes,SOURCE_ONLY,"if (copy_to_user(data, strbuf, strlen(strbuf) + 1)) {"
mt8183-kernel,platform/kernel/mediatek/mt8183/4.4/drivers/misc/mediatek/sensors-1.0/accelerometer/stk8baxx/stk8baxx.c,2707,usercopy,,yes,no,yes,SOURCE_ONLY,"if (copy_from_user(&sensor_data, data, sizeof(sensor_data))) {"
mt8183-kernel,platform/kernel/mediatek/mt8183/4.4/drivers/misc/mediatek/sensors-1.0/accelerometer/stk8baxx/stk8baxx.c,2740,usercopy,,yes,no,yes,SOURCE_ONLY,"if (copy_to_user(data, &sensor_data, sizeof(sensor_data))) {"
mt8183-kernel,platform/kernel/mediatek/mt8183/4.4/drivers/misc/mediatek/sensors-1.0/accelerometer/stk8baxx/stk8baxx.c,2922,ioctl_entry;write_handler,,yes,no,yes,SOURCE_ONLY,".unlocked_ioctl = stk_fops_unlocked_ioctl,"
mt8183-kernel,platform/kernel/mediatek/mt8183/4.4/drivers/misc/mediatek/sensors-1.0/accelerometer/stk8baxx/stk8baxx.c,2924,ioctl_entry;write_handler,,yes,no,yes,SOURCE_ONLY,".compat_ioctl = stk_fops_compat_ioctl,"
mt8183-kernel,platform/kernel/mediatek/mt8183/4.4/drivers/misc/mediatek/sensors-1.0/accelerometer/stk8baxx/stk8baxx.c,3274,misc_register,,yes,no,yes,SOURCE_ONLY,error = misc_register(&stk_miscdevice);
mt8183-kernel,platform/kernel/mediatek/mt8183/4.4/drivers/misc/mediatek/sensors-1.0/alsps/aal_control.c,49,usercopy,AAL_unlocked_ioctl,yes,no,yes,SOURCE_ONLY,"if (copy_from_user(&enable, ptr, sizeof(enable))) {"
mt8183-kernel,platform/kernel/mediatek/mt8183/4.4/drivers/misc/mediatek/sensors-1.0/alsps/aal_control.c,72,usercopy,AAL_unlocked_ioctl,yes,no,yes,SOURCE_ONLY,"if (copy_to_user(ptr, &dat, sizeof(dat))) {"
mt8183-kernel,platform/kernel/mediatek/mt8183/4.4/drivers/misc/mediatek/sensors-1.0/alsps/aal_control.c,102,ioctl_entry;write_handler,AAL_compact_ioctl,yes,no,yes,SOURCE_ONLY,".unlocked_ioctl = AAL_unlocked_ioctl,"
mt8183-kernel,platform/kernel/mediatek/mt8183/4.4/drivers/misc/mediatek/sensors-1.0/alsps/aal_control.c,104,ioctl_entry;write_handler,AAL_compact_ioctl,yes,no,yes,SOURCE_ONLY,".compat_ioctl = AAL_compact_ioctl,"
mt8183-kernel,platform/kernel/mediatek/mt8183/4.4/drivers/misc/mediatek/sensors-1.0/alsps/aal_control.c,120,misc_register,AAL_init,yes,no,yes,SOURCE_ONLY,err = misc_register(&AAL_device);
mt8183-kernel,platform/kernel/mediatek/mt8183/4.4/drivers/misc/mediatek/sensors-1.0/alsps/alsps.c,576,sysfs_or_store,,no,no,no,SOURCE_ONLY,"err = kstrtoint(buf, 10, &handle);"
mt8183-kernel,platform/kernel/mediatek/mt8183/4.4/drivers/misc/mediatek/sensors-1.0/alsps/alsps.c,801,sysfs_or_store,,no,no,no,SOURCE_ONLY,"err = kstrtoint(buf, 10, &handle);"
mt8183-kernel,platform/kernel/mediatek/mt8183/4.4/drivers/misc/mediatek/sensors-1.0/alsps/alsps.c,974,sysfs_or_store,ps_report_interrupt_data,no,no,no,SOURCE_ONLY,"DEVICE_ATTR(alsactive, S_IWUSR | S_IRUGO, als_show_active, als_store_active);"
mt8183-kernel,platform/kernel/mediatek/mt8183/4.4/drivers/misc/mediatek/sensors-1.0/alsps/alsps.c,975,sysfs_or_store,ps_report_interrupt_data,no,no,no,SOURCE_ONLY,"DEVICE_ATTR(alsbatch, S_IWUSR | S_IRUGO, als_show_batch, als_store_batch);"
mt8183-kernel,platform/kernel/mediatek/mt8183/4.4/drivers/misc/mediatek/sensors-1.0/alsps/alsps.c,976,sysfs_or_store,ps_report_interrupt_data,no,no,no,SOURCE_ONLY,"DEVICE_ATTR(alsflush, S_IWUSR | S_IRUGO, als_show_flush, als_store_flush);"
mt8183-kernel,platform/kernel/mediatek/mt8183/4.4/drivers/misc/mediatek/sensors-1.0/alsps/alsps.c,977,sysfs_or_store,ps_report_interrupt_data,no,no,no,SOURCE_ONLY,"DEVICE_ATTR(alsdevnum, S_IWUSR | S_IRUGO, als_show_devnum, NULL);"
mt8183-kernel,platform/kernel/mediatek/mt8183/4.4/drivers/misc/mediatek/sensors-1.0/alsps/alsps.c,978,sysfs_or_store,ps_report_interrupt_data,no,no,no,SOURCE_ONLY,"DEVICE_ATTR(psactive, S_IWUSR | S_IRUGO, ps_show_active, ps_store_active);"
mt8183-kernel,platform/kernel/mediatek/mt8183/4.4/drivers/misc/mediatek/sensors-1.0/alsps/alsps.c,979,sysfs_or_store,ps_report_interrupt_data,no,no,no,SOURCE_ONLY,"DEVICE_ATTR(psbatch, S_IWUSR | S_IRUGO, ps_show_batch, ps_store_batch);"
mt8183-kernel,platform/kernel/mediatek/mt8183/4.4/drivers/misc/mediatek/sensors-1.0/alsps/alsps.c,980,sysfs_or_store,ps_report_interrupt_data,no,no,no,SOURCE_ONLY,"DEVICE_ATTR(psflush, S_IWUSR | S_IRUGO, ps_show_flush, ps_store_flush);"
mt8183-kernel,platform/kernel/mediatek/mt8183/4.4/drivers/misc/mediatek/sensors-1.0/alsps/alsps.c,981,sysfs_or_store,ps_report_interrupt_data,no,no,no,SOURCE_ONLY,"DEVICE_ATTR(psdevnum, S_IWUSR | S_IRUGO, ps_show_devnum, NULL);"
mt8183-kernel,platform/kernel/mediatek/mt8183/4.4/drivers/misc/mediatek/sensors-1.0/alsps/alsps.c,982,sysfs_or_store,ps_report_interrupt_data,no,no,no,SOURCE_ONLY,"DEVICE_ATTR(pscali, S_IWUSR | S_IRUGO, NULL, ps_store_cali);"
mt8183-kernel,platform/kernel/mediatek/mt8183/4.4/drivers/misc/mediatek/sensors-1.0/alsps/alsps_factory.c,55,usercopy,alsps_factory_unlocked_ioctl,yes,no,yes,SOURCE_ONLY,"if (copy_from_user(&enable, ptr, sizeof(enable)))"
mt8183-kernel,platform/kernel/mediatek/mt8183/4.4/drivers/misc/mediatek/sensors-1.0/alsps/alsps_factory.c,76,usercopy,alsps_factory_unlocked_ioctl,yes,no,yes,SOURCE_ONLY,"if (copy_to_user(ptr, &data, sizeof(data)))"
mt8183-kernel,platform/kernel/mediatek/mt8183/4.4/drivers/misc/mediatek/sensors-1.0/alsps/alsps_factory.c,84,usercopy,,yes,no,yes,SOURCE_ONLY,"if (copy_from_user(&enable, ptr, sizeof(enable)))"
mt8183-kernel,platform/kernel/mediatek/mt8183/4.4/drivers/misc/mediatek/sensors-1.0/alsps/alsps_factory.c,105,usercopy,,yes,no,yes,SOURCE_ONLY,"if (copy_to_user(ptr, &data, sizeof(data)))"
mt8183-kernel,platform/kernel/mediatek/mt8183/4.4/drivers/misc/mediatek/sensors-1.0/alsps/alsps_factory.c,131,usercopy,,yes,no,yes,SOURCE_ONLY,"if (copy_to_user(ptr, &data, sizeof(data)))"
mt8183-kernel,platform/kernel/mediatek/mt8183/4.4/drivers/misc/mediatek/sensors-1.0/alsps/alsps_factory.c,149,usercopy,,yes,no,yes,SOURCE_ONLY,"if (copy_to_user(ptr, &threshold_data[0], sizeof(threshold_data[0])))"
mt8183-kernel,platform/kernel/mediatek/mt8183/4.4/drivers/misc/mediatek/sensors-1.0/alsps/alsps_factory.c,163,usercopy,,yes,no,yes,SOURCE_ONLY,"if (copy_to_user(ptr, &threshold_data[1], sizeof(threshold_data[1])))"
mt8183-kernel,platform/kernel/mediatek/mt8183/4.4/drivers/misc/mediatek/sensors-1.0/alsps/alsps_factory.c,167,usercopy,,yes,no,yes,SOURCE_ONLY,"if (copy_from_user(threshold_data, ptr, sizeof(threshold_data)))"
mt8183-kernel,platform/kernel/mediatek/mt8183/4.4/drivers/misc/mediatek/sensors-1.0/alsps/alsps_factory.c,181,usercopy,,yes,no,yes,SOURCE_ONLY,"if (copy_from_user(&data, ptr, sizeof(data)))"
mt8183-kernel,platform/kernel/mediatek/mt8183/4.4/drivers/misc/mediatek/sensors-1.0/alsps/alsps_factory.c,205,usercopy,,yes,no,yes,SOURCE_ONLY,"if (copy_to_user(ptr, &data, sizeof(data)))"
mt8183-kernel,platform/kernel/mediatek/mt8183/4.4/drivers/misc/mediatek/sensors-1.0/alsps/alsps_factory.c,209,usercopy,,yes,no,yes,SOURCE_ONLY,"if (copy_from_user(&data, ptr, sizeof(data)))"
mt8183-kernel,platform/kernel/mediatek/mt8183/4.4/drivers/misc/mediatek/sensors-1.0/alsps/alsps_factory.c,279,ioctl_entry;write_handler,alsps_factory_compat_ioctl,yes,no,yes,SOURCE_ONLY,".unlocked_ioctl = alsps_factory_unlocked_ioctl,"
mt8183-kernel,platform/kernel/mediatek/mt8183/4.4/drivers/misc/mediatek/sensors-1.0/alsps/alsps_factory.c,281,ioctl_entry;write_handler,alsps_factory_compat_ioctl,yes,no,yes,SOURCE_ONLY,".compat_ioctl = alsps_factory_compat_ioctl,"
mt8183-kernel,platform/kernel/mediatek/mt8183/4.4/drivers/misc/mediatek/sensors-1.0/alsps/alsps_factory.c,300,misc_register,alsps_factory_device_register,yes,no,yes,SOURCE_ONLY,err = misc_register(&alsps_factory_device);
mt8183-kernel,platform/kernel/mediatek/mt8183/4.4/drivers/misc/mediatek/sensors-1.0/alsps/ltrx130a_dual/ltrx130a_dual.c,439,sysfs_or_store,idme_get_tp_cg_color,yes,no,yes,SOURCE_ONLY,"if (unlikely(kstrtouint(cg_color, 10, &res)))"
mt8183-kernel,platform/kernel/mediatek/mt8183/4.4/drivers/misc/mediatek/sensors-1.0/alsps/ltrx130a_dual/ltrx130a_dual.c,440,sysfs_or_store,idme_get_tp_cg_color,yes,no,yes,SOURCE_ONLY,"pr_err(""idme_get_board_rev kstrtouint failed!\v"");"
mt8183-kernel,platform/kernel/mediatek/mt8183/4.4/drivers/misc/mediatek/sensors-1.0/alsps/ltrx130a_dual/ltrx130a_dual.c,466,sysfs_or_store,als_cali_set,yes,no,yes,SOURCE_ONLY,"err = kstrtoint(token, 10, &dual_cal[i++]);"
mt8183-kernel,platform/kernel/mediatek/mt8183/4.4/drivers/misc/mediatek/sensors-1.0/alsps/ltrx130a_dual/ltrx130a_dual.c,1492,usercopy,ltrx130a_release,yes,no,yes,SOURCE_ONLY,"if (copy_from_user(&enable, ptr, sizeof(enable))) {"
mt8183-kernel,platform/kernel/mediatek/mt8183/4.4/drivers/misc/mediatek/sensors-1.0/alsps/ltrx130a_dual/ltrx130a_dual.c,1509,usercopy,ltrx130a_release,yes,no,yes,SOURCE_ONLY,"if (copy_to_user(ptr, &enable, sizeof(enable))) {"
mt8183-kernel,platform/kernel/mediatek/mt8183/4.4/drivers/misc/mediatek/sensors-1.0/alsps/ltrx130a_dual/ltrx130a_dual.c,1521,usercopy,,yes,no,yes,SOURCE_ONLY,"if (copy_to_user(ptr, &dat, sizeof(dat))) {"
mt8183-kernel,platform/kernel/mediatek/mt8183/4.4/drivers/misc/mediatek/sensors-1.0/alsps/ltrx130a_dual/ltrx130a_dual.c,1533,usercopy,,yes,no,yes,SOURCE_ONLY,"if (copy_to_user(ptr, &dat, sizeof(dat))) {"
mt8183-kernel,platform/kernel/mediatek/mt8183/4.4/drivers/misc/mediatek/sensors-1.0/alsps/ltrx130a_dual/ltrx130a_dual.c,1553,ioctl_entry;write_handler,,yes,no,yes,SOURCE_ONLY,".unlocked_ioctl = ltrx130a_unlocked_ioctl,"
mt8183-kernel,platform/kernel/mediatek/mt8183/4.4/drivers/misc/mediatek/sensors-1.0/alsps/ltrx130a_dual/ltrx130a_dual.c,1961,misc_register,,yes,no,yes,SOURCE_ONLY,err = misc_register(&ltrx130a_device);
mt8183-kernel,platform/kernel/mediatek/mt8183/4.4/drivers/misc/mediatek/sensors-1.0/alsps/stk3x1x_dual/stk3x1x_dual.c,985,sysfs_or_store,als_cali_set,yes,no,yes,SOURCE_ONLY,"err = kstrtoint(token, 10, &dual_cal[i++]);"
mt8183-kernel,platform/kernel/mediatek/mt8183/4.4/drivers/misc/mediatek/sensors-1.0/alsps/stk3x1x_dual/stk3x1x_dual.c,1976,usercopy,stk3x1x_release,yes,no,yes,SOURCE_ONLY,"if (copy_from_user(&enable, ptr, sizeof(enable))) {"
mt8183-kernel,platform/kernel/mediatek/mt8183/4.4/drivers/misc/mediatek/sensors-1.0/alsps/stk3x1x_dual/stk3x1x_dual.c,2014,usercopy,,yes,no,yes,SOURCE_ONLY,"if (copy_to_user(ptr, &enable, sizeof(enable))) {"
mt8183-kernel,platform/kernel/mediatek/mt8183/4.4/drivers/misc/mediatek/sensors-1.0/alsps/stk3x1x_dual/stk3x1x_dual.c,2028,usercopy,,yes,no,yes,SOURCE_ONLY,"if (copy_to_user(ptr, &dat, sizeof(dat))) {"
mt8183-kernel,platform/kernel/mediatek/mt8183/4.4/drivers/misc/mediatek/sensors-1.0/alsps/stk3x1x_dual/stk3x1x_dual.c,2055,usercopy,,yes,no,yes,SOURCE_ONLY,"if (copy_to_user(ptr, &dat, sizeof(dat))) {"
mt8183-kernel,platform/kernel/mediatek/mt8183/4.4/drivers/misc/mediatek/sensors-1.0/alsps/stk3x1x_dual/stk3x1x_dual.c,2074,ioctl_entry;write_handler,,yes,no,yes,SOURCE_ONLY,".unlocked_ioctl = stk3x1x_unlocked_ioctl,"
mt8183-kernel,platform/kernel/mediatek/mt8183/4.4/drivers/misc/mediatek/sensors-1.0/alsps/stk3x1x_dual/stk3x1x_dual.c,2476,misc_register,,yes,no,yes,SOURCE_ONLY,err = misc_register(&stk3x1x_device);
mt8183-kernel,platform/kernel/mediatek/mt8183/4.4/drivers/misc/mediatek/sensors-1.0/alsps/stk3x1x_dual/stk3x1x_dual.c,2620,sysfs_or_store,idme_get_tp_cg_color,yes,no,yes,SOURCE_ONLY,"if (unlikely(kstrtouint(cg_color, 10, &res)))"
mt8183-kernel,platform/kernel/mediatek/mt8183/4.4/drivers/misc/mediatek/sensors-1.0/alsps/stk3x1x_dual/stk3x1x_dual.c,2621,sysfs_or_store,idme_get_tp_cg_color,yes,no,yes,SOURCE_ONLY,"pr_err(""idme_get_board_rev kstrtouint failed!\v"");"
mt8183-kernel,platform/kernel/mediatek/mt8183/4.4/drivers/misc/mediatek/sensors-1.0/hwmon/hwmsen/hwmsen_helper.c,482,sysfs_or_store,hwmsen_store_reg,no,no,no,SOURCE_ONLY,"err = kstrtoint(buf, 16, &val);"
mt8183-kernel,platform/kernel/mediatek/mt8183/4.4/drivers/misc/mediatek/sensors-1.0/hwmon/hwmsen/hwmsen_helper.c,525,sysfs_or_store,,no,no,no,SOURCE_ONLY,"err = kstrtoint(buf, 16, &val);"
mt8183-kernel,platform/kernel/mediatek/mt8183/4.4/drivers/misc/mediatek/sensors-1.0/hwmon/hwmsen/hwmsen_helper.c,567,sysfs_or_store,,no,no,no,SOURCE_ONLY,"err = kstrtoint(buf, 16, &val);"
mt8183-kernel,platform/kernel/mediatek/mt8183/4.4/drivers/misc/mediatek/sensors-1.0/hwmon/sensor_attributes/sensor_attr.c,92,device_create,sensor_attr_register,no,no,no,SOURCE_ONLY,"misc->this_device = device_create(sensor_attr_class, misc->parent, dev,"
mt8183-kernel,platform/kernel/mediatek/mt8183/4.4/drivers/misc/mediatek/sensors-1.0/hwmon/sensor_event/sensor_event.c,136,usercopy,,yes,no,no,SOURCE_ONLY,"if (copy_to_user(buffer + read, &event, sizeof(struct sensor_event)))"
mt8183-kernel,platform/kernel/mediatek/mt8183/4.4/drivers/misc/mediatek/smi/mmdvfs_pmqos.c,552,sysfs_or_store,set_force_step,no,no,no,SOURCE_ONLY,"result = kstrtoint(val, 0, &new_force_step);"
mt8183-kernel,platform/kernel/mediatek/mt8183/4.4/drivers/misc/mediatek/smi/mmdvfs_pmqos.c,595,module_param,set_enable,no,no,no,SOURCE_ONLY,"module_param(log_level, uint, S_IRUGO | S_IWUSR);"
mt8183-kernel,platform/kernel/mediatek/mt8183/4.4/drivers/misc/mediatek/smi/mmdvfs_pmqos.c,606,sysfs_or_store,set_vote_freq,no,no,no,SOURCE_ONLY,"result = kstrtoint(val, 0, &new_vote_freq);"
mt8183-kernel,platform/kernel/mediatek/mt8183/4.4/drivers/misc/mediatek/smi/mtk-smi.c,1185,usercopy,smi_ioctl,yes,no,yes,SOURCE_ONLY,"ret = copy_from_user(&cfg, (void *)param, sizeof(struct MTK_SMI_BWC_CONFIG));"
mt8183-kernel,platform/kernel/mediatek/mt8183/4.4/drivers/misc/mediatek/smi/mtk-smi.c,1220,usercopy,,yes,no,yes,SOURCE_ONLY,"ret = copy_from_user(&larb_index, (void *)param, sizeof(unsigned int));"
mt8183-kernel,platform/kernel/mediatek/mt8183/4.4/drivers/misc/mediatek/smi/mtk-smi.c,1231,usercopy,,yes,no,yes,SOURCE_ONLY,"ret = copy_from_user(&arg, (void *)param, sizeof(unsigned int));"
mt8183-kernel,platform/kernel/mediatek/mt8183/4.4/drivers/misc/mediatek/smi/mtk-smi.c,1248,usercopy,,yes,no,yes,SOURCE_ONLY,"if (copy_from_user(&mmdvfs_cmd, (void *)param, sizeof(struct MTK_MMDVFS_CMD)))"
mt8183-kernel,platform/kernel/mediatek/mt8183/4.4/drivers/misc/mediatek/smi/mtk-smi.c,1272,ioctl_entry;write_handler,,yes,no,yes,SOURCE_ONLY,".unlocked_ioctl = smi_ioctl,"
mt8183-kernel,platform/kernel/mediatek/mt8183/4.4/drivers/misc/mediatek/smi/mtk-smi.c,1273,ioctl_entry;write_handler,,yes,no,yes,SOURCE_ONLY,".compat_ioctl = MTK_SMI_COMPAT_ioctl,"
mt8183-kernel,platform/kernel/mediatek/mt8183/4.4/drivers/misc/mediatek/smi/mtk-smi.c,1488,device_create,,yes,no,yes,SOURCE_ONLY,"smiDevice = device_create(pSmiClass, NULL, smiDevNo, NULL, ""MTK_SMI"");"
mt8183-kernel,platform/kernel/mediatek/mt8183/4.4/drivers/misc/mediatek/smi/mtk-smi.c,1680,usercopy,,yes,no,yes,SOURCE_ONLY,"err = get_user(i, &(data32->scenario));"
mt8183-kernel,platform/kernel/mediatek/mt8183/4.4/drivers/misc/mediatek/smi/mtk-smi.c,1681,usercopy,,yes,no,yes,SOURCE_ONLY,"err |= put_user(i, &(data->scenario));"
mt8183-kernel,platform/kernel/mediatek/mt8183/4.4/drivers/misc/mediatek/smi/mtk-smi.c,1682,usercopy,,yes,no,yes,SOURCE_ONLY,"err |= get_user(i, &(data32->b_on_off));"
mt8183-kernel,platform/kernel/mediatek/mt8183/4.4/drivers/misc/mediatek/smi/mtk-smi.c,1683,usercopy,,yes,no,yes,SOURCE_ONLY,"err |= put_user(i, &(data->b_on_off));"
mt8183-kernel,platform/kernel/mediatek/mt8183/4.4/drivers/misc/mediatek/smi/mtk-smi.c,1696,usercopy,,yes,no,yes,SOURCE_ONLY,"err = get_user(i, &(data32->property));"
mt8183-kernel,platform/kernel/mediatek/mt8183/4.4/drivers/misc/mediatek/smi/mtk-smi.c,1697,usercopy,,yes,no,yes,SOURCE_ONLY,"err |= put_user(i, &(data->property));"
mt8183-kernel,platform/kernel/mediatek/mt8183/4.4/drivers/misc/mediatek/smi/mtk-smi.c,1698,usercopy,,yes,no,yes,SOURCE_ONLY,"err |= get_user(i, &(data32->value1));"
mt8183-kernel,platform/kernel/mediatek/mt8183/4.4/drivers/misc/mediatek/smi/mtk-smi.c,1699,usercopy,,yes,no,yes,SOURCE_ONLY,"err |= put_user(i, &(data->value1));"
mt8183-kernel,platform/kernel/mediatek/mt8183/4.4/drivers/misc/mediatek/smi/mtk-smi.c,1700,usercopy,,yes,no,yes,SOURCE_ONLY,"err |= get_user(i, &(data32->value2));"
mt8183-kernel,platform/kernel/mediatek/mt8183/4.4/drivers/misc/mediatek/smi/mtk-smi.c,1701,usercopy,,yes,no,yes,SOURCE_ONLY,"err |= put_user(i, &(data->value2));"
mt8183-kernel,platform/kernel/mediatek/mt8183/4.4/drivers/misc/mediatek/smi/mtk-smi.c,1715,usercopy,,yes,no,yes,SOURCE_ONLY,"err = get_user(u, &(data32->flag));"
mt8183-kernel,platform/kernel/mediatek/mt8183/4.4/drivers/misc/mediatek/smi/mtk-smi.c,1716,usercopy,,yes,no,yes,SOURCE_ONLY,"err |= put_user(u, &(data->flag));"
mt8183-kernel,platform/kernel/mediatek/mt8183/4.4/drivers/misc/mediatek/smi/mtk-smi.c,1717,usercopy,,yes,no,yes,SOURCE_ONLY,"err |= get_user(i, &(data32->concurrent_profile));"
mt8183-kernel,platform/kernel/mediatek/mt8183/4.4/drivers/misc/mediatek/smi/mtk-smi.c,1718,usercopy,,yes,no,yes,SOURCE_ONLY,"err |= put_user(i, &(data->concurrent_profile));"
mt8183-kernel,platform/kernel/mediatek/mt8183/4.4/drivers/misc/mediatek/smi/mtk-smi.c,1719,usercopy,,yes,no,yes,SOURCE_ONLY,"err |= copy_from_user(p, &(data32->sensor_size), sizeof(p));"
mt8183-kernel,platform/kernel/mediatek/mt8183/4.4/drivers/misc/mediatek/smi/mtk-smi.c,1720,usercopy,,yes,no,yes,SOURCE_ONLY,"err |= copy_to_user(&(data->sensor_size), p, sizeof(p));"
mt8183-kernel,platform/kernel/mediatek/mt8183/4.4/drivers/misc/mediatek/smi/mtk-smi.c,1721,usercopy,,yes,no,yes,SOURCE_ONLY,"err |= copy_from_user(p, &(data32->video_record_size), sizeof(p));"
mt8183-kernel,platform/kernel/mediatek/mt8183/4.4/drivers/misc/mediatek/smi/mtk-smi.c,1722,usercopy,,yes,no,yes,SOURCE_ONLY,"err |= copy_to_user(&(data->video_record_size), p, sizeof(p));"
mt8183-kernel,platform/kernel/mediatek/mt8183/4.4/drivers/misc/mediatek/smi/mtk-smi.c,1723,usercopy,,yes,no,yes,SOURCE_ONLY,"err |= copy_from_user(p, &(data32->display_size), sizeof(p));"
mt8183-kernel,platform/kernel/mediatek/mt8183/4.4/drivers/misc/mediatek/smi/mtk-smi.c,1724,usercopy,,yes,no,yes,SOURCE_ONLY,"err |= copy_to_user(&(data->display_size), p, sizeof(p));"
mt8183-kernel,platform/kernel/mediatek/mt8183/4.4/drivers/misc/mediatek/smi/mtk-smi.c,1725,usercopy,,yes,no,yes,SOURCE_ONLY,"err |= copy_from_user(p, &(data32->tv_out_size), sizeof(p));"
mt8183-kernel,platform/kernel/mediatek/mt8183/4.4/drivers/misc/mediatek/smi/mtk-smi.c,1726,usercopy,,yes,no,yes,SOURCE_ONLY,"err |= copy_to_user(&(data->tv_out_size), p, sizeof(p));"
mt8183-kernel,platform/kernel/mediatek/mt8183/4.4/drivers/misc/mediatek/smi/mtk-smi.c,1727,usercopy,,yes,no,yes,SOURCE_ONLY,"err |= get_user(i, &(data32->fps));"
mt8183-kernel,platform/kernel/mediatek/mt8183/4.4/drivers/misc/mediatek/smi/mtk-smi.c,1728,usercopy,,yes,no,yes,SOURCE_ONLY,"err |= put_user(i, &(data->fps));"
mt8183-kernel,platform/kernel/mediatek/mt8183/4.4/drivers/misc/mediatek/smi/mtk-smi.c,1729,usercopy,,yes,no,yes,SOURCE_ONLY,"err |= get_user(i, &(data32->video_encode_codec));"
mt8183-kernel,platform/kernel/mediatek/mt8183/4.4/drivers/misc/mediatek/smi/mtk-smi.c,1730,usercopy,,yes,no,yes,SOURCE_ONLY,"err |= put_user(i, &(data->video_encode_codec));"
mt8183-kernel,platform/kernel/mediatek/mt8183/4.4/drivers/misc/mediatek/smi/mtk-smi.c,1731,usercopy,,yes,no,yes,SOURCE_ONLY,"err |= get_user(i, &(data32->video_decode_codec));"
mt8183-kernel,platform/kernel/mediatek/mt8183/4.4/drivers/misc/mediatek/smi/mtk-smi.c,1732,usercopy,,yes,no,yes,SOURCE_ONLY,"err |= put_user(i, &(data->video_decode_codec));"
mt8183-kernel,platform/kernel/mediatek/mt8183/4.4/drivers/misc/mediatek/smi/mtk-smi.c,1733,usercopy,,yes,no,yes,SOURCE_ONLY,"err |= get_user(i, &(data32->hw_ovl_limit));"
mt8183-kernel,platform/kernel/mediatek/mt8183/4.4/drivers/misc/mediatek/smi/mtk-smi.c,1734,usercopy,,yes,no,yes,SOURCE_ONLY,"err |= put_user(i, &(data->hw_ovl_limit));"
mt8183-kernel,platform/kernel/mediatek/mt8183/4.4/drivers/misc/mediatek/smi/mtk-smi.c,1749,usercopy,,yes,no,yes,SOURCE_ONLY,"err = get_user(u, &(data->flag));"
mt8183-kernel,platform/kernel/mediatek/mt8183/4.4/drivers/misc/mediatek/smi/mtk-smi.c,1750,usercopy,,yes,no,yes,SOURCE_ONLY,"err |= put_user(u, &(data32->flag));"
mt8183-kernel,platform/kernel/mediatek/mt8183/4.4/drivers/misc/mediatek/smi/mtk-smi.c,1751,usercopy,,yes,no,yes,SOURCE_ONLY,"err |= get_user(i, &(data->concurrent_profile));"
mt8183-kernel,platform/kernel/mediatek/mt8183/4.4/drivers/misc/mediatek/smi/mtk-smi.c,1752,usercopy,,yes,no,yes,SOURCE_ONLY,"err |= put_user(i, &(data32->concurrent_profile));"
mt8183-kernel,platform/kernel/mediatek/mt8183/4.4/drivers/misc/mediatek/smi/mtk-smi.c,1753,usercopy,,yes,no,yes,SOURCE_ONLY,"err |= copy_from_user(p, &(data->sensor_size), sizeof(p));"
mt8183-kernel,platform/kernel/mediatek/mt8183/4.4/drivers/misc/mediatek/smi/mtk-smi.c,1754,usercopy,,yes,no,yes,SOURCE_ONLY,"err |= copy_to_user(&(data32->sensor_size), p, sizeof(p));"
mt8183-kernel,platform/kernel/mediatek/mt8183/4.4/drivers/misc/mediatek/smi/mtk-smi.c,1755,usercopy,,yes,no,yes,SOURCE_ONLY,"err |= copy_from_user(p, &(data->video_record_size), sizeof(p));"
mt8183-kernel,platform/kernel/mediatek/mt8183/4.4/drivers/misc/mediatek/smi/mtk-smi.c,1756,usercopy,,yes,no,yes,SOURCE_ONLY,"err |= copy_to_user(&(data32->video_record_size), p, sizeof(p));"
mt8183-kernel,platform/kernel/mediatek/mt8183/4.4/drivers/misc/mediatek/smi/mtk-smi.c,1757,usercopy,,yes,no,yes,SOURCE_ONLY,"err |= copy_from_user(p, &(data->display_size), sizeof(p));"
mt8183-kernel,platform/kernel/mediatek/mt8183/4.4/drivers/misc/mediatek/smi/mtk-smi.c,1758,usercopy,,yes,no,yes,SOURCE_ONLY,"err |= copy_to_user(&(data32->display_size), p, sizeof(p));"
mt8183-kernel,platform/kernel/mediatek/mt8183/4.4/drivers/misc/mediatek/smi/mtk-smi.c,1759,usercopy,,yes,no,yes,SOURCE_ONLY,"err |= copy_from_user(p, &(data->tv_out_size), sizeof(p));"
mt8183-kernel,platform/kernel/mediatek/mt8183/4.4/drivers/misc/mediatek/smi/mtk-smi.c,1760,usercopy,,yes,no,yes,SOURCE_ONLY,"err |= copy_to_user(&(data32->tv_out_size), p, sizeof(p));"
mt8183-kernel,platform/kernel/mediatek/mt8183/4.4/drivers/misc/mediatek/smi/mtk-smi.c,1761,usercopy,,yes,no,yes,SOURCE_ONLY,"err |= get_user(i, &(data->fps));"
mt8183-kernel,platform/kernel/mediatek/mt8183/4.4/drivers/misc/mediatek/smi/mtk-smi.c,1762,usercopy,,yes,no,yes,SOURCE_ONLY,"err |= put_user(i, &(data32->fps));"
mt8183-kernel,platform/kernel/mediatek/mt8183/4.4/drivers/misc/mediatek/smi/mtk-smi.c,1763,usercopy,,yes,no,yes,SOURCE_ONLY,"err |= get_user(i, &(data->video_encode_codec));"
mt8183-kernel,platform/kernel/mediatek/mt8183/4.4/drivers/misc/mediatek/smi/mtk-smi.c,1764,usercopy,,yes,no,yes,SOURCE_ONLY,"err |= put_user(i, &(data32->video_encode_codec));"
mt8183-kernel,platform/kernel/mediatek/mt8183/4.4/drivers/misc/mediatek/smi/mtk-smi.c,1765,usercopy,,yes,no,yes,SOURCE_ONLY,"err |= get_user(i, &(data->video_decode_codec));"
mt8183-kernel,platform/kernel/mediatek/mt8183/4.4/drivers/misc/mediatek/smi/mtk-smi.c,1766,usercopy,,yes,no,yes,SOURCE_ONLY,"err |= put_user(i, &(data32->video_decode_codec));"
mt8183-kernel,platform/kernel/mediatek/mt8183/4.4/drivers/misc/mediatek/smi/mtk-smi.c,1767,usercopy,,yes,no,yes,SOURCE_ONLY,"err |= get_user(i, &(data->hw_ovl_limit));"
mt8183-kernel,platform/kernel/mediatek/mt8183/4.4/drivers/misc/mediatek/smi/mtk-smi.c,1768,usercopy,,yes,no,yes,SOURCE_ONLY,"err |= put_user(i, &(data32->hw_ovl_limit));"
mt8183-kernel,platform/kernel/mediatek/mt8183/4.4/drivers/misc/mediatek/smi/mtk-smi.c,2069,module_param,smi_common_ostd_setting,yes,no,yes,SOURCE_ONLY,"module_param_named(mmdvfs_scen_log_mask, mmdvfs_scen_log_mask, uint, S_IRUGO | S_IWUSR);"
mt8183-kernel,platform/kernel/mediatek/mt8183/4.4/drivers/misc/mediatek/smi/mtk-smi.c,2070,module_param,smi_common_ostd_setting,yes,no,yes,SOURCE_ONLY,"module_param_named(disable_mmdvfs, disable_mmdvfs, uint, S_IRUGO | S_IWUSR);"
mt8183-kernel,platform/kernel/mediatek/mt8183/4.4/drivers/misc/mediatek/smi/mtk-smi.c,2071,module_param,smi_common_ostd_setting,yes,no,yes,SOURCE_ONLY,"module_param_named(disable_freq_hopping, disable_freq_hopping, uint, S_IRUGO | S_IWUSR);"
mt8183-kernel,platform/kernel/mediatek/mt8183/4.4/drivers/misc/mediatek/smi/mtk-smi.c,2072,module_param,smi_common_ostd_setting,yes,no,yes,SOURCE_ONLY,"module_param_named(disable_freq_mux, disable_freq_mux, uint, S_IRUGO | S_IWUSR);"
mt8183-kernel,platform/kernel/mediatek/mt8183/4.4/drivers/misc/mediatek/smi/mtk-smi.c,2073,module_param,smi_common_ostd_setting,yes,no,yes,SOURCE_ONLY,"module_param_named(force_max_mmsys_clk, force_max_mmsys_clk, uint, S_IRUGO | S_IWUSR);"
mt8183-kernel,platform/kernel/mediatek/mt8183/4.4/drivers/misc/mediatek/smi/mtk-smi.c,2074,module_param,smi_common_ostd_setting,yes,no,yes,SOURCE_ONLY,"module_param_named(force_camera_hpm, force_camera_hpm, uint, S_IRUGO | S_IWUSR);"
mt8183-kernel,platform/kernel/mediatek/mt8183/4.4/drivers/misc/mediatek/smi/mtk-smi.c,2075,module_param,smi_common_ostd_setting,yes,no,yes,SOURCE_ONLY,"module_param_named(force_always_on_mm_clks_mask, force_always_on_mm_clks_mask, uint, S_IRUGO | S_IWUSR);"
mt8183-kernel,platform/kernel/mediatek/mt8183/4.4/drivers/misc/mediatek/smi/mtk-smi.c,2076,module_param,smi_common_ostd_setting,yes,no,yes,SOURCE_ONLY,"module_param_named(smi_debug_level, smi_debug_level, uint, S_IRUGO | S_IWUSR);"
mt8183-kernel,platform/kernel/mediatek/mt8183/4.4/drivers/misc/mediatek/smi/mtk-smi.c,2077,module_param,smi_common_ostd_setting,yes,no,yes,SOURCE_ONLY,"module_param_named(mmdvfs_debug_level, mmdvfs_debug_level, uint, S_IRUGO | S_IWUSR);"
mt8183-kernel,platform/kernel/mediatek/mt8183/4.4/drivers/misc/mediatek/smi/mtk-smi.c,2078,module_param,smi_common_ostd_setting,yes,no,yes,SOURCE_ONLY,"module_param_named(wifi_disp_transaction, wifi_disp_transaction, uint, S_IRUGO | S_IWUSR);"
mt8183-kernel,platform/kernel/mediatek/mt8183/4.4/drivers/misc/mediatek/smi/mtk-smi.c,2079,module_param,smi_common_ostd_setting,yes,no,yes,SOURCE_ONLY,"module_param_named(bus_optimization, bus_optimization, uint, S_IRUGO | S_IWUSR);"
mt8183-kernel,platform/kernel/mediatek/mt8183/4.4/drivers/misc/mediatek/smi/mtk-smi.c,2080,module_param,smi_common_ostd_setting,yes,no,yes,SOURCE_ONLY,"module_param_named(enable_ioctl, enable_ioctl, uint, S_IRUGO | S_IWUSR);"
mt8183-kernel,platform/kernel/mediatek/mt8183/4.4/drivers/misc/mediatek/smi/mtk-smi.c,2081,module_param,,yes,no,yes,SOURCE_ONLY,"module_param_named(enable_bw_optimization, enable_bw_optimization, uint, S_IRUGO | S_IWUSR);"
mt8183-kernel,platform/kernel/mediatek/mt8183/4.4/drivers/misc/mediatek/smi/mtk-smi.c,2082,module_param,,yes,no,yes,SOURCE_ONLY,"module_param_named(clk_mux_mask, clk_mux_mask, uint, S_IRUGO | S_IWUSR);"
mt8183-kernel,platform/kernel/mediatek/mt8183/4.4/drivers/misc/mediatek/smi/smi_info_util.c,26,usercopy,smi_set_mm_info_ioctl_wrapper,yes,no,no,SOURCE_ONLY,"ret = copy_from_user(&cfg, (void *)param, sizeof(struct MTK_SMI_BWC_INFO_SET));"
mt8183-kernel,platform/kernel/mediatek/mt8183/4.4/drivers/misc/mediatek/smi/smi_info_util.c,42,usercopy,smi_get_mm_info_ioctl_wrapper,yes,no,no,SOURCE_ONLY,"ret = copy_to_user((void *)param, (void *)&g_smi_bwc_mm_info, sizeof(struct MTK_SMI_BWC_MM_INFO));"
mt8183-kernel,platform/kernel/mediatek/mt8183/4.4/drivers/misc/mediatek/sspm/sspm_excep.c,62,sysfs_or_store,sspm_aee_read,no,no,no,SOURCE_ONLY,"DEVICE_ATTR(sspm_aee, S_IRUGO, sspm_aee_read, NULL);"
mt8183-kernel,platform/kernel/mediatek/mt8183/4.4/drivers/misc/mediatek/sspm/sspm_helper.c,187,sysfs_or_store,sspm_status_show,no,no,no,SOURCE_ONLY,"DEVICE_ATTR(sspm_status, S_IRUSR | S_IRGRP | S_IROTH, sspm_status_show, NULL);"
mt8183-kernel,platform/kernel/mediatek/mt8183/4.4/drivers/misc/mediatek/sspm/sspm_logger_impl.c,130,usercopy,sspm_log_read,yes,no,no,SOURCE_ONLY,"if (copy_to_user(data, tmp_buf, len))"
mt8183-kernel,platform/kernel/mediatek/mt8183/4.4/drivers/misc/mediatek/sspm/sspm_logger_impl.c,236,sysfs_or_store,sspm_mobile_log_store,yes,no,no,SOURCE_ONLY,"if (kstrtouint(buf, 0, &enable) != 0)"
mt8183-kernel,platform/kernel/mediatek/mt8183/4.4/drivers/misc/mediatek/sspm/sspm_logger_impl.c,246,sysfs_or_store,sspm_mobile_log_store,yes,no,no,SOURCE_ONLY,"DEVICE_ATTR(sspm_mobile_log, S_IWUSR | S_IRUGO, sspm_mobile_log_show, sspm_mobile_log_store);"
mt8183-kernel,platform/kernel/mediatek/mt8183/4.4/drivers/misc/mediatek/sspm/sspm_logger_impl.c,258,sysfs_or_store,sspm_log_lastk_show,yes,no,no,SOURCE_ONLY,"DEVICE_ATTR(sspm_log_lastk, S_IRUGO, sspm_log_lastk_show, NULL);"
mt8183-kernel,platform/kernel/mediatek/mt8183/4.4/drivers/misc/mediatek/sspm/sspm_plt.c,119,sysfs_or_store,sspm_alive_show,no,no,no,SOURCE_ONLY,"DEVICE_ATTR(sspm_alive, S_IRUGO, sspm_alive_show, NULL);"
mt8183-kernel,platform/kernel/mediatek/mt8183/4.4/drivers/misc/mediatek/sspm/sspm_sysfs.c,102,misc_register,sspm_sysfs_init,no,no,no,SOURCE_ONLY,ret = misc_register(&sspm_log_device);
mt8183-kernel,platform/kernel/mediatek/mt8183/4.4/drivers/misc/mediatek/sspm/sspm_timesync.c,147,sysfs_or_store,sspm_time_sync_store,no,no,no,SOURCE_ONLY,"if (kstrtouint(buf, 0, &sync) != 0)"
mt8183-kernel,platform/kernel/mediatek/mt8183/4.4/drivers/misc/mediatek/sspm/sspm_timesync.c,163,sysfs_or_store,sspm_time_sync_store,no,no,no,SOURCE_ONLY,"DEVICE_ATTR(sspm_time_sync, S_IWUSR | S_IWGRP, NULL, sspm_time_sync_store);"
mt8183-kernel,platform/kernel/mediatek/mt8183/4.4/drivers/misc/mediatek/sysenv/mtk_sysenv.c,87,usercopy,env_proc_read,yes,no,yes,SOURCE_ONLY,"err = copy_to_user(buf, (char *)p, len);"
mt8183-kernel,platform/kernel/mediatek/mt8183/4.4/drivers/misc/mediatek/sysenv/mtk_sysenv.c,98,usercopy,env_proc_read,yes,no,yes,SOURCE_ONLY,"err = copy_to_user(buf, g_env.env_data + *ppos, size);"
mt8183-kernel,platform/kernel/mediatek/mt8183/4.4/drivers/misc/mediatek/sysenv/mtk_sysenv.c,123,usercopy,,yes,no,yes,SOURCE_ONLY,"if (copy_from_user(buffer, buf, size)) {"
mt8183-kernel,platform/kernel/mediatek/mt8183/4.4/drivers/misc/mediatek/sysenv/mtk_sysenv.c,164,usercopy,env_proc_ioctl,yes,no,yes,SOURCE_ONLY,"if (copy_from_user((void *)&en_ctl, (void *)arg, sizeof(struct env_ioctl))) {"
mt8183-kernel,platform/kernel/mediatek/mt8183/4.4/drivers/misc/mediatek/sysenv/mtk_sysenv.c,187,usercopy,env_proc_ioctl,yes,no,yes,SOURCE_ONLY,"if (copy_from_user((void *)name_buf, (void *)en_ctl.name, en_ctl.name_len)) {"
mt8183-kernel,platform/kernel/mediatek/mt8183/4.4/drivers/misc/mediatek/sysenv/mtk_sysenv.c,214,usercopy,,yes,no,yes,SOURCE_ONLY,"if (copy_to_user((void *)en_ctl.value, (void *)value_r, strlen(value_r) + 1)) {"
mt8183-kernel,platform/kernel/mediatek/mt8183/4.4/drivers/misc/mediatek/sysenv/mtk_sysenv.c,224,usercopy,,yes,no,yes,SOURCE_ONLY,"if (copy_from_user((void *)value_buf, (void *)en_ctl.value, en_ctl.value_len)) {"
mt8183-kernel,platform/kernel/mediatek/mt8183/4.4/drivers/misc/mediatek/sysenv/mtk_sysenv.c,232,usercopy,,yes,no,yes,SOURCE_ONLY,"if (copy_from_user((void *)value_buf, (void *)en_ctl.value, en_ctl.value_len)) {"
mt8183-kernel,platform/kernel/mediatek/mt8183/4.4/drivers/misc/mediatek/sysenv/mtk_sysenv.c,269,usercopy,compat_get_env_ioctl,yes,no,yes,SOURCE_ONLY,"err = get_user(p, &(arg32->name));"
mt8183-kernel,platform/kernel/mediatek/mt8183/4.4/drivers/misc/mediatek/sysenv/mtk_sysenv.c,270,usercopy,compat_get_env_ioctl,yes,no,yes,SOURCE_ONLY,"err |= put_user(compat_ptr(p), &(arg64->name));"
mt8183-kernel,platform/kernel/mediatek/mt8183/4.4/drivers/misc/mediatek/sysenv/mtk_sysenv.c,271,usercopy,compat_get_env_ioctl,yes,no,yes,SOURCE_ONLY,"err |= get_user(i, &(arg32->name_len));"
mt8183-kernel,platform/kernel/mediatek/mt8183/4.4/drivers/misc/mediatek/sysenv/mtk_sysenv.c,272,usercopy,compat_get_env_ioctl,yes,no,yes,SOURCE_ONLY,"err |= put_user(i, &(arg64->name_len));"
mt8183-kernel,platform/kernel/mediatek/mt8183/4.4/drivers/misc/mediatek/sysenv/mtk_sysenv.c,273,usercopy,compat_get_env_ioctl,yes,no,yes,SOURCE_ONLY,"err |= get_user(p, &(arg32->value));"
mt8183-kernel,platform/kernel/mediatek/mt8183/4.4/drivers/misc/mediatek/sysenv/mtk_sysenv.c,274,usercopy,compat_get_env_ioctl,yes,no,yes,SOURCE_ONLY,"err |= put_user(compat_ptr(p), &(arg64->value));"
mt8183-kernel,platform/kernel/mediatek/mt8183/4.4/drivers/misc/mediatek/sysenv/mtk_sysenv.c,275,usercopy,compat_get_env_ioctl,yes,no,yes,SOURCE_ONLY,"err |= get_user(i, &(arg32->value_len));"
mt8183-kernel,platform/kernel/mediatek/mt8183/4.4/drivers/misc/mediatek/sysenv/mtk_sysenv.c,276,usercopy,compat_get_env_ioctl,yes,no,yes,SOURCE_ONLY,"err |= put_user(i, &(arg64->value_len));"
mt8183-kernel,platform/kernel/mediatek/mt8183/4.4/drivers/misc/mediatek/sysenv/mtk_sysenv.c,301,write_handler,env_proc_compat_ioctl,yes,no,yes,SOURCE_ONLY,".write = env_proc_write,"
mt8183-kernel,platform/kernel/mediatek/mt8183/4.4/drivers/misc/mediatek/sysenv/mtk_sysenv.c,302,ioctl_entry;write_handler,env_proc_compat_ioctl,yes,no,yes,SOURCE_ONLY,".unlocked_ioctl = env_proc_ioctl,"
mt8183-kernel,platform/kernel/mediatek/mt8183/4.4/drivers/misc/mediatek/sysenv/mtk_sysenv.c,304,ioctl_entry;write_handler,env_proc_compat_ioctl,yes,no,yes,SOURCE_ONLY,".compat_ioctl = env_proc_compat_ioctl,"
mt8183-kernel,platform/kernel/mediatek/mt8183/4.4/drivers/misc/mediatek/sysenv/mtk_sysenv.c,520,procfs,sysenv_init,yes,no,yes,SOURCE_ONLY,"sysenv_proc = proc_create(""lk_env"", 0600, NULL, &env_proc_fops);"
mt8183-kernel,platform/kernel/mediatek/mt8183/4.4/drivers/misc/mediatek/thermal/common/coolers/mtk_cooler_NR.c,114,usercopy,clNR_status_mmap,yes,no,yes,SOURCE_ONLY,"if (copy_from_user(desc, buffer, len))"
mt8183-kernel,platform/kernel/mediatek/mt8183/4.4/drivers/misc/mediatek/thermal/common/coolers/mtk_cooler_NR.c,119,sysfs_or_store,clNR_status_mmap,yes,no,yes,SOURCE_ONLY,"if (kstrtoint(desc, 10, &isEnabled) == 0) {"
mt8183-kernel,platform/kernel/mediatek/mt8183/4.4/drivers/misc/mediatek/thermal/common/coolers/mtk_cooler_NR.c,170,write_handler,clNR_status_close,yes,no,yes,SOURCE_ONLY,".write = clNR_status_write,"
mt8183-kernel,platform/kernel/mediatek/mt8183/4.4/drivers/misc/mediatek/thermal/common/coolers/mtk_cooler_NR.c,224,procfs,mtk_cooler_NR_init,yes,no,yes,SOURCE_ONLY,"proc_create(""clNR_status"", S_IRUGO | S_IWUSR | S_IWGRP, cooler_dir, &clNR_status_fops);"
mt8183-kernel,platform/kernel/mediatek/mt8183/4.4/drivers/misc/mediatek/thermal/common/coolers/mtk_cooler_VR_FPS.c,74,usercopy,,yes,no,yes,SOURCE_ONLY,"if (copy_from_user(desc, buffer, len))"
mt8183-kernel,platform/kernel/mediatek/mt8183/4.4/drivers/misc/mediatek/thermal/common/coolers/mtk_cooler_VR_FPS.c,79,sysfs_or_store,,yes,no,yes,SOURCE_ONLY,"if (kstrtoint(desc, 10, &isEnabled) == 0) {"
mt8183-kernel,platform/kernel/mediatek/mt8183/4.4/drivers/misc/mediatek/thermal/common/coolers/mtk_cooler_VR_FPS.c,125,write_handler,clVR_FPS_status_close,yes,no,yes,SOURCE_ONLY,".write = clVR_FPS_status_write,"
mt8183-kernel,platform/kernel/mediatek/mt8183/4.4/drivers/misc/mediatek/thermal/common/coolers/mtk_cooler_VR_FPS.c,178,procfs,mtk_cooler_VR_FPS_init,yes,no,yes,SOURCE_ONLY,"proc_create(""clVR_FPS_status"", S_IRUGO | S_IWUSR | S_IWGRP, cooler_dir, &clVR_FPS_status_fops);"
mt8183-kernel,platform/kernel/mediatek/mt8183/4.4/drivers/misc/mediatek/thermal/common/coolers/mtk_cooler_atm.c,1828,usercopy,tscpu_read_atm_setting,yes,no,yes,SOURCE_ONLY,"if (copy_from_user(desc, buffer, len))"
mt8183-kernel,platform/kernel/mediatek/mt8183/4.4/drivers/misc/mediatek/thermal/common/coolers/mtk_cooler_atm.c,1970,usercopy,tscpu_read_gpu_threshold,yes,no,yes,SOURCE_ONLY,"if (copy_from_user(desc, buffer, len))"
mt8183-kernel,platform/kernel/mediatek/mt8183/4.4/drivers/misc/mediatek/thermal/common/coolers/mtk_cooler_atm.c,2034,usercopy,tscpu_read_atm,yes,no,yes,SOURCE_ONLY,"if (copy_from_user(desc, buffer, len))"
mt8183-kernel,platform/kernel/mediatek/mt8183/4.4/drivers/misc/mediatek/thermal/common/coolers/mtk_cooler_atm.c,2089,usercopy,tscpu_read_thp,yes,no,yes,SOURCE_ONLY,"if (copy_from_user(desc, buffer, len))"
mt8183-kernel,platform/kernel/mediatek/mt8183/4.4/drivers/misc/mediatek/thermal/common/coolers/mtk_cooler_atm.c,2155,usercopy,tscpu_read_ctm,yes,no,yes,SOURCE_ONLY,"if (copy_from_user(desc, buffer, len))"
mt8183-kernel,platform/kernel/mediatek/mt8183/4.4/drivers/misc/mediatek/thermal/common/coolers/mtk_cooler_atm.c,2314,usercopy,tscpu_read_phpb,yes,no,yes,SOURCE_ONLY,"if (copy_from_user(buf, buffer, count)) {"
mt8183-kernel,platform/kernel/mediatek/mt8183/4.4/drivers/misc/mediatek/thermal/common/coolers/mtk_cooler_atm.c,2341,sysfs_or_store,,yes,no,yes,SOURCE_ONLY,"if (kstrtoint(buf, 10, &__theta) != 0)"
mt8183-kernel,platform/kernel/mediatek/mt8183/4.4/drivers/misc/mediatek/thermal/common/coolers/mtk_cooler_atm.c,2418,usercopy,atm_sspm_read,yes,no,yes,SOURCE_ONLY,"if (copy_from_user(desc, buffer, len))"
mt8183-kernel,platform/kernel/mediatek/mt8183/4.4/drivers/misc/mediatek/thermal/common/coolers/mtk_cooler_atm.c,2423,sysfs_or_store,atm_sspm_read,yes,no,yes,SOURCE_ONLY,"if (kstrtoint(desc, 10, &t_enabled) == 0) {"
mt8183-kernel,platform/kernel/mediatek/mt8183/4.4/drivers/misc/mediatek/thermal/common/coolers/mtk_cooler_atm.c,2474,write_handler,tscpu_atm_setting_open,yes,no,yes,SOURCE_ONLY,".write = tscpu_write_atm_setting,"
mt8183-kernel,platform/kernel/mediatek/mt8183/4.4/drivers/misc/mediatek/thermal/common/coolers/mtk_cooler_atm.c,2488,write_handler,tscpu_gpu_threshold_open,yes,no,yes,SOURCE_ONLY,".write = tscpu_write_gpu_threshold,"
mt8183-kernel,platform/kernel/mediatek/mt8183/4.4/drivers/misc/mediatek/thermal/common/coolers/mtk_cooler_atm.c,2503,write_handler,tscpu_open_atm,yes,no,yes,SOURCE_ONLY,".write = tscpu_write_atm,"
mt8183-kernel,platform/kernel/mediatek/mt8183/4.4/drivers/misc/mediatek/thermal/common/coolers/mtk_cooler_atm.c,2519,write_handler,tscpu_thp_open,yes,no,yes,SOURCE_ONLY,".write = tscpu_write_thp,"
mt8183-kernel,platform/kernel/mediatek/mt8183/4.4/drivers/misc/mediatek/thermal/common/coolers/mtk_cooler_atm.c,2535,write_handler,tscpu_ctm_open,yes,no,yes,SOURCE_ONLY,".write = tscpu_write_ctm,"
mt8183-kernel,platform/kernel/mediatek/mt8183/4.4/drivers/misc/mediatek/thermal/common/coolers/mtk_cooler_atm.c,2551,write_handler,tscpu_phpb_open,yes,no,yes,SOURCE_ONLY,".write = tscpu_write_phpb,"
mt8183-kernel,platform/kernel/mediatek/mt8183/4.4/drivers/misc/mediatek/thermal/common/coolers/mtk_cooler_atm.c,2568,write_handler,atm_sspm_open,yes,no,yes,SOURCE_ONLY,".write = atm_sspm_write,"
mt8183-kernel,platform/kernel/mediatek/mt8183/4.4/drivers/misc/mediatek/thermal/common/coolers/mtk_cooler_atm.c,2583,procfs,phpb_init,yes,no,yes,SOURCE_ONLY,"entry = proc_create(""clphpb"", S_IRUGO | S_IWUSR | S_IWGRP, mtktscpu_dir, &mtktscpu_phpb_fops);"
mt8183-kernel,platform/kernel/mediatek/mt8183/4.4/drivers/misc/mediatek/thermal/common/coolers/mtk_cooler_atm.c,2600,procfs,tscpu_cooler_create_fs,yes,no,yes,SOURCE_ONLY,"proc_create(""clatm_setting"", S_IRUGO | S_IWUSR | S_IWGRP, mtktscpu_dir,"
mt8183-kernel,platform/kernel/mediatek/mt8183/4.4/drivers/misc/mediatek/thermal/common/coolers/mtk_cooler_atm.c,2606,procfs,tscpu_cooler_create_fs,yes,no,yes,SOURCE_ONLY,"proc_create(""clatm_gpu_threshold"", S_IRUGO | S_IWUSR | S_IWGRP, mtktscpu_dir,"
mt8183-kernel,platform/kernel/mediatek/mt8183/4.4/drivers/misc/mediatek/thermal/common/coolers/mtk_cooler_atm.c,2614,procfs,tscpu_cooler_create_fs,yes,no,yes,SOURCE_ONLY,"entry = proc_create(""clatm"", S_IRUGO | S_IWUSR | S_IWGRP, mtktscpu_dir, &mtktscpu_atm_fops);"
mt8183-kernel,platform/kernel/mediatek/mt8183/4.4/drivers/misc/mediatek/thermal/common/coolers/mtk_cooler_atm.c,2620,procfs,tscpu_cooler_create_fs,yes,no,yes,SOURCE_ONLY,"entry = proc_create(""clthp"", S_IRUGO | S_IWUSR | S_IWGRP, mtktscpu_dir, &mtktscpu_thp_fops);"
mt8183-kernel,platform/kernel/mediatek/mt8183/4.4/drivers/misc/mediatek/thermal/common/coolers/mtk_cooler_atm.c,2626,procfs,tscpu_cooler_create_fs,yes,no,yes,SOURCE_ONLY,"entry = proc_create(""clctm"", S_IRUGO | S_IWUSR | S_IWGRP, mtktscpu_dir, &mtktscpu_ctm_fops);"
mt8183-kernel,platform/kernel/mediatek/mt8183/4.4/drivers/misc/mediatek/thermal/common/coolers/mtk_cooler_atm.c,2637,procfs,,yes,no,yes,SOURCE_ONLY,"entry = proc_create(""clatm_sspm"", S_IRUGO | S_IWUSR | S_IWGRP, mtktscpu_dir, &atm_sspm_fops);"
mt8183-kernel,platform/kernel/mediatek/mt8183/4.4/drivers/misc/mediatek/thermal/common/coolers/mtk_cooler_bcct_v1.c,978,usercopy,_cl_bcct_write,yes,no,yes,SOURCE_ONLY,"if (copy_from_user(tmp, buf, len))"
mt8183-kernel,platform/kernel/mediatek/mt8183/4.4/drivers/misc/mediatek/thermal/common/coolers/mtk_cooler_bcct_v1.c,1059,write_handler,_cl_bcct_open,yes,no,yes,SOURCE_ONLY,".write = _cl_bcct_write,"
mt8183-kernel,platform/kernel/mediatek/mt8183/4.4/drivers/misc/mediatek/thermal/common/coolers/mtk_cooler_bcct_v1.c,1074,usercopy,_cl_abcct_write,yes,no,yes,SOURCE_ONLY,"if (copy_from_user(tmp, buf, len))"
mt8183-kernel,platform/kernel/mediatek/mt8183/4.4/drivers/misc/mediatek/thermal/common/coolers/mtk_cooler_bcct_v1.c,1157,write_handler,_cl_abcct_open,yes,no,yes,SOURCE_ONLY,".write = _cl_abcct_write,"
mt8183-kernel,platform/kernel/mediatek/mt8183/4.4/drivers/misc/mediatek/thermal/common/coolers/mtk_cooler_bcct_v1.c,1172,usercopy,_cl_abcct_lcmoff_write,yes,no,yes,SOURCE_ONLY,"if (copy_from_user(tmp, buf, len))"
mt8183-kernel,platform/kernel/mediatek/mt8183/4.4/drivers/misc/mediatek/thermal/common/coolers/mtk_cooler_bcct_v1.c,1238,write_handler,_cl_abcct_lcmoff_open,yes,no,yes,SOURCE_ONLY,".write = _cl_abcct_lcmoff_write,"
mt8183-kernel,platform/kernel/mediatek/mt8183/4.4/drivers/misc/mediatek/thermal/common/coolers/mtk_cooler_bcct_v1.c,1452,procfs,mtk_cooler_bcct_init,yes,no,yes,SOURCE_ONLY,"proc_create(""clbcct"", S_IRUGO | S_IWUSR | S_IWGRP, dir_entry, &_cl_bcct_fops);"
mt8183-kernel,platform/kernel/mediatek/mt8183/4.4/drivers/misc/mediatek/thermal/common/coolers/mtk_cooler_bcct_v1.c,1459,procfs,,yes,no,yes,SOURCE_ONLY,"proc_create(""clabcct"", S_IRUGO | S_IWUSR | S_IWGRP, dir_entry, &_cl_abcct_fops);"
mt8183-kernel,platform/kernel/mediatek/mt8183/4.4/drivers/misc/mediatek/thermal/common/coolers/mtk_cooler_bcct_v1.c,1466,procfs,,yes,no,yes,SOURCE_ONLY,"proc_create(""clabcct_lcmoff"", S_IRUGO | S_IWUSR | S_IWGRP, dir_entry, &_cl_abcct_lcmoff_fops);"
mt8183-kernel,platform/kernel/mediatek/mt8183/4.4/drivers/misc/mediatek/thermal/common/coolers/mtk_cooler_bcct_v1.c,1472,procfs,,yes,no,yes,SOURCE_ONLY,"entry = proc_create(""bcctlmt"", S_IRUGO, NULL, &_cl_chrlmt_fops);"
mt8183-kernel,platform/kernel/mediatek/mt8183/4.4/drivers/misc/mediatek/thermal/common/coolers/mtk_cooler_bcct_v1.c,1474,procfs,,yes,no,yes,SOURCE_ONLY,"entry = proc_create(""battery_status"", S_IRUGO, NULL, &_cl_battery_status_fops);"
mt8183-kernel,platform/kernel/mediatek/mt8183/4.4/drivers/misc/mediatek/thermal/common/coolers/mtk_cooler_dtm.c,308,usercopy,clvpu_opp_proc_write,yes,no,yes,SOURCE_ONLY,"if (copy_from_user(tmp, buf, len))"
mt8183-kernel,platform/kernel/mediatek/mt8183/4.4/drivers/misc/mediatek/thermal/common/coolers/mtk_cooler_dtm.c,314,sysfs_or_store,clvpu_opp_proc_write,yes,no,yes,SOURCE_ONLY,"if (kstrtoint(tmp, 10, &vpu_upper_opp) == 0) {"
mt8183-kernel,platform/kernel/mediatek/mt8183/4.4/drivers/misc/mediatek/thermal/common/coolers/mtk_cooler_dtm.c,353,write_handler,clvpu_opp_proc_open,yes,no,yes,SOURCE_ONLY,".write = clvpu_opp_proc_write,"
mt8183-kernel,platform/kernel/mediatek/mt8183/4.4/drivers/misc/mediatek/thermal/common/coolers/mtk_cooler_dtm.c,366,procfs,thermal_vpu_init,yes,no,yes,SOURCE_ONLY,"entry = proc_create(""thermal_vpu_limit"", S_IRUGO | S_IWUSR | S_IWGRP, dir_entry, &clvpu_opp_fops);"
mt8183-kernel,platform/kernel/mediatek/mt8183/4.4/drivers/misc/mediatek/thermal/common/coolers/mtk_cooler_fps.c,624,usercopy,clfps_level_read,yes,no,yes,SOURCE_ONLY,"if (copy_from_user(buf, buffer, count)) {"
mt8183-kernel,platform/kernel/mediatek/mt8183/4.4/drivers/misc/mediatek/thermal/common/coolers/mtk_cooler_fps.c,632,sysfs_or_store,,yes,no,yes,SOURCE_ONLY,"if (kstrtoint(substr, 10, &new_nr_fps_levels) != 0 ||"
mt8183-kernel,platform/kernel/mediatek/mt8183/4.4/drivers/misc/mediatek/thermal/common/coolers/mtk_cooler_fps.c,652,sysfs_or_store,,yes,no,yes,SOURCE_ONLY,"if (kstrtoint(substr, 10, &start_fps) != 0) {"
mt8183-kernel,platform/kernel/mediatek/mt8183/4.4/drivers/misc/mediatek/thermal/common/coolers/mtk_cooler_fps.c,693,write_handler,clfps_level_open,yes,no,yes,SOURCE_ONLY,".write = clfps_level_write,"
mt8183-kernel,platform/kernel/mediatek/mt8183/4.4/drivers/misc/mediatek/thermal/common/coolers/mtk_cooler_fps.c,787,usercopy,mtk_cl_fps_proc_write,yes,no,yes,SOURCE_ONLY,"if (copy_from_user(desc, buffer, len))"
mt8183-kernel,platform/kernel/mediatek/mt8183/4.4/drivers/misc/mediatek/thermal/common/coolers/mtk_cooler_fps.c,854,write_handler,mtk_cl_fps_proc_open,yes,no,yes,SOURCE_ONLY,".write = mtk_cl_fps_proc_write,"
mt8183-kernel,platform/kernel/mediatek/mt8183/4.4/drivers/misc/mediatek/thermal/common/coolers/mtk_cooler_fps.c,866,usercopy,fps_tm_count_write,yes,no,yes,SOURCE_ONLY,"if (copy_from_user(tmp, buf, len))"
mt8183-kernel,platform/kernel/mediatek/mt8183/4.4/drivers/misc/mediatek/thermal/common/coolers/mtk_cooler_fps.c,872,sysfs_or_store,fps_tm_count_write,yes,no,yes,SOURCE_ONLY,"if (kstrtoint(tmp, 10, &tm_input_fps) == 0) {"
mt8183-kernel,platform/kernel/mediatek/mt8183/4.4/drivers/misc/mediatek/thermal/common/coolers/mtk_cooler_fps.c,902,write_handler,fps_tm_count_open,yes,no,yes,SOURCE_ONLY,".write = fps_tm_count_write,"
mt8183-kernel,platform/kernel/mediatek/mt8183/4.4/drivers/misc/mediatek/thermal/common/coolers/mtk_cooler_fps.c,909,debugfs,fps_tm_count_open,yes,no,yes,SOURCE_ONLY,"* dentry_f = debugfs_create_u32(#name, S_IWUSR | S_IRUGO, _d, &name); \"
mt8183-kernel,platform/kernel/mediatek/mt8183/4.4/drivers/misc/mediatek/thermal/common/coolers/mtk_cooler_fps.c,921,debugfs,fps_tm_count_open,yes,no,yes,SOURCE_ONLY,"* _d = debugfs_create_dir(""clfps"", NULL);"
mt8183-kernel,platform/kernel/mediatek/mt8183/4.4/drivers/misc/mediatek/thermal/common/coolers/mtk_cooler_fps.c,973,procfs,mtk_cooler_fps_init,yes,no,yes,SOURCE_ONLY,"entry = proc_create(""fps_count"", S_IRUGO | S_IWUSR | S_IWGRP, fps_tm_proc_dir, &tm_fps_fops);"
mt8183-kernel,platform/kernel/mediatek/mt8183/4.4/drivers/misc/mediatek/thermal/common/coolers/mtk_cooler_fps.c,982,procfs,,yes,no,yes,SOURCE_ONLY,"entry = proc_create(""clfps"", S_IRUGO | S_IWUSR | S_IWGRP, dir_entry, &cl_fps_fops);"
mt8183-kernel,platform/kernel/mediatek/mt8183/4.4/drivers/misc/mediatek/thermal/common/coolers/mtk_cooler_fps.c,990,procfs,,yes,no,yes,SOURCE_ONLY,"entry = proc_create(""clfps_level"", S_IRUGO | S_IWUSR | S_IWGRP,"
mt8183-kernel,platform/kernel/mediatek/mt8183/4.4/drivers/misc/mediatek/thermal/common/coolers/mtk_cooler_mutt.c,206,usercopy,,yes,no,yes,SOURCE_ONLY,"if (copy_from_user(tmp, buf, len))"
mt8183-kernel,platform/kernel/mediatek/mt8183/4.4/drivers/misc/mediatek/thermal/common/coolers/mtk_cooler_mutt.c,212,sysfs_or_store,,yes,no,yes,SOURCE_ONLY,"ret = kstrtouint(tmp, 10, &tmd_input_pid);"
mt8183-kernel,platform/kernel/mediatek/mt8183/4.4/drivers/misc/mediatek/thermal/common/coolers/mtk_cooler_mutt.c,239,write_handler,clmutt_tmd_pid_open,yes,no,yes,SOURCE_ONLY,".write = clmutt_tmd_pid_write,"
mt8183-kernel,platform/kernel/mediatek/mt8183/4.4/drivers/misc/mediatek/thermal/common/coolers/mtk_cooler_mutt.c,312,usercopy,clmutt_tm_pid_write,yes,no,yes,SOURCE_ONLY,"if (copy_from_user(tmp, buf, len))"
mt8183-kernel,platform/kernel/mediatek/mt8183/4.4/drivers/misc/mediatek/thermal/common/coolers/mtk_cooler_mutt.c,319,sysfs_or_store,clmutt_tm_pid_write,yes,no,yes,SOURCE_ONLY,"ret = kstrtouint(tmp, 10, &tm_input_pid);"
mt8183-kernel,platform/kernel/mediatek/mt8183/4.4/drivers/misc/mediatek/thermal/common/coolers/mtk_cooler_mutt.c,347,write_handler,clmutt_tm_pid_open,yes,no,yes,SOURCE_ONLY,".write = clmutt_tm_pid_write,"
mt8183-kernel,platform/kernel/mediatek/mt8183/4.4/drivers/misc/mediatek/thermal/common/coolers/mtk_cooler_mutt.c,744,debugfs,,yes,no,yes,SOURCE_ONLY,"* dentry_f = debugfs_create_u32(#name, S_IWUSR | S_IRUGO, _d, &name); \"
mt8183-kernel,platform/kernel/mediatek/mt8183/4.4/drivers/misc/mediatek/thermal/common/coolers/mtk_cooler_mutt.c,756,debugfs,,yes,no,yes,SOURCE_ONLY,"* _d = debugfs_create_dir(""cl_adp_mutt"", NULL);"
mt8183-kernel,platform/kernel/mediatek/mt8183/4.4/drivers/misc/mediatek/thermal/common/coolers/mtk_cooler_mutt.c,889,usercopy,,yes,no,yes,SOURCE_ONLY,"if (copy_from_user(desc, buffer, len))"
mt8183-kernel,platform/kernel/mediatek/mt8183/4.4/drivers/misc/mediatek/thermal/common/coolers/mtk_cooler_mutt.c,965,write_handler,_mtk_cl_mutt_proc_open,yes,no,yes,SOURCE_ONLY,".write = _mtk_cl_mutt_proc_write,"
mt8183-kernel,platform/kernel/mediatek/mt8183/4.4/drivers/misc/mediatek/thermal/common/coolers/mtk_cooler_mutt.c,996,procfs,mtk_cooler_mutt_init,yes,no,yes,SOURCE_ONLY,"proc_create(""clmutt"", S_IRUGO | S_IWUSR | S_IWGRP, dir_entry,"
mt8183-kernel,platform/kernel/mediatek/mt8183/4.4/drivers/misc/mediatek/thermal/common/coolers/mtk_cooler_mutt.c,1001,procfs,mtk_cooler_mutt_init,yes,no,yes,SOURCE_ONLY,"entry = proc_create(""clmutt_tm_pid"", S_IRUGO | S_IWUSR | S_IWGRP,"
mt8183-kernel,platform/kernel/mediatek/mt8183/4.4/drivers/misc/mediatek/thermal/common/coolers/mtk_cooler_mutt.c,1007,procfs,mtk_cooler_mutt_init,yes,no,yes,SOURCE_ONLY,"entry = proc_create(""clmutt_tmd_pid"", S_IRUGO | S_IWUSR | S_IWGRP,"
mt8183-kernel,platform/kernel/mediatek/mt8183/4.4/drivers/misc/mediatek/thermal/common/coolers/mtk_ta.c,334,usercopy,tsta_read_log,yes,no,yes,SOURCE_ONLY,"if (copy_from_user(desc, buffer, len))"
mt8183-kernel,platform/kernel/mediatek/mt8183/4.4/drivers/misc/mediatek/thermal/common/coolers/mtk_ta.c,339,sysfs_or_store,tsta_read_log,yes,no,yes,SOURCE_ONLY,"if (kstrtoint(desc, 10, &log_switch) == 0) {"
mt8183-kernel,platform/kernel/mediatek/mt8183/4.4/drivers/misc/mediatek/thermal/common/coolers/mtk_ta.c,362,write_handler,tsta_open_log,yes,no,yes,SOURCE_ONLY,".write = tsta_write_log,"
mt8183-kernel,platform/kernel/mediatek/mt8183/4.4/drivers/misc/mediatek/thermal/common/coolers/mtk_ta.c,374,usercopy,clmutt_fg_pid_write,yes,no,yes,SOURCE_ONLY,"if (copy_from_user(tmp, buf, len))"
mt8183-kernel,platform/kernel/mediatek/mt8183/4.4/drivers/misc/mediatek/thermal/common/coolers/mtk_ta.c,380,sysfs_or_store,clmutt_fg_pid_write,yes,no,yes,SOURCE_ONLY,"ret = kstrtouint(tmp, 10, &fg_app_pid);"
mt8183-kernel,platform/kernel/mediatek/mt8183/4.4/drivers/misc/mediatek/thermal/common/coolers/mtk_ta.c,408,write_handler,clmutt_fg_pid_open,yes,no,yes,SOURCE_ONLY,".write = clmutt_fg_pid_write,"
mt8183-kernel,platform/kernel/mediatek/mt8183/4.4/drivers/misc/mediatek/thermal/common/coolers/mtk_ta.c,426,procfs,tsta_create_fs,yes,no,yes,SOURCE_ONLY,"proc_create(""ta_log"", S_IRUGO | S_IWUSR, mtktsta_dir, &mtktsta_log_fops);"
mt8183-kernel,platform/kernel/mediatek/mt8183/4.4/drivers/misc/mediatek/thermal/common/coolers/mtk_ta.c,428,procfs,tsta_create_fs,yes,no,yes,SOURCE_ONLY,"entry = proc_create(""ta_fg_pid"", S_IRUGO | S_IWUSR | S_IWGRP,"
mt8183-kernel,platform/kernel/mediatek/mt8183/4.4/drivers/misc/mediatek/thermal/common/mtk_change_policy.c,62,usercopy,,yes,no,yes,SOURCE_ONLY,"if (copy_from_user(tmp, buf, len))"
mt8183-kernel,platform/kernel/mediatek/mt8183/4.4/drivers/misc/mediatek/thermal/common/mtk_change_policy.c,68,sysfs_or_store,,yes,no,yes,SOURCE_ONLY,"ret = kstrtouint(tmp, 10, &tm_input_pid);"
mt8183-kernel,platform/kernel/mediatek/mt8183/4.4/drivers/misc/mediatek/thermal/common/mtk_change_policy.c,96,write_handler,_mtk_tp_pid_open,yes,no,yes,SOURCE_ONLY,".write = _mtk_tp_pid_write,"
mt8183-kernel,platform/kernel/mediatek/mt8183/4.4/drivers/misc/mediatek/thermal/common/mtk_change_policy.c,167,usercopy,mtk_change_thermal_policy,yes,no,yes,SOURCE_ONLY,"if (copy_from_user(tmp, buf, len))"
mt8183-kernel,platform/kernel/mediatek/mt8183/4.4/drivers/misc/mediatek/thermal/common/mtk_change_policy.c,210,write_handler,_mtk_tp_test_open,yes,no,yes,SOURCE_ONLY,".write = _mtk_tp_test_write,"
mt8183-kernel,platform/kernel/mediatek/mt8183/4.4/drivers/misc/mediatek/thermal/common/mtk_change_policy.c,233,procfs,mtk_thermal_policy_init,yes,no,yes,SOURCE_ONLY,"proc_create(""tp_pid"", 0664,"
mt8183-kernel,platform/kernel/mediatek/mt8183/4.4/drivers/misc/mediatek/thermal/common/mtk_change_policy.c,244,procfs,mtk_thermal_policy_init,yes,no,yes,SOURCE_ONLY,"proc_create(""tp_test"", 0664,"
mt8183-kernel,platform/kernel/mediatek/mt8183/4.4/drivers/misc/mediatek/thermal/common/mtk_thermal_platform.c,357,usercopy,mtk_thermal_validation_rd,yes,no,yes,SOURCE_ONLY,"if (copy_from_user(desc, buffer, len))"
mt8183-kernel,platform/kernel/mediatek/mt8183/4.4/drivers/misc/mediatek/thermal/common/mtk_thermal_platform.c,362,sysfs_or_store,mtk_thermal_validation_rd,yes,no,yes,SOURCE_ONLY,"if (kstrtoint(desc, 10, &check_switch) == 0) {"
mt8183-kernel,platform/kernel/mediatek/mt8183/4.4/drivers/misc/mediatek/thermal/common/mtk_thermal_platform.c,385,write_handler,mtk_thermal_validation_open,yes,no,yes,SOURCE_ONLY,".write = mtk_thermal_validation_wr,"
mt8183-kernel,platform/kernel/mediatek/mt8183/4.4/drivers/misc/mediatek/thermal/common/mtk_thermal_platform.c,396,procfs,mtk_thermal_platform_init,yes,no,yes,SOURCE_ONLY,"entry = proc_create(""driver/tm_validation"", S_IRUGO | S_IWUSR, NULL,"
mt8183-kernel,platform/kernel/mediatek/mt8183/4.4/drivers/misc/mediatek/thermal/common/thermal_zones/mtk_tsAll.c,297,usercopy,,yes,no,yes,SOURCE_ONLY,"if (copy_from_user(pTempD->desc, buffer, len)) { \"
mt8183-kernel,platform/kernel/mediatek/mt8183/4.4/drivers/misc/mediatek/thermal/common/thermal_zones/mtk_tsAll.c,402,write_handler,,yes,no,yes,SOURCE_ONLY,".write = tz ## num ## _proc_write, \"
mt8183-kernel,platform/kernel/mediatek/mt8183/4.4/drivers/misc/mediatek/thermal/common/thermal_zones/mtk_tsAll.c,467,procfs,tsallts_init,yes,no,yes,SOURCE_ONLY,"entry = proc_create(g_tsData[i].thz_name, S_IRUGO | S_IWUSR | S_IWGRP,"
mt8183-kernel,platform/kernel/mediatek/mt8183/4.4/drivers/misc/mediatek/thermal/common/thermal_zones/mtk_ts_battery.c,573,usercopy,mtktsbattery_read,yes,no,yes,SOURCE_ONLY,"if (copy_from_user(ptr_mtktsbattery_data->desc, buffer, len)) {"
mt8183-kernel,platform/kernel/mediatek/mt8183/4.4/drivers/misc/mediatek/thermal/common/thermal_zones/mtk_ts_battery.c,758,write_handler,mtkts_battery_open,yes,no,yes,SOURCE_ONLY,".write = mtktsbattery_write,"
mt8183-kernel,platform/kernel/mediatek/mt8183/4.4/drivers/misc/mediatek/thermal/common/thermal_zones/mtk_ts_battery.c,783,procfs,mtktsbattery_init,yes,no,yes,SOURCE_ONLY,"proc_create(""tzbattery"", S_IRUGO | S_IWUSR | S_IWGRP, mtktsbattery_dir,"
mt8183-kernel,platform/kernel/mediatek/mt8183/4.4/drivers/misc/mediatek/thermal/common/thermal_zones/mtk_ts_bts.c,1061,usercopy,mtkts_bts_read,yes,no,yes,SOURCE_ONLY,"if (copy_from_user(ptr_mtktsbts_data->desc, buffer, len)) {"
mt8183-kernel,platform/kernel/mediatek/mt8183/4.4/drivers/misc/mediatek/thermal/common/thermal_zones/mtk_ts_bts.c,1251,usercopy,mtkts_bts_param_read,yes,no,yes,SOURCE_ONLY,"if (copy_from_user(ptr_mtktsbts_parm_data->desc, buffer, len)) {"
mt8183-kernel,platform/kernel/mediatek/mt8183/4.4/drivers/misc/mediatek/thermal/common/thermal_zones/mtk_ts_bts.c,1408,write_handler,mtkts_bts_open,yes,no,yes,SOURCE_ONLY,".write = mtkts_bts_write,"
mt8183-kernel,platform/kernel/mediatek/mt8183/4.4/drivers/misc/mediatek/thermal/common/thermal_zones/mtk_ts_bts.c,1423,write_handler,mtkts_bts_param_open,yes,no,yes,SOURCE_ONLY,".write = mtkts_bts_param_write,"
mt8183-kernel,platform/kernel/mediatek/mt8183/4.4/drivers/misc/mediatek/thermal/common/thermal_zones/mtk_ts_bts.c,1442,procfs,mtkts_bts_init,yes,no,yes,SOURCE_ONLY,"proc_create(""tzbts"", S_IRUGO | S_IWUSR | S_IWGRP, mtkts_AP_dir, &mtkts_AP_fops);"
mt8183-kernel,platform/kernel/mediatek/mt8183/4.4/drivers/misc/mediatek/thermal/common/thermal_zones/mtk_ts_bts.c,1447,procfs,mtkts_bts_init,yes,no,yes,SOURCE_ONLY,"proc_create(""tzbts_param"", S_IRUGO | S_IWUSR | S_IWGRP, mtkts_AP_dir,"
mt8183-kernel,platform/kernel/mediatek/mt8183/4.4/drivers/misc/mediatek/thermal/common/thermal_zones/mtk_ts_bts2.c,948,usercopy,,yes,no,yes,SOURCE_ONLY,"if (copy_from_user(ptr_mtktsbts2_data->desc, buffer, len)) {"
mt8183-kernel,platform/kernel/mediatek/mt8183/4.4/drivers/misc/mediatek/thermal/common/thermal_zones/mtk_ts_bts2.c,1184,usercopy,mtkts_bts2_param_read,yes,no,yes,SOURCE_ONLY,"if (copy_from_user(ptr_mtktsbts2_parm_data->desc, buffer, len)) {"
mt8183-kernel,platform/kernel/mediatek/mt8183/4.4/drivers/misc/mediatek/thermal/common/thermal_zones/mtk_ts_bts2.c,1382,write_handler,mtkts_bts2_open,yes,no,yes,SOURCE_ONLY,".write = mtkts_bts2_write,"
mt8183-kernel,platform/kernel/mediatek/mt8183/4.4/drivers/misc/mediatek/thermal/common/thermal_zones/mtk_ts_bts2.c,1397,write_handler,mtkts_bts2_param_open,yes,no,yes,SOURCE_ONLY,".write = mtkts_bts2_param_write,"
mt8183-kernel,platform/kernel/mediatek/mt8183/4.4/drivers/misc/mediatek/thermal/common/thermal_zones/mtk_ts_bts2.c,1419,procfs,mtkts_bts2_init,yes,no,yes,SOURCE_ONLY,"proc_create(""tzbts2"","
mt8183-kernel,platform/kernel/mediatek/mt8183/4.4/drivers/misc/mediatek/thermal/common/thermal_zones/mtk_ts_bts2.c,1426,procfs,mtkts_bts2_init,yes,no,yes,SOURCE_ONLY,"proc_create(""tzbts2_param"","
mt8183-kernel,platform/kernel/mediatek/mt8183/4.4/drivers/misc/mediatek/thermal/common/thermal_zones/mtk_ts_bts3.c,869,usercopy,,yes,no,yes,SOURCE_ONLY,"if (copy_from_user(ptr_mtktsbts3_data->desc, buffer, len)) {"
mt8183-kernel,platform/kernel/mediatek/mt8183/4.4/drivers/misc/mediatek/thermal/common/thermal_zones/mtk_ts_bts3.c,1092,usercopy,mtkts_bts3_param_read,yes,no,yes,SOURCE_ONLY,"if (copy_from_user(ptr_mtktsbts3_parm_data->desc, buffer, len)) {"
mt8183-kernel,platform/kernel/mediatek/mt8183/4.4/drivers/misc/mediatek/thermal/common/thermal_zones/mtk_ts_bts3.c,1231,write_handler,mtkts_bts3_open,yes,no,yes,SOURCE_ONLY,".write = mtkts_bts3_write,"
mt8183-kernel,platform/kernel/mediatek/mt8183/4.4/drivers/misc/mediatek/thermal/common/thermal_zones/mtk_ts_bts3.c,1246,write_handler,mtkts_bts3_param_open,yes,no,yes,SOURCE_ONLY,".write = mtkts_bts3_param_write,"
mt8183-kernel,platform/kernel/mediatek/mt8183/4.4/drivers/misc/mediatek/thermal/common/thermal_zones/mtk_ts_bts3.c,1268,procfs,mtkts_bts3_init,yes,no,yes,SOURCE_ONLY,"proc_create(""tzbts3"","
mt8183-kernel,platform/kernel/mediatek/mt8183/4.4/drivers/misc/mediatek/thermal/common/thermal_zones/mtk_ts_bts3.c,1275,procfs,mtkts_bts3_init,yes,no,yes,SOURCE_ONLY,"proc_create(""tzbts3_param"","
mt8183-kernel,platform/kernel/mediatek/mt8183/4.4/drivers/misc/mediatek/thermal/common/thermal_zones/mtk_ts_btsmdpa.c,879,usercopy,mtkts_btsmdpa_read,yes,no,yes,SOURCE_ONLY,"if (copy_from_user(ptr_btsmdpa_data->desc, buffer, len)) {"
mt8183-kernel,platform/kernel/mediatek/mt8183/4.4/drivers/misc/mediatek/thermal/common/thermal_zones/mtk_ts_btsmdpa.c,1071,usercopy,mtkts_btsmdpa_param_read,yes,no,yes,SOURCE_ONLY,"if (copy_from_user(ptr_param_data->desc, buffer, len)) {"
mt8183-kernel,platform/kernel/mediatek/mt8183/4.4/drivers/misc/mediatek/thermal/common/thermal_zones/mtk_ts_btsmdpa.c,1225,write_handler,mtkts_btsmdpa_open,yes,no,yes,SOURCE_ONLY,".write = mtkts_btsmdpa_write,"
mt8183-kernel,platform/kernel/mediatek/mt8183/4.4/drivers/misc/mediatek/thermal/common/thermal_zones/mtk_ts_btsmdpa.c,1240,write_handler,mtkts_btsmdpa_param_open,yes,no,yes,SOURCE_ONLY,".write = mtkts_btsmdpa_param_write,"
mt8183-kernel,platform/kernel/mediatek/mt8183/4.4/drivers/misc/mediatek/thermal/common/thermal_zones/mtk_ts_btsmdpa.c,1259,procfs,mtkts_btsmdpa_init,yes,no,yes,SOURCE_ONLY,"proc_create(""tzbtspa"", S_IRUGO | S_IWUSR | S_IWGRP, mtkts_btsmdpa_dir,"
mt8183-kernel,platform/kernel/mediatek/mt8183/4.4/drivers/misc/mediatek/thermal/common/thermal_zones/mtk_ts_btsmdpa.c,1265,procfs,mtkts_btsmdpa_init,yes,no,yes,SOURCE_ONLY,"proc_create(""tzbtspa_param"", S_IRUGO | S_IWUSR | S_IWGRP, mtkts_btsmdpa_dir,"
mt8183-kernel,platform/kernel/mediatek/mt8183/4.4/drivers/misc/mediatek/thermal/common/thermal_zones/mtk_ts_charger.c,427,usercopy,mtktscharger_read,yes,no,yes,SOURCE_ONLY,"if (copy_from_user(ptr_mtktscharger_data->desc, buffer, len)) {"
mt8183-kernel,platform/kernel/mediatek/mt8183/4.4/drivers/misc/mediatek/thermal/common/thermal_zones/mtk_ts_charger.c,539,write_handler,mtktscharger_open,yes,no,yes,SOURCE_ONLY,".write = mtktscharger_write,"
mt8183-kernel,platform/kernel/mediatek/mt8183/4.4/drivers/misc/mediatek/thermal/common/thermal_zones/mtk_ts_charger.c,568,procfs,mtktscharger_pdrv_probe,yes,no,yes,SOURCE_ONLY,"proc_create(""tzcharger"", S_IRUGO | S_IWUSR | S_IWGRP, mtktscharger_dir,"
mt8183-kernel,platform/kernel/mediatek/mt8183/4.4/drivers/misc/mediatek/thermal/common/thermal_zones/mtk_ts_charger.c,632,procfs,mtktscharger_init,yes,no,yes,SOURCE_ONLY,"proc_create(""tzcharger"", S_IRUGO | S_IWUSR | S_IWGRP, mtktscharger_dir,"
mt8183-kernel,platform/kernel/mediatek/mt8183/4.4/drivers/misc/mediatek/thermal/common/thermal_zones/mtk_ts_charger2.c,384,usercopy,mtktscharger2_read,yes,no,yes,SOURCE_ONLY,"if (copy_from_user(ptr_mtktscharger2_data->desc, buffer, len)) {"
mt8183-kernel,platform/kernel/mediatek/mt8183/4.4/drivers/misc/mediatek/thermal/common/thermal_zones/mtk_ts_charger2.c,496,write_handler,mtktscharger2_open,yes,no,yes,SOURCE_ONLY,".write = mtktscharger2_write,"
mt8183-kernel,platform/kernel/mediatek/mt8183/4.4/drivers/misc/mediatek/thermal/common/thermal_zones/mtk_ts_charger2.c,524,procfs,mtktscharger2_pdrv_probe,yes,no,yes,SOURCE_ONLY,"proc_create(""tzcharger2"", S_IRUGO | S_IWUSR | S_IWGRP, mtktscharger2_dir,"
mt8183-kernel,platform/kernel/mediatek/mt8183/4.4/drivers/misc/mediatek/thermal/common/thermal_zones/mtk_ts_cpu_noBank.c,696,usercopy,tscpu_read_Tj_out,yes,no,yes,SOURCE_ONLY,"if (copy_from_user(desc, buffer, len))"
mt8183-kernel,platform/kernel/mediatek/mt8183/4.4/drivers/misc/mediatek/thermal/common/thermal_zones/mtk_ts_cpu_noBank.c,701,sysfs_or_store,tscpu_read_Tj_out,yes,no,yes,SOURCE_ONLY,"if (kstrtoint(desc, 10, &lv_Tj_out_flag) == 0) {"
mt8183-kernel,platform/kernel/mediatek/mt8183/4.4/drivers/misc/mediatek/thermal/common/thermal_zones/mtk_ts_cpu_noBank.c,810,usercopy,tscpu_read_GPIO_out,yes,no,yes,SOURCE_ONLY,"if (copy_from_user(desc, buffer, len))"
mt8183-kernel,platform/kernel/mediatek/mt8183/4.4/drivers/misc/mediatek/thermal/common/thermal_zones/mtk_ts_cpu_noBank.c,908,usercopy,tscpu_talking_flag_read,yes,no,yes,SOURCE_ONLY,"if (copy_from_user(desc, buffer, len))"
mt8183-kernel,platform/kernel/mediatek/mt8183/4.4/drivers/misc/mediatek/thermal/common/thermal_zones/mtk_ts_cpu_noBank.c,913,sysfs_or_store,tscpu_talking_flag_read,yes,no,yes,SOURCE_ONLY,"if (kstrtoint(desc, 10, &lv_talking_flag) == 0) {"
mt8183-kernel,platform/kernel/mediatek/mt8183/4.4/drivers/misc/mediatek/thermal/common/thermal_zones/mtk_ts_cpu_noBank.c,983,usercopy,tscpu_read,yes,no,yes,SOURCE_ONLY,"if (copy_from_user(desc, buffer, len))"
mt8183-kernel,platform/kernel/mediatek/mt8183/4.4/drivers/misc/mediatek/thermal/common/thermal_zones/mtk_ts_cpu_noBank.c,988,sysfs_or_store,,yes,no,yes,SOURCE_ONLY,"if (kstrtoint(desc, 10, &log_switch) == 0)"
mt8183-kernel,platform/kernel/mediatek/mt8183/4.4/drivers/misc/mediatek/thermal/common/thermal_zones/mtk_ts_cpu_noBank.c,1017,usercopy,tscpu_read_fastpoll,yes,no,yes,SOURCE_ONLY,"if (copy_from_user(desc, buffer, len))"
mt8183-kernel,platform/kernel/mediatek/mt8183/4.4/drivers/misc/mediatek/thermal/common/thermal_zones/mtk_ts_cpu_noBank.c,1065,usercopy,,yes,no,yes,SOURCE_ONLY,"if (copy_from_user(ptr_mtktscpu_data->desc, buffer, len)) {"
mt8183-kernel,platform/kernel/mediatek/mt8183/4.4/drivers/misc/mediatek/thermal/common/thermal_zones/mtk_ts_cpu_noBank.c,1546,write_handler,tscpu_GPIO_out,yes,no,yes,SOURCE_ONLY,".write = tscpu_write_GPIO_out,"
mt8183-kernel,platform/kernel/mediatek/mt8183/4.4/drivers/misc/mediatek/thermal/common/thermal_zones/mtk_ts_cpu_noBank.c,1561,write_handler,tscpu_Tj_out,yes,no,yes,SOURCE_ONLY,".write = tscpu_write_Tj_out,"
mt8183-kernel,platform/kernel/mediatek/mt8183/4.4/drivers/misc/mediatek/thermal/common/thermal_zones/mtk_ts_cpu_noBank.c,1588,write_handler,tscpu_open_log,yes,no,yes,SOURCE_ONLY,".write = tscpu_write_log,"
mt8183-kernel,platform/kernel/mediatek/mt8183/4.4/drivers/misc/mediatek/thermal/common/thermal_zones/mtk_ts_cpu_noBank.c,1602,write_handler,tscpu_open,yes,no,yes,SOURCE_ONLY,".write = tscpu_write,"
mt8183-kernel,platform/kernel/mediatek/mt8183/4.4/drivers/misc/mediatek/thermal/common/thermal_zones/mtk_ts_cpu_noBank.c,1630,write_handler,tscpu_read_temperature_open,yes,no,yes,SOURCE_ONLY,".write = tscpu_write,"
mt8183-kernel,platform/kernel/mediatek/mt8183/4.4/drivers/misc/mediatek/thermal/common/thermal_zones/mtk_ts_cpu_noBank.c,1644,write_handler,tscpu_talking_flag_open,yes,no,yes,SOURCE_ONLY,".write = tscpu_talking_flag_write,"
mt8183-kernel,platform/kernel/mediatek/mt8183/4.4/drivers/misc/mediatek/thermal/common/thermal_zones/mtk_ts_cpu_noBank.c,1659,write_handler,tscpu_fastpoll_open,yes,no,yes,SOURCE_ONLY,".write = tscpu_write_fastpoll,"
mt8183-kernel,platform/kernel/mediatek/mt8183/4.4/drivers/misc/mediatek/thermal/common/thermal_zones/mtk_ts_cpu_noBank.c,1989,procfs,tscpu_create_fs,yes,no,yes,SOURCE_ONLY,"proc_create(""tzcpu"", S_IRUGO | S_IWUSR | S_IWGRP, mtktscpu_dir, &mtktscpu_fops);"
mt8183-kernel,platform/kernel/mediatek/mt8183/4.4/drivers/misc/mediatek/thermal/common/thermal_zones/mtk_ts_cpu_noBank.c,1995,procfs,tscpu_create_fs,yes,no,yes,SOURCE_ONLY,"proc_create(""tzcpu_log"", S_IRUGO | S_IWUSR, mtktscpu_dir, &mtktscpu_log_fops);"
mt8183-kernel,platform/kernel/mediatek/mt8183/4.4/drivers/misc/mediatek/thermal/common/thermal_zones/mtk_ts_cpu_noBank.c,1997,procfs,tscpu_create_fs,yes,no,yes,SOURCE_ONLY,"entry = proc_create(""thermlmt"", S_IRUGO, NULL, &mtktscpu_opp_fops);"
mt8183-kernel,platform/kernel/mediatek/mt8183/4.4/drivers/misc/mediatek/thermal/common/thermal_zones/mtk_ts_cpu_noBank.c,1999,procfs,tscpu_create_fs,yes,no,yes,SOURCE_ONLY,"entry = proc_create(""ttpct"", S_IRUGO, NULL, &mtktscpu_ttpct_fops);"
mt8183-kernel,platform/kernel/mediatek/mt8183/4.4/drivers/misc/mediatek/thermal/common/thermal_zones/mtk_ts_cpu_noBank.c,2001,procfs,tscpu_create_fs,yes,no,yes,SOURCE_ONLY,"entry = proc_create(""tzcpu_cal"", S_IRUSR, mtktscpu_dir, &mtktscpu_cal_fops);"
mt8183-kernel,platform/kernel/mediatek/mt8183/4.4/drivers/misc/mediatek/thermal/common/thermal_zones/mtk_ts_cpu_noBank.c,2004,procfs,tscpu_create_fs,yes,no,yes,SOURCE_ONLY,"proc_create(""tzcpu_read_temperature"", S_IRUGO, mtktscpu_dir,"
mt8183-kernel,platform/kernel/mediatek/mt8183/4.4/drivers/misc/mediatek/thermal/common/thermal_zones/mtk_ts_cpu_noBank.c,2008,procfs,tscpu_create_fs,yes,no,yes,SOURCE_ONLY,"proc_create(""tzcpu_talking_flag"", S_IRUGO | S_IWUSR, mtktscpu_dir,"
mt8183-kernel,platform/kernel/mediatek/mt8183/4.4/drivers/misc/mediatek/thermal/common/thermal_zones/mtk_ts_cpu_noBank.c,2013,procfs,tscpu_create_fs,yes,no,yes,SOURCE_ONLY,"proc_create(""tzcpu_fastpoll"", S_IRUGO | S_IWUSR | S_IWGRP, mtktscpu_dir,"
mt8183-kernel,platform/kernel/mediatek/mt8183/4.4/drivers/misc/mediatek/thermal/common/thermal_zones/mtk_ts_cpu_noBank.c,2020,procfs,tscpu_create_fs,yes,no,yes,SOURCE_ONLY,"proc_create(""tzcpu_Tj_out_via_HW_pin"", S_IRUGO | S_IWUSR, mtktscpu_dir,"
mt8183-kernel,platform/kernel/mediatek/mt8183/4.4/drivers/misc/mediatek/thermal/common/thermal_zones/mtk_ts_cpu_noBank.c,2026,procfs,,yes,no,yes,SOURCE_ONLY,"proc_create(""tzcpu_GPIO_out_monitor"", S_IRUGO | S_IWUSR, mtktscpu_dir,"
mt8183-kernel,platform/kernel/mediatek/mt8183/4.4/drivers/misc/mediatek/thermal/common/thermal_zones/mtk_ts_imgsensor.c,155,usercopy,mtk_imgs_get_num_imgs,yes,no,yes,SOURCE_ONLY,"if (copy_from_user(desc, buffer, len))"
mt8183-kernel,platform/kernel/mediatek/mt8183/4.4/drivers/misc/mediatek/thermal/common/thermal_zones/mtk_ts_imgsensor.c,160,sysfs_or_store,mtk_imgs_get_num_imgs,yes,no,yes,SOURCE_ONLY,"if (kstrtoint(desc, 10, &log_switch) == 0) {"
mt8183-kernel,platform/kernel/mediatek/mt8183/4.4/drivers/misc/mediatek/thermal/common/thermal_zones/mtk_ts_imgsensor.c,186,write_handler,mtk_imgs_open_log,yes,no,yes,SOURCE_ONLY,".write = mtk_imgs_write_log,"
mt8183-kernel,platform/kernel/mediatek/mt8183/4.4/drivers/misc/mediatek/thermal/common/thermal_zones/mtk_ts_imgsensor.c,545,usercopy,,yes,no,yes,SOURCE_ONLY,"if (copy_from_user(pTempD->desc, buffer, len)) { \"
mt8183-kernel,platform/kernel/mediatek/mt8183/4.4/drivers/misc/mediatek/thermal/common/thermal_zones/mtk_ts_imgsensor.c,650,write_handler,,yes,no,yes,SOURCE_ONLY,".write = tz ## num ## _proc_write, \"
mt8183-kernel,platform/kernel/mediatek/mt8183/4.4/drivers/misc/mediatek/thermal/common/thermal_zones/mtk_ts_imgsensor.c,796,procfs,,yes,no,yes,SOURCE_ONLY,"entry = proc_create(g_tsData[i].thz_name, S_IRUGO | S_IWUSR | S_IWGRP,"
mt8183-kernel,platform/kernel/mediatek/mt8183/4.4/drivers/misc/mediatek/thermal/common/thermal_zones/mtk_ts_imgsensor.c,802,procfs,,yes,no,yes,SOURCE_ONLY,"entry = proc_create(""tzimgs_debug"", S_IRUGO | S_IWUSR, mtk_imgs_dir, &mtk_imgs_log_fops);"
mt8183-kernel,platform/kernel/mediatek/mt8183/4.4/drivers/misc/mediatek/thermal/common/thermal_zones/mtk_ts_pa.c,464,usercopy,mtktspa_read,yes,no,yes,SOURCE_ONLY,"if (copy_from_user(ptr_mtktspa_data->desc, buffer, len)) {"
mt8183-kernel,platform/kernel/mediatek/mt8183/4.4/drivers/misc/mediatek/thermal/common/thermal_zones/mtk_ts_pa.c,570,write_handler,mtktspa_open,yes,no,yes,SOURCE_ONLY,".write = mtktspa_write,"
mt8183-kernel,platform/kernel/mediatek/mt8183/4.4/drivers/misc/mediatek/thermal/common/thermal_zones/mtk_ts_pa.c,700,procfs,mtktspa_init,yes,no,yes,SOURCE_ONLY,"proc_create(""tx_thro"", S_IRUGO | S_IWUSR, mobile_thro_proc_dir, &_tx_thro_fops);"
mt8183-kernel,platform/kernel/mediatek/mt8183/4.4/drivers/misc/mediatek/thermal/common/thermal_zones/mtk_ts_pa.c,708,procfs,mtktspa_init,yes,no,yes,SOURCE_ONLY,"proc_create(""tzpa"", S_IRUGO | S_IWUSR | S_IWGRP, mtktspa_dir, &mtktspa_fops);"
mt8183-kernel,platform/kernel/mediatek/mt8183/4.4/drivers/misc/mediatek/thermal/common/thermal_zones/mtk_ts_pa_thput.c,298,usercopy,mtk_mdm_sw_read,yes,no,yes,SOURCE_ONLY,"if (copy_from_user(ptr_mtktsmdm_data->desc, buf, len)) {"
mt8183-kernel,platform/kernel/mediatek/mt8183/4.4/drivers/misc/mediatek/thermal/common/thermal_zones/mtk_ts_pa_thput.c,338,write_handler,mtk_mdm_sw_open,yes,no,yes,SOURCE_ONLY,".write = mtk_mdm_sw_write,"
mt8183-kernel,platform/kernel/mediatek/mt8183/4.4/drivers/misc/mediatek/thermal/common/thermal_zones/mtk_ts_pa_thput.c,358,usercopy,mtk_mdm_proc_timeout_read,yes,no,yes,SOURCE_ONLY,"if (copy_from_user(desc, buf, len))"
mt8183-kernel,platform/kernel/mediatek/mt8183/4.4/drivers/misc/mediatek/thermal/common/thermal_zones/mtk_ts_pa_thput.c,365,sysfs_or_store,mtk_mdm_proc_timeout_read,yes,no,yes,SOURCE_ONLY,"if (kstrtoint(desc, 10, &temp_value) == 0) {"
mt8183-kernel,platform/kernel/mediatek/mt8183/4.4/drivers/misc/mediatek/thermal/common/thermal_zones/mtk_ts_pa_thput.c,385,write_handler,mtk_mdm_proc_timeout_open,yes,no,yes,SOURCE_ONLY,".write = mtk_mdm_proc_timeout_write,"
mt8183-kernel,platform/kernel/mediatek/mt8183/4.4/drivers/misc/mediatek/thermal/common/thermal_zones/mtk_ts_pa_thput.c,414,usercopy,mtk_mdm_proc_mdinfo_read,yes,no,yes,SOURCE_ONLY,"if (copy_from_user(desc, buf, len))"
mt8183-kernel,platform/kernel/mediatek/mt8183/4.4/drivers/misc/mediatek/thermal/common/thermal_zones/mtk_ts_pa_thput.c,456,write_handler,mtk_mdm_proc_mdinfo_open,yes,no,yes,SOURCE_ONLY,".write = mtk_mdm_proc_mdinfo_write,"
mt8183-kernel,platform/kernel/mediatek/mt8183/4.4/drivers/misc/mediatek/thermal/common/thermal_zones/mtk_ts_pa_thput.c,482,usercopy,mtk_mdm_proc_mdinfoex_read,yes,no,yes,SOURCE_ONLY,"if (copy_from_user(desc, buf, len))"
mt8183-kernel,platform/kernel/mediatek/mt8183/4.4/drivers/misc/mediatek/thermal/common/thermal_zones/mtk_ts_pa_thput.c,511,write_handler,mtk_mdm_proc_mdinfoex_open,yes,no,yes,SOURCE_ONLY,".write = mtk_mdm_proc_mdinfoex_write,"
mt8183-kernel,platform/kernel/mediatek/mt8183/4.4/drivers/misc/mediatek/thermal/common/thermal_zones/mtk_ts_pa_thput.c,554,procfs,mtk_mdm_txpwr_init,yes,no,yes,SOURCE_ONLY,"proc_create(""mdm_sw"", S_IRUSR | S_IWUSR | S_IRGRP | S_IWGRP, mdtxpwr_dir,"
mt8183-kernel,platform/kernel/mediatek/mt8183/4.4/drivers/misc/mediatek/thermal/common/thermal_zones/mtk_ts_pa_thput.c,557,procfs,mtk_mdm_txpwr_init,yes,no,yes,SOURCE_ONLY,"proc_create(""mdm_value"", S_IRUSR | S_IWUSR | S_IRGRP | S_IWGRP, mdtxpwr_dir,"
mt8183-kernel,platform/kernel/mediatek/mt8183/4.4/drivers/misc/mediatek/thermal/common/thermal_zones/mtk_ts_pa_thput.c,560,procfs,mtk_mdm_txpwr_init,yes,no,yes,SOURCE_ONLY,"proc_create(""mdm_timeout"", S_IRUSR | S_IWUSR | S_IRGRP | S_IWGRP, mdtxpwr_dir,"
mt8183-kernel,platform/kernel/mediatek/mt8183/4.4/drivers/misc/mediatek/thermal/common/thermal_zones/mtk_ts_pa_thput.c,565,procfs,mtk_mdm_txpwr_init,yes,no,yes,SOURCE_ONLY,"proc_create(""mdm_mdinfo"", S_IRUGO | S_IWUSR | S_IWGRP, mdtxpwr_dir,"
mt8183-kernel,platform/kernel/mediatek/mt8183/4.4/drivers/misc/mediatek/thermal/common/thermal_zones/mtk_ts_pa_thput.c,571,procfs,mtk_mdm_txpwr_init,yes,no,yes,SOURCE_ONLY,"proc_create(""mdm_mdinfoex"", S_IRUGO | S_IWUSR | S_IWGRP, mdtxpwr_dir,"
mt8183-kernel,platform/kernel/mediatek/mt8183/4.4/drivers/misc/mediatek/thermal/common/thermal_zones/mtk_ts_pa_thput.c,577,procfs,mtk_mdm_txpwr_init,yes,no,yes,SOURCE_ONLY,"proc_create(""mdm_mdinfoex_thre"", S_IRUGO, mdtxpwr_dir,"
mt8183-kernel,platform/kernel/mediatek/mt8183/4.4/drivers/misc/mediatek/thermal/common/thermal_zones/mtk_ts_pmic.c,372,usercopy,,yes,no,yes,SOURCE_ONLY,"if (copy_from_user(ptr_mtktspmic_data->desc, buffer, len)) {"
mt8183-kernel,platform/kernel/mediatek/mt8183/4.4/drivers/misc/mediatek/thermal/common/thermal_zones/mtk_ts_pmic.c,554,write_handler,mtktspmic_open,yes,no,yes,SOURCE_ONLY,".write = mtktspmic_write,"
mt8183-kernel,platform/kernel/mediatek/mt8183/4.4/drivers/misc/mediatek/thermal/common/thermal_zones/mtk_ts_pmic.c,577,usercopy,mtktspmic_read_log,yes,no,yes,SOURCE_ONLY,"if (copy_from_user(desc, buffer, len))"
mt8183-kernel,platform/kernel/mediatek/mt8183/4.4/drivers/misc/mediatek/thermal/common/thermal_zones/mtk_ts_pmic.c,582,sysfs_or_store,mtktspmic_read_log,yes,no,yes,SOURCE_ONLY,"if (kstrtoint(desc, 10, &log_switch) == 0) {"
mt8183-kernel,platform/kernel/mediatek/mt8183/4.4/drivers/misc/mediatek/thermal/common/thermal_zones/mtk_ts_pmic.c,603,write_handler,mtktspmic_open_log,yes,no,yes,SOURCE_ONLY,".write = mtktspmic_write_log,"
mt8183-kernel,platform/kernel/mediatek/mt8183/4.4/drivers/misc/mediatek/thermal/common/thermal_zones/mtk_ts_pmic.c,635,usercopy,mtktspmic_open_ate,yes,no,yes,SOURCE_ONLY,"if (copy_from_user(desc, buffer, len))"
mt8183-kernel,platform/kernel/mediatek/mt8183/4.4/drivers/misc/mediatek/thermal/common/thermal_zones/mtk_ts_pmic.c,640,sysfs_or_store,mtktspmic_open_ate,yes,no,yes,SOURCE_ONLY,"if (kstrtoint(desc, 10, &isTesting) == 0) {"
mt8183-kernel,platform/kernel/mediatek/mt8183/4.4/drivers/misc/mediatek/thermal/common/thermal_zones/mtk_ts_pmic.c,658,write_handler,mtktspmic_open_ate,yes,no,yes,SOURCE_ONLY,".write = mtktspmic_write_ate,"
mt8183-kernel,platform/kernel/mediatek/mt8183/4.4/drivers/misc/mediatek/thermal/common/thermal_zones/mtk_ts_pmic.c,698,procfs,mtktspmic_init,yes,no,yes,SOURCE_ONLY,"proc_create(""tzpmic"", S_IRUGO | S_IWUSR | S_IWGRP, mtktspmic_dir,"
mt8183-kernel,platform/kernel/mediatek/mt8183/4.4/drivers/misc/mediatek/thermal/common/thermal_zones/mtk_ts_pmic.c,704,procfs,mtktspmic_init,yes,no,yes,SOURCE_ONLY,"proc_create(""tzpmic_log"", S_IRUGO | S_IWUSR, mtktspmic_dir,"
mt8183-kernel,platform/kernel/mediatek/mt8183/4.4/drivers/misc/mediatek/thermal/common/thermal_zones/mtk_ts_pmic.c,707,procfs,,yes,no,yes,SOURCE_ONLY,"proc_create(""tzpmic_ate"", S_IRUGO | S_IWUSR, mtktspmic_dir,"
mt8183-kernel,platform/kernel/mediatek/mt8183/4.4/drivers/misc/mediatek/thermal/common/thermal_zones/mtk_ts_wmt.c,1155,usercopy,wmt_wifi_algo_write,yes,no,yes,SOURCE_ONLY,"if (copy_from_user(desc, buf, len))"
mt8183-kernel,platform/kernel/mediatek/mt8183/4.4/drivers/misc/mediatek/thermal/common/thermal_zones/mtk_ts_wmt.c,1228,usercopy,wmt_tm_wfd_write,yes,no,yes,SOURCE_ONLY,"if (copy_from_user(tmp, buf, len))"
mt8183-kernel,platform/kernel/mediatek/mt8183/4.4/drivers/misc/mediatek/thermal/common/thermal_zones/mtk_ts_wmt.c,1234,sysfs_or_store,wmt_tm_wfd_write,yes,no,yes,SOURCE_ONLY,"ret = kstrtoint(tmp, 10, &tm_wfd_stat);"
mt8183-kernel,platform/kernel/mediatek/mt8183/4.4/drivers/misc/mediatek/thermal/common/thermal_zones/mtk_ts_wmt.c,1273,usercopy,wmt_tm_wfd_open,yes,no,yes,SOURCE_ONLY,"if (copy_from_user(tmp, buf, len))"
mt8183-kernel,platform/kernel/mediatek/mt8183/4.4/drivers/misc/mediatek/thermal/common/thermal_zones/mtk_ts_wmt.c,1339,usercopy,wmt_tm_pid_write,yes,no,yes,SOURCE_ONLY,"if (copy_from_user(tmp, buf, len))"
mt8183-kernel,platform/kernel/mediatek/mt8183/4.4/drivers/misc/mediatek/thermal/common/thermal_zones/mtk_ts_wmt.c,1345,sysfs_or_store,wmt_tm_pid_write,yes,no,yes,SOURCE_ONLY,"ret = kstrtouint(tmp, 10, &tm_input_pid);"
mt8183-kernel,platform/kernel/mediatek/mt8183/4.4/drivers/misc/mediatek/thermal/common/thermal_zones/mtk_ts_wmt.c,1569,usercopy,wmt_tm_write,yes,no,yes,SOURCE_ONLY,"if (copy_from_user(ptr_tm_data->desc, buf, len)) {"
mt8183-kernel,platform/kernel/mediatek/mt8183/4.4/drivers/misc/mediatek/thermal/common/thermal_zones/mtk_ts_wmt.c,1692,write_handler,,yes,no,yes,SOURCE_ONLY,".write = wmt_tm_write,"
mt8183-kernel,platform/kernel/mediatek/mt8183/4.4/drivers/misc/mediatek/thermal/common/thermal_zones/mtk_ts_wmt.c,1701,write_handler,,yes,no,yes,SOURCE_ONLY,".write = wmt_tm_pid_write,"
mt8183-kernel,platform/kernel/mediatek/mt8183/4.4/drivers/misc/mediatek/thermal/common/thermal_zones/mtk_ts_wmt.c,1710,write_handler,,yes,no,yes,SOURCE_ONLY,".write = wmt_wifi_algo_write,"
mt8183-kernel,platform/kernel/mediatek/mt8183/4.4/drivers/misc/mediatek/thermal/common/thermal_zones/mtk_ts_wmt.c,1735,write_handler,,yes,no,yes,SOURCE_ONLY,".write = wmt_tm_wfd_write,"
mt8183-kernel,platform/kernel/mediatek/mt8183/4.4/drivers/misc/mediatek/thermal/common/thermal_zones/mtk_ts_wmt.c,1744,write_handler,,yes,no,yes,SOURCE_ONLY,".write = wmt_wifi_in_soc_write,"
mt8183-kernel,platform/kernel/mediatek/mt8183/4.4/drivers/misc/mediatek/thermal/common/thermal_zones/mtk_ts_wmt.c,1761,procfs,wmt_tm_proc_register,yes,no,yes,SOURCE_ONLY,"proc_create(""tx_thro"", S_IRUGO | S_IWUSR, wmt_thro_proc_dir, &_tx_thro_fops);"
mt8183-kernel,platform/kernel/mediatek/mt8183/4.4/drivers/misc/mediatek/thermal/common/thermal_zones/mtk_ts_wmt.c,1762,procfs,wmt_tm_proc_register,yes,no,yes,SOURCE_ONLY,"proc_create(""tx_thro_limit"", S_IRUGO | S_IWUSR, wmt_thro_proc_dir,"
mt8183-kernel,platform/kernel/mediatek/mt8183/4.4/drivers/misc/mediatek/thermal/common/thermal_zones/mtk_ts_wmt.c,1771,procfs,wmt_tm_proc_register,yes,no,yes,SOURCE_ONLY,"proc_create(""tzwmt"", S_IRUSR | S_IWUSR | S_IRGRP | S_IWGRP, wmt_tm_proc_dir,"
mt8183-kernel,platform/kernel/mediatek/mt8183/4.4/drivers/misc/mediatek/thermal/common/thermal_zones/mtk_ts_wmt.c,1777,procfs,wmt_tm_proc_register,yes,no,yes,SOURCE_ONLY,"proc_create(""clwmt_pid"", S_IRUSR | S_IWUSR | S_IRGRP | S_IWGRP, wmt_tm_proc_dir,"
mt8183-kernel,platform/kernel/mediatek/mt8183/4.4/drivers/misc/mediatek/thermal/common/thermal_zones/mtk_ts_wmt.c,1783,procfs,wmt_tm_proc_register,yes,no,yes,SOURCE_ONLY,"proc_create(""clwmt_val"", S_IRUSR | S_IWUSR | S_IRGRP | S_IWGRP, wmt_tm_proc_dir,"
mt8183-kernel,platform/kernel/mediatek/mt8183/4.4/drivers/misc/mediatek/thermal/common/thermal_zones/mtk_ts_wmt.c,1789,procfs,wmt_tm_proc_register,yes,no,yes,SOURCE_ONLY,"proc_create(""clwmt_wfdstat"", S_IRUSR | S_IWUSR | S_IRGRP | S_IWGRP,"
mt8183-kernel,platform/kernel/mediatek/mt8183/4.4/drivers/misc/mediatek/thermal/common/thermal_zones/mtk_ts_wmt.c,1795,procfs,,yes,no,yes,SOURCE_ONLY,"proc_create(""wifi_in_soc"", S_IRUSR | S_IWUSR | S_IRGRP | S_IWGRP,"
mt8183-kernel,platform/kernel/mediatek/mt8183/4.4/drivers/misc/mediatek/thermal/mt8183/src/mtk_ts_6358buck1.c,314,usercopy,,yes,no,yes,SOURCE_ONLY,"if (copy_from_user(ptr_mt6358tsbuck1_data->desc, buffer, len)) {"
mt8183-kernel,platform/kernel/mediatek/mt8183/4.4/drivers/misc/mediatek/thermal/mt8183/src/mtk_ts_6358buck1.c,493,write_handler,mt6358tsbuck1_open,yes,no,yes,SOURCE_ONLY,".write = mt6358tsbuck1_write,"
mt8183-kernel,platform/kernel/mediatek/mt8183/4.4/drivers/misc/mediatek/thermal/mt8183/src/mtk_ts_6358buck1.c,521,procfs,mt6358tsbuck1_init,yes,no,yes,SOURCE_ONLY,"proc_create(""tz6358buck1"", S_IRUGO | S_IWUSR | S_IWGRP, mt6358tsbuck1_dir,"
mt8183-kernel,platform/kernel/mediatek/mt8183/4.4/drivers/misc/mediatek/thermal/mt8183/src/mtk_ts_6358buck2.c,314,usercopy,,yes,no,yes,SOURCE_ONLY,"if (copy_from_user(ptr_mt6358tsbuck2_data->desc, buffer, len)) {"
mt8183-kernel,platform/kernel/mediatek/mt8183/4.4/drivers/misc/mediatek/thermal/mt8183/src/mtk_ts_6358buck2.c,493,write_handler,mt6358tsbuck2_open,yes,no,yes,SOURCE_ONLY,".write = mt6358tsbuck2_write,"
mt8183-kernel,platform/kernel/mediatek/mt8183/4.4/drivers/misc/mediatek/thermal/mt8183/src/mtk_ts_6358buck2.c,521,procfs,mt6358tsbuck2_init,yes,no,yes,SOURCE_ONLY,"proc_create(""tz6358buck2"", S_IRUGO | S_IWUSR | S_IWGRP, mt6358tsbuck2_dir,"
mt8183-kernel,platform/kernel/mediatek/mt8183/4.4/drivers/misc/mediatek/thermal/mt8183/src/mtk_ts_6358buck3.c,314,usercopy,,yes,no,yes,SOURCE_ONLY,"if (copy_from_user(ptr_mt6358tsbuck3_data->desc, buffer, len)) {"
mt8183-kernel,platform/kernel/mediatek/mt8183/4.4/drivers/misc/mediatek/thermal/mt8183/src/mtk_ts_6358buck3.c,493,write_handler,mt6358tsbuck3_open,yes,no,yes,SOURCE_ONLY,".write = mt6358tsbuck3_write,"
mt8183-kernel,platform/kernel/mediatek/mt8183/4.4/drivers/misc/mediatek/thermal/mt8183/src/mtk_ts_6358buck3.c,521,procfs,mt6358tsbuck3_init,yes,no,yes,SOURCE_ONLY,"proc_create(""tz6358buck3"", S_IRUGO | S_IWUSR | S_IWGRP, mt6358tsbuck3_dir,"
mt8183-kernel,platform/kernel/mediatek/mt8183/4.4/drivers/misc/mediatek/thermal/mtk_cooler_cam.c,140,usercopy,_cl_cam_write,yes,no,yes,SOURCE_ONLY,"if (copy_from_user(tmp, buf, len))"
mt8183-kernel,platform/kernel/mediatek/mt8183/4.4/drivers/misc/mediatek/thermal/mtk_cooler_cam.c,146,sysfs_or_store,_cl_cam_write,yes,no,yes,SOURCE_ONLY,"ret = kstrtouint(tmp, 10, &_cl_cam);"
mt8183-kernel,platform/kernel/mediatek/mt8183/4.4/drivers/misc/mediatek/thermal/mtk_cooler_cam.c,172,write_handler,_cl_cam_open,yes,no,yes,SOURCE_ONLY,".write = _cl_cam_write,"
mt8183-kernel,platform/kernel/mediatek/mt8183/4.4/drivers/misc/mediatek/thermal/mtk_cooler_cam.c,228,usercopy,_cl_cam_status_write,yes,no,yes,SOURCE_ONLY,"if (copy_from_user(tmp, buf, len))"
mt8183-kernel,platform/kernel/mediatek/mt8183/4.4/drivers/misc/mediatek/thermal/mtk_cooler_cam.c,234,sysfs_or_store,_cl_cam_status_write,yes,no,yes,SOURCE_ONLY,"ret = kstrtouint(tmp, 10, &_cl_cam_status);"
mt8183-kernel,platform/kernel/mediatek/mt8183/4.4/drivers/misc/mediatek/thermal/mtk_cooler_cam.c,263,write_handler,_cl_cam_status_open,yes,no,yes,SOURCE_ONLY,".write = _cl_cam_status_write,"
mt8183-kernel,platform/kernel/mediatek/mt8183/4.4/drivers/misc/mediatek/thermal/mtk_cooler_cam.c,274,usercopy,_cl_cam_dual_off_write,yes,no,yes,SOURCE_ONLY,"if (copy_from_user(tmp, buf, len))"
mt8183-kernel,platform/kernel/mediatek/mt8183/4.4/drivers/misc/mediatek/thermal/mtk_cooler_cam.c,318,write_handler,_cl_cam_dual_off_open,yes,no,yes,SOURCE_ONLY,".write = _cl_cam_dual_off_write,"
mt8183-kernel,platform/kernel/mediatek/mt8183/4.4/drivers/misc/mediatek/thermal/mtk_cooler_cam.c,331,usercopy,_cl_cam_dual_off_setting_write,yes,no,yes,SOURCE_ONLY,"if (copy_from_user(tmp, buf, len))"
mt8183-kernel,platform/kernel/mediatek/mt8183/4.4/drivers/misc/mediatek/thermal/mtk_cooler_cam.c,377,write_handler,_cl_cam_dual_off_setting_open,yes,no,yes,SOURCE_ONLY,".write = _cl_cam_dual_off_setting_write,"
mt8183-kernel,platform/kernel/mediatek/mt8183/4.4/drivers/misc/mediatek/thermal/mtk_cooler_cam.c,495,procfs,mtk_cooler_cam_init,yes,no,yes,SOURCE_ONLY,"entry = proc_create(""driver/cl_cam"", S_IRUGO | S_IWUSR, NULL, &_cl_cam_fops);"
mt8183-kernel,platform/kernel/mediatek/mt8183/4.4/drivers/misc/mediatek/thermal/mtk_cooler_cam.c,499,procfs,mtk_cooler_cam_init,yes,no,yes,SOURCE_ONLY,"entry = proc_create(""driver/cl_cam_status"", S_IRUGO | S_IWUSR, NULL, &_cl_cam_status_fops);"
mt8183-kernel,platform/kernel/mediatek/mt8183/4.4/drivers/misc/mediatek/thermal/mtk_cooler_cam.c,503,procfs,mtk_cooler_cam_init,yes,no,yes,SOURCE_ONLY,"entry = proc_create(""driver/cl_cam_dual_off"", S_IRUGO | S_IWUSR | S_IWGRP,"
mt8183-kernel,platform/kernel/mediatek/mt8183/4.4/drivers/misc/mediatek/thermal/mtk_cooler_cam.c,515,procfs,mtk_cooler_cam_init,yes,no,yes,SOURCE_ONLY,"entry = proc_create(""cl_cam_dual_off_setting"", S_IRUGO | S_IWUSR | S_IWGRP,"
mt8183-kernel,platform/kernel/mediatek/mt8183/4.4/drivers/misc/mediatek/thermal/mtk_cooler_shutdown.c,82,usercopy,,yes,no,yes,SOURCE_ONLY,"if (copy_from_user(tmp, buf, len))"
mt8183-kernel,platform/kernel/mediatek/mt8183/4.4/drivers/misc/mediatek/thermal/mtk_cooler_shutdown.c,88,sysfs_or_store,,yes,no,yes,SOURCE_ONLY,"ret = kstrtouint(tmp, 10, &mtk_cl_sd_rst);"
mt8183-kernel,platform/kernel/mediatek/mt8183/4.4/drivers/misc/mediatek/thermal/mtk_cooler_shutdown.c,124,write_handler,_mtk_cl_sd_rst_open,yes,no,yes,SOURCE_ONLY,".write = _mtk_cl_sd_rst_write,"
mt8183-kernel,platform/kernel/mediatek/mt8183/4.4/drivers/misc/mediatek/thermal/mtk_cooler_shutdown.c,136,usercopy,_mtk_cl_sd_rst_open,yes,no,yes,SOURCE_ONLY,"if (copy_from_user(tmp, buf, len))"
mt8183-kernel,platform/kernel/mediatek/mt8183/4.4/drivers/misc/mediatek/thermal/mtk_cooler_shutdown.c,142,sysfs_or_store,_mtk_cl_sd_rst_open,yes,no,yes,SOURCE_ONLY,"ret = kstrtouint(tmp, 10, &tm_input_pid);"
mt8183-kernel,platform/kernel/mediatek/mt8183/4.4/drivers/misc/mediatek/thermal/mtk_cooler_shutdown.c,169,write_handler,_mtk_cl_sd_pid_open,yes,no,yes,SOURCE_ONLY,".write = _mtk_cl_sd_pid_write,"
mt8183-kernel,platform/kernel/mediatek/mt8183/4.4/drivers/misc/mediatek/thermal/mtk_cooler_shutdown.c,181,usercopy,_mtk_cl_sd_pid_open,yes,no,yes,SOURCE_ONLY,"if (copy_from_user(desc, buf, len))"
mt8183-kernel,platform/kernel/mediatek/mt8183/4.4/drivers/misc/mediatek/thermal/mtk_cooler_shutdown.c,187,sysfs_or_store,_mtk_cl_sd_pid_open,yes,no,yes,SOURCE_ONLY,"if (kstrtoint(desc, 10, &tmp_dbt) == 0) {"
mt8183-kernel,platform/kernel/mediatek/mt8183/4.4/drivers/misc/mediatek/thermal/mtk_cooler_shutdown.c,219,write_handler,_mtk_cl_sd_debouncet_open,yes,no,yes,SOURCE_ONLY,".write = _mtk_cl_sd_debouncet_write,"
mt8183-kernel,platform/kernel/mediatek/mt8183/4.4/drivers/misc/mediatek/thermal/mtk_cooler_shutdown.c,391,procfs,mtk_cooler_shutdown_init,yes,no,yes,SOURCE_ONLY,"proc_create(""clsd_pid"", S_IRUGO | S_IWUSR | S_IWGRP, dir_entry,"
mt8183-kernel,platform/kernel/mediatek/mt8183/4.4/drivers/misc/mediatek/thermal/mtk_cooler_shutdown.c,399,procfs,mtk_cooler_shutdown_init,yes,no,yes,SOURCE_ONLY,"proc_create(""clsd_rst"", S_IRUGO | S_IWUSR | S_IWGRP, dir_entry,"
mt8183-kernel,platform/kernel/mediatek/mt8183/4.4/drivers/misc/mediatek/thermal/mtk_cooler_shutdown.c,407,procfs,mtk_cooler_shutdown_init,yes,no,yes,SOURCE_ONLY,"proc_create(""clsd_dbt"", S_IRUGO | S_IWUSR | S_IWGRP, dir_entry,"
mt8183-kernel,platform/kernel/mediatek/mt8183/4.4/drivers/misc/mediatek/thermal/mtk_thermal_monitor.c,476,usercopy,mtkthermal_read,yes,no,yes,SOURCE_ONLY,"if (copy_from_user(desc, buffer, len))"
mt8183-kernel,platform/kernel/mediatek/mt8183/4.4/drivers/misc/mediatek/thermal/mtk_thermal_monitor.c,511,sysfs_or_store,,yes,no,yes,SOURCE_ONLY,"if (kstrtoint(desc, 10, &nCtrlCmd) == 0) {"
mt8183-kernel,platform/kernel/mediatek/mt8183/4.4/drivers/misc/mediatek/thermal/mtk_thermal_monitor.c,548,write_handler,mtkthermal_open,yes,no,yes,SOURCE_ONLY,".write = mtkthermal_write,"
mt8183-kernel,platform/kernel/mediatek/mt8183/4.4/drivers/misc/mediatek/thermal/mtk_thermal_monitor.c,652,usercopy,_mtkthermal_cooler_write,yes,no,yes,SOURCE_ONLY,"if (copy_from_user(desc, buffer, len))"
mt8183-kernel,platform/kernel/mediatek/mt8183/4.4/drivers/misc/mediatek/thermal/mtk_thermal_monitor.c,737,write_handler,_mtkthermal_cooler_open,yes,no,yes,SOURCE_ONLY,".write = _mtkthermal_cooler_write,"
mt8183-kernel,platform/kernel/mediatek/mt8183/4.4/drivers/misc/mediatek/thermal/mtk_thermal_monitor.c,804,usercopy,,yes,no,yes,SOURCE_ONLY,"if (copy_from_user(desc, buffer, len))"
mt8183-kernel,platform/kernel/mediatek/mt8183/4.4/drivers/misc/mediatek/thermal/mtk_thermal_monitor.c,890,write_handler,_mtkthermal_tz_open,yes,no,yes,SOURCE_ONLY,".write = _mtkthermal_tz_write,"
mt8183-kernel,platform/kernel/mediatek/mt8183/4.4/drivers/misc/mediatek/thermal/mtk_thermal_monitor.c,993,usercopy,_mtkthermal_indicator_read,yes,no,yes,SOURCE_ONLY,"if (copy_from_user(desc, buffer, len))"
mt8183-kernel,platform/kernel/mediatek/mt8183/4.4/drivers/misc/mediatek/thermal/mtk_thermal_monitor.c,1019,write_handler,_mtkthermal_indicator_open,yes,no,yes,SOURCE_ONLY,".write = _mtkthermal_indicator_write,"
mt8183-kernel,platform/kernel/mediatek/mt8183/4.4/drivers/misc/mediatek/thermal/mtk_thermal_monitor.c,1039,usercopy,_mtm_scen_call_read,yes,no,yes,SOURCE_ONLY,"if (copy_from_user(desc, buffer, len))"
mt8183-kernel,platform/kernel/mediatek/mt8183/4.4/drivers/misc/mediatek/thermal/mtk_thermal_monitor.c,1044,sysfs_or_store,_mtm_scen_call_read,yes,no,yes,SOURCE_ONLY,"if (kstrtoint(desc, 10, &mtm_phone_call_ongoing) == 0) {"
mt8183-kernel,platform/kernel/mediatek/mt8183/4.4/drivers/misc/mediatek/thermal/mtk_thermal_monitor.c,1069,write_handler,_mtm_scen_call_open,yes,no,yes,SOURCE_ONLY,".write = _mtm_scen_call_write,"
mt8183-kernel,platform/kernel/mediatek/mt8183/4.4/drivers/misc/mediatek/thermal/mtk_thermal_monitor.c,1089,procfs,mtkthermal_init,yes,no,yes,SOURCE_ONLY,"entry = proc_create(""mtm_monitor"", S_IRUGO | S_IWUSR | S_IWGRP, dir_entry, &mtkthermal_fops);"
mt8183-kernel,platform/kernel/mediatek/mt8183/4.4/drivers/misc/mediatek/thermal/mtk_thermal_monitor.c,1095,procfs,mtkthermal_init,yes,no,yes,SOURCE_ONLY,"entry = proc_create(""mtm_indicator"", S_IRUGO | S_IWUSR, dir_entry, &_mtkthermal_indicator_fops);"
mt8183-kernel,platform/kernel/mediatek/mt8183/4.4/drivers/misc/mediatek/thermal/mtk_thermal_monitor.c,1099,procfs,mtkthermal_init,yes,no,yes,SOURCE_ONLY,"entry = proc_create(""mtm_scen_call"", S_IRUGO | S_IWUSR | S_IWGRP, dir_entry, &_mtm_scen_call_fops);"
mt8183-kernel,platform/kernel/mediatek/mt8183/4.4/drivers/misc/mediatek/thermal/mtk_thermal_monitor.c,1515,procfs,,yes,no,yes,SOURCE_ONLY,"proc_create_data((const char *)type, S_IRUGO | S_IWUSR | S_IWGRP,"
mt8183-kernel,platform/kernel/mediatek/mt8183/4.4/drivers/misc/mediatek/thermal/mtk_thermal_monitor.c,1805,procfs,,yes,no,yes,SOURCE_ONLY,"proc_create_data((const char *)type, S_IRUGO | S_IWUSR | S_IWGRP,"
mt8183-kernel,platform/kernel/mediatek/mt8183/4.4/drivers/misc/mediatek/thermal/mtk_thermal_monitor.c,1853,procfs,,yes,no,yes,SOURCE_ONLY,"proc_create_data((const char *)type, S_IRUGO | S_IWUSR | S_IWGRP,"
mt8183-kernel,platform/kernel/mediatek/mt8183/4.4/drivers/misc/mediatek/timer/timesync/mtk_sys_timer.c,500,write_handler,sys_timer_dbgfs_debug_open,no,no,yes,SOURCE_ONLY,".write = sys_timer_dbgfs_debug_write,"
mt8183-kernel,platform/kernel/mediatek/mt8183/4.4/drivers/misc/mediatek/timer/timesync/mtk_sys_timer.c,508,debugfs,sys_timer_init_debugfs,no,no,yes,SOURCE_ONLY,"timesync_cxt.dbgfs_root = debugfs_create_dir(""sys_timer"", NULL);"
mt8183-kernel,platform/kernel/mediatek/mt8183/4.4/drivers/misc/mediatek/timer/timesync/mtk_sys_timer.c,524,debugfs,sys_timer_init_debugfs,no,no,yes,SOURCE_ONLY,"debugfs_create_file(""debug"", S_IRUSR | S_IWUSR,"
mt8183-kernel,platform/kernel/mediatek/mt8183/4.4/drivers/misc/mediatek/trng/trng.c,121,procfs,trng_init,no,no,no,SOURCE_ONLY,"proc_create(""rnd_dump"", 0664, parent, &trng_fops);"
mt8183-kernel,platform/kernel/mediatek/mt8183/4.4/drivers/misc/mediatek/usb_boost/usb_boost.c,521,device_create,create_sys_fs,no,no,no,SOURCE_ONLY,"boost_inst[i].dev = device_create(usb_boost_class, NULL, MKDEV(0,"
mt8183-kernel,platform/kernel/mediatek/mt8183/4.4/drivers/misc/mediatek/usb_boost/usb_boost.c,574,module_param,usb_boost_init,no,no,no,SOURCE_ONLY,"module_param(trigger_cnt_disabled, int, 0400);"
mt8183-kernel,platform/kernel/mediatek/mt8183/4.4/drivers/misc/mediatek/usb_boost/usb_boost.c,575,module_param,usb_boost_init,no,no,no,SOURCE_ONLY,"module_param(enabled, int, 0400);"
mt8183-kernel,platform/kernel/mediatek/mt8183/4.4/drivers/misc/mediatek/usb_boost/usb_boost.c,576,module_param,usb_boost_init,no,no,no,SOURCE_ONLY,"module_param(inited, int, 0400);"
mt8183-kernel,platform/kernel/mediatek/mt8183/4.4/drivers/misc/mediatek/video/common/aal30/ddp_aal.c,779,usercopy,disp_aal_copy_size_to_user,yes,no,no,SOURCE_ONLY,"ret = copy_to_user(aal_size, &g_aal_size, sizeof(struct DISP_AAL_DISPLAY_SIZE));"
mt8183-kernel,platform/kernel/mediatek/mt8183/4.4/drivers/misc/mediatek/video/common/aal30/ddp_aal.c,905,usercopy,disp_aal_set_init_dre3,yes,no,no,SOURCE_ONLY,"ret = copy_from_user(init_dre3, user_regs, sizeof(struct DISP_DRE30_INIT));"
mt8183-kernel,platform/kernel/mediatek/mt8183/4.4/drivers/misc/mediatek/video/common/aal30/ddp_aal.c,910,usercopy,disp_aal_set_init_dre3,yes,no,no,SOURCE_ONLY,"AAL_ERR(""disp_aal_set_init_dre3: copy_from_user() failed"");"
mt8183-kernel,platform/kernel/mediatek/mt8183/4.4/drivers/misc/mediatek/video/common/aal30/ddp_aal.c,1300,usercopy,disp_aal_copy_hist_to_user,yes,no,no,SOURCE_ONLY,"ret = copy_to_user(hist, &g_aal_hist_db, sizeof(struct DISP_AAL_HIST));"
mt8183-kernel,platform/kernel/mediatek/mt8183/4.4/drivers/misc/mediatek/video/common/aal30/ddp_aal.c,1305,usercopy,disp_aal_copy_hist_to_user,yes,no,no,SOURCE_ONLY,ret = copy_to_user(
mt8183-kernel,platform/kernel/mediatek/mt8183/4.4/drivers/misc/mediatek/video/common/aal30/ddp_aal.c,1335,usercopy,,yes,no,no,SOURCE_ONLY,"ret = copy_from_user(init_regs, user_regs, sizeof(struct DISP_AAL_INITREG));"
mt8183-kernel,platform/kernel/mediatek/mt8183/4.4/drivers/misc/mediatek/video/common/aal30/ddp_aal.c,1341,usercopy,,yes,no,no,SOURCE_ONLY,"AAL_ERR(""disp_aal_set_init_reg: copy_from_user() failed"");"
mt8183-kernel,platform/kernel/mediatek/mt8183/4.4/drivers/misc/mediatek/video/common/aal30/ddp_aal.c,1430,usercopy,disp_aal_set_param,yes,no,no,SOURCE_ONLY,"if (copy_from_user(&g_aal_param, param, sizeof(struct DISP_AAL_PARAM)) == 0) {"
mt8183-kernel,platform/kernel/mediatek/mt8183/4.4/drivers/misc/mediatek/video/common/aal30/ddp_aal.c,1482,usercopy,disp_aal_set_lcm_type,yes,no,no,SOURCE_ONLY,"if (copy_from_user(&g_aal_gain_db,"
mt8183-kernel,platform/kernel/mediatek/mt8183/4.4/drivers/misc/mediatek/video/common/aal30/ddp_aal.c,2216,usercopy,aal_io,yes,no,no,SOURCE_ONLY,"if (copy_from_user(&enabled, (void *)arg, sizeof(enabled))) {"
mt8183-kernel,platform/kernel/mediatek/mt8183/4.4/drivers/misc/mediatek/video/common/aal30/ddp_aal.c,2217,usercopy,aal_io,yes,no,no,SOURCE_ONLY,"AAL_ERR(""DISP_IOCTL_AAL_EVENTCTL: copy_from_user() failed"");"
mt8183-kernel,platform/kernel/mediatek/mt8183/4.4/drivers/misc/mediatek/video/common/aal30/ddp_aal.c,2241,usercopy,aal_io,yes,no,no,SOURCE_ONLY,"AAL_ERR(""DISP_IOCTL_AAL_GET_HIST: copy_to_user() failed"");"
mt8183-kernel,platform/kernel/mediatek/mt8183/4.4/drivers/misc/mediatek/video/common/color20/ddp_color.c,2992,usercopy,disp_color_ioctl,yes,no,no,SOURCE_ONLY,"if (copy_from_user(pq_param, (void *)arg, sizeof(struct DISP_PQ_PARAM))) {"
mt8183-kernel,platform/kernel/mediatek/mt8183/4.4/drivers/misc/mediatek/video/common/color20/ddp_color.c,3017,usercopy,,yes,no,no,SOURCE_ONLY,"if (copy_to_user((void *)arg, pq_param, sizeof(struct DISP_PQ_PARAM))) {"
mt8183-kernel,platform/kernel/mediatek/mt8183/4.4/drivers/misc/mediatek/video/common/color20/ddp_color.c,3028,usercopy,,yes,no,no,SOURCE_ONLY,"if (copy_from_user(pq_index, (void *)arg, sizeof(struct DISPLAY_PQ_T))) {"
mt8183-kernel,platform/kernel/mediatek/mt8183/4.4/drivers/misc/mediatek/video/common/color20/ddp_color.c,3038,usercopy,,yes,no,no,SOURCE_ONLY,"if (copy_to_user((void *)arg, pq_index, sizeof(struct DISPLAY_PQ_T))) {"
mt8183-kernel,platform/kernel/mediatek/mt8183/4.4/drivers/misc/mediatek/video/common/color20/ddp_color.c,3049,usercopy,,yes,no,no,SOURCE_ONLY,"if (copy_from_user(&g_color_reg, (void *)arg, sizeof(struct DISPLAY_COLOR_REG))) {"
mt8183-kernel,platform/kernel/mediatek/mt8183/4.4/drivers/misc/mediatek/video/common/color20/ddp_color.c,3068,usercopy,,yes,no,no,SOURCE_ONLY,"if (copy_from_user(tdshp_index, (void *)arg, sizeof(struct DISPLAY_TDSHP_T))) {"
mt8183-kernel,platform/kernel/mediatek/mt8183/4.4/drivers/misc/mediatek/video/common/color20/ddp_color.c,3082,usercopy,,yes,no,no,SOURCE_ONLY,"if (copy_to_user((void *)arg, tdshp_index, sizeof(struct DISPLAY_TDSHP_T))) {"
mt8183-kernel,platform/kernel/mediatek/mt8183/4.4/drivers/misc/mediatek/video/common/color20/ddp_color.c,3092,usercopy,,yes,no,no,SOURCE_ONLY,"if (copy_from_user(pq_param, (void *)arg, sizeof(struct DISP_PQ_PARAM))) {"
mt8183-kernel,platform/kernel/mediatek/mt8183/4.4/drivers/misc/mediatek/video/common/color20/ddp_color.c,3102,usercopy,,yes,no,no,SOURCE_ONLY,"if (copy_to_user((void *)arg, pq_param, sizeof(struct DISP_PQ_PARAM))) {"
mt8183-kernel,platform/kernel/mediatek/mt8183/4.4/drivers/misc/mediatek/video/common/color20/ddp_color.c,3112,usercopy,,yes,no,no,SOURCE_ONLY,"if (copy_from_user(pq_param, (void *)arg, sizeof(struct DISP_PQ_PARAM))) {"
mt8183-kernel,platform/kernel/mediatek/mt8183/4.4/drivers/misc/mediatek/video/common/color20/ddp_color.c,3122,usercopy,,yes,no,no,SOURCE_ONLY,"if (copy_to_user((void *)arg, pq_param, sizeof(struct DISP_PQ_PARAM))) {"
mt8183-kernel,platform/kernel/mediatek/mt8183/4.4/drivers/misc/mediatek/video/common/color20/ddp_color.c,3130,usercopy,,yes,no,no,SOURCE_ONLY,"if (copy_from_user(&value, (void *)arg, sizeof(int))) {"
mt8183-kernel,platform/kernel/mediatek/mt8183/4.4/drivers/misc/mediatek/video/common/color20/ddp_color.c,3158,usercopy,,yes,no,no,SOURCE_ONLY,"if (copy_from_user(&rParams, (void *)arg, sizeof(struct DISP_READ_REG))) {"
mt8183-kernel,platform/kernel/mediatek/mt8183/4.4/drivers/misc/mediatek/video/common/color20/ddp_color.c,3186,usercopy,,yes,no,no,SOURCE_ONLY,"if (copy_to_user((void *)arg, &rParams, sizeof(struct DISP_READ_REG))) {"
mt8183-kernel,platform/kernel/mediatek/mt8183/4.4/drivers/misc/mediatek/video/common/color20/ddp_color.c,3200,usercopy,,yes,no,no,SOURCE_ONLY,"if (copy_from_user(&wParams, (void *)arg, sizeof(struct DISP_WRITE_REG))) {"
mt8183-kernel,platform/kernel/mediatek/mt8183/4.4/drivers/misc/mediatek/video/common/color20/ddp_color.c,3280,usercopy,,yes,no,no,SOURCE_ONLY,"if (copy_from_user(&rParams, (void *)arg, sizeof(struct DISP_READ_REG))) {"
mt8183-kernel,platform/kernel/mediatek/mt8183/4.4/drivers/misc/mediatek/video/common/color20/ddp_color.c,3296,usercopy,,yes,no,no,SOURCE_ONLY,"if (copy_to_user((void *)arg, &rParams, sizeof(struct DISP_READ_REG))) {"
mt8183-kernel,platform/kernel/mediatek/mt8183/4.4/drivers/misc/mediatek/video/common/color20/ddp_color.c,3307,usercopy,,yes,no,no,SOURCE_ONLY,"if (copy_from_user(&wParams, (void *)arg, sizeof(struct DISP_WRITE_REG))) {"
mt8183-kernel,platform/kernel/mediatek/mt8183/4.4/drivers/misc/mediatek/video/common/color20/ddp_color.c,3330,usercopy,,yes,no,no,SOURCE_ONLY,"if (copy_from_user(&value, (void *)arg, sizeof(int))) {"
mt8183-kernel,platform/kernel/mediatek/mt8183/4.4/drivers/misc/mediatek/video/common/color20/ddp_color.c,3344,usercopy,,yes,no,no,SOURCE_ONLY,"if (copy_from_user(&win_param, (void *)arg, sizeof(struct DISP_PQ_WIN_PARAM))) {"
mt8183-kernel,platform/kernel/mediatek/mt8183/4.4/drivers/misc/mediatek/video/common/color20/ddp_color.c,3360,usercopy,,yes,no,no,SOURCE_ONLY,"if (copy_to_user((void *)arg, &g_tdshp_flag, sizeof(int))) {"
mt8183-kernel,platform/kernel/mediatek/mt8183/4.4/drivers/misc/mediatek/video/common/color20/ddp_color.c,3367,usercopy,,yes,no,no,SOURCE_ONLY,"if (copy_from_user(&g_tdshp_flag, (void *)arg, sizeof(int))) {"
mt8183-kernel,platform/kernel/mediatek/mt8183/4.4/drivers/misc/mediatek/video/common/color20/ddp_color.c,3375,usercopy,,yes,no,no,SOURCE_ONLY,"if (copy_to_user((void *)arg, &g_PQ_DC_Param, sizeof(struct DISP_PQ_DC_PARAM))) {"
mt8183-kernel,platform/kernel/mediatek/mt8183/4.4/drivers/misc/mediatek/video/common/color20/ddp_color.c,3383,usercopy,,yes,no,no,SOURCE_ONLY,"if (copy_from_user(&g_PQ_DC_Param, (void *)arg, sizeof(struct DISP_PQ_DC_PARAM))) {"
mt8183-kernel,platform/kernel/mediatek/mt8183/4.4/drivers/misc/mediatek/video/common/color20/ddp_color.c,3391,usercopy,,yes,no,no,SOURCE_ONLY,"if (copy_to_user((void *)arg, &g_PQ_DS_Param, sizeof(struct DISP_PQ_DS_PARAM))) {"
mt8183-kernel,platform/kernel/mediatek/mt8183/4.4/drivers/misc/mediatek/video/common/color20/ddp_color.c,3399,usercopy,,yes,no,no,SOURCE_ONLY,"if (copy_to_user((void *)arg, &g_tdshp_reg, sizeof(struct MDP_TDSHP_REG))) {"
mt8183-kernel,platform/kernel/mediatek/mt8183/4.4/drivers/misc/mediatek/video/common/color20/ddp_color.c,3408,usercopy,,yes,no,no,SOURCE_ONLY,"if (copy_to_user((void *)arg, &mdp_color_cap, sizeof(struct MDP_COLOR_CAP))) {"
mt8183-kernel,platform/kernel/mediatek/mt8183/4.4/drivers/misc/mediatek/video/common/corr10/ddp_gamma.c,231,usercopy,,yes,no,no,SOURCE_ONLY,"if (copy_from_user(gamma_lut, user_gamma_lut, sizeof(struct DISP_GAMMA_LUT_T)) != 0) {"
mt8183-kernel,platform/kernel/mediatek/mt8183/4.4/drivers/misc/mediatek/video/common/corr10/ddp_gamma.c,770,usercopy,disp_pq_copy_backlight_to_user,yes,no,no,SOURCE_ONLY,"if (copy_to_user(backlight, &g_pq_backlight_db, sizeof(int)) == 0)"
mt8183-kernel,platform/kernel/mediatek/mt8183/4.4/drivers/misc/mediatek/video/common/corr10/ddp_gamma.c,816,usercopy,disp_pq_notify_backlight_changed,yes,no,no,SOURCE_ONLY,"if (copy_from_user(ccorr, user_color_corr, sizeof(struct DISP_CCORR_COEF_T)) != 0) {"
mt8183-kernel,platform/kernel/mediatek/mt8183/4.4/drivers/misc/mediatek/video/common/corr10/ddp_gamma.c,943,usercopy,disp_ccorr_io,yes,no,no,SOURCE_ONLY,"if (copy_from_user(&enabled, (void *)arg, sizeof(enabled))) {"
mt8183-kernel,platform/kernel/mediatek/mt8183/4.4/drivers/misc/mediatek/video/common/corr10/ddp_gamma.c,944,usercopy,disp_ccorr_io,yes,no,no,SOURCE_ONLY,"CCORR_ERR(""DISP_IOCTL_CCORR_EVENTCTL: copy_from_user() failed"");"
mt8183-kernel,platform/kernel/mediatek/mt8183/4.4/drivers/misc/mediatek/video/common/corr10/ddp_gamma.c,961,usercopy,disp_ccorr_io,yes,no,no,SOURCE_ONLY,"CCORR_ERR(""DISP_IOCTL_CCORR_GET_IRQ: copy_to_user() failed"");"
mt8183-kernel,platform/kernel/mediatek/mt8183/4.4/drivers/misc/mediatek/video/common/layering_rule_base/v1.1/layering_rule_base.c,1782,usercopy,,yes,no,no,SOURCE_ONLY,"if (copy_from_user(l_info->input_config[disp_idx],"
mt8183-kernel,platform/kernel/mediatek/mt8183/4.4/drivers/misc/mediatek/video/common/layering_rule_base/v1.1/layering_rule_base.c,1836,usercopy,set_disp_info,yes,no,no,SOURCE_ONLY,"if (copy_to_user(disp_info_user->input_config[disp_idx],"
mt8183-kernel,platform/kernel/mediatek/mt8183/4.4/drivers/misc/mediatek/video/mt8183/dispsys/ddp_debug.c,298,sysfs_or_store,,yes,no,yes,SOURCE_ONLY,"ret = kstrtouint(p, 0, &enable);"
mt8183-kernel,platform/kernel/mediatek/mt8183/4.4/drivers/misc/mediatek/video/mt8183/dispsys/ddp_debug.c,314,sysfs_or_store,,yes,no,yes,SOURCE_ONLY,"ret = kstrtouint(p, 0, &vfp);"
mt8183-kernel,platform/kernel/mediatek/mt8183/4.4/drivers/misc/mediatek/video/mt8183/dispsys/ddp_debug.c,326,sysfs_or_store,,yes,no,yes,SOURCE_ONLY,"ret = kstrtouint(p, 0, &enable);"
mt8183-kernel,platform/kernel/mediatek/mt8183/4.4/drivers/misc/mediatek/video/mt8183/dispsys/ddp_debug.c,354,sysfs_or_store,,yes,no,yes,SOURCE_ONLY,"ret = kstrtouint(p, 0, &level);"
mt8183-kernel,platform/kernel/mediatek/mt8183/4.4/drivers/misc/mediatek/video/mt8183/dispsys/ddp_debug.c,386,sysfs_or_store,,yes,no,yes,SOURCE_ONLY,"ret = kstrtouint(p, 0, &level);"
mt8183-kernel,platform/kernel/mediatek/mt8183/4.4/drivers/misc/mediatek/video/mt8183/dispsys/ddp_debug.c,430,sysfs_or_store,,yes,no,yes,SOURCE_ONLY,"ret = kstrtouint(p, 0, &aal_dbg_en);"
mt8183-kernel,platform/kernel/mediatek/mt8183/4.4/drivers/misc/mediatek/video/mt8183/dispsys/ddp_debug.c,441,sysfs_or_store,,yes,no,yes,SOURCE_ONLY,"ret = kstrtouint(p, 0, &debug_level);"
mt8183-kernel,platform/kernel/mediatek/mt8183/4.4/drivers/misc/mediatek/video/mt8183/dispsys/ddp_debug.c,455,sysfs_or_store,,yes,no,yes,SOURCE_ONLY,"ret = kstrtouint(p, 0, &cmd);"
mt8183-kernel,platform/kernel/mediatek/mt8183/4.4/drivers/misc/mediatek/video/mt8183/dispsys/ddp_debug.c,468,sysfs_or_store,,yes,no,yes,SOURCE_ONLY,"ret = kstrtouint(p, 0, &corr_dbg_en);"
mt8183-kernel,platform/kernel/mediatek/mt8183/4.4/drivers/misc/mediatek/video/mt8183/dispsys/ddp_debug.c,489,sysfs_or_store,,yes,no,yes,SOURCE_ONLY,"ret = kstrtouint(p, 0, &module);"
mt8183-kernel,platform/kernel/mediatek/mt8183/4.4/drivers/misc/mediatek/video/mt8183/dispsys/ddp_debug.c,507,sysfs_or_store,,yes,no,yes,SOURCE_ONLY,"ret = kstrtouint(p, 0, &mutex_idx);"
mt8183-kernel,platform/kernel/mediatek/mt8183/4.4/drivers/misc/mediatek/video/mt8183/dispsys/ddp_debug.c,538,sysfs_or_store,,yes,no,yes,SOURCE_ONLY,"ret = kstrtouint(p, 0, &enable);"
mt8183-kernel,platform/kernel/mediatek/mt8183/4.4/drivers/misc/mediatek/video/mt8183/dispsys/ddp_debug.c,570,sysfs_or_store,,yes,no,yes,SOURCE_ONLY,"ret = kstrtouint(p, 0, &mode);"
mt8183-kernel,platform/kernel/mediatek/mt8183/4.4/drivers/misc/mediatek/video/mt8183/dispsys/ddp_debug.c,661,sysfs_or_store,,yes,no,yes,SOURCE_ONLY,"ret = kstrtouint(p, 0, &cmd);"
mt8183-kernel,platform/kernel/mediatek/mt8183/4.4/drivers/misc/mediatek/video/mt8183/dispsys/ddp_debug.c,728,usercopy,debug_write,yes,no,yes,SOURCE_ONLY,"if (copy_from_user(&cmd_buf, ubuf, count))"
mt8183-kernel,platform/kernel/mediatek/mt8183/4.4/drivers/misc/mediatek/video/mt8183/dispsys/ddp_debug.c,741,write_handler,debug_write,yes,no,yes,SOURCE_ONLY,".write = debug_write,"
mt8183-kernel,platform/kernel/mediatek/mt8183/4.4/drivers/misc/mediatek/video/mt8183/dispsys/ddp_debug.c,807,debugfs,ddp_debug_init,yes,no,yes,SOURCE_ONLY,"debugfs = debugfs_create_file(""dispsys"","
mt8183-kernel,platform/kernel/mediatek/mt8183/4.4/drivers/misc/mediatek/video/mt8183/dispsys/ddp_debug.c,811,debugfs,ddp_debug_init,yes,no,yes,SOURCE_ONLY,"debugDir = debugfs_create_dir(""disp"", NULL);"
mt8183-kernel,platform/kernel/mediatek/mt8183/4.4/drivers/misc/mediatek/video/mt8183/dispsys/ddp_debug.c,814,debugfs,ddp_debug_init,yes,no,yes,SOURCE_ONLY,"debugfs_dump = debugfs_create_file(""dump"","
mt8183-kernel,platform/kernel/mediatek/mt8183/4.4/drivers/misc/mediatek/video/mt8183/dispsys/ddp_debug.c,817,debugfs,ddp_debug_init,yes,no,yes,SOURCE_ONLY,"debug_cmd_help = debugfs_create_file(""cmd_help"","
mt8183-kernel,platform/kernel/mediatek/mt8183/4.4/drivers/misc/mediatek/video/mt8183/dispsys/ddp_debug.c,820,debugfs,ddp_debug_init,yes,no,yes,SOURCE_ONLY,"d = debugfs_create_file(""lowpowermode"", S_IFREG | S_IRUGO, debugDir, NULL,"
mt8183-kernel,platform/kernel/mediatek/mt8183/4.4/drivers/misc/mediatek/video/mt8183/dispsys/ddp_drv.c,274,ioctl_entry;write_handler,disp_mmap,no,no,yes,SOURCE_ONLY,".unlocked_ioctl = disp_unlocked_ioctl,"
mt8183-kernel,platform/kernel/mediatek/mt8183/4.4/drivers/misc/mediatek/video/mt8183/dispsys/ddp_drv.c,275,ioctl_entry;write_handler,disp_mmap,no,no,yes,SOURCE_ONLY,".compat_ioctl = disp_compat_ioctl,"
mt8183-kernel,platform/kernel/mediatek/mt8183/4.4/drivers/misc/mediatek/video/mt8183/dispsys/ddp_drv.c,375,misc_register,disp_probe_1,no,no,yes,SOURCE_ONLY,ret = misc_register(&disp_misc_dev);
mt8183-kernel,platform/kernel/mediatek/mt8183/4.4/drivers/misc/mediatek/video/mt8183/videox/compat_mtk_disp_mgr.c,33,usercopy,compat_get_disp_caps_info,yes,no,no,SOURCE_ONLY,"err = get_user(u, &(data32->output_mode));"
mt8183-kernel,platform/kernel/mediatek/mt8183/4.4/drivers/misc/mediatek/video/mt8183/videox/compat_mtk_disp_mgr.c,34,usercopy,compat_get_disp_caps_info,yes,no,no,SOURCE_ONLY,"err |= put_user(u, &(data->output_mode));"
mt8183-kernel,platform/kernel/mediatek/mt8183/4.4/drivers/misc/mediatek/video/mt8183/videox/compat_mtk_disp_mgr.c,36,usercopy,compat_get_disp_caps_info,yes,no,no,SOURCE_ONLY,"err |= get_user(u, &(data32->output_pass));"
mt8183-kernel,platform/kernel/mediatek/mt8183/4.4/drivers/misc/mediatek/video/mt8183/videox/compat_mtk_disp_mgr.c,37,usercopy,compat_get_disp_caps_info,yes,no,no,SOURCE_ONLY,"err |= put_user(u, &(data->output_pass));"
mt8183-kernel,platform/kernel/mediatek/mt8183/4.4/drivers/misc/mediatek/video/mt8183/videox/compat_mtk_disp_mgr.c,39,usercopy,compat_get_disp_caps_info,yes,no,no,SOURCE_ONLY,"err |= get_user(u, &(data32->max_layer_num));"
mt8183-kernel,platform/kernel/mediatek/mt8183/4.4/drivers/misc/mediatek/video/mt8183/videox/compat_mtk_disp_mgr.c,40,usercopy,compat_get_disp_caps_info,yes,no,no,SOURCE_ONLY,"err |= put_user(u, &(data->max_layer_num));"
mt8183-kernel,platform/kernel/mediatek/mt8183/4.4/drivers/misc/mediatek/video/mt8183/videox/compat_mtk_disp_mgr.c,42,usercopy,compat_get_disp_caps_info,yes,no,no,SOURCE_ONLY,"err |= get_user(u, &(data32->disp_feature));"
mt8183-kernel,platform/kernel/mediatek/mt8183/4.4/drivers/misc/mediatek/video/mt8183/videox/compat_mtk_disp_mgr.c,43,usercopy,compat_get_disp_caps_info,yes,no,no,SOURCE_ONLY,"err |= put_user(u, &(data->disp_feature));"
mt8183-kernel,platform/kernel/mediatek/mt8183/4.4/drivers/misc/mediatek/video/mt8183/videox/compat_mtk_disp_mgr.c,45,usercopy,compat_get_disp_caps_info,yes,no,no,SOURCE_ONLY,"err |= get_user(u, &(data32->is_support_frame_cfg_ioctl));"
mt8183-kernel,platform/kernel/mediatek/mt8183/4.4/drivers/misc/mediatek/video/mt8183/videox/compat_mtk_disp_mgr.c,46,usercopy,compat_get_disp_caps_info,yes,no,no,SOURCE_ONLY,"err |= put_user(u, &(data->is_support_frame_cfg_ioctl));"
mt8183-kernel,platform/kernel/mediatek/mt8183/4.4/drivers/misc/mediatek/video/mt8183/videox/compat_mtk_disp_mgr.c,48,usercopy,compat_get_disp_caps_info,yes,no,no,SOURCE_ONLY,"err |= get_user(u, &(data32->is_output_rotated));"
mt8183-kernel,platform/kernel/mediatek/mt8183/4.4/drivers/misc/mediatek/video/mt8183/videox/compat_mtk_disp_mgr.c,49,usercopy,compat_get_disp_caps_info,yes,no,no,SOURCE_ONLY,"err |= put_user(u, &(data->is_output_rotated));"
mt8183-kernel,platform/kernel/mediatek/mt8183/4.4/drivers/misc/mediatek/video/mt8183/videox/compat_mtk_disp_mgr.c,51,usercopy,compat_get_disp_caps_info,yes,no,no,SOURCE_ONLY,"err |= get_user(u, &(data32->lcm_degree));"
mt8183-kernel,platform/kernel/mediatek/mt8183/4.4/drivers/misc/mediatek/video/mt8183/videox/compat_mtk_disp_mgr.c,52,usercopy,compat_get_disp_caps_info,yes,no,no,SOURCE_ONLY,"err |= put_user(u, &(data->lcm_degree));"
mt8183-kernel,platform/kernel/mediatek/mt8183/4.4/drivers/misc/mediatek/video/mt8183/videox/compat_mtk_disp_mgr.c,56,usercopy,compat_get_disp_caps_info,yes,no,no,SOURCE_ONLY,"err |= get_user(u, &(data32->rsz_in_res_list[j][i]));"
mt8183-kernel,platform/kernel/mediatek/mt8183/4.4/drivers/misc/mediatek/video/mt8183/videox/compat_mtk_disp_mgr.c,57,usercopy,compat_get_disp_caps_info,yes,no,no,SOURCE_ONLY,"err |= put_user(u, &(data->rsz_in_res_list[j][i]));"
mt8183-kernel,platform/kernel/mediatek/mt8183/4.4/drivers/misc/mediatek/video/mt8183/videox/compat_mtk_disp_mgr.c,61,usercopy,compat_get_disp_caps_info,yes,no,no,SOURCE_ONLY,"err |= get_user(u, &(data32->rsz_list_length));"
mt8183-kernel,platform/kernel/mediatek/mt8183/4.4/drivers/misc/mediatek/video/mt8183/videox/compat_mtk_disp_mgr.c,62,usercopy,compat_get_disp_caps_info,yes,no,no,SOURCE_ONLY,"err |= put_user(u, &(data->rsz_list_length));"
mt8183-kernel,platform/kernel/mediatek/mt8183/4.4/drivers/misc/mediatek/video/mt8183/videox/compat_mtk_disp_mgr.c,65,usercopy,compat_get_disp_caps_info,yes,no,no,SOURCE_ONLY,"err |= get_user(u, &(data32->rsz_in_max[j]));"
mt8183-kernel,platform/kernel/mediatek/mt8183/4.4/drivers/misc/mediatek/video/mt8183/videox/compat_mtk_disp_mgr.c,66,usercopy,compat_get_disp_caps_info,yes,no,no,SOURCE_ONLY,"err |= put_user(u, &(data->rsz_in_max[j]));"
mt8183-kernel,platform/kernel/mediatek/mt8183/4.4/drivers/misc/mediatek/video/mt8183/videox/compat_mtk_disp_mgr.c,69,usercopy,compat_get_disp_caps_info,yes,no,no,SOURCE_ONLY,"err |= get_user(u, &(data32->is_support_three_session));"
mt8183-kernel,platform/kernel/mediatek/mt8183/4.4/drivers/misc/mediatek/video/mt8183/videox/compat_mtk_disp_mgr.c,70,usercopy,compat_get_disp_caps_info,yes,no,no,SOURCE_ONLY,"err |= put_user(u, &(data->is_support_three_session));"
mt8183-kernel,platform/kernel/mediatek/mt8183/4.4/drivers/misc/mediatek/video/mt8183/videox/compat_mtk_disp_mgr.c,82,usercopy,compat_put_disp_caps_info,yes,no,no,SOURCE_ONLY,"err = get_user(u, &(data->output_mode));"
mt8183-kernel,platform/kernel/mediatek/mt8183/4.4/drivers/misc/mediatek/video/mt8183/videox/compat_mtk_disp_mgr.c,83,usercopy,compat_put_disp_caps_info,yes,no,no,SOURCE_ONLY,"err |= put_user(u, &(data32->output_mode));"
mt8183-kernel,platform/kernel/mediatek/mt8183/4.4/drivers/misc/mediatek/video/mt8183/videox/compat_mtk_disp_mgr.c,85,usercopy,compat_put_disp_caps_info,yes,no,no,SOURCE_ONLY,"err |= get_user(u, &(data->output_pass));"
mt8183-kernel,platform/kernel/mediatek/mt8183/4.4/drivers/misc/mediatek/video/mt8183/videox/compat_mtk_disp_mgr.c,86,usercopy,compat_put_disp_caps_info,yes,no,no,SOURCE_ONLY,"err |= put_user(u, &(data32->output_pass));"
mt8183-kernel,platform/kernel/mediatek/mt8183/4.4/drivers/misc/mediatek/video/mt8183/videox/compat_mtk_disp_mgr.c,88,usercopy,compat_put_disp_caps_info,yes,no,no,SOURCE_ONLY,"err |= get_user(u, &(data->max_layer_num));"
mt8183-kernel,platform/kernel/mediatek/mt8183/4.4/drivers/misc/mediatek/video/mt8183/videox/compat_mtk_disp_mgr.c,89,usercopy,compat_put_disp_caps_info,yes,no,no,SOURCE_ONLY,"err |= put_user(u, &(data32->max_layer_num));"
mt8183-kernel,platform/kernel/mediatek/mt8183/4.4/drivers/misc/mediatek/video/mt8183/videox/compat_mtk_disp_mgr.c,91,usercopy,compat_put_disp_caps_info,yes,no,no,SOURCE_ONLY,"err |= get_user(u, &(data->disp_feature));"
mt8183-kernel,platform/kernel/mediatek/mt8183/4.4/drivers/misc/mediatek/video/mt8183/videox/compat_mtk_disp_mgr.c,92,usercopy,compat_put_disp_caps_info,yes,no,no,SOURCE_ONLY,"err |= put_user(u, &(data32->disp_feature));"
mt8183-kernel,platform/kernel/mediatek/mt8183/4.4/drivers/misc/mediatek/video/mt8183/videox/compat_mtk_disp_mgr.c,94,usercopy,compat_put_disp_caps_info,yes,no,no,SOURCE_ONLY,"err |= get_user(u, &(data->is_support_frame_cfg_ioctl));"
mt8183-kernel,platform/kernel/mediatek/mt8183/4.4/drivers/misc/mediatek/video/mt8183/videox/compat_mtk_disp_mgr.c,95,usercopy,compat_put_disp_caps_info,yes,no,no,SOURCE_ONLY,"err |= put_user(u, &(data32->is_support_frame_cfg_ioctl));"
mt8183-kernel,platform/kernel/mediatek/mt8183/4.4/drivers/misc/mediatek/video/mt8183/videox/compat_mtk_disp_mgr.c,97,usercopy,compat_put_disp_caps_info,yes,no,no,SOURCE_ONLY,"err |= get_user(u, &(data->is_output_rotated));"
mt8183-kernel,platform/kernel/mediatek/mt8183/4.4/drivers/misc/mediatek/video/mt8183/videox/compat_mtk_disp_mgr.c,98,usercopy,compat_put_disp_caps_info,yes,no,no,SOURCE_ONLY,"err |= put_user(u, &(data32->is_output_rotated));"
mt8183-kernel,platform/kernel/mediatek/mt8183/4.4/drivers/misc/mediatek/video/mt8183/videox/compat_mtk_disp_mgr.c,100,usercopy,compat_put_disp_caps_info,yes,no,no,SOURCE_ONLY,"err |= get_user(u, &(data->lcm_degree));"
mt8183-kernel,platform/kernel/mediatek/mt8183/4.4/drivers/misc/mediatek/video/mt8183/videox/compat_mtk_disp_mgr.c,101,usercopy,compat_put_disp_caps_info,yes,no,no,SOURCE_ONLY,"err |= put_user(u, &(data32->lcm_degree));"
mt8183-kernel,platform/kernel/mediatek/mt8183/4.4/drivers/misc/mediatek/video/mt8183/videox/compat_mtk_disp_mgr.c,105,usercopy,compat_put_disp_caps_info,yes,no,no,SOURCE_ONLY,"err |= get_user(u, &(data->rsz_in_res_list[j][i]));"
mt8183-kernel,platform/kernel/mediatek/mt8183/4.4/drivers/misc/mediatek/video/mt8183/videox/compat_mtk_disp_mgr.c,106,usercopy,compat_put_disp_caps_info,yes,no,no,SOURCE_ONLY,"err |= put_user(u, &(data32->rsz_in_res_list[j][i]));"
mt8183-kernel,platform/kernel/mediatek/mt8183/4.4/drivers/misc/mediatek/video/mt8183/videox/compat_mtk_disp_mgr.c,110,usercopy,compat_put_disp_caps_info,yes,no,no,SOURCE_ONLY,"err |= get_user(u, &(data->rsz_list_length));"
mt8183-kernel,platform/kernel/mediatek/mt8183/4.4/drivers/misc/mediatek/video/mt8183/videox/compat_mtk_disp_mgr.c,111,usercopy,compat_put_disp_caps_info,yes,no,no,SOURCE_ONLY,"err |= put_user(u, &(data32->rsz_list_length));"
mt8183-kernel,platform/kernel/mediatek/mt8183/4.4/drivers/misc/mediatek/video/mt8183/videox/compat_mtk_disp_mgr.c,114,usercopy,compat_put_disp_caps_info,yes,no,no,SOURCE_ONLY,"err |= get_user(u, &(data->rsz_in_max[j]));"
mt8183-kernel,platform/kernel/mediatek/mt8183/4.4/drivers/misc/mediatek/video/mt8183/videox/compat_mtk_disp_mgr.c,115,usercopy,compat_put_disp_caps_info,yes,no,no,SOURCE_ONLY,"err |= put_user(u, &(data32->rsz_in_max[j]));"
mt8183-kernel,platform/kernel/mediatek/mt8183/4.4/drivers/misc/mediatek/video/mt8183/videox/compat_mtk_disp_mgr.c,118,usercopy,compat_put_disp_caps_info,yes,no,no,SOURCE_ONLY,"err |= get_user(u, &(data->is_support_three_session));"
mt8183-kernel,platform/kernel/mediatek/mt8183/4.4/drivers/misc/mediatek/video/mt8183/videox/compat_mtk_disp_mgr.c,119,usercopy,compat_put_disp_caps_info,yes,no,no,SOURCE_ONLY,"err |= put_user(u, &(data32->is_support_three_session));"
mt8183-kernel,platform/kernel/mediatek/mt8183/4.4/drivers/misc/mediatek/video/mt8183/videox/compat_mtk_disp_mgr.c,132,usercopy,,yes,no,no,SOURCE_ONLY,"err = get_user(u, &(data32->session_id));"
mt8183-kernel,platform/kernel/mediatek/mt8183/4.4/drivers/misc/mediatek/video/mt8183/videox/compat_mtk_disp_mgr.c,133,usercopy,,yes,no,no,SOURCE_ONLY,"err |= put_user(u, &(data->session_id));"
mt8183-kernel,platform/kernel/mediatek/mt8183/4.4/drivers/misc/mediatek/video/mt8183/videox/compat_mtk_disp_mgr.c,135,usercopy,,yes,no,no,SOURCE_ONLY,"err |= get_user(u, &(data32->max_layer_num));"
mt8183-kernel,platform/kernel/mediatek/mt8183/4.4/drivers/misc/mediatek/video/mt8183/videox/compat_mtk_disp_mgr.c,136,usercopy,,yes,no,no,SOURCE_ONLY,"err |= put_user(u, &(data->max_layer_num));"
mt8183-kernel,platform/kernel/mediatek/mt8183/4.4/drivers/misc/mediatek/video/mt8183/videox/compat_mtk_disp_mgr.c,147,usercopy,,yes,no,no,SOURCE_ONLY,"err = get_user(u, &(data->session_id));"
mt8183-kernel,platform/kernel/mediatek/mt8183/4.4/drivers/misc/mediatek/video/mt8183/videox/compat_mtk_disp_mgr.c,148,usercopy,,yes,no,no,SOURCE_ONLY,"err |= put_user(u, &(data32->session_id));"
mt8183-kernel,platform/kernel/mediatek/mt8183/4.4/drivers/misc/mediatek/video/mt8183/videox/compat_mtk_disp_mgr.c,150,usercopy,,yes,no,no,SOURCE_ONLY,"err |= get_user(u, &(data->max_layer_num));"
mt8183-kernel,platform/kernel/mediatek/mt8183/4.4/drivers/misc/mediatek/video/mt8183/videox/compat_mtk_disp_mgr.c,151,usercopy,,yes,no,no,SOURCE_ONLY,"err |= put_user(u, &(data32->max_layer_num));"
mt8183-kernel,platform/kernel/mediatek/mt8183/4.4/drivers/misc/mediatek/video/mt8183/videox/compat_mtk_disp_mgr.c,164,usercopy,,yes,no,no,SOURCE_ONLY,"err |= get_user(p, (unsigned long *)&(data32->va));"
mt8183-kernel,platform/kernel/mediatek/mt8183/4.4/drivers/misc/mediatek/video/mt8183/videox/compat_mtk_disp_mgr.c,165,usercopy,,yes,no,no,SOURCE_ONLY,"err |= put_user(p, (unsigned long *)&(data->va));"
mt8183-kernel,platform/kernel/mediatek/mt8183/4.4/drivers/misc/mediatek/video/mt8183/videox/compat_mtk_disp_mgr.c,167,usercopy,,yes,no,no,SOURCE_ONLY,"err |= get_user(p, (unsigned long *)&(data32->pa));"
mt8183-kernel,platform/kernel/mediatek/mt8183/4.4/drivers/misc/mediatek/video/mt8183/videox/compat_mtk_disp_mgr.c,168,usercopy,,yes,no,no,SOURCE_ONLY,"err |= put_user(p, (unsigned long *)&(data->pa));"
mt8183-kernel,platform/kernel/mediatek/mt8183/4.4/drivers/misc/mediatek/video/mt8183/videox/compat_mtk_disp_mgr.c,170,usercopy,,yes,no,no,SOURCE_ONLY,"err |= get_user(u, &(data32->fmt));"
mt8183-kernel,platform/kernel/mediatek/mt8183/4.4/drivers/misc/mediatek/video/mt8183/videox/compat_mtk_disp_mgr.c,171,usercopy,,yes,no,no,SOURCE_ONLY,"err |= put_user(u, &(data->fmt));"
mt8183-kernel,platform/kernel/mediatek/mt8183/4.4/drivers/misc/mediatek/video/mt8183/videox/compat_mtk_disp_mgr.c,173,usercopy,,yes,no,no,SOURCE_ONLY,"err |= get_user(u, &(data32->x));"
mt8183-kernel,platform/kernel/mediatek/mt8183/4.4/drivers/misc/mediatek/video/mt8183/videox/compat_mtk_disp_mgr.c,174,usercopy,,yes,no,no,SOURCE_ONLY,"err |= put_user(u, &(data->x));"
mt8183-kernel,platform/kernel/mediatek/mt8183/4.4/drivers/misc/mediatek/video/mt8183/videox/compat_mtk_disp_mgr.c,176,usercopy,,yes,no,no,SOURCE_ONLY,"err |= get_user(u, &(data32->y));"
mt8183-kernel,platform/kernel/mediatek/mt8183/4.4/drivers/misc/mediatek/video/mt8183/videox/compat_mtk_disp_mgr.c,177,usercopy,,yes,no,no,SOURCE_ONLY,"err |= put_user(u, &(data->y));"
mt8183-kernel,platform/kernel/mediatek/mt8183/4.4/drivers/misc/mediatek/video/mt8183/videox/compat_mtk_disp_mgr.c,179,usercopy,,yes,no,no,SOURCE_ONLY,"err |= get_user(u, &(data32->width));"
mt8183-kernel,platform/kernel/mediatek/mt8183/4.4/drivers/misc/mediatek/video/mt8183/videox/compat_mtk_disp_mgr.c,180,usercopy,,yes,no,no,SOURCE_ONLY,"err |= put_user(u, &(data->width));"
mt8183-kernel,platform/kernel/mediatek/mt8183/4.4/drivers/misc/mediatek/video/mt8183/videox/compat_mtk_disp_mgr.c,182,usercopy,,yes,no,no,SOURCE_ONLY,"err |= get_user(u, &(data32->height));"
mt8183-kernel,platform/kernel/mediatek/mt8183/4.4/drivers/misc/mediatek/video/mt8183/videox/compat_mtk_disp_mgr.c,183,usercopy,,yes,no,no,SOURCE_ONLY,"err |= put_user(u, &(data->height));"
mt8183-kernel,platform/kernel/mediatek/mt8183/4.4/drivers/misc/mediatek/video/mt8183/videox/compat_mtk_disp_mgr.c,185,usercopy,,yes,no,no,SOURCE_ONLY,"err |= get_user(u, &(data32->pitch));"
mt8183-kernel,platform/kernel/mediatek/mt8183/4.4/drivers/misc/mediatek/video/mt8183/videox/compat_mtk_disp_mgr.c,186,usercopy,,yes,no,no,SOURCE_ONLY,"err |= put_user(u, &(data->pitch));"
mt8183-kernel,platform/kernel/mediatek/mt8183/4.4/drivers/misc/mediatek/video/mt8183/videox/compat_mtk_disp_mgr.c,188,usercopy,,yes,no,no,SOURCE_ONLY,"err |= get_user(u, &(data32->pitchUV));"
mt8183-kernel,platform/kernel/mediatek/mt8183/4.4/drivers/misc/mediatek/video/mt8183/videox/compat_mtk_disp_mgr.c,189,usercopy,,yes,no,no,SOURCE_ONLY,"err |= put_user(u, &(data->pitchUV));"
mt8183-kernel,platform/kernel/mediatek/mt8183/4.4/drivers/misc/mediatek/video/mt8183/videox/compat_mtk_disp_mgr.c,191,usercopy,,yes,no,no,SOURCE_ONLY,"err |= get_user(u, &(data32->security));"
mt8183-kernel,platform/kernel/mediatek/mt8183/4.4/drivers/misc/mediatek/video/mt8183/videox/compat_mtk_disp_mgr.c,192,usercopy,,yes,no,no,SOURCE_ONLY,"err |= put_user(u, &(data->security));"
mt8183-kernel,platform/kernel/mediatek/mt8183/4.4/drivers/misc/mediatek/video/mt8183/videox/compat_mtk_disp_mgr.c,194,usercopy,,yes,no,no,SOURCE_ONLY,"err |= get_user(u, &(data32->buff_idx));"
mt8183-kernel,platform/kernel/mediatek/mt8183/4.4/drivers/misc/mediatek/video/mt8183/videox/compat_mtk_disp_mgr.c,195,usercopy,,yes,no,no,SOURCE_ONLY,"err |= put_user(u, &(data->buff_idx));"
mt8183-kernel,platform/kernel/mediatek/mt8183/4.4/drivers/misc/mediatek/video/mt8183/videox/compat_mtk_disp_mgr.c,197,usercopy,,yes,no,no,SOURCE_ONLY,"err |= get_user(u, &(data32->interface_idx));"
mt8183-kernel,platform/kernel/mediatek/mt8183/4.4/drivers/misc/mediatek/video/mt8183/videox/compat_mtk_disp_mgr.c,198,usercopy,,yes,no,no,SOURCE_ONLY,"err |= put_user(u, &(data->interface_idx));"
mt8183-kernel,platform/kernel/mediatek/mt8183/4.4/drivers/misc/mediatek/video/mt8183/videox/compat_mtk_disp_mgr.c,200,usercopy,,yes,no,no,SOURCE_ONLY,"err |= get_user(u, &(data32->src_fence_fd));"
mt8183-kernel,platform/kernel/mediatek/mt8183/4.4/drivers/misc/mediatek/video/mt8183/videox/compat_mtk_disp_mgr.c,201,usercopy,,yes,no,no,SOURCE_ONLY,"err |= put_user(u, &(data->src_fence_fd));"
mt8183-kernel,platform/kernel/mediatek/mt8183/4.4/drivers/misc/mediatek/video/mt8183/videox/compat_mtk_disp_mgr.c,203,usercopy,,yes,no,no,SOURCE_ONLY,"err |= get_user(p, (unsigned long *)&(data32->src_fence_struct));"
mt8183-kernel,platform/kernel/mediatek/mt8183/4.4/drivers/misc/mediatek/video/mt8183/videox/compat_mtk_disp_mgr.c,204,usercopy,,yes,no,no,SOURCE_ONLY,"err |= put_user(p, (unsigned long *)&(data->src_fence_struct));"
mt8183-kernel,platform/kernel/mediatek/mt8183/4.4/drivers/misc/mediatek/video/mt8183/videox/compat_mtk_disp_mgr.c,206,usercopy,,yes,no,no,SOURCE_ONLY,"err |= get_user(u, &(data32->frm_sequence));"
mt8183-kernel,platform/kernel/mediatek/mt8183/4.4/drivers/misc/mediatek/video/mt8183/videox/compat_mtk_disp_mgr.c,207,usercopy,,yes,no,no,SOURCE_ONLY,"err |= put_user(u, &(data->frm_sequence));"
mt8183-kernel,platform/kernel/mediatek/mt8183/4.4/drivers/misc/mediatek/video/mt8183/videox/compat_mtk_disp_mgr.c,220,usercopy,,yes,no,no,SOURCE_ONLY,"err |= get_user(p, (unsigned long *)&(data->va));"
mt8183-kernel,platform/kernel/mediatek/mt8183/4.4/drivers/misc/mediatek/video/mt8183/videox/compat_mtk_disp_mgr.c,221,usercopy,,yes,no,no,SOURCE_ONLY,"err |= put_user(p, (unsigned long *)&(data32->va));"
mt8183-kernel,platform/kernel/mediatek/mt8183/4.4/drivers/misc/mediatek/video/mt8183/videox/compat_mtk_disp_mgr.c,223,usercopy,,yes,no,no,SOURCE_ONLY,"err |= get_user(p, (unsigned long *)&(data->pa));"
mt8183-kernel,platform/kernel/mediatek/mt8183/4.4/drivers/misc/mediatek/video/mt8183/videox/compat_mtk_disp_mgr.c,224,usercopy,,yes,no,no,SOURCE_ONLY,"err |= put_user(p, (unsigned long *)&(data32->pa));"
mt8183-kernel,platform/kernel/mediatek/mt8183/4.4/drivers/misc/mediatek/video/mt8183/videox/compat_mtk_disp_mgr.c,226,usercopy,,yes,no,no,SOURCE_ONLY,"err |= get_user(u, &(data->fmt));"
mt8183-kernel,platform/kernel/mediatek/mt8183/4.4/drivers/misc/mediatek/video/mt8183/videox/compat_mtk_disp_mgr.c,227,usercopy,,yes,no,no,SOURCE_ONLY,"err |= put_user(u, &(data32->fmt));"
mt8183-kernel,platform/kernel/mediatek/mt8183/4.4/drivers/misc/mediatek/video/mt8183/videox/compat_mtk_disp_mgr.c,229,usercopy,,yes,no,no,SOURCE_ONLY,"err |= get_user(u, &(data->x));"
mt8183-kernel,platform/kernel/mediatek/mt8183/4.4/drivers/misc/mediatek/video/mt8183/videox/compat_mtk_disp_mgr.c,230,usercopy,,yes,no,no,SOURCE_ONLY,"err |= put_user(u, &(data32->x));"
mt8183-kernel,platform/kernel/mediatek/mt8183/4.4/drivers/misc/mediatek/video/mt8183/videox/compat_mtk_disp_mgr.c,232,usercopy,,yes,no,no,SOURCE_ONLY,"err |= get_user(u, &(data->y));"
mt8183-kernel,platform/kernel/mediatek/mt8183/4.4/drivers/misc/mediatek/video/mt8183/videox/compat_mtk_disp_mgr.c,233,usercopy,,yes,no,no,SOURCE_ONLY,"err |= put_user(u, &(data32->y));"
mt8183-kernel,platform/kernel/mediatek/mt8183/4.4/drivers/misc/mediatek/video/mt8183/videox/compat_mtk_disp_mgr.c,235,usercopy,,yes,no,no,SOURCE_ONLY,"err |= get_user(u, &(data->width));"
mt8183-kernel,platform/kernel/mediatek/mt8183/4.4/drivers/misc/mediatek/video/mt8183/videox/compat_mtk_disp_mgr.c,236,usercopy,,yes,no,no,SOURCE_ONLY,"err |= put_user(u, &(data32->width));"
mt8183-kernel,platform/kernel/mediatek/mt8183/4.4/drivers/misc/mediatek/video/mt8183/videox/compat_mtk_disp_mgr.c,238,usercopy,,yes,no,no,SOURCE_ONLY,"err |= get_user(u, &(data->height));"
mt8183-kernel,platform/kernel/mediatek/mt8183/4.4/drivers/misc/mediatek/video/mt8183/videox/compat_mtk_disp_mgr.c,239,usercopy,,yes,no,no,SOURCE_ONLY,"err |= put_user(u, &(data32->height));"
mt8183-kernel,platform/kernel/mediatek/mt8183/4.4/drivers/misc/mediatek/video/mt8183/videox/compat_mtk_disp_mgr.c,241,usercopy,,yes,no,no,SOURCE_ONLY,"err |= get_user(u, &(data->pitch));"
mt8183-kernel,platform/kernel/mediatek/mt8183/4.4/drivers/misc/mediatek/video/mt8183/videox/compat_mtk_disp_mgr.c,242,usercopy,,yes,no,no,SOURCE_ONLY,"err |= put_user(u, &(data32->pitch));"
mt8183-kernel,platform/kernel/mediatek/mt8183/4.4/drivers/misc/mediatek/video/mt8183/videox/compat_mtk_disp_mgr.c,244,usercopy,,yes,no,no,SOURCE_ONLY,"err |= get_user(u, &(data->pitchUV));"
mt8183-kernel,platform/kernel/mediatek/mt8183/4.4/drivers/misc/mediatek/video/mt8183/videox/compat_mtk_disp_mgr.c,245,usercopy,,yes,no,no,SOURCE_ONLY,"err |= put_user(u, &(data32->pitchUV));"
mt8183-kernel,platform/kernel/mediatek/mt8183/4.4/drivers/misc/mediatek/video/mt8183/videox/compat_mtk_disp_mgr.c,247,usercopy,,yes,no,no,SOURCE_ONLY,"err |= get_user(u, &(data->security));"
mt8183-kernel,platform/kernel/mediatek/mt8183/4.4/drivers/misc/mediatek/video/mt8183/videox/compat_mtk_disp_mgr.c,248,usercopy,,yes,no,no,SOURCE_ONLY,"err |= put_user(u, &(data32->security));"
mt8183-kernel,platform/kernel/mediatek/mt8183/4.4/drivers/misc/mediatek/video/mt8183/videox/compat_mtk_disp_mgr.c,250,usercopy,,yes,no,no,SOURCE_ONLY,"err |= get_user(u, &(data->buff_idx));"
mt8183-kernel,platform/kernel/mediatek/mt8183/4.4/drivers/misc/mediatek/video/mt8183/videox/compat_mtk_disp_mgr.c,251,usercopy,,yes,no,no,SOURCE_ONLY,"err |= put_user(u, &(data32->buff_idx));"
mt8183-kernel,platform/kernel/mediatek/mt8183/4.4/drivers/misc/mediatek/video/mt8183/videox/compat_mtk_disp_mgr.c,253,usercopy,,yes,no,no,SOURCE_ONLY,"err |= get_user(u, &(data->interface_idx));"
mt8183-kernel,platform/kernel/mediatek/mt8183/4.4/drivers/misc/mediatek/video/mt8183/videox/compat_mtk_disp_mgr.c,254,usercopy,,yes,no,no,SOURCE_ONLY,"err |= put_user(u, &(data32->interface_idx));"
mt8183-kernel,platform/kernel/mediatek/mt8183/4.4/drivers/misc/mediatek/video/mt8183/videox/compat_mtk_disp_mgr.c,256,usercopy,,yes,no,no,SOURCE_ONLY,"err |= get_user(u, &(data->frm_sequence));"
mt8183-kernel,platform/kernel/mediatek/mt8183/4.4/drivers/misc/mediatek/video/mt8183/videox/compat_mtk_disp_mgr.c,257,usercopy,,yes,no,no,SOURCE_ONLY,"err |= put_user(u, &(data32->frm_sequence));"
mt8183-kernel,platform/kernel/mediatek/mt8183/4.4/drivers/misc/mediatek/video/mt8183/videox/compat_mtk_disp_mgr.c,269,usercopy,,yes,no,no,SOURCE_ONLY,"err = get_user(u, &(data32->session_id));"
mt8183-kernel,platform/kernel/mediatek/mt8183/4.4/drivers/misc/mediatek/video/mt8183/videox/compat_mtk_disp_mgr.c,270,usercopy,,yes,no,no,SOURCE_ONLY,"err |= put_user(u, &(data->session_id));"
mt8183-kernel,platform/kernel/mediatek/mt8183/4.4/drivers/misc/mediatek/video/mt8183/videox/compat_mtk_disp_mgr.c,284,usercopy,,yes,no,no,SOURCE_ONLY,"err = get_user(u, &(data->session_id));"
mt8183-kernel,platform/kernel/mediatek/mt8183/4.4/drivers/misc/mediatek/video/mt8183/videox/compat_mtk_disp_mgr.c,285,usercopy,,yes,no,no,SOURCE_ONLY,"err |= put_user(u, &(data32->session_id));"
mt8183-kernel,platform/kernel/mediatek/mt8183/4.4/drivers/misc/mediatek/video/mt8183/videox/compat_mtk_disp_mgr.c,300,usercopy,,yes,no,no,SOURCE_ONLY,"err |= get_user(u, &(data32->is_dirty));"
mt8183-kernel,platform/kernel/mediatek/mt8183/4.4/drivers/misc/mediatek/video/mt8183/videox/compat_mtk_disp_mgr.c,301,usercopy,,yes,no,no,SOURCE_ONLY,"err |= put_user(u, &(data->is_dirty));"
mt8183-kernel,platform/kernel/mediatek/mt8183/4.4/drivers/misc/mediatek/video/mt8183/videox/compat_mtk_disp_mgr.c,303,usercopy,,yes,no,no,SOURCE_ONLY,"err |= get_user(u, &(data32->mode));"
mt8183-kernel,platform/kernel/mediatek/mt8183/4.4/drivers/misc/mediatek/video/mt8183/videox/compat_mtk_disp_mgr.c,304,usercopy,,yes,no,no,SOURCE_ONLY,"err |= put_user(u, &(data->mode));"
mt8183-kernel,platform/kernel/mediatek/mt8183/4.4/drivers/misc/mediatek/video/mt8183/videox/compat_mtk_disp_mgr.c,307,usercopy,,yes,no,no,SOURCE_ONLY,"err |= get_user(u, &(data32->color_matrix[j]));"
mt8183-kernel,platform/kernel/mediatek/mt8183/4.4/drivers/misc/mediatek/video/mt8183/videox/compat_mtk_disp_mgr.c,308,usercopy,,yes,no,no,SOURCE_ONLY,"err |= put_user(u, &(data->color_matrix[j]));"
mt8183-kernel,platform/kernel/mediatek/mt8183/4.4/drivers/misc/mediatek/video/mt8183/videox/compat_mtk_disp_mgr.c,323,usercopy,,yes,no,no,SOURCE_ONLY,"err |= get_user(p, (unsigned long *)&(data32->src_base_addr));"
mt8183-kernel,platform/kernel/mediatek/mt8183/4.4/drivers/misc/mediatek/video/mt8183/videox/compat_mtk_disp_mgr.c,324,usercopy,,yes,no,no,SOURCE_ONLY,"err |= put_user(p, (unsigned long *)&(data->src_base_addr));"
mt8183-kernel,platform/kernel/mediatek/mt8183/4.4/drivers/misc/mediatek/video/mt8183/videox/compat_mtk_disp_mgr.c,326,usercopy,,yes,no,no,SOURCE_ONLY,"err |= get_user(p, (unsigned long *)&(data32->src_phy_addr));"
mt8183-kernel,platform/kernel/mediatek/mt8183/4.4/drivers/misc/mediatek/video/mt8183/videox/compat_mtk_disp_mgr.c,327,usercopy,,yes,no,no,SOURCE_ONLY,"err |= put_user(p, (unsigned long *)&(data->src_phy_addr));"
mt8183-kernel,platform/kernel/mediatek/mt8183/4.4/drivers/misc/mediatek/video/mt8183/videox/compat_mtk_disp_mgr.c,329,usercopy,,yes,no,no,SOURCE_ONLY,"err |= get_user(u, &(data32->buffer_source));"
mt8183-kernel,platform/kernel/mediatek/mt8183/4.4/drivers/misc/mediatek/video/mt8183/videox/compat_mtk_disp_mgr.c,330,usercopy,,yes,no,no,SOURCE_ONLY,"err |= put_user(u, &(data->buffer_source));"
mt8183-kernel,platform/kernel/mediatek/mt8183/4.4/drivers/misc/mediatek/video/mt8183/videox/compat_mtk_disp_mgr.c,332,usercopy,,yes,no,no,SOURCE_ONLY,"err |= get_user(u, &(data32->security));"
mt8183-kernel,platform/kernel/mediatek/mt8183/4.4/drivers/misc/mediatek/video/mt8183/videox/compat_mtk_disp_mgr.c,333,usercopy,,yes,no,no,SOURCE_ONLY,"err |= put_user(u, &(data->security));"
mt8183-kernel,platform/kernel/mediatek/mt8183/4.4/drivers/misc/mediatek/video/mt8183/videox/compat_mtk_disp_mgr.c,335,usercopy,,yes,no,no,SOURCE_ONLY,"err |= get_user(u, &(data32->src_fmt));"
mt8183-kernel,platform/kernel/mediatek/mt8183/4.4/drivers/misc/mediatek/video/mt8183/videox/compat_mtk_disp_mgr.c,336,usercopy,,yes,no,no,SOURCE_ONLY,"err |= put_user(u, &(data->src_fmt));"
mt8183-kernel,platform/kernel/mediatek/mt8183/4.4/drivers/misc/mediatek/video/mt8183/videox/compat_mtk_disp_mgr.c,338,usercopy,,yes,no,no,SOURCE_ONLY,"err |= get_user(u, &(data32->src_alpha));"
mt8183-kernel,platform/kernel/mediatek/mt8183/4.4/drivers/misc/mediatek/video/mt8183/videox/compat_mtk_disp_mgr.c,339,usercopy,,yes,no,no,SOURCE_ONLY,"err |= put_user(u, &(data->src_alpha));"
mt8183-kernel,platform/kernel/mediatek/mt8183/4.4/drivers/misc/mediatek/video/mt8183/videox/compat_mtk_disp_mgr.c,341,usercopy,,yes,no,no,SOURCE_ONLY,"err |= get_user(u, &(data32->dst_alpha));"
mt8183-kernel,platform/kernel/mediatek/mt8183/4.4/drivers/misc/mediatek/video/mt8183/videox/compat_mtk_disp_mgr.c,342,usercopy,,yes,no,no,SOURCE_ONLY,"err |= put_user(u, &(data->dst_alpha));"
mt8183-kernel,platform/kernel/mediatek/mt8183/4.4/drivers/misc/mediatek/video/mt8183/videox/compat_mtk_disp_mgr.c,344,usercopy,,yes,no,no,SOURCE_ONLY,"err |= get_user(u, &(data32->yuv_range));"
mt8183-kernel,platform/kernel/mediatek/mt8183/4.4/drivers/misc/mediatek/video/mt8183/videox/compat_mtk_disp_mgr.c,345,usercopy,,yes,no,no,SOURCE_ONLY,"err |= put_user(u, &(data->yuv_range));"
mt8183-kernel,platform/kernel/mediatek/mt8183/4.4/drivers/misc/mediatek/video/mt8183/videox/compat_mtk_disp_mgr.c,347,usercopy,,yes,no,no,SOURCE_ONLY,"err |= get_user(u, &(data32->layer_rotation));"
mt8183-kernel,platform/kernel/mediatek/mt8183/4.4/drivers/misc/mediatek/video/mt8183/videox/compat_mtk_disp_mgr.c,348,usercopy,,yes,no,no,SOURCE_ONLY,"err |= put_user(u, &(data->layer_rotation));"
mt8183-kernel,platform/kernel/mediatek/mt8183/4.4/drivers/misc/mediatek/video/mt8183/videox/compat_mtk_disp_mgr.c,350,usercopy,,yes,no,no,SOURCE_ONLY,"err |= get_user(u, &(data32->layer_type));"
mt8183-kernel,platform/kernel/mediatek/mt8183/4.4/drivers/misc/mediatek/video/mt8183/videox/compat_mtk_disp_mgr.c,351,usercopy,,yes,no,no,SOURCE_ONLY,"err |= put_user(u, &(data->layer_type));"
mt8183-kernel,platform/kernel/mediatek/mt8183/4.4/drivers/misc/mediatek/video/mt8183/videox/compat_mtk_disp_mgr.c,353,usercopy,,yes,no,no,SOURCE_ONLY,"err |= get_user(u, &(data32->video_rotation));"
mt8183-kernel,platform/kernel/mediatek/mt8183/4.4/drivers/misc/mediatek/video/mt8183/videox/compat_mtk_disp_mgr.c,354,usercopy,,yes,no,no,SOURCE_ONLY,"err |= put_user(u, &(data->video_rotation));"
mt8183-kernel,platform/kernel/mediatek/mt8183/4.4/drivers/misc/mediatek/video/mt8183/videox/compat_mtk_disp_mgr.c,356,usercopy,,yes,no,no,SOURCE_ONLY,"err |= get_user(u, &(data32->next_buff_idx));"
mt8183-kernel,platform/kernel/mediatek/mt8183/4.4/drivers/misc/mediatek/video/mt8183/videox/compat_mtk_disp_mgr.c,357,usercopy,,yes,no,no,SOURCE_ONLY,"err |= put_user(u, &(data->next_buff_idx));"
mt8183-kernel,platform/kernel/mediatek/mt8183/4.4/drivers/misc/mediatek/video/mt8183/videox/compat_mtk_disp_mgr.c,359,usercopy,,yes,no,no,SOURCE_ONLY,"err |= get_user(u, &(data32->src_fence_fd));"
mt8183-kernel,platform/kernel/mediatek/mt8183/4.4/drivers/misc/mediatek/video/mt8183/videox/compat_mtk_disp_mgr.c,360,usercopy,,yes,no,no,SOURCE_ONLY,"err |= put_user(u, &(data->src_fence_fd));"
mt8183-kernel,platform/kernel/mediatek/mt8183/4.4/drivers/misc/mediatek/video/mt8183/videox/compat_mtk_disp_mgr.c,362,usercopy,,yes,no,no,SOURCE_ONLY,"err |= get_user(p, (unsigned long *)&(data32->src_fence_struct));"
mt8183-kernel,platform/kernel/mediatek/mt8183/4.4/drivers/misc/mediatek/video/mt8183/videox/compat_mtk_disp_mgr.c,363,usercopy,,yes,no,no,SOURCE_ONLY,"err |= put_user(p, (unsigned long *)&(data->src_fence_struct));"
mt8183-kernel,platform/kernel/mediatek/mt8183/4.4/drivers/misc/mediatek/video/mt8183/videox/compat_mtk_disp_mgr.c,365,usercopy,,yes,no,no,SOURCE_ONLY,"err |= get_user(u, &(data32->src_color_key));"
mt8183-kernel,platform/kernel/mediatek/mt8183/4.4/drivers/misc/mediatek/video/mt8183/videox/compat_mtk_disp_mgr.c,366,usercopy,,yes,no,no,SOURCE_ONLY,"err |= put_user(u, &(data->src_color_key));"
mt8183-kernel,platform/kernel/mediatek/mt8183/4.4/drivers/misc/mediatek/video/mt8183/videox/compat_mtk_disp_mgr.c,368,usercopy,,yes,no,no,SOURCE_ONLY,"err |= get_user(u, &(data32->frm_sequence));"
mt8183-kernel,platform/kernel/mediatek/mt8183/4.4/drivers/misc/mediatek/video/mt8183/videox/compat_mtk_disp_mgr.c,369,usercopy,,yes,no,no,SOURCE_ONLY,"err |= put_user(u, &(data->frm_sequence));"
mt8183-kernel,platform/kernel/mediatek/mt8183/4.4/drivers/misc/mediatek/video/mt8183/videox/compat_mtk_disp_mgr.c,371,usercopy,,yes,no,no,SOURCE_ONLY,"err |= get_user(u, &(data32->dim_color));"
mt8183-kernel,platform/kernel/mediatek/mt8183/4.4/drivers/misc/mediatek/video/mt8183/videox/compat_mtk_disp_mgr.c,372,usercopy,,yes,no,no,SOURCE_ONLY,"err |= put_user(u, &(data->dim_color));"
mt8183-kernel,platform/kernel/mediatek/mt8183/4.4/drivers/misc/mediatek/video/mt8183/videox/compat_mtk_disp_mgr.c,374,usercopy,,yes,no,no,SOURCE_ONLY,"err |= get_user(p, (unsigned long *)&(data32->dirty_roi_addr));"
mt8183-kernel,platform/kernel/mediatek/mt8183/4.4/drivers/misc/mediatek/video/mt8183/videox/compat_mtk_disp_mgr.c,375,usercopy,,yes,no,no,SOURCE_ONLY,"err |= put_user(p, (unsigned long *)&(data->dirty_roi_addr));"
mt8183-kernel,platform/kernel/mediatek/mt8183/4.4/drivers/misc/mediatek/video/mt8183/videox/compat_mtk_disp_mgr.c,377,usercopy,,yes,no,no,SOURCE_ONLY,"err |= get_user(s, &(data32->dirty_roi_num));"
mt8183-kernel,platform/kernel/mediatek/mt8183/4.4/drivers/misc/mediatek/video/mt8183/videox/compat_mtk_disp_mgr.c,378,usercopy,,yes,no,no,SOURCE_ONLY,"err |= put_user(s, &(data->dirty_roi_num));"
mt8183-kernel,platform/kernel/mediatek/mt8183/4.4/drivers/misc/mediatek/video/mt8183/videox/compat_mtk_disp_mgr.c,380,usercopy,,yes,no,no,SOURCE_ONLY,"err |= get_user(s, &(data32->src_pitch));"
mt8183-kernel,platform/kernel/mediatek/mt8183/4.4/drivers/misc/mediatek/video/mt8183/videox/compat_mtk_disp_mgr.c,381,usercopy,,yes,no,no,SOURCE_ONLY,"err |= put_user(s, &(data->src_pitch));"
mt8183-kernel,platform/kernel/mediatek/mt8183/4.4/drivers/misc/mediatek/video/mt8183/videox/compat_mtk_disp_mgr.c,383,usercopy,,yes,no,no,SOURCE_ONLY,"err |= get_user(s, &(data32->src_offset_x));"
mt8183-kernel,platform/kernel/mediatek/mt8183/4.4/drivers/misc/mediatek/video/mt8183/videox/compat_mtk_disp_mgr.c,384,usercopy,,yes,no,no,SOURCE_ONLY,"err |= put_user(s, &(data->src_offset_x));"
mt8183-kernel,platform/kernel/mediatek/mt8183/4.4/drivers/misc/mediatek/video/mt8183/videox/compat_mtk_disp_mgr.c,386,usercopy,,yes,no,no,SOURCE_ONLY,"err |= get_user(s, &(data32->src_offset_y));"
mt8183-kernel,platform/kernel/mediatek/mt8183/4.4/drivers/misc/mediatek/video/mt8183/videox/compat_mtk_disp_mgr.c,387,usercopy,,yes,no,no,SOURCE_ONLY,"err |= put_user(s, &(data->src_offset_y));"
mt8183-kernel,platform/kernel/mediatek/mt8183/4.4/drivers/misc/mediatek/video/mt8183/videox/compat_mtk_disp_mgr.c,389,usercopy,,yes,no,no,SOURCE_ONLY,"err |= get_user(s, &(data32->src_width));"
mt8183-kernel,platform/kernel/mediatek/mt8183/4.4/drivers/misc/mediatek/video/mt8183/videox/compat_mtk_disp_mgr.c,390,usercopy,,yes,no,no,SOURCE_ONLY,"err |= put_user(s, &(data->src_width));"
mt8183-kernel,platform/kernel/mediatek/mt8183/4.4/drivers/misc/mediatek/video/mt8183/videox/compat_mtk_disp_mgr.c,392,usercopy,,yes,no,no,SOURCE_ONLY,"err |= get_user(s, &(data32->src_height));"
mt8183-kernel,platform/kernel/mediatek/mt8183/4.4/drivers/misc/mediatek/video/mt8183/videox/compat_mtk_disp_mgr.c,393,usercopy,,yes,no,no,SOURCE_ONLY,"err |= put_user(s, &(data->src_height));"
mt8183-kernel,platform/kernel/mediatek/mt8183/4.4/drivers/misc/mediatek/video/mt8183/videox/compat_mtk_disp_mgr.c,395,usercopy,,yes,no,no,SOURCE_ONLY,"err |= get_user(s, &(data32->tgt_offset_x));"
mt8183-kernel,platform/kernel/mediatek/mt8183/4.4/drivers/misc/mediatek/video/mt8183/videox/compat_mtk_disp_mgr.c,396,usercopy,,yes,no,no,SOURCE_ONLY,"err |= put_user(s, &(data->tgt_offset_x));"
mt8183-kernel,platform/kernel/mediatek/mt8183/4.4/drivers/misc/mediatek/video/mt8183/videox/compat_mtk_disp_mgr.c,398,usercopy,,yes,no,no,SOURCE_ONLY,"err |= get_user(s, &(data32->tgt_offset_y));"
mt8183-kernel,platform/kernel/mediatek/mt8183/4.4/drivers/misc/mediatek/video/mt8183/videox/compat_mtk_disp_mgr.c,399,usercopy,,yes,no,no,SOURCE_ONLY,"err |= put_user(s, &(data->tgt_offset_y));"
mt8183-kernel,platform/kernel/mediatek/mt8183/4.4/drivers/misc/mediatek/video/mt8183/videox/compat_mtk_disp_mgr.c,401,usercopy,,yes,no,no,SOURCE_ONLY,"err |= get_user(s, &(data32->tgt_width));"
mt8183-kernel,platform/kernel/mediatek/mt8183/4.4/drivers/misc/mediatek/video/mt8183/videox/compat_mtk_disp_mgr.c,402,usercopy,,yes,no,no,SOURCE_ONLY,"err |= put_user(s, &(data->tgt_width));"
mt8183-kernel,platform/kernel/mediatek/mt8183/4.4/drivers/misc/mediatek/video/mt8183/videox/compat_mtk_disp_mgr.c,404,usercopy,,yes,no,no,SOURCE_ONLY,"err |= get_user(s, &(data32->tgt_height));"
mt8183-kernel,platform/kernel/mediatek/mt8183/4.4/drivers/misc/mediatek/video/mt8183/videox/compat_mtk_disp_mgr.c,405,usercopy,,yes,no,no,SOURCE_ONLY,"err |= put_user(s, &(data->tgt_height));"
mt8183-kernel,platform/kernel/mediatek/mt8183/4.4/drivers/misc/mediatek/video/mt8183/videox/compat_mtk_disp_mgr.c,407,usercopy,,yes,no,no,SOURCE_ONLY,"err |= get_user(c, &(data32->alpha_enable));"
mt8183-kernel,platform/kernel/mediatek/mt8183/4.4/drivers/misc/mediatek/video/mt8183/videox/compat_mtk_disp_mgr.c,408,usercopy,,yes,no,no,SOURCE_ONLY,"err |= put_user(c, &(data->alpha_enable));"
mt8183-kernel,platform/kernel/mediatek/mt8183/4.4/drivers/misc/mediatek/video/mt8183/videox/compat_mtk_disp_mgr.c,410,usercopy,,yes,no,no,SOURCE_ONLY,"err |= get_user(c, &(data32->alpha));"
mt8183-kernel,platform/kernel/mediatek/mt8183/4.4/drivers/misc/mediatek/video/mt8183/videox/compat_mtk_disp_mgr.c,411,usercopy,,yes,no,no,SOURCE_ONLY,"err |= put_user(c, &(data->alpha));"
mt8183-kernel,platform/kernel/mediatek/mt8183/4.4/drivers/misc/mediatek/video/mt8183/videox/compat_mtk_disp_mgr.c,413,usercopy,,yes,no,no,SOURCE_ONLY,"err |= get_user(c, &(data32->sur_aen));"
mt8183-kernel,platform/kernel/mediatek/mt8183/4.4/drivers/misc/mediatek/video/mt8183/videox/compat_mtk_disp_mgr.c,414,usercopy,,yes,no,no,SOURCE_ONLY,"err |= put_user(c, &(data->sur_aen));"
mt8183-kernel,platform/kernel/mediatek/mt8183/4.4/drivers/misc/mediatek/video/mt8183/videox/compat_mtk_disp_mgr.c,416,usercopy,,yes,no,no,SOURCE_ONLY,"err |= get_user(c, &(data32->src_use_color_key));"
mt8183-kernel,platform/kernel/mediatek/mt8183/4.4/drivers/misc/mediatek/video/mt8183/videox/compat_mtk_disp_mgr.c,417,usercopy,,yes,no,no,SOURCE_ONLY,"err |= put_user(c, &(data->src_use_color_key));"
mt8183-kernel,platform/kernel/mediatek/mt8183/4.4/drivers/misc/mediatek/video/mt8183/videox/compat_mtk_disp_mgr.c,419,usercopy,,yes,no,no,SOURCE_ONLY,"err |= get_user(c, &(data32->layer_id));"
mt8183-kernel,platform/kernel/mediatek/mt8183/4.4/drivers/misc/mediatek/video/mt8183/videox/compat_mtk_disp_mgr.c,420,usercopy,,yes,no,no,SOURCE_ONLY,"err |= put_user(c, &(data->layer_id));"
mt8183-kernel,platform/kernel/mediatek/mt8183/4.4/drivers/misc/mediatek/video/mt8183/videox/compat_mtk_disp_mgr.c,422,usercopy,,yes,no,no,SOURCE_ONLY,"err |= get_user(c, &(data32->layer_enable));"
mt8183-kernel,platform/kernel/mediatek/mt8183/4.4/drivers/misc/mediatek/video/mt8183/videox/compat_mtk_disp_mgr.c,423,usercopy,,yes,no,no,SOURCE_ONLY,"err |= put_user(c, &(data->layer_enable));"
mt8183-kernel,platform/kernel/mediatek/mt8183/4.4/drivers/misc/mediatek/video/mt8183/videox/compat_mtk_disp_mgr.c,425,usercopy,,yes,no,no,SOURCE_ONLY,"err |= get_user(c, &(data32->src_direct_link));"
mt8183-kernel,platform/kernel/mediatek/mt8183/4.4/drivers/misc/mediatek/video/mt8183/videox/compat_mtk_disp_mgr.c,426,usercopy,,yes,no,no,SOURCE_ONLY,"err |= put_user(c, &(data->src_direct_link));"
mt8183-kernel,platform/kernel/mediatek/mt8183/4.4/drivers/misc/mediatek/video/mt8183/videox/compat_mtk_disp_mgr.c,428,usercopy,,yes,no,no,SOURCE_ONLY,"err |= get_user(c, &(data32->identity));"
mt8183-kernel,platform/kernel/mediatek/mt8183/4.4/drivers/misc/mediatek/video/mt8183/videox/compat_mtk_disp_mgr.c,429,usercopy,,yes,no,no,SOURCE_ONLY,"err |= put_user(c, &(data->identity));"
mt8183-kernel,platform/kernel/mediatek/mt8183/4.4/drivers/misc/mediatek/video/mt8183/videox/compat_mtk_disp_mgr.c,431,usercopy,,yes,no,no,SOURCE_ONLY,"err |= get_user(c, &(data32->connected_type));"
mt8183-kernel,platform/kernel/mediatek/mt8183/4.4/drivers/misc/mediatek/video/mt8183/videox/compat_mtk_disp_mgr.c,432,usercopy,,yes,no,no,SOURCE_ONLY,"err |= put_user(c, &(data->connected_type));"
mt8183-kernel,platform/kernel/mediatek/mt8183/4.4/drivers/misc/mediatek/video/mt8183/videox/compat_mtk_disp_mgr.c,434,usercopy,,yes,no,no,SOURCE_ONLY,"err |= get_user(c, &(data32->isTdshp));"
mt8183-kernel,platform/kernel/mediatek/mt8183/4.4/drivers/misc/mediatek/video/mt8183/videox/compat_mtk_disp_mgr.c,435,usercopy,,yes,no,no,SOURCE_ONLY,"err |= put_user(c, &(data->isTdshp));"
mt8183-kernel,platform/kernel/mediatek/mt8183/4.4/drivers/misc/mediatek/video/mt8183/videox/compat_mtk_disp_mgr.c,437,usercopy,,yes,no,no,SOURCE_ONLY,"err |= get_user(c, &(data32->ext_sel_layer));"
mt8183-kernel,platform/kernel/mediatek/mt8183/4.4/drivers/misc/mediatek/video/mt8183/videox/compat_mtk_disp_mgr.c,438,usercopy,,yes,no,no,SOURCE_ONLY,"err |= put_user(c, &(data->ext_sel_layer));"
mt8183-kernel,platform/kernel/mediatek/mt8183/4.4/drivers/misc/mediatek/video/mt8183/videox/compat_mtk_disp_mgr.c,451,usercopy,,yes,no,no,SOURCE_ONLY,"err = get_user(u, &(data32->setter));"
mt8183-kernel,platform/kernel/mediatek/mt8183/4.4/drivers/misc/mediatek/video/mt8183/videox/compat_mtk_disp_mgr.c,452,usercopy,,yes,no,no,SOURCE_ONLY,"err |= put_user(u, &(data->setter));"
mt8183-kernel,platform/kernel/mediatek/mt8183/4.4/drivers/misc/mediatek/video/mt8183/videox/compat_mtk_disp_mgr.c,454,usercopy,,yes,no,no,SOURCE_ONLY,"err |= get_user(u, &(data32->session_id));"
mt8183-kernel,platform/kernel/mediatek/mt8183/4.4/drivers/misc/mediatek/video/mt8183/videox/compat_mtk_disp_mgr.c,455,usercopy,,yes,no,no,SOURCE_ONLY,"err |= put_user(u, &(data->session_id));"
mt8183-kernel,platform/kernel/mediatek/mt8183/4.4/drivers/misc/mediatek/video/mt8183/videox/compat_mtk_disp_mgr.c,457,usercopy,,yes,no,no,SOURCE_ONLY,"err |= get_user(l, &(data32->config_layer_num));"
mt8183-kernel,platform/kernel/mediatek/mt8183/4.4/drivers/misc/mediatek/video/mt8183/videox/compat_mtk_disp_mgr.c,458,usercopy,,yes,no,no,SOURCE_ONLY,"err |= put_user(l, &(data->config_layer_num));"
mt8183-kernel,platform/kernel/mediatek/mt8183/4.4/drivers/misc/mediatek/video/mt8183/videox/compat_mtk_disp_mgr.c,477,usercopy,,yes,no,no,SOURCE_ONLY,"err |= get_user(u, &(data->layer_id));"
mt8183-kernel,platform/kernel/mediatek/mt8183/4.4/drivers/misc/mediatek/video/mt8183/videox/compat_mtk_disp_mgr.c,478,usercopy,,yes,no,no,SOURCE_ONLY,"err |= put_user(u, &(data32->layer_id));"
mt8183-kernel,platform/kernel/mediatek/mt8183/4.4/drivers/misc/mediatek/video/mt8183/videox/compat_mtk_disp_mgr.c,480,usercopy,,yes,no,no,SOURCE_ONLY,"err |= get_user(u, &(data->layer_enable));"
mt8183-kernel,platform/kernel/mediatek/mt8183/4.4/drivers/misc/mediatek/video/mt8183/videox/compat_mtk_disp_mgr.c,481,usercopy,,yes,no,no,SOURCE_ONLY,"err |= put_user(u, &(data32->layer_enable));"
mt8183-kernel,platform/kernel/mediatek/mt8183/4.4/drivers/misc/mediatek/video/mt8183/videox/compat_mtk_disp_mgr.c,483,usercopy,,yes,no,no,SOURCE_ONLY,"err |= get_user(u, &(data->buffer_source));"
mt8183-kernel,platform/kernel/mediatek/mt8183/4.4/drivers/misc/mediatek/video/mt8183/videox/compat_mtk_disp_mgr.c,484,usercopy,,yes,no,no,SOURCE_ONLY,"err |= put_user(u, &(data32->buffer_source));"
mt8183-kernel,platform/kernel/mediatek/mt8183/4.4/drivers/misc/mediatek/video/mt8183/videox/compat_mtk_disp_mgr.c,486,usercopy,,yes,no,no,SOURCE_ONLY,"err |= get_user(p, (unsigned long *)&(data->src_base_addr));"
mt8183-kernel,platform/kernel/mediatek/mt8183/4.4/drivers/misc/mediatek/video/mt8183/videox/compat_mtk_disp_mgr.c,487,usercopy,,yes,no,no,SOURCE_ONLY,"err |= put_user(p, (unsigned long *)&(data32->src_base_addr));"
mt8183-kernel,platform/kernel/mediatek/mt8183/4.4/drivers/misc/mediatek/video/mt8183/videox/compat_mtk_disp_mgr.c,489,usercopy,,yes,no,no,SOURCE_ONLY,"err |= get_user(p, (unsigned long *)&(data->src_phy_addr));"
mt8183-kernel,platform/kernel/mediatek/mt8183/4.4/drivers/misc/mediatek/video/mt8183/videox/compat_mtk_disp_mgr.c,490,usercopy,,yes,no,no,SOURCE_ONLY,"err |= put_user(p, (unsigned long *)&(data32->src_phy_addr));"
mt8183-kernel,platform/kernel/mediatek/mt8183/4.4/drivers/misc/mediatek/video/mt8183/videox/compat_mtk_disp_mgr.c,492,usercopy,,yes,no,no,SOURCE_ONLY,"err |= get_user(u, &(data->src_direct_link));"
mt8183-kernel,platform/kernel/mediatek/mt8183/4.4/drivers/misc/mediatek/video/mt8183/videox/compat_mtk_disp_mgr.c,493,usercopy,,yes,no,no,SOURCE_ONLY,"err |= put_user(u, &(data32->src_direct_link));"
mt8183-kernel,platform/kernel/mediatek/mt8183/4.4/drivers/misc/mediatek/video/mt8183/videox/compat_mtk_disp_mgr.c,495,usercopy,,yes,no,no,SOURCE_ONLY,"err |= get_user(u, &(data->src_fmt));"
mt8183-kernel,platform/kernel/mediatek/mt8183/4.4/drivers/misc/mediatek/video/mt8183/videox/compat_mtk_disp_mgr.c,496,usercopy,,yes,no,no,SOURCE_ONLY,"err |= put_user(u, &(data32->src_fmt));"
mt8183-kernel,platform/kernel/mediatek/mt8183/4.4/drivers/misc/mediatek/video/mt8183/videox/compat_mtk_disp_mgr.c,498,usercopy,,yes,no,no,SOURCE_ONLY,"err |= get_user(u, &(data->src_use_color_key));"
mt8183-kernel,platform/kernel/mediatek/mt8183/4.4/drivers/misc/mediatek/video/mt8183/videox/compat_mtk_disp_mgr.c,499,usercopy,,yes,no,no,SOURCE_ONLY,"err |= put_user(u, &(data32->src_use_color_key));"
mt8183-kernel,platform/kernel/mediatek/mt8183/4.4/drivers/misc/mediatek/video/mt8183/videox/compat_mtk_disp_mgr.c,501,usercopy,,yes,no,no,SOURCE_ONLY,"err |= get_user(u, &(data->src_pitch));"
mt8183-kernel,platform/kernel/mediatek/mt8183/4.4/drivers/misc/mediatek/video/mt8183/videox/compat_mtk_disp_mgr.c,502,usercopy,,yes,no,no,SOURCE_ONLY,"err |= put_user(u, &(data32->src_pitch));"
mt8183-kernel,platform/kernel/mediatek/mt8183/4.4/drivers/misc/mediatek/video/mt8183/videox/compat_mtk_disp_mgr.c,504,usercopy,,yes,no,no,SOURCE_ONLY,"err |= get_user(u, &(data->src_offset_x));"
mt8183-kernel,platform/kernel/mediatek/mt8183/4.4/drivers/misc/mediatek/video/mt8183/videox/compat_mtk_disp_mgr.c,505,usercopy,,yes,no,no,SOURCE_ONLY,"err |= put_user(u, &(data32->src_offset_x));"
mt8183-kernel,platform/kernel/mediatek/mt8183/4.4/drivers/misc/mediatek/video/mt8183/videox/compat_mtk_disp_mgr.c,507,usercopy,,yes,no,no,SOURCE_ONLY,"err |= get_user(u, &(data->src_offset_y));"
mt8183-kernel,platform/kernel/mediatek/mt8183/4.4/drivers/misc/mediatek/video/mt8183/videox/compat_mtk_disp_mgr.c,508,usercopy,,yes,no,no,SOURCE_ONLY,"err |= put_user(u, &(data32->src_offset_y));"
mt8183-kernel,platform/kernel/mediatek/mt8183/4.4/drivers/misc/mediatek/video/mt8183/videox/compat_mtk_disp_mgr.c,510,usercopy,,yes,no,no,SOURCE_ONLY,"err |= get_user(u, &(data->src_width));"
mt8183-kernel,platform/kernel/mediatek/mt8183/4.4/drivers/misc/mediatek/video/mt8183/videox/compat_mtk_disp_mgr.c,511,usercopy,,yes,no,no,SOURCE_ONLY,"err |= put_user(u, &(data32->src_width));"
mt8183-kernel,platform/kernel/mediatek/mt8183/4.4/drivers/misc/mediatek/video/mt8183/videox/compat_mtk_disp_mgr.c,513,usercopy,,yes,no,no,SOURCE_ONLY,"err |= get_user(u, &(data->src_height));"
mt8183-kernel,platform/kernel/mediatek/mt8183/4.4/drivers/misc/mediatek/video/mt8183/videox/compat_mtk_disp_mgr.c,514,usercopy,,yes,no,no,SOURCE_ONLY,"err |= put_user(u, &(data32->src_height));"
mt8183-kernel,platform/kernel/mediatek/mt8183/4.4/drivers/misc/mediatek/video/mt8183/videox/compat_mtk_disp_mgr.c,516,usercopy,,yes,no,no,SOURCE_ONLY,"err |= get_user(u, &(data->tgt_offset_x));"
mt8183-kernel,platform/kernel/mediatek/mt8183/4.4/drivers/misc/mediatek/video/mt8183/videox/compat_mtk_disp_mgr.c,517,usercopy,,yes,no,no,SOURCE_ONLY,"err |= put_user(u, &(data32->tgt_offset_x));"
mt8183-kernel,platform/kernel/mediatek/mt8183/4.4/drivers/misc/mediatek/video/mt8183/videox/compat_mtk_disp_mgr.c,519,usercopy,,yes,no,no,SOURCE_ONLY,"err |= get_user(u, &(data->tgt_offset_y));"
mt8183-kernel,platform/kernel/mediatek/mt8183/4.4/drivers/misc/mediatek/video/mt8183/videox/compat_mtk_disp_mgr.c,520,usercopy,,yes,no,no,SOURCE_ONLY,"err |= put_user(u, &(data32->tgt_offset_y));"
mt8183-kernel,platform/kernel/mediatek/mt8183/4.4/drivers/misc/mediatek/video/mt8183/videox/compat_mtk_disp_mgr.c,522,usercopy,,yes,no,no,SOURCE_ONLY,"err |= get_user(u, &(data->tgt_width));"
mt8183-kernel,platform/kernel/mediatek/mt8183/4.4/drivers/misc/mediatek/video/mt8183/videox/compat_mtk_disp_mgr.c,523,usercopy,,yes,no,no,SOURCE_ONLY,"err |= put_user(u, &(data32->tgt_width));"
mt8183-kernel,platform/kernel/mediatek/mt8183/4.4/drivers/misc/mediatek/video/mt8183/videox/compat_mtk_disp_mgr.c,525,usercopy,,yes,no,no,SOURCE_ONLY,"err |= get_user(u, &(data->tgt_height));"
mt8183-kernel,platform/kernel/mediatek/mt8183/4.4/drivers/misc/mediatek/video/mt8183/videox/compat_mtk_disp_mgr.c,526,usercopy,,yes,no,no,SOURCE_ONLY,"err |= put_user(u, &(data32->tgt_height));"
mt8183-kernel,platform/kernel/mediatek/mt8183/4.4/drivers/misc/mediatek/video/mt8183/videox/compat_mtk_disp_mgr.c,528,usercopy,,yes,no,no,SOURCE_ONLY,"err |= get_user(u, &(data->layer_rotation));"
mt8183-kernel,platform/kernel/mediatek/mt8183/4.4/drivers/misc/mediatek/video/mt8183/videox/compat_mtk_disp_mgr.c,529,usercopy,,yes,no,no,SOURCE_ONLY,"err |= put_user(u, &(data32->layer_rotation));"
mt8183-kernel,platform/kernel/mediatek/mt8183/4.4/drivers/misc/mediatek/video/mt8183/videox/compat_mtk_disp_mgr.c,531,usercopy,,yes,no,no,SOURCE_ONLY,"err |= get_user(u, &(data->layer_type));"
mt8183-kernel,platform/kernel/mediatek/mt8183/4.4/drivers/misc/mediatek/video/mt8183/videox/compat_mtk_disp_mgr.c,532,usercopy,,yes,no,no,SOURCE_ONLY,"err |= put_user(u, &(data32->layer_type));"
mt8183-kernel,platform/kernel/mediatek/mt8183/4.4/drivers/misc/mediatek/video/mt8183/videox/compat_mtk_disp_mgr.c,534,usercopy,,yes,no,no,SOURCE_ONLY,"err |= get_user(u, &(data->video_rotation));"
mt8183-kernel,platform/kernel/mediatek/mt8183/4.4/drivers/misc/mediatek/video/mt8183/videox/compat_mtk_disp_mgr.c,535,usercopy,,yes,no,no,SOURCE_ONLY,"err |= put_user(u, &(data32->video_rotation));"
mt8183-kernel,platform/kernel/mediatek/mt8183/4.4/drivers/misc/mediatek/video/mt8183/videox/compat_mtk_disp_mgr.c,537,usercopy,,yes,no,no,SOURCE_ONLY,"err |= get_user(u, &(data->isTdshp));"
mt8183-kernel,platform/kernel/mediatek/mt8183/4.4/drivers/misc/mediatek/video/mt8183/videox/compat_mtk_disp_mgr.c,538,usercopy,,yes,no,no,SOURCE_ONLY,"err |= put_user(u, &(data32->isTdshp));"
mt8183-kernel,platform/kernel/mediatek/mt8183/4.4/drivers/misc/mediatek/video/mt8183/videox/compat_mtk_disp_mgr.c,540,usercopy,,yes,no,no,SOURCE_ONLY,"err |= get_user(u, &(data->next_buff_idx));"
mt8183-kernel,platform/kernel/mediatek/mt8183/4.4/drivers/misc/mediatek/video/mt8183/videox/compat_mtk_disp_mgr.c,541,usercopy,,yes,no,no,SOURCE_ONLY,"err |= put_user(u, &(data32->next_buff_idx));"
mt8183-kernel,platform/kernel/mediatek/mt8183/4.4/drivers/misc/mediatek/video/mt8183/videox/compat_mtk_disp_mgr.c,543,usercopy,,yes,no,no,SOURCE_ONLY,"err |= get_user(i, &(data->identity));"
mt8183-kernel,platform/kernel/mediatek/mt8183/4.4/drivers/misc/mediatek/video/mt8183/videox/compat_mtk_disp_mgr.c,544,usercopy,,yes,no,no,SOURCE_ONLY,"err |= put_user(i, &(data32->identity));"
mt8183-kernel,platform/kernel/mediatek/mt8183/4.4/drivers/misc/mediatek/video/mt8183/videox/compat_mtk_disp_mgr.c,546,usercopy,,yes,no,no,SOURCE_ONLY,"err |= get_user(i, &(data->connected_type));"
mt8183-kernel,platform/kernel/mediatek/mt8183/4.4/drivers/misc/mediatek/video/mt8183/videox/compat_mtk_disp_mgr.c,547,usercopy,,yes,no,no,SOURCE_ONLY,"err |= put_user(i, &(data32->connected_type));"
mt8183-kernel,platform/kernel/mediatek/mt8183/4.4/drivers/misc/mediatek/video/mt8183/videox/compat_mtk_disp_mgr.c,549,usercopy,,yes,no,no,SOURCE_ONLY,"err |= get_user(u, &(data->security));"
mt8183-kernel,platform/kernel/mediatek/mt8183/4.4/drivers/misc/mediatek/video/mt8183/videox/compat_mtk_disp_mgr.c,550,usercopy,,yes,no,no,SOURCE_ONLY,"err |= put_user(u, &(data32->security));"
mt8183-kernel,platform/kernel/mediatek/mt8183/4.4/drivers/misc/mediatek/video/mt8183/videox/compat_mtk_disp_mgr.c,552,usercopy,,yes,no,no,SOURCE_ONLY,"err |= get_user(u, &(data->alpha_enable));"
mt8183-kernel,platform/kernel/mediatek/mt8183/4.4/drivers/misc/mediatek/video/mt8183/videox/compat_mtk_disp_mgr.c,553,usercopy,,yes,no,no,SOURCE_ONLY,"err |= put_user(u, &(data32->alpha_enable));"
mt8183-kernel,platform/kernel/mediatek/mt8183/4.4/drivers/misc/mediatek/video/mt8183/videox/compat_mtk_disp_mgr.c,555,usercopy,,yes,no,no,SOURCE_ONLY,"err |= get_user(u, &(data->alpha));"
mt8183-kernel,platform/kernel/mediatek/mt8183/4.4/drivers/misc/mediatek/video/mt8183/videox/compat_mtk_disp_mgr.c,556,usercopy,,yes,no,no,SOURCE_ONLY,"err |= put_user(u, &(data32->alpha));"
mt8183-kernel,platform/kernel/mediatek/mt8183/4.4/drivers/misc/mediatek/video/mt8183/videox/compat_mtk_disp_mgr.c,558,usercopy,,yes,no,no,SOURCE_ONLY,"err |= get_user(u, &(data->sur_aen));"
mt8183-kernel,platform/kernel/mediatek/mt8183/4.4/drivers/misc/mediatek/video/mt8183/videox/compat_mtk_disp_mgr.c,559,usercopy,,yes,no,no,SOURCE_ONLY,"err |= put_user(u, &(data32->sur_aen));"
mt8183-kernel,platform/kernel/mediatek/mt8183/4.4/drivers/misc/mediatek/video/mt8183/videox/compat_mtk_disp_mgr.c,561,usercopy,,yes,no,no,SOURCE_ONLY,"err |= get_user(u, &(data->src_alpha));"
mt8183-kernel,platform/kernel/mediatek/mt8183/4.4/drivers/misc/mediatek/video/mt8183/videox/compat_mtk_disp_mgr.c,562,usercopy,,yes,no,no,SOURCE_ONLY,"err |= put_user(u, &(data32->src_alpha));"
mt8183-kernel,platform/kernel/mediatek/mt8183/4.4/drivers/misc/mediatek/video/mt8183/videox/compat_mtk_disp_mgr.c,564,usercopy,,yes,no,no,SOURCE_ONLY,"err |= get_user(u, &(data->dst_alpha));"
mt8183-kernel,platform/kernel/mediatek/mt8183/4.4/drivers/misc/mediatek/video/mt8183/videox/compat_mtk_disp_mgr.c,565,usercopy,,yes,no,no,SOURCE_ONLY,"err |= put_user(u, &(data32->dst_alpha));"
mt8183-kernel,platform/kernel/mediatek/mt8183/4.4/drivers/misc/mediatek/video/mt8183/videox/compat_mtk_disp_mgr.c,567,usercopy,,yes,no,no,SOURCE_ONLY,"err |= get_user(i, &(data->frm_sequence));"
mt8183-kernel,platform/kernel/mediatek/mt8183/4.4/drivers/misc/mediatek/video/mt8183/videox/compat_mtk_disp_mgr.c,568,usercopy,,yes,no,no,SOURCE_ONLY,"err |= put_user(i, &(data32->frm_sequence));"
mt8183-kernel,platform/kernel/mediatek/mt8183/4.4/drivers/misc/mediatek/video/mt8183/videox/compat_mtk_disp_mgr.c,570,usercopy,,yes,no,no,SOURCE_ONLY,"err |= get_user(u, &(data->yuv_range));"
mt8183-kernel,platform/kernel/mediatek/mt8183/4.4/drivers/misc/mediatek/video/mt8183/videox/compat_mtk_disp_mgr.c,571,usercopy,,yes,no,no,SOURCE_ONLY,"err |= put_user(u, &(data32->yuv_range));"
mt8183-kernel,platform/kernel/mediatek/mt8183/4.4/drivers/misc/mediatek/video/mt8183/videox/compat_mtk_disp_mgr.c,586,usercopy,,yes,no,no,SOURCE_ONLY,"err = get_user(u, &(data->setter));"
mt8183-kernel,platform/kernel/mediatek/mt8183/4.4/drivers/misc/mediatek/video/mt8183/videox/compat_mtk_disp_mgr.c,587,usercopy,,yes,no,no,SOURCE_ONLY,"err |= put_user(u, &(data32->setter));"
mt8183-kernel,platform/kernel/mediatek/mt8183/4.4/drivers/misc/mediatek/video/mt8183/videox/compat_mtk_disp_mgr.c,589,usercopy,,yes,no,no,SOURCE_ONLY,"err |= get_user(u, &(data->session_id));"
mt8183-kernel,platform/kernel/mediatek/mt8183/4.4/drivers/misc/mediatek/video/mt8183/videox/compat_mtk_disp_mgr.c,590,usercopy,,yes,no,no,SOURCE_ONLY,"err |= put_user(u, &(data32->session_id));"
mt8183-kernel,platform/kernel/mediatek/mt8183/4.4/drivers/misc/mediatek/video/mt8183/videox/compat_mtk_disp_mgr.c,592,usercopy,,yes,no,no,SOURCE_ONLY,"err |= get_user(l, &(data->config_layer_num));"
mt8183-kernel,platform/kernel/mediatek/mt8183/4.4/drivers/misc/mediatek/video/mt8183/videox/compat_mtk_disp_mgr.c,593,usercopy,,yes,no,no,SOURCE_ONLY,"err |= put_user(l, &(data32->config_layer_num));"
mt8183-kernel,platform/kernel/mediatek/mt8183/4.4/drivers/misc/mediatek/video/mt8183/videox/compat_mtk_disp_mgr.c,609,usercopy,,yes,no,no,SOURCE_ONLY,"err = get_user(u, &(data32->session_id));"
mt8183-kernel,platform/kernel/mediatek/mt8183/4.4/drivers/misc/mediatek/video/mt8183/videox/compat_mtk_disp_mgr.c,610,usercopy,,yes,no,no,SOURCE_ONLY,"err |= put_user(u, &(data->session_id));"
mt8183-kernel,platform/kernel/mediatek/mt8183/4.4/drivers/misc/mediatek/video/mt8183/videox/compat_mtk_disp_mgr.c,612,usercopy,,yes,no,no,SOURCE_ONLY,"err |= get_user(u, &(data32->vsync_cnt));"
mt8183-kernel,platform/kernel/mediatek/mt8183/4.4/drivers/misc/mediatek/video/mt8183/videox/compat_mtk_disp_mgr.c,613,usercopy,,yes,no,no,SOURCE_ONLY,"err |= put_user(u, &(data->vsync_cnt));"
mt8183-kernel,platform/kernel/mediatek/mt8183/4.4/drivers/misc/mediatek/video/mt8183/videox/compat_mtk_disp_mgr.c,615,usercopy,,yes,no,no,SOURCE_ONLY,"err |= get_user(u64, &(data32->vsync_ts));"
mt8183-kernel,platform/kernel/mediatek/mt8183/4.4/drivers/misc/mediatek/video/mt8183/videox/compat_mtk_disp_mgr.c,616,usercopy,,yes,no,no,SOURCE_ONLY,"err |= put_user(u64, &(data->vsync_ts));"
mt8183-kernel,platform/kernel/mediatek/mt8183/4.4/drivers/misc/mediatek/video/mt8183/videox/compat_mtk_disp_mgr.c,618,usercopy,,yes,no,no,SOURCE_ONLY,"err |= get_user(u, &(data32->lcm_fps));"
mt8183-kernel,platform/kernel/mediatek/mt8183/4.4/drivers/misc/mediatek/video/mt8183/videox/compat_mtk_disp_mgr.c,619,usercopy,,yes,no,no,SOURCE_ONLY,"err |= put_user(u, &(data->lcm_fps));"
mt8183-kernel,platform/kernel/mediatek/mt8183/4.4/drivers/misc/mediatek/video/mt8183/videox/compat_mtk_disp_mgr.c,631,usercopy,,yes,no,no,SOURCE_ONLY,"err = get_user(u, &(data->session_id));"
mt8183-kernel,platform/kernel/mediatek/mt8183/4.4/drivers/misc/mediatek/video/mt8183/videox/compat_mtk_disp_mgr.c,632,usercopy,,yes,no,no,SOURCE_ONLY,"err |= put_user(u, &(data32->session_id));"
mt8183-kernel,platform/kernel/mediatek/mt8183/4.4/drivers/misc/mediatek/video/mt8183/videox/compat_mtk_disp_mgr.c,634,usercopy,,yes,no,no,SOURCE_ONLY,"err |= get_user(u, &(data->vsync_cnt));"
mt8183-kernel,platform/kernel/mediatek/mt8183/4.4/drivers/misc/mediatek/video/mt8183/videox/compat_mtk_disp_mgr.c,635,usercopy,,yes,no,no,SOURCE_ONLY,"err |= put_user(u, &(data32->vsync_cnt));"
mt8183-kernel,platform/kernel/mediatek/mt8183/4.4/drivers/misc/mediatek/video/mt8183/videox/compat_mtk_disp_mgr.c,637,usercopy,,yes,no,no,SOURCE_ONLY,"err |= get_user(u64, &(data->vsync_ts));"
mt8183-kernel,platform/kernel/mediatek/mt8183/4.4/drivers/misc/mediatek/video/mt8183/videox/compat_mtk_disp_mgr.c,638,usercopy,,yes,no,no,SOURCE_ONLY,"err |= put_user(u64, &(data32->vsync_ts));"
mt8183-kernel,platform/kernel/mediatek/mt8183/4.4/drivers/misc/mediatek/video/mt8183/videox/compat_mtk_disp_mgr.c,640,usercopy,,yes,no,no,SOURCE_ONLY,"err |= get_user(u, &(data->lcm_fps));"
mt8183-kernel,platform/kernel/mediatek/mt8183/4.4/drivers/misc/mediatek/video/mt8183/videox/compat_mtk_disp_mgr.c,641,usercopy,,yes,no,no,SOURCE_ONLY,"err |= put_user(u, &(data32->lcm_fps));"
mt8183-kernel,platform/kernel/mediatek/mt8183/4.4/drivers/misc/mediatek/video/mt8183/videox/compat_mtk_disp_mgr.c,653,usercopy,,yes,no,no,SOURCE_ONLY,"err = get_user(u, &(data32->session_id));"
mt8183-kernel,platform/kernel/mediatek/mt8183/4.4/drivers/misc/mediatek/video/mt8183/videox/compat_mtk_disp_mgr.c,654,usercopy,,yes,no,no,SOURCE_ONLY,"err |= put_user(u, &(data->session_id));"
mt8183-kernel,platform/kernel/mediatek/mt8183/4.4/drivers/misc/mediatek/video/mt8183/videox/compat_mtk_disp_mgr.c,656,usercopy,,yes,no,no,SOURCE_ONLY,"err |= get_user(u, &(data32->maxLayerNum));"
mt8183-kernel,platform/kernel/mediatek/mt8183/4.4/drivers/misc/mediatek/video/mt8183/videox/compat_mtk_disp_mgr.c,657,usercopy,,yes,no,no,SOURCE_ONLY,"err |= put_user(u, &(data->maxLayerNum));"
mt8183-kernel,platform/kernel/mediatek/mt8183/4.4/drivers/misc/mediatek/video/mt8183/videox/compat_mtk_disp_mgr.c,659,usercopy,,yes,no,no,SOURCE_ONLY,"err |= get_user(u, &(data32->isHwVsyncAvailable));"
mt8183-kernel,platform/kernel/mediatek/mt8183/4.4/drivers/misc/mediatek/video/mt8183/videox/compat_mtk_disp_mgr.c,660,usercopy,,yes,no,no,SOURCE_ONLY,"err |= put_user(u, &(data->isHwVsyncAvailable));"
mt8183-kernel,platform/kernel/mediatek/mt8183/4.4/drivers/misc/mediatek/video/mt8183/videox/compat_mtk_disp_mgr.c,662,usercopy,,yes,no,no,SOURCE_ONLY,"err |= get_user(i, &(data32->displayType));"
mt8183-kernel,platform/kernel/mediatek/mt8183/4.4/drivers/misc/mediatek/video/mt8183/videox/compat_mtk_disp_mgr.c,663,usercopy,,yes,no,no,SOURCE_ONLY,"err |= put_user(i, &(data->displayType));"
mt8183-kernel,platform/kernel/mediatek/mt8183/4.4/drivers/misc/mediatek/video/mt8183/videox/compat_mtk_disp_mgr.c,665,usercopy,,yes,no,no,SOURCE_ONLY,"err |= get_user(u, &(data32->displayWidth));"
mt8183-kernel,platform/kernel/mediatek/mt8183/4.4/drivers/misc/mediatek/video/mt8183/videox/compat_mtk_disp_mgr.c,666,usercopy,,yes,no,no,SOURCE_ONLY,"err |= put_user(u, &(data->displayWidth));"
mt8183-kernel,platform/kernel/mediatek/mt8183/4.4/drivers/misc/mediatek/video/mt8183/videox/compat_mtk_disp_mgr.c,668,usercopy,,yes,no,no,SOURCE_ONLY,"err |= get_user(u, &(data32->displayHeight));"
mt8183-kernel,platform/kernel/mediatek/mt8183/4.4/drivers/misc/mediatek/video/mt8183/videox/compat_mtk_disp_mgr.c,669,usercopy,,yes,no,no,SOURCE_ONLY,"err |= put_user(u, &(data->displayHeight));"
mt8183-kernel,platform/kernel/mediatek/mt8183/4.4/drivers/misc/mediatek/video/mt8183/videox/compat_mtk_disp_mgr.c,671,usercopy,,yes,no,no,SOURCE_ONLY,"err |= get_user(i, &(data32->displayFormat));"
mt8183-kernel,platform/kernel/mediatek/mt8183/4.4/drivers/misc/mediatek/video/mt8183/videox/compat_mtk_disp_mgr.c,672,usercopy,,yes,no,no,SOURCE_ONLY,"err |= put_user(i, &(data->displayFormat));"
mt8183-kernel,platform/kernel/mediatek/mt8183/4.4/drivers/misc/mediatek/video/mt8183/videox/compat_mtk_disp_mgr.c,674,usercopy,,yes,no,no,SOURCE_ONLY,"err |= get_user(u, &(data32->displayMode));"
mt8183-kernel,platform/kernel/mediatek/mt8183/4.4/drivers/misc/mediatek/video/mt8183/videox/compat_mtk_disp_mgr.c,675,usercopy,,yes,no,no,SOURCE_ONLY,"err |= put_user(u, &(data->displayMode));"
mt8183-kernel,platform/kernel/mediatek/mt8183/4.4/drivers/misc/mediatek/video/mt8183/videox/compat_mtk_disp_mgr.c,677,usercopy,,yes,no,no,SOURCE_ONLY,"err |= get_user(i, &(data32->vsyncFPS));"
mt8183-kernel,platform/kernel/mediatek/mt8183/4.4/drivers/misc/mediatek/video/mt8183/videox/compat_mtk_disp_mgr.c,678,usercopy,,yes,no,no,SOURCE_ONLY,"err |= put_user(i, &(data->vsyncFPS));"
mt8183-kernel,platform/kernel/mediatek/mt8183/4.4/drivers/misc/mediatek/video/mt8183/videox/compat_mtk_disp_mgr.c,680,usercopy,,yes,no,no,SOURCE_ONLY,"err |= get_user(u, &(data32->physicalWidth));"
mt8183-kernel,platform/kernel/mediatek/mt8183/4.4/drivers/misc/mediatek/video/mt8183/videox/compat_mtk_disp_mgr.c,681,usercopy,,yes,no,no,SOURCE_ONLY,"err |= put_user(u, &(data->physicalWidth));"
mt8183-kernel,platform/kernel/mediatek/mt8183/4.4/drivers/misc/mediatek/video/mt8183/videox/compat_mtk_disp_mgr.c,683,usercopy,,yes,no,no,SOURCE_ONLY,"err |= get_user(i, &(data32->physicalHeight));"
mt8183-kernel,platform/kernel/mediatek/mt8183/4.4/drivers/misc/mediatek/video/mt8183/videox/compat_mtk_disp_mgr.c,684,usercopy,,yes,no,no,SOURCE_ONLY,"err |= put_user(i, &(data->physicalHeight));"
mt8183-kernel,platform/kernel/mediatek/mt8183/4.4/drivers/misc/mediatek/video/mt8183/videox/compat_mtk_disp_mgr.c,686,usercopy,,yes,no,no,SOURCE_ONLY,"err |= get_user(i, &(data32->physicalWidthUm));"
mt8183-kernel,platform/kernel/mediatek/mt8183/4.4/drivers/misc/mediatek/video/mt8183/videox/compat_mtk_disp_mgr.c,687,usercopy,,yes,no,no,SOURCE_ONLY,"err |= put_user(i, &(data->physicalWidthUm));"
mt8183-kernel,platform/kernel/mediatek/mt8183/4.4/drivers/misc/mediatek/video/mt8183/videox/compat_mtk_disp_mgr.c,689,usercopy,,yes,no,no,SOURCE_ONLY,"err |= get_user(i, &(data32->physicalHeightUm));"
mt8183-kernel,platform/kernel/mediatek/mt8183/4.4/drivers/misc/mediatek/video/mt8183/videox/compat_mtk_disp_mgr.c,690,usercopy,,yes,no,no,SOURCE_ONLY,"err |= put_user(i, &(data->physicalHeightUm));"
mt8183-kernel,platform/kernel/mediatek/mt8183/4.4/drivers/misc/mediatek/video/mt8183/videox/compat_mtk_disp_mgr.c,692,usercopy,,yes,no,no,SOURCE_ONLY,"err |= get_user(i, &(data32->density));"
mt8183-kernel,platform/kernel/mediatek/mt8183/4.4/drivers/misc/mediatek/video/mt8183/videox/compat_mtk_disp_mgr.c,693,usercopy,,yes,no,no,SOURCE_ONLY,"err |= put_user(i, &(data->density));"
mt8183-kernel,platform/kernel/mediatek/mt8183/4.4/drivers/misc/mediatek/video/mt8183/videox/compat_mtk_disp_mgr.c,695,usercopy,,yes,no,no,SOURCE_ONLY,"err |= get_user(i, &(data32->isConnected));"
mt8183-kernel,platform/kernel/mediatek/mt8183/4.4/drivers/misc/mediatek/video/mt8183/videox/compat_mtk_disp_mgr.c,696,usercopy,,yes,no,no,SOURCE_ONLY,"err |= put_user(i, &(data->isConnected));"
mt8183-kernel,platform/kernel/mediatek/mt8183/4.4/drivers/misc/mediatek/video/mt8183/videox/compat_mtk_disp_mgr.c,698,usercopy,,yes,no,no,SOURCE_ONLY,"err |= get_user(u, &(data32->isHDCPSupported));"
mt8183-kernel,platform/kernel/mediatek/mt8183/4.4/drivers/misc/mediatek/video/mt8183/videox/compat_mtk_disp_mgr.c,699,usercopy,,yes,no,no,SOURCE_ONLY,"err |= put_user(u, &(data->isHDCPSupported));"
mt8183-kernel,platform/kernel/mediatek/mt8183/4.4/drivers/misc/mediatek/video/mt8183/videox/compat_mtk_disp_mgr.c,701,usercopy,,yes,no,no,SOURCE_ONLY,"err |= get_user(i, &(data32->isOVLDisabled));"
mt8183-kernel,platform/kernel/mediatek/mt8183/4.4/drivers/misc/mediatek/video/mt8183/videox/compat_mtk_disp_mgr.c,702,usercopy,,yes,no,no,SOURCE_ONLY,"err |= put_user(i, &(data->isOVLDisabled));"
mt8183-kernel,platform/kernel/mediatek/mt8183/4.4/drivers/misc/mediatek/video/mt8183/videox/compat_mtk_disp_mgr.c,704,usercopy,,yes,no,no,SOURCE_ONLY,"err |= get_user(i, &(data32->is3DSupport));"
mt8183-kernel,platform/kernel/mediatek/mt8183/4.4/drivers/misc/mediatek/video/mt8183/videox/compat_mtk_disp_mgr.c,705,usercopy,,yes,no,no,SOURCE_ONLY,"err |= put_user(i, &(data->is3DSupport));"
mt8183-kernel,platform/kernel/mediatek/mt8183/4.4/drivers/misc/mediatek/video/mt8183/videox/compat_mtk_disp_mgr.c,707,usercopy,,yes,no,no,SOURCE_ONLY,"err |= get_user(u, &(data32->const_layer_num));"
mt8183-kernel,platform/kernel/mediatek/mt8183/4.4/drivers/misc/mediatek/video/mt8183/videox/compat_mtk_disp_mgr.c,708,usercopy,,yes,no,no,SOURCE_ONLY,"err |= put_user(u, &(data->const_layer_num));"
mt8183-kernel,platform/kernel/mediatek/mt8183/4.4/drivers/misc/mediatek/video/mt8183/videox/compat_mtk_disp_mgr.c,710,usercopy,,yes,no,no,SOURCE_ONLY,"err |= get_user(u, &(data32->updateFPS));"
mt8183-kernel,platform/kernel/mediatek/mt8183/4.4/drivers/misc/mediatek/video/mt8183/videox/compat_mtk_disp_mgr.c,711,usercopy,,yes,no,no,SOURCE_ONLY,"err |= put_user(u, &(data->updateFPS));"
mt8183-kernel,platform/kernel/mediatek/mt8183/4.4/drivers/misc/mediatek/video/mt8183/videox/compat_mtk_disp_mgr.c,713,usercopy,,yes,no,no,SOURCE_ONLY,"err |= get_user(u, &(data32->is_updateFPS_stable));"
mt8183-kernel,platform/kernel/mediatek/mt8183/4.4/drivers/misc/mediatek/video/mt8183/videox/compat_mtk_disp_mgr.c,714,usercopy,,yes,no,no,SOURCE_ONLY,"err |= put_user(u, &(data->is_updateFPS_stable));"
mt8183-kernel,platform/kernel/mediatek/mt8183/4.4/drivers/misc/mediatek/video/mt8183/videox/compat_mtk_disp_mgr.c,727,usercopy,,yes,no,no,SOURCE_ONLY,"err = get_user(u, &(data->session_id));"
mt8183-kernel,platform/kernel/mediatek/mt8183/4.4/drivers/misc/mediatek/video/mt8183/videox/compat_mtk_disp_mgr.c,728,usercopy,,yes,no,no,SOURCE_ONLY,"err |= put_user(u, &(data32->session_id));"
mt8183-kernel,platform/kernel/mediatek/mt8183/4.4/drivers/misc/mediatek/video/mt8183/videox/compat_mtk_disp_mgr.c,730,usercopy,,yes,no,no,SOURCE_ONLY,"err |= get_user(u, &(data->maxLayerNum));"
mt8183-kernel,platform/kernel/mediatek/mt8183/4.4/drivers/misc/mediatek/video/mt8183/videox/compat_mtk_disp_mgr.c,731,usercopy,,yes,no,no,SOURCE_ONLY,"err |= put_user(u, &(data32->maxLayerNum));"
mt8183-kernel,platform/kernel/mediatek/mt8183/4.4/drivers/misc/mediatek/video/mt8183/videox/compat_mtk_disp_mgr.c,733,usercopy,,yes,no,no,SOURCE_ONLY,"err |= get_user(u, &(data->isHwVsyncAvailable));"
mt8183-kernel,platform/kernel/mediatek/mt8183/4.4/drivers/misc/mediatek/video/mt8183/videox/compat_mtk_disp_mgr.c,734,usercopy,,yes,no,no,SOURCE_ONLY,"err |= put_user(u, &(data32->isHwVsyncAvailable));"
mt8183-kernel,platform/kernel/mediatek/mt8183/4.4/drivers/misc/mediatek/video/mt8183/videox/compat_mtk_disp_mgr.c,736,usercopy,,yes,no,no,SOURCE_ONLY,"err |= get_user(i, &(data->displayType));"
mt8183-kernel,platform/kernel/mediatek/mt8183/4.4/drivers/misc/mediatek/video/mt8183/videox/compat_mtk_disp_mgr.c,737,usercopy,,yes,no,no,SOURCE_ONLY,"err |= put_user(i, &(data32->displayType));"
mt8183-kernel,platform/kernel/mediatek/mt8183/4.4/drivers/misc/mediatek/video/mt8183/videox/compat_mtk_disp_mgr.c,739,usercopy,,yes,no,no,SOURCE_ONLY,"err |= get_user(u, &(data->displayWidth));"
mt8183-kernel,platform/kernel/mediatek/mt8183/4.4/drivers/misc/mediatek/video/mt8183/videox/compat_mtk_disp_mgr.c,740,usercopy,,yes,no,no,SOURCE_ONLY,"err |= put_user(u, &(data32->displayWidth));"
mt8183-kernel,platform/kernel/mediatek/mt8183/4.4/drivers/misc/mediatek/video/mt8183/videox/compat_mtk_disp_mgr.c,742,usercopy,,yes,no,no,SOURCE_ONLY,"err |= get_user(u, &(data->displayHeight));"
mt8183-kernel,platform/kernel/mediatek/mt8183/4.4/drivers/misc/mediatek/video/mt8183/videox/compat_mtk_disp_mgr.c,743,usercopy,,yes,no,no,SOURCE_ONLY,"err |= put_user(u, &(data32->displayHeight));"
mt8183-kernel,platform/kernel/mediatek/mt8183/4.4/drivers/misc/mediatek/video/mt8183/videox/compat_mtk_disp_mgr.c,745,usercopy,,yes,no,no,SOURCE_ONLY,"err |= get_user(i, &(data->displayFormat));"
mt8183-kernel,platform/kernel/mediatek/mt8183/4.4/drivers/misc/mediatek/video/mt8183/videox/compat_mtk_disp_mgr.c,746,usercopy,,yes,no,no,SOURCE_ONLY,"err |= put_user(i, &(data32->displayFormat));"
mt8183-kernel,platform/kernel/mediatek/mt8183/4.4/drivers/misc/mediatek/video/mt8183/videox/compat_mtk_disp_mgr.c,748,usercopy,,yes,no,no,SOURCE_ONLY,"err |= get_user(u, &(data->displayMode));"
mt8183-kernel,platform/kernel/mediatek/mt8183/4.4/drivers/misc/mediatek/video/mt8183/videox/compat_mtk_disp_mgr.c,749,usercopy,,yes,no,no,SOURCE_ONLY,"err |= put_user(u, &(data32->displayMode));"
mt8183-kernel,platform/kernel/mediatek/mt8183/4.4/drivers/misc/mediatek/video/mt8183/videox/compat_mtk_disp_mgr.c,751,usercopy,,yes,no,no,SOURCE_ONLY,"err |= get_user(i, &(data->vsyncFPS));"
mt8183-kernel,platform/kernel/mediatek/mt8183/4.4/drivers/misc/mediatek/video/mt8183/videox/compat_mtk_disp_mgr.c,752,usercopy,,yes,no,no,SOURCE_ONLY,"err |= put_user(i, &(data32->vsyncFPS));"
mt8183-kernel,platform/kernel/mediatek/mt8183/4.4/drivers/misc/mediatek/video/mt8183/videox/compat_mtk_disp_mgr.c,754,usercopy,,yes,no,no,SOURCE_ONLY,"err |= get_user(u, &(data->physicalWidth));"
mt8183-kernel,platform/kernel/mediatek/mt8183/4.4/drivers/misc/mediatek/video/mt8183/videox/compat_mtk_disp_mgr.c,755,usercopy,,yes,no,no,SOURCE_ONLY,"err |= put_user(u, &(data32->physicalWidth));"
mt8183-kernel,platform/kernel/mediatek/mt8183/4.4/drivers/misc/mediatek/video/mt8183/videox/compat_mtk_disp_mgr.c,757,usercopy,,yes,no,no,SOURCE_ONLY,"err |= get_user(i, &(data->physicalHeight));"
mt8183-kernel,platform/kernel/mediatek/mt8183/4.4/drivers/misc/mediatek/video/mt8183/videox/compat_mtk_disp_mgr.c,758,usercopy,,yes,no,no,SOURCE_ONLY,"err |= put_user(i, &(data32->physicalHeight));"
mt8183-kernel,platform/kernel/mediatek/mt8183/4.4/drivers/misc/mediatek/video/mt8183/videox/compat_mtk_disp_mgr.c,760,usercopy,,yes,no,no,SOURCE_ONLY,"err |= get_user(i, &(data->physicalWidthUm));"
mt8183-kernel,platform/kernel/mediatek/mt8183/4.4/drivers/misc/mediatek/video/mt8183/videox/compat_mtk_disp_mgr.c,761,usercopy,,yes,no,no,SOURCE_ONLY,"err |= put_user(i, &(data32->physicalWidthUm));"
mt8183-kernel,platform/kernel/mediatek/mt8183/4.4/drivers/misc/mediatek/video/mt8183/videox/compat_mtk_disp_mgr.c,763,usercopy,,yes,no,no,SOURCE_ONLY,"err |= get_user(i, &(data->physicalHeightUm));"
mt8183-kernel,platform/kernel/mediatek/mt8183/4.4/drivers/misc/mediatek/video/mt8183/videox/compat_mtk_disp_mgr.c,764,usercopy,,yes,no,no,SOURCE_ONLY,"err |= put_user(i, &(data32->physicalHeightUm));"
mt8183-kernel,platform/kernel/mediatek/mt8183/4.4/drivers/misc/mediatek/video/mt8183/videox/compat_mtk_disp_mgr.c,766,usercopy,,yes,no,no,SOURCE_ONLY,"err |= get_user(i, &(data->density));"
mt8183-kernel,platform/kernel/mediatek/mt8183/4.4/drivers/misc/mediatek/video/mt8183/videox/compat_mtk_disp_mgr.c,767,usercopy,,yes,no,no,SOURCE_ONLY,"err |= put_user(i, &(data32->density));"
mt8183-kernel,platform/kernel/mediatek/mt8183/4.4/drivers/misc/mediatek/video/mt8183/videox/compat_mtk_disp_mgr.c,769,usercopy,,yes,no,no,SOURCE_ONLY,"err |= get_user(i, &(data->isConnected));"
mt8183-kernel,platform/kernel/mediatek/mt8183/4.4/drivers/misc/mediatek/video/mt8183/videox/compat_mtk_disp_mgr.c,770,usercopy,,yes,no,no,SOURCE_ONLY,"err |= put_user(i, &(data32->isConnected));"
mt8183-kernel,platform/kernel/mediatek/mt8183/4.4/drivers/misc/mediatek/video/mt8183/videox/compat_mtk_disp_mgr.c,772,usercopy,,yes,no,no,SOURCE_ONLY,"err |= get_user(u, &(data->isHDCPSupported));"
mt8183-kernel,platform/kernel/mediatek/mt8183/4.4/drivers/misc/mediatek/video/mt8183/videox/compat_mtk_disp_mgr.c,773,usercopy,,yes,no,no,SOURCE_ONLY,"err |= put_user(u, &(data32->isHDCPSupported));"
mt8183-kernel,platform/kernel/mediatek/mt8183/4.4/drivers/misc/mediatek/video/mt8183/videox/compat_mtk_disp_mgr.c,775,usercopy,,yes,no,no,SOURCE_ONLY,"err |= get_user(i, &(data->isOVLDisabled));"
mt8183-kernel,platform/kernel/mediatek/mt8183/4.4/drivers/misc/mediatek/video/mt8183/videox/compat_mtk_disp_mgr.c,776,usercopy,,yes,no,no,SOURCE_ONLY,"err |= put_user(i, &(data32->isOVLDisabled));"
mt8183-kernel,platform/kernel/mediatek/mt8183/4.4/drivers/misc/mediatek/video/mt8183/videox/compat_mtk_disp_mgr.c,778,usercopy,,yes,no,no,SOURCE_ONLY,"err |= get_user(i, &(data->is3DSupport));"
mt8183-kernel,platform/kernel/mediatek/mt8183/4.4/drivers/misc/mediatek/video/mt8183/videox/compat_mtk_disp_mgr.c,779,usercopy,,yes,no,no,SOURCE_ONLY,"err |= put_user(i, &(data32->is3DSupport));"
mt8183-kernel,platform/kernel/mediatek/mt8183/4.4/drivers/misc/mediatek/video/mt8183/videox/compat_mtk_disp_mgr.c,781,usercopy,,yes,no,no,SOURCE_ONLY,"err |= get_user(u, &(data->updateFPS));"
mt8183-kernel,platform/kernel/mediatek/mt8183/4.4/drivers/misc/mediatek/video/mt8183/videox/compat_mtk_disp_mgr.c,782,usercopy,,yes,no,no,SOURCE_ONLY,"err |= put_user(u, &(data32->updateFPS));"
mt8183-kernel,platform/kernel/mediatek/mt8183/4.4/drivers/misc/mediatek/video/mt8183/videox/compat_mtk_disp_mgr.c,784,usercopy,,yes,no,no,SOURCE_ONLY,"err |= get_user(u, &(data->is_updateFPS_stable));"
mt8183-kernel,platform/kernel/mediatek/mt8183/4.4/drivers/misc/mediatek/video/mt8183/videox/compat_mtk_disp_mgr.c,785,usercopy,,yes,no,no,SOURCE_ONLY,"err |= put_user(u, &(data32->is_updateFPS_stable));"
mt8183-kernel,platform/kernel/mediatek/mt8183/4.4/drivers/misc/mediatek/video/mt8183/videox/compat_mtk_disp_mgr.c,798,usercopy,,yes,no,no,SOURCE_ONLY,"err = get_user(u, &(data32->session_id));"
mt8183-kernel,platform/kernel/mediatek/mt8183/4.4/drivers/misc/mediatek/video/mt8183/videox/compat_mtk_disp_mgr.c,799,usercopy,,yes,no,no,SOURCE_ONLY,"err |= put_user(u, &(data->session_id));"
mt8183-kernel,platform/kernel/mediatek/mt8183/4.4/drivers/misc/mediatek/video/mt8183/videox/compat_mtk_disp_mgr.c,801,usercopy,,yes,no,no,SOURCE_ONLY,"err |= get_user(u, &(data32->layer_id));"
mt8183-kernel,platform/kernel/mediatek/mt8183/4.4/drivers/misc/mediatek/video/mt8183/videox/compat_mtk_disp_mgr.c,802,usercopy,,yes,no,no,SOURCE_ONLY,"err |= put_user(u, &(data->layer_id));"
mt8183-kernel,platform/kernel/mediatek/mt8183/4.4/drivers/misc/mediatek/video/mt8183/videox/compat_mtk_disp_mgr.c,804,usercopy,,yes,no,no,SOURCE_ONLY,"err |= get_user(u, &(data32->layer_en));"
mt8183-kernel,platform/kernel/mediatek/mt8183/4.4/drivers/misc/mediatek/video/mt8183/videox/compat_mtk_disp_mgr.c,805,usercopy,,yes,no,no,SOURCE_ONLY,"err |= put_user(u, &(data->layer_en));"
mt8183-kernel,platform/kernel/mediatek/mt8183/4.4/drivers/misc/mediatek/video/mt8183/videox/compat_mtk_disp_mgr.c,807,usercopy,,yes,no,no,SOURCE_ONLY,"err |= get_user(i, &(data32->ion_fd));"
mt8183-kernel,platform/kernel/mediatek/mt8183/4.4/drivers/misc/mediatek/video/mt8183/videox/compat_mtk_disp_mgr.c,808,usercopy,,yes,no,no,SOURCE_ONLY,"err |= put_user(i, &(data->ion_fd));"
mt8183-kernel,platform/kernel/mediatek/mt8183/4.4/drivers/misc/mediatek/video/mt8183/videox/compat_mtk_disp_mgr.c,810,usercopy,,yes,no,no,SOURCE_ONLY,"err |= get_user(u, &(data32->cache_sync));"
mt8183-kernel,platform/kernel/mediatek/mt8183/4.4/drivers/misc/mediatek/video/mt8183/videox/compat_mtk_disp_mgr.c,811,usercopy,,yes,no,no,SOURCE_ONLY,"err |= put_user(u, &(data->cache_sync));"
mt8183-kernel,platform/kernel/mediatek/mt8183/4.4/drivers/misc/mediatek/video/mt8183/videox/compat_mtk_disp_mgr.c,813,usercopy,,yes,no,no,SOURCE_ONLY,"err |= get_user(u, &(data32->index));"
mt8183-kernel,platform/kernel/mediatek/mt8183/4.4/drivers/misc/mediatek/video/mt8183/videox/compat_mtk_disp_mgr.c,814,usercopy,,yes,no,no,SOURCE_ONLY,"err |= put_user(u, &(data->index));"
mt8183-kernel,platform/kernel/mediatek/mt8183/4.4/drivers/misc/mediatek/video/mt8183/videox/compat_mtk_disp_mgr.c,816,usercopy,,yes,no,no,SOURCE_ONLY,"err |= get_user(i, &(data32->fence_fd));"
mt8183-kernel,platform/kernel/mediatek/mt8183/4.4/drivers/misc/mediatek/video/mt8183/videox/compat_mtk_disp_mgr.c,817,usercopy,,yes,no,no,SOURCE_ONLY,"err |= put_user(i, &(data->fence_fd));"
mt8183-kernel,platform/kernel/mediatek/mt8183/4.4/drivers/misc/mediatek/video/mt8183/videox/compat_mtk_disp_mgr.c,819,usercopy,,yes,no,no,SOURCE_ONLY,"err |= get_user(u, &(data32->interface_index));"
mt8183-kernel,platform/kernel/mediatek/mt8183/4.4/drivers/misc/mediatek/video/mt8183/videox/compat_mtk_disp_mgr.c,820,usercopy,,yes,no,no,SOURCE_ONLY,"err |= put_user(u, &(data->interface_index));"
mt8183-kernel,platform/kernel/mediatek/mt8183/4.4/drivers/misc/mediatek/video/mt8183/videox/compat_mtk_disp_mgr.c,822,usercopy,,yes,no,no,SOURCE_ONLY,"err |= get_user(i, &(data32->interface_fence_fd));"
mt8183-kernel,platform/kernel/mediatek/mt8183/4.4/drivers/misc/mediatek/video/mt8183/videox/compat_mtk_disp_mgr.c,823,usercopy,,yes,no,no,SOURCE_ONLY,"err |= put_user(i, &(data->interface_fence_fd));"
mt8183-kernel,platform/kernel/mediatek/mt8183/4.4/drivers/misc/mediatek/video/mt8183/videox/compat_mtk_disp_mgr.c,836,usercopy,,yes,no,no,SOURCE_ONLY,"err = get_user(u, &(data->session_id));"
mt8183-kernel,platform/kernel/mediatek/mt8183/4.4/drivers/misc/mediatek/video/mt8183/videox/compat_mtk_disp_mgr.c,837,usercopy,,yes,no,no,SOURCE_ONLY,"err |= put_user(u, &(data32->session_id));"
mt8183-kernel,platform/kernel/mediatek/mt8183/4.4/drivers/misc/mediatek/video/mt8183/videox/compat_mtk_disp_mgr.c,839,usercopy,,yes,no,no,SOURCE_ONLY,"err |= get_user(u, &(data->layer_id));"
mt8183-kernel,platform/kernel/mediatek/mt8183/4.4/drivers/misc/mediatek/video/mt8183/videox/compat_mtk_disp_mgr.c,840,usercopy,,yes,no,no,SOURCE_ONLY,"err |= put_user(u, &(data32->layer_id));"
mt8183-kernel,platform/kernel/mediatek/mt8183/4.4/drivers/misc/mediatek/video/mt8183/videox/compat_mtk_disp_mgr.c,842,usercopy,,yes,no,no,SOURCE_ONLY,"err |= get_user(u, &(data->layer_en));"
mt8183-kernel,platform/kernel/mediatek/mt8183/4.4/drivers/misc/mediatek/video/mt8183/videox/compat_mtk_disp_mgr.c,843,usercopy,,yes,no,no,SOURCE_ONLY,"err |= put_user(u, &(data32->layer_en));"
mt8183-kernel,platform/kernel/mediatek/mt8183/4.4/drivers/misc/mediatek/video/mt8183/videox/compat_mtk_disp_mgr.c,845,usercopy,,yes,no,no,SOURCE_ONLY,"err |= get_user(i, &(data->ion_fd));"
mt8183-kernel,platform/kernel/mediatek/mt8183/4.4/drivers/misc/mediatek/video/mt8183/videox/compat_mtk_disp_mgr.c,846,usercopy,,yes,no,no,SOURCE_ONLY,"err |= put_user(i, &(data32->ion_fd));"
mt8183-kernel,platform/kernel/mediatek/mt8183/4.4/drivers/misc/mediatek/video/mt8183/videox/compat_mtk_disp_mgr.c,848,usercopy,,yes,no,no,SOURCE_ONLY,"err |= get_user(u, &(data->cache_sync));"
mt8183-kernel,platform/kernel/mediatek/mt8183/4.4/drivers/misc/mediatek/video/mt8183/videox/compat_mtk_disp_mgr.c,849,usercopy,,yes,no,no,SOURCE_ONLY,"err |= put_user(u, &(data32->cache_sync));"
mt8183-kernel,platform/kernel/mediatek/mt8183/4.4/drivers/misc/mediatek/video/mt8183/videox/compat_mtk_disp_mgr.c,851,usercopy,,yes,no,no,SOURCE_ONLY,"err |= get_user(u, &(data->index));"
mt8183-kernel,platform/kernel/mediatek/mt8183/4.4/drivers/misc/mediatek/video/mt8183/videox/compat_mtk_disp_mgr.c,852,usercopy,,yes,no,no,SOURCE_ONLY,"err |= put_user(u, &(data32->index));"
mt8183-kernel,platform/kernel/mediatek/mt8183/4.4/drivers/misc/mediatek/video/mt8183/videox/compat_mtk_disp_mgr.c,854,usercopy,,yes,no,no,SOURCE_ONLY,"err |= get_user(i, &(data->fence_fd));"
mt8183-kernel,platform/kernel/mediatek/mt8183/4.4/drivers/misc/mediatek/video/mt8183/videox/compat_mtk_disp_mgr.c,855,usercopy,,yes,no,no,SOURCE_ONLY,"err |= put_user(i, &(data32->fence_fd));"
mt8183-kernel,platform/kernel/mediatek/mt8183/4.4/drivers/misc/mediatek/video/mt8183/videox/compat_mtk_disp_mgr.c,857,usercopy,,yes,no,no,SOURCE_ONLY,"err |= get_user(u, &(data->interface_index));"
mt8183-kernel,platform/kernel/mediatek/mt8183/4.4/drivers/misc/mediatek/video/mt8183/videox/compat_mtk_disp_mgr.c,858,usercopy,,yes,no,no,SOURCE_ONLY,"err |= put_user(u, &(data32->interface_index));"
mt8183-kernel,platform/kernel/mediatek/mt8183/4.4/drivers/misc/mediatek/video/mt8183/videox/compat_mtk_disp_mgr.c,860,usercopy,,yes,no,no,SOURCE_ONLY,"err |= get_user(i, &(data->interface_fence_fd));"
mt8183-kernel,platform/kernel/mediatek/mt8183/4.4/drivers/misc/mediatek/video/mt8183/videox/compat_mtk_disp_mgr.c,861,usercopy,,yes,no,no,SOURCE_ONLY,"err |= put_user(i, &(data32->interface_fence_fd));"
mt8183-kernel,platform/kernel/mediatek/mt8183/4.4/drivers/misc/mediatek/video/mt8183/videox/compat_mtk_disp_mgr.c,873,usercopy,,yes,no,no,SOURCE_ONLY,"err = get_user(u, &(data32->session_id));"
mt8183-kernel,platform/kernel/mediatek/mt8183/4.4/drivers/misc/mediatek/video/mt8183/videox/compat_mtk_disp_mgr.c,874,usercopy,,yes,no,no,SOURCE_ONLY,"err |= put_user(u, &(data->session_id));"
mt8183-kernel,platform/kernel/mediatek/mt8183/4.4/drivers/misc/mediatek/video/mt8183/videox/compat_mtk_disp_mgr.c,876,usercopy,,yes,no,no,SOURCE_ONLY,"err |= get_user(u, &(data32->present_fence_fd));"
mt8183-kernel,platform/kernel/mediatek/mt8183/4.4/drivers/misc/mediatek/video/mt8183/videox/compat_mtk_disp_mgr.c,877,usercopy,,yes,no,no,SOURCE_ONLY,"err |= put_user(u, &(data->present_fence_fd));"
mt8183-kernel,platform/kernel/mediatek/mt8183/4.4/drivers/misc/mediatek/video/mt8183/videox/compat_mtk_disp_mgr.c,879,usercopy,,yes,no,no,SOURCE_ONLY,"err |= get_user(u, &(data32->present_fence_index));"
mt8183-kernel,platform/kernel/mediatek/mt8183/4.4/drivers/misc/mediatek/video/mt8183/videox/compat_mtk_disp_mgr.c,880,usercopy,,yes,no,no,SOURCE_ONLY,"err |= put_user(u, &(data->present_fence_index));"
mt8183-kernel,platform/kernel/mediatek/mt8183/4.4/drivers/misc/mediatek/video/mt8183/videox/compat_mtk_disp_mgr.c,892,usercopy,,yes,no,no,SOURCE_ONLY,"err = get_user(u, &(data->session_id));"
mt8183-kernel,platform/kernel/mediatek/mt8183/4.4/drivers/misc/mediatek/video/mt8183/videox/compat_mtk_disp_mgr.c,893,usercopy,,yes,no,no,SOURCE_ONLY,"err |= put_user(u, &(data32->session_id));"
mt8183-kernel,platform/kernel/mediatek/mt8183/4.4/drivers/misc/mediatek/video/mt8183/videox/compat_mtk_disp_mgr.c,895,usercopy,,yes,no,no,SOURCE_ONLY,"err |= get_user(u, &(data->present_fence_fd));"
mt8183-kernel,platform/kernel/mediatek/mt8183/4.4/drivers/misc/mediatek/video/mt8183/videox/compat_mtk_disp_mgr.c,896,usercopy,,yes,no,no,SOURCE_ONLY,"err |= put_user(u, &(data32->present_fence_fd));"
mt8183-kernel,platform/kernel/mediatek/mt8183/4.4/drivers/misc/mediatek/video/mt8183/videox/compat_mtk_disp_mgr.c,898,usercopy,,yes,no,no,SOURCE_ONLY,"err |= get_user(u, &(data->present_fence_index));"
mt8183-kernel,platform/kernel/mediatek/mt8183/4.4/drivers/misc/mediatek/video/mt8183/videox/compat_mtk_disp_mgr.c,899,usercopy,,yes,no,no,SOURCE_ONLY,"err |= put_user(u, &(data32->present_fence_index));"
mt8183-kernel,platform/kernel/mediatek/mt8183/4.4/drivers/misc/mediatek/video/mt8183/videox/compat_mtk_disp_mgr.c,912,usercopy,,yes,no,no,SOURCE_ONLY,"err = get_user(u, &(data32->type));"
mt8183-kernel,platform/kernel/mediatek/mt8183/4.4/drivers/misc/mediatek/video/mt8183/videox/compat_mtk_disp_mgr.c,913,usercopy,,yes,no,no,SOURCE_ONLY,"err |= put_user(u, &(data->type));"
mt8183-kernel,platform/kernel/mediatek/mt8183/4.4/drivers/misc/mediatek/video/mt8183/videox/compat_mtk_disp_mgr.c,915,usercopy,,yes,no,no,SOURCE_ONLY,"err |= get_user(u, &(data32->device_id));"
mt8183-kernel,platform/kernel/mediatek/mt8183/4.4/drivers/misc/mediatek/video/mt8183/videox/compat_mtk_disp_mgr.c,916,usercopy,,yes,no,no,SOURCE_ONLY,"err |= put_user(u, &(data->device_id));"
mt8183-kernel,platform/kernel/mediatek/mt8183/4.4/drivers/misc/mediatek/video/mt8183/videox/compat_mtk_disp_mgr.c,918,usercopy,,yes,no,no,SOURCE_ONLY,"err |= get_user(u, &(data32->mode));"
mt8183-kernel,platform/kernel/mediatek/mt8183/4.4/drivers/misc/mediatek/video/mt8183/videox/compat_mtk_disp_mgr.c,919,usercopy,,yes,no,no,SOURCE_ONLY,"err |= put_user(u, &(data->mode));"
mt8183-kernel,platform/kernel/mediatek/mt8183/4.4/drivers/misc/mediatek/video/mt8183/videox/compat_mtk_disp_mgr.c,921,usercopy,,yes,no,no,SOURCE_ONLY,"err |= get_user(u, &(data32->session_id));"
mt8183-kernel,platform/kernel/mediatek/mt8183/4.4/drivers/misc/mediatek/video/mt8183/videox/compat_mtk_disp_mgr.c,922,usercopy,,yes,no,no,SOURCE_ONLY,"err |= put_user(u, &(data->session_id));"
mt8183-kernel,platform/kernel/mediatek/mt8183/4.4/drivers/misc/mediatek/video/mt8183/videox/compat_mtk_disp_mgr.c,924,usercopy,,yes,no,no,SOURCE_ONLY,"err |= get_user(u, &(data32->user));"
mt8183-kernel,platform/kernel/mediatek/mt8183/4.4/drivers/misc/mediatek/video/mt8183/videox/compat_mtk_disp_mgr.c,925,usercopy,,yes,no,no,SOURCE_ONLY,"err |= put_user(u, &(data->user));"
mt8183-kernel,platform/kernel/mediatek/mt8183/4.4/drivers/misc/mediatek/video/mt8183/videox/compat_mtk_disp_mgr.c,927,usercopy,,yes,no,no,SOURCE_ONLY,"err |= get_user(u, &(data32->present_fence_idx));"
mt8183-kernel,platform/kernel/mediatek/mt8183/4.4/drivers/misc/mediatek/video/mt8183/videox/compat_mtk_disp_mgr.c,928,usercopy,,yes,no,no,SOURCE_ONLY,"err |= put_user(u, &(data->present_fence_idx));"
mt8183-kernel,platform/kernel/mediatek/mt8183/4.4/drivers/misc/mediatek/video/mt8183/videox/compat_mtk_disp_mgr.c,930,usercopy,,yes,no,no,SOURCE_ONLY,"err |= get_user(u, &(data32->dc_type));"
mt8183-kernel,platform/kernel/mediatek/mt8183/4.4/drivers/misc/mediatek/video/mt8183/videox/compat_mtk_disp_mgr.c,931,usercopy,,yes,no,no,SOURCE_ONLY,"err |= put_user(u, &(data->dc_type));"
mt8183-kernel,platform/kernel/mediatek/mt8183/4.4/drivers/misc/mediatek/video/mt8183/videox/compat_mtk_disp_mgr.c,933,usercopy,,yes,no,no,SOURCE_ONLY,"err |= get_user(i, &(data32->need_merge));"
mt8183-kernel,platform/kernel/mediatek/mt8183/4.4/drivers/misc/mediatek/video/mt8183/videox/compat_mtk_disp_mgr.c,934,usercopy,,yes,no,no,SOURCE_ONLY,"err |= put_user(i, &(data->need_merge));"
mt8183-kernel,platform/kernel/mediatek/mt8183/4.4/drivers/misc/mediatek/video/mt8183/videox/compat_mtk_disp_mgr.c,948,usercopy,,yes,no,no,SOURCE_ONLY,"err = get_user(u, &(data->type));"
mt8183-kernel,platform/kernel/mediatek/mt8183/4.4/drivers/misc/mediatek/video/mt8183/videox/compat_mtk_disp_mgr.c,949,usercopy,,yes,no,no,SOURCE_ONLY,"err |= put_user(u, &(data32->type));"
mt8183-kernel,platform/kernel/mediatek/mt8183/4.4/drivers/misc/mediatek/video/mt8183/videox/compat_mtk_disp_mgr.c,951,usercopy,,yes,no,no,SOURCE_ONLY,"err |= get_user(u, &(data->device_id));"
mt8183-kernel,platform/kernel/mediatek/mt8183/4.4/drivers/misc/mediatek/video/mt8183/videox/compat_mtk_disp_mgr.c,952,usercopy,,yes,no,no,SOURCE_ONLY,"err |= put_user(u, &(data32->device_id));"
mt8183-kernel,platform/kernel/mediatek/mt8183/4.4/drivers/misc/mediatek/video/mt8183/videox/compat_mtk_disp_mgr.c,954,usercopy,,yes,no,no,SOURCE_ONLY,"err |= get_user(u, &(data->mode));"
mt8183-kernel,platform/kernel/mediatek/mt8183/4.4/drivers/misc/mediatek/video/mt8183/videox/compat_mtk_disp_mgr.c,955,usercopy,,yes,no,no,SOURCE_ONLY,"err |= put_user(u, &(data32->mode));"
mt8183-kernel,platform/kernel/mediatek/mt8183/4.4/drivers/misc/mediatek/video/mt8183/videox/compat_mtk_disp_mgr.c,957,usercopy,,yes,no,no,SOURCE_ONLY,"err |= get_user(u, &(data->session_id));"
mt8183-kernel,platform/kernel/mediatek/mt8183/4.4/drivers/misc/mediatek/video/mt8183/videox/compat_mtk_disp_mgr.c,958,usercopy,,yes,no,no,SOURCE_ONLY,"err |= put_user(u, &(data32->session_id));"
mt8183-kernel,platform/kernel/mediatek/mt8183/4.4/drivers/misc/mediatek/video/mt8183/videox/compat_mtk_disp_mgr.c,960,usercopy,,yes,no,no,SOURCE_ONLY,"err |= get_user(u, &(data->user));"
mt8183-kernel,platform/kernel/mediatek/mt8183/4.4/drivers/misc/mediatek/video/mt8183/videox/compat_mtk_disp_mgr.c,961,usercopy,,yes,no,no,SOURCE_ONLY,"err |= put_user(u, &(data32->user));"
mt8183-kernel,platform/kernel/mediatek/mt8183/4.4/drivers/misc/mediatek/video/mt8183/videox/compat_mtk_disp_mgr.c,963,usercopy,,yes,no,no,SOURCE_ONLY,"err |= get_user(u, &(data->present_fence_idx));"
mt8183-kernel,platform/kernel/mediatek/mt8183/4.4/drivers/misc/mediatek/video/mt8183/videox/compat_mtk_disp_mgr.c,964,usercopy,,yes,no,no,SOURCE_ONLY,"err |= put_user(u, &(data32->present_fence_idx));"
mt8183-kernel,platform/kernel/mediatek/mt8183/4.4/drivers/misc/mediatek/video/mt8183/videox/compat_mtk_disp_mgr.c,966,usercopy,,yes,no,no,SOURCE_ONLY,"err |= get_user(u, &(data->dc_type));"
mt8183-kernel,platform/kernel/mediatek/mt8183/4.4/drivers/misc/mediatek/video/mt8183/videox/compat_mtk_disp_mgr.c,967,usercopy,,yes,no,no,SOURCE_ONLY,"err |= put_user(u, &(data32->dc_type));"
mt8183-kernel,platform/kernel/mediatek/mt8183/4.4/drivers/misc/mediatek/video/mt8183/videox/compat_mtk_disp_mgr.c,969,usercopy,,yes,no,no,SOURCE_ONLY,"err |= get_user(i, &(data->need_merge));"
mt8183-kernel,platform/kernel/mediatek/mt8183/4.4/drivers/misc/mediatek/video/mt8183/videox/compat_mtk_disp_mgr.c,970,usercopy,,yes,no,no,SOURCE_ONLY,"err |= put_user(i, &(data32->need_merge));"
mt8183-kernel,platform/kernel/mediatek/mt8183/4.4/drivers/misc/mediatek/video/mt8183/videox/compat_mtk_disp_mgr.c,983,usercopy,,yes,no,no,SOURCE_ONLY,"err = get_user(u, &(data32->setter));"
mt8183-kernel,platform/kernel/mediatek/mt8183/4.4/drivers/misc/mediatek/video/mt8183/videox/compat_mtk_disp_mgr.c,984,usercopy,,yes,no,no,SOURCE_ONLY,"err |= put_user(u, &(data->setter));"
mt8183-kernel,platform/kernel/mediatek/mt8183/4.4/drivers/misc/mediatek/video/mt8183/videox/compat_mtk_disp_mgr.c,986,usercopy,,yes,no,no,SOURCE_ONLY,"err |= get_user(u, &(data32->session_id));"
mt8183-kernel,platform/kernel/mediatek/mt8183/4.4/drivers/misc/mediatek/video/mt8183/videox/compat_mtk_disp_mgr.c,987,usercopy,,yes,no,no,SOURCE_ONLY,"err |= put_user(u, &(data->session_id));"
mt8183-kernel,platform/kernel/mediatek/mt8183/4.4/drivers/misc/mediatek/video/mt8183/videox/compat_mtk_disp_mgr.c,989,usercopy,,yes,no,no,SOURCE_ONLY,"err |= get_user(u, &(data32->input_layer_num));"
mt8183-kernel,platform/kernel/mediatek/mt8183/4.4/drivers/misc/mediatek/video/mt8183/videox/compat_mtk_disp_mgr.c,990,usercopy,,yes,no,no,SOURCE_ONLY,"err |= put_user(u, &(data->input_layer_num));"
mt8183-kernel,platform/kernel/mediatek/mt8183/4.4/drivers/misc/mediatek/video/mt8183/videox/compat_mtk_disp_mgr.c,995,usercopy,,yes,no,no,SOURCE_ONLY,"err |= get_user(u, &(data32->overlap_layer_num));"
mt8183-kernel,platform/kernel/mediatek/mt8183/4.4/drivers/misc/mediatek/video/mt8183/videox/compat_mtk_disp_mgr.c,996,usercopy,,yes,no,no,SOURCE_ONLY,"err |= put_user(u, &(data->overlap_layer_num));"
mt8183-kernel,platform/kernel/mediatek/mt8183/4.4/drivers/misc/mediatek/video/mt8183/videox/compat_mtk_disp_mgr.c,998,usercopy,,yes,no,no,SOURCE_ONLY,"err |= get_user(u, &(data32->const_layer_num));"
mt8183-kernel,platform/kernel/mediatek/mt8183/4.4/drivers/misc/mediatek/video/mt8183/videox/compat_mtk_disp_mgr.c,999,usercopy,,yes,no,no,SOURCE_ONLY,"err |= put_user(u, &(data->const_layer_num));"
mt8183-kernel,platform/kernel/mediatek/mt8183/4.4/drivers/misc/mediatek/video/mt8183/videox/compat_mtk_disp_mgr.c,1004,usercopy,,yes,no,no,SOURCE_ONLY,"err |= get_user(u, &(data32->output_en));"
mt8183-kernel,platform/kernel/mediatek/mt8183/4.4/drivers/misc/mediatek/video/mt8183/videox/compat_mtk_disp_mgr.c,1005,usercopy,,yes,no,no,SOURCE_ONLY,"err |= put_user(u, &(data->output_en));"
mt8183-kernel,platform/kernel/mediatek/mt8183/4.4/drivers/misc/mediatek/video/mt8183/videox/compat_mtk_disp_mgr.c,1009,usercopy,,yes,no,no,SOURCE_ONLY,"err |= get_user(u, &(data32->mode));"
mt8183-kernel,platform/kernel/mediatek/mt8183/4.4/drivers/misc/mediatek/video/mt8183/videox/compat_mtk_disp_mgr.c,1010,usercopy,,yes,no,no,SOURCE_ONLY,"err |= put_user(u, &(data->mode));"
mt8183-kernel,platform/kernel/mediatek/mt8183/4.4/drivers/misc/mediatek/video/mt8183/videox/compat_mtk_disp_mgr.c,1012,usercopy,,yes,no,no,SOURCE_ONLY,"err |= get_user(u, &(data32->present_fence_idx));"
mt8183-kernel,platform/kernel/mediatek/mt8183/4.4/drivers/misc/mediatek/video/mt8183/videox/compat_mtk_disp_mgr.c,1013,usercopy,,yes,no,no,SOURCE_ONLY,"err |= put_user(u, &(data->present_fence_idx));"
mt8183-kernel,platform/kernel/mediatek/mt8183/4.4/drivers/misc/mediatek/video/mt8183/videox/compat_mtk_disp_mgr.c,1015,usercopy,,yes,no,no,SOURCE_ONLY,"err |= get_user(u, &(data32->prev_present_fence_fd));"
mt8183-kernel,platform/kernel/mediatek/mt8183/4.4/drivers/misc/mediatek/video/mt8183/videox/compat_mtk_disp_mgr.c,1016,usercopy,,yes,no,no,SOURCE_ONLY,"err |= put_user(u, &(data->prev_present_fence_fd));"
mt8183-kernel,platform/kernel/mediatek/mt8183/4.4/drivers/misc/mediatek/video/mt8183/videox/compat_mtk_disp_mgr.c,1018,usercopy,,yes,no,no,SOURCE_ONLY,"err |= get_user(p, (unsigned long *)&(data32->prev_present_fence_struct));"
mt8183-kernel,platform/kernel/mediatek/mt8183/4.4/drivers/misc/mediatek/video/mt8183/videox/compat_mtk_disp_mgr.c,1019,usercopy,,yes,no,no,SOURCE_ONLY,"err |= put_user(p, (unsigned long *)&(data->prev_present_fence_struct));"
mt8183-kernel,platform/kernel/mediatek/mt8183/4.4/drivers/misc/mediatek/video/mt8183/videox/compat_mtk_disp_mgr.c,1021,usercopy,,yes,no,no,SOURCE_ONLY,"err |= get_user(u, &(data32->tigger_mode));"
mt8183-kernel,platform/kernel/mediatek/mt8183/4.4/drivers/misc/mediatek/video/mt8183/videox/compat_mtk_disp_mgr.c,1022,usercopy,,yes,no,no,SOURCE_ONLY,"err |= put_user(u, &(data->tigger_mode));"
mt8183-kernel,platform/kernel/mediatek/mt8183/4.4/drivers/misc/mediatek/video/mt8183/videox/compat_mtk_disp_mgr.c,1024,usercopy,,yes,no,no,SOURCE_ONLY,"err |= get_user(u, &(data32->user));"
mt8183-kernel,platform/kernel/mediatek/mt8183/4.4/drivers/misc/mediatek/video/mt8183/videox/compat_mtk_disp_mgr.c,1025,usercopy,,yes,no,no,SOURCE_ONLY,"err |= put_user(u, &(data->user));"
mt8183-kernel,platform/kernel/mediatek/mt8183/4.4/drivers/misc/mediatek/video/mt8183/videox/compat_mtk_disp_mgr.c,1029,usercopy,,yes,no,no,SOURCE_ONLY,"err |= get_user(u, &(data32->res_idx));"
mt8183-kernel,platform/kernel/mediatek/mt8183/4.4/drivers/misc/mediatek/video/mt8183/videox/compat_mtk_disp_mgr.c,1030,usercopy,,yes,no,no,SOURCE_ONLY,"err |= put_user(u, &(data->res_idx));"
mt8183-kernel,platform/kernel/mediatek/mt8183/4.4/drivers/misc/mediatek/video/mt8183/videox/compat_mtk_disp_mgr.c,1458,usercopy,_compat_ioctl_screen_freeze,yes,no,no,SOURCE_ONLY,"if (get_user(data, data32)) {"
mt8183-kernel,platform/kernel/mediatek/mt8183/4.4/drivers/misc/mediatek/video/mt8183/videox/compat_mtk_disp_mgr.c,1474,usercopy,_compat_ioctl_wait_disp_self_refresh,yes,no,no,SOURCE_ONLY,"if (get_user(data, data32)) {"
mt8183-kernel,platform/kernel/mediatek/mt8183/4.4/drivers/misc/mediatek/video/mt8183/videox/debug.c,804,sysfs_or_store,,yes,no,yes,SOURCE_ONLY,"ret = kstrtouint(p, 0, &clk);"
mt8183-kernel,platform/kernel/mediatek/mt8183/4.4/drivers/misc/mediatek/video/mt8183/videox/debug.c,815,sysfs_or_store,,yes,no,yes,SOURCE_ONLY,"ret = kstrtouint(p, 0, &pattern);"
mt8183-kernel,platform/kernel/mediatek/mt8183/4.4/drivers/misc/mediatek/video/mt8183/videox/debug.c,844,sysfs_or_store,,yes,no,yes,SOURCE_ONLY,"ret = kstrtouint(p, 0, &blank);"
mt8183-kernel,platform/kernel/mediatek/mt8183/4.4/drivers/misc/mediatek/video/mt8183/videox/debug.c,947,sysfs_or_store,,yes,no,yes,SOURCE_ONLY,"ret = kstrtouint(p, 0, &method);"
mt8183-kernel,platform/kernel/mediatek/mt8183/4.4/drivers/misc/mediatek/video/mt8183/videox/debug.c,957,sysfs_or_store,,yes,no,yes,SOURCE_ONLY,"ret = kstrtouint(p, 0, &clk);"
mt8183-kernel,platform/kernel/mediatek/mt8183/4.4/drivers/misc/mediatek/video/mt8183/videox/debug.c,966,sysfs_or_store,,yes,no,yes,SOURCE_ONLY,"ret = kstrtouint(p, 0, &mode);"
mt8183-kernel,platform/kernel/mediatek/mt8183/4.4/drivers/misc/mediatek/video/mt8183/videox/debug.c,977,sysfs_or_store,,yes,no,yes,SOURCE_ONLY,"ret = kstrtouint(p, 0, &mode);"
mt8183-kernel,platform/kernel/mediatek/mt8183/4.4/drivers/misc/mediatek/video/mt8183/videox/debug.c,992,sysfs_or_store,,yes,no,yes,SOURCE_ONLY,"ret = kstrtouint(p, 0, &option);"
mt8183-kernel,platform/kernel/mediatek/mt8183/4.4/drivers/misc/mediatek/video/mt8183/videox/debug.c,1002,sysfs_or_store,,yes,no,yes,SOURCE_ONLY,"ret = kstrtouint(p, 0, &maxlayer);"
mt8183-kernel,platform/kernel/mediatek/mt8183/4.4/drivers/misc/mediatek/video/mt8183/videox/debug.c,1018,sysfs_or_store,,yes,no,yes,SOURCE_ONLY,"ret = kstrtouint(p, 0, &enable);"
mt8183-kernel,platform/kernel/mediatek/mt8183/4.4/drivers/misc/mediatek/video/mt8183/videox/debug.c,1030,sysfs_or_store,,yes,no,yes,SOURCE_ONLY,"ret = kstrtouint(p, 0, &mode);"
mt8183-kernel,platform/kernel/mediatek/mt8183/4.4/drivers/misc/mediatek/video/mt8183/videox/debug.c,1139,sysfs_or_store,,yes,no,yes,SOURCE_ONLY,"ret = kstrtouint(p, 0, &flg);"
mt8183-kernel,platform/kernel/mediatek/mt8183/4.4/drivers/misc/mediatek/video/mt8183/videox/debug.c,1166,sysfs_or_store,,yes,no,yes,SOURCE_ONLY,"ret = kstrtouint(p, 0, &disp_fps);"
mt8183-kernel,platform/kernel/mediatek/mt8183/4.4/drivers/misc/mediatek/video/mt8183/videox/debug.c,1473,usercopy,debug_write,yes,no,yes,SOURCE_ONLY,"if (copy_from_user(&cmd_buffer, ubuf, count))"
mt8183-kernel,platform/kernel/mediatek/mt8183/4.4/drivers/misc/mediatek/video/mt8183/videox/debug.c,1486,write_handler,debug_write,yes,no,yes,SOURCE_ONLY,".write = debug_write,"
mt8183-kernel,platform/kernel/mediatek/mt8183/4.4/drivers/misc/mediatek/video/mt8183/videox/debug.c,1530,debugfs,DBG_Init,yes,no,yes,SOURCE_ONLY,"mtkfb_dbgfs = debugfs_create_file(""mtkfb"", S_IFREG | S_IRUGO, NULL, (void *)0, &debug_fops);"
mt8183-kernel,platform/kernel/mediatek/mt8183/4.4/drivers/misc/mediatek/video/mt8183/videox/debug.c,1532,debugfs,DBG_Init,yes,no,yes,SOURCE_ONLY,"d_folder = debugfs_create_dir(""displowpower"", NULL);"
mt8183-kernel,platform/kernel/mediatek/mt8183/4.4/drivers/misc/mediatek/video/mt8183/videox/debug.c,1534,debugfs,DBG_Init,yes,no,yes,SOURCE_ONLY,"d_file = debugfs_create_file(""kickdump"", S_IFREG | S_IRUGO, d_folder, NULL, &kickidle_fops);"
mt8183-kernel,platform/kernel/mediatek/mt8183/4.4/drivers/misc/mediatek/video/mt8183/videox/debug.c,1535,debugfs,DBG_Init,yes,no,yes,SOURCE_ONLY,"d_file = debugfs_create_file(""partial"", S_IFREG | S_IRUGO, d_folder, NULL, &partial_fops);"
mt8183-kernel,platform/kernel/mediatek/mt8183/4.4/drivers/misc/mediatek/video/mt8183/videox/disp_helper.c,220,sysfs_or_store,disp_helper_get_option,no,no,no,SOURCE_ONLY,"ret = kstrtoint(CONFIG_CUSTOM_LCM_X, 0, &x);"
mt8183-kernel,platform/kernel/mediatek/mt8183/4.4/drivers/misc/mediatek/video/mt8183/videox/disp_helper.c,233,sysfs_or_store,disp_helper_get_option,no,no,no,SOURCE_ONLY,"ret = kstrtoint(CONFIG_CUSTOM_LCM_Y, 0, &y);"
mt8183-kernel,platform/kernel/mediatek/mt8183/4.4/drivers/misc/mediatek/video/mt8183/videox/fbconfig_kdebug.c,280,usercopy,fbconfig_ioctl,yes,no,yes,SOURCE_ONLY,"put_user(dsi_id, (unsigned long *)argp);"
mt8183-kernel,platform/kernel/mediatek/mt8183/4.4/drivers/misc/mediatek/video/mt8183/videox/fbconfig_kdebug.c,301,usercopy,fbconfig_ioctl,yes,no,yes,SOURCE_ONLY,"return copy_to_user(argp, &lcm_fb, sizeof(lcm_fb)) ? -EFAULT : 0;"
mt8183-kernel,platform/kernel/mediatek/mt8183/4.4/drivers/misc/mediatek/video/mt8183/videox/fbconfig_kdebug.c,313,usercopy,,yes,no,yes,SOURCE_ONLY,"return copy_to_user(argp, &lcm_id, sizeof(lcm_id)) ? -EFAULT : 0;"
mt8183-kernel,platform/kernel/mediatek/mt8183/4.4/drivers/misc/mediatek/video/mt8183/videox/fbconfig_kdebug.c,321,usercopy,,yes,no,yes,SOURCE_ONLY,"if (copy_from_user(&record_tmp_list->record, (void __user *)arg, sizeof(struct CONFIG_RECORD))) {"
mt8183-kernel,platform/kernel/mediatek/mt8183/4.4/drivers/misc/mediatek/video/mt8183/videox/fbconfig_kdebug.c,346,usercopy,,yes,no,yes,SOURCE_ONLY,"if (get_user(enable, (uint32_t __user *) argp)) {"
mt8183-kernel,platform/kernel/mediatek/mt8183/4.4/drivers/misc/mediatek/video/mt8183/videox/fbconfig_kdebug.c,360,usercopy,,yes,no,yes,SOURCE_ONLY,"return put_user(ret, (unsigned long *)argp);"
mt8183-kernel,platform/kernel/mediatek/mt8183/4.4/drivers/misc/mediatek/video/mt8183/videox/fbconfig_kdebug.c,366,usercopy,,yes,no,yes,SOURCE_ONLY,"if (get_user(clk, (uint32_t __user *) argp)) {"
mt8183-kernel,platform/kernel/mediatek/mt8183/4.4/drivers/misc/mediatek/video/mt8183/videox/fbconfig_kdebug.c,381,usercopy,,yes,no,yes,SOURCE_ONLY,"return put_user(clk, (unsigned long *)argp);"
mt8183-kernel,platform/kernel/mediatek/mt8183/4.4/drivers/misc/mediatek/video/mt8183/videox/fbconfig_kdebug.c,387,usercopy,,yes,no,yes,SOURCE_ONLY,"if (copy_from_user(&dsi_ssc, (void __user *)argp, sizeof(dsi_ssc))) {"
mt8183-kernel,platform/kernel/mediatek/mt8183/4.4/drivers/misc/mediatek/video/mt8183/videox/fbconfig_kdebug.c,403,usercopy,,yes,no,yes,SOURCE_ONLY,"return put_user(ssc, (unsigned long *)argp);"
mt8183-kernel,platform/kernel/mediatek/mt8183/4.4/drivers/misc/mediatek/video/mt8183/videox/fbconfig_kdebug.c,410,usercopy,,yes,no,yes,SOURCE_ONLY,"return put_user(lane_num, (unsigned long *)argp);"
mt8183-kernel,platform/kernel/mediatek/mt8183/4.4/drivers/misc/mediatek/video/mt8183/videox/fbconfig_kdebug.c,418,usercopy,,yes,no,yes,SOURCE_ONLY,"return put_user(ret, (unsigned long *)argp);"
mt8183-kernel,platform/kernel/mediatek/mt8183/4.4/drivers/misc/mediatek/video/mt8183/videox/fbconfig_kdebug.c,425,usercopy,,yes,no,yes,SOURCE_ONLY,"if (copy_from_user(&timing, (void __user *)argp, sizeof(timing))) {"
mt8183-kernel,platform/kernel/mediatek/mt8183/4.4/drivers/misc/mediatek/video/mt8183/videox/fbconfig_kdebug.c,433,usercopy,,yes,no,yes,SOURCE_ONLY,"return copy_to_user(argp, &timing, sizeof(timing)) ? -EFAULT : 0;"
mt8183-kernel,platform/kernel/mediatek/mt8183/4.4/drivers/misc/mediatek/video/mt8183/videox/fbconfig_kdebug.c,441,usercopy,,yes,no,yes,SOURCE_ONLY,"if (copy_from_user(&timing, (void __user *)argp, sizeof(timing))) {"
mt8183-kernel,platform/kernel/mediatek/mt8183/4.4/drivers/misc/mediatek/video/mt8183/videox/fbconfig_kdebug.c,472,usercopy,,yes,no,yes,SOURCE_ONLY,"if (copy_from_user(&esd_para, (void __user *)arg, sizeof(esd_para))) {"
mt8183-kernel,platform/kernel/mediatek/mt8183/4.4/drivers/misc/mediatek/video/mt8183/videox/fbconfig_kdebug.c,496,usercopy,,yes,no,yes,SOURCE_ONLY,"ret = copy_to_user(esd_para.esd_ret_buffer, buffer, esd_para.para_num);"
mt8183-kernel,platform/kernel/mediatek/mt8183/4.4/drivers/misc/mediatek/video/mt8183/videox/fbconfig_kdebug.c,504,usercopy,,yes,no,yes,SOURCE_ONLY,"if (get_user(te_enable, (unsigned long *)argp))"
mt8183-kernel,platform/kernel/mediatek/mt8183/4.4/drivers/misc/mediatek/video/mt8183/videox/fbconfig_kdebug.c,521,usercopy,,yes,no,yes,SOURCE_ONLY,"ret = copy_to_user(argp, &misc, sizeof(misc));"
mt8183-kernel,platform/kernel/mediatek/mt8183/4.4/drivers/misc/mediatek/video/mt8183/videox/fbconfig_kdebug.c,577,usercopy,,yes,no,yes,SOURCE_ONLY,"err = get_user(i, &data32->clock);"
mt8183-kernel,platform/kernel/mediatek/mt8183/4.4/drivers/misc/mediatek/video/mt8183/videox/fbconfig_kdebug.c,578,usercopy,,yes,no,yes,SOURCE_ONLY,"err |= put_user(i, &data->clock);"
mt8183-kernel,platform/kernel/mediatek/mt8183/4.4/drivers/misc/mediatek/video/mt8183/videox/fbconfig_kdebug.c,579,usercopy,,yes,no,yes,SOURCE_ONLY,"err |= get_user(i, &data32->lcm_type);"
mt8183-kernel,platform/kernel/mediatek/mt8183/4.4/drivers/misc/mediatek/video/mt8183/videox/fbconfig_kdebug.c,580,usercopy,,yes,no,yes,SOURCE_ONLY,"err |= put_user(i, &data->lcm_type);"
mt8183-kernel,platform/kernel/mediatek/mt8183/4.4/drivers/misc/mediatek/video/mt8183/videox/fbconfig_kdebug.c,591,usercopy,,yes,no,yes,SOURCE_ONLY,"err = get_user(i, &data->clock);"
mt8183-kernel,platform/kernel/mediatek/mt8183/4.4/drivers/misc/mediatek/video/mt8183/videox/fbconfig_kdebug.c,592,usercopy,,yes,no,yes,SOURCE_ONLY,"err |= put_user(i, &data32->clock);"
mt8183-kernel,platform/kernel/mediatek/mt8183/4.4/drivers/misc/mediatek/video/mt8183/videox/fbconfig_kdebug.c,593,usercopy,,yes,no,yes,SOURCE_ONLY,"err |= get_user(i, &data->lcm_type);"
mt8183-kernel,platform/kernel/mediatek/mt8183/4.4/drivers/misc/mediatek/video/mt8183/videox/fbconfig_kdebug.c,594,usercopy,,yes,no,yes,SOURCE_ONLY,"err |= put_user(i, &data32->lcm_type);"
mt8183-kernel,platform/kernel/mediatek/mt8183/4.4/drivers/misc/mediatek/video/mt8183/videox/fbconfig_kdebug.c,606,usercopy,,yes,no,yes,SOURCE_ONLY,"err = get_user(i, &data32->ins_num);"
mt8183-kernel,platform/kernel/mediatek/mt8183/4.4/drivers/misc/mediatek/video/mt8183/videox/fbconfig_kdebug.c,607,usercopy,,yes,no,yes,SOURCE_ONLY,"err |= put_user(i, &data->ins_num);"
mt8183-kernel,platform/kernel/mediatek/mt8183/4.4/drivers/misc/mediatek/video/mt8183/videox/fbconfig_kdebug.c,608,usercopy,,yes,no,yes,SOURCE_ONLY,"err |= get_user(i, &data32->type);"
mt8183-kernel,platform/kernel/mediatek/mt8183/4.4/drivers/misc/mediatek/video/mt8183/videox/fbconfig_kdebug.c,609,usercopy,,yes,no,yes,SOURCE_ONLY,"err |= put_user(i, &data->type);"
mt8183-kernel,platform/kernel/mediatek/mt8183/4.4/drivers/misc/mediatek/video/mt8183/videox/fbconfig_kdebug.c,612,usercopy,,yes,no,yes,SOURCE_ONLY,"err |= get_user(i, &data32->ins_array[n]);"
mt8183-kernel,platform/kernel/mediatek/mt8183/4.4/drivers/misc/mediatek/video/mt8183/videox/fbconfig_kdebug.c,613,usercopy,,yes,no,yes,SOURCE_ONLY,"err |= put_user(i, &data->ins_array[n]);"
mt8183-kernel,platform/kernel/mediatek/mt8183/4.4/drivers/misc/mediatek/video/mt8183/videox/fbconfig_kdebug.c,625,usercopy,,yes,no,yes,SOURCE_ONLY,"err = get_user(i, &data->ins_num);"
mt8183-kernel,platform/kernel/mediatek/mt8183/4.4/drivers/misc/mediatek/video/mt8183/videox/fbconfig_kdebug.c,626,usercopy,,yes,no,yes,SOURCE_ONLY,"err |= put_user(i, &data32->ins_num);"
mt8183-kernel,platform/kernel/mediatek/mt8183/4.4/drivers/misc/mediatek/video/mt8183/videox/fbconfig_kdebug.c,627,usercopy,,yes,no,yes,SOURCE_ONLY,"err |= get_user(i, &data->type);"
mt8183-kernel,platform/kernel/mediatek/mt8183/4.4/drivers/misc/mediatek/video/mt8183/videox/fbconfig_kdebug.c,628,usercopy,,yes,no,yes,SOURCE_ONLY,"err |= put_user(i, &data32->type);"
mt8183-kernel,platform/kernel/mediatek/mt8183/4.4/drivers/misc/mediatek/video/mt8183/videox/fbconfig_kdebug.c,631,usercopy,,yes,no,yes,SOURCE_ONLY,"err |= get_user(i, &data->ins_array[n]);"
mt8183-kernel,platform/kernel/mediatek/mt8183/4.4/drivers/misc/mediatek/video/mt8183/videox/fbconfig_kdebug.c,632,usercopy,,yes,no,yes,SOURCE_ONLY,"err |= put_user(i, &data32->ins_array[n]);"
mt8183-kernel,platform/kernel/mediatek/mt8183/4.4/drivers/misc/mediatek/video/mt8183/videox/fbconfig_kdebug.c,645,usercopy,,yes,no,yes,SOURCE_ONLY,"err |= get_user(i, &data32->dsi[n]);"
mt8183-kernel,platform/kernel/mediatek/mt8183/4.4/drivers/misc/mediatek/video/mt8183/videox/fbconfig_kdebug.c,646,usercopy,,yes,no,yes,SOURCE_ONLY,"err |= put_user(i, &data->dsi[n]);"
mt8183-kernel,platform/kernel/mediatek/mt8183/4.4/drivers/misc/mediatek/video/mt8183/videox/fbconfig_kdebug.c,659,usercopy,,yes,no,yes,SOURCE_ONLY,"err |= get_user(i, &data->dsi[n]);"
mt8183-kernel,platform/kernel/mediatek/mt8183/4.4/drivers/misc/mediatek/video/mt8183/videox/fbconfig_kdebug.c,660,usercopy,,yes,no,yes,SOURCE_ONLY,"err |= put_user(i, &data32->dsi[n]);"
mt8183-kernel,platform/kernel/mediatek/mt8183/4.4/drivers/misc/mediatek/video/mt8183/videox/fbconfig_kdebug.c,672,usercopy,,yes,no,yes,SOURCE_ONLY,"err = get_user(i, &data32->type);"
mt8183-kernel,platform/kernel/mediatek/mt8183/4.4/drivers/misc/mediatek/video/mt8183/videox/fbconfig_kdebug.c,673,usercopy,,yes,no,yes,SOURCE_ONLY,"err |= put_user(i, &data->type);"
mt8183-kernel,platform/kernel/mediatek/mt8183/4.4/drivers/misc/mediatek/video/mt8183/videox/fbconfig_kdebug.c,674,usercopy,,yes,no,yes,SOURCE_ONLY,"err |= get_user(d, &data32->value);"
mt8183-kernel,platform/kernel/mediatek/mt8183/4.4/drivers/misc/mediatek/video/mt8183/videox/fbconfig_kdebug.c,675,usercopy,,yes,no,yes,SOURCE_ONLY,"err |= put_user(d, &data->value);"
mt8183-kernel,platform/kernel/mediatek/mt8183/4.4/drivers/misc/mediatek/video/mt8183/videox/fbconfig_kdebug.c,686,usercopy,,yes,no,yes,SOURCE_ONLY,"err = get_user(i, &data->type);"
mt8183-kernel,platform/kernel/mediatek/mt8183/4.4/drivers/misc/mediatek/video/mt8183/videox/fbconfig_kdebug.c,687,usercopy,,yes,no,yes,SOURCE_ONLY,"err |= put_user(i, &data32->type);"
mt8183-kernel,platform/kernel/mediatek/mt8183/4.4/drivers/misc/mediatek/video/mt8183/videox/fbconfig_kdebug.c,688,usercopy,,yes,no,yes,SOURCE_ONLY,"err |= get_user(d, &data->value);"
mt8183-kernel,platform/kernel/mediatek/mt8183/4.4/drivers/misc/mediatek/video/mt8183/videox/fbconfig_kdebug.c,689,usercopy,,yes,no,yes,SOURCE_ONLY,"err |= put_user(d, &data32->value);"
mt8183-kernel,platform/kernel/mediatek/mt8183/4.4/drivers/misc/mediatek/video/mt8183/videox/fbconfig_kdebug.c,701,usercopy,,yes,no,yes,SOURCE_ONLY,"err |= get_user(i, &data32->layer_en[n]);"
mt8183-kernel,platform/kernel/mediatek/mt8183/4.4/drivers/misc/mediatek/video/mt8183/videox/fbconfig_kdebug.c,702,usercopy,,yes,no,yes,SOURCE_ONLY,"err |= put_user(i, &data->layer_en[n]);"
mt8183-kernel,platform/kernel/mediatek/mt8183/4.4/drivers/misc/mediatek/video/mt8183/videox/fbconfig_kdebug.c,715,usercopy,,yes,no,yes,SOURCE_ONLY,"err |= get_user(i, &data->layer_en[n]);"
mt8183-kernel,platform/kernel/mediatek/mt8183/4.4/drivers/misc/mediatek/video/mt8183/videox/fbconfig_kdebug.c,716,usercopy,,yes,no,yes,SOURCE_ONLY,"err |= put_user(i, &data32->layer_en[n]);"
mt8183-kernel,platform/kernel/mediatek/mt8183/4.4/drivers/misc/mediatek/video/mt8183/videox/fbconfig_kdebug.c,728,usercopy,,yes,no,yes,SOURCE_ONLY,"err = get_user(i, &data32->index);"
mt8183-kernel,platform/kernel/mediatek/mt8183/4.4/drivers/misc/mediatek/video/mt8183/videox/fbconfig_kdebug.c,729,usercopy,,yes,no,yes,SOURCE_ONLY,"err |= put_user(i, &data->index);"
mt8183-kernel,platform/kernel/mediatek/mt8183/4.4/drivers/misc/mediatek/video/mt8183/videox/fbconfig_kdebug.c,730,usercopy,,yes,no,yes,SOURCE_ONLY,"err |= get_user(i, &data32->height);"
mt8183-kernel,platform/kernel/mediatek/mt8183/4.4/drivers/misc/mediatek/video/mt8183/videox/fbconfig_kdebug.c,731,usercopy,,yes,no,yes,SOURCE_ONLY,"err |= put_user(i, &data->height);"
mt8183-kernel,platform/kernel/mediatek/mt8183/4.4/drivers/misc/mediatek/video/mt8183/videox/fbconfig_kdebug.c,732,usercopy,,yes,no,yes,SOURCE_ONLY,"err |= get_user(i, &data32->width);"
mt8183-kernel,platform/kernel/mediatek/mt8183/4.4/drivers/misc/mediatek/video/mt8183/videox/fbconfig_kdebug.c,733,usercopy,,yes,no,yes,SOURCE_ONLY,"err |= put_user(i, &data->width);"
mt8183-kernel,platform/kernel/mediatek/mt8183/4.4/drivers/misc/mediatek/video/mt8183/videox/fbconfig_kdebug.c,734,usercopy,,yes,no,yes,SOURCE_ONLY,"err |= get_user(i, &data32->fmt);"
mt8183-kernel,platform/kernel/mediatek/mt8183/4.4/drivers/misc/mediatek/video/mt8183/videox/fbconfig_kdebug.c,735,usercopy,,yes,no,yes,SOURCE_ONLY,"err |= put_user(i, &data->fmt);"
mt8183-kernel,platform/kernel/mediatek/mt8183/4.4/drivers/misc/mediatek/video/mt8183/videox/fbconfig_kdebug.c,736,usercopy,,yes,no,yes,SOURCE_ONLY,"err |= get_user(d, &data32->layer_size);"
mt8183-kernel,platform/kernel/mediatek/mt8183/4.4/drivers/misc/mediatek/video/mt8183/videox/fbconfig_kdebug.c,737,usercopy,,yes,no,yes,SOURCE_ONLY,"err |= put_user(d, &data->layer_size);"
mt8183-kernel,platform/kernel/mediatek/mt8183/4.4/drivers/misc/mediatek/video/mt8183/videox/fbconfig_kdebug.c,749,usercopy,,yes,no,yes,SOURCE_ONLY,"err = get_user(i, &data->index);"
mt8183-kernel,platform/kernel/mediatek/mt8183/4.4/drivers/misc/mediatek/video/mt8183/videox/fbconfig_kdebug.c,750,usercopy,,yes,no,yes,SOURCE_ONLY,"err |= put_user(i, &data32->index);"
mt8183-kernel,platform/kernel/mediatek/mt8183/4.4/drivers/misc/mediatek/video/mt8183/videox/fbconfig_kdebug.c,751,usercopy,,yes,no,yes,SOURCE_ONLY,"err |= get_user(i, &data->height);"
mt8183-kernel,platform/kernel/mediatek/mt8183/4.4/drivers/misc/mediatek/video/mt8183/videox/fbconfig_kdebug.c,752,usercopy,,yes,no,yes,SOURCE_ONLY,"err |= put_user(i, &data32->height);"
mt8183-kernel,platform/kernel/mediatek/mt8183/4.4/drivers/misc/mediatek/video/mt8183/videox/fbconfig_kdebug.c,753,usercopy,,yes,no,yes,SOURCE_ONLY,"err |= get_user(i, &data->width);"
mt8183-kernel,platform/kernel/mediatek/mt8183/4.4/drivers/misc/mediatek/video/mt8183/videox/fbconfig_kdebug.c,754,usercopy,,yes,no,yes,SOURCE_ONLY,"err |= put_user(i, &data32->width);"
mt8183-kernel,platform/kernel/mediatek/mt8183/4.4/drivers/misc/mediatek/video/mt8183/videox/fbconfig_kdebug.c,755,usercopy,,yes,no,yes,SOURCE_ONLY,"err |= get_user(i, &data->fmt);"
mt8183-kernel,platform/kernel/mediatek/mt8183/4.4/drivers/misc/mediatek/video/mt8183/videox/fbconfig_kdebug.c,756,usercopy,,yes,no,yes,SOURCE_ONLY,"err |= put_user(i, &data32->fmt);"
mt8183-kernel,platform/kernel/mediatek/mt8183/4.4/drivers/misc/mediatek/video/mt8183/videox/fbconfig_kdebug.c,757,usercopy,,yes,no,yes,SOURCE_ONLY,"err |= get_user(d, &data->layer_size);"
mt8183-kernel,platform/kernel/mediatek/mt8183/4.4/drivers/misc/mediatek/video/mt8183/videox/fbconfig_kdebug.c,758,usercopy,,yes,no,yes,SOURCE_ONLY,"err |= put_user(d, &data32->layer_size);"
mt8183-kernel,platform/kernel/mediatek/mt8183/4.4/drivers/misc/mediatek/video/mt8183/videox/fbconfig_kdebug.c,770,usercopy,,yes,no,yes,SOURCE_ONLY,"err = get_user(i, &data32->addr);"
mt8183-kernel,platform/kernel/mediatek/mt8183/4.4/drivers/misc/mediatek/video/mt8183/videox/fbconfig_kdebug.c,771,usercopy,,yes,no,yes,SOURCE_ONLY,"err |= put_user(i, &data->addr);"
mt8183-kernel,platform/kernel/mediatek/mt8183/4.4/drivers/misc/mediatek/video/mt8183/videox/fbconfig_kdebug.c,772,usercopy,,yes,no,yes,SOURCE_ONLY,"err |= get_user(i, &data32->type);"
mt8183-kernel,platform/kernel/mediatek/mt8183/4.4/drivers/misc/mediatek/video/mt8183/videox/fbconfig_kdebug.c,773,usercopy,,yes,no,yes,SOURCE_ONLY,"err |= put_user(i, &data->type);"
mt8183-kernel,platform/kernel/mediatek/mt8183/4.4/drivers/misc/mediatek/video/mt8183/videox/fbconfig_kdebug.c,774,usercopy,,yes,no,yes,SOURCE_ONLY,"err |= get_user(i, &data32->para_num);"
mt8183-kernel,platform/kernel/mediatek/mt8183/4.4/drivers/misc/mediatek/video/mt8183/videox/fbconfig_kdebug.c,775,usercopy,,yes,no,yes,SOURCE_ONLY,"err |= put_user(i, &data->para_num);"
mt8183-kernel,platform/kernel/mediatek/mt8183/4.4/drivers/misc/mediatek/video/mt8183/videox/fbconfig_kdebug.c,776,usercopy,,yes,no,yes,SOURCE_ONLY,"err |= get_user(d, &data32->esd_ret_buffer);"
mt8183-kernel,platform/kernel/mediatek/mt8183/4.4/drivers/misc/mediatek/video/mt8183/videox/fbconfig_kdebug.c,777,usercopy,,yes,no,yes,SOURCE_ONLY,"err |= put_user((unsigned char *)(unsigned long)d, &data->esd_ret_buffer);"
mt8183-kernel,platform/kernel/mediatek/mt8183/4.4/drivers/misc/mediatek/video/mt8183/videox/fbconfig_kdebug.c,789,usercopy,,yes,no,yes,SOURCE_ONLY,"err = get_user(i, &data->addr);"
mt8183-kernel,platform/kernel/mediatek/mt8183/4.4/drivers/misc/mediatek/video/mt8183/videox/fbconfig_kdebug.c,790,usercopy,,yes,no,yes,SOURCE_ONLY,"err |= put_user(i, &data32->addr);"
mt8183-kernel,platform/kernel/mediatek/mt8183/4.4/drivers/misc/mediatek/video/mt8183/videox/fbconfig_kdebug.c,791,usercopy,,yes,no,yes,SOURCE_ONLY,"err |= get_user(i, &data->type);"
mt8183-kernel,platform/kernel/mediatek/mt8183/4.4/drivers/misc/mediatek/video/mt8183/videox/fbconfig_kdebug.c,792,usercopy,,yes,no,yes,SOURCE_ONLY,"err |= put_user(i, &data32->type);"
mt8183-kernel,platform/kernel/mediatek/mt8183/4.4/drivers/misc/mediatek/video/mt8183/videox/fbconfig_kdebug.c,793,usercopy,,yes,no,yes,SOURCE_ONLY,"err |= get_user(i, &data->para_num);"
mt8183-kernel,platform/kernel/mediatek/mt8183/4.4/drivers/misc/mediatek/video/mt8183/videox/fbconfig_kdebug.c,794,usercopy,,yes,no,yes,SOURCE_ONLY,"err |= put_user(i, &data32->para_num);"
mt8183-kernel,platform/kernel/mediatek/mt8183/4.4/drivers/misc/mediatek/video/mt8183/videox/fbconfig_kdebug.c,795,usercopy,,yes,no,yes,SOURCE_ONLY,"err |= get_user(d, (compat_uint_t *)&data->esd_ret_buffer);"
mt8183-kernel,platform/kernel/mediatek/mt8183/4.4/drivers/misc/mediatek/video/mt8183/videox/fbconfig_kdebug.c,796,usercopy,,yes,no,yes,SOURCE_ONLY,"err |= put_user(d, &data32->esd_ret_buffer);"
mt8183-kernel,platform/kernel/mediatek/mt8183/4.4/drivers/misc/mediatek/video/mt8183/videox/fbconfig_kdebug.c,821,usercopy,compat_fbconfig_ioctl,yes,no,yes,SOURCE_ONLY,"err = get_user(d, data32);"
mt8183-kernel,platform/kernel/mediatek/mt8183/4.4/drivers/misc/mediatek/video/mt8183/videox/fbconfig_kdebug.c,822,usercopy,compat_fbconfig_ioctl,yes,no,yes,SOURCE_ONLY,"err |= put_user(d, data);"
mt8183-kernel,platform/kernel/mediatek/mt8183/4.4/drivers/misc/mediatek/video/mt8183/videox/fbconfig_kdebug.c,827,usercopy,compat_fbconfig_ioctl,yes,no,yes,SOURCE_ONLY,"err |= get_user(d, data);"
mt8183-kernel,platform/kernel/mediatek/mt8183/4.4/drivers/misc/mediatek/video/mt8183/videox/fbconfig_kdebug.c,828,usercopy,compat_fbconfig_ioctl,yes,no,yes,SOURCE_ONLY,"err |= put_user(d, data32);"
mt8183-kernel,platform/kernel/mediatek/mt8183/4.4/drivers/misc/mediatek/video/mt8183/videox/fbconfig_kdebug.c,843,usercopy,compat_fbconfig_ioctl,yes,no,yes,SOURCE_ONLY,"err = get_user(d, data32);"
mt8183-kernel,platform/kernel/mediatek/mt8183/4.4/drivers/misc/mediatek/video/mt8183/videox/fbconfig_kdebug.c,844,usercopy,compat_fbconfig_ioctl,yes,no,yes,SOURCE_ONLY,"err |= put_user(d, data);"
mt8183-kernel,platform/kernel/mediatek/mt8183/4.4/drivers/misc/mediatek/video/mt8183/videox/fbconfig_kdebug.c,850,usercopy,,yes,no,yes,SOURCE_ONLY,"err |= get_user(d, data);"
mt8183-kernel,platform/kernel/mediatek/mt8183/4.4/drivers/misc/mediatek/video/mt8183/videox/fbconfig_kdebug.c,851,usercopy,,yes,no,yes,SOURCE_ONLY,"err |= put_user(d, data32);"
mt8183-kernel,platform/kernel/mediatek/mt8183/4.4/drivers/misc/mediatek/video/mt8183/videox/fbconfig_kdebug.c,885,usercopy,,yes,no,yes,SOURCE_ONLY,"err = get_user(d, data32);"
mt8183-kernel,platform/kernel/mediatek/mt8183/4.4/drivers/misc/mediatek/video/mt8183/videox/fbconfig_kdebug.c,886,usercopy,,yes,no,yes,SOURCE_ONLY,"err |= put_user(d, data);"
mt8183-kernel,platform/kernel/mediatek/mt8183/4.4/drivers/misc/mediatek/video/mt8183/videox/fbconfig_kdebug.c,891,usercopy,,yes,no,yes,SOURCE_ONLY,"err |= get_user(d, data);"
mt8183-kernel,platform/kernel/mediatek/mt8183/4.4/drivers/misc/mediatek/video/mt8183/videox/fbconfig_kdebug.c,892,usercopy,,yes,no,yes,SOURCE_ONLY,"err |= put_user(d, data32);"
mt8183-kernel,platform/kernel/mediatek/mt8183/4.4/drivers/misc/mediatek/video/mt8183/videox/fbconfig_kdebug.c,926,usercopy,,yes,no,yes,SOURCE_ONLY,"err = get_user(d, data32);"
mt8183-kernel,platform/kernel/mediatek/mt8183/4.4/drivers/misc/mediatek/video/mt8183/videox/fbconfig_kdebug.c,927,usercopy,,yes,no,yes,SOURCE_ONLY,"err |= put_user(d, data);"
mt8183-kernel,platform/kernel/mediatek/mt8183/4.4/drivers/misc/mediatek/video/mt8183/videox/fbconfig_kdebug.c,932,usercopy,,yes,no,yes,SOURCE_ONLY,"err |= get_user(d, data);"
mt8183-kernel,platform/kernel/mediatek/mt8183/4.4/drivers/misc/mediatek/video/mt8183/videox/fbconfig_kdebug.c,933,usercopy,,yes,no,yes,SOURCE_ONLY,"err |= put_user(d, data32);"
mt8183-kernel,platform/kernel/mediatek/mt8183/4.4/drivers/misc/mediatek/video/mt8183/videox/fbconfig_kdebug.c,948,usercopy,,yes,no,yes,SOURCE_ONLY,"err = get_user(d, data32);"
mt8183-kernel,platform/kernel/mediatek/mt8183/4.4/drivers/misc/mediatek/video/mt8183/videox/fbconfig_kdebug.c,949,usercopy,,yes,no,yes,SOURCE_ONLY,"err |= put_user(d, data);"
mt8183-kernel,platform/kernel/mediatek/mt8183/4.4/drivers/misc/mediatek/video/mt8183/videox/fbconfig_kdebug.c,954,usercopy,,yes,no,yes,SOURCE_ONLY,"err |= get_user(d, data);"
mt8183-kernel,platform/kernel/mediatek/mt8183/4.4/drivers/misc/mediatek/video/mt8183/videox/fbconfig_kdebug.c,955,usercopy,,yes,no,yes,SOURCE_ONLY,"err |= put_user(d, data32);"
mt8183-kernel,platform/kernel/mediatek/mt8183/4.4/drivers/misc/mediatek/video/mt8183/videox/fbconfig_kdebug.c,971,usercopy,,yes,no,yes,SOURCE_ONLY,"err = get_user(d, data32);"
mt8183-kernel,platform/kernel/mediatek/mt8183/4.4/drivers/misc/mediatek/video/mt8183/videox/fbconfig_kdebug.c,972,usercopy,,yes,no,yes,SOURCE_ONLY,"err |= put_user(d, data);"
mt8183-kernel,platform/kernel/mediatek/mt8183/4.4/drivers/misc/mediatek/video/mt8183/videox/fbconfig_kdebug.c,977,usercopy,,yes,no,yes,SOURCE_ONLY,"err |= get_user(d, data);"
mt8183-kernel,platform/kernel/mediatek/mt8183/4.4/drivers/misc/mediatek/video/mt8183/videox/fbconfig_kdebug.c,978,usercopy,,yes,no,yes,SOURCE_ONLY,"err |= put_user(d, data32);"
mt8183-kernel,platform/kernel/mediatek/mt8183/4.4/drivers/misc/mediatek/video/mt8183/videox/fbconfig_kdebug.c,993,usercopy,,yes,no,yes,SOURCE_ONLY,"err = get_user(d, data32);"
mt8183-kernel,platform/kernel/mediatek/mt8183/4.4/drivers/misc/mediatek/video/mt8183/videox/fbconfig_kdebug.c,994,usercopy,,yes,no,yes,SOURCE_ONLY,"err |= put_user(d, data);"
mt8183-kernel,platform/kernel/mediatek/mt8183/4.4/drivers/misc/mediatek/video/mt8183/videox/fbconfig_kdebug.c,999,usercopy,,yes,no,yes,SOURCE_ONLY,"err |= get_user(d, data);"
mt8183-kernel,platform/kernel/mediatek/mt8183/4.4/drivers/misc/mediatek/video/mt8183/videox/fbconfig_kdebug.c,1000,usercopy,,yes,no,yes,SOURCE_ONLY,"err |= put_user(d, data32);"
mt8183-kernel,platform/kernel/mediatek/mt8183/4.4/drivers/misc/mediatek/video/mt8183/videox/fbconfig_kdebug.c,1015,usercopy,,yes,no,yes,SOURCE_ONLY,"err = get_user(d, data32);"
mt8183-kernel,platform/kernel/mediatek/mt8183/4.4/drivers/misc/mediatek/video/mt8183/videox/fbconfig_kdebug.c,1016,usercopy,,yes,no,yes,SOURCE_ONLY,"err |= put_user(d, data);"
mt8183-kernel,platform/kernel/mediatek/mt8183/4.4/drivers/misc/mediatek/video/mt8183/videox/fbconfig_kdebug.c,1021,usercopy,,yes,no,yes,SOURCE_ONLY,"err |= get_user(d, data);"
mt8183-kernel,platform/kernel/mediatek/mt8183/4.4/drivers/misc/mediatek/video/mt8183/videox/fbconfig_kdebug.c,1022,usercopy,,yes,no,yes,SOURCE_ONLY,"err |= put_user(d, data32);"
mt8183-kernel,platform/kernel/mediatek/mt8183/4.4/drivers/misc/mediatek/video/mt8183/videox/fbconfig_kdebug.c,1057,usercopy,,yes,no,yes,SOURCE_ONLY,"err = get_user(d, data32);"
mt8183-kernel,platform/kernel/mediatek/mt8183/4.4/drivers/misc/mediatek/video/mt8183/videox/fbconfig_kdebug.c,1058,usercopy,,yes,no,yes,SOURCE_ONLY,"err |= put_user(d, data);"
mt8183-kernel,platform/kernel/mediatek/mt8183/4.4/drivers/misc/mediatek/video/mt8183/videox/fbconfig_kdebug.c,1063,usercopy,,yes,no,yes,SOURCE_ONLY,"err |= get_user(d, data);"
mt8183-kernel,platform/kernel/mediatek/mt8183/4.4/drivers/misc/mediatek/video/mt8183/videox/fbconfig_kdebug.c,1064,usercopy,,yes,no,yes,SOURCE_ONLY,"err |= put_user(d, data32);"
mt8183-kernel,platform/kernel/mediatek/mt8183/4.4/drivers/misc/mediatek/video/mt8183/videox/fbconfig_kdebug.c,1079,usercopy,,yes,no,yes,SOURCE_ONLY,"err = get_user(d, data32);"
mt8183-kernel,platform/kernel/mediatek/mt8183/4.4/drivers/misc/mediatek/video/mt8183/videox/fbconfig_kdebug.c,1080,usercopy,,yes,no,yes,SOURCE_ONLY,"err |= put_user(d, data);"
mt8183-kernel,platform/kernel/mediatek/mt8183/4.4/drivers/misc/mediatek/video/mt8183/videox/fbconfig_kdebug.c,1085,usercopy,,yes,no,yes,SOURCE_ONLY,"err |= get_user(d, data);"
mt8183-kernel,platform/kernel/mediatek/mt8183/4.4/drivers/misc/mediatek/video/mt8183/videox/fbconfig_kdebug.c,1086,usercopy,,yes,no,yes,SOURCE_ONLY,"err |= put_user(d, data32);"
mt8183-kernel,platform/kernel/mediatek/mt8183/4.4/drivers/misc/mediatek/video/mt8183/videox/fbconfig_kdebug.c,1101,usercopy,,yes,no,yes,SOURCE_ONLY,"err = get_user(i, data32);"
mt8183-kernel,platform/kernel/mediatek/mt8183/4.4/drivers/misc/mediatek/video/mt8183/videox/fbconfig_kdebug.c,1102,usercopy,,yes,no,yes,SOURCE_ONLY,"err |= put_user(i, data);"
mt8183-kernel,platform/kernel/mediatek/mt8183/4.4/drivers/misc/mediatek/video/mt8183/videox/fbconfig_kdebug.c,1107,usercopy,,yes,no,yes,SOURCE_ONLY,"err |= get_user(i, data);"
mt8183-kernel,platform/kernel/mediatek/mt8183/4.4/drivers/misc/mediatek/video/mt8183/videox/fbconfig_kdebug.c,1108,usercopy,,yes,no,yes,SOURCE_ONLY,"err |= put_user(i, data32);"
mt8183-kernel,platform/kernel/mediatek/mt8183/4.4/drivers/misc/mediatek/video/mt8183/videox/fbconfig_kdebug.c,1223,usercopy,,yes,no,yes,SOURCE_ONLY,"err = get_user(d, data32);"
mt8183-kernel,platform/kernel/mediatek/mt8183/4.4/drivers/misc/mediatek/video/mt8183/videox/fbconfig_kdebug.c,1224,usercopy,,yes,no,yes,SOURCE_ONLY,"err |= put_user(d, data);"
mt8183-kernel,platform/kernel/mediatek/mt8183/4.4/drivers/misc/mediatek/video/mt8183/videox/fbconfig_kdebug.c,1229,usercopy,,yes,no,yes,SOURCE_ONLY,"err |= get_user(d, data);"
mt8183-kernel,platform/kernel/mediatek/mt8183/4.4/drivers/misc/mediatek/video/mt8183/videox/fbconfig_kdebug.c,1230,usercopy,,yes,no,yes,SOURCE_ONLY,"err |= put_user(d, data32);"
mt8183-kernel,platform/kernel/mediatek/mt8183/4.4/drivers/misc/mediatek/video/mt8183/videox/fbconfig_kdebug.c,1245,usercopy,,yes,no,yes,SOURCE_ONLY,"err = get_user(d, data32);"
mt8183-kernel,platform/kernel/mediatek/mt8183/4.4/drivers/misc/mediatek/video/mt8183/videox/fbconfig_kdebug.c,1246,usercopy,,yes,no,yes,SOURCE_ONLY,"err |= put_user(d, data);"
mt8183-kernel,platform/kernel/mediatek/mt8183/4.4/drivers/misc/mediatek/video/mt8183/videox/fbconfig_kdebug.c,1251,usercopy,,yes,no,yes,SOURCE_ONLY,"err |= get_user(d, data);"
mt8183-kernel,platform/kernel/mediatek/mt8183/4.4/drivers/misc/mediatek/video/mt8183/videox/fbconfig_kdebug.c,1252,usercopy,,yes,no,yes,SOURCE_ONLY,"err |= put_user(d, data32);"
mt8183-kernel,platform/kernel/mediatek/mt8183/4.4/drivers/misc/mediatek/video/mt8183/videox/fbconfig_kdebug.c,1267,usercopy,,yes,no,yes,SOURCE_ONLY,"err = get_user(d, data32);"
mt8183-kernel,platform/kernel/mediatek/mt8183/4.4/drivers/misc/mediatek/video/mt8183/videox/fbconfig_kdebug.c,1268,usercopy,,yes,no,yes,SOURCE_ONLY,"err |= put_user(d, data);"
mt8183-kernel,platform/kernel/mediatek/mt8183/4.4/drivers/misc/mediatek/video/mt8183/videox/fbconfig_kdebug.c,1273,usercopy,,yes,no,yes,SOURCE_ONLY,"err |= get_user(d, data);"
mt8183-kernel,platform/kernel/mediatek/mt8183/4.4/drivers/misc/mediatek/video/mt8183/videox/fbconfig_kdebug.c,1274,usercopy,,yes,no,yes,SOURCE_ONLY,"err |= put_user(d, data32);"
mt8183-kernel,platform/kernel/mediatek/mt8183/4.4/drivers/misc/mediatek/video/mt8183/videox/fbconfig_kdebug.c,1287,write_handler,,yes,no,yes,SOURCE_ONLY,".write = fbconfig_write,"
mt8183-kernel,platform/kernel/mediatek/mt8183/4.4/drivers/misc/mediatek/video/mt8183/videox/fbconfig_kdebug.c,1289,ioctl_entry;write_handler,,yes,no,yes,SOURCE_ONLY,".unlocked_ioctl = fbconfig_ioctl,"
mt8183-kernel,platform/kernel/mediatek/mt8183/4.4/drivers/misc/mediatek/video/mt8183/videox/fbconfig_kdebug.c,1291,ioctl_entry;write_handler,,yes,no,yes,SOURCE_ONLY,".compat_ioctl = compat_fbconfig_ioctl,"
mt8183-kernel,platform/kernel/mediatek/mt8183/4.4/drivers/misc/mediatek/video/mt8183/videox/fbconfig_kdebug.c,1298,debugfs,PanelMaster_Init,yes,no,yes,SOURCE_ONLY,"ConfigPara_dbgfs = debugfs_create_file(""fbconfig"","
mt8183-kernel,platform/kernel/mediatek/mt8183/4.4/drivers/misc/mediatek/video/mt8183/videox/mtk_disp_mgr.c,307,usercopy,_ioctl_create_session,yes,no,yes,SOURCE_ONLY,"if (copy_from_user(&config, argp, sizeof(config))) {"
mt8183-kernel,platform/kernel/mediatek/mt8183/4.4/drivers/misc/mediatek/video/mt8183/videox/mtk_disp_mgr.c,316,usercopy,_ioctl_create_session,yes,no,yes,SOURCE_ONLY,"if (copy_to_user(argp, &config, sizeof(config))) {"
mt8183-kernel,platform/kernel/mediatek/mt8183/4.4/drivers/misc/mediatek/video/mt8183/videox/mtk_disp_mgr.c,330,usercopy,_ioctl_destroy_session,yes,no,yes,SOURCE_ONLY,"if (copy_from_user(&config, argp, sizeof(config))) {"
mt8183-kernel,platform/kernel/mediatek/mt8183/4.4/drivers/misc/mediatek/video/mt8183/videox/mtk_disp_mgr.c,367,usercopy,_ioctl_prepare_present_fence,yes,no,yes,SOURCE_ONLY,"if (copy_from_user(&preset_fence_struct, (void __user *)arg, sizeof(struct disp_present_fence))) {"
mt8183-kernel,platform/kernel/mediatek/mt8183/4.4/drivers/misc/mediatek/video/mt8183/videox/mtk_disp_mgr.c,395,usercopy,_ioctl_prepare_present_fence,yes,no,yes,SOURCE_ONLY,"if (copy_to_user(argp, &preset_fence_struct, sizeof(preset_fence_struct))) {"
mt8183-kernel,platform/kernel/mediatek/mt8183/4.4/drivers/misc/mediatek/video/mt8183/videox/mtk_disp_mgr.c,419,usercopy,_ioctl_prepare_buffer,yes,no,yes,SOURCE_ONLY,"if (copy_from_user(&info, (void __user *)arg, sizeof(info))) {"
mt8183-kernel,platform/kernel/mediatek/mt8183/4.4/drivers/misc/mediatek/video/mt8183/videox/mtk_disp_mgr.c,478,usercopy,,yes,no,yes,SOURCE_ONLY,"if (copy_to_user(argp, &info, sizeof(info))) {"
mt8183-kernel,platform/kernel/mediatek/mt8183/4.4/drivers/misc/mediatek/video/mt8183/videox/mtk_disp_mgr.c,492,usercopy,_ioctl_screen_freeze,yes,no,yes,SOURCE_ONLY,"if (copy_from_user(&enable, argp, sizeof(unsigned int))) {"
mt8183-kernel,platform/kernel/mediatek/mt8183/4.4/drivers/misc/mediatek/video/mt8183/videox/mtk_disp_mgr.c,727,usercopy,disp_input_get_dirty_roi,yes,no,yes,SOURCE_ONLY,"if (copy_from_user(addr, cfg->input_cfg[i].dirty_roi_addr, size)) {"
mt8183-kernel,platform/kernel/mediatek/mt8183/4.4/drivers/misc/mediatek/video/mt8183/videox/mtk_disp_mgr.c,1016,usercopy,_ioctl_frame_config,yes,no,yes,SOURCE_ONLY,"if (copy_from_user(frame_cfg, (void __user *)arg, sizeof(*frame_cfg))) {"
mt8183-kernel,platform/kernel/mediatek/mt8183/4.4/drivers/misc/mediatek/video/mt8183/videox/mtk_disp_mgr.c,1081,usercopy,_ioctl_get_info,yes,no,yes,SOURCE_ONLY,"if (copy_from_user(&info, argp, sizeof(info))) {"
mt8183-kernel,platform/kernel/mediatek/mt8183/4.4/drivers/misc/mediatek/video/mt8183/videox/mtk_disp_mgr.c,1088,usercopy,_ioctl_get_info,yes,no,yes,SOURCE_ONLY,"if (copy_to_user(argp, &info, sizeof(info))) {"
mt8183-kernel,platform/kernel/mediatek/mt8183/4.4/drivers/misc/mediatek/video/mt8183/videox/mtk_disp_mgr.c,1104,usercopy,_ioctl_get_is_driver_suspend,yes,no,yes,SOURCE_ONLY,"if (copy_to_user(argp, &is_suspend, sizeof(int))) {"
mt8183-kernel,platform/kernel/mediatek/mt8183/4.4/drivers/misc/mediatek/video/mt8183/videox/mtk_disp_mgr.c,1118,usercopy,_ioctl_get_display_caps,yes,no,yes,SOURCE_ONLY,"if (copy_from_user(&caps_info, argp, sizeof(caps_info))) {"
mt8183-kernel,platform/kernel/mediatek/mt8183/4.4/drivers/misc/mediatek/video/mt8183/videox/mtk_disp_mgr.c,1169,usercopy,,yes,no,yes,SOURCE_ONLY,"if (copy_to_user(argp, &caps_info, sizeof(caps_info))) {"
mt8183-kernel,platform/kernel/mediatek/mt8183/4.4/drivers/misc/mediatek/video/mt8183/videox/mtk_disp_mgr.c,1184,usercopy,_ioctl_wait_vsync,yes,no,yes,SOURCE_ONLY,"if (copy_from_user(&vsync_config, argp, sizeof(vsync_config))) {"
mt8183-kernel,platform/kernel/mediatek/mt8183/4.4/drivers/misc/mediatek/video/mt8183/videox/mtk_disp_mgr.c,1201,usercopy,_ioctl_wait_vsync,yes,no,yes,SOURCE_ONLY,"if (copy_to_user(argp, &vsync_config, sizeof(vsync_config))) {"
mt8183-kernel,platform/kernel/mediatek/mt8183/4.4/drivers/misc/mediatek/video/mt8183/videox/mtk_disp_mgr.c,1216,usercopy,_ioctl_get_vsync,yes,no,yes,SOURCE_ONLY,"if (copy_to_user(argp, &fps, sizeof(int))) {"
mt8183-kernel,platform/kernel/mediatek/mt8183/4.4/drivers/misc/mediatek/video/mt8183/videox/mtk_disp_mgr.c,1244,usercopy,_ioctl_query_valid_layer,yes,no,yes,SOURCE_ONLY,"if (copy_from_user(&disp_info_user, argp, sizeof(disp_info_user))) {"
mt8183-kernel,platform/kernel/mediatek/mt8183/4.4/drivers/misc/mediatek/video/mt8183/videox/mtk_disp_mgr.c,1263,usercopy,_ioctl_query_valid_layer,yes,no,yes,SOURCE_ONLY,"if (copy_to_user(argp, &disp_info_user, sizeof(disp_info_user))) {"
mt8183-kernel,platform/kernel/mediatek/mt8183/4.4/drivers/misc/mediatek/video/mt8183/videox/mtk_disp_mgr.c,1317,usercopy,_compat_ioctl_query_valid_layer,yes,no,yes,SOURCE_ONLY,"if (copy_from_user(&compat_disp_info_user, argp, sizeof(compat_disp_info_user))) {"
mt8183-kernel,platform/kernel/mediatek/mt8183/4.4/drivers/misc/mediatek/video/mt8183/videox/mtk_disp_mgr.c,1343,usercopy,_compat_ioctl_query_valid_layer,yes,no,yes,SOURCE_ONLY,"if (copy_to_user(argp, &compat_disp_info_user, sizeof(compat_disp_info_user))) {"
mt8183-kernel,platform/kernel/mediatek/mt8183/4.4/drivers/misc/mediatek/video/mt8183/videox/mtk_disp_mgr.c,1356,usercopy,_ioctl_set_scenario,yes,no,yes,SOURCE_ONLY,"if (copy_from_user(&scenario_cfg, argp, sizeof(scenario_cfg))) {"
mt8183-kernel,platform/kernel/mediatek/mt8183/4.4/drivers/misc/mediatek/video/mt8183/videox/mtk_disp_mgr.c,1417,usercopy,_ioctl_set_session_mode,yes,no,yes,SOURCE_ONLY,"if (copy_from_user(&config_info, argp, sizeof(struct disp_session_config))) {"
mt8183-kernel,platform/kernel/mediatek/mt8183/4.4/drivers/misc/mediatek/video/mt8183/videox/mtk_disp_mgr.c,1430,usercopy,_ioctl_get_ut_result,yes,no,yes,SOURCE_ONLY,"if (copy_to_user(argp, &display_ut_status, sizeof(unsigned int))) {"
mt8183-kernel,platform/kernel/mediatek/mt8183/4.4/drivers/misc/mediatek/video/mt8183/videox/mtk_disp_mgr.c,1502,usercopy,_ioctl_wait_self_refresh_trigger,yes,no,yes,SOURCE_ONLY,"if (copy_to_user(argp, &type, sizeof(unsigned int))) {"
mt8183-kernel,platform/kernel/mediatek/mt8183/4.4/drivers/misc/mediatek/video/mt8183/videox/mtk_disp_mgr.c,1925,ioctl_entry;write_handler,,yes,no,yes,SOURCE_ONLY,".unlocked_ioctl = mtk_disp_mgr_ioctl,"
mt8183-kernel,platform/kernel/mediatek/mt8183/4.4/drivers/misc/mediatek/video/mt8183/videox/mtk_disp_mgr.c,1927,ioctl_entry;write_handler,,yes,no,yes,SOURCE_ONLY,".compat_ioctl = mtk_disp_mgr_compat_ioctl,"
mt8183-kernel,platform/kernel/mediatek/mt8183/4.4/drivers/misc/mediatek/video/mt8183/videox/mtk_disp_mgr.c,1960,device_create,mtk_disp_mgr_probe,yes,no,yes,SOURCE_ONLY,"(struct class_device *)device_create(mtk_disp_mgr_class, NULL, mtk_disp_mgr_devno, NULL,"
mt8183-kernel,platform/kernel/mediatek/mt8183/4.4/drivers/misc/mediatek/video/mt8183/videox/mtkfb.c,1224,usercopy,mtkfb_ioctl,yes,no,no,SOURCE_ONLY,"return copy_to_user(argp, &fb_pa, sizeof(fb_pa)) ? -EFAULT : 0;"
mt8183-kernel,platform/kernel/mediatek/mt8183/4.4/drivers/misc/mediatek/video/mt8183/videox/mtkfb.c,1233,usercopy,mtkfb_ioctl,yes,no,no,SOURCE_ONLY,"if (copy_from_user(&displayid, (void __user *)arg, sizeof(displayid))) {"
mt8183-kernel,platform/kernel/mediatek/mt8183/4.4/drivers/misc/mediatek/video/mt8183/videox/mtkfb.c,1254,usercopy,,yes,no,no,SOURCE_ONLY,"if (copy_to_user((void __user *)arg, &(dispif_info[displayid]),"
mt8183-kernel,platform/kernel/mediatek/mt8183/4.4/drivers/misc/mediatek/video/mt8183/videox/mtkfb.c,1352,usercopy,,yes,no,no,SOURCE_ONLY,"if (copy_to_user(argp, &power_state, sizeof(power_state))) {"
mt8183-kernel,platform/kernel/mediatek/mt8183/4.4/drivers/misc/mediatek/video/mt8183/videox/mtkfb.c,1383,usercopy,,yes,no,no,SOURCE_ONLY,"if (copy_from_user(&dst_pbuf, (void __user *)arg, sizeof(dst_pbuf))) {"
mt8183-kernel,platform/kernel/mediatek/mt8183/4.4/drivers/misc/mediatek/video/mt8183/videox/mtkfb.c,1398,usercopy,,yes,no,no,SOURCE_ONLY,"if (copy_to_user((unsigned long *)dst_pbuf, src_pbuf, fbsize)) {"
mt8183-kernel,platform/kernel/mediatek/mt8183/4.4/drivers/misc/mediatek/video/mt8183/videox/mtkfb.c,1417,usercopy,,yes,no,no,SOURCE_ONLY,"if (copy_from_user(&capConfig, (void __user *)arg, sizeof(capConfig))) {"
mt8183-kernel,platform/kernel/mediatek/mt8183/4.4/drivers/misc/mediatek/video/mt8183/videox/mtkfb.c,1455,usercopy,,yes,no,no,SOURCE_ONLY,"if (copy_to_user((unsigned long *)capConfig.outputBuffer, src_pbuf, fbsize)) {"
mt8183-kernel,platform/kernel/mediatek/mt8183/4.4/drivers/misc/mediatek/video/mt8183/videox/mtkfb.c,1471,usercopy,,yes,no,no,SOURCE_ONLY,"if (copy_from_user(&layerInfo, (void __user *)arg, sizeof(layerInfo))) {"
mt8183-kernel,platform/kernel/mediatek/mt8183/4.4/drivers/misc/mediatek/video/mt8183/videox/mtkfb.c,1479,usercopy,,yes,no,no,SOURCE_ONLY,"if (copy_to_user((void __user *)arg, &layerInfo, sizeof(layerInfo))) {"
mt8183-kernel,platform/kernel/mediatek/mt8183/4.4/drivers/misc/mediatek/video/mt8183/videox/mtkfb.c,1495,usercopy,,yes,no,no,SOURCE_ONLY,"if (copy_from_user(layerInfo, (void __user *)arg, sizeof(*layerInfo))) {"
mt8183-kernel,platform/kernel/mediatek/mt8183/4.4/drivers/misc/mediatek/video/mt8183/videox/mtkfb.c,1553,usercopy,,yes,no,no,SOURCE_ONLY,"if (copy_from_user(layerInfo, (void __user *)arg, layerInfo_size)) {"
mt8183-kernel,platform/kernel/mediatek/mt8183/4.4/drivers/misc/mediatek/video/mt8183/videox/mtkfb.c,1591,usercopy,,yes,no,no,SOURCE_ONLY,"if (copy_from_user(&var, argp, sizeof(var)))"
mt8183-kernel,platform/kernel/mediatek/mt8183/4.4/drivers/misc/mediatek/video/mt8183/videox/mtkfb.c,1620,usercopy,,yes,no,no,SOURCE_ONLY,"return copy_to_user(argp, &speed, sizeof(speed)) ? -EFAULT : 0;"
mt8183-kernel,platform/kernel/mediatek/mt8183/4.4/drivers/misc/mediatek/video/mt8183/videox/mtkfb.c,1631,usercopy,,yes,no,no,SOURCE_ONLY,"return copy_to_user(argp, &speed, sizeof(speed)) ? -EFAULT : 0;"
mt8183-kernel,platform/kernel/mediatek/mt8183/4.4/drivers/misc/mediatek/video/mt8183/videox/mtkfb.c,1640,usercopy,,yes,no,no,SOURCE_ONLY,"if (copy_from_user(&speed, (void __user *)arg, sizeof(speed))) {"
mt8183-kernel,platform/kernel/mediatek/mt8183/4.4/drivers/misc/mediatek/video/mt8183/videox/mtkfb.c,1657,usercopy,,yes,no,no,SOURCE_ONLY,"return copy_to_user(argp, &dal_en, sizeof(dal_en)) ? -EFAULT : 0;"
mt8183-kernel,platform/kernel/mediatek/mt8183/4.4/drivers/misc/mediatek/video/mt8183/videox/mtkfb.c,1678,usercopy,,yes,no,no,SOURCE_ONLY,"return copy_to_user(argp, &result, sizeof(result)) ? -EFAULT : 0;"
mt8183-kernel,platform/kernel/mediatek/mt8183/4.4/drivers/misc/mediatek/video/mt8183/videox/mtkfb.c,1682,usercopy,,yes,no,no,SOURCE_ONLY,"return copy_to_user(argp, &result, sizeof(result)) ? -EFAULT : 0;"
mt8183-kernel,platform/kernel/mediatek/mt8183/4.4/drivers/misc/mediatek/video/mt8183/videox/mtkfb.c,1805,usercopy,mtkfb_compat_ioctl,yes,no,no,SOURCE_ONLY,"if (put_user(data, data32)) {"
mt8183-kernel,platform/kernel/mediatek/mt8183/4.4/drivers/misc/mediatek/video/mt8183/videox/mtkfb.c,1818,usercopy,mtkfb_compat_ioctl,yes,no,no,SOURCE_ONLY,"if (get_user(displayid, data32)) {"
mt8183-kernel,platform/kernel/mediatek/mt8183/4.4/drivers/misc/mediatek/video/mt8183/videox/mtkfb.c,1841,usercopy,,yes,no,no,SOURCE_ONLY,"if (copy_to_user((void __user *)arg,"
mt8183-kernel,platform/kernel/mediatek/mt8183/4.4/drivers/misc/mediatek/video/mt8183/videox/mtkfb.c,1869,usercopy,,yes,no,no,SOURCE_ONLY,"if (put_user(power_state, data32)) {"
mt8183-kernel,platform/kernel/mediatek/mt8183/4.4/drivers/misc/mediatek/video/mt8183/videox/mtkfb.c,1884,usercopy,,yes,no,no,SOURCE_ONLY,"ret = get_user(l, data32);"
mt8183-kernel,platform/kernel/mediatek/mt8183/4.4/drivers/misc/mediatek/video/mt8183/videox/mtkfb.c,1885,usercopy,,yes,no,no,SOURCE_ONLY,"ret |= put_user(l, pbuf);"
mt8183-kernel,platform/kernel/mediatek/mt8183/4.4/drivers/misc/mediatek/video/mt8183/videox/mtkfb.c,1912,usercopy,,yes,no,no,SOURCE_ONLY,"if (copy_from_user(compat_layerInfo, (void __user *)arg, sizeof(*compat_layerInfo))) {"
mt8183-kernel,platform/kernel/mediatek/mt8183/4.4/drivers/misc/mediatek/video/mt8183/videox/mtkfb.c,1948,usercopy,,yes,no,no,SOURCE_ONLY,"if (copy_from_user(compat_layerInfo, (void __user *)arg, compat_layerInfo_size)) {"
mt8183-kernel,platform/kernel/mediatek/mt8183/4.4/drivers/misc/mediatek/video/mt8183/videox/mtkfb.c,1982,usercopy,,yes,no,no,SOURCE_ONLY,"if (put_user(dal_en, data32)) {"
mt8183-kernel,platform/kernel/mediatek/mt8183/4.4/drivers/misc/mediatek/video/mt8183/videox/mtkfb.c,1996,usercopy,,yes,no,no,SOURCE_ONLY,"if (put_user(result, data32)) {"
mt8183-kernel,platform/kernel/mediatek/mt8183/4.4/drivers/misc/mediatek/video/mt8183/videox/mtkfb.c,2001,usercopy,,yes,no,no,SOURCE_ONLY,"/*return copy_to_user(argp, &result, sizeof(result)) ? -EFAULT : 0;*/"
mt8183-kernel,platform/kernel/mediatek/mt8183/4.4/drivers/misc/mediatek/video/mt8183/videox/mtkfb.c,2100,usercopy,,yes,no,no,SOURCE_ONLY,"if (copy_from_user(src, buf, c)) {"
mt8183-kernel,platform/kernel/mediatek/mt8183/4.4/drivers/misc/mediatek/video/mt8183/videox/mtkfb.c,2172,usercopy,,yes,no,no,SOURCE_ONLY,"if (copy_to_user(buf, buffer, c)) {"
mt8183-kernel,platform/kernel/mediatek/mt8183/4.4/drivers/misc/mediatek/video/mt8183/videox/mtkfb.c,2283,sysfs_or_store,,yes,no,no,SOURCE_ONLY,"static DEVICE_ATTR(backlight_mode, S_IWUSR|S_IRUSR|S_IRGRP|S_IWGRP,"
mt8183-kernel,platform/kernel/mediatek/mt8183/4.4/drivers/misc/mediatek/video/mt8183/videox/mtkfb_vsync.c,152,ioctl_entry;write_handler,,no,no,yes,SOURCE_ONLY,".unlocked_ioctl = mtkfb_vsync_unlocked_ioctl,"
mt8183-kernel,platform/kernel/mediatek/mt8183/4.4/drivers/misc/mediatek/video/mt8183/videox/mtkfb_vsync.c,187,device_create,mtkfb_vsync_probe,no,no,yes,SOURCE_ONLY,"(struct class_device *)device_create(mtkfb_vsync_class, NULL, mtkfb_vsync_devno, NULL,"
mt8183-kernel,platform/kernel/mediatek/mt8183/4.4/drivers/misc/mediatek/videocodec/mt8183/videocodec_kernel_driver.c,1109,usercopy,vcodec_lockhw,yes,no,yes,SOURCE_ONLY,"ret = copy_from_user(&rHWLock, user_data_addr, sizeof(VAL_HW_LOCK_T));"
mt8183-kernel,platform/kernel/mediatek/mt8183/4.4/drivers/misc/mediatek/videocodec/mt8183/videocodec_kernel_driver.c,1537,usercopy,vcodec_unlockhw,yes,no,yes,SOURCE_ONLY,"ret = copy_from_user(&rHWLock, user_data_addr, sizeof(VAL_HW_LOCK_T));"
mt8183-kernel,platform/kernel/mediatek/mt8183/4.4/drivers/misc/mediatek/videocodec/mt8183/videocodec_kernel_driver.c,1690,usercopy,vcodec_waitisr,yes,no,yes,SOURCE_ONLY,"ret = copy_from_user(&val_isr, user_data_addr, sizeof(VAL_ISR_T));"
mt8183-kernel,platform/kernel/mediatek/mt8183/4.4/drivers/misc/mediatek/videocodec/mt8183/videocodec_kernel_driver.c,1771,usercopy,,yes,no,yes,SOURCE_ONLY,"ret = copy_to_user(user_data_addr, &val_isr, sizeof(VAL_ISR_T));"
mt8183-kernel,platform/kernel/mediatek/mt8183/4.4/drivers/misc/mediatek/videocodec/mt8183/videocodec_kernel_driver.c,1798,usercopy,vcodec_set_frame_info,yes,no,yes,SOURCE_ONLY,"ret = copy_from_user(&rFrameInfo, user_data_addr, sizeof(struct VAL_FRAME_INFO_T));"
mt8183-kernel,platform/kernel/mediatek/mt8183/4.4/drivers/misc/mediatek/videocodec/mt8183/videocodec_kernel_driver.c,1956,usercopy,vcodec_unlocked_ioctl,yes,no,yes,SOURCE_ONLY,"ret = copy_to_user(user_data_addr, &gu4DecEMICounter, sizeof(VAL_UINT32_T));"
mt8183-kernel,platform/kernel/mediatek/mt8183/4.4/drivers/misc/mediatek/videocodec/mt8183/videocodec_kernel_driver.c,1984,usercopy,,yes,no,yes,SOURCE_ONLY,"ret = copy_to_user(user_data_addr, &gu4DecEMICounter, sizeof(VAL_UINT32_T));"
mt8183-kernel,platform/kernel/mediatek/mt8183/4.4/drivers/misc/mediatek/videocodec/mt8183/videocodec_kernel_driver.c,2013,usercopy,,yes,no,yes,SOURCE_ONLY,"ret = copy_to_user(user_data_addr, &gu4EncEMICounter, sizeof(VAL_UINT32_T));"
mt8183-kernel,platform/kernel/mediatek/mt8183/4.4/drivers/misc/mediatek/videocodec/mt8183/videocodec_kernel_driver.c,2033,usercopy,,yes,no,yes,SOURCE_ONLY,"ret = copy_to_user(user_data_addr, &gu4EncEMICounter, sizeof(VAL_UINT32_T));"
mt8183-kernel,platform/kernel/mediatek/mt8183/4.4/drivers/misc/mediatek/videocodec/mt8183/videocodec_kernel_driver.c,2069,usercopy,,yes,no,yes,SOURCE_ONLY,"ret = copy_from_user(&rPowerParam, user_data_addr, sizeof(VAL_POWER_T));"
mt8183-kernel,platform/kernel/mediatek/mt8183/4.4/drivers/misc/mediatek/videocodec/mt8183/videocodec_kernel_driver.c,2102,usercopy,,yes,no,yes,SOURCE_ONLY,"ret = copy_from_user(&rPowerParam, user_data_addr, sizeof(VAL_POWER_T));"
mt8183-kernel,platform/kernel/mediatek/mt8183/4.4/drivers/misc/mediatek/videocodec/mt8183/videocodec_kernel_driver.c,2163,usercopy,,yes,no,yes,SOURCE_ONLY,"ret = copy_to_user(user_data_addr, &_temp, sizeof(VAL_VCODEC_CPU_LOADING_INFO_T));"
mt8183-kernel,platform/kernel/mediatek/mt8183/4.4/drivers/misc/mediatek/videocodec/mt8183/videocodec_kernel_driver.c,2178,usercopy,,yes,no,yes,SOURCE_ONLY,"ret = copy_from_user(&rTempCoreLoading, user_data_addr, sizeof(VAL_VCODEC_CORE_LOADING_T));"
mt8183-kernel,platform/kernel/mediatek/mt8183/4.4/drivers/misc/mediatek/videocodec/mt8183/videocodec_kernel_driver.c,2193,usercopy,,yes,no,yes,SOURCE_ONLY,"ret = copy_to_user(user_data_addr, &rTempCoreLoading, sizeof(VAL_VCODEC_CORE_LOADING_T));"
mt8183-kernel,platform/kernel/mediatek/mt8183/4.4/drivers/misc/mediatek/videocodec/mt8183/videocodec_kernel_driver.c,2208,usercopy,,yes,no,yes,SOURCE_ONLY,"ret = copy_to_user(user_data_addr, &temp_nr_cpu_ids, sizeof(int));"
mt8183-kernel,platform/kernel/mediatek/mt8183/4.4/drivers/misc/mediatek/videocodec/mt8183/videocodec_kernel_driver.c,2221,usercopy,,yes,no,yes,SOURCE_ONLY,"ret = copy_from_user(&rCpuOppLimit, user_data_addr, sizeof(VAL_VCODEC_CPU_OPP_LIMIT_T));"
mt8183-kernel,platform/kernel/mediatek/mt8183/4.4/drivers/misc/mediatek/videocodec/mt8183/videocodec_kernel_driver.c,2255,usercopy,,yes,no,yes,SOURCE_ONLY,"ret = copy_from_user(&rIncLogCount, user_data_addr, sizeof(VAL_BOOL_T));"
mt8183-kernel,platform/kernel/mediatek/mt8183/4.4/drivers/misc/mediatek/videocodec/mt8183/videocodec_kernel_driver.c,2410,usercopy,get_uptr_to_32,yes,no,yes,SOURCE_ONLY,"int err = get_user(p2p, uptr);"
mt8183-kernel,platform/kernel/mediatek/mt8183/4.4/drivers/misc/mediatek/videocodec/mt8183/videocodec_kernel_driver.c,2433,usercopy,get_uptr_to_32,yes,no,yes,SOURCE_ONLY,"err = get_user(p, &(from32->pvHandle));"
mt8183-kernel,platform/kernel/mediatek/mt8183/4.4/drivers/misc/mediatek/videocodec/mt8183/videocodec_kernel_driver.c,2434,usercopy,get_uptr_to_32,yes,no,yes,SOURCE_ONLY,"err |= put_user(compat_ptr(p), &(to->pvHandle));"
mt8183-kernel,platform/kernel/mediatek/mt8183/4.4/drivers/misc/mediatek/videocodec/mt8183/videocodec_kernel_driver.c,2435,usercopy,get_uptr_to_32,yes,no,yes,SOURCE_ONLY,"err |= get_user(u, &(from32->u4HandleSize));"
mt8183-kernel,platform/kernel/mediatek/mt8183/4.4/drivers/misc/mediatek/videocodec/mt8183/videocodec_kernel_driver.c,2436,usercopy,get_uptr_to_32,yes,no,yes,SOURCE_ONLY,"err |= put_user(u, &(to->u4HandleSize));"
mt8183-kernel,platform/kernel/mediatek/mt8183/4.4/drivers/misc/mediatek/videocodec/mt8183/videocodec_kernel_driver.c,2437,usercopy,get_uptr_to_32,yes,no,yes,SOURCE_ONLY,"err |= get_user(p, &(from32->pvLock));"
mt8183-kernel,platform/kernel/mediatek/mt8183/4.4/drivers/misc/mediatek/videocodec/mt8183/videocodec_kernel_driver.c,2438,usercopy,get_uptr_to_32,yes,no,yes,SOURCE_ONLY,"err |= put_user(compat_ptr(p), &(to->pvLock));"
mt8183-kernel,platform/kernel/mediatek/mt8183/4.4/drivers/misc/mediatek/videocodec/mt8183/videocodec_kernel_driver.c,2439,usercopy,get_uptr_to_32,yes,no,yes,SOURCE_ONLY,"err |= get_user(u, &(from32->u4TimeoutMs));"
mt8183-kernel,platform/kernel/mediatek/mt8183/4.4/drivers/misc/mediatek/videocodec/mt8183/videocodec_kernel_driver.c,2440,usercopy,get_uptr_to_32,yes,no,yes,SOURCE_ONLY,"err |= put_user(u, &(to->u4TimeoutMs));"
mt8183-kernel,platform/kernel/mediatek/mt8183/4.4/drivers/misc/mediatek/videocodec/mt8183/videocodec_kernel_driver.c,2441,usercopy,get_uptr_to_32,yes,no,yes,SOURCE_ONLY,"err |= get_user(p, &(from32->pvReserved));"
mt8183-kernel,platform/kernel/mediatek/mt8183/4.4/drivers/misc/mediatek/videocodec/mt8183/videocodec_kernel_driver.c,2442,usercopy,get_uptr_to_32,yes,no,yes,SOURCE_ONLY,"err |= put_user(compat_ptr(p), &(to->pvReserved));"
mt8183-kernel,platform/kernel/mediatek/mt8183/4.4/drivers/misc/mediatek/videocodec/mt8183/videocodec_kernel_driver.c,2443,usercopy,get_uptr_to_32,yes,no,yes,SOURCE_ONLY,"err |= get_user(u, &(from32->u4ReservedSize));"
mt8183-kernel,platform/kernel/mediatek/mt8183/4.4/drivers/misc/mediatek/videocodec/mt8183/videocodec_kernel_driver.c,2444,usercopy,get_uptr_to_32,yes,no,yes,SOURCE_ONLY,"err |= put_user(u, &(to->u4ReservedSize));"
mt8183-kernel,platform/kernel/mediatek/mt8183/4.4/drivers/misc/mediatek/videocodec/mt8183/videocodec_kernel_driver.c,2445,usercopy,get_uptr_to_32,yes,no,yes,SOURCE_ONLY,"err |= get_user(u, &(from32->eDriverType));"
mt8183-kernel,platform/kernel/mediatek/mt8183/4.4/drivers/misc/mediatek/videocodec/mt8183/videocodec_kernel_driver.c,2446,usercopy,get_uptr_to_32,yes,no,yes,SOURCE_ONLY,"err |= put_user(u, &(to->eDriverType));"
mt8183-kernel,platform/kernel/mediatek/mt8183/4.4/drivers/misc/mediatek/videocodec/mt8183/videocodec_kernel_driver.c,2447,usercopy,get_uptr_to_32,yes,no,yes,SOURCE_ONLY,"err |= get_user(c, &(from32->bSecureInst));"
mt8183-kernel,platform/kernel/mediatek/mt8183/4.4/drivers/misc/mediatek/videocodec/mt8183/videocodec_kernel_driver.c,2448,usercopy,get_uptr_to_32,yes,no,yes,SOURCE_ONLY,"err |= put_user(c, &(to->bSecureInst));"
mt8183-kernel,platform/kernel/mediatek/mt8183/4.4/drivers/misc/mediatek/videocodec/mt8183/videocodec_kernel_driver.c,2454,usercopy,,yes,no,yes,SOURCE_ONLY,"err |= put_user(p, &(to32->pvHandle));"
mt8183-kernel,platform/kernel/mediatek/mt8183/4.4/drivers/misc/mediatek/videocodec/mt8183/videocodec_kernel_driver.c,2455,usercopy,,yes,no,yes,SOURCE_ONLY,"err |= get_user(u, &(from->u4HandleSize));"
mt8183-kernel,platform/kernel/mediatek/mt8183/4.4/drivers/misc/mediatek/videocodec/mt8183/videocodec_kernel_driver.c,2456,usercopy,,yes,no,yes,SOURCE_ONLY,"err |= put_user(u, &(to32->u4HandleSize));"
mt8183-kernel,platform/kernel/mediatek/mt8183/4.4/drivers/misc/mediatek/videocodec/mt8183/videocodec_kernel_driver.c,2458,usercopy,,yes,no,yes,SOURCE_ONLY,"err |= put_user(p, &(to32->pvLock));"
mt8183-kernel,platform/kernel/mediatek/mt8183/4.4/drivers/misc/mediatek/videocodec/mt8183/videocodec_kernel_driver.c,2459,usercopy,,yes,no,yes,SOURCE_ONLY,"err |= get_user(u, &(from->u4TimeoutMs));"
mt8183-kernel,platform/kernel/mediatek/mt8183/4.4/drivers/misc/mediatek/videocodec/mt8183/videocodec_kernel_driver.c,2460,usercopy,,yes,no,yes,SOURCE_ONLY,"err |= put_user(u, &(to32->u4TimeoutMs));"
mt8183-kernel,platform/kernel/mediatek/mt8183/4.4/drivers/misc/mediatek/videocodec/mt8183/videocodec_kernel_driver.c,2462,usercopy,,yes,no,yes,SOURCE_ONLY,"err |= put_user(p, &(to32->pvReserved));"
mt8183-kernel,platform/kernel/mediatek/mt8183/4.4/drivers/misc/mediatek/videocodec/mt8183/videocodec_kernel_driver.c,2463,usercopy,,yes,no,yes,SOURCE_ONLY,"err |= get_user(u, &(from->u4ReservedSize));"
mt8183-kernel,platform/kernel/mediatek/mt8183/4.4/drivers/misc/mediatek/videocodec/mt8183/videocodec_kernel_driver.c,2464,usercopy,,yes,no,yes,SOURCE_ONLY,"err |= put_user(u, &(to32->u4ReservedSize));"
mt8183-kernel,platform/kernel/mediatek/mt8183/4.4/drivers/misc/mediatek/videocodec/mt8183/videocodec_kernel_driver.c,2465,usercopy,,yes,no,yes,SOURCE_ONLY,"err |= get_user(u, &(from->eDriverType));"
mt8183-kernel,platform/kernel/mediatek/mt8183/4.4/drivers/misc/mediatek/videocodec/mt8183/videocodec_kernel_driver.c,2466,usercopy,,yes,no,yes,SOURCE_ONLY,"err |= put_user(u, &(to32->eDriverType));"
mt8183-kernel,platform/kernel/mediatek/mt8183/4.4/drivers/misc/mediatek/videocodec/mt8183/videocodec_kernel_driver.c,2467,usercopy,,yes,no,yes,SOURCE_ONLY,"err |= get_user(c, &(from->bSecureInst));"
mt8183-kernel,platform/kernel/mediatek/mt8183/4.4/drivers/misc/mediatek/videocodec/mt8183/videocodec_kernel_driver.c,2468,usercopy,,yes,no,yes,SOURCE_ONLY,"err |= put_user(c, &(to32->bSecureInst));"
mt8183-kernel,platform/kernel/mediatek/mt8183/4.4/drivers/misc/mediatek/videocodec/mt8183/videocodec_kernel_driver.c,2478,usercopy,,yes,no,yes,SOURCE_ONLY,"err = get_user(p, &(from32->pvHandle));"
mt8183-kernel,platform/kernel/mediatek/mt8183/4.4/drivers/misc/mediatek/videocodec/mt8183/videocodec_kernel_driver.c,2479,usercopy,,yes,no,yes,SOURCE_ONLY,"err |= put_user(compat_ptr(p), &(to->pvHandle));"
mt8183-kernel,platform/kernel/mediatek/mt8183/4.4/drivers/misc/mediatek/videocodec/mt8183/videocodec_kernel_driver.c,2480,usercopy,,yes,no,yes,SOURCE_ONLY,"err |= get_user(u, &(from32->u4HandleSize));"
mt8183-kernel,platform/kernel/mediatek/mt8183/4.4/drivers/misc/mediatek/videocodec/mt8183/videocodec_kernel_driver.c,2481,usercopy,,yes,no,yes,SOURCE_ONLY,"err |= put_user(u, &(to->u4HandleSize));"
mt8183-kernel,platform/kernel/mediatek/mt8183/4.4/drivers/misc/mediatek/videocodec/mt8183/videocodec_kernel_driver.c,2482,usercopy,,yes,no,yes,SOURCE_ONLY,"err |= get_user(u, &(from32->eDriverType));"
mt8183-kernel,platform/kernel/mediatek/mt8183/4.4/drivers/misc/mediatek/videocodec/mt8183/videocodec_kernel_driver.c,2483,usercopy,,yes,no,yes,SOURCE_ONLY,"err |= put_user(u, &(to->eDriverType));"
mt8183-kernel,platform/kernel/mediatek/mt8183/4.4/drivers/misc/mediatek/videocodec/mt8183/videocodec_kernel_driver.c,2484,usercopy,,yes,no,yes,SOURCE_ONLY,"err |= get_user(c, &(from32->fgEnable));"
mt8183-kernel,platform/kernel/mediatek/mt8183/4.4/drivers/misc/mediatek/videocodec/mt8183/videocodec_kernel_driver.c,2485,usercopy,,yes,no,yes,SOURCE_ONLY,"err |= put_user(c, &(to->fgEnable));"
mt8183-kernel,platform/kernel/mediatek/mt8183/4.4/drivers/misc/mediatek/videocodec/mt8183/videocodec_kernel_driver.c,2486,usercopy,,yes,no,yes,SOURCE_ONLY,"err |= get_user(p, &(from32->pvReserved));"
mt8183-kernel,platform/kernel/mediatek/mt8183/4.4/drivers/misc/mediatek/videocodec/mt8183/videocodec_kernel_driver.c,2487,usercopy,,yes,no,yes,SOURCE_ONLY,"err |= put_user(compat_ptr(p), &(to->pvReserved));"
mt8183-kernel,platform/kernel/mediatek/mt8183/4.4/drivers/misc/mediatek/videocodec/mt8183/videocodec_kernel_driver.c,2488,usercopy,,yes,no,yes,SOURCE_ONLY,"err |= get_user(u, &(from32->u4ReservedSize));"
mt8183-kernel,platform/kernel/mediatek/mt8183/4.4/drivers/misc/mediatek/videocodec/mt8183/videocodec_kernel_driver.c,2489,usercopy,,yes,no,yes,SOURCE_ONLY,"err |= put_user(u, &(to->u4ReservedSize));"
mt8183-kernel,platform/kernel/mediatek/mt8183/4.4/drivers/misc/mediatek/videocodec/mt8183/videocodec_kernel_driver.c,2495,usercopy,,yes,no,yes,SOURCE_ONLY,"err |= put_user(p, &(to32->pvHandle));"
mt8183-kernel,platform/kernel/mediatek/mt8183/4.4/drivers/misc/mediatek/videocodec/mt8183/videocodec_kernel_driver.c,2496,usercopy,,yes,no,yes,SOURCE_ONLY,"err |= get_user(u, &(from->u4HandleSize));"
mt8183-kernel,platform/kernel/mediatek/mt8183/4.4/drivers/misc/mediatek/videocodec/mt8183/videocodec_kernel_driver.c,2497,usercopy,,yes,no,yes,SOURCE_ONLY,"err |= put_user(u, &(to32->u4HandleSize));"
mt8183-kernel,platform/kernel/mediatek/mt8183/4.4/drivers/misc/mediatek/videocodec/mt8183/videocodec_kernel_driver.c,2498,usercopy,,yes,no,yes,SOURCE_ONLY,"err |= get_user(u, &(from->eDriverType));"
mt8183-kernel,platform/kernel/mediatek/mt8183/4.4/drivers/misc/mediatek/videocodec/mt8183/videocodec_kernel_driver.c,2499,usercopy,,yes,no,yes,SOURCE_ONLY,"err |= put_user(u, &(to32->eDriverType));"
mt8183-kernel,platform/kernel/mediatek/mt8183/4.4/drivers/misc/mediatek/videocodec/mt8183/videocodec_kernel_driver.c,2500,usercopy,,yes,no,yes,SOURCE_ONLY,"err |= get_user(c, &(from->fgEnable));"
mt8183-kernel,platform/kernel/mediatek/mt8183/4.4/drivers/misc/mediatek/videocodec/mt8183/videocodec_kernel_driver.c,2501,usercopy,,yes,no,yes,SOURCE_ONLY,"err |= put_user(c, &(to32->fgEnable));"
mt8183-kernel,platform/kernel/mediatek/mt8183/4.4/drivers/misc/mediatek/videocodec/mt8183/videocodec_kernel_driver.c,2503,usercopy,,yes,no,yes,SOURCE_ONLY,"err |= put_user(p, &(to32->pvReserved));"
mt8183-kernel,platform/kernel/mediatek/mt8183/4.4/drivers/misc/mediatek/videocodec/mt8183/videocodec_kernel_driver.c,2504,usercopy,,yes,no,yes,SOURCE_ONLY,"err |= get_user(u, &(from->u4ReservedSize));"
mt8183-kernel,platform/kernel/mediatek/mt8183/4.4/drivers/misc/mediatek/videocodec/mt8183/videocodec_kernel_driver.c,2505,usercopy,,yes,no,yes,SOURCE_ONLY,"err |= put_user(u, &(to32->u4ReservedSize));"
mt8183-kernel,platform/kernel/mediatek/mt8183/4.4/drivers/misc/mediatek/videocodec/mt8183/videocodec_kernel_driver.c,2517,usercopy,,yes,no,yes,SOURCE_ONLY,"err = get_user(p, &(from32->pvHandle));"
mt8183-kernel,platform/kernel/mediatek/mt8183/4.4/drivers/misc/mediatek/videocodec/mt8183/videocodec_kernel_driver.c,2518,usercopy,,yes,no,yes,SOURCE_ONLY,"err |= put_user(compat_ptr(p), &(to->pvHandle));"
mt8183-kernel,platform/kernel/mediatek/mt8183/4.4/drivers/misc/mediatek/videocodec/mt8183/videocodec_kernel_driver.c,2519,usercopy,,yes,no,yes,SOURCE_ONLY,"err |= get_user(u, &(from32->u4HandleSize));"
mt8183-kernel,platform/kernel/mediatek/mt8183/4.4/drivers/misc/mediatek/videocodec/mt8183/videocodec_kernel_driver.c,2520,usercopy,,yes,no,yes,SOURCE_ONLY,"err |= put_user(u, &(to->u4HandleSize));"
mt8183-kernel,platform/kernel/mediatek/mt8183/4.4/drivers/misc/mediatek/videocodec/mt8183/videocodec_kernel_driver.c,2521,usercopy,,yes,no,yes,SOURCE_ONLY,"err |= get_user(u, &(from32->eDriverType));"
mt8183-kernel,platform/kernel/mediatek/mt8183/4.4/drivers/misc/mediatek/videocodec/mt8183/videocodec_kernel_driver.c,2522,usercopy,,yes,no,yes,SOURCE_ONLY,"err |= put_user(u, &(to->eDriverType));"
mt8183-kernel,platform/kernel/mediatek/mt8183/4.4/drivers/misc/mediatek/videocodec/mt8183/videocodec_kernel_driver.c,2523,usercopy,,yes,no,yes,SOURCE_ONLY,"err |= get_user(p, &(from32->pvIsrFunction));"
mt8183-kernel,platform/kernel/mediatek/mt8183/4.4/drivers/misc/mediatek/videocodec/mt8183/videocodec_kernel_driver.c,2524,usercopy,,yes,no,yes,SOURCE_ONLY,"err |= put_user(compat_ptr(p), &(to->pvIsrFunction));"
mt8183-kernel,platform/kernel/mediatek/mt8183/4.4/drivers/misc/mediatek/videocodec/mt8183/videocodec_kernel_driver.c,2525,usercopy,,yes,no,yes,SOURCE_ONLY,"err |= get_user(p, &(from32->pvReserved));"
mt8183-kernel,platform/kernel/mediatek/mt8183/4.4/drivers/misc/mediatek/videocodec/mt8183/videocodec_kernel_driver.c,2526,usercopy,,yes,no,yes,SOURCE_ONLY,"err |= put_user(compat_ptr(p), &(to->pvReserved));"
mt8183-kernel,platform/kernel/mediatek/mt8183/4.4/drivers/misc/mediatek/videocodec/mt8183/videocodec_kernel_driver.c,2527,usercopy,,yes,no,yes,SOURCE_ONLY,"err |= get_user(u, &(from32->u4ReservedSize));"
mt8183-kernel,platform/kernel/mediatek/mt8183/4.4/drivers/misc/mediatek/videocodec/mt8183/videocodec_kernel_driver.c,2528,usercopy,,yes,no,yes,SOURCE_ONLY,"err |= put_user(u, &(to->u4ReservedSize));"
mt8183-kernel,platform/kernel/mediatek/mt8183/4.4/drivers/misc/mediatek/videocodec/mt8183/videocodec_kernel_driver.c,2529,usercopy,,yes,no,yes,SOURCE_ONLY,"err |= get_user(u, &(from32->u4TimeoutMs));"
mt8183-kernel,platform/kernel/mediatek/mt8183/4.4/drivers/misc/mediatek/videocodec/mt8183/videocodec_kernel_driver.c,2530,usercopy,,yes,no,yes,SOURCE_ONLY,"err |= put_user(u, &(to->u4TimeoutMs));"
mt8183-kernel,platform/kernel/mediatek/mt8183/4.4/drivers/misc/mediatek/videocodec/mt8183/videocodec_kernel_driver.c,2531,usercopy,,yes,no,yes,SOURCE_ONLY,"err |= get_user(u, &(from32->u4IrqStatusNum));"
mt8183-kernel,platform/kernel/mediatek/mt8183/4.4/drivers/misc/mediatek/videocodec/mt8183/videocodec_kernel_driver.c,2532,usercopy,,yes,no,yes,SOURCE_ONLY,"err |= put_user(u, &(to->u4IrqStatusNum));"
mt8183-kernel,platform/kernel/mediatek/mt8183/4.4/drivers/misc/mediatek/videocodec/mt8183/videocodec_kernel_driver.c,2534,usercopy,,yes,no,yes,SOURCE_ONLY,"err |= get_user(u, &(from32->u4IrqStatus[i]));"
mt8183-kernel,platform/kernel/mediatek/mt8183/4.4/drivers/misc/mediatek/videocodec/mt8183/videocodec_kernel_driver.c,2535,usercopy,,yes,no,yes,SOURCE_ONLY,"err |= put_user(u, &(to->u4IrqStatus[i]));"
mt8183-kernel,platform/kernel/mediatek/mt8183/4.4/drivers/misc/mediatek/videocodec/mt8183/videocodec_kernel_driver.c,2544,usercopy,,yes,no,yes,SOURCE_ONLY,"err |= put_user(p, &(to32->pvHandle));"
mt8183-kernel,platform/kernel/mediatek/mt8183/4.4/drivers/misc/mediatek/videocodec/mt8183/videocodec_kernel_driver.c,2545,usercopy,,yes,no,yes,SOURCE_ONLY,"err |= get_user(u, &(from->u4HandleSize));"
mt8183-kernel,platform/kernel/mediatek/mt8183/4.4/drivers/misc/mediatek/videocodec/mt8183/videocodec_kernel_driver.c,2546,usercopy,,yes,no,yes,SOURCE_ONLY,"err |= put_user(u, &(to32->u4HandleSize));"
mt8183-kernel,platform/kernel/mediatek/mt8183/4.4/drivers/misc/mediatek/videocodec/mt8183/videocodec_kernel_driver.c,2547,usercopy,,yes,no,yes,SOURCE_ONLY,"err |= get_user(u, &(from->eDriverType));"
mt8183-kernel,platform/kernel/mediatek/mt8183/4.4/drivers/misc/mediatek/videocodec/mt8183/videocodec_kernel_driver.c,2548,usercopy,,yes,no,yes,SOURCE_ONLY,"err |= put_user(u, &(to32->eDriverType));"
mt8183-kernel,platform/kernel/mediatek/mt8183/4.4/drivers/misc/mediatek/videocodec/mt8183/videocodec_kernel_driver.c,2550,usercopy,,yes,no,yes,SOURCE_ONLY,"err |= put_user(p, &(to32->pvIsrFunction));"
mt8183-kernel,platform/kernel/mediatek/mt8183/4.4/drivers/misc/mediatek/videocodec/mt8183/videocodec_kernel_driver.c,2552,usercopy,,yes,no,yes,SOURCE_ONLY,"err |= put_user(p, &(to32->pvReserved));"
mt8183-kernel,platform/kernel/mediatek/mt8183/4.4/drivers/misc/mediatek/videocodec/mt8183/videocodec_kernel_driver.c,2553,usercopy,,yes,no,yes,SOURCE_ONLY,"err |= get_user(u, &(from->u4ReservedSize));"
mt8183-kernel,platform/kernel/mediatek/mt8183/4.4/drivers/misc/mediatek/videocodec/mt8183/videocodec_kernel_driver.c,2554,usercopy,,yes,no,yes,SOURCE_ONLY,"err |= put_user(u, &(to32->u4ReservedSize));"
mt8183-kernel,platform/kernel/mediatek/mt8183/4.4/drivers/misc/mediatek/videocodec/mt8183/videocodec_kernel_driver.c,2555,usercopy,,yes,no,yes,SOURCE_ONLY,"err |= get_user(u, &(from->u4TimeoutMs));"
mt8183-kernel,platform/kernel/mediatek/mt8183/4.4/drivers/misc/mediatek/videocodec/mt8183/videocodec_kernel_driver.c,2556,usercopy,,yes,no,yes,SOURCE_ONLY,"err |= put_user(u, &(to32->u4TimeoutMs));"
mt8183-kernel,platform/kernel/mediatek/mt8183/4.4/drivers/misc/mediatek/videocodec/mt8183/videocodec_kernel_driver.c,2557,usercopy,,yes,no,yes,SOURCE_ONLY,"err |= get_user(u, &(from->u4IrqStatusNum));"
mt8183-kernel,platform/kernel/mediatek/mt8183/4.4/drivers/misc/mediatek/videocodec/mt8183/videocodec_kernel_driver.c,2558,usercopy,,yes,no,yes,SOURCE_ONLY,"err |= put_user(u, &(to32->u4IrqStatusNum));"
mt8183-kernel,platform/kernel/mediatek/mt8183/4.4/drivers/misc/mediatek/videocodec/mt8183/videocodec_kernel_driver.c,2560,usercopy,,yes,no,yes,SOURCE_ONLY,"err |= get_user(u, &(from->u4IrqStatus[i]));"
mt8183-kernel,platform/kernel/mediatek/mt8183/4.4/drivers/misc/mediatek/videocodec/mt8183/videocodec_kernel_driver.c,2561,usercopy,,yes,no,yes,SOURCE_ONLY,"err |= put_user(u, &(to32->u4IrqStatus[i]));"
mt8183-kernel,platform/kernel/mediatek/mt8183/4.4/drivers/misc/mediatek/videocodec/mt8183/videocodec_kernel_driver.c,2572,usercopy,,yes,no,yes,SOURCE_ONLY,"err = get_user(u, &(from32->eMemType));"
mt8183-kernel,platform/kernel/mediatek/mt8183/4.4/drivers/misc/mediatek/videocodec/mt8183/videocodec_kernel_driver.c,2573,usercopy,,yes,no,yes,SOURCE_ONLY,"err |= put_user(u, &(to->eMemType));"
mt8183-kernel,platform/kernel/mediatek/mt8183/4.4/drivers/misc/mediatek/videocodec/mt8183/videocodec_kernel_driver.c,2574,usercopy,,yes,no,yes,SOURCE_ONLY,"err |= get_user(l, &(from32->u4MemSize));"
mt8183-kernel,platform/kernel/mediatek/mt8183/4.4/drivers/misc/mediatek/videocodec/mt8183/videocodec_kernel_driver.c,2575,usercopy,,yes,no,yes,SOURCE_ONLY,"err |= put_user(l, &(to->u4MemSize));"
mt8183-kernel,platform/kernel/mediatek/mt8183/4.4/drivers/misc/mediatek/videocodec/mt8183/videocodec_kernel_driver.c,2576,usercopy,,yes,no,yes,SOURCE_ONLY,"err |= get_user(p, &(from32->pvMemVa));"
mt8183-kernel,platform/kernel/mediatek/mt8183/4.4/drivers/misc/mediatek/videocodec/mt8183/videocodec_kernel_driver.c,2577,usercopy,,yes,no,yes,SOURCE_ONLY,"err |= put_user(compat_ptr(p), &(to->pvMemVa));"
mt8183-kernel,platform/kernel/mediatek/mt8183/4.4/drivers/misc/mediatek/videocodec/mt8183/videocodec_kernel_driver.c,2578,usercopy,,yes,no,yes,SOURCE_ONLY,"err |= get_user(p, &(from32->pvMemPa));"
mt8183-kernel,platform/kernel/mediatek/mt8183/4.4/drivers/misc/mediatek/videocodec/mt8183/videocodec_kernel_driver.c,2579,usercopy,,yes,no,yes,SOURCE_ONLY,"err |= put_user(compat_ptr(p), &(to->pvMemPa));"
mt8183-kernel,platform/kernel/mediatek/mt8183/4.4/drivers/misc/mediatek/videocodec/mt8183/videocodec_kernel_driver.c,2580,usercopy,,yes,no,yes,SOURCE_ONLY,"err |= get_user(u, &(from32->eAlignment));"
mt8183-kernel,platform/kernel/mediatek/mt8183/4.4/drivers/misc/mediatek/videocodec/mt8183/videocodec_kernel_driver.c,2581,usercopy,,yes,no,yes,SOURCE_ONLY,"err |= put_user(u, &(to->eAlignment));"
mt8183-kernel,platform/kernel/mediatek/mt8183/4.4/drivers/misc/mediatek/videocodec/mt8183/videocodec_kernel_driver.c,2582,usercopy,,yes,no,yes,SOURCE_ONLY,"err |= get_user(p, &(from32->pvAlignMemVa));"
mt8183-kernel,platform/kernel/mediatek/mt8183/4.4/drivers/misc/mediatek/videocodec/mt8183/videocodec_kernel_driver.c,2583,usercopy,,yes,no,yes,SOURCE_ONLY,"err |= put_user(compat_ptr(p), &(to->pvAlignMemVa));"
mt8183-kernel,platform/kernel/mediatek/mt8183/4.4/drivers/misc/mediatek/videocodec/mt8183/videocodec_kernel_driver.c,2584,usercopy,,yes,no,yes,SOURCE_ONLY,"err |= get_user(p, &(from32->pvAlignMemPa));"
mt8183-kernel,platform/kernel/mediatek/mt8183/4.4/drivers/misc/mediatek/videocodec/mt8183/videocodec_kernel_driver.c,2585,usercopy,,yes,no,yes,SOURCE_ONLY,"err |= put_user(compat_ptr(p), &(to->pvAlignMemPa));"
mt8183-kernel,platform/kernel/mediatek/mt8183/4.4/drivers/misc/mediatek/videocodec/mt8183/videocodec_kernel_driver.c,2586,usercopy,,yes,no,yes,SOURCE_ONLY,"err |= get_user(u, &(from32->eMemCodec));"
mt8183-kernel,platform/kernel/mediatek/mt8183/4.4/drivers/misc/mediatek/videocodec/mt8183/videocodec_kernel_driver.c,2587,usercopy,,yes,no,yes,SOURCE_ONLY,"err |= put_user(u, &(to->eMemCodec));"
mt8183-kernel,platform/kernel/mediatek/mt8183/4.4/drivers/misc/mediatek/videocodec/mt8183/videocodec_kernel_driver.c,2588,usercopy,,yes,no,yes,SOURCE_ONLY,"err |= get_user(u, &(from32->i4IonShareFd));"
mt8183-kernel,platform/kernel/mediatek/mt8183/4.4/drivers/misc/mediatek/videocodec/mt8183/videocodec_kernel_driver.c,2589,usercopy,,yes,no,yes,SOURCE_ONLY,"err |= put_user(u, &(to->i4IonShareFd));"
mt8183-kernel,platform/kernel/mediatek/mt8183/4.4/drivers/misc/mediatek/videocodec/mt8183/videocodec_kernel_driver.c,2590,usercopy,,yes,no,yes,SOURCE_ONLY,"err |= get_user(p, &(from32->pIonBufhandle));"
mt8183-kernel,platform/kernel/mediatek/mt8183/4.4/drivers/misc/mediatek/videocodec/mt8183/videocodec_kernel_driver.c,2591,usercopy,,yes,no,yes,SOURCE_ONLY,"err |= put_user(compat_ptr(p), &(to->pIonBufhandle));"
mt8183-kernel,platform/kernel/mediatek/mt8183/4.4/drivers/misc/mediatek/videocodec/mt8183/videocodec_kernel_driver.c,2592,usercopy,,yes,no,yes,SOURCE_ONLY,"err |= get_user(p, &(from32->pvReserved));"
mt8183-kernel,platform/kernel/mediatek/mt8183/4.4/drivers/misc/mediatek/videocodec/mt8183/videocodec_kernel_driver.c,2593,usercopy,,yes,no,yes,SOURCE_ONLY,"err |= put_user(compat_ptr(p), &(to->pvReserved));"
mt8183-kernel,platform/kernel/mediatek/mt8183/4.4/drivers/misc/mediatek/videocodec/mt8183/videocodec_kernel_driver.c,2594,usercopy,,yes,no,yes,SOURCE_ONLY,"err |= get_user(l, &(from32->u4ReservedSize));"
mt8183-kernel,platform/kernel/mediatek/mt8183/4.4/drivers/misc/mediatek/videocodec/mt8183/videocodec_kernel_driver.c,2595,usercopy,,yes,no,yes,SOURCE_ONLY,"err |= put_user(l, &(to->u4ReservedSize));"
mt8183-kernel,platform/kernel/mediatek/mt8183/4.4/drivers/misc/mediatek/videocodec/mt8183/videocodec_kernel_driver.c,2601,usercopy,,yes,no,yes,SOURCE_ONLY,"err = get_user(u, &(from->eMemType));"
mt8183-kernel,platform/kernel/mediatek/mt8183/4.4/drivers/misc/mediatek/videocodec/mt8183/videocodec_kernel_driver.c,2602,usercopy,,yes,no,yes,SOURCE_ONLY,"err |= put_user(u, &(to32->eMemType));"
mt8183-kernel,platform/kernel/mediatek/mt8183/4.4/drivers/misc/mediatek/videocodec/mt8183/videocodec_kernel_driver.c,2603,usercopy,,yes,no,yes,SOURCE_ONLY,"err |= get_user(l, &(from->u4MemSize));"
mt8183-kernel,platform/kernel/mediatek/mt8183/4.4/drivers/misc/mediatek/videocodec/mt8183/videocodec_kernel_driver.c,2604,usercopy,,yes,no,yes,SOURCE_ONLY,"err |= put_user(l, &(to32->u4MemSize));"
mt8183-kernel,platform/kernel/mediatek/mt8183/4.4/drivers/misc/mediatek/videocodec/mt8183/videocodec_kernel_driver.c,2606,usercopy,,yes,no,yes,SOURCE_ONLY,"err |= put_user(p, &(to32->pvMemVa));"
mt8183-kernel,platform/kernel/mediatek/mt8183/4.4/drivers/misc/mediatek/videocodec/mt8183/videocodec_kernel_driver.c,2608,usercopy,,yes,no,yes,SOURCE_ONLY,"err |= put_user(p, &(to32->pvMemPa));"
mt8183-kernel,platform/kernel/mediatek/mt8183/4.4/drivers/misc/mediatek/videocodec/mt8183/videocodec_kernel_driver.c,2609,usercopy,,yes,no,yes,SOURCE_ONLY,"err |= get_user(u, &(from->eAlignment));"
mt8183-kernel,platform/kernel/mediatek/mt8183/4.4/drivers/misc/mediatek/videocodec/mt8183/videocodec_kernel_driver.c,2610,usercopy,,yes,no,yes,SOURCE_ONLY,"err |= put_user(u, &(to32->eAlignment));"
mt8183-kernel,platform/kernel/mediatek/mt8183/4.4/drivers/misc/mediatek/videocodec/mt8183/videocodec_kernel_driver.c,2612,usercopy,,yes,no,yes,SOURCE_ONLY,"err |= put_user(p, &(to32->pvAlignMemVa));"
mt8183-kernel,platform/kernel/mediatek/mt8183/4.4/drivers/misc/mediatek/videocodec/mt8183/videocodec_kernel_driver.c,2614,usercopy,,yes,no,yes,SOURCE_ONLY,"err |= put_user(p, &(to32->pvAlignMemPa));"
mt8183-kernel,platform/kernel/mediatek/mt8183/4.4/drivers/misc/mediatek/videocodec/mt8183/videocodec_kernel_driver.c,2615,usercopy,,yes,no,yes,SOURCE_ONLY,"err |= get_user(u, &(from->eMemCodec));"
mt8183-kernel,platform/kernel/mediatek/mt8183/4.4/drivers/misc/mediatek/videocodec/mt8183/videocodec_kernel_driver.c,2616,usercopy,,yes,no,yes,SOURCE_ONLY,"err |= put_user(u, &(to32->eMemCodec));"
mt8183-kernel,platform/kernel/mediatek/mt8183/4.4/drivers/misc/mediatek/videocodec/mt8183/videocodec_kernel_driver.c,2617,usercopy,,yes,no,yes,SOURCE_ONLY,"err |= get_user(u, &(from->i4IonShareFd));"
mt8183-kernel,platform/kernel/mediatek/mt8183/4.4/drivers/misc/mediatek/videocodec/mt8183/videocodec_kernel_driver.c,2618,usercopy,,yes,no,yes,SOURCE_ONLY,"err |= put_user(u, &(to32->i4IonShareFd));"
mt8183-kernel,platform/kernel/mediatek/mt8183/4.4/drivers/misc/mediatek/videocodec/mt8183/videocodec_kernel_driver.c,2620,usercopy,,yes,no,yes,SOURCE_ONLY,"err |= put_user(p, &(to32->pIonBufhandle));"
mt8183-kernel,platform/kernel/mediatek/mt8183/4.4/drivers/misc/mediatek/videocodec/mt8183/videocodec_kernel_driver.c,2622,usercopy,,yes,no,yes,SOURCE_ONLY,"err |= put_user(p, &(to32->pvReserved));"
mt8183-kernel,platform/kernel/mediatek/mt8183/4.4/drivers/misc/mediatek/videocodec/mt8183/videocodec_kernel_driver.c,2623,usercopy,,yes,no,yes,SOURCE_ONLY,"err |= get_user(l, &(from->u4ReservedSize));"
mt8183-kernel,platform/kernel/mediatek/mt8183/4.4/drivers/misc/mediatek/videocodec/mt8183/videocodec_kernel_driver.c,2624,usercopy,,yes,no,yes,SOURCE_ONLY,"err |= put_user(l, &(to32->u4ReservedSize));"
mt8183-kernel,platform/kernel/mediatek/mt8183/4.4/drivers/misc/mediatek/videocodec/mt8183/videocodec_kernel_driver.c,2634,usercopy,,yes,no,yes,SOURCE_ONLY,"err = get_user(p, &(from32->handle));"
mt8183-kernel,platform/kernel/mediatek/mt8183/4.4/drivers/misc/mediatek/videocodec/mt8183/videocodec_kernel_driver.c,2635,usercopy,,yes,no,yes,SOURCE_ONLY,"err |= put_user(compat_ptr(p), &(to->handle));"
mt8183-kernel,platform/kernel/mediatek/mt8183/4.4/drivers/misc/mediatek/videocodec/mt8183/videocodec_kernel_driver.c,2636,usercopy,,yes,no,yes,SOURCE_ONLY,"err |= get_user(u, &(from32->driver_type));"
mt8183-kernel,platform/kernel/mediatek/mt8183/4.4/drivers/misc/mediatek/videocodec/mt8183/videocodec_kernel_driver.c,2637,usercopy,,yes,no,yes,SOURCE_ONLY,"err |= put_user(u, &(to->driver_type));"
mt8183-kernel,platform/kernel/mediatek/mt8183/4.4/drivers/misc/mediatek/videocodec/mt8183/videocodec_kernel_driver.c,2638,usercopy,,yes,no,yes,SOURCE_ONLY,"err |= get_user(u, &(from32->input_size));"
mt8183-kernel,platform/kernel/mediatek/mt8183/4.4/drivers/misc/mediatek/videocodec/mt8183/videocodec_kernel_driver.c,2639,usercopy,,yes,no,yes,SOURCE_ONLY,"err |= put_user(u, &(to->input_size));"
mt8183-kernel,platform/kernel/mediatek/mt8183/4.4/drivers/misc/mediatek/videocodec/mt8183/videocodec_kernel_driver.c,2640,usercopy,,yes,no,yes,SOURCE_ONLY,"err |= get_user(u, &(from32->frame_width));"
mt8183-kernel,platform/kernel/mediatek/mt8183/4.4/drivers/misc/mediatek/videocodec/mt8183/videocodec_kernel_driver.c,2641,usercopy,,yes,no,yes,SOURCE_ONLY,"err |= put_user(u, &(to->frame_width));"
mt8183-kernel,platform/kernel/mediatek/mt8183/4.4/drivers/misc/mediatek/videocodec/mt8183/videocodec_kernel_driver.c,2642,usercopy,,yes,no,yes,SOURCE_ONLY,"err |= get_user(u, &(from32->frame_height));"
mt8183-kernel,platform/kernel/mediatek/mt8183/4.4/drivers/misc/mediatek/videocodec/mt8183/videocodec_kernel_driver.c,2643,usercopy,,yes,no,yes,SOURCE_ONLY,"err |= put_user(u, &(to->frame_height));"
mt8183-kernel,platform/kernel/mediatek/mt8183/4.4/drivers/misc/mediatek/videocodec/mt8183/videocodec_kernel_driver.c,2644,usercopy,,yes,no,yes,SOURCE_ONLY,"err |= get_user(u, &(from32->frame_type));"
mt8183-kernel,platform/kernel/mediatek/mt8183/4.4/drivers/misc/mediatek/videocodec/mt8183/videocodec_kernel_driver.c,2645,usercopy,,yes,no,yes,SOURCE_ONLY,"err |= put_user(u, &(to->frame_type));"
mt8183-kernel,platform/kernel/mediatek/mt8183/4.4/drivers/misc/mediatek/videocodec/mt8183/videocodec_kernel_driver.c,2646,usercopy,,yes,no,yes,SOURCE_ONLY,"err |= get_user(u, &(from32->is_compressed));"
mt8183-kernel,platform/kernel/mediatek/mt8183/4.4/drivers/misc/mediatek/videocodec/mt8183/videocodec_kernel_driver.c,2647,usercopy,,yes,no,yes,SOURCE_ONLY,"err |= put_user(u, &(to->is_compressed));"
mt8183-kernel,platform/kernel/mediatek/mt8183/4.4/drivers/misc/mediatek/videocodec/mt8183/videocodec_kernel_driver.c,2653,usercopy,,yes,no,yes,SOURCE_ONLY,"err |= put_user(p, &(to32->handle));"
mt8183-kernel,platform/kernel/mediatek/mt8183/4.4/drivers/misc/mediatek/videocodec/mt8183/videocodec_kernel_driver.c,2654,usercopy,,yes,no,yes,SOURCE_ONLY,"err |= get_user(u, &(from->driver_type));"
mt8183-kernel,platform/kernel/mediatek/mt8183/4.4/drivers/misc/mediatek/videocodec/mt8183/videocodec_kernel_driver.c,2655,usercopy,,yes,no,yes,SOURCE_ONLY,"err |= put_user(u, &(to32->driver_type));"
mt8183-kernel,platform/kernel/mediatek/mt8183/4.4/drivers/misc/mediatek/videocodec/mt8183/videocodec_kernel_driver.c,2656,usercopy,,yes,no,yes,SOURCE_ONLY,"err |= get_user(u, &(from->input_size));"
mt8183-kernel,platform/kernel/mediatek/mt8183/4.4/drivers/misc/mediatek/videocodec/mt8183/videocodec_kernel_driver.c,2657,usercopy,,yes,no,yes,SOURCE_ONLY,"err |= put_user(u, &(to32->input_size));"
mt8183-kernel,platform/kernel/mediatek/mt8183/4.4/drivers/misc/mediatek/videocodec/mt8183/videocodec_kernel_driver.c,2658,usercopy,,yes,no,yes,SOURCE_ONLY,"err |= get_user(u, &(from->frame_width));"
mt8183-kernel,platform/kernel/mediatek/mt8183/4.4/drivers/misc/mediatek/videocodec/mt8183/videocodec_kernel_driver.c,2659,usercopy,,yes,no,yes,SOURCE_ONLY,"err |= put_user(u, &(to32->frame_width));"
mt8183-kernel,platform/kernel/mediatek/mt8183/4.4/drivers/misc/mediatek/videocodec/mt8183/videocodec_kernel_driver.c,2660,usercopy,,yes,no,yes,SOURCE_ONLY,"err |= get_user(u, &(from->frame_height));"
mt8183-kernel,platform/kernel/mediatek/mt8183/4.4/drivers/misc/mediatek/videocodec/mt8183/videocodec_kernel_driver.c,2661,usercopy,,yes,no,yes,SOURCE_ONLY,"err |= put_user(u, &(to32->frame_height));"
mt8183-kernel,platform/kernel/mediatek/mt8183/4.4/drivers/misc/mediatek/videocodec/mt8183/videocodec_kernel_driver.c,2662,usercopy,,yes,no,yes,SOURCE_ONLY,"err |= get_user(u, &(from->frame_type));"
mt8183-kernel,platform/kernel/mediatek/mt8183/4.4/drivers/misc/mediatek/videocodec/mt8183/videocodec_kernel_driver.c,2663,usercopy,,yes,no,yes,SOURCE_ONLY,"err |= put_user(u, &(to32->frame_type));"
mt8183-kernel,platform/kernel/mediatek/mt8183/4.4/drivers/misc/mediatek/videocodec/mt8183/videocodec_kernel_driver.c,2664,usercopy,,yes,no,yes,SOURCE_ONLY,"err |= get_user(u, &(from->is_compressed));"
mt8183-kernel,platform/kernel/mediatek/mt8183/4.4/drivers/misc/mediatek/videocodec/mt8183/videocodec_kernel_driver.c,2665,usercopy,,yes,no,yes,SOURCE_ONLY,"err |= put_user(u, &(to32->is_compressed));"
mt8183-kernel,platform/kernel/mediatek/mt8183/4.4/drivers/misc/mediatek/videocodec/mt8183/videocodec_kernel_driver.c,3040,ioctl_entry;write_handler,,yes,no,yes,SOURCE_ONLY,".unlocked_ioctl = vcodec_unlocked_ioctl,"
mt8183-kernel,platform/kernel/mediatek/mt8183/4.4/drivers/misc/mediatek/videocodec/mt8183/videocodec_kernel_driver.c,3046,ioctl_entry;write_handler,,yes,no,yes,SOURCE_ONLY,".compat_ioctl = vcodec_unlocked_compat_ioctl,"
mt8183-kernel,platform/kernel/mediatek/mt8183/4.4/drivers/misc/mediatek/videocodec/mt8183/videocodec_kernel_driver.c,3178,device_create,,yes,no,yes,SOURCE_ONLY,"vcodec_device = device_create(vcodec_class, NULL, vcodec_devno, NULL, VCODEC_DEVNAME);"
mt8183-kernel,platform/kernel/mediatek/mt8183/4.4/drivers/misc/mediatek/videocodec/mt8183/videocodec_kernel_driver.c,3199,device_create,,yes,no,yes,SOURCE_ONLY,"vcodec_device2 = device_create(vcodec_class2, NULL, vcodec_devno2, NULL, VCODEC_DEVNAME2);"
mt8183-kernel,platform/kernel/mediatek/mt8183/4.4/drivers/misc/mediatek/vpu/2.0/vpu_dbg.c,64,write_handler,vpu_save_file,yes,no,yes,SOURCE_ONLY,"f->f_op->write(f, buf, size, &f->f_pos);"
mt8183-kernel,platform/kernel/mediatek/mt8183/4.4/drivers/misc/mediatek/vpu/2.0/vpu_dbg.c,662,usercopy,vpu_debug_power_open,yes,no,yes,SOURCE_ONLY,"ret = copy_from_user(tmp, buffer, count);"
mt8183-kernel,platform/kernel/mediatek/mt8183/4.4/drivers/misc/mediatek/vpu/2.0/vpu_dbg.c,688,sysfs_or_store,vpu_debug_power_open,yes,no,yes,SOURCE_ONLY,"ret = kstrtouint(token, 10, &args[i]);"
mt8183-kernel,platform/kernel/mediatek/mt8183/4.4/drivers/misc/mediatek/vpu/2.0/vpu_dbg.c,706,write_handler,,yes,no,yes,SOURCE_ONLY,".write = vpu_debug_power_write,"
mt8183-kernel,platform/kernel/mediatek/mt8183/4.4/drivers/misc/mediatek/vpu/2.0/vpu_dbg.c,732,usercopy,vpu_debug_algo_open,yes,no,yes,SOURCE_ONLY,"ret = copy_from_user(tmp, buffer, count);"
mt8183-kernel,platform/kernel/mediatek/mt8183/4.4/drivers/misc/mediatek/vpu/2.0/vpu_dbg.c,750,sysfs_or_store,vpu_debug_algo_open,yes,no,yes,SOURCE_ONLY,"ret = kstrtouint(token, 10, &args[i]);"
mt8183-kernel,platform/kernel/mediatek/mt8183/4.4/drivers/misc/mediatek/vpu/2.0/vpu_dbg.c,768,write_handler,,yes,no,yes,SOURCE_ONLY,".write = vpu_debug_algo_write,"
mt8183-kernel,platform/kernel/mediatek/mt8183/4.4/drivers/misc/mediatek/vpu/2.0/vpu_dbg.c,776,debugfs,vpu_init_debug,yes,no,yes,SOURCE_ONLY,"vpu_dev->debug_root = debugfs_create_dir(""vpu"", NULL);"
mt8183-kernel,platform/kernel/mediatek/mt8183/4.4/drivers/misc/mediatek/vpu/2.0/vpu_dbg.c,783,debugfs,vpu_init_debug,yes,no,yes,SOURCE_ONLY,"debug_file = debugfs_create_file(#name, 0644, vpu_dev->debug_root, \"
mt8183-kernel,platform/kernel/mediatek/mt8183/4.4/drivers/misc/mediatek/vpu/2.0/vpu_drv.c,166,ioctl_entry;write_handler,,yes,no,yes,SOURCE_ONLY,".compat_ioctl = vpu_compat_ioctl,"
mt8183-kernel,platform/kernel/mediatek/mt8183/4.4/drivers/misc/mediatek/vpu/2.0/vpu_drv.c,168,ioctl_entry;write_handler,,yes,no,yes,SOURCE_ONLY,.unlocked_ioctl = vpu_ioctl
mt8183-kernel,platform/kernel/mediatek/mt8183/4.4/drivers/misc/mediatek/vpu/2.0/vpu_drv.c,749,usercopy,vpu_ioctl,yes,no,yes,SOURCE_ONLY,"ret = copy_from_user(&power, (void *) arg, sizeof(struct vpu_power));"
mt8183-kernel,platform/kernel/mediatek/mt8183/4.4/drivers/misc/mediatek/vpu/2.0/vpu_drv.c,770,usercopy,vpu_ioctl,yes,no,yes,SOURCE_ONLY,"ret = get_user(req->user_id, &u_req->user_id);"
mt8183-kernel,platform/kernel/mediatek/mt8183/4.4/drivers/misc/mediatek/vpu/2.0/vpu_drv.c,771,usercopy,vpu_ioctl,yes,no,yes,SOURCE_ONLY,"ret |= get_user(req->request_id, &u_req->request_id);"
mt8183-kernel,platform/kernel/mediatek/mt8183/4.4/drivers/misc/mediatek/vpu/2.0/vpu_drv.c,772,usercopy,vpu_ioctl,yes,no,yes,SOURCE_ONLY,"ret |= get_user(req->requested_core, &u_req->requested_core);"
mt8183-kernel,platform/kernel/mediatek/mt8183/4.4/drivers/misc/mediatek/vpu/2.0/vpu_drv.c,773,usercopy,vpu_ioctl,yes,no,yes,SOURCE_ONLY,"ret |= copy_from_user(req->algo_id, u_req->algo_id,"
mt8183-kernel,platform/kernel/mediatek/mt8183/4.4/drivers/misc/mediatek/vpu/2.0/vpu_drv.c,775,usercopy,vpu_ioctl,yes,no,yes,SOURCE_ONLY,"ret |= get_user(req->frame_magic, &u_req->frame_magic);"
mt8183-kernel,platform/kernel/mediatek/mt8183/4.4/drivers/misc/mediatek/vpu/2.0/vpu_drv.c,776,usercopy,vpu_ioctl,yes,no,yes,SOURCE_ONLY,"ret |= get_user(req->status, &u_req->status);"
mt8183-kernel,platform/kernel/mediatek/mt8183/4.4/drivers/misc/mediatek/vpu/2.0/vpu_drv.c,777,usercopy,vpu_ioctl,yes,no,yes,SOURCE_ONLY,"ret |= get_user(req->buffer_count, &u_req->buffer_count);"
mt8183-kernel,platform/kernel/mediatek/mt8183/4.4/drivers/misc/mediatek/vpu/2.0/vpu_drv.c,778,usercopy,vpu_ioctl,yes,no,yes,SOURCE_ONLY,"ret |= get_user(req->sett_ptr, &u_req->sett_ptr);"
mt8183-kernel,platform/kernel/mediatek/mt8183/4.4/drivers/misc/mediatek/vpu/2.0/vpu_drv.c,779,usercopy,vpu_ioctl,yes,no,yes,SOURCE_ONLY,"ret |= get_user(req->sett_length, &u_req->sett_length);"
mt8183-kernel,platform/kernel/mediatek/mt8183/4.4/drivers/misc/mediatek/vpu/2.0/vpu_drv.c,780,usercopy,vpu_ioctl,yes,no,yes,SOURCE_ONLY,"ret |= get_user(req->priv, &u_req->priv);"
mt8183-kernel,platform/kernel/mediatek/mt8183/4.4/drivers/misc/mediatek/vpu/2.0/vpu_drv.c,781,usercopy,vpu_ioctl,yes,no,yes,SOURCE_ONLY,"ret |= get_user(req->power_param.bw, &u_req->power_param.bw);"
mt8183-kernel,platform/kernel/mediatek/mt8183/4.4/drivers/misc/mediatek/vpu/2.0/vpu_drv.c,782,usercopy,vpu_ioctl,yes,no,yes,SOURCE_ONLY,"ret |= get_user(req->power_param.freq_step, &u_req->power_param.freq_step);"
mt8183-kernel,platform/kernel/mediatek/mt8183/4.4/drivers/misc/mediatek/vpu/2.0/vpu_drv.c,783,usercopy,,yes,no,yes,SOURCE_ONLY,"ret |= get_user(req->power_param.opp_step, &u_req->power_param.opp_step);"
mt8183-kernel,platform/kernel/mediatek/mt8183/4.4/drivers/misc/mediatek/vpu/2.0/vpu_drv.c,784,usercopy,,yes,no,yes,SOURCE_ONLY,"ret |= get_user(req->power_param.core, &u_req->power_param.core);"
mt8183-kernel,platform/kernel/mediatek/mt8183/4.4/drivers/misc/mediatek/vpu/2.0/vpu_drv.c,806,usercopy,,yes,no,yes,SOURCE_ONLY,"} else if (copy_from_user(req->buffers, u_req->buffers,"
mt8183-kernel,platform/kernel/mediatek/mt8183/4.4/drivers/misc/mediatek/vpu/2.0/vpu_drv.c,827,usercopy,,yes,no,yes,SOURCE_ONLY,"if (copy_from_user(req->buf_ion_infos, u_req->buf_ion_infos,"
mt8183-kernel,platform/kernel/mediatek/mt8183/4.4/drivers/misc/mediatek/vpu/2.0/vpu_drv.c,853,usercopy,,yes,no,yes,SOURCE_ONLY,"ret = get_user(kernel_request_id, &u_req->request_id);"
mt8183-kernel,platform/kernel/mediatek/mt8183/4.4/drivers/misc/mediatek/vpu/2.0/vpu_drv.c,868,usercopy,,yes,no,yes,SOURCE_ONLY,"ret = put_user(req->status, &u_req->status);"
mt8183-kernel,platform/kernel/mediatek/mt8183/4.4/drivers/misc/mediatek/vpu/2.0/vpu_drv.c,869,usercopy,,yes,no,yes,SOURCE_ONLY,"ret |= put_user(req->occupied_core, &u_req->occupied_core);"
mt8183-kernel,platform/kernel/mediatek/mt8183/4.4/drivers/misc/mediatek/vpu/2.0/vpu_drv.c,870,usercopy,,yes,no,yes,SOURCE_ONLY,"ret |= put_user(req->frame_magic, &u_req->frame_magic);"
mt8183-kernel,platform/kernel/mediatek/mt8183/4.4/drivers/misc/mediatek/vpu/2.0/vpu_drv.c,898,usercopy,,yes,no,yes,SOURCE_ONLY,"ret = copy_from_user(name, u_algo->name, sizeof(vpu_name_t));"
mt8183-kernel,platform/kernel/mediatek/mt8183/4.4/drivers/misc/mediatek/vpu/2.0/vpu_drv.c,910,usercopy,,yes,no,yes,SOURCE_ONLY,"ret = put_user(algo->port_count, &u_algo->port_count);"
mt8183-kernel,platform/kernel/mediatek/mt8183/4.4/drivers/misc/mediatek/vpu/2.0/vpu_drv.c,911,usercopy,,yes,no,yes,SOURCE_ONLY,"ret |= copy_to_user(u_algo->ports, algo->ports,"
mt8183-kernel,platform/kernel/mediatek/mt8183/4.4/drivers/misc/mediatek/vpu/2.0/vpu_drv.c,917,usercopy,,yes,no,yes,SOURCE_ONLY,"ret = put_user(algo->id, &u_algo->id);"
mt8183-kernel,platform/kernel/mediatek/mt8183/4.4/drivers/misc/mediatek/vpu/2.0/vpu_drv.c,922,usercopy,,yes,no,yes,SOURCE_ONLY,"ret = put_user(algo->sett_desc_count, &u_algo->sett_desc_count);"
mt8183-kernel,platform/kernel/mediatek/mt8183/4.4/drivers/misc/mediatek/vpu/2.0/vpu_drv.c,923,usercopy,,yes,no,yes,SOURCE_ONLY,"ret |= copy_to_user(u_algo->sett_descs, algo->sett_descs,"
mt8183-kernel,platform/kernel/mediatek/mt8183/4.4/drivers/misc/mediatek/vpu/2.0/vpu_drv.c,929,usercopy,,yes,no,yes,SOURCE_ONLY,"ret = put_user(algo->info_desc_count, &u_algo->info_desc_count);"
mt8183-kernel,platform/kernel/mediatek/mt8183/4.4/drivers/misc/mediatek/vpu/2.0/vpu_drv.c,930,usercopy,,yes,no,yes,SOURCE_ONLY,"ret |= copy_to_user(u_algo->info_descs, algo->info_descs,"
mt8183-kernel,platform/kernel/mediatek/mt8183/4.4/drivers/misc/mediatek/vpu/2.0/vpu_drv.c,935,usercopy,,yes,no,yes,SOURCE_ONLY,"ret = get_user(u_info_ptr, &u_algo->info_ptr);"
mt8183-kernel,platform/kernel/mediatek/mt8183/4.4/drivers/misc/mediatek/vpu/2.0/vpu_drv.c,937,usercopy,,yes,no,yes,SOURCE_ONLY,"ret |= get_user(u_info_length, &u_algo->info_length);"
mt8183-kernel,platform/kernel/mediatek/mt8183/4.4/drivers/misc/mediatek/vpu/2.0/vpu_drv.c,942,usercopy,,yes,no,yes,SOURCE_ONLY,"ret = copy_to_user((void *) (u_info_ptr), (void *) algo->info_ptr, algo->info_length);"
mt8183-kernel,platform/kernel/mediatek/mt8183/4.4/drivers/misc/mediatek/vpu/2.0/vpu_drv.c,954,usercopy,,yes,no,yes,SOURCE_ONLY,"ret = copy_from_user(&regs, (void *) arg, sizeof(struct vpu_reg_values));"
mt8183-kernel,platform/kernel/mediatek/mt8183/4.4/drivers/misc/mediatek/vpu/2.0/vpu_drv.c,988,usercopy,,yes,no,yes,SOURCE_ONLY,"ret = copy_from_user(name, u_algo->name, sizeof(vpu_name_t));"
mt8183-kernel,platform/kernel/mediatek/mt8183/4.4/drivers/misc/mediatek/vpu/2.0/vpu_drv.c,1004,usercopy,,yes,no,yes,SOURCE_ONLY,"ret = copy_to_user(u_algo->id, algo_id,"
mt8183-kernel,platform/kernel/mediatek/mt8183/4.4/drivers/misc/mediatek/vpu/2.0/vpu_drv.c,1016,usercopy,,yes,no,yes,SOURCE_ONLY,"ret = copy_from_user(&status, (void *) arg, sizeof(struct vpu_status));"
mt8183-kernel,platform/kernel/mediatek/mt8183/4.4/drivers/misc/mediatek/vpu/2.0/vpu_drv.c,1022,usercopy,,yes,no,yes,SOURCE_ONLY,"ret = put_user(status.vpu_core_available, (bool *)&(u_status->vpu_core_available));"
mt8183-kernel,platform/kernel/mediatek/mt8183/4.4/drivers/misc/mediatek/vpu/2.0/vpu_drv.c,1023,usercopy,,yes,no,yes,SOURCE_ONLY,"ret |= put_user(status.pool_list_size, (int *)&(u_status->pool_list_size));"
mt8183-kernel,platform/kernel/mediatek/mt8183/4.4/drivers/misc/mediatek/vpu/2.0/vpu_drv.c,1037,usercopy,,yes,no,yes,SOURCE_ONLY,"ret = get_user(dev_debug_info->dev_fd, &u_dev_debug_info->dev_fd);"
mt8183-kernel,platform/kernel/mediatek/mt8183/4.4/drivers/misc/mediatek/vpu/2.0/vpu_drv.c,1041,usercopy,,yes,no,yes,SOURCE_ONLY,"ret |= copy_from_user(dev_debug_info->callername,"
mt8183-kernel,platform/kernel/mediatek/mt8183/4.4/drivers/misc/mediatek/vpu/2.0/vpu_drv.c,1073,usercopy,,yes,no,yes,SOURCE_ONLY,"ret = copy_from_user(&dev_fd, (void *) arg, sizeof(int));"
mt8183-kernel,platform/kernel/mediatek/mt8183/4.4/drivers/misc/mediatek/vpu/2.0/vpu_drv.c,1362,device_create,,yes,no,yes,SOURCE_ONLY,"dev = device_create(vpu_class, NULL, vpu_devt, NULL, VPU_DEV_NAME);"
mt8183-kernel,platform/kernel/mediatek/mt8183/4.4/drivers/misc/mediatek/xhci/usb-iddig.c,56,sysfs_or_store,,no,no,no,SOURCE_ONLY,"DEVICE_ATTR(otg_mode, 0664, otg_mode_show, otg_mode_store);"
mt8183-kernel,platform/kernel/mediatek/mt8183/4.4/drivers/misc/mediatek/xhci/usb-iddig.c,123,module_param,,no,no,no,SOURCE_ONLY,"module_param(mtk_iddig_debounce, int, 0400);"
mt8183-kernel,platform/kernel/mediatek/mt8183/4.4/drivers/misc/mediatek/xhci/xhci-mtk-driver.c,72,module_param,,no,no,no,SOURCE_ONLY,"module_param(xhci_debug_level, int, 0400);"
mt8183-kernel,platform/kernel/mediatek/mt8183/4.4/drivers/misc/mediatek/xhci/xhci-mtk-driver.c,328,sysfs_or_store,set_option,no,no,no,SOURCE_ONLY,"rv = kstrtoint(val, 10, &local_option);"
mt8183-kernel,platform/kernel/mediatek/mt8183/4.4/drivers/misc/mediatek/xhci/xhci-mtk-driver.c,356,module_param,set_option,no,no,no,SOURCE_ONLY,"module_param(host_plug_test_enable, int, 0400);"
mt8183-kernel,platform/kernel/mediatek/mt8183/4.4/drivers/misc/mediatek/xhci/xhci-mtk-driver.c,358,module_param,set_option,no,no,no,SOURCE_ONLY,"module_param(host_plug_in_test_period_ms, int, 0400);"
mt8183-kernel,platform/kernel/mediatek/mt8183/4.4/drivers/misc/mediatek/xhci/xhci-mtk-driver.c,360,module_param,set_option,no,no,no,SOURCE_ONLY,"module_param(host_plug_out_test_period_ms, int, 0400);"
mt8183-kernel,platform/kernel/mediatek/mt8183/4.4/drivers/misc/mediatek/xhci/xhci-mtk-driver.c,362,module_param,,no,no,no,SOURCE_ONLY,"module_param(host_test_vbus_off_time_us, int, 0400);"
mt8183-kernel,platform/kernel/mediatek/mt8183/4.4/drivers/misc/mediatek/xhci/xhci-mtk-driver.c,364,module_param,,no,no,no,SOURCE_ONLY,"module_param(host_test_vbus_only, int, 0400);"
mt8183-kernel,platform/kernel/mediatek/mt8183/4.4/drivers/misc/uid_sys_stats.c,411,usercopy,uid_remove_open,yes,no,yes,SOURCE_ONLY,"if (copy_from_user(uids, buffer, count))"
mt8183-kernel,platform/kernel/mediatek/mt8183/4.4/drivers/misc/uid_sys_stats.c,452,write_handler,,yes,no,yes,SOURCE_ONLY,".write = uid_remove_write,"
mt8183-kernel,platform/kernel/mediatek/mt8183/4.4/drivers/misc/uid_sys_stats.c,587,usercopy,uid_procstat_open,yes,no,yes,SOURCE_ONLY,"if (copy_from_user(input, buffer, count))"
mt8183-kernel,platform/kernel/mediatek/mt8183/4.4/drivers/misc/uid_sys_stats.c,624,write_handler,,yes,no,yes,SOURCE_ONLY,".write = uid_procstat_write,"
mt8183-kernel,platform/kernel/mediatek/mt8183/4.4/drivers/misc/uid_sys_stats.c,672,procfs,proc_uid_sys_stats_init,yes,no,yes,SOURCE_ONLY,"proc_create_data(""remove_uid_range"", 0222, cpu_parent,"
mt8183-kernel,platform/kernel/mediatek/mt8183/4.4/drivers/misc/uid_sys_stats.c,674,procfs,proc_uid_sys_stats_init,yes,no,yes,SOURCE_ONLY,"proc_create_data(""show_uid_stat"", 0444, cpu_parent,"
mt8183-kernel,platform/kernel/mediatek/mt8183/4.4/drivers/misc/uid_sys_stats.c,684,procfs,proc_uid_sys_stats_init,yes,no,yes,SOURCE_ONLY,"proc_create_data(""stats"", 0444, io_parent,"
mt8183-kernel,platform/kernel/mediatek/mt8183/4.4/drivers/misc/uid_sys_stats.c,694,procfs,proc_uid_sys_stats_init,yes,no,yes,SOURCE_ONLY,"proc_create_data(""set"", 0222, proc_parent,"
mt8183-kernel,platform/kernel/mediatek/mt8183/4.4/drivers/mmc/host/mediatek/ComboA/msdc_partition.c,239,procfs,msdc_proc_emmc_create,no,no,no,SOURCE_ONLY,"proc_emmc = proc_create(""emmc"", 0, NULL, &proc_emmc_fops);"
mt8183-kernel,platform/kernel/mediatek/mt8183/4.4/drivers/power/mediatek/battery/mtk_battery.c,888,usercopy,,yes,no,yes,SOURCE_ONLY,"if (copy_from_user(num, buffer, count))"
mt8183-kernel,platform/kernel/mediatek/mt8183/4.4/drivers/power/mediatek/battery/mtk_battery.c,891,sysfs_or_store,,yes,no,yes,SOURCE_ONLY,"if (kstrtoint(num, 10, &cmd) == 0)"
mt8183-kernel,platform/kernel/mediatek/mt8183/4.4/drivers/power/mediatek/battery/mtk_battery.c,913,write_handler,proc_dump_log_open,yes,no,yes,SOURCE_ONLY,".write = proc_write,"
mt8183-kernel,platform/kernel/mediatek/mt8183/4.4/drivers/power/mediatek/battery/mtk_battery.c,926,procfs,battery_debug_init,yes,no,yes,SOURCE_ONLY,"proc_create(""dump_log"", 0644,"
mt8183-kernel,platform/kernel/mediatek/mt8183/4.4/drivers/power/mediatek/battery/mtk_battery.c,946,sysfs_or_store,battery_debug_init,yes,no,yes,SOURCE_ONLY,"if (kstrtoint(buf, 10, &temp) == 0) {"
mt8183-kernel,platform/kernel/mediatek/mt8183/4.4/drivers/power/mediatek/battery/mtk_battery.c,971,sysfs_or_store,,yes,no,yes,SOURCE_ONLY,"static DEVICE_ATTR(Battery_Temperature, 0664, show_Battery_Temperature,"
mt8183-kernel,platform/kernel/mediatek/mt8183/4.4/drivers/power/mediatek/battery/mtk_battery.c,990,sysfs_or_store,,yes,no,yes,SOURCE_ONLY,"if (kstrtoint(buf, 10, &temp) == 0) {"
mt8183-kernel,platform/kernel/mediatek/mt8183/4.4/drivers/power/mediatek/battery/mtk_battery.c,1004,sysfs_or_store,,yes,no,yes,SOURCE_ONLY,"static DEVICE_ATTR(UI_SOC, 0664, show_UI_SOC,"
mt8183-kernel,platform/kernel/mediatek/mt8183/4.4/drivers/power/mediatek/battery/mtk_battery.c,2659,sysfs_or_store,,yes,no,yes,SOURCE_ONLY,static DEVICE_ATTR(
mt8183-kernel,platform/kernel/mediatek/mt8183/4.4/drivers/power/mediatek/battery/mtk_battery.c,2703,sysfs_or_store,,yes,no,yes,SOURCE_ONLY,static DEVICE_ATTR(
mt8183-kernel,platform/kernel/mediatek/mt8183/4.4/drivers/power/mediatek/battery/mtk_battery.c,2752,sysfs_or_store,,yes,no,yes,SOURCE_ONLY,static DEVICE_ATTR(
mt8183-kernel,platform/kernel/mediatek/mt8183/4.4/drivers/power/mediatek/battery/mtk_battery.c,2805,sysfs_or_store,,yes,no,yes,SOURCE_ONLY,static DEVICE_ATTR(
mt8183-kernel,platform/kernel/mediatek/mt8183/4.4/drivers/power/mediatek/battery/mtk_battery.c,2859,sysfs_or_store,,yes,no,yes,SOURCE_ONLY,"static DEVICE_ATTR(uisoc_update_type, 0664,"
mt8183-kernel,platform/kernel/mediatek/mt8183/4.4/drivers/power/mediatek/battery/mtk_battery.c,2921,sysfs_or_store,,yes,no,yes,SOURCE_ONLY,"static DEVICE_ATTR(FG_daemon_log_level, 0664,"
mt8183-kernel,platform/kernel/mediatek/mt8183/4.4/drivers/power/mediatek/battery/mtk_battery.c,2964,sysfs_or_store,,yes,no,yes,SOURCE_ONLY,static DEVICE_ATTR(
mt8183-kernel,platform/kernel/mediatek/mt8183/4.4/drivers/power/mediatek/battery/mtk_battery.c,3010,sysfs_or_store,,yes,no,yes,SOURCE_ONLY,static DEVICE_ATTR(
mt8183-kernel,platform/kernel/mediatek/mt8183/4.4/drivers/power/mediatek/battery/mtk_battery.c,3028,sysfs_or_store,,yes,no,yes,SOURCE_ONLY,static DEVICE_ATTR_RO(vendor_name);
mt8183-kernel,platform/kernel/mediatek/mt8183/4.4/drivers/power/mediatek/battery/mtk_battery.c,3039,sysfs_or_store,,yes,no,yes,SOURCE_ONLY,static DEVICE_ATTR_RO(cell_vendor_name);
mt8183-kernel,platform/kernel/mediatek/mt8183/4.4/drivers/power/mediatek/battery/mtk_battery.c,3070,sysfs_or_store,,yes,no,yes,SOURCE_ONLY,static DEVICE_ATTR_RO(cell_id_adc);
mt8183-kernel,platform/kernel/mediatek/mt8183/4.4/drivers/power/mediatek/battery/mtk_battery.c,3077,sysfs_or_store,,yes,no,yes,SOURCE_ONLY,static DEVICE_ATTR_RO(gm_soc);
mt8183-kernel,platform/kernel/mediatek/mt8183/4.4/drivers/power/mediatek/battery/mtk_battery.c,3084,sysfs_or_store,,yes,no,yes,SOURCE_ONLY,static DEVICE_ATTR_RO(fg_c_soc);
mt8183-kernel,platform/kernel/mediatek/mt8183/4.4/drivers/power/mediatek/battery/mtk_battery.c,3091,sysfs_or_store,,yes,no,yes,SOURCE_ONLY,static DEVICE_ATTR_RO(fg_v_soc);
mt8183-kernel,platform/kernel/mediatek/mt8183/4.4/drivers/power/mediatek/battery/mtk_battery.c,3098,sysfs_or_store,,yes,no,yes,SOURCE_ONLY,static DEVICE_ATTR_RO(gm30_ui_soc);
mt8183-kernel,platform/kernel/mediatek/mt8183/4.4/drivers/power/mediatek/battery/mtk_battery.c,3105,sysfs_or_store,,yes,no,yes,SOURCE_ONLY,static DEVICE_ATTR_RO(gm30_vc_diff);
mt8183-kernel,platform/kernel/mediatek/mt8183/4.4/drivers/power/mediatek/battery/mtk_battery.c,3112,sysfs_or_store,,yes,no,yes,SOURCE_ONLY,static DEVICE_ATTR_RO(vc_mode);
mt8183-kernel,platform/kernel/mediatek/mt8183/4.4/drivers/power/mediatek/battery/mtk_battery.c,3119,sysfs_or_store,,yes,no,yes,SOURCE_ONLY,static DEVICE_ATTR_RO(vbat_lk);
mt8183-kernel,platform/kernel/mediatek/mt8183/4.4/drivers/power/mediatek/battery/mtk_battery.c,3126,sysfs_or_store,,yes,no,yes,SOURCE_ONLY,static DEVICE_ATTR_RO(gm30_t_d0);
mt8183-kernel,platform/kernel/mediatek/mt8183/4.4/drivers/power/mediatek/battery/mtk_battery.c,3133,sysfs_or_store,,yes,no,yes,SOURCE_ONLY,static DEVICE_ATTR_RO(gm30_T_table);
mt8183-kernel,platform/kernel/mediatek/mt8183/4.4/drivers/power/mediatek/battery/mtk_battery.c,3140,sysfs_or_store,,yes,no,yes,SOURCE_ONLY,static DEVICE_ATTR_RO(gm30_T_table_c);
mt8183-kernel,platform/kernel/mediatek/mt8183/4.4/drivers/power/mediatek/battery/mtk_battery.c,3147,sysfs_or_store,,yes,no,yes,SOURCE_ONLY,static DEVICE_ATTR_RO(d0_c);
mt8183-kernel,platform/kernel/mediatek/mt8183/4.4/drivers/power/mediatek/battery/mtk_battery.c,3154,sysfs_or_store,,yes,no,yes,SOURCE_ONLY,static DEVICE_ATTR_RO(d0_v);
mt8183-kernel,platform/kernel/mediatek/mt8183/4.4/drivers/power/mediatek/battery/mtk_battery.c,3161,sysfs_or_store,,yes,no,yes,SOURCE_ONLY,static DEVICE_ATTR_RO(gm30_quse);
mt8183-kernel,platform/kernel/mediatek/mt8183/4.4/drivers/power/mediatek/battery/mtk_battery.c,3168,sysfs_or_store,,yes,no,yes,SOURCE_ONLY,static DEVICE_ATTR_RO(gm30_quse_wo_lf);
mt8183-kernel,platform/kernel/mediatek/mt8183/4.4/drivers/power/mediatek/battery/mtk_battery.c,3175,sysfs_or_store,,yes,no,yes,SOURCE_ONLY,static DEVICE_ATTR_RO(gm30_quse_tb1);
mt8183-kernel,platform/kernel/mediatek/mt8183/4.4/drivers/power/mediatek/battery/mtk_battery.c,3182,sysfs_or_store,,yes,no,yes,SOURCE_ONLY,static DEVICE_ATTR_RO(gm30_quse_wo_lf_tb1);
mt8183-kernel,platform/kernel/mediatek/mt8183/4.4/drivers/power/mediatek/battery/mtk_battery.c,3189,sysfs_or_store,,yes,no,yes,SOURCE_ONLY,static DEVICE_ATTR_RO(gm30_aging_factor);
mt8183-kernel,platform/kernel/mediatek/mt8183/4.4/drivers/power/mediatek/battery/mtk_battery.c,3196,sysfs_or_store,,yes,no,yes,SOURCE_ONLY,static DEVICE_ATTR_RO(gm30_bat_cycle);
mt8183-kernel,platform/kernel/mediatek/mt8183/4.4/drivers/power/mediatek/battery/mtk_battery.c,3203,sysfs_or_store,,yes,no,yes,SOURCE_ONLY,static DEVICE_ATTR_RO(gm30_cv_soc);
mt8183-kernel,platform/kernel/mediatek/mt8183/4.4/drivers/power/mediatek/battery/mtk_battery.c,3210,sysfs_or_store,,yes,no,yes,SOURCE_ONLY,static DEVICE_ATTR_RO(gm30_car);
mt8183-kernel,platform/kernel/mediatek/mt8183/4.4/drivers/power/mediatek/battery/mtk_battery.c,3217,sysfs_or_store,,yes,no,yes,SOURCE_ONLY,static DEVICE_ATTR_RO(gm30_car_v);
mt8183-kernel,platform/kernel/mediatek/mt8183/4.4/drivers/power/mediatek/battery/mtk_battery.c,3224,sysfs_or_store,,yes,no,yes,SOURCE_ONLY,static DEVICE_ATTR_RO(gm30_qmax_t_0ma);
mt8183-kernel,platform/kernel/mediatek/mt8183/4.4/drivers/power/mediatek/battery/mtk_battery.c,3231,sysfs_or_store,,yes,no,yes,SOURCE_ONLY,static DEVICE_ATTR_RO(gm30_qmax_t_0ma_tb1);
mt8183-kernel,platform/kernel/mediatek/mt8183/4.4/drivers/power/mediatek/battery/mtk_battery.c,3238,sysfs_or_store,,yes,no,yes,SOURCE_ONLY,static DEVICE_ATTR_RO(dodinit);
mt8183-kernel,platform/kernel/mediatek/mt8183/4.4/drivers/power/mediatek/battery/mtk_battery.c,3245,sysfs_or_store,,yes,no,yes,SOURCE_ONLY,static DEVICE_ATTR_RO(vboot_v);
mt8183-kernel,platform/kernel/mediatek/mt8183/4.4/drivers/power/mediatek/battery/mtk_battery.c,3252,sysfs_or_store,,yes,no,yes,SOURCE_ONLY,static DEVICE_ATTR_RO(vboot_c);
mt8183-kernel,platform/kernel/mediatek/mt8183/4.4/drivers/power/mediatek/battery/mtk_battery.c,3262,sysfs_or_store,,yes,no,yes,SOURCE_ONLY,static DEVICE_ATTR_RO(con0_soc);
mt8183-kernel,platform/kernel/mediatek/mt8183/4.4/drivers/power/mediatek/battery/mtk_battery.c,3269,sysfs_or_store,,yes,no,yes,SOURCE_ONLY,static DEVICE_ATTR_RO(hw_ocv);
mt8183-kernel,platform/kernel/mediatek/mt8183/4.4/drivers/power/mediatek/battery/mtk_battery.c,3276,sysfs_or_store,,yes,no,yes,SOURCE_ONLY,static DEVICE_ATTR_RO(sw_ocv);
mt8183-kernel,platform/kernel/mediatek/mt8183/4.4/drivers/power/mediatek/battery/mtk_battery.c,3286,sysfs_or_store,,yes,no,yes,SOURCE_ONLY,static DEVICE_ATTR_RO(rtc_ui_soc);
mt8183-kernel,platform/kernel/mediatek/mt8183/4.4/drivers/power/mediatek/battery/mtk_battery.c,3325,sysfs_or_store,,yes,no,yes,SOURCE_ONLY,"ret2 = kstrtouint(param_buf, 10, &gm.BAT_EC_param);"
mt8183-kernel,platform/kernel/mediatek/mt8183/4.4/drivers/power/mediatek/battery/mtk_battery.c,3328,sysfs_or_store,,yes,no,yes,SOURCE_ONLY,"ret1 = kstrtouint(cmd_buf, 10, &gm.BAT_EC_cmd);"
mt8183-kernel,platform/kernel/mediatek/mt8183/4.4/drivers/power/mediatek/battery/mtk_battery.c,3344,sysfs_or_store,,yes,no,yes,SOURCE_ONLY,"static DEVICE_ATTR(BAT_EC, 0664, show_BAT_EC, store_BAT_EC);"
mt8183-kernel,platform/kernel/mediatek/mt8183/4.4/drivers/power/mediatek/battery/mtk_battery.c,3365,sysfs_or_store,,yes,no,yes,SOURCE_ONLY,static DEVICE_ATTR(
mt8183-kernel,platform/kernel/mediatek/mt8183/4.4/drivers/power/mediatek/battery/mtk_battery.c,3392,sysfs_or_store,,yes,no,yes,SOURCE_ONLY,"static DEVICE_ATTR(fake_rtc_soc, 0664,"
mt8183-kernel,platform/kernel/mediatek/mt8183/4.4/drivers/power/mediatek/battery/mtk_battery.c,3478,sysfs_or_store,,yes,no,yes,SOURCE_ONLY,"static DEVICE_ATTR(use_aging_zcv, 0664,"
mt8183-kernel,platform/kernel/mediatek/mt8183/4.4/drivers/power/mediatek/battery/mtk_battery.c,3480,sysfs_or_store,,yes,no,yes,SOURCE_ONLY,"static DEVICE_ATTR(disable_aging_zcv, 0664,"
mt8183-kernel,platform/kernel/mediatek/mt8183/4.4/drivers/power/mediatek/battery/mtk_battery.c,3505,sysfs_or_store,,yes,no,yes,SOURCE_ONLY,static DEVICE_ATTR(
mt8183-kernel,platform/kernel/mediatek/mt8183/4.4/drivers/power/mediatek/battery/mtk_battery.c,3529,sysfs_or_store,,yes,no,yes,SOURCE_ONLY,static DEVICE_ATTR(
mt8183-kernel,platform/kernel/mediatek/mt8183/4.4/drivers/power/mediatek/battery/mtk_battery.c,3671,usercopy,,yes,no,yes,SOURCE_ONLY,"ret = copy_from_user(adc_cali_slop, naram_data_addr, 36);"
mt8183-kernel,platform/kernel/mediatek/mt8183/4.4/drivers/power/mediatek/battery/mtk_battery.c,3687,usercopy,,yes,no,yes,SOURCE_ONLY,"ret = copy_from_user(adc_cali_offset, naram_data_addr, 36);"
mt8183-kernel,platform/kernel/mediatek/mt8183/4.4/drivers/power/mediatek/battery/mtk_battery.c,3697,usercopy,,yes,no,yes,SOURCE_ONLY,"ret = copy_from_user(adc_cali_cal, naram_data_addr, 4);"
mt8183-kernel,platform/kernel/mediatek/mt8183/4.4/drivers/power/mediatek/battery/mtk_battery.c,3713,usercopy,,yes,no,yes,SOURCE_ONLY,ret = copy_from_user(
mt8183-kernel,platform/kernel/mediatek/mt8183/4.4/drivers/power/mediatek/battery/mtk_battery.c,3750,usercopy,,yes,no,yes,SOURCE_ONLY,"ret = copy_to_user(user_data_addr, adc_out_data, 8);"
mt8183-kernel,platform/kernel/mediatek/mt8183/4.4/drivers/power/mediatek/battery/mtk_battery.c,3758,usercopy,,yes,no,yes,SOURCE_ONLY,"ret = copy_from_user(battery_in_data, user_data_addr, 4);"
mt8183-kernel,platform/kernel/mediatek/mt8183/4.4/drivers/power/mediatek/battery/mtk_battery.c,3764,usercopy,,yes,no,yes,SOURCE_ONLY,"ret = copy_to_user(user_data_addr, battery_out_data, 4);"
mt8183-kernel,platform/kernel/mediatek/mt8183/4.4/drivers/power/mediatek/battery/mtk_battery.c,3771,usercopy,,yes,no,yes,SOURCE_ONLY,"ret = copy_from_user(charging_level_data, user_data_addr, 4);"
mt8183-kernel,platform/kernel/mediatek/mt8183/4.4/drivers/power/mediatek/battery/mtk_battery.c,3815,usercopy,,yes,no,yes,SOURCE_ONLY,"ret = copy_from_user(adc_in_data, user_data_addr, 8);"
mt8183-kernel,platform/kernel/mediatek/mt8183/4.4/drivers/power/mediatek/battery/mtk_battery.c,3817,usercopy,,yes,no,yes,SOURCE_ONLY,"ret = copy_to_user(user_data_addr, adc_out_data, 8);"
mt8183-kernel,platform/kernel/mediatek/mt8183/4.4/drivers/power/mediatek/battery/mtk_battery.c,3822,usercopy,,yes,no,yes,SOURCE_ONLY,"ret = copy_from_user(adc_in_data, user_data_addr, 8);"
mt8183-kernel,platform/kernel/mediatek/mt8183/4.4/drivers/power/mediatek/battery/mtk_battery.c,3824,usercopy,,yes,no,yes,SOURCE_ONLY,"ret = copy_to_user(user_data_addr, adc_out_data, 8);"
mt8183-kernel,platform/kernel/mediatek/mt8183/4.4/drivers/power/mediatek/battery/mtk_battery.c,3830,usercopy,,yes,no,yes,SOURCE_ONLY,"ret = copy_from_user(adc_in_data, user_data_addr, 8);"
mt8183-kernel,platform/kernel/mediatek/mt8183/4.4/drivers/power/mediatek/battery/mtk_battery.c,3833,usercopy,,yes,no,yes,SOURCE_ONLY,"ret = copy_to_user(user_data_addr, adc_out_data, 8);"
mt8183-kernel,platform/kernel/mediatek/mt8183/4.4/drivers/power/mediatek/battery/mtk_battery.c,3840,usercopy,,yes,no,yes,SOURCE_ONLY,"ret = copy_from_user(adc_in_data, user_data_addr, 8);"
mt8183-kernel,platform/kernel/mediatek/mt8183/4.4/drivers/power/mediatek/battery/mtk_battery.c,3854,usercopy,,yes,no,yes,SOURCE_ONLY,"ret = copy_to_user(user_data_addr, adc_out_data, 8);"
mt8183-kernel,platform/kernel/mediatek/mt8183/4.4/drivers/power/mediatek/battery/mtk_battery.c,3862,usercopy,,yes,no,yes,SOURCE_ONLY,"ret = copy_from_user(adc_in_data, user_data_addr, 8);"
mt8183-kernel,platform/kernel/mediatek/mt8183/4.4/drivers/power/mediatek/battery/mtk_battery.c,3883,usercopy,,yes,no,yes,SOURCE_ONLY,"ret = copy_from_user(adc_in_data, user_data_addr, 8);"
mt8183-kernel,platform/kernel/mediatek/mt8183/4.4/drivers/power/mediatek/battery/mtk_battery.c,3927,ioctl_entry;write_handler,adc_cali_release,yes,no,yes,SOURCE_ONLY,".unlocked_ioctl = adc_cali_ioctl,"
mt8183-kernel,platform/kernel/mediatek/mt8183/4.4/drivers/power/mediatek/battery/mtk_battery.c,3929,ioctl_entry;write_handler,adc_cali_release,yes,no,yes,SOURCE_ONLY,".compat_ioctl = compat_adc_cali_ioctl,"
mt8183-kernel,platform/kernel/mediatek/mt8183/4.4/drivers/power/mediatek/battery/mtk_battery.c,4010,device_create,battery_probe,yes,no,yes,SOURCE_ONLY,"class_dev = (struct class_device *)device_create(adc_cali_class,"
mt8183-kernel,platform/kernel/mediatek/mt8183/4.4/drivers/power/mediatek/battery/mtk_battery.c,4087,sysfs_or_store,,yes,no,yes,SOURCE_ONLY,"ret = kstrtoint(fg_swocv_v_tmp, 10, &gm.ptim_lk_v);"
mt8183-kernel,platform/kernel/mediatek/mt8183/4.4/drivers/power/mediatek/battery/mtk_battery.c,4102,sysfs_or_store,,yes,no,yes,SOURCE_ONLY,"ret = kstrtoint(fg_swocv_i_tmp, 10, &gm.ptim_lk_i);"
mt8183-kernel,platform/kernel/mediatek/mt8183/4.4/drivers/power/mediatek/battery/mtk_battery.c,4121,sysfs_or_store,,yes,no,yes,SOURCE_ONLY,"ret = kstrtoint(shutdown_time_tmp, 10, &gm.pl_shutdown_time);"
mt8183-kernel,platform/kernel/mediatek/mt8183/4.4/drivers/power/mediatek/battery/mtk_battery.c,4139,sysfs_or_store,,yes,no,yes,SOURCE_ONLY,"ret = kstrtoint(boot_voltage_tmp, 10, &gm.pl_bat_vol);"
mt8183-kernel,platform/kernel/mediatek/mt8183/4.4/drivers/power/mediatek/battery/mtk_gauge_class.c,914,sysfs_or_store,gauge_device_release,no,no,no,SOURCE_ONLY,"static DEVICE_ATTR(name, 0444, gauge_show_name, NULL);"
mt8183-kernel,platform/kernel/mediatek/mt8183/4.4/drivers/power/mediatek/charger/charger_class.c,606,sysfs_or_store,charger_dev_notify,no,no,no,SOURCE_ONLY,"static DEVICE_ATTR(name, S_IRUGO, charger_show_name, NULL);"
mt8183-kernel,platform/kernel/mediatek/mt8183/4.4/drivers/power/mediatek/charger/mtk_charger.c,690,usercopy,charger_ftm_ioctl,yes,no,yes,SOURCE_ONLY,"ret = copy_to_user(user_data, &out_data, sizeof(out_data));"
mt8183-kernel,platform/kernel/mediatek/mt8183/4.4/drivers/power/mediatek/charger/mtk_charger.c,729,ioctl_entry;write_handler,charger_ftm_release,yes,no,yes,SOURCE_ONLY,".unlocked_ioctl = charger_ftm_ioctl,"
mt8183-kernel,platform/kernel/mediatek/mt8183/4.4/drivers/power/mediatek/charger/mtk_charger.c,731,ioctl_entry;write_handler,charger_ftm_release,yes,no,yes,SOURCE_ONLY,".compat_ioctl = charger_ftm_compat_ioctl,"
mt8183-kernel,platform/kernel/mediatek/mt8183/4.4/drivers/power/mediatek/charger/mtk_charger.c,769,device_create,charger_ftm_init,yes,no,yes,SOURCE_ONLY,"class_dev = (struct class_device *)device_create(charger_class,"
mt8183-kernel,platform/kernel/mediatek/mt8183/4.4/drivers/power/mediatek/charger/mtk_charger.c,1019,sysfs_or_store,,yes,no,yes,SOURCE_ONLY,"if (kstrtoint(buf, 10, &temp) == 0) {"
mt8183-kernel,platform/kernel/mediatek/mt8183/4.4/drivers/power/mediatek/charger/mtk_charger.c,1031,sysfs_or_store,,yes,no,yes,SOURCE_ONLY,"static DEVICE_ATTR(sw_jeita, 0664, show_sw_jeita,"
mt8183-kernel,platform/kernel/mediatek/mt8183/4.4/drivers/power/mediatek/charger/mtk_charger.c,1059,sysfs_or_store,mtk_is_pep_series_connect,yes,no,yes,SOURCE_ONLY,"if (kstrtoint(buf, 10, &temp) == 0) {"
mt8183-kernel,platform/kernel/mediatek/mt8183/4.4/drivers/power/mediatek/charger/mtk_charger.c,1071,sysfs_or_store,mtk_is_pep_series_connect,yes,no,yes,SOURCE_ONLY,"static DEVICE_ATTR(pe20, 0664, show_pe20,"
mt8183-kernel,platform/kernel/mediatek/mt8183/4.4/drivers/power/mediatek/charger/mtk_charger.c,1089,sysfs_or_store,,yes,no,yes,SOURCE_ONLY,"if (kstrtoint(buf, 10, &temp) == 0) {"
mt8183-kernel,platform/kernel/mediatek/mt8183/4.4/drivers/power/mediatek/charger/mtk_charger.c,1101,sysfs_or_store,,yes,no,yes,SOURCE_ONLY,"static DEVICE_ATTR(pe30, 0664, show_pe30,"
mt8183-kernel,platform/kernel/mediatek/mt8183/4.4/drivers/power/mediatek/charger/mtk_charger.c,1133,sysfs_or_store,,yes,no,yes,SOURCE_ONLY,"static DEVICE_ATTR(charger_log_level, 0664, show_charger_log_level, store_charger_log_level);"
mt8183-kernel,platform/kernel/mediatek/mt8183/4.4/drivers/power/mediatek/charger/mtk_charger.c,1149,sysfs_or_store,,yes,no,yes,SOURCE_ONLY,"if (kstrtoint(buf, 10, &temp) == 0) {"
mt8183-kernel,platform/kernel/mediatek/mt8183/4.4/drivers/power/mediatek/charger/mtk_charger.c,1157,sysfs_or_store,,yes,no,yes,SOURCE_ONLY,"static DEVICE_ATTR(pdc_max_watt, 0664, show_pdc_max_watt_level, store_pdc_max_watt_level);"
mt8183-kernel,platform/kernel/mediatek/mt8183/4.4/drivers/power/mediatek/charger/mtk_charger.c,1386,sysfs_or_store,mtk_charger_plug_out,yes,no,yes,SOURCE_ONLY,"static DEVICE_ATTR(custom_plugin_time, 0664, show_custom_plugin_time,"
mt8183-kernel,platform/kernel/mediatek/mt8183/4.4/drivers/power/mediatek/charger/mtk_charger.c,1400,sysfs_or_store,,yes,no,yes,SOURCE_ONLY,"ret = kstrtouint(buf, 0, &pinfo->top_off_mode_enable);"
mt8183-kernel,platform/kernel/mediatek/mt8183/4.4/drivers/power/mediatek/charger/mtk_charger.c,1406,sysfs_or_store,,yes,no,yes,SOURCE_ONLY,"static DEVICE_ATTR(top_off_mode, 0660, show_top_off_mode,"
mt8183-kernel,platform/kernel/mediatek/mt8183/4.4/drivers/power/mediatek/charger/mtk_charger.c,2888,sysfs_or_store,show_Pump_Express,yes,no,yes,SOURCE_ONLY,"static DEVICE_ATTR(Pump_Express, 0444, show_Pump_Express, NULL);"
mt8183-kernel,platform/kernel/mediatek/mt8183/4.4/drivers/power/mediatek/charger/mtk_charger.c,2909,sysfs_or_store,show_BatteryNotify,yes,no,yes,SOURCE_ONLY,"ret = kstrtouint(buf, 16, &reg);"
mt8183-kernel,platform/kernel/mediatek/mt8183/4.4/drivers/power/mediatek/charger/mtk_charger.c,2916,sysfs_or_store,show_BatteryNotify,yes,no,yes,SOURCE_ONLY,"static DEVICE_ATTR(BatteryNotify, 0664, show_BatteryNotify, store_BatteryNotify);"
mt8183-kernel,platform/kernel/mediatek/mt8183/4.4/drivers/power/mediatek/charger/mtk_charger.c,2938,sysfs_or_store,,yes,no,yes,SOURCE_ONLY,"ret = kstrtouint(buf, 16, &reg);"
mt8183-kernel,platform/kernel/mediatek/mt8183/4.4/drivers/power/mediatek/charger/mtk_charger.c,2947,sysfs_or_store,,yes,no,yes,SOURCE_ONLY,"static DEVICE_ATTR(thermal_input_current_limit, 0664,"
mt8183-kernel,platform/kernel/mediatek/mt8183/4.4/drivers/power/mediatek/charger/mtk_charger.c,2971,sysfs_or_store,,yes,no,yes,SOURCE_ONLY,"ret = kstrtoint(buf, 10, &current_limit);"
mt8183-kernel,platform/kernel/mediatek/mt8183/4.4/drivers/power/mediatek/charger/mtk_charger.c,2980,sysfs_or_store,,yes,no,yes,SOURCE_ONLY,"static DEVICE_ATTR(input_current_limit, 0664,"
mt8183-kernel,platform/kernel/mediatek/mt8183/4.4/drivers/power/mediatek/charger/mtk_charger.c,3003,sysfs_or_store,show_chg1_current,yes,no,yes,SOURCE_ONLY,"ret = kstrtoint(buf, 10, &reg);"
mt8183-kernel,platform/kernel/mediatek/mt8183/4.4/drivers/power/mediatek/charger/mtk_charger.c,3010,sysfs_or_store,show_chg1_current,yes,no,yes,SOURCE_ONLY,"static DEVICE_ATTR(chg1_current, 0664, show_chg1_current, store_chg1_current);"
mt8183-kernel,platform/kernel/mediatek/mt8183/4.4/drivers/power/mediatek/charger/mtk_charger.c,3032,sysfs_or_store,show_chg2_current,yes,no,yes,SOURCE_ONLY,"ret = kstrtoint(buf, 10, &reg);"
mt8183-kernel,platform/kernel/mediatek/mt8183/4.4/drivers/power/mediatek/charger/mtk_charger.c,3039,sysfs_or_store,show_chg2_current,yes,no,yes,SOURCE_ONLY,"static DEVICE_ATTR(chg2_current, 0664, show_chg2_current, store_chg2_current);"
mt8183-kernel,platform/kernel/mediatek/mt8183/4.4/drivers/power/mediatek/charger/mtk_charger.c,3060,sysfs_or_store,show_BN_TestMode,yes,no,yes,SOURCE_ONLY,"ret = kstrtouint(buf, 16, &reg);"
mt8183-kernel,platform/kernel/mediatek/mt8183/4.4/drivers/power/mediatek/charger/mtk_charger.c,3066,sysfs_or_store,show_BN_TestMode,yes,no,yes,SOURCE_ONLY,"static DEVICE_ATTR(BN_TestMode, 0664, show_BN_TestMode, store_BN_TestMode);"
mt8183-kernel,platform/kernel/mediatek/mt8183/4.4/drivers/power/mediatek/charger/mtk_charger.c,3077,sysfs_or_store,show_BN_TestMode,yes,no,yes,SOURCE_ONLY,"static DEVICE_ATTR(ADC_Charger_Voltage, 0444, show_ADC_Charger_Voltage, NULL);"
mt8183-kernel,platform/kernel/mediatek/mt8183/4.4/drivers/power/mediatek/charger/mtk_charger.c,3121,sysfs_or_store,,yes,no,yes,SOURCE_ONLY,"static DEVICE_ATTR(current_cmd, 0664, show_current_cmd, store_current_cmd);"
mt8183-kernel,platform/kernel/mediatek/mt8183/4.4/drivers/power/mediatek/charger/mtk_charger.c,3154,sysfs_or_store,,yes,no,yes,SOURCE_ONLY,"static DEVICE_ATTR(en_power_path, 0664,"
mt8183-kernel,platform/kernel/mediatek/mt8183/4.4/drivers/power/mediatek/charger/mtk_charger.c,3195,sysfs_or_store,,yes,no,yes,SOURCE_ONLY,"static DEVICE_ATTR(en_safety_timer, 0664,"
mt8183-kernel,platform/kernel/mediatek/mt8183/4.4/drivers/power/mediatek/charger/mtk_charger.c,3213,sysfs_or_store,,yes,no,yes,SOURCE_ONLY,static const DEVICE_ATTR_RO(vbus);
mt8183-kernel,platform/kernel/mediatek/mt8183/4.4/drivers/power/mediatek/charger/mtk_charger.c,3230,sysfs_or_store,,yes,no,yes,SOURCE_ONLY,static const DEVICE_ATTR_RO(ibus);
mt8183-kernel,platform/kernel/mediatek/mt8183/4.4/drivers/power/mediatek/charger/mtk_charger.c,3240,sysfs_or_store,,yes,no,yes,SOURCE_ONLY,static const DEVICE_ATTR_RO(aicl_result);
mt8183-kernel,platform/kernel/mediatek/mt8183/4.4/drivers/power/mediatek/charger/mtk_charger.c,3249,sysfs_or_store,,yes,no,yes,SOURCE_ONLY,static const DEVICE_ATTR_RO(iusb_setting);
mt8183-kernel,platform/kernel/mediatek/mt8183/4.4/drivers/power/mediatek/charger/mtk_charger.c,3285,sysfs_or_store,,yes,no,yes,SOURCE_ONLY,"static DEVICE_ATTR(bat_eoc_protect_reset_time, 0644,"
mt8183-kernel,platform/kernel/mediatek/mt8183/4.4/drivers/power/mediatek/charger/mtk_charger.c,3321,sysfs_or_store,,yes,no,yes,SOURCE_ONLY,"static DEVICE_ATTR(top_off_keep_time, 0644,"
mt8183-kernel,platform/kernel/mediatek/mt8183/4.4/drivers/power/mediatek/charger/mtk_charger.c,3357,sysfs_or_store,,yes,no,yes,SOURCE_ONLY,"static DEVICE_ATTR(max_charging_time, 0644,"
mt8183-kernel,platform/kernel/mediatek/mt8183/4.4/drivers/power/mediatek/charger/mtk_charger_intf.h,555,write_handler,,no,no,yes,SOURCE_ONLY,".write = mtk_charger_##name##_write, \"
mt8183-kernel,platform/kernel/mediatek/mt8183/4.4/drivers/power/p9415.c,138,write_handler,p9415_write4,no,no,yes,SOURCE_ONLY,"rc = di->bus.write(di, reg, *wr);"
mt8183-kernel,platform/kernel/mediatek/mt8183/4.4/drivers/power/p9415.c,165,write_handler,p9415_write_buffer,no,no,yes,SOURCE_ONLY,"rc = di->bus.write(di, reg, val);"
mt8183-kernel,platform/kernel/mediatek/mt8183/4.4/drivers/power/p9415.c,404,write_handler,,no,no,yes,SOURCE_ONLY,"chip->bus.write(chip, 0x3000, 0x5A);"
mt8183-kernel,platform/kernel/mediatek/mt8183/4.4/drivers/power/p9415.c,407,write_handler,,no,no,yes,SOURCE_ONLY,"chip->bus.write(chip, 0x3004, 0);"
mt8183-kernel,platform/kernel/mediatek/mt8183/4.4/drivers/power/p9415.c,409,write_handler,,no,no,yes,SOURCE_ONLY,"chip->bus.write(chip, 0x3008, 0x9);"
mt8183-kernel,platform/kernel/mediatek/mt8183/4.4/drivers/power/p9415.c,411,write_handler,,no,no,yes,SOURCE_ONLY,"chip->bus.write(chip, 0x300C, 0x5);"
mt8183-kernel,platform/kernel/mediatek/mt8183/4.4/drivers/power/p9415.c,413,write_handler,,no,no,yes,SOURCE_ONLY,"chip->bus.write(chip, 0x300D, 0x1D);"
mt8183-kernel,platform/kernel/mediatek/mt8183/4.4/drivers/power/p9415.c,416,write_handler,,no,no,yes,SOURCE_ONLY,"chip->bus.write(chip, 0x3040, 0x11);"
mt8183-kernel,platform/kernel/mediatek/mt8183/4.4/drivers/power/p9415.c,420,write_handler,,no,no,yes,SOURCE_ONLY,"chip->bus.write(chip, 0x3040, 0x10);"
mt8183-kernel,platform/kernel/mediatek/mt8183/4.4/drivers/power/p9415.c,435,write_handler,,no,no,yes,SOURCE_ONLY,"chip->bus.write(chip, 0x0400, 0);"
mt8183-kernel,platform/kernel/mediatek/mt8183/4.4/drivers/power/p9415.c,436,write_handler,,no,no,yes,SOURCE_ONLY,"chip->bus.write(chip, 0x3048, 0xD0);"
mt8183-kernel,platform/kernel/mediatek/mt8183/4.4/drivers/power/p9415.c,438,write_handler,,no,no,yes,SOURCE_ONLY,"chip->bus.write(chip, 0x3040, 0x80);"
mt8183-kernel,platform/kernel/mediatek/mt8183/4.4/drivers/power/p9415.c,496,write_handler,,no,no,yes,SOURCE_ONLY,"ret = chip->bus.write(chip, 0x0400, 0x1);"
mt8183-kernel,platform/kernel/mediatek/mt8183/4.4/drivers/power/p9415.c,532,write_handler,,no,no,yes,SOURCE_ONLY,"chip->bus.write(chip, 0x3000, 0x5A);"
mt8183-kernel,platform/kernel/mediatek/mt8183/4.4/drivers/power/p9415.c,534,write_handler,,no,no,yes,SOURCE_ONLY,"chip->bus.write(chip, 0x3048, 0x10);"
mt8183-kernel,platform/kernel/mediatek/mt8183/4.4/drivers/power/p9415.c,609,write_handler,,no,no,yes,SOURCE_ONLY,"chip->bus.write(chip, 0x3000, 0x5A);"
mt8183-kernel,platform/kernel/mediatek/mt8183/4.4/drivers/power/p9415.c,612,write_handler,,no,no,yes,SOURCE_ONLY,"chip->bus.write(chip, 0x3004, 0);"
mt8183-kernel,platform/kernel/mediatek/mt8183/4.4/drivers/power/p9415.c,614,write_handler,,no,no,yes,SOURCE_ONLY,"chip->bus.write(chip, 0x3008, 0x9);"
mt8183-kernel,platform/kernel/mediatek/mt8183/4.4/drivers/power/p9415.c,616,write_handler,,no,no,yes,SOURCE_ONLY,"chip->bus.write(chip, 0x300C, 0x5);"
mt8183-kernel,platform/kernel/mediatek/mt8183/4.4/drivers/power/p9415.c,618,write_handler,,no,no,yes,SOURCE_ONLY,"chip->bus.write(chip, 0x300D, 0x1D);"
mt8183-kernel,platform/kernel/mediatek/mt8183/4.4/drivers/power/p9415.c,621,write_handler,,no,no,yes,SOURCE_ONLY,"chip->bus.write(chip, 0x3040, 0x11);"
mt8183-kernel,platform/kernel/mediatek/mt8183/4.4/drivers/power/p9415.c,625,write_handler,,no,no,yes,SOURCE_ONLY,"chip->bus.write(chip, 0x3040, 0x10);"
mt8183-kernel,platform/kernel/mediatek/mt8183/4.4/drivers/power/p9415.c,640,write_handler,,no,no,yes,SOURCE_ONLY,"chip->bus.write(chip, 0x0400, 0);"
mt8183-kernel,platform/kernel/mediatek/mt8183/4.4/drivers/power/p9415.c,641,write_handler,,no,no,yes,SOURCE_ONLY,"chip->bus.write(chip, 0x3048, 0xD0);"
mt8183-kernel,platform/kernel/mediatek/mt8183/4.4/drivers/power/p9415.c,643,write_handler,,no,no,yes,SOURCE_ONLY,"chip->bus.write(chip, 0x3040, 0x80);"
mt8183-kernel,platform/kernel/mediatek/mt8183/4.4/drivers/power/p9415.c,701,write_handler,,no,no,yes,SOURCE_ONLY,"ret = chip->bus.write(chip, 0x0400, 0x1);"
mt8183-kernel,platform/kernel/mediatek/mt8183/4.4/drivers/power/p9415.c,737,write_handler,,no,no,yes,SOURCE_ONLY,"chip->bus.write(chip, 0x3000, 0x5A);"
mt8183-kernel,platform/kernel/mediatek/mt8183/4.4/drivers/power/p9415.c,739,write_handler,,no,no,yes,SOURCE_ONLY,"chip->bus.write(chip, 0x3048, 0x10);"
mt8183-kernel,platform/kernel/mediatek/mt8183/4.4/drivers/power/p9415.c,1028,sysfs_or_store,,no,no,yes,SOURCE_ONLY,"ret = kstrtoint(buf, 10, &vout);"
mt8183-kernel,platform/kernel/mediatek/mt8183/4.4/drivers/power/p9415.c,1030,sysfs_or_store,,no,no,yes,SOURCE_ONLY,"dev_err(chip->dev, ""%s: kstrtoint failed! ret:%d\n"","
mt8183-kernel,platform/kernel/mediatek/mt8183/4.4/drivers/power/p9415.c,1520,sysfs_or_store,,no,no,yes,SOURCE_ONLY,"if (kstrtouint(buf, 0, &en))"
mt8183-kernel,platform/kernel/mediatek/mt8183/4.4/drivers/power/p9415.c,1552,sysfs_or_store,,no,no,yes,SOURCE_ONLY,"if (kstrtouint(buf, 0, &en))"
mt8183-kernel,platform/kernel/mediatek/mt8183/4.4/drivers/power/p9415.c,1563,sysfs_or_store,,no,no,yes,SOURCE_ONLY,"static DEVICE_ATTR(version, 0444, p9415_version_show, NULL);"
mt8183-kernel,platform/kernel/mediatek/mt8183/4.4/drivers/power/p9415.c,1564,sysfs_or_store,,no,no,yes,SOURCE_ONLY,"static DEVICE_ATTR(id, 0444, p9415_id_show, NULL);"
mt8183-kernel,platform/kernel/mediatek/mt8183/4.4/drivers/power/p9415.c,1565,sysfs_or_store,,no,no,yes,SOURCE_ONLY,"static DEVICE_ATTR(pg_stat, 0444, p9415_pg_stat_show, NULL);"
mt8183-kernel,platform/kernel/mediatek/mt8183/4.4/drivers/power/p9415.c,1566,sysfs_or_store,,no,no,yes,SOURCE_ONLY,"static DEVICE_ATTR(fw_ver, 0444, p9415_fw_ver_show, NULL);"
mt8183-kernel,platform/kernel/mediatek/mt8183/4.4/drivers/power/p9415.c,1567,sysfs_or_store,,no,no,yes,SOURCE_ONLY,"static DEVICE_ATTR(power_switch, 0644, NULL, p9415_power_switch_store);"
mt8183-kernel,platform/kernel/mediatek/mt8183/4.4/drivers/power/p9415.c,1568,sysfs_or_store,,no,no,yes,SOURCE_ONLY,"static DEVICE_ATTR(vrect_adc, 0444, p9415_vrect_adc_show, NULL);"
mt8183-kernel,platform/kernel/mediatek/mt8183/4.4/drivers/power/p9415.c,1569,sysfs_or_store,,no,no,yes,SOURCE_ONLY,"static DEVICE_ATTR(iout_adc, 0444, p9415_iout_show, NULL);"
mt8183-kernel,platform/kernel/mediatek/mt8183/4.4/drivers/power/p9415.c,1570,sysfs_or_store,,no,no,yes,SOURCE_ONLY,"static DEVICE_ATTR(iout_raw_adc, 0444, p9415_iout_raw_show, NULL);"
mt8183-kernel,platform/kernel/mediatek/mt8183/4.4/drivers/power/p9415.c,1571,sysfs_or_store,,no,no,yes,SOURCE_ONLY,"static DEVICE_ATTR(vout_adc, 0444, p9415_vout_adc_show, NULL);"
mt8183-kernel,platform/kernel/mediatek/mt8183/4.4/drivers/power/p9415.c,1572,sysfs_or_store,,no,no,yes,SOURCE_ONLY,"static DEVICE_ATTR(vout_set, 0644, p9415_vout_set_show,"
mt8183-kernel,platform/kernel/mediatek/mt8183/4.4/drivers/power/p9415.c,1574,sysfs_or_store,,no,no,yes,SOURCE_ONLY,"static DEVICE_ATTR(temp_adc, 0444, p9415_temp_adc_show, NULL);"
mt8183-kernel,platform/kernel/mediatek/mt8183/4.4/drivers/power/p9415.c,1575,sysfs_or_store,,no,no,yes,SOURCE_ONLY,"static DEVICE_ATTR(tx_signal_strength, 0444, p9415_tx_signal_strength_show,"
mt8183-kernel,platform/kernel/mediatek/mt8183/4.4/drivers/power/p9415.c,1577,sysfs_or_store,,no,no,yes,SOURCE_ONLY,"static DEVICE_ATTR(tx_id, 0444, p9415_tx_id_show, NULL);"
mt8183-kernel,platform/kernel/mediatek/mt8183/4.4/drivers/power/p9415.c,1578,sysfs_or_store,,no,no,yes,SOURCE_ONLY,"static DEVICE_ATTR(irq_stat, 0444, p9415_irq_stat_show, NULL);"
mt8183-kernel,platform/kernel/mediatek/mt8183/4.4/drivers/power/p9415.c,1579,sysfs_or_store,,no,no,yes,SOURCE_ONLY,"static DEVICE_ATTR(id_authen_status, 0444, p9415_id_authen_status_show, NULL);"
mt8183-kernel,platform/kernel/mediatek/mt8183/4.4/drivers/power/p9415.c,1580,sysfs_or_store,,no,no,yes,SOURCE_ONLY,"static DEVICE_ATTR(dev_authen_status, 0444, p9415_dev_authen_status_show, NULL);"
mt8183-kernel,platform/kernel/mediatek/mt8183/4.4/drivers/power/p9415.c,1581,sysfs_or_store,,no,no,yes,SOURCE_ONLY,"static DEVICE_ATTR(over_reason, 0444, p9415_over_reason_show, NULL);"
mt8183-kernel,platform/kernel/mediatek/mt8183/4.4/drivers/power/p9415.c,1582,sysfs_or_store,,no,no,yes,SOURCE_ONLY,"static DEVICE_ATTR(fod_regs, 0644, p9415_fod_regs_show, p9415_fod_regs_store);"
mt8183-kernel,platform/kernel/mediatek/mt8183/4.4/drivers/power/p9415.c,1583,sysfs_or_store,,no,no,yes,SOURCE_ONLY,"static DEVICE_ATTR(registers_dump, 0444, p9415_regs_dump_show, NULL);"
mt8183-kernel,platform/kernel/mediatek/mt8183/4.4/drivers/power/p9415.c,1584,sysfs_or_store,,no,no,yes,SOURCE_ONLY,"static DEVICE_ATTR(reg, 0644, p9415_reg_show, p9415_reg_store);"
mt8183-kernel,platform/kernel/mediatek/mt8183/4.4/drivers/power/p9415.c,1585,sysfs_or_store,,no,no,yes,SOURCE_ONLY,"static DEVICE_ATTR(addr, 0644, p9415_addr_show, p9415_addr_store);"
mt8183-kernel,platform/kernel/mediatek/mt8183/4.4/drivers/power/p9415.c,1586,sysfs_or_store,,no,no,yes,SOURCE_ONLY,"static DEVICE_ATTR(fw_dl_en, 0644, p9415_fw_dl_en_show, p9415_fw_dl_en_store);"
mt8183-kernel,platform/kernel/mediatek/mt8183/4.4/drivers/power/p9415.c,1587,sysfs_or_store,,no,no,yes,SOURCE_ONLY,"static DEVICE_ATTR(config_update, 0200, NULL, p9415_config_update_store);"
mt8183-kernel,platform/kernel/mediatek/mt8183/4.4/drivers/power/p9415.c,1588,sysfs_or_store,,no,no,yes,SOURCE_ONLY,"static DEVICE_ATTR(fw_update, 0644, p9415_fw_update_show,"
mt8183-kernel,platform/kernel/mediatek/mt8183/4.4/drivers/power/p9415.c,1590,sysfs_or_store,,no,no,yes,SOURCE_ONLY,"static DEVICE_ATTR(iout_cal, 0644, p9415_iout_cal_show, p9415_iout_cal_store);"
mt8183-kernel,platform/kernel/mediatek/mt8183/4.4/drivers/power/p9415.c,1591,sysfs_or_store,,no,no,yes,SOURCE_ONLY,"static DEVICE_ATTR(en_chk_tx_cap, 0644, p9415_en_chk_tx_cap_show,"
mt8183-kernel,platform/kernel/mediatek/mt8183/4.4/drivers/power/p9415.c,1737,write_handler,p9415_device_auth_req,no,no,yes,SOURCE_ONLY,"ret = chip->bus.write(chip, REG_COMMAND, SEND_DEVICE_AUTH);"
mt8183-kernel,platform/kernel/mediatek/mt8183/4.4/drivers/power/p9415.c,1815,write_handler,p9415_sendpkt,no,no,yes,SOURCE_ONLY,"ret = chip->bus.write(chip, REG_COMMAND, SENDPROPP);"
mt8183-kernel,platform/kernel/mediatek/mt8183/4.4/drivers/power/p9415.c,1840,write_handler,p9415_send_eop,no,no,yes,SOURCE_ONLY,"ret = chip->bus.write(chip, REG_EPT, reason);"
mt8183-kernel,platform/kernel/mediatek/mt8183/4.4/drivers/power/p9415.c,1846,write_handler,p9415_send_eop,no,no,yes,SOURCE_ONLY,"ret = chip->bus.write(chip, REG_COMMAND, SENDEOP);"
mt8183-kernel,platform/kernel/mediatek/mt8183/4.4/drivers/power/p9415.c,1928,write_handler,p9415_write_ovp,no,no,yes,SOURCE_ONLY,"chip->bus.write(chip, REG_OVP_SEL, ovp);"
mt8183-kernel,platform/kernel/mediatek/mt8183/4.4/drivers/power/p9415.c,1960,write_handler,p9415_write_ovp,no,no,yes,SOURCE_ONLY,"ret = chip->bus.write(chip, REG_COMMAND, CLRINT);"
mt8183-kernel,platform/kernel/mediatek/mt8183/4.4/drivers/power/p9415.c,2280,write_handler,p9415_vout_enable,no,no,yes,SOURCE_ONLY,"chip->bus.write(chip, REG_COMMAND, LDOTGL);"
mt8183-kernel,platform/kernel/mediatek/mt8183/4.4/drivers/power/p9415.c,2283,write_handler,p9415_vout_enable,no,no,yes,SOURCE_ONLY,"chip->bus.write(chip, REG_COMMAND, LDOTGL);"
mt8183-kernel,platform/kernel/mediatek/mt8183/4.4/drivers/power/p9415.c,2719,write_handler,p9415_set_cm_cap_enable,no,no,yes,SOURCE_ONLY,"ret = chip->bus.write(chip, REG_CM_CAP_EN_ADDR, EN_CM_CAP);"
mt8183-kernel,platform/kernel/mediatek/mt8183/4.4/drivers/power/p9415.c,2721,write_handler,p9415_set_cm_cap_enable,no,no,yes,SOURCE_ONLY,"ret = chip->bus.write(chip, REG_CM_CAP_EN_ADDR, DIS_CM_CAP);"
mt8183-kernel,platform/kernel/mediatek/mt8183/4.4/drivers/power/p9415.c,2917,write_handler,p9415_get_attach_status,no,no,yes,SOURCE_ONLY,"ret = chip->bus.write(chip, REG_COMMAND, CLRINT);"
mt8183-kernel,platform/kernel/mediatek/mt8183/4.4/drivers/power/p9415.c,3002,write_handler,p9415_enable_fc_voltage,no,no,yes,SOURCE_ONLY,"chip->bus.write(chip, REG_COMMAND, VSWITCH);"
mt8183-kernel,platform/kernel/mediatek/mt8183/4.4/drivers/power/p9415.c,3447,write_handler,,no,no,yes,SOURCE_ONLY,chip->bus.write = p9415_write;
mt8183-kernel,platform/kernel/mediatek/mt8183/4.4/drivers/staging/amazon/amzn_ld.c,27,module_param,,no,no,no,SOURCE_ONLY,"module_param(g_adc1_mv, int, 0664);"
mt8183-kernel,platform/kernel/mediatek/mt8183/4.4/drivers/staging/amazon/amzn_ld.c,28,module_param,,no,no,no,SOURCE_ONLY,"module_param(g_adc2_mv, int, 0664);"
mt8183-kernel,platform/kernel/mediatek/mt8183/4.4/drivers/staging/amazon/amzn_ld.c,624,sysfs_or_store,,no,no,no,SOURCE_ONLY,"ret = kstrtouint(buf, 0, &en);"
mt8183-kernel,platform/kernel/mediatek/mt8183/4.4/drivers/staging/amazon/amzn_ld.c,638,sysfs_or_store,,no,no,no,SOURCE_ONLY,"static DEVICE_ATTR(stop_detection, 0664,"
mt8183-kernel,platform/kernel/mediatek/mt8183/4.4/drivers/staging/amazon/amzn_ld.c,655,sysfs_or_store,,no,no,no,SOURCE_ONLY,"ret = kstrtouint(buf, 0, &mode);"
mt8183-kernel,platform/kernel/mediatek/mt8183/4.4/drivers/staging/amazon/amzn_ld.c,663,sysfs_or_store,,no,no,no,SOURCE_ONLY,"static DEVICE_ATTR(ctrl_mode, 0664, show_ctrl_mode, store_ctrl_mode);"
mt8183-kernel,platform/kernel/mediatek/mt8183/4.4/drivers/staging/amazon/amzn_ld.c,679,sysfs_or_store,,no,no,no,SOURCE_ONLY,"ret = kstrtouint(buf, 0, &threshold);"
mt8183-kernel,platform/kernel/mediatek/mt8183/4.4/drivers/staging/amazon/amzn_ld.c,687,sysfs_or_store,,no,no,no,SOURCE_ONLY,"static DEVICE_ATTR(threshold_l, 0664, show_threshold_l, store_threshold_l);"
mt8183-kernel,platform/kernel/mediatek/mt8183/4.4/drivers/staging/amazon/amzn_ld.c,703,sysfs_or_store,,no,no,no,SOURCE_ONLY,"ret = kstrtouint(buf, 0, &threshold);"
mt8183-kernel,platform/kernel/mediatek/mt8183/4.4/drivers/staging/amazon/amzn_ld.c,711,sysfs_or_store,,no,no,no,SOURCE_ONLY,"static DEVICE_ATTR(threshold_h, 0664, show_threshold_h, store_threshold_h);"
mt8183-kernel,platform/kernel/mediatek/mt8183/4.4/drivers/staging/amazon/amzn_ld.c,727,sysfs_or_store,,no,no,no,SOURCE_ONLY,"ret = kstrtouint(buf, 0, &sleep_ms);"
mt8183-kernel,platform/kernel/mediatek/mt8183/4.4/drivers/staging/amazon/amzn_ld.c,737,sysfs_or_store,,no,no,no,SOURCE_ONLY,"static DEVICE_ATTR(sleep_interval, 0664,"
mt8183-kernel,platform/kernel/mediatek/mt8183/4.4/drivers/staging/amazon/amzn_ld.c,747,sysfs_or_store,,no,no,no,SOURCE_ONLY,static const DEVICE_ATTR_RO(adc1_1);
mt8183-kernel,platform/kernel/mediatek/mt8183/4.4/drivers/staging/amazon/amzn_ld.c,756,sysfs_or_store,,no,no,no,SOURCE_ONLY,static const DEVICE_ATTR_RO(adc2_1);
mt8183-kernel,platform/kernel/mediatek/mt8183/4.4/drivers/staging/amazon/amzn_ld.c,765,sysfs_or_store,,no,no,no,SOURCE_ONLY,static const DEVICE_ATTR_RO(adc1_2);
mt8183-kernel,platform/kernel/mediatek/mt8183/4.4/drivers/staging/amazon/amzn_ld.c,774,sysfs_or_store,,no,no,no,SOURCE_ONLY,static const DEVICE_ATTR_RO(adc2_2);
mt8183-kernel,platform/kernel/mediatek/mt8183/4.4/drivers/staging/amazon/dspframework/src/adf_debug.c,82,usercopy,adf_debug_open,yes,no,yes,SOURCE_ONLY,"if (copy_from_user(buf, userbuf, count)) {"
mt8183-kernel,platform/kernel/mediatek/mt8183/4.4/drivers/staging/amazon/dspframework/src/adf_debug.c,120,write_handler,,yes,no,yes,SOURCE_ONLY,".write = adf_debug_write,"
mt8183-kernel,platform/kernel/mediatek/mt8183/4.4/drivers/staging/amazon/dspframework/src/adf_debug.c,179,usercopy,adf_state_open,yes,no,yes,SOURCE_ONLY,"if (copy_from_user(buf, userbuf, count)) {"
mt8183-kernel,platform/kernel/mediatek/mt8183/4.4/drivers/staging/amazon/dspframework/src/adf_debug.c,223,write_handler,,yes,no,yes,SOURCE_ONLY,".write = adf_state_write,"
mt8183-kernel,platform/kernel/mediatek/mt8183/4.4/drivers/staging/amazon/dspframework/src/adf_debug.c,245,debugfs,adf_debug_fs_init,yes,no,yes,SOURCE_ONLY,"adfDebugDir = debugfs_create_dir(""adf_dbg_fs"", NULL);"
mt8183-kernel,platform/kernel/mediatek/mt8183/4.4/drivers/staging/amazon/dspframework/src/adf_debug.c,252,debugfs,adf_debug_fs_init,yes,no,yes,SOURCE_ONLY,"adfDebugFile = debugfs_create_file(debugFileName,"
mt8183-kernel,platform/kernel/mediatek/mt8183/4.4/drivers/staging/amazon/dspframework/src/adf_debug.c,261,debugfs,adf_debug_fs_init,yes,no,yes,SOURCE_ONLY,"adfDebugFile = debugfs_create_file(debugFileName,"
mt8183-kernel,platform/kernel/mediatek/mt8183/4.4/drivers/staging/android/alarm-dev.c,40,module_param,,yes,no,yes,SOURCE_ONLY,"module_param_named(debug_mask, debug_mask, int, S_IRUGO | S_IWUSR | S_IWGRP);"
mt8183-kernel,platform/kernel/mediatek/mt8183/4.4/drivers/staging/android/alarm-dev.c,347,usercopy,alarm_ioctl,yes,no,yes,SOURCE_ONLY,"if (copy_from_user(&ts, (void __user *)arg, sizeof(ts)))"
mt8183-kernel,platform/kernel/mediatek/mt8183/4.4/drivers/staging/android/alarm-dev.c,358,usercopy,alarm_ioctl,yes,no,yes,SOURCE_ONLY,"if (copy_to_user((void __user *)arg, &ts, sizeof(ts)))"
mt8183-kernel,platform/kernel/mediatek/mt8183/4.4/drivers/staging/android/alarm-dev.c,363,usercopy,alarm_ioctl,yes,no,yes,SOURCE_ONLY,"if (copy_to_user((void __user *)arg, &pwron_alm, sizeof(struct rtc_wkalrm))) {"
mt8183-kernel,platform/kernel/mediatek/mt8183/4.4/drivers/staging/android/alarm-dev.c,408,usercopy,alarm_compat_ioctl,yes,no,yes,SOURCE_ONLY,"if (copy_to_user((void __user *)arg, &pwron_alm, sizeof(struct rtc_wkalrm))) {"
mt8183-kernel,platform/kernel/mediatek/mt8183/4.4/drivers/staging/android/alarm-dev.c,497,ioctl_entry;write_handler,devalarm_triggered,yes,no,yes,SOURCE_ONLY,".unlocked_ioctl = alarm_ioctl,"
mt8183-kernel,platform/kernel/mediatek/mt8183/4.4/drivers/staging/android/alarm-dev.c,501,ioctl_entry;write_handler,devalarm_triggered,yes,no,yes,SOURCE_ONLY,".compat_ioctl = alarm_compat_ioctl,"
mt8183-kernel,platform/kernel/mediatek/mt8183/4.4/drivers/staging/android/alarm-dev.c,516,misc_register,alarm_dev_init,yes,no,yes,SOURCE_ONLY,err = misc_register(&alarm_device);
mt8183-kernel,platform/kernel/mediatek/mt8183/4.4/drivers/staging/android/ashmem.c,590,usercopy,get_name,yes,yes,yes,SOURCE_ONLY,"if (unlikely(copy_to_user(name, local_name, len)))"
mt8183-kernel,platform/kernel/mediatek/mt8183/4.4/drivers/staging/android/ashmem.c,728,usercopy,,yes,yes,yes,SOURCE_ONLY,"if (unlikely(copy_from_user(&pin, p, sizeof(pin))))"
mt8183-kernel,platform/kernel/mediatek/mt8183/4.4/drivers/staging/android/ashmem.c,807,capability_check,ashmem_ioctl,yes,yes,yes,SOURCE_ONLY,if (capable(CAP_SYS_ADMIN)) {
mt8183-kernel,platform/kernel/mediatek/mt8183/4.4/drivers/staging/android/ashmem.c,845,ioctl_entry;write_handler,,yes,yes,yes,SOURCE_ONLY,".unlocked_ioctl = ashmem_ioctl,"
mt8183-kernel,platform/kernel/mediatek/mt8183/4.4/drivers/staging/android/ashmem.c,847,ioctl_entry;write_handler,,yes,yes,yes,SOURCE_ONLY,".compat_ioctl = compat_ashmem_ioctl,"
mt8183-kernel,platform/kernel/mediatek/mt8183/4.4/drivers/staging/android/ashmem.c,877,misc_register,ashmem_init,yes,yes,yes,SOURCE_ONLY,ret = misc_register(&ashmem_misc);
mt8183-kernel,platform/kernel/mediatek/mt8183/4.4/drivers/staging/android/ion/compat_ion.c,173,usercopy,,yes,no,no,SOURCE_ONLY,"err = get_user(s, &data32->len);"
mt8183-kernel,platform/kernel/mediatek/mt8183/4.4/drivers/staging/android/ion/compat_ion.c,174,usercopy,,yes,no,no,SOURCE_ONLY,"err |= put_user(s, &data->len);"
mt8183-kernel,platform/kernel/mediatek/mt8183/4.4/drivers/staging/android/ion/compat_ion.c,175,usercopy,,yes,no,no,SOURCE_ONLY,"err |= get_user(s, &data32->align);"
mt8183-kernel,platform/kernel/mediatek/mt8183/4.4/drivers/staging/android/ion/compat_ion.c,176,usercopy,,yes,no,no,SOURCE_ONLY,"err |= put_user(s, &data->align);"
mt8183-kernel,platform/kernel/mediatek/mt8183/4.4/drivers/staging/android/ion/compat_ion.c,177,usercopy,,yes,no,no,SOURCE_ONLY,"err |= get_user(u, &data32->heap_id_mask);"
mt8183-kernel,platform/kernel/mediatek/mt8183/4.4/drivers/staging/android/ion/compat_ion.c,178,usercopy,,yes,no,no,SOURCE_ONLY,"err |= put_user(u, &data->heap_id_mask);"
mt8183-kernel,platform/kernel/mediatek/mt8183/4.4/drivers/staging/android/ion/compat_ion.c,179,usercopy,,yes,no,no,SOURCE_ONLY,"err |= get_user(u, &data32->flags);"
mt8183-kernel,platform/kernel/mediatek/mt8183/4.4/drivers/staging/android/ion/compat_ion.c,180,usercopy,,yes,no,no,SOURCE_ONLY,"err |= put_user(u, &data->flags);"
mt8183-kernel,platform/kernel/mediatek/mt8183/4.4/drivers/staging/android/ion/compat_ion.c,181,usercopy,,yes,no,no,SOURCE_ONLY,"err |= get_user(i, &data32->handle);"
mt8183-kernel,platform/kernel/mediatek/mt8183/4.4/drivers/staging/android/ion/compat_ion.c,182,usercopy,,yes,no,no,SOURCE_ONLY,"err |= put_user(i, &data->handle);"
mt8183-kernel,platform/kernel/mediatek/mt8183/4.4/drivers/staging/android/ion/compat_ion.c,194,usercopy,,yes,no,no,SOURCE_ONLY,"err = get_user(i, &data32->handle);"
mt8183-kernel,platform/kernel/mediatek/mt8183/4.4/drivers/staging/android/ion/compat_ion.c,195,usercopy,,yes,no,no,SOURCE_ONLY,"err |= put_user(i, &data->handle);"
mt8183-kernel,platform/kernel/mediatek/mt8183/4.4/drivers/staging/android/ion/compat_ion.c,209,usercopy,,yes,no,no,SOURCE_ONLY,"err = get_user(s, &data->len);"
mt8183-kernel,platform/kernel/mediatek/mt8183/4.4/drivers/staging/android/ion/compat_ion.c,210,usercopy,,yes,no,no,SOURCE_ONLY,"err |= put_user(s, &data32->len);"
mt8183-kernel,platform/kernel/mediatek/mt8183/4.4/drivers/staging/android/ion/compat_ion.c,211,usercopy,,yes,no,no,SOURCE_ONLY,"err |= get_user(s, &data->align);"
mt8183-kernel,platform/kernel/mediatek/mt8183/4.4/drivers/staging/android/ion/compat_ion.c,212,usercopy,,yes,no,no,SOURCE_ONLY,"err |= put_user(s, &data32->align);"
mt8183-kernel,platform/kernel/mediatek/mt8183/4.4/drivers/staging/android/ion/compat_ion.c,213,usercopy,,yes,no,no,SOURCE_ONLY,"err |= get_user(u, &data->heap_id_mask);"
mt8183-kernel,platform/kernel/mediatek/mt8183/4.4/drivers/staging/android/ion/compat_ion.c,214,usercopy,,yes,no,no,SOURCE_ONLY,"err |= put_user(u, &data32->heap_id_mask);"
mt8183-kernel,platform/kernel/mediatek/mt8183/4.4/drivers/staging/android/ion/compat_ion.c,215,usercopy,,yes,no,no,SOURCE_ONLY,"err |= get_user(u, &data->flags);"
mt8183-kernel,platform/kernel/mediatek/mt8183/4.4/drivers/staging/android/ion/compat_ion.c,216,usercopy,,yes,no,no,SOURCE_ONLY,"err |= put_user(u, &data32->flags);"
mt8183-kernel,platform/kernel/mediatek/mt8183/4.4/drivers/staging/android/ion/compat_ion.c,217,usercopy,,yes,no,no,SOURCE_ONLY,"err |= get_user(i, &data->handle);"
mt8183-kernel,platform/kernel/mediatek/mt8183/4.4/drivers/staging/android/ion/compat_ion.c,218,usercopy,,yes,no,no,SOURCE_ONLY,"err |= put_user(i, &data32->handle);"
mt8183-kernel,platform/kernel/mediatek/mt8183/4.4/drivers/staging/android/ion/compat_ion.c,236,usercopy,,yes,no,no,SOURCE_ONLY,"err = get_user(handle, &data32->handle);"
mt8183-kernel,platform/kernel/mediatek/mt8183/4.4/drivers/staging/android/ion/compat_ion.c,237,usercopy,,yes,no,no,SOURCE_ONLY,"err |= put_user(handle, &data->handle);"
mt8183-kernel,platform/kernel/mediatek/mt8183/4.4/drivers/staging/android/ion/compat_ion.c,238,usercopy,,yes,no,no,SOURCE_ONLY,"err |= get_user(module_id, &data32->module_id);"
mt8183-kernel,platform/kernel/mediatek/mt8183/4.4/drivers/staging/android/ion/compat_ion.c,239,usercopy,,yes,no,no,SOURCE_ONLY,"err |= put_user(module_id, &data->module_id);"
mt8183-kernel,platform/kernel/mediatek/mt8183/4.4/drivers/staging/android/ion/compat_ion.c,240,usercopy,,yes,no,no,SOURCE_ONLY,"err |= get_user(security, &data32->security);"
mt8183-kernel,platform/kernel/mediatek/mt8183/4.4/drivers/staging/android/ion/compat_ion.c,241,usercopy,,yes,no,no,SOURCE_ONLY,"err |= put_user(security, &data->security);"
mt8183-kernel,platform/kernel/mediatek/mt8183/4.4/drivers/staging/android/ion/compat_ion.c,242,usercopy,,yes,no,no,SOURCE_ONLY,"err |= get_user(coherent, &data32->coherent);"
mt8183-kernel,platform/kernel/mediatek/mt8183/4.4/drivers/staging/android/ion/compat_ion.c,243,usercopy,,yes,no,no,SOURCE_ONLY,"err |= put_user(coherent, &data->coherent);"
mt8183-kernel,platform/kernel/mediatek/mt8183/4.4/drivers/staging/android/ion/compat_ion.c,244,usercopy,,yes,no,no,SOURCE_ONLY,"err |= get_user(iova_start, &data32->reserve_iova_start);"
mt8183-kernel,platform/kernel/mediatek/mt8183/4.4/drivers/staging/android/ion/compat_ion.c,245,usercopy,,yes,no,no,SOURCE_ONLY,"err |= put_user(iova_start, &data->reserve_iova_start);"
mt8183-kernel,platform/kernel/mediatek/mt8183/4.4/drivers/staging/android/ion/compat_ion.c,246,usercopy,,yes,no,no,SOURCE_ONLY,"err |= get_user(iova_end, &data32->reserve_iova_end);"
mt8183-kernel,platform/kernel/mediatek/mt8183/4.4/drivers/staging/android/ion/compat_ion.c,247,usercopy,,yes,no,no,SOURCE_ONLY,"err |= put_user(iova_end, &data->reserve_iova_end);"
mt8183-kernel,platform/kernel/mediatek/mt8183/4.4/drivers/staging/android/ion/compat_ion.c,265,usercopy,,yes,no,no,SOURCE_ONLY,"err = get_user(handle, &data32->handle);"
mt8183-kernel,platform/kernel/mediatek/mt8183/4.4/drivers/staging/android/ion/compat_ion.c,266,usercopy,,yes,no,no,SOURCE_ONLY,"err |= put_user(handle, &data->handle);"
mt8183-kernel,platform/kernel/mediatek/mt8183/4.4/drivers/staging/android/ion/compat_ion.c,268,usercopy,,yes,no,no,SOURCE_ONLY,"err |= get_user(dbg_name, &data32->dbg_name[i]);"
mt8183-kernel,platform/kernel/mediatek/mt8183/4.4/drivers/staging/android/ion/compat_ion.c,269,usercopy,,yes,no,no,SOURCE_ONLY,"err |= put_user(dbg_name, &data->dbg_name[i]);"
mt8183-kernel,platform/kernel/mediatek/mt8183/4.4/drivers/staging/android/ion/compat_ion.c,271,usercopy,,yes,no,no,SOURCE_ONLY,"err |= get_user(value1, &data32->value1);"
mt8183-kernel,platform/kernel/mediatek/mt8183/4.4/drivers/staging/android/ion/compat_ion.c,272,usercopy,,yes,no,no,SOURCE_ONLY,"err |= put_user(value1, &data->value1);"
mt8183-kernel,platform/kernel/mediatek/mt8183/4.4/drivers/staging/android/ion/compat_ion.c,273,usercopy,,yes,no,no,SOURCE_ONLY,"err |= get_user(value2, &data32->value2);"
mt8183-kernel,platform/kernel/mediatek/mt8183/4.4/drivers/staging/android/ion/compat_ion.c,274,usercopy,,yes,no,no,SOURCE_ONLY,"err |= put_user(value2, &data->value2);"
mt8183-kernel,platform/kernel/mediatek/mt8183/4.4/drivers/staging/android/ion/compat_ion.c,275,usercopy,,yes,no,no,SOURCE_ONLY,"err |= get_user(value3, &data32->value3);"
mt8183-kernel,platform/kernel/mediatek/mt8183/4.4/drivers/staging/android/ion/compat_ion.c,276,usercopy,,yes,no,no,SOURCE_ONLY,"err |= put_user(value3, &data->value3);"
mt8183-kernel,platform/kernel/mediatek/mt8183/4.4/drivers/staging/android/ion/compat_ion.c,277,usercopy,,yes,no,no,SOURCE_ONLY,"err |= get_user(value4, &data32->value4);"
mt8183-kernel,platform/kernel/mediatek/mt8183/4.4/drivers/staging/android/ion/compat_ion.c,278,usercopy,,yes,no,no,SOURCE_ONLY,"err |= put_user(value4, &data->value4);"
mt8183-kernel,platform/kernel/mediatek/mt8183/4.4/drivers/staging/android/ion/compat_ion.c,291,usercopy,,yes,no,no,SOURCE_ONLY,"err = get_user(handle, &data32->handle);"
mt8183-kernel,platform/kernel/mediatek/mt8183/4.4/drivers/staging/android/ion/compat_ion.c,292,usercopy,,yes,no,no,SOURCE_ONLY,"err |= put_user(handle, &data->handle);"
mt8183-kernel,platform/kernel/mediatek/mt8183/4.4/drivers/staging/android/ion/compat_ion.c,306,usercopy,,yes,no,no,SOURCE_ONLY,"err = get_user(s, &data32->len);"
mt8183-kernel,platform/kernel/mediatek/mt8183/4.4/drivers/staging/android/ion/compat_ion.c,307,usercopy,,yes,no,no,SOURCE_ONLY,"err |= put_user(s, &data->len);"
mt8183-kernel,platform/kernel/mediatek/mt8183/4.4/drivers/staging/android/ion/compat_ion.c,308,usercopy,,yes,no,no,SOURCE_ONLY,"err |= get_user(s, &data32->align);"
mt8183-kernel,platform/kernel/mediatek/mt8183/4.4/drivers/staging/android/ion/compat_ion.c,309,usercopy,,yes,no,no,SOURCE_ONLY,"err |= put_user(s, &data->align);"
mt8183-kernel,platform/kernel/mediatek/mt8183/4.4/drivers/staging/android/ion/compat_ion.c,310,usercopy,,yes,no,no,SOURCE_ONLY,"err |= get_user(u, &data32->heap_id_mask);"
mt8183-kernel,platform/kernel/mediatek/mt8183/4.4/drivers/staging/android/ion/compat_ion.c,311,usercopy,,yes,no,no,SOURCE_ONLY,"err |= put_user(u, &data->heap_id_mask);"
mt8183-kernel,platform/kernel/mediatek/mt8183/4.4/drivers/staging/android/ion/compat_ion.c,312,usercopy,,yes,no,no,SOURCE_ONLY,"err |= get_user(u, &data32->flags);"
mt8183-kernel,platform/kernel/mediatek/mt8183/4.4/drivers/staging/android/ion/compat_ion.c,313,usercopy,,yes,no,no,SOURCE_ONLY,"err |= put_user(u, &data->flags);"
mt8183-kernel,platform/kernel/mediatek/mt8183/4.4/drivers/staging/android/ion/compat_ion.c,314,usercopy,,yes,no,no,SOURCE_ONLY,"err |= get_user(i, &data32->ret);"
mt8183-kernel,platform/kernel/mediatek/mt8183/4.4/drivers/staging/android/ion/compat_ion.c,315,usercopy,,yes,no,no,SOURCE_ONLY,"err |= put_user(i, &data->ret);"
mt8183-kernel,platform/kernel/mediatek/mt8183/4.4/drivers/staging/android/ion/compat_ion.c,329,usercopy,,yes,no,no,SOURCE_ONLY,"err = get_user(s, &data->len);"
mt8183-kernel,platform/kernel/mediatek/mt8183/4.4/drivers/staging/android/ion/compat_ion.c,330,usercopy,,yes,no,no,SOURCE_ONLY,"err |= put_user(s, &data32->len);"
mt8183-kernel,platform/kernel/mediatek/mt8183/4.4/drivers/staging/android/ion/compat_ion.c,331,usercopy,,yes,no,no,SOURCE_ONLY,"err |= get_user(s, &data->align);"
mt8183-kernel,platform/kernel/mediatek/mt8183/4.4/drivers/staging/android/ion/compat_ion.c,332,usercopy,,yes,no,no,SOURCE_ONLY,"err |= put_user(s, &data32->align);"
mt8183-kernel,platform/kernel/mediatek/mt8183/4.4/drivers/staging/android/ion/compat_ion.c,333,usercopy,,yes,no,no,SOURCE_ONLY,"err |= get_user(u, &data->heap_id_mask);"
mt8183-kernel,platform/kernel/mediatek/mt8183/4.4/drivers/staging/android/ion/compat_ion.c,334,usercopy,,yes,no,no,SOURCE_ONLY,"err |= put_user(u, &data32->heap_id_mask);"
mt8183-kernel,platform/kernel/mediatek/mt8183/4.4/drivers/staging/android/ion/compat_ion.c,335,usercopy,,yes,no,no,SOURCE_ONLY,"err |= get_user(u, &data->flags);"
mt8183-kernel,platform/kernel/mediatek/mt8183/4.4/drivers/staging/android/ion/compat_ion.c,336,usercopy,,yes,no,no,SOURCE_ONLY,"err |= put_user(u, &data32->flags);"
mt8183-kernel,platform/kernel/mediatek/mt8183/4.4/drivers/staging/android/ion/compat_ion.c,337,usercopy,,yes,no,no,SOURCE_ONLY,"err |= get_user(i, &data->ret);"
mt8183-kernel,platform/kernel/mediatek/mt8183/4.4/drivers/staging/android/ion/compat_ion.c,338,usercopy,,yes,no,no,SOURCE_ONLY,"err |= put_user(i, &data32->ret);"
mt8183-kernel,platform/kernel/mediatek/mt8183/4.4/drivers/staging/android/ion/compat_ion.c,356,usercopy,,yes,no,no,SOURCE_ONLY,"err = get_user(handle, &data->handle);"
mt8183-kernel,platform/kernel/mediatek/mt8183/4.4/drivers/staging/android/ion/compat_ion.c,357,usercopy,,yes,no,no,SOURCE_ONLY,"err |= put_user(handle, &data32->handle);"
mt8183-kernel,platform/kernel/mediatek/mt8183/4.4/drivers/staging/android/ion/compat_ion.c,359,usercopy,,yes,no,no,SOURCE_ONLY,"err |= get_user(dbg_name, &data->dbg_name[i]);"
mt8183-kernel,platform/kernel/mediatek/mt8183/4.4/drivers/staging/android/ion/compat_ion.c,360,usercopy,,yes,no,no,SOURCE_ONLY,"err |= put_user(dbg_name, &data32->dbg_name[i]);"
mt8183-kernel,platform/kernel/mediatek/mt8183/4.4/drivers/staging/android/ion/compat_ion.c,362,usercopy,,yes,no,no,SOURCE_ONLY,"err |= get_user(value1, &data->value1);"
mt8183-kernel,platform/kernel/mediatek/mt8183/4.4/drivers/staging/android/ion/compat_ion.c,363,usercopy,,yes,no,no,SOURCE_ONLY,"err |= put_user(value1, &data32->value1);"
mt8183-kernel,platform/kernel/mediatek/mt8183/4.4/drivers/staging/android/ion/compat_ion.c,364,usercopy,,yes,no,no,SOURCE_ONLY,"err |= get_user(value2, &data->value2);"
mt8183-kernel,platform/kernel/mediatek/mt8183/4.4/drivers/staging/android/ion/compat_ion.c,365,usercopy,,yes,no,no,SOURCE_ONLY,"err |= put_user(value2, &data32->value2);"
mt8183-kernel,platform/kernel/mediatek/mt8183/4.4/drivers/staging/android/ion/compat_ion.c,366,usercopy,,yes,no,no,SOURCE_ONLY,"err |= get_user(value3, &data->value3);"
mt8183-kernel,platform/kernel/mediatek/mt8183/4.4/drivers/staging/android/ion/compat_ion.c,367,usercopy,,yes,no,no,SOURCE_ONLY,"err |= put_user(value3, &data32->value3);"
mt8183-kernel,platform/kernel/mediatek/mt8183/4.4/drivers/staging/android/ion/compat_ion.c,368,usercopy,,yes,no,no,SOURCE_ONLY,"err |= get_user(value4, &data->value4);"
mt8183-kernel,platform/kernel/mediatek/mt8183/4.4/drivers/staging/android/ion/compat_ion.c,369,usercopy,,yes,no,no,SOURCE_ONLY,"err |= put_user(value4, &data32->value4);"
mt8183-kernel,platform/kernel/mediatek/mt8183/4.4/drivers/staging/android/ion/compat_ion.c,380,usercopy,compat_get_ion_mm_data,yes,no,no,SOURCE_ONLY,"err = get_user(mm_cmd, &data32->mm_cmd);"
mt8183-kernel,platform/kernel/mediatek/mt8183/4.4/drivers/staging/android/ion/compat_ion.c,381,usercopy,compat_get_ion_mm_data,yes,no,no,SOURCE_ONLY,"err |= put_user(mm_cmd, &data->mm_cmd);"
mt8183-kernel,platform/kernel/mediatek/mt8183/4.4/drivers/staging/android/ion/compat_ion.c,417,usercopy,compat_put_ion_mm_data,yes,no,no,SOURCE_ONLY,"err = get_user(mm_cmd, &data->mm_cmd);"
mt8183-kernel,platform/kernel/mediatek/mt8183/4.4/drivers/staging/android/ion/compat_ion.c,418,usercopy,compat_put_ion_mm_data,yes,no,no,SOURCE_ONLY,"err |= put_user(mm_cmd, &data32->mm_cmd);"
mt8183-kernel,platform/kernel/mediatek/mt8183/4.4/drivers/staging/android/ion/compat_ion.c,450,usercopy,compat_put_ion_mm_data,yes,no,no,SOURCE_ONLY,"err = get_user(handle, &data32->handle);"
mt8183-kernel,platform/kernel/mediatek/mt8183/4.4/drivers/staging/android/ion/compat_ion.c,451,usercopy,compat_put_ion_mm_data,yes,no,no,SOURCE_ONLY,"err |= put_user(handle, &data->handle);"
mt8183-kernel,platform/kernel/mediatek/mt8183/4.4/drivers/staging/android/ion/compat_ion.c,452,usercopy,compat_put_ion_mm_data,yes,no,no,SOURCE_ONLY,"err |= get_user(va, &data32->va);"
mt8183-kernel,platform/kernel/mediatek/mt8183/4.4/drivers/staging/android/ion/compat_ion.c,453,usercopy,compat_put_ion_mm_data,yes,no,no,SOURCE_ONLY,"err |= put_user(compat_ptr(va), &data->va);"
mt8183-kernel,platform/kernel/mediatek/mt8183/4.4/drivers/staging/android/ion/compat_ion.c,454,usercopy,compat_put_ion_mm_data,yes,no,no,SOURCE_ONLY,"err |= get_user(size, &data32->size);"
mt8183-kernel,platform/kernel/mediatek/mt8183/4.4/drivers/staging/android/ion/compat_ion.c,455,usercopy,compat_put_ion_mm_data,yes,no,no,SOURCE_ONLY,"err |= put_user(size, &data->size);"
mt8183-kernel,platform/kernel/mediatek/mt8183/4.4/drivers/staging/android/ion/compat_ion.c,456,usercopy,,yes,no,no,SOURCE_ONLY,"err |= get_user(sync_type, &data32->sync_type);"
mt8183-kernel,platform/kernel/mediatek/mt8183/4.4/drivers/staging/android/ion/compat_ion.c,457,usercopy,,yes,no,no,SOURCE_ONLY,"err |= put_user(sync_type, &data->sync_type);"
mt8183-kernel,platform/kernel/mediatek/mt8183/4.4/drivers/staging/android/ion/compat_ion.c,472,usercopy,,yes,no,no,SOURCE_ONLY,"err = get_user(handle, &data32->handle);"
mt8183-kernel,platform/kernel/mediatek/mt8183/4.4/drivers/staging/android/ion/compat_ion.c,473,usercopy,,yes,no,no,SOURCE_ONLY,"err |= put_user(handle, &data->handle);"
mt8183-kernel,platform/kernel/mediatek/mt8183/4.4/drivers/staging/android/ion/compat_ion.c,474,usercopy,,yes,no,no,SOURCE_ONLY,"err |= get_user(phy_addr, &data32->phy_addr);"
mt8183-kernel,platform/kernel/mediatek/mt8183/4.4/drivers/staging/android/ion/compat_ion.c,475,usercopy,,yes,no,no,SOURCE_ONLY,"err |= put_user(phy_addr, &data->phy_addr);"
mt8183-kernel,platform/kernel/mediatek/mt8183/4.4/drivers/staging/android/ion/compat_ion.c,476,usercopy,,yes,no,no,SOURCE_ONLY,"err |= get_user(len, &data32->len);"
mt8183-kernel,platform/kernel/mediatek/mt8183/4.4/drivers/staging/android/ion/compat_ion.c,477,usercopy,,yes,no,no,SOURCE_ONLY,"err |= put_user(len, &data->len);"
mt8183-kernel,platform/kernel/mediatek/mt8183/4.4/drivers/staging/android/ion/compat_ion.c,492,usercopy,,yes,no,no,SOURCE_ONLY,"err = get_user(handle, &data->handle);"
mt8183-kernel,platform/kernel/mediatek/mt8183/4.4/drivers/staging/android/ion/compat_ion.c,493,usercopy,,yes,no,no,SOURCE_ONLY,"err |= put_user(handle, &data32->handle);"
mt8183-kernel,platform/kernel/mediatek/mt8183/4.4/drivers/staging/android/ion/compat_ion.c,494,usercopy,,yes,no,no,SOURCE_ONLY,"err |= get_user(phy_addr, &data->phy_addr);"
mt8183-kernel,platform/kernel/mediatek/mt8183/4.4/drivers/staging/android/ion/compat_ion.c,495,usercopy,,yes,no,no,SOURCE_ONLY,"err |= put_user(phy_addr, &data32->phy_addr);"
mt8183-kernel,platform/kernel/mediatek/mt8183/4.4/drivers/staging/android/ion/compat_ion.c,496,usercopy,,yes,no,no,SOURCE_ONLY,"err |= get_user(len, &data->len);"
mt8183-kernel,platform/kernel/mediatek/mt8183/4.4/drivers/staging/android/ion/compat_ion.c,497,usercopy,,yes,no,no,SOURCE_ONLY,"err |= put_user(len, &data32->len);"
mt8183-kernel,platform/kernel/mediatek/mt8183/4.4/drivers/staging/android/ion/compat_ion.c,511,usercopy,,yes,no,no,SOURCE_ONLY,"err |= get_user(name, &data32->name[i]);"
mt8183-kernel,platform/kernel/mediatek/mt8183/4.4/drivers/staging/android/ion/compat_ion.c,512,usercopy,,yes,no,no,SOURCE_ONLY,"err |= put_user(name, &data->name[i]);"
mt8183-kernel,platform/kernel/mediatek/mt8183/4.4/drivers/staging/android/ion/compat_ion.c,526,usercopy,,yes,no,no,SOURCE_ONLY,"err = get_user(sys_cmd, &data32->sys_cmd);"
mt8183-kernel,platform/kernel/mediatek/mt8183/4.4/drivers/staging/android/ion/compat_ion.c,527,usercopy,,yes,no,no,SOURCE_ONLY,"err |= put_user(sys_cmd, &data->sys_cmd);"
mt8183-kernel,platform/kernel/mediatek/mt8183/4.4/drivers/staging/android/ion/compat_ion.c,557,usercopy,,yes,no,no,SOURCE_ONLY,"err = get_user(sys_cmd, &data->sys_cmd);"
mt8183-kernel,platform/kernel/mediatek/mt8183/4.4/drivers/staging/android/ion/compat_ion.c,558,usercopy,,yes,no,no,SOURCE_ONLY,"err |= put_user(sys_cmd, &data32->sys_cmd);"
mt8183-kernel,platform/kernel/mediatek/mt8183/4.4/drivers/staging/android/ion/compat_ion.c,581,usercopy,,yes,no,no,SOURCE_ONLY,"err = get_user(cmd, &data32->cmd);"
mt8183-kernel,platform/kernel/mediatek/mt8183/4.4/drivers/staging/android/ion/compat_ion.c,582,usercopy,,yes,no,no,SOURCE_ONLY,"err |= put_user(cmd, &data->cmd);"
mt8183-kernel,platform/kernel/mediatek/mt8183/4.4/drivers/staging/android/ion/compat_ion.c,584,usercopy,,yes,no,no,SOURCE_ONLY,"/* err = get_user(arg, &data32->arg); */"
mt8183-kernel,platform/kernel/mediatek/mt8183/4.4/drivers/staging/android/ion/compat_ion.c,585,usercopy,,yes,no,no,SOURCE_ONLY,"/* err |= put_user(arg, &data->arg); */"
mt8183-kernel,platform/kernel/mediatek/mt8183/4.4/drivers/staging/android/ion/compat_ion.c,593,usercopy,,yes,no,no,SOURCE_ONLY,"err |= get_user(arg, &data32->arg);"
mt8183-kernel,platform/kernel/mediatek/mt8183/4.4/drivers/staging/android/ion/compat_ion.c,601,usercopy,,yes,no,no,SOURCE_ONLY,"err |= put_user((unsigned long)sys_data, &data->arg);"
mt8183-kernel,platform/kernel/mediatek/mt8183/4.4/drivers/staging/android/ion/compat_ion.c,609,usercopy,,yes,no,no,SOURCE_ONLY,"err |= get_user(arg, &data32->arg);"
mt8183-kernel,platform/kernel/mediatek/mt8183/4.4/drivers/staging/android/ion/compat_ion.c,617,usercopy,,yes,no,no,SOURCE_ONLY,"err |= put_user((unsigned long)mm_data, &data->arg);"
mt8183-kernel,platform/kernel/mediatek/mt8183/4.4/drivers/staging/android/ion/compat_ion.c,633,usercopy,,yes,no,no,SOURCE_ONLY,"err = get_user(cmd, &data->cmd);"
mt8183-kernel,platform/kernel/mediatek/mt8183/4.4/drivers/staging/android/ion/compat_ion.c,634,usercopy,,yes,no,no,SOURCE_ONLY,"err |= put_user(cmd, &data32->cmd);"
mt8183-kernel,platform/kernel/mediatek/mt8183/4.4/drivers/staging/android/ion/compat_ion.c,636,usercopy,,yes,no,no,SOURCE_ONLY,"/* err = get_user(arg, &data->arg); */"
mt8183-kernel,platform/kernel/mediatek/mt8183/4.4/drivers/staging/android/ion/compat_ion.c,637,usercopy,,yes,no,no,SOURCE_ONLY,"/* err |= put_user(arg, &data32->arg); */"
mt8183-kernel,platform/kernel/mediatek/mt8183/4.4/drivers/staging/android/ion/compat_ion.c,645,usercopy,,yes,no,no,SOURCE_ONLY,"err |= get_user(arg, &data32->arg);"
mt8183-kernel,platform/kernel/mediatek/mt8183/4.4/drivers/staging/android/ion/compat_ion.c,647,usercopy,,yes,no,no,SOURCE_ONLY,"err |= get_user(arg, &data->arg);"
mt8183-kernel,platform/kernel/mediatek/mt8183/4.4/drivers/staging/android/ion/compat_ion.c,651,usercopy,,yes,no,no,SOURCE_ONLY,"/* err |= put_user((unsigned long)sys_data32, &data32->arg); */"
mt8183-kernel,platform/kernel/mediatek/mt8183/4.4/drivers/staging/android/ion/compat_ion.c,659,usercopy,,yes,no,no,SOURCE_ONLY,"err |= get_user(arg, &data32->arg);"
mt8183-kernel,platform/kernel/mediatek/mt8183/4.4/drivers/staging/android/ion/compat_ion.c,661,usercopy,,yes,no,no,SOURCE_ONLY,"err |= get_user(arg, &data->arg);"
mt8183-kernel,platform/kernel/mediatek/mt8183/4.4/drivers/staging/android/ion/compat_ion.c,665,usercopy,,yes,no,no,SOURCE_ONLY,"/* err |= put_user((unsigned long)mm_data32, &data32->arg); */"
mt8183-kernel,platform/kernel/mediatek/mt8183/4.4/drivers/staging/android/ion/ion.c,989,debugfs,,yes,no,yes,SOURCE_ONLY,"client->debug_root = debugfs_create_file(client->display_name, 0664,"
mt8183-kernel,platform/kernel/mediatek/mt8183/4.4/drivers/staging/android/ion/ion.c,1502,usercopy,ion_ioctl,yes,no,yes,SOURCE_ONLY,"if (copy_from_user(&data, (void __user *)arg, _IOC_SIZE(cmd))) {"
mt8183-kernel,platform/kernel/mediatek/mt8183/4.4/drivers/staging/android/ion/ion.c,1602,usercopy,,yes,no,yes,SOURCE_ONLY,"if (copy_to_user((void __user *)arg, &data, _IOC_SIZE(cmd))) {"
mt8183-kernel,platform/kernel/mediatek/mt8183/4.4/drivers/staging/android/ion/ion.c,1657,ioctl_entry;write_handler,ion_open,yes,no,yes,SOURCE_ONLY,".unlocked_ioctl = ion_ioctl,"
mt8183-kernel,platform/kernel/mediatek/mt8183/4.4/drivers/staging/android/ion/ion.c,1658,ioctl_entry;write_handler,ion_open,yes,no,yes,SOURCE_ONLY,".compat_ioctl = compat_ion_ioctl,"
mt8183-kernel,platform/kernel/mediatek/mt8183/4.4/drivers/staging/android/ion/ion.c,1861,debugfs,ion_device_add_heap,yes,no,yes,SOURCE_ONLY,"debug_file = debugfs_create_file(heap->name, 0664,"
mt8183-kernel,platform/kernel/mediatek/mt8183/4.4/drivers/staging/android/ion/ion.c,1878,debugfs,ion_device_add_heap,yes,no,yes,SOURCE_ONLY,debug_file = debugfs_create_file(
mt8183-kernel,platform/kernel/mediatek/mt8183/4.4/drivers/staging/android/ion/ion.c,1892,debugfs,,yes,no,yes,SOURCE_ONLY,debug_file = debugfs_create_file(
mt8183-kernel,platform/kernel/mediatek/mt8183/4.4/drivers/staging/android/ion/ion.c,1924,misc_register,,yes,no,yes,SOURCE_ONLY,ret = misc_register(&idev->dev);
mt8183-kernel,platform/kernel/mediatek/mt8183/4.4/drivers/staging/android/ion/ion.c,1931,debugfs,,yes,no,yes,SOURCE_ONLY,"idev->debug_root = debugfs_create_dir(""ion"", NULL);"
mt8183-kernel,platform/kernel/mediatek/mt8183/4.4/drivers/staging/android/ion/ion.c,1936,debugfs,,yes,no,yes,SOURCE_ONLY,"idev->heaps_debug_root = debugfs_create_dir(""heaps"", idev->debug_root);"
mt8183-kernel,platform/kernel/mediatek/mt8183/4.4/drivers/staging/android/ion/ion.c,1941,debugfs,,yes,no,yes,SOURCE_ONLY,"idev->clients_debug_root = debugfs_create_dir(""clients"","
mt8183-kernel,platform/kernel/mediatek/mt8183/4.4/drivers/staging/android/ion/mtk/ion_drv.c,186,usercopy,__ion_is_user_va,yes,no,no,SOURCE_ONLY,"if (get_user(data, (char __user *)va) ||"
mt8183-kernel,platform/kernel/mediatek/mt8183/4.4/drivers/staging/android/ion/mtk/ion_drv.c,187,usercopy,__ion_is_user_va,yes,no,no,SOURCE_ONLY,"get_user(data, (char __user *)(va + size - 1))) {"
mt8183-kernel,platform/kernel/mediatek/mt8183/4.4/drivers/staging/android/ion/mtk/ion_drv.c,428,usercopy,ion_sys_copy_client_name,yes,no,no,SOURCE_ONLY,"copy_from_user(&param, (void __user *)arg,"
mt8183-kernel,platform/kernel/mediatek/mt8183/4.4/drivers/staging/android/ion/mtk/ion_drv.c,492,usercopy,,yes,no,no,SOURCE_ONLY,"ret_copy = copy_to_user((void __user *)arg, &param, sizeof(struct ion_sys_data));"
mt8183-kernel,platform/kernel/mediatek/mt8183/4.4/drivers/staging/android/ion/mtk/ion_drv.c,732,debugfs,ion_drv_probe,yes,no,no,SOURCE_ONLY,"/* debugfs_create_file(""ion_profile"", 0644, g_ion_device->debug_root, NULL, */"
mt8183-kernel,platform/kernel/mediatek/mt8183/4.4/drivers/staging/android/ion/mtk/ion_drv.c,734,debugfs,ion_drv_probe,yes,no,no,SOURCE_ONLY,"debugfs_create_file(""clients_summary"", 0644, g_ion_device->clients_debug_root, NULL,"
mt8183-kernel,platform/kernel/mediatek/mt8183/4.4/drivers/staging/android/ion/mtk/ion_drv.c,736,debugfs,ion_drv_probe,yes,no,no,SOURCE_ONLY,"debugfs_create_symlink(""ion_mm_heap"", g_ion_device->debug_root, ""./heaps/ion_mm_heap"");"
mt8183-kernel,platform/kernel/mediatek/mt8183/4.4/drivers/staging/android/ion/mtk/ion_history.c,296,debugfs,,no,no,no,SOURCE_ONLY,"history_record->debug_file = debugfs_create_file(name, 0644, debugfs_parent,"
mt8183-kernel,platform/kernel/mediatek/mt8183/4.4/drivers/staging/android/ion/mtk/ion_history.c,670,debugfs,ion_history_init,no,no,no,SOURCE_ONLY,"debugfs_create_file(""string_hash"", 0644, g_ion_device->debug_root, NULL,"
mt8183-kernel,platform/kernel/mediatek/mt8183/4.4/drivers/staging/android/ion/mtk/ion_mm_heap.c,941,usercopy,ion_mm_ioctl,yes,no,no,SOURCE_ONLY,"ret_copy = copy_from_user(&param, (void __user *)arg,"
mt8183-kernel,platform/kernel/mediatek/mt8183/4.4/drivers/staging/android/ion/mtk/ion_mm_heap.c,1124,usercopy,,yes,no,no,SOURCE_ONLY,"copy_to_user((void __user *)arg, &param,"
mt8183-kernel,platform/kernel/mediatek/mt8183/4.4/drivers/staging/android/lowmemorykiller.c,228,module_param,mtklmk_async_uevent,no,no,no,SOURCE_ONLY,"module_param_named(uevent_timeout, mtklmk_uevent_timeout, uint, 0644);"
mt8183-kernel,platform/kernel/mediatek/mt8183/4.4/drivers/staging/android/lowmemorykiller.c,855,procfs,lowmem_init,no,no,no,SOURCE_ONLY,"proc_create(""lmk_logs"", 0, NULL, &lowmem_proc_fops);"
mt8183-kernel,platform/kernel/mediatek/mt8183/4.4/drivers/staging/android/lowmemorykiller.c,876,misc_register,lowmem_init,no,no,no,SOURCE_ONLY,if (!misc_register(&mtklmk_misc)) {
mt8183-kernel,platform/kernel/mediatek/mt8183/4.4/drivers/staging/android/lowmemorykiller.c,1034,module_param,query_lmk_minfree,no,no,no,SOURCE_ONLY,"module_param_named(cost, lowmem_shrinker.seeks, int, S_IRUGO | S_IWUSR);"
mt8183-kernel,platform/kernel/mediatek/mt8183/4.4/drivers/staging/android/lowmemorykiller.c,1046,module_param,query_lmk_minfree,no,no,no,SOURCE_ONLY,"module_param_named(debug_level, lowmem_debug_level, uint, S_IRUGO | S_IWUSR);"
mt8183-kernel,platform/kernel/mediatek/mt8183/4.4/drivers/staging/android/lowmemorykiller.c,1047,module_param,query_lmk_minfree,no,no,no,SOURCE_ONLY,"module_param_named(debug_adj, lowmem_debug_adj, short, S_IRUGO | S_IWUSR);"
mt8183-kernel,platform/kernel/mediatek/mt8183/4.4/drivers/staging/android/lowmemorykiller.c,1048,module_param,query_lmk_minfree,no,no,no,SOURCE_ONLY,"module_param_named(candidate_log, enable_candidate_log, uint, S_IRUGO | S_IWUSR);"
mt8183-kernel,platform/kernel/mediatek/mt8183/4.4/drivers/staging/android/sw_sync.c,176,usercopy,sw_sync_release,yes,no,yes,SOURCE_ONLY,"if (copy_from_user(&data, (void __user *)arg, sizeof(data))) {"
mt8183-kernel,platform/kernel/mediatek/mt8183/4.4/drivers/staging/android/sw_sync.c,196,usercopy,sw_sync_release,yes,no,yes,SOURCE_ONLY,"if (copy_to_user((void __user *)arg, &data, sizeof(data))) {"
mt8183-kernel,platform/kernel/mediatek/mt8183/4.4/drivers/staging/android/sw_sync.c,215,usercopy,sw_sync_ioctl_inc,yes,no,yes,SOURCE_ONLY,"if (copy_from_user(&value, (void __user *)arg, sizeof(value)))"
mt8183-kernel,platform/kernel/mediatek/mt8183/4.4/drivers/staging/android/sw_sync.c,244,ioctl_entry;write_handler,sw_sync_ioctl_inc,yes,no,yes,SOURCE_ONLY,".unlocked_ioctl = sw_sync_ioctl,"
mt8183-kernel,platform/kernel/mediatek/mt8183/4.4/drivers/staging/android/sw_sync.c,245,ioctl_entry;write_handler,sw_sync_ioctl_inc,yes,no,yes,SOURCE_ONLY,".compat_ioctl = sw_sync_ioctl,"
mt8183-kernel,platform/kernel/mediatek/mt8183/4.4/drivers/staging/android/sw_sync.c,256,misc_register,sw_sync_device_init,yes,no,yes,SOURCE_ONLY,return misc_register(&sw_sync_dev);
mt8183-kernel,platform/kernel/mediatek/mt8183/4.4/drivers/staging/android/sync.c,583,usercopy,sync_fence_ioctl_wait,yes,no,yes,SOURCE_ONLY,"if (copy_from_user(&value, (void __user *)arg, sizeof(value)))"
mt8183-kernel,platform/kernel/mediatek/mt8183/4.4/drivers/staging/android/sync.c,599,usercopy,sync_fence_ioctl_merge,yes,no,yes,SOURCE_ONLY,"if (copy_from_user(&data, (void __user *)arg, sizeof(data))) {"
mt8183-kernel,platform/kernel/mediatek/mt8183/4.4/drivers/staging/android/sync.c,618,usercopy,sync_fence_ioctl_merge,yes,no,yes,SOURCE_ONLY,"if (copy_to_user((void __user *)arg, &data, sizeof(data))) {"
mt8183-kernel,platform/kernel/mediatek/mt8183/4.4/drivers/staging/android/sync.c,678,usercopy,sync_fill_pt_info,yes,no,yes,SOURCE_ONLY,"if (copy_from_user(&size, (void __user *)arg, sizeof(size)))"
mt8183-kernel,platform/kernel/mediatek/mt8183/4.4/drivers/staging/android/sync.c,711,usercopy,,yes,no,yes,SOURCE_ONLY,"if (copy_to_user((void __user *)arg, data, len))"
mt8183-kernel,platform/kernel/mediatek/mt8183/4.4/drivers/staging/android/sync.c,745,ioctl_entry;write_handler,,yes,no,yes,SOURCE_ONLY,".unlocked_ioctl = sync_fence_ioctl,"
mt8183-kernel,platform/kernel/mediatek/mt8183/4.4/drivers/staging/android/sync.c,746,ioctl_entry;write_handler,,yes,no,yes,SOURCE_ONLY,".compat_ioctl = sync_fence_ioctl,"
mt8183-kernel,platform/kernel/mediatek/mt8183/4.4/drivers/staging/android/sync_debug.c,234,debugfs,sync_debugfs_init,no,no,no,SOURCE_ONLY,"debugfs_create_file(""sync"", S_IRUGO, NULL, NULL, &sync_debugfs_fops);"
mt8183-kernel,platform/kernel/mediatek/mt8183/4.4/drivers/staging/android/timed_output.c,47,sysfs_or_store,,no,no,no,SOURCE_ONLY,"rc = kstrtoint(buf, 0, &value);"
mt8183-kernel,platform/kernel/mediatek/mt8183/4.4/drivers/staging/android/timed_output.c,55,sysfs_or_store,,no,no,no,SOURCE_ONLY,static DEVICE_ATTR_RW(enable);
mt8183-kernel,platform/kernel/mediatek/mt8183/4.4/drivers/staging/android/timed_output.c,88,device_create,timed_output_dev_register,no,no,no,SOURCE_ONLY,"tdev->dev = device_create(timed_output_class, NULL,"
mt8183-kernel,platform/kernel/mediatek/mt8183/4.4/drivers/usb/class/cdc-wdm.c,352,usercopy,cleanup,yes,no,yes,SOURCE_ONLY,"r = copy_from_user(buf, buffer, count);"
mt8183-kernel,platform/kernel/mediatek/mt8183/4.4/drivers/usb/class/cdc-wdm.c,553,usercopy,,yes,no,yes,SOURCE_ONLY,"rv = copy_to_user(buffer, desc->ubuf, cntr);"
mt8183-kernel,platform/kernel/mediatek/mt8183/4.4/drivers/usb/class/cdc-wdm.c,699,usercopy,wdm_ioctl,yes,no,yes,SOURCE_ONLY,"if (copy_to_user((void __user *)arg, &desc->wMaxCommand, sizeof(desc->wMaxCommand)))"
mt8183-kernel,platform/kernel/mediatek/mt8183/4.4/drivers/usb/class/cdc-wdm.c,711,write_handler,wdm_ioctl,yes,no,yes,SOURCE_ONLY,".write = wdm_write,"
mt8183-kernel,platform/kernel/mediatek/mt8183/4.4/drivers/usb/class/cdc-wdm.c,716,ioctl_entry;write_handler,wdm_ioctl,yes,no,yes,SOURCE_ONLY,".unlocked_ioctl = wdm_ioctl,"
mt8183-kernel,platform/kernel/mediatek/mt8183/4.4/drivers/usb/class/cdc-wdm.c,717,ioctl_entry;write_handler,wdm_ioctl,yes,no,yes,SOURCE_ONLY,".compat_ioctl = wdm_ioctl,"
mt8183-kernel,platform/kernel/mediatek/mt8183/4.4/drivers/usb/core/devices.c,587,usercopy,,yes,no,no,SOURCE_ONLY,"if (copy_to_user(*buffer, pages_start + *skip_bytes, length)) {"
mt8183-kernel,platform/kernel/mediatek/mt8183/4.4/drivers/usb/core/devio.c,102,module_param,,yes,no,yes,SOURCE_ONLY,"module_param(usbfs_snoop, bool, S_IRUGO | S_IWUSR);"
mt8183-kernel,platform/kernel/mediatek/mt8183/4.4/drivers/usb/core/devio.c,119,module_param,,yes,no,yes,SOURCE_ONLY,"module_param(usbfs_memory_mb, uint, 0644);"
mt8183-kernel,platform/kernel/mediatek/mt8183/4.4/drivers/usb/core/devio.c,215,usercopy,,yes,no,yes,SOURCE_ONLY,"if (copy_to_user(buf, ((char *)&temp_desc) + pos, len)) {"
mt8183-kernel,platform/kernel/mediatek/mt8183/4.4/drivers/usb/core/devio.c,243,write_handler,,yes,no,yes,SOURCE_ONLY,/* Simply don't write (skip over) unallocated parts */
mt8183-kernel,platform/kernel/mediatek/mt8183/4.4/drivers/usb/core/devio.c,246,usercopy,,yes,no,yes,SOURCE_ONLY,"if (copy_to_user(buf,"
mt8183-kernel,platform/kernel/mediatek/mt8183/4.4/drivers/usb/core/devio.c,430,usercopy,copy_urb_data_to_user,yes,no,yes,SOURCE_ONLY,"if (copy_to_user(userbuffer, urb->transfer_buffer, len))"
mt8183-kernel,platform/kernel/mediatek/mt8183/4.4/drivers/usb/core/devio.c,437,usercopy,copy_urb_data_to_user,yes,no,yes,SOURCE_ONLY,"if (copy_to_user(userbuffer, sg_virt(&urb->sg[i]), size))"
mt8183-kernel,platform/kernel/mediatek/mt8183/4.4/drivers/usb/core/devio.c,793,usercopy,,yes,no,yes,SOURCE_ONLY,"if (get_user(num_streams, &streams->num_streams) ||"
mt8183-kernel,platform/kernel/mediatek/mt8183/4.4/drivers/usb/core/devio.c,794,usercopy,,yes,no,yes,SOURCE_ONLY,"get_user(num_eps, &streams->num_eps))"
mt8183-kernel,platform/kernel/mediatek/mt8183/4.4/drivers/usb/core/devio.c,809,usercopy,,yes,no,yes,SOURCE_ONLY,"if (get_user(ep, &streams->eps[i])) {"
mt8183-kernel,platform/kernel/mediatek/mt8183/4.4/drivers/usb/core/devio.c,976,usercopy,proc_control,yes,no,yes,SOURCE_ONLY,"if (copy_from_user(&ctrl, arg, sizeof(ctrl)))"
mt8183-kernel,platform/kernel/mediatek/mt8183/4.4/drivers/usb/core/devio.c,1017,usercopy,,yes,no,yes,SOURCE_ONLY,"if (copy_to_user(ctrl.data, tbuf, i)) {"
mt8183-kernel,platform/kernel/mediatek/mt8183/4.4/drivers/usb/core/devio.c,1024,usercopy,,yes,no,yes,SOURCE_ONLY,"if (copy_from_user(tbuf, ctrl.data, ctrl.wLength)) {"
mt8183-kernel,platform/kernel/mediatek/mt8183/4.4/drivers/usb/core/devio.c,1063,usercopy,proc_bulk,yes,no,yes,SOURCE_ONLY,"if (copy_from_user(&bulk, arg, sizeof(bulk)))"
mt8183-kernel,platform/kernel/mediatek/mt8183/4.4/drivers/usb/core/devio.c,1105,usercopy,,yes,no,yes,SOURCE_ONLY,"if (copy_to_user(bulk.data, tbuf, len2)) {"
mt8183-kernel,platform/kernel/mediatek/mt8183/4.4/drivers/usb/core/devio.c,1112,usercopy,,yes,no,yes,SOURCE_ONLY,"if (copy_from_user(tbuf, bulk.data, len1)) {"
mt8183-kernel,platform/kernel/mediatek/mt8183/4.4/drivers/usb/core/devio.c,1150,usercopy,proc_resetep,yes,no,yes,SOURCE_ONLY,"if (get_user(ep, (unsigned int __user *)arg))"
mt8183-kernel,platform/kernel/mediatek/mt8183/4.4/drivers/usb/core/devio.c,1169,usercopy,proc_clearhalt,yes,no,yes,SOURCE_ONLY,"if (get_user(ep, (unsigned int __user *)arg))"
mt8183-kernel,platform/kernel/mediatek/mt8183/4.4/drivers/usb/core/devio.c,1192,usercopy,proc_getdriver,yes,no,yes,SOURCE_ONLY,"if (copy_from_user(&gd, arg, sizeof(gd)))"
mt8183-kernel,platform/kernel/mediatek/mt8183/4.4/drivers/usb/core/devio.c,1200,usercopy,proc_getdriver,yes,no,yes,SOURCE_ONLY,"ret = (copy_to_user(arg, &gd, sizeof(gd)) ? -EFAULT : 0);"
mt8183-kernel,platform/kernel/mediatek/mt8183/4.4/drivers/usb/core/devio.c,1213,usercopy,proc_connectinfo,yes,no,yes,SOURCE_ONLY,"if (copy_to_user(arg, &ci, sizeof(ci)))"
mt8183-kernel,platform/kernel/mediatek/mt8183/4.4/drivers/usb/core/devio.c,1228,usercopy,proc_setintf,yes,no,yes,SOURCE_ONLY,"if (copy_from_user(&setintf, arg, sizeof(setintf)))"
mt8183-kernel,platform/kernel/mediatek/mt8183/4.4/drivers/usb/core/devio.c,1246,usercopy,proc_setconfig,yes,no,yes,SOURCE_ONLY,"if (get_user(u, (int __user *)arg))"
mt8183-kernel,platform/kernel/mediatek/mt8183/4.4/drivers/usb/core/devio.c,1342,usercopy,,yes,no,yes,SOURCE_ONLY,"if (copy_from_user(dr, uurb->buffer, 8)) {"
mt8183-kernel,platform/kernel/mediatek/mt8183/4.4/drivers/usb/core/devio.c,1409,usercopy,,yes,no,yes,SOURCE_ONLY,"if (copy_from_user(isopkt, iso_frame_desc, isofrmlen)) {"
mt8183-kernel,platform/kernel/mediatek/mt8183/4.4/drivers/usb/core/devio.c,1474,usercopy,,yes,no,yes,SOURCE_ONLY,"if (copy_from_user(buf, uurb->buffer, u)) {"
mt8183-kernel,platform/kernel/mediatek/mt8183/4.4/drivers/usb/core/devio.c,1491,usercopy,,yes,no,yes,SOURCE_ONLY,"if (copy_from_user(as->urb->transfer_buffer,"
mt8183-kernel,platform/kernel/mediatek/mt8183/4.4/drivers/usb/core/devio.c,1628,usercopy,proc_submiturb,yes,no,yes,SOURCE_ONLY,"if (copy_from_user(&uurb, arg, sizeof(uurb)))"
mt8183-kernel,platform/kernel/mediatek/mt8183/4.4/drivers/usb/core/devio.c,1683,usercopy,processcompl,yes,no,yes,SOURCE_ONLY,"if (put_user(as->status, &userurb->status))"
mt8183-kernel,platform/kernel/mediatek/mt8183/4.4/drivers/usb/core/devio.c,1685,usercopy,processcompl,yes,no,yes,SOURCE_ONLY,"if (put_user(urb->actual_length, &userurb->actual_length))"
mt8183-kernel,platform/kernel/mediatek/mt8183/4.4/drivers/usb/core/devio.c,1687,usercopy,processcompl,yes,no,yes,SOURCE_ONLY,"if (put_user(urb->error_count, &userurb->error_count))"
mt8183-kernel,platform/kernel/mediatek/mt8183/4.4/drivers/usb/core/devio.c,1692,usercopy,processcompl,yes,no,yes,SOURCE_ONLY,"if (put_user(urb->iso_frame_desc[i].actual_length,"
mt8183-kernel,platform/kernel/mediatek/mt8183/4.4/drivers/usb/core/devio.c,1695,usercopy,processcompl,yes,no,yes,SOURCE_ONLY,"if (put_user(urb->iso_frame_desc[i].status,"
mt8183-kernel,platform/kernel/mediatek/mt8183/4.4/drivers/usb/core/devio.c,1701,usercopy,processcompl,yes,no,yes,SOURCE_ONLY,"if (put_user(addr, (void __user * __user *)arg))"
mt8183-kernel,platform/kernel/mediatek/mt8183/4.4/drivers/usb/core/devio.c,1768,usercopy,proc_reapurbnonblock,yes,no,yes,SOURCE_ONLY,"get_user(udata, &p32->data) ||"
mt8183-kernel,platform/kernel/mediatek/mt8183/4.4/drivers/usb/core/devio.c,1769,usercopy,proc_reapurbnonblock,yes,no,yes,SOURCE_ONLY,"put_user(compat_ptr(udata), &p->data))"
mt8183-kernel,platform/kernel/mediatek/mt8183/4.4/drivers/usb/core/devio.c,1783,usercopy,proc_reapurbnonblock,yes,no,yes,SOURCE_ONLY,"if (get_user(n, &p32->ep) || put_user(n, &p->ep) ||"
mt8183-kernel,platform/kernel/mediatek/mt8183/4.4/drivers/usb/core/devio.c,1784,usercopy,proc_reapurbnonblock,yes,no,yes,SOURCE_ONLY,"get_user(n, &p32->len) || put_user(n, &p->len) ||"
mt8183-kernel,platform/kernel/mediatek/mt8183/4.4/drivers/usb/core/devio.c,1785,usercopy,proc_reapurbnonblock,yes,no,yes,SOURCE_ONLY,"get_user(n, &p32->timeout) || put_user(n, &p->timeout) ||"
mt8183-kernel,platform/kernel/mediatek/mt8183/4.4/drivers/usb/core/devio.c,1786,usercopy,proc_reapurbnonblock,yes,no,yes,SOURCE_ONLY,"get_user(addr, &p32->data) || put_user(compat_ptr(addr), &p->data))"
mt8183-kernel,platform/kernel/mediatek/mt8183/4.4/drivers/usb/core/devio.c,1795,usercopy,proc_disconnectsignal_compat,yes,no,yes,SOURCE_ONLY,"if (copy_from_user(&ds, arg, sizeof(ds)))"
mt8183-kernel,platform/kernel/mediatek/mt8183/4.4/drivers/usb/core/devio.c,1853,usercopy,processcompl_compat,yes,no,yes,SOURCE_ONLY,"if (put_user(as->status, &userurb->status))"
mt8183-kernel,platform/kernel/mediatek/mt8183/4.4/drivers/usb/core/devio.c,1855,usercopy,processcompl_compat,yes,no,yes,SOURCE_ONLY,"if (put_user(urb->actual_length, &userurb->actual_length))"
mt8183-kernel,platform/kernel/mediatek/mt8183/4.4/drivers/usb/core/devio.c,1857,usercopy,processcompl_compat,yes,no,yes,SOURCE_ONLY,"if (put_user(urb->error_count, &userurb->error_count))"
mt8183-kernel,platform/kernel/mediatek/mt8183/4.4/drivers/usb/core/devio.c,1862,usercopy,processcompl_compat,yes,no,yes,SOURCE_ONLY,"if (put_user(urb->iso_frame_desc[i].actual_length,"
mt8183-kernel,platform/kernel/mediatek/mt8183/4.4/drivers/usb/core/devio.c,1865,usercopy,processcompl_compat,yes,no,yes,SOURCE_ONLY,"if (put_user(urb->iso_frame_desc[i].status,"
mt8183-kernel,platform/kernel/mediatek/mt8183/4.4/drivers/usb/core/devio.c,1871,usercopy,processcompl_compat,yes,no,yes,SOURCE_ONLY,"if (put_user(ptr_to_compat(addr), (u32 __user *)arg))"
mt8183-kernel,platform/kernel/mediatek/mt8183/4.4/drivers/usb/core/devio.c,1911,usercopy,proc_disconnectsignal,yes,no,yes,SOURCE_ONLY,"if (copy_from_user(&ds, arg, sizeof(ds)))"
mt8183-kernel,platform/kernel/mediatek/mt8183/4.4/drivers/usb/core/devio.c,1922,usercopy,proc_claiminterface,yes,no,yes,SOURCE_ONLY,"if (get_user(ifnum, (unsigned int __user *)arg))"
mt8183-kernel,platform/kernel/mediatek/mt8183/4.4/drivers/usb/core/devio.c,1932,usercopy,proc_releaseinterface,yes,no,yes,SOURCE_ONLY,"if (get_user(ifnum, (unsigned int __user *)arg))"
mt8183-kernel,platform/kernel/mediatek/mt8183/4.4/drivers/usb/core/devio.c,1956,usercopy,proc_ioctl,yes,no,yes,SOURCE_ONLY,"if (copy_from_user(buf, ctl->data, size)) {"
mt8183-kernel,platform/kernel/mediatek/mt8183/4.4/drivers/usb/core/devio.c,1998,ioctl_entry,,yes,no,yes,SOURCE_ONLY,if (driver == NULL || driver->unlocked_ioctl == NULL) {
mt8183-kernel,platform/kernel/mediatek/mt8183/4.4/drivers/usb/core/devio.c,2011,usercopy,,yes,no,yes,SOURCE_ONLY,"&& copy_to_user(ctl->data, buf, size) != 0)"
mt8183-kernel,platform/kernel/mediatek/mt8183/4.4/drivers/usb/core/devio.c,2022,usercopy,proc_ioctl_default,yes,no,yes,SOURCE_ONLY,"if (copy_from_user(&ctrl, arg, sizeof(ctrl)))"
mt8183-kernel,platform/kernel/mediatek/mt8183/4.4/drivers/usb/core/devio.c,2051,usercopy,proc_claim_port,yes,no,yes,SOURCE_ONLY,"if (get_user(portnum, (unsigned __user *) arg))"
mt8183-kernel,platform/kernel/mediatek/mt8183/4.4/drivers/usb/core/devio.c,2064,usercopy,proc_release_port,yes,no,yes,SOURCE_ONLY,"if (get_user(portnum, (unsigned __user *) arg))"
mt8183-kernel,platform/kernel/mediatek/mt8183/4.4/drivers/usb/core/devio.c,2080,usercopy,proc_get_capabilities,yes,no,yes,SOURCE_ONLY,"if (put_user(caps, (__u32 __user *)arg))"
mt8183-kernel,platform/kernel/mediatek/mt8183/4.4/drivers/usb/core/devio.c,2091,usercopy,proc_disconnect_claim,yes,no,yes,SOURCE_ONLY,"if (copy_from_user(&dc, arg, sizeof(dc)))"
mt8183-kernel,platform/kernel/mediatek/mt8183/4.4/drivers/usb/core/devio.c,2396,ioctl_entry;write_handler,,yes,no,yes,SOURCE_ONLY,".unlocked_ioctl = usbdev_ioctl,"
mt8183-kernel,platform/kernel/mediatek/mt8183/4.4/drivers/usb/core/devio.c,2398,ioctl_entry;write_handler,,yes,no,yes,SOURCE_ONLY,".compat_ioctl = usbdev_compat_ioctl,"
mt8183-kernel,platform/kernel/mediatek/mt8183/4.4/drivers/usb/core/endpoint.c,42,sysfs_or_store,DEVICE_ATTR_RO,no,no,no,SOURCE_ONLY,static DEVICE_ATTR_RO(field)
mt8183-kernel,platform/kernel/mediatek/mt8183/4.4/drivers/usb/core/endpoint.c,56,sysfs_or_store,DEVICE_ATTR_RO,no,no,no,SOURCE_ONLY,static DEVICE_ATTR_RO(wMaxPacketSize);
mt8183-kernel,platform/kernel/mediatek/mt8183/4.4/drivers/usb/core/endpoint.c,80,sysfs_or_store,DEVICE_ATTR_RO,no,no,no,SOURCE_ONLY,static DEVICE_ATTR_RO(type);
mt8183-kernel,platform/kernel/mediatek/mt8183/4.4/drivers/usb/core/endpoint.c,126,sysfs_or_store,,no,no,no,SOURCE_ONLY,static DEVICE_ATTR_RO(interval);
mt8183-kernel,platform/kernel/mediatek/mt8183/4.4/drivers/usb/core/endpoint.c,142,sysfs_or_store,,no,no,no,SOURCE_ONLY,static DEVICE_ATTR_RO(direction);
mt8183-kernel,platform/kernel/mediatek/mt8183/4.4/drivers/usb/core/file.c,206,device_create,,no,no,no,SOURCE_ONLY,"intf->usb_dev = device_create(usb_class->class, &intf->dev,"
mt8183-kernel,platform/kernel/mediatek/mt8183/4.4/drivers/usb/core/hcd.c,369,module_param,,no,yes,no,SOURCE_ONLY,"module_param(authorized_default, int, S_IRUGO|S_IWUSR);"
mt8183-kernel,platform/kernel/mediatek/mt8183/4.4/drivers/usb/core/hcd.c,893,sysfs_or_store,,no,yes,no,SOURCE_ONLY,static DEVICE_ATTR_RW(authorized_default);
mt8183-kernel,platform/kernel/mediatek/mt8183/4.4/drivers/usb/core/hcd.c,936,sysfs_or_store,,no,yes,no,SOURCE_ONLY,static DEVICE_ATTR_RW(interface_authorized_default);
mt8183-kernel,platform/kernel/mediatek/mt8183/4.4/drivers/usb/core/hub.c,53,module_param,,no,yes,yes,SOURCE_ONLY,"module_param(blinkenlights, bool, S_IRUGO);"
mt8183-kernel,platform/kernel/mediatek/mt8183/4.4/drivers/usb/core/hub.c,62,module_param,,no,yes,yes,SOURCE_ONLY,"module_param(initial_descriptor_timeout, int, S_IRUGO|S_IWUSR);"
mt8183-kernel,platform/kernel/mediatek/mt8183/4.4/drivers/usb/core/hub.c,82,module_param,,no,yes,yes,SOURCE_ONLY,"module_param(old_scheme_first, bool, S_IRUGO | S_IWUSR);"
mt8183-kernel,platform/kernel/mediatek/mt8183/4.4/drivers/usb/core/hub.c,87,module_param,,no,yes,yes,SOURCE_ONLY,"module_param(use_both_schemes, bool, S_IRUGO | S_IWUSR);"
mt8183-kernel,platform/kernel/mediatek/mt8183/4.4/drivers/usb/core/hub.c,5232,ioctl_entry;write_handler,,no,yes,yes,SOURCE_ONLY,".unlocked_ioctl = hub_ioctl,"
mt8183-kernel,platform/kernel/mediatek/mt8183/4.4/drivers/usb/core/hub.c,5828,sysfs_or_store,set_option,no,yes,yes,SOURCE_ONLY,"rv = kstrtoint(val, 10, &local_option);"
mt8183-kernel,platform/kernel/mediatek/mt8183/4.4/drivers/usb/core/port.c,51,sysfs_or_store,,no,no,no,SOURCE_ONLY,static DEVICE_ATTR_RO(connect_type);
mt8183-kernel,platform/kernel/mediatek/mt8183/4.4/drivers/usb/core/sysfs.c,40,sysfs_or_store,DEVICE_ATTR_RO,no,no,no,SOURCE_ONLY,static DEVICE_ATTR_RO(field)
mt8183-kernel,platform/kernel/mediatek/mt8183/4.4/drivers/usb/core/sysfs.c,60,sysfs_or_store,DEVICE_ATTR_RO,no,no,no,SOURCE_ONLY,static DEVICE_ATTR_RO(bMaxPower);
mt8183-kernel,platform/kernel/mediatek/mt8183/4.4/drivers/usb/core/sysfs.c,77,sysfs_or_store,DEVICE_ATTR_RO,no,no,no,SOURCE_ONLY,static DEVICE_ATTR_RO(configuration);
mt8183-kernel,platform/kernel/mediatek/mt8183/4.4/drivers/usb/core/sysfs.c,113,sysfs_or_store,DEVICE_ATTR_RO,no,no,no,SOURCE_ONLY,static DEVICE_ATTR_RO(name)
mt8183-kernel,platform/kernel/mediatek/mt8183/4.4/drivers/usb/core/sysfs.c,149,sysfs_or_store,DEVICE_ATTR_RO,no,no,no,SOURCE_ONLY,static DEVICE_ATTR_RO(speed);
mt8183-kernel,platform/kernel/mediatek/mt8183/4.4/drivers/usb/core/sysfs.c,159,sysfs_or_store,,no,no,no,SOURCE_ONLY,static DEVICE_ATTR_RO(busnum);
mt8183-kernel,platform/kernel/mediatek/mt8183/4.4/drivers/usb/core/sysfs.c,169,sysfs_or_store,,no,no,no,SOURCE_ONLY,static DEVICE_ATTR_RO(devnum);
mt8183-kernel,platform/kernel/mediatek/mt8183/4.4/drivers/usb/core/sysfs.c,179,sysfs_or_store,,no,no,no,SOURCE_ONLY,static DEVICE_ATTR_RO(devpath);
mt8183-kernel,platform/kernel/mediatek/mt8183/4.4/drivers/usb/core/sysfs.c,191,sysfs_or_store,,no,no,no,SOURCE_ONLY,static DEVICE_ATTR_RO(version);
mt8183-kernel,platform/kernel/mediatek/mt8183/4.4/drivers/usb/core/sysfs.c,201,sysfs_or_store,,no,no,no,SOURCE_ONLY,static DEVICE_ATTR_RO(maxchild);
mt8183-kernel,platform/kernel/mediatek/mt8183/4.4/drivers/usb/core/sysfs.c,211,sysfs_or_store,,no,no,no,SOURCE_ONLY,static DEVICE_ATTR_RO(quirks);
mt8183-kernel,platform/kernel/mediatek/mt8183/4.4/drivers/usb/core/sysfs.c,239,sysfs_or_store,,no,no,no,SOURCE_ONLY,static DEVICE_ATTR_RW(avoid_reset_quirk);
mt8183-kernel,platform/kernel/mediatek/mt8183/4.4/drivers/usb/core/sysfs.c,257,sysfs_or_store,,no,no,no,SOURCE_ONLY,"if (kstrtoint(buf, 0, &val) || val < 0 || val > 1)"
mt8183-kernel,platform/kernel/mediatek/mt8183/4.4/drivers/usb/core/sysfs.c,268,sysfs_or_store,,no,no,no,SOURCE_ONLY,static DEVICE_ATTR_RW(set_suspend);
mt8183-kernel,platform/kernel/mediatek/mt8183/4.4/drivers/usb/core/sysfs.c,278,sysfs_or_store,,no,no,no,SOURCE_ONLY,static DEVICE_ATTR_RO(urbnum);
mt8183-kernel,platform/kernel/mediatek/mt8183/4.4/drivers/usb/core/sysfs.c,301,sysfs_or_store,,no,no,no,SOURCE_ONLY,static DEVICE_ATTR_RO(removable);
mt8183-kernel,platform/kernel/mediatek/mt8183/4.4/drivers/usb/core/sysfs.c,310,sysfs_or_store,,no,no,no,SOURCE_ONLY,static DEVICE_ATTR_RO(ltm_capable);
mt8183-kernel,platform/kernel/mediatek/mt8183/4.4/drivers/usb/core/sysfs.c,340,sysfs_or_store,,no,no,no,SOURCE_ONLY,static DEVICE_ATTR_RW(persist);
mt8183-kernel,platform/kernel/mediatek/mt8183/4.4/drivers/usb/core/sysfs.c,375,sysfs_or_store,remove_persist_attributes,no,no,no,SOURCE_ONLY,static DEVICE_ATTR_RO(connected_duration);
mt8183-kernel,platform/kernel/mediatek/mt8183/4.4/drivers/usb/core/sysfs.c,396,sysfs_or_store,remove_persist_attributes,no,no,no,SOURCE_ONLY,static DEVICE_ATTR_RO(active_duration);
mt8183-kernel,platform/kernel/mediatek/mt8183/4.4/drivers/usb/core/sysfs.c,417,sysfs_or_store,,no,no,no,SOURCE_ONLY,static DEVICE_ATTR_RW(autosuspend);
mt8183-kernel,platform/kernel/mediatek/mt8183/4.4/drivers/usb/core/sysfs.c,474,sysfs_or_store,,no,no,no,SOURCE_ONLY,static DEVICE_ATTR_RW(level);
mt8183-kernel,platform/kernel/mediatek/mt8183/4.4/drivers/usb/core/sysfs.c,514,sysfs_or_store,,no,no,no,SOURCE_ONLY,static DEVICE_ATTR_RW(usb2_hardware_lpm);
mt8183-kernel,platform/kernel/mediatek/mt8183/4.4/drivers/usb/core/sysfs.c,538,sysfs_or_store,,no,no,no,SOURCE_ONLY,static DEVICE_ATTR_RW(usb2_lpm_l1_timeout);
mt8183-kernel,platform/kernel/mediatek/mt8183/4.4/drivers/usb/core/sysfs.c,561,sysfs_or_store,,no,no,no,SOURCE_ONLY,static DEVICE_ATTR_RW(usb2_lpm_besl);
mt8183-kernel,platform/kernel/mediatek/mt8183/4.4/drivers/usb/core/sysfs.c,580,sysfs_or_store,,no,no,no,SOURCE_ONLY,static DEVICE_ATTR_RO(usb3_hardware_lpm_u1);
mt8183-kernel,platform/kernel/mediatek/mt8183/4.4/drivers/usb/core/sysfs.c,599,sysfs_or_store,,no,no,no,SOURCE_ONLY,static DEVICE_ATTR_RO(usb3_hardware_lpm_u2);
mt8183-kernel,platform/kernel/mediatek/mt8183/4.4/drivers/usb/core/sysfs.c,682,sysfs_or_store,DEVICE_ATTR_RO,no,no,no,SOURCE_ONLY,static DEVICE_ATTR_RO(field)
mt8183-kernel,platform/kernel/mediatek/mt8183/4.4/drivers/usb/core/sysfs.c,698,sysfs_or_store,DEVICE_ATTR_RO,no,no,no,SOURCE_ONLY,static DEVICE_ATTR_RO(field)
mt8183-kernel,platform/kernel/mediatek/mt8183/4.4/drivers/usb/core/sysfs.c,929,sysfs_or_store,DEVICE_ATTR_RO,no,no,no,SOURCE_ONLY,static DEVICE_ATTR_RO(iad_##field)
mt8183-kernel,platform/kernel/mediatek/mt8183/4.4/drivers/usb/core/sysfs.c,948,sysfs_or_store,DEVICE_ATTR_RO,no,no,no,SOURCE_ONLY,static DEVICE_ATTR_RO(field)
mt8183-kernel,platform/kernel/mediatek/mt8183/4.4/drivers/usb/core/sysfs.c,969,sysfs_or_store,DEVICE_ATTR_RO,no,no,no,SOURCE_ONLY,static DEVICE_ATTR_RO(interface);
mt8183-kernel,platform/kernel/mediatek/mt8183/4.4/drivers/usb/core/sysfs.c,995,sysfs_or_store,,no,no,no,SOURCE_ONLY,static DEVICE_ATTR_RO(modalias);
mt8183-kernel,platform/kernel/mediatek/mt8183/4.4/drivers/usb/core/sysfs.c,1010,sysfs_or_store,,no,no,no,SOURCE_ONLY,static DEVICE_ATTR_RO(supports_autosuspend);
mt8183-kernel,platform/kernel/mediatek/mt8183/4.4/drivers/usb/core/usb.c,54,module_param,,no,no,no,SOURCE_ONLY,"module_param(nousb, bool, 0444);"
mt8183-kernel,platform/kernel/mediatek/mt8183/4.4/drivers/usb/core/usb.c,71,module_param,usb_disabled,no,no,no,SOURCE_ONLY,"module_param_named(autosuspend, usb_autosuspend_delay, int, 0644);"
mt8183-kernel,platform/kernel/mediatek/mt8183/4.4/drivers/usb/core/usb.c,1020,debugfs,usb_debugfs_init,no,no,no,SOURCE_ONLY,"usb_debug_root = debugfs_create_dir(""usb"", NULL);"
mt8183-kernel,platform/kernel/mediatek/mt8183/4.4/drivers/usb/core/usb.c,1024,debugfs,usb_debugfs_init,no,no,no,SOURCE_ONLY,"usb_debug_devices = debugfs_create_file(""devices"", 0444,"
mt8183-kernel,platform/kernel/mediatek/mt8183/4.4/drivers/usb/gadget/composite.c,2043,sysfs_or_store,composite_disconnect,no,no,no,SOURCE_ONLY,static DEVICE_ATTR_RO(suspended);
mt8183-kernel,platform/kernel/mediatek/mt8183/4.4/drivers/usb/gadget/configfs.c,38,device_create,,no,no,no,SOURCE_ONLY,"return device_create(android_class, android_device,"
mt8183-kernel,platform/kernel/mediatek/mt8183/4.4/drivers/usb/gadget/configfs.c,1721,sysfs_or_store,DEVICE_ATTR,no,no,no,SOURCE_ONLY,"static DEVICE_ATTR(field, S_IRUGO | S_IWUSR, field ## _show, field ## _store)"
mt8183-kernel,platform/kernel/mediatek/mt8183/4.4/drivers/usb/gadget/configfs.c,1753,sysfs_or_store,DEVICE_ATTR,no,no,no,SOURCE_ONLY,"static DEVICE_ATTR(state, S_IRUGO, state_show, NULL);"
mt8183-kernel,platform/kernel/mediatek/mt8183/4.4/drivers/usb/gadget/configfs.c,1767,device_create,android_device_create,no,no,no,SOURCE_ONLY,"android_device = device_create(android_class, NULL,"
mt8183-kernel,platform/kernel/mediatek/mt8183/4.4/drivers/usb/gadget/function/f_accessory.c,647,usercopy,,yes,no,yes,SOURCE_ONLY,"if (copy_to_user(buf, req->buf, xfer))"
mt8183-kernel,platform/kernel/mediatek/mt8183/4.4/drivers/usb/gadget/function/f_accessory.c,701,usercopy,,yes,no,yes,SOURCE_ONLY,"if (copy_from_user(req->buf, buf, xfer)) {"
mt8183-kernel,platform/kernel/mediatek/mt8183/4.4/drivers/usb/gadget/function/f_accessory.c,762,usercopy,acc_ioctl,yes,no,yes,SOURCE_ONLY,"if (copy_to_user((void __user *)value, src, ret))"
mt8183-kernel,platform/kernel/mediatek/mt8183/4.4/drivers/usb/gadget/function/f_accessory.c,794,write_handler,acc_release,yes,no,yes,SOURCE_ONLY,".write = acc_write,"
mt8183-kernel,platform/kernel/mediatek/mt8183/4.4/drivers/usb/gadget/function/f_accessory.c,795,ioctl_entry;write_handler,acc_release,yes,no,yes,SOURCE_ONLY,".unlocked_ioctl = acc_ioctl,"
mt8183-kernel,platform/kernel/mediatek/mt8183/4.4/drivers/usb/gadget/function/f_accessory.c,797,ioctl_entry;write_handler,acc_release,yes,no,yes,SOURCE_ONLY,".compat_ioctl = acc_ioctl,"
mt8183-kernel,platform/kernel/mediatek/mt8183/4.4/drivers/usb/gadget/function/f_accessory.c,1291,misc_register,acc_setup,yes,no,yes,SOURCE_ONLY,ret = misc_register(&acc_device);
mt8183-kernel,platform/kernel/mediatek/mt8183/4.4/drivers/usb/gadget/function/f_audio_source.c,305,sysfs_or_store,,no,no,no,SOURCE_ONLY,"static DEVICE_ATTR(pcm, S_IRUGO, audio_source_pcm_show, NULL);"
mt8183-kernel,platform/kernel/mediatek/mt8183/4.4/drivers/usb/gadget/function/f_fs.c,429,usercopy,,yes,no,yes,SOURCE_ONLY,"return unlikely(copy_to_user(buf, events, size)) ? -EFAULT : size;"
mt8183-kernel,platform/kernel/mediatek/mt8183/4.4/drivers/usb/gadget/function/f_fs.c,523,usercopy,,yes,no,yes,SOURCE_ONLY,"if (likely(ret > 0) && unlikely(copy_to_user(buf, data, len)))"
mt8183-kernel,platform/kernel/mediatek/mt8183/4.4/drivers/usb/gadget/function/f_fs.c,634,write_handler,,yes,no,yes,SOURCE_ONLY,".write = ffs_ep0_write,"
mt8183-kernel,platform/kernel/mediatek/mt8183/4.4/drivers/usb/gadget/function/f_fs.c,637,ioctl_entry;write_handler,,yes,no,yes,SOURCE_ONLY,".unlocked_ioctl = ffs_ep0_ioctl,"
mt8183-kernel,platform/kernel/mediatek/mt8183/4.4/drivers/usb/gadget/function/f_fs.c,1231,usercopy,,yes,no,yes,SOURCE_ONLY,"ret = copy_to_user((void *)value, desc, sizeof(*desc));"
mt8183-kernel,platform/kernel/mediatek/mt8183/4.4/drivers/usb/gadget/function/f_fs.c,1254,ioctl_entry;write_handler,,yes,no,yes,SOURCE_ONLY,".unlocked_ioctl = ffs_epfile_ioctl,"
mt8183-kernel,platform/kernel/mediatek/mt8183/4.4/drivers/usb/gadget/function/f_fs.c,3733,usercopy,ffs_mutex_lock,yes,no,yes,SOURCE_ONLY,"if (unlikely(copy_from_user(data, buf, len))) {"
mt8183-kernel,platform/kernel/mediatek/mt8183/4.4/drivers/usb/gadget/function/f_hid.c,271,usercopy,,yes,no,yes,SOURCE_ONLY,"count -= copy_to_user(buffer, req->buf + list->pos, count);"
mt8183-kernel,platform/kernel/mediatek/mt8183/4.4/drivers/usb/gadget/function/f_hid.c,340,usercopy,f_hidg_req_complete,yes,no,yes,SOURCE_ONLY,"status = copy_from_user(hidg->req->buf, buffer, count);"
mt8183-kernel,platform/kernel/mediatek/mt8183/4.4/drivers/usb/gadget/function/f_hid.c,627,write_handler,,yes,no,yes,SOURCE_ONLY,".write = f_hidg_write,"
mt8183-kernel,platform/kernel/mediatek/mt8183/4.4/drivers/usb/gadget/function/f_hid.c,717,device_create,,yes,no,yes,SOURCE_ONLY,"device = device_create(hidg_class, NULL, dev, NULL,"
mt8183-kernel,platform/kernel/mediatek/mt8183/4.4/drivers/usb/gadget/function/f_mass_storage.c,75,write_handler,,no,no,yes,SOURCE_ONLY,"* ->nofua Flag specifying that FUA flag in SCSI WRITE(10,12)"
mt8183-kernel,platform/kernel/mediatek/mt8183/4.4/drivers/usb/gadget/function/f_mass_storage.c,2097,write_handler,,no,no,yes,SOURCE_ONLY,"""WRITE(6)"");"
mt8183-kernel,platform/kernel/mediatek/mt8183/4.4/drivers/usb/gadget/function/f_mass_storage.c,2108,write_handler,,no,no,yes,SOURCE_ONLY,"""WRITE(10)"");"
mt8183-kernel,platform/kernel/mediatek/mt8183/4.4/drivers/usb/gadget/function/f_mass_storage.c,2119,write_handler,,no,no,yes,SOURCE_ONLY,"""WRITE(12)"");"
mt8183-kernel,platform/kernel/mediatek/mt8183/4.4/drivers/usb/gadget/function/f_mass_storage.c,2726,sysfs_or_store,,no,no,yes,SOURCE_ONLY,static DEVICE_ATTR_RW(nofua);
mt8183-kernel,platform/kernel/mediatek/mt8183/4.4/drivers/usb/gadget/function/f_mass_storage.c,2728,sysfs_or_store,,no,no,yes,SOURCE_ONLY,"static DEVICE_ATTR(ro, 0, ro_show, ro_store);"
mt8183-kernel,platform/kernel/mediatek/mt8183/4.4/drivers/usb/gadget/function/f_mass_storage.c,2729,sysfs_or_store,,no,no,yes,SOURCE_ONLY,"static DEVICE_ATTR(file, 0, file_show, file_store);"
mt8183-kernel,platform/kernel/mediatek/mt8183/4.4/drivers/usb/gadget/function/f_mass_storage.h,27,module_param,,no,no,yes,SOURCE_ONLY,"module_param_named(prefix ## name, params.name, type, \"
mt8183-kernel,platform/kernel/mediatek/mt8183/4.4/drivers/usb/gadget/function/f_mass_storage.h,41,write_handler,,no,no,yes,SOURCE_ONLY,"""true to ignore SCSI WRITE(10,12) FUA bit""); \"
mt8183-kernel,platform/kernel/mediatek/mt8183/4.4/drivers/usb/gadget/function/f_mass_storage.h,51,module_param,,no,no,yes,SOURCE_ONLY,"module_param_named(num_buffers, fsg_num_buffers, uint, S_IRUGO);\"
mt8183-kernel,platform/kernel/mediatek/mt8183/4.4/drivers/usb/gadget/function/f_midi.c,1211,sysfs_or_store,f_midi_free_inst,no,yes,no,SOURCE_ONLY,"static DEVICE_ATTR(alsa, S_IRUGO, alsa_show, NULL);"
mt8183-kernel,platform/kernel/mediatek/mt8183/4.4/drivers/usb/gadget/function/f_mtp.c,110,module_param,,yes,no,yes,SOURCE_ONLY,"module_param(cust_dump, bool, 0644);"
mt8183-kernel,platform/kernel/mediatek/mt8183/4.4/drivers/usb/gadget/function/f_mtp.c,111,module_param,,yes,no,yes,SOURCE_ONLY,"module_param(cust_dump_read, int, 0644);"
mt8183-kernel,platform/kernel/mediatek/mt8183/4.4/drivers/usb/gadget/function/f_mtp.c,112,module_param,,yes,no,yes,SOURCE_ONLY,"module_param(cust_dump_write, int, 0644);"
mt8183-kernel,platform/kernel/mediatek/mt8183/4.4/drivers/usb/gadget/function/f_mtp.c,113,module_param,,yes,no,yes,SOURCE_ONLY,"module_param(cust_dump_ioctl, int, 0644);"
mt8183-kernel,platform/kernel/mediatek/mt8183/4.4/drivers/usb/gadget/function/f_mtp.c,114,module_param,,yes,no,yes,SOURCE_ONLY,"module_param(monitor_work_interval_ms, int, 0644);"
mt8183-kernel,platform/kernel/mediatek/mt8183/4.4/drivers/usb/gadget/function/f_mtp.c,115,module_param,,yes,no,yes,SOURCE_ONLY,"module_param(monitor_time, bool, 0644);"
mt8183-kernel,platform/kernel/mediatek/mt8183/4.4/drivers/usb/gadget/function/f_mtp.c,205,module_param,monitor_out,yes,no,yes,SOURCE_ONLY,"module_param(mtp_skip_vfs_read, bool, 0644);"
mt8183-kernel,platform/kernel/mediatek/mt8183/4.4/drivers/usb/gadget/function/f_mtp.c,206,module_param,monitor_out,yes,no,yes,SOURCE_ONLY,"module_param(mtp_skip_vfs_write, bool, 0644);"
mt8183-kernel,platform/kernel/mediatek/mt8183/4.4/drivers/usb/gadget/function/f_mtp.c,593,module_param,mtp_complete_in,yes,no,yes,SOURCE_ONLY,"module_param(mtp_rx_concurrent, bool, 0644);"
mt8183-kernel,platform/kernel/mediatek/mt8183/4.4/drivers/usb/gadget/function/f_mtp.c,881,usercopy,,yes,no,yes,SOURCE_ONLY,"if (copy_to_user(buf, req->buf, xfer))"
mt8183-kernel,platform/kernel/mediatek/mt8183/4.4/drivers/usb/gadget/function/f_mtp.c,959,usercopy,,yes,no,yes,SOURCE_ONLY,"if (xfer && copy_from_user(req->buf, buf, xfer)) {"
mt8183-kernel,platform/kernel/mediatek/mt8183/4.4/drivers/usb/gadget/function/f_mtp.c,1426,usercopy,mtp_send_event,yes,no,yes,SOURCE_ONLY,"if (copy_from_user(req->buf, (void __user *)event->data, length)) {"
mt8183-kernel,platform/kernel/mediatek/mt8183/4.4/drivers/usb/gadget/function/f_mtp.c,1482,usercopy,mtp_ioctl,yes,no,yes,SOURCE_ONLY,"if (copy_from_user(&mfr, (void __user *)value, sizeof(mfr))) {"
mt8183-kernel,platform/kernel/mediatek/mt8183/4.4/drivers/usb/gadget/function/f_mtp.c,1552,usercopy,,yes,no,yes,SOURCE_ONLY,"if (copy_from_user(&event, (void __user *)value, sizeof(event)))"
mt8183-kernel,platform/kernel/mediatek/mt8183/4.4/drivers/usb/gadget/function/f_mtp.c,1607,usercopy,compat_mtp_ioctl,yes,no,yes,SOURCE_ONLY,"if (copy_from_user(&mfr, (void __user *)value, sizeof(mfr))) {"
mt8183-kernel,platform/kernel/mediatek/mt8183/4.4/drivers/usb/gadget/function/f_mtp.c,1657,usercopy,,yes,no,yes,SOURCE_ONLY,"if (copy_from_user(&cevent, (void __user *)value, sizeof(cevent)))"
mt8183-kernel,platform/kernel/mediatek/mt8183/4.4/drivers/usb/gadget/function/f_mtp.c,1791,write_handler,do_monitor_work,yes,no,yes,SOURCE_ONLY,".write = monitor_mtp_write,"
mt8183-kernel,platform/kernel/mediatek/mt8183/4.4/drivers/usb/gadget/function/f_mtp.c,1792,ioctl_entry;write_handler,do_monitor_work,yes,no,yes,SOURCE_ONLY,".unlocked_ioctl = monitor_mtp_ioctl,"
mt8183-kernel,platform/kernel/mediatek/mt8183/4.4/drivers/usb/gadget/function/f_mtp.c,1794,ioctl_entry;write_handler,do_monitor_work,yes,no,yes,SOURCE_ONLY,".compat_ioctl = compat_mtp_ioctl,"
mt8183-kernel,platform/kernel/mediatek/mt8183/4.4/drivers/usb/gadget/function/f_mtp.c,2130,misc_register,__mtp_setup,yes,no,yes,SOURCE_ONLY,ret = misc_register(&mtp_device);
mt8183-kernel,platform/kernel/mediatek/mt8183/4.4/drivers/usb/gadget/function/f_mtp.c,2220,sysfs_or_store,cpumask_to_int,yes,no,yes,SOURCE_ONLY,"if (kstrtouint(buf, 16, &mask) != 0)"
mt8183-kernel,platform/kernel/mediatek/mt8183/4.4/drivers/usb/gadget/function/f_mtp.c,2230,sysfs_or_store,cpumask_to_int,yes,no,yes,SOURCE_ONLY,"static DEVICE_ATTR(cpu_mask, S_IRUGO | S_IWUSR, cpu_mask_show,"
mt8183-kernel,platform/kernel/mediatek/mt8183/4.4/drivers/usb/gadget/function/f_mtp.c,2239,sysfs_or_store,,yes,no,yes,SOURCE_ONLY,"static DEVICE_ATTR(mtp_server, S_IRUGO, mtp_server_show,"
mt8183-kernel,platform/kernel/mediatek/mt8183/4.4/drivers/usb/gadget/function/f_rndis.c,83,module_param,,no,yes,no,SOURCE_ONLY,"module_param(rndis_dl_max_pkt_per_xfer, uint, S_IRUGO | S_IWUSR);"
mt8183-kernel,platform/kernel/mediatek/mt8183/4.4/drivers/usb/gadget/function/f_rndis.c,88,module_param,,no,yes,no,SOURCE_ONLY,"module_param(rndis_ul_max_pkt_per_xfer, uint, S_IRUGO | S_IWUSR);"
mt8183-kernel,platform/kernel/mediatek/mt8183/4.4/drivers/usb/gadget/function/f_rndis.c,93,module_param,,no,yes,no,SOURCE_ONLY,"module_param(f_rndis_debug, uint, S_IRUGO | S_IWUSR);"
mt8183-kernel,platform/kernel/mediatek/mt8183/4.4/drivers/usb/gadget/function/rndis.c,53,module_param,,yes,no,yes,SOURCE_ONLY,"module_param(rndis_ul_max_pkt_per_xfer_rcvd, int, S_IRUGO);"
mt8183-kernel,platform/kernel/mediatek/mt8183/4.4/drivers/usb/gadget/function/rndis.c,58,module_param,,yes,no,yes,SOURCE_ONLY,"module_param(rndis_ul_max_xfer_size_rcvd, int, S_IRUGO);"
mt8183-kernel,platform/kernel/mediatek/mt8183/4.4/drivers/usb/gadget/function/rndis.c,72,module_param,,yes,no,yes,SOURCE_ONLY,"module_param(rndis_debug, uint, S_IRUGO | S_IWUSR);"
mt8183-kernel,platform/kernel/mediatek/mt8183/4.4/drivers/usb/gadget/function/rndis.c,1248,procfs,rndis_put_nr,yes,no,yes,SOURCE_ONLY,"proc_entry = proc_create_data(name, 0660, NULL,"
mt8183-kernel,platform/kernel/mediatek/mt8183/4.4/drivers/usb/gadget/function/rndis.c,1571,usercopy,,yes,no,yes,SOURCE_ONLY,"if (get_user(c, buffer))"
mt8183-kernel,platform/kernel/mediatek/mt8183/4.4/drivers/usb/gadget/function/rndis.c,1618,write_handler,rndis_proc_open,yes,no,yes,SOURCE_ONLY,".write = rndis_proc_write,"
mt8183-kernel,platform/kernel/mediatek/mt8183/4.4/drivers/usb/gadget/function/rndis.c,1662,usercopy,rndis_test_proc_write,yes,no,yes,SOURCE_ONLY,"if (copy_from_user(msg, buf, length))"
mt8183-kernel,platform/kernel/mediatek/mt8183/4.4/drivers/usb/gadget/function/rndis.c,1672,write_handler,rndis_test_proc_write,yes,no,yes,SOURCE_ONLY,".write = rndis_test_proc_write,"
mt8183-kernel,platform/kernel/mediatek/mt8183/4.4/drivers/usb/gadget/function/u_ether.c,72,module_param,,no,no,no,SOURCE_ONLY,"module_param(tx_wakeup_threshold, uint, S_IRUGO|S_IWUSR);"
mt8183-kernel,platform/kernel/mediatek/mt8183/4.4/drivers/usb/gadget/function/u_ether.c,77,module_param,,no,no,no,SOURCE_ONLY,"module_param(u_ether_rx_pending_thld, uint, S_IRUGO | S_IWUSR);"
mt8183-kernel,platform/kernel/mediatek/mt8183/4.4/drivers/usb/gadget/function/u_ether.c,419,module_param,,no,no,no,SOURCE_ONLY,"module_param(tx_out_of_order_audit, bool, 0644);"
mt8183-kernel,platform/kernel/mediatek/mt8183/4.4/drivers/usb/gadget/function/u_ether.c,421,module_param,,no,no,no,SOURCE_ONLY,"module_param(tx_out_of_order, bool, 0400);"
mt8183-kernel,platform/kernel/mediatek/mt8183/4.4/drivers/usb/gadget/function/u_ether.c,425,module_param,,no,no,no,SOURCE_ONLY,"module_param(sending_aggregation_cnt, int, 0400);"
mt8183-kernel,platform/kernel/mediatek/mt8183/4.4/drivers/usb/gadget/function/u_ether.c,427,module_param,,no,no,no,SOURCE_ONLY,"module_param(max_diff_ns, long, 0400);"
mt8183-kernel,platform/kernel/mediatek/mt8183/4.4/drivers/usb/gadget/function/u_ether.c,429,module_param,,no,no,no,SOURCE_ONLY,"module_param(total_diff_ns, long, 0400);"
mt8183-kernel,platform/kernel/mediatek/mt8183/4.4/drivers/usb/gadget/function/u_ether.h,32,module_param,,no,no,no,SOURCE_ONLY,"module_param(qmult, uint, S_IRUGO|S_IWUSR); \"
mt8183-kernel,platform/kernel/mediatek/mt8183/4.4/drivers/usb/gadget/function/u_ether.h,36,module_param,,no,no,no,SOURCE_ONLY,"module_param(dev_addr, charp, S_IRUGO|S_IWUSR); \"
mt8183-kernel,platform/kernel/mediatek/mt8183/4.4/drivers/usb/gadget/function/u_ether.h,40,module_param,,no,no,no,SOURCE_ONLY,"module_param(host_addr, charp, S_IRUGO|S_IWUSR); \"
mt8183-kernel,platform/kernel/mediatek/mt8183/4.4/drivers/usb/gadget/function/u_fs.h,79,write_handler,ffs_dev_unlock,no,no,yes,SOURCE_ONLY,"* In this state no open(2), read(2) or write(2) on epfiles"
mt8183-kernel,platform/kernel/mediatek/mt8183/4.4/drivers/usb/gadget/function/u_fs.h,123,write_handler,,no,no,yes,SOURCE_ONLY,"* In this state no open(2), read(2) or write(2) (both on ep0"
mt8183-kernel,platform/kernel/mediatek/mt8183/4.4/drivers/usb/gadget/function/u_serial.c,1120,write_handler,gs_break_ctl,no,no,yes,SOURCE_ONLY,".write = gs_write,"
mt8183-kernel,platform/kernel/mediatek/mt8183/4.4/drivers/usb/gadget/meta.c,510,sysfs_or_store,,no,no,no,SOURCE_ONLY,"static DEVICE_ATTR(inquiry_string, S_IRUGO | S_IWUSR,"
mt8183-kernel,platform/kernel/mediatek/mt8183/4.4/drivers/usb/gadget/meta.c,546,device_create,,no,no,no,SOURCE_ONLY,"f->dev = device_create(android_class, dev->dev,"
mt8183-kernel,platform/kernel/mediatek/mt8183/4.4/drivers/usb/gadget/meta.c,766,sysfs_or_store,,no,no,no,SOURCE_ONLY,"ret = kstrtoint(buff, 0, &enabled);"
mt8183-kernel,platform/kernel/mediatek/mt8183/4.4/drivers/usb/gadget/meta.c,912,sysfs_or_store,DEVICE_ATTR,no,no,no,SOURCE_ONLY,"static DEVICE_ATTR(field, S_IRUGO, field ## _show, field ## _store)"
mt8183-kernel,platform/kernel/mediatek/mt8183/4.4/drivers/usb/gadget/meta.c,929,sysfs_or_store,DEVICE_ATTR,no,no,no,SOURCE_ONLY,"static DEVICE_ATTR(field, S_IRUGO, field ## _show, field ## _store)"
mt8183-kernel,platform/kernel/mediatek/mt8183/4.4/drivers/usb/gadget/meta.c,942,sysfs_or_store,DEVICE_ATTR,no,no,no,SOURCE_ONLY,"static DEVICE_ATTR(functions, S_IRUGO, functions_show,"
mt8183-kernel,platform/kernel/mediatek/mt8183/4.4/drivers/usb/gadget/meta.c,944,sysfs_or_store,DEVICE_ATTR,no,no,no,SOURCE_ONLY,"static DEVICE_ATTR(enable, S_IRUGO, enable_show, enable_store);"
mt8183-kernel,platform/kernel/mediatek/mt8183/4.4/drivers/usb/gadget/meta.c,945,sysfs_or_store,DEVICE_ATTR,no,no,no,SOURCE_ONLY,"static DEVICE_ATTR(state, S_IRUGO, state_show, NULL);"
mt8183-kernel,platform/kernel/mediatek/mt8183/4.4/drivers/usb/gadget/meta.c,946,sysfs_or_store,DEVICE_ATTR,no,no,no,SOURCE_ONLY,"static DEVICE_ATTR(log, S_IRUGO | S_IWUSR, log_show,"
mt8183-kernel,platform/kernel/mediatek/mt8183/4.4/drivers/usb/gadget/meta.c,1227,device_create,android_create_device,no,no,no,SOURCE_ONLY,"dev->dev = device_create(android_class, NULL,"
mt8183-kernel,platform/kernel/mediatek/mt8183/4.4/drivers/usb/gadget/udc/udc-core.c,613,sysfs_or_store,usb_gadget_unregister_driver,no,no,no,SOURCE_ONLY,"static DEVICE_ATTR(srp, S_IWUSR, NULL, usb_udc_srp_store);"
mt8183-kernel,platform/kernel/mediatek/mt8183/4.4/drivers/usb/gadget/udc/udc-core.c,639,sysfs_or_store,,no,no,no,SOURCE_ONLY,"static DEVICE_ATTR(soft_connect, S_IWUSR, NULL, usb_udc_softconn_store);"
mt8183-kernel,platform/kernel/mediatek/mt8183/4.4/drivers/usb/gadget/udc/udc-core.c,649,sysfs_or_store,,no,no,no,SOURCE_ONLY,static DEVICE_ATTR_RO(state);
mt8183-kernel,platform/kernel/mediatek/mt8183/4.4/drivers/usb/gadget/udc/udc-core.c,659,sysfs_or_store,DEVICE_ATTR_RO,no,no,no,SOURCE_ONLY,static DEVICE_ATTR_RO(name)
mt8183-kernel,platform/kernel/mediatek/mt8183/4.4/drivers/usb/gadget/udc/udc-core.c,673,sysfs_or_store,DEVICE_ATTR_RO,no,no,no,SOURCE_ONLY,static DEVICE_ATTR_RO(name)
mt8183-kernel,platform/kernel/mediatek/mt8183/4.4/drivers/usb/host/xhci-mtk.c,120,usercopy,,yes,yes,yes,SOURCE_ONLY,"if (copy_from_user(buf, ubuf,"
mt8183-kernel,platform/kernel/mediatek/mt8183/4.4/drivers/usb/host/xhci-mtk.c,177,write_handler,xhci_mtk_test_mode_show,yes,yes,yes,SOURCE_ONLY,".write = xhci_mtk_test_mode_write,"
mt8183-kernel,platform/kernel/mediatek/mt8183/4.4/drivers/usb/host/xhci-mtk.c,189,debugfs,xhci_mtk_dbg_init,yes,yes,yes,SOURCE_ONLY,"root = debugfs_create_dir(""xhci_mtk_dbg"", NULL);"
mt8183-kernel,platform/kernel/mediatek/mt8183/4.4/drivers/usb/host/xhci-mtk.c,195,debugfs,xhci_mtk_dbg_init,yes,yes,yes,SOURCE_ONLY,"file = debugfs_create_file(""testmode"", 0644, root,"
mt8183-kernel,platform/kernel/mediatek/mt8183/4.4/drivers/usb/host/xhci-ring.c,51,write_handler,,no,no,yes,SOURCE_ONLY,* Update enqueue pointer between each write (which may update the ring
mt8183-kernel,platform/kernel/mediatek/mt8183/4.4/drivers/usb/host/xhci.c,43,module_param,,no,yes,no,SOURCE_ONLY,"module_param(link_quirk, int, S_IRUGO | S_IWUSR);"
mt8183-kernel,platform/kernel/mediatek/mt8183/4.4/drivers/usb/host/xhci.c,47,module_param,,no,yes,no,SOURCE_ONLY,"module_param(quirks, uint, S_IRUGO);"
mt8183-kernel,platform/kernel/mediatek/mt8183/4.4/drivers/usb/misc/trancevibrator.c,88,sysfs_or_store,,no,no,no,SOURCE_ONLY,"static DEVICE_ATTR(speed, S_IRUGO | S_IWUSR, show_speed, set_speed);"
mt8183-kernel,platform/kernel/mediatek/mt8183/4.4/drivers/usb/storage/option_ms.c,36,module_param,,no,no,no,SOURCE_ONLY,"module_param(option_zero_cd, uint, S_IRUGO | S_IWUSR);"
mt8183-kernel,platform/kernel/mediatek/mt8183/4.4/drivers/usb/storage/scsiglue.c,528,sysfs_or_store,max_sectors_show,no,no,no,SOURCE_ONLY,static DEVICE_ATTR_RW(max_sectors);
mt8183-kernel,platform/kernel/mediatek/mt8183/4.4/drivers/usb/storage/sierra_ms.c,26,module_param,,no,no,no,SOURCE_ONLY,"module_param(swi_tru_install, uint, S_IRUGO | S_IWUSR);"
mt8183-kernel,platform/kernel/mediatek/mt8183/4.4/drivers/usb/storage/sierra_ms.c,124,sysfs_or_store,debug_swoc,no,no,no,SOURCE_ONLY,"static DEVICE_ATTR(truinst, S_IRUGO, show_truinst, NULL);"
mt8183-kernel,platform/kernel/mediatek/mt8183/4.4/drivers/usb/storage/transport.c,548,write_handler,last_sector_hacks,no,no,yes,SOURCE_ONLY,/* Was this command a READ(10) or a WRITE(10)? */
mt8183-kernel,platform/kernel/mediatek/mt8183/4.4/drivers/usb/storage/usb.c,87,module_param,,no,no,no,SOURCE_ONLY,"module_param(delay_use, uint, S_IRUGO | S_IWUSR);"
mt8183-kernel,platform/kernel/mediatek/mt8183/4.4/fs/jbd2/transaction.c,1073,write_handler,,no,no,yes,SOURCE_ONLY,* because we're write()ing a buffer which is also part of a shared mapping.
mt8183-kernel,platform/kernel/mediatek/mt8183/4.4/fs/proc/version.c,31,procfs,proc_version_init,no,no,no,SOURCE_ONLY,"proc_create(""version"", 0, NULL, &version_proc_fops);"
mt8183-kernel,platform/kernel/mediatek/mt8183/4.4/mm/compaction.c,1752,sysfs_or_store,,no,no,no,SOURCE_ONLY,"static DEVICE_ATTR(compact, S_IWUSR, NULL, sysfs_compact_node);"
mt8183-kernel,platform/kernel/mediatek/mt8183/4.4/net/ipv4/inet_connection_sock.c,71,uid_check,inet_get_local_port_range,no,yes,no,SOURCE_ONLY,"!uid_eq(uid, sock_i_uid(sk2))))) {"
mt8183-kernel,platform/kernel/mediatek/mt8183/4.4/net/ipv4/inet_connection_sock.c,135,uid_check,inet_csk_get_port,no,yes,no,SOURCE_ONLY,"uid_eq(tb->fastuid, uid))) &&"
mt8183-kernel,platform/kernel/mediatek/mt8183/4.4/net/ipv4/inet_connection_sock.c,196,uid_check,,no,yes,no,SOURCE_ONLY,"sk->sk_reuseport && uid_eq(tb->fastuid, uid))) &&"
mt8183-kernel,platform/kernel/mediatek/mt8183/4.4/net/ipv4/inet_connection_sock.c,204,uid_check,,no,yes,no,SOURCE_ONLY,"sk->sk_reuseport && uid_eq(tb->fastuid, uid))) &&"
mt8183-kernel,platform/kernel/mediatek/mt8183/4.4/net/ipv4/inet_connection_sock.c,234,uid_check,,no,yes,no,SOURCE_ONLY,"(!sk->sk_reuseport || !uid_eq(tb->fastuid, uid)))"
mt8183-kernel,platform/kernel/mediatek/mt8183/4.4/net/ipv4/ip_options.c,411,capability_check,,yes,yes,no,SOURCE_ONLY,"if (!skb && !ns_capable(net->user_ns, CAP_NET_RAW)) {"
mt8183-kernel,platform/kernel/mediatek/mt8183/4.4/net/ipv4/ip_options.c,447,capability_check,,yes,yes,no,SOURCE_ONLY,"if ((!skb && !ns_capable(net->user_ns, CAP_NET_RAW)) || opt->cipso) {"
mt8183-kernel,platform/kernel/mediatek/mt8183/4.4/net/ipv4/ip_options.c,460,capability_check,,yes,yes,no,SOURCE_ONLY,"if (!skb && !ns_capable(net->user_ns, CAP_NET_RAW)) {"
mt8183-kernel,platform/kernel/mediatek/mt8183/4.4/net/ipv4/ip_options.c,541,usercopy,,yes,yes,no,SOURCE_ONLY,"if (optlen && copy_from_user(opt->opt.__data, data, optlen)) {"
mt8183-kernel,platform/kernel/mediatek/mt8183/4.4/net/ipv6/inet6_connection_sock.c,52,uid_check,,no,yes,no,SOURCE_ONLY,"!uid_eq(uid,"
mt8183-kernel,platform/kernel/mediatek/mt8183/4.4/scripts/mod/sumversion.c,473,write_handler,,no,no,yes,SOURCE_ONLY,"if (write(fd, sum, strlen(sum)+1) != strlen(sum)+1) {"
mt8183-kernel,platform/kernel/mediatek/mt8183/4.4/security/keys/permission.c,40,uid_check,,no,yes,no,SOURCE_ONLY,"if (uid_eq(key->uid, cred->fsuid)) {"
mediatek-vendor,platform/vendor/mediatek/kernel_modules/connectivity/bt/mt76xx/sdio/btmtk_sdio.c,2718,write_handler,,yes,no,yes,SOURCE_ONLY,"fw_dump_file->f_op->write(fw_dump_file, &rxbuf[SDIO_HEADER_LEN + 9],"
mediatek-vendor,platform/vendor/mediatek/kernel_modules/connectivity/bt/mt76xx/sdio/btmtk_sdio.c,3344,usercopy,,yes,no,yes,SOURCE_ONLY,"ret = copy_to_user(buf,"
mediatek-vendor,platform/vendor/mediatek/kernel_modules/connectivity/bt/mt76xx/sdio/btmtk_sdio.c,3348,usercopy,,yes,no,yes,SOURCE_ONLY,"ret = copy_to_user(buf,"
mediatek-vendor,platform/vendor/mediatek/kernel_modules/connectivity/bt/mt76xx/sdio/btmtk_sdio.c,3352,usercopy,,yes,no,yes,SOURCE_ONLY,ret = copy_to_user(
mediatek-vendor,platform/vendor/mediatek/kernel_modules/connectivity/bt/mt76xx/sdio/btmtk_sdio.c,4646,usercopy,,yes,no,yes,SOURCE_ONLY,"c_result = copy_from_user(userbuf, buf, count);"
mediatek-vendor,platform/vendor/mediatek/kernel_modules/connectivity/bt/mt76xx/sdio/btmtk_sdio.c,4801,usercopy,,yes,no,yes,SOURCE_ONLY,"if (copy_to_user(buf, hwerr_event + send_hw_err_event_count, copyLen)) {"
mediatek-vendor,platform/vendor/mediatek/kernel_modules/connectivity/bt/mt76xx/sdio/btmtk_sdio.c,5007,usercopy,,yes,no,yes,SOURCE_ONLY,"c_result = copy_from_user(userbuf_fwlog, buf, count);"
mediatek-vendor,platform/vendor/mediatek/kernel_modules/connectivity/bt/mt76xx/sdio/btmtk_sdio.c,5246,procfs,btmtk_proc_create_new_entry,yes,no,yes,SOURCE_ONLY,"proc_show_entry = proc_create(""bt_fw_version"", 0644, g_proc_dir, &BT_proc_fops);"
mediatek-vendor,platform/vendor/mediatek/kernel_modules/connectivity/bt/mt76xx/sdio/btmtk_sdio.c,5261,write_handler,btmtk_proc_create_new_entry,yes,no,yes,SOURCE_ONLY,".write = btmtk_fops_write,"
mediatek-vendor,platform/vendor/mediatek/kernel_modules/connectivity/bt/mt76xx/sdio/btmtk_sdio.c,5263,ioctl_entry;write_handler,btmtk_proc_create_new_entry,yes,no,yes,SOURCE_ONLY,".unlocked_ioctl = btmtk_fops_unlocked_ioctl,"
mediatek-vendor,platform/vendor/mediatek/kernel_modules/connectivity/bt/mt76xx/sdio/btmtk_sdio.c,5271,write_handler,btmtk_proc_create_new_entry,yes,no,yes,SOURCE_ONLY,".write = btmtk_fops_writefwlog,"
mediatek-vendor,platform/vendor/mediatek/kernel_modules/connectivity/bt/mt76xx/sdio/btmtk_sdio.c,5273,ioctl_entry;write_handler,btmtk_proc_create_new_entry,yes,no,yes,SOURCE_ONLY,.unlocked_ioctl = btmtk_fops_unlocked_ioctlfwlog
mediatek-vendor,platform/vendor/mediatek/kernel_modules/connectivity/bt/mt76xx/sdio/btmtk_sdio.c,5351,device_create,,yes,no,yes,SOURCE_ONLY,"pBTDev = device_create(pBTClass, NULL, devID, NULL, BT_NODE);"
mediatek-vendor,platform/vendor/mediatek/kernel_modules/connectivity/bt/mt76xx/sdio/btmtk_sdio.c,5358,device_create,,yes,no,yes,SOURCE_ONLY,"pBTDevfwlog = device_create(pBTClass, NULL,"
mediatek-vendor,platform/vendor/mediatek/kernel_modules/connectivity/fmradio/core/fm_main.c,352,usercopy,,yes,no,no,SOURCE_ONLY,"left = copy_to_user((void *)dst, fmp->pstRDSData, (unsigned long)copy_len);"
mediatek-vendor,platform/vendor/mediatek/kernel_modules/connectivity/fmradio/core/fm_module.c,56,ioctl_entry;write_handler,,yes,no,yes,SOURCE_ONLY,".unlocked_ioctl = fm_ops_ioctl,"
mediatek-vendor,platform/vendor/mediatek/kernel_modules/connectivity/fmradio/core/fm_module.c,58,ioctl_entry;write_handler,,yes,no,yes,SOURCE_ONLY,".compat_ioctl = fm_ops_compat_ioctl,"
mediatek-vendor,platform/vendor/mediatek/kernel_modules/connectivity/fmradio/core/fm_module.c,76,write_handler,,yes,no,yes,SOURCE_ONLY,".write = fm_proc_write,"
mediatek-vendor,platform/vendor/mediatek/kernel_modules/connectivity/fmradio/core/fm_module.c,126,usercopy,fm_ops_ioctl,yes,no,yes,SOURCE_ONLY,"if (copy_from_user(&parm, (void *)arg, sizeof(struct fm_tune_parm))) {"
mediatek-vendor,platform/vendor/mediatek/kernel_modules/connectivity/fmradio/core/fm_module.c,147,usercopy,,yes,no,yes,SOURCE_ONLY,"if (copy_to_user((void *)arg, &parm, sizeof(struct fm_tune_parm))) {"
mediatek-vendor,platform/vendor/mediatek/kernel_modules/connectivity/fmradio/core/fm_module.c,161,usercopy,,yes,no,yes,SOURCE_ONLY,"if (copy_from_user(&powerdwn_type, (void *)arg, sizeof(int))) {"
mediatek-vendor,platform/vendor/mediatek/kernel_modules/connectivity/fmradio/core/fm_module.c,176,usercopy,,yes,no,yes,SOURCE_ONLY,"if (copy_from_user(&parm, (void *)arg, sizeof(struct fm_tune_parm))) {"
mediatek-vendor,platform/vendor/mediatek/kernel_modules/connectivity/fmradio/core/fm_module.c,185,usercopy,,yes,no,yes,SOURCE_ONLY,"if (copy_to_user((void *)arg, &parm, sizeof(struct fm_tune_parm))) {"
mediatek-vendor,platform/vendor/mediatek/kernel_modules/connectivity/fmradio/core/fm_module.c,199,usercopy,,yes,no,yes,SOURCE_ONLY,"if (copy_from_user(&parm, (void *)arg, sizeof(struct fm_softmute_tune_t))) {"
mediatek-vendor,platform/vendor/mediatek/kernel_modules/connectivity/fmradio/core/fm_module.c,208,usercopy,,yes,no,yes,SOURCE_ONLY,"if (copy_to_user((void *)arg, &parm, sizeof(struct fm_softmute_tune_t))) {"
mediatek-vendor,platform/vendor/mediatek/kernel_modules/connectivity/fmradio/core/fm_module.c,231,usercopy,,yes,no,yes,SOURCE_ONLY,"if (copy_from_user(&cqi_req, (void *)arg, sizeof(struct fm_cqi_req))) {"
mediatek-vendor,platform/vendor/mediatek/kernel_modules/connectivity/fmradio/core/fm_module.c,260,usercopy,,yes,no,yes,SOURCE_ONLY,"if (copy_to_user((void *)cqi_req.cqi_buf, buf, cqi_req.ch_num * sizeof(struct fm_cqi))) {"
mediatek-vendor,platform/vendor/mediatek/kernel_modules/connectivity/fmradio/core/fm_module.c,282,usercopy,,yes,no,yes,SOURCE_ONLY,"if (copy_to_user((void *)arg, &info, sizeof(struct fm_hw_info))) {"
mediatek-vendor,platform/vendor/mediatek/kernel_modules/connectivity/fmradio/core/fm_module.c,302,usercopy,,yes,no,yes,SOURCE_ONLY,"if (copy_to_user((void *)arg, &i2sinfo, sizeof(struct fm_i2s_info))) {"
mediatek-vendor,platform/vendor/mediatek/kernel_modules/connectivity/fmradio/core/fm_module.c,314,usercopy,,yes,no,yes,SOURCE_ONLY,"if (copy_from_user(&vol, (void *)arg, sizeof(unsigned int))) {"
mediatek-vendor,platform/vendor/mediatek/kernel_modules/connectivity/fmradio/core/fm_module.c,332,usercopy,,yes,no,yes,SOURCE_ONLY,"if (copy_to_user((void *)arg, &vol, sizeof(unsigned int))) {"
mediatek-vendor,platform/vendor/mediatek/kernel_modules/connectivity/fmradio/core/fm_module.c,344,usercopy,,yes,no,yes,SOURCE_ONLY,"if (copy_from_user(&bmute, (void *)arg, sizeof(unsigned int))) {"
mediatek-vendor,platform/vendor/mediatek/kernel_modules/connectivity/fmradio/core/fm_module.c,361,usercopy,,yes,no,yes,SOURCE_ONLY,"if (copy_to_user((void *)arg, &rssi, sizeof(signed int))) {"
mediatek-vendor,platform/vendor/mediatek/kernel_modules/connectivity/fmradio/core/fm_module.c,380,usercopy,,yes,no,yes,SOURCE_ONLY,"if (copy_from_user(&parm_ctl, (void *)arg, sizeof(struct fm_ctl_parm))) {"
mediatek-vendor,platform/vendor/mediatek/kernel_modules/connectivity/fmradio/core/fm_module.c,395,usercopy,,yes,no,yes,SOURCE_ONLY,"if (copy_to_user((void *)arg, &parm_ctl, sizeof(struct fm_ctl_parm))) {"
mediatek-vendor,platform/vendor/mediatek/kernel_modules/connectivity/fmradio/core/fm_module.c,427,usercopy,,yes,no,yes,SOURCE_ONLY,"if (copy_from_user(&parm_ctl, (void *)arg, sizeof(struct fm_top_rw_parm))) {"
mediatek-vendor,platform/vendor/mediatek/kernel_modules/connectivity/fmradio/core/fm_module.c,442,usercopy,,yes,no,yes,SOURCE_ONLY,"if (copy_to_user((void *)arg, &parm_ctl, sizeof(struct fm_top_rw_parm))) {"
mediatek-vendor,platform/vendor/mediatek/kernel_modules/connectivity/fmradio/core/fm_module.c,474,usercopy,,yes,no,yes,SOURCE_ONLY,"if (copy_from_user(&parm_ctl, (void *)arg, sizeof(struct fm_host_rw_parm))) {"
mediatek-vendor,platform/vendor/mediatek/kernel_modules/connectivity/fmradio/core/fm_module.c,495,usercopy,,yes,no,yes,SOURCE_ONLY,"if (copy_to_user((void *)arg, &parm_ctl, sizeof(struct fm_host_rw_parm))) {"
mediatek-vendor,platform/vendor/mediatek/kernel_modules/connectivity/fmradio/core/fm_module.c,514,usercopy,,yes,no,yes,SOURCE_ONLY,"if (copy_from_user(&parm_ctl, (void *)arg, sizeof(struct fm_pmic_rw_parm))) {"
mediatek-vendor,platform/vendor/mediatek/kernel_modules/connectivity/fmradio/core/fm_module.c,529,usercopy,,yes,no,yes,SOURCE_ONLY,"if (copy_to_user((void *)arg, &parm_ctl, sizeof(struct fm_pmic_rw_parm))) {"
mediatek-vendor,platform/vendor/mediatek/kernel_modules/connectivity/fmradio/core/fm_module.c,545,usercopy,,yes,no,yes,SOURCE_ONLY,"if (copy_to_user((void *)arg, &chipid, sizeof(unsigned short))) {"
mediatek-vendor,platform/vendor/mediatek/kernel_modules/connectivity/fmradio/core/fm_module.c,560,usercopy,,yes,no,yes,SOURCE_ONLY,"if (copy_to_user((void *)arg, &usStereoMono, sizeof(unsigned short))) {"
mediatek-vendor,platform/vendor/mediatek/kernel_modules/connectivity/fmradio/core/fm_module.c,571,usercopy,,yes,no,yes,SOURCE_ONLY,"if (copy_from_user(&monostero, (void *)arg, sizeof(signed int))) {"
mediatek-vendor,platform/vendor/mediatek/kernel_modules/connectivity/fmradio/core/fm_module.c,588,usercopy,,yes,no,yes,SOURCE_ONLY,"if (copy_to_user((void *)arg, &PamdLevl, sizeof(unsigned short)))"
mediatek-vendor,platform/vendor/mediatek/kernel_modules/connectivity/fmradio/core/fm_module.c,603,usercopy,,yes,no,yes,SOURCE_ONLY,"if (copy_to_user((void *)arg, &ca, sizeof(signed int))) {"
mediatek-vendor,platform/vendor/mediatek/kernel_modules/connectivity/fmradio/core/fm_module.c,615,usercopy,,yes,no,yes,SOURCE_ONLY,"if (copy_from_user(&parm_em, (void *)arg, sizeof(struct fm_em_parm))) {"
mediatek-vendor,platform/vendor/mediatek/kernel_modules/connectivity/fmradio/core/fm_module.c,628,usercopy,,yes,no,yes,SOURCE_ONLY,"if (copy_to_user((void *)arg, &support, sizeof(signed int))) {"
mediatek-vendor,platform/vendor/mediatek/kernel_modules/connectivity/fmradio/core/fm_module.c,645,usercopy,,yes,no,yes,SOURCE_ONLY,"if (copy_to_user((void *)arg, &powerup, sizeof(unsigned int))) {"
mediatek-vendor,platform/vendor/mediatek/kernel_modules/connectivity/fmradio/core/fm_module.c,657,usercopy,,yes,no,yes,SOURCE_ONLY,"if (copy_from_user(&fm_stat, (void *)arg, sizeof(struct fm_status_t))) {"
mediatek-vendor,platform/vendor/mediatek/kernel_modules/connectivity/fmradio/core/fm_module.c,672,usercopy,,yes,no,yes,SOURCE_ONLY,"if (copy_from_user(&fm_stat, (void *)arg, sizeof(struct fm_status_t))) {"
mediatek-vendor,platform/vendor/mediatek/kernel_modules/connectivity/fmradio/core/fm_module.c,679,usercopy,,yes,no,yes,SOURCE_ONLY,"if (copy_to_user((void *)arg, &fm_stat, sizeof(struct fm_status_t))) {"
mediatek-vendor,platform/vendor/mediatek/kernel_modules/connectivity/fmradio/core/fm_module.c,692,usercopy,,yes,no,yes,SOURCE_ONLY,"if (copy_from_user(&rdson_off, (void *)arg, sizeof(unsigned short))) {"
mediatek-vendor,platform/vendor/mediatek/kernel_modules/connectivity/fmradio/core/fm_module.c,709,usercopy,,yes,no,yes,SOURCE_ONLY,"if (copy_to_user((void *)arg, &uGBLCNT, sizeof(unsigned short))) {"
mediatek-vendor,platform/vendor/mediatek/kernel_modules/connectivity/fmradio/core/fm_module.c,724,usercopy,,yes,no,yes,SOURCE_ONLY,"if (copy_to_user((void *)arg, &uBadBLCNT, sizeof(unsigned short))) {"
mediatek-vendor,platform/vendor/mediatek/kernel_modules/connectivity/fmradio/core/fm_module.c,739,usercopy,,yes,no,yes,SOURCE_ONLY,"if (copy_to_user((void *)arg, &uBlerRatio, sizeof(unsigned short))) {"
mediatek-vendor,platform/vendor/mediatek/kernel_modules/connectivity/fmradio/core/fm_module.c,751,usercopy,,yes,no,yes,SOURCE_ONLY,"if (copy_from_user(&antenna, (void *)arg, sizeof(signed int))) {"
mediatek-vendor,platform/vendor/mediatek/kernel_modules/connectivity/fmradio/core/fm_module.c,766,usercopy,,yes,no,yes,SOURCE_ONLY,"if (copy_from_user(&gc_req, (void *)arg, sizeof(struct rds_group_cnt_req_t))) {"
mediatek-vendor,platform/vendor/mediatek/kernel_modules/connectivity/fmradio/core/fm_module.c,785,usercopy,,yes,no,yes,SOURCE_ONLY,"if (copy_to_user((void *)arg, &gc_req, sizeof(struct rds_group_cnt_req_t))) {"
mediatek-vendor,platform/vendor/mediatek/kernel_modules/connectivity/fmradio/core/fm_module.c,807,usercopy,,yes,no,yes,SOURCE_ONLY,"if (copy_to_user((void *)arg, &rds_log, rds_log.len + 2 * sizeof(signed int))) {"
mediatek-vendor,platform/vendor/mediatek/kernel_modules/connectivity/fmradio/core/fm_module.c,827,usercopy,,yes,no,yes,SOURCE_ONLY,"if (copy_from_user(&i2s_cfg, (void *)arg, sizeof(struct fm_i2s_setting))) {"
mediatek-vendor,platform/vendor/mediatek/kernel_modules/connectivity/fmradio/core/fm_module.c,848,usercopy,,yes,no,yes,SOURCE_ONLY,"if (copy_from_user(&tmp, (void *)arg, sizeof(signed int))) {"
mediatek-vendor,platform/vendor/mediatek/kernel_modules/connectivity/fmradio/core/fm_module.c,856,usercopy,,yes,no,yes,SOURCE_ONLY,"if (copy_to_user((void *)arg, &tmp, sizeof(signed int))) {"
mediatek-vendor,platform/vendor/mediatek/kernel_modules/connectivity/fmradio/core/fm_module.c,870,usercopy,,yes,no,yes,SOURCE_ONLY,"if (copy_from_user(&tmp, (void *)arg, sizeof(struct fm_desense_check_t))) {"
mediatek-vendor,platform/vendor/mediatek/kernel_modules/connectivity/fmradio/core/fm_module.c,877,usercopy,,yes,no,yes,SOURCE_ONLY,"/*if (copy_to_user((void*)arg, &tmp, sizeof(struct fm_desense_check_t))) {"
mediatek-vendor,platform/vendor/mediatek/kernel_modules/connectivity/fmradio/core/fm_module.c,911,usercopy,,yes,no,yes,SOURCE_ONLY,"if (copy_from_user(&rtc_info, (void *)arg, sizeof(struct fm_gps_rtc_info))) {"
mediatek-vendor,platform/vendor/mediatek/kernel_modules/connectivity/fmradio/core/fm_module.c,930,usercopy,,yes,no,yes,SOURCE_ONLY,"if (copy_from_user(&fm_via_bt, (void *)arg, sizeof(int32_t))) {"
mediatek-vendor,platform/vendor/mediatek/kernel_modules/connectivity/fmradio/core/fm_module.c,948,usercopy,,yes,no,yes,SOURCE_ONLY,"if (copy_from_user(&parm, (void *)arg, sizeof(struct fm_search_threshold_t))) {"
mediatek-vendor,platform/vendor/mediatek/kernel_modules/connectivity/fmradio/core/fm_module.c,966,usercopy,,yes,no,yes,SOURCE_ONLY,"if (copy_to_user((void *)arg, &aud_data, sizeof(struct fm_audio_info_t))) {"
mediatek-vendor,platform/vendor/mediatek/kernel_modules/connectivity/fmradio/core/fm_module.c,986,usercopy,,yes,no,yes,SOURCE_ONLY,"if (copy_to_user((void *)arg, &tx_support, sizeof(signed int))) {"
mediatek-vendor,platform/vendor/mediatek/kernel_modules/connectivity/fmradio/core/fm_module.c,998,usercopy,,yes,no,yes,SOURCE_ONLY,"if (copy_from_user(&parm, (void *)arg, sizeof(struct fm_tune_parm))) {"
mediatek-vendor,platform/vendor/mediatek/kernel_modules/connectivity/fmradio/core/fm_module.c,1011,usercopy,,yes,no,yes,SOURCE_ONLY,"if (copy_to_user((void *)arg, &parm, sizeof(struct fm_tune_parm))) {"
mediatek-vendor,platform/vendor/mediatek/kernel_modules/connectivity/fmradio/core/fm_module.c,1025,usercopy,,yes,no,yes,SOURCE_ONLY,"if (copy_from_user(&parm, (void *)arg, sizeof(struct fm_tune_parm))) {"
mediatek-vendor,platform/vendor/mediatek/kernel_modules/connectivity/fmradio/core/fm_module.c,1034,usercopy,,yes,no,yes,SOURCE_ONLY,"if (copy_to_user((void *)arg, &parm, sizeof(struct fm_tune_parm))) {"
mediatek-vendor,platform/vendor/mediatek/kernel_modules/connectivity/fmradio/core/fm_module.c,1052,usercopy,,yes,no,yes,SOURCE_ONLY,"if (copy_to_user((void *)arg, &rds_tx_support, sizeof(signed int))) {"
mediatek-vendor,platform/vendor/mediatek/kernel_modules/connectivity/fmradio/core/fm_module.c,1066,usercopy,,yes,no,yes,SOURCE_ONLY,"if (copy_from_user(&onoff, (void *)arg, sizeof(signed int))) {"
mediatek-vendor,platform/vendor/mediatek/kernel_modules/connectivity/fmradio/core/fm_module.c,1085,usercopy,,yes,no,yes,SOURCE_ONLY,"if (copy_from_user(&parm, (void *)arg, sizeof(struct fm_rds_tx_parm))) {"
mediatek-vendor,platform/vendor/mediatek/kernel_modules/connectivity/fmradio/core/fm_module.c,1095,usercopy,,yes,no,yes,SOURCE_ONLY,"if (copy_to_user((void *)arg, &parm, sizeof(struct fm_rds_tx_parm))) {"
mediatek-vendor,platform/vendor/mediatek/kernel_modules/connectivity/fmradio/core/fm_module.c,1109,usercopy,,yes,no,yes,SOURCE_ONLY,"if (copy_from_user(&parm, (void *)arg, sizeof(struct fm_tx_scan_parm))) {"
mediatek-vendor,platform/vendor/mediatek/kernel_modules/connectivity/fmradio/core/fm_module.c,1118,usercopy,,yes,no,yes,SOURCE_ONLY,"if (copy_to_user((void *)arg, &parm, sizeof(struct fm_tx_scan_parm))) {"
mediatek-vendor,platform/vendor/mediatek/kernel_modules/connectivity/fmradio/core/fm_module.c,1267,usercopy,fm_proc_read,yes,no,yes,SOURCE_ONLY,"if (copy_to_user(buf, tmpbuf, length)) {"
mediatek-vendor,platform/vendor/mediatek/kernel_modules/connectivity/fmradio/core/fm_module.c,1294,usercopy,fm_proc_write,yes,no,yes,SOURCE_ONLY,"if (copy_from_user(tmp_buf, buffer, copysize)) {"
mediatek-vendor,platform/vendor/mediatek/kernel_modules/connectivity/fmradio/core/fm_module.c,1309,sysfs_or_store,fm_proc_write,yes,no,yes,SOURCE_ONLY,"if (kstrtouint(tmp_buf, 0, &g_dbg_level)) {"
mediatek-vendor,platform/vendor/mediatek/kernel_modules/connectivity/fmradio/core/fm_module.c,1373,device_create,,yes,no,yes,SOURCE_ONLY,"plat->dev = device_create(plat->cls, NULL, plat->dev_t, NULL, FM_NAME);"
mediatek-vendor,platform/vendor/mediatek/kernel_modules/connectivity/fmradio/core/fm_module.c,1411,procfs,,yes,no,yes,SOURCE_ONLY,"g_fm_proc = proc_create(FM_PROC_FILE, 0444, NULL, &fm_proc_ops);"
mediatek-vendor,platform/vendor/mediatek/kernel_modules/connectivity/wlan/adaptor/fw_log_wifi.c,195,ioctl_entry;write_handler,fw_log_wifi_compat_ioctl,no,no,yes,SOURCE_ONLY,".unlocked_ioctl = fw_log_wifi_unlocked_ioctl,"
mediatek-vendor,platform/vendor/mediatek/kernel_modules/connectivity/wlan/adaptor/fw_log_wifi.c,197,ioctl_entry;write_handler,fw_log_wifi_compat_ioctl,no,no,yes,SOURCE_ONLY,".compat_ioctl = fw_log_wifi_compat_ioctl,"
mediatek-vendor,platform/vendor/mediatek/kernel_modules/connectivity/wlan/adaptor/fw_log_wifi.c,246,device_create,fw_log_wifi_init,no,no,yes,SOURCE_ONLY,"fw_log_wifi_dev->class_dev = device_create(fw_log_wifi_dev->driver_class,"
mediatek-vendor,platform/vendor/mediatek/kernel_modules/connectivity/wlan/adaptor/wmt_cdev_wifi.c,79,module_param,,yes,no,yes,SOURCE_ONLY,"module_param(WIFI_major, uint, 0);"
mediatek-vendor,platform/vendor/mediatek/kernel_modules/connectivity/wlan/adaptor/wmt_cdev_wifi.c,350,usercopy,WIFI_write,yes,no,yes,SOURCE_ONLY,"if (copy_from_user(local, buf, copy_size) == 0) {"
mediatek-vendor,platform/vendor/mediatek/kernel_modules/connectivity/wlan/adaptor/wmt_cdev_wifi.c,548,write_handler,,yes,no,yes,SOURCE_ONLY,".write = WIFI_write,"
mediatek-vendor,platform/vendor/mediatek/kernel_modules/connectivity/wlan/adaptor/wmt_cdev_wifi.c,575,device_create,WIFI_init,yes,no,yes,SOURCE_ONLY,"wmtwifi_dev = device_create(wmtwifi_class, NULL, dev, NULL, ""wmtWifi"");"
amazon-device,platform/device/amazon/kernel/driver/amzn_drv_test.c,45,module_param,,yes,no,yes,SOURCE_ONLY,"module_param(logger_loop, uint, 0644);"
amazon-device,platform/device/amazon/kernel/driver/amzn_drv_test.c,762,usercopy,proc_open,yes,no,yes,SOURCE_ONLY,"if (copy_from_user(input, buf, count))"
amazon-device,platform/device/amazon/kernel/driver/amzn_drv_test.c,789,write_handler,,yes,no,yes,SOURCE_ONLY,".write = proc_write,"
amazon-device,platform/device/amazon/kernel/driver/amzn_drv_test.c,811,procfs,amzn_drv_test_init,yes,no,yes,SOURCE_ONLY,"proc_create_data(life_data->test_item, S_IRUGO|S_IWUSR, proc_amzn_drv,"
amazon-device,platform/device/amazon/kernel/driver/amzn_drv_test.c,825,procfs,amzn_drv_test_init,yes,no,yes,SOURCE_ONLY,"proc_create_data(idme_data->test_item, S_IRUGO|S_IWUSR, proc_amzn_drv,"
amazon-device,platform/device/amazon/kernel/driver/amzn_drv_test.c,840,procfs,,yes,no,yes,SOURCE_ONLY,"proc_create_data(logger_data->test_item, S_IRUGO|S_IWUSR, proc_amzn_drv,"
amazon-device,platform/device/amazon/kernel/driver/amzn_idme.c,130,sysfs_or_store,idme_get_board_type,no,no,no,SOURCE_ONLY,"if (unlikely(kstrtouint(board_type, 16, &rs)))"
amazon-device,platform/device/amazon/kernel/driver/amzn_idme.c,131,sysfs_or_store,idme_get_board_type,no,no,no,SOURCE_ONLY,"pr_err(""%s kstrtouint failed!\v"", __func__);"
amazon-device,platform/device/amazon/kernel/driver/amzn_idme.c,196,sysfs_or_store,idme_get_board_rev,no,no,no,SOURCE_ONLY,"if (unlikely(kstrtouint(board_rev, 16, &rs)))"
amazon-device,platform/device/amazon/kernel/driver/amzn_idme.c,197,sysfs_or_store,idme_get_board_rev,no,no,no,SOURCE_ONLY,"pr_err(""%s kstrtouint failed!\v"", __func__);"
amazon-device,platform/device/amazon/kernel/driver/amzn_idme.c,219,sysfs_or_store,idme_get_battery_info,no,no,no,SOURCE_ONLY,"if (unlikely(kstrtouint(battery_info, 16, &rs)))"
amazon-device,platform/device/amazon/kernel/driver/amzn_idme.c,220,sysfs_or_store,idme_get_battery_info,no,no,no,SOURCE_ONLY,"pr_err(""%s kstrtouint failed, index = %d, length = %d!\v"", __func__, index, (int)length);"
amazon-device,platform/device/amazon/kernel/driver/amzn_idme.c,343,procfs,idme_init,no,no,no,SOURCE_ONLY,"child_pde = proc_create_data(child->name, perm, proc_idme,"
amazon-device,platform/device/amazon/kernel/driver/amzn_logger.c,657,usercopy,,yes,no,no,SOURCE_ONLY,"if (copy_to_user(buf, msg, len)) {"
amazon-device,platform/device/amazon/kernel/driver/amzn_logger.c,738,misc_register,,yes,no,no,SOURCE_ONLY,ret = misc_register(&log->misc);
amazon-device,platform/device/amazon/kernel/driver/amzn_logger_test.c,33,module_param,,no,no,no,SOURCE_ONLY,"module_param(loop, uint, 0644);"
amazon-device,platform/device/amazon/kernel/driver/amzn_sign_of_life.c,264,procfs,life_cycle_reason_proc_init,no,no,no,SOURCE_ONLY,"life_cycle_reason_file = proc_create(DEV_SOL_PROC_NAME,"
