file	caller	callee	line	text
/Users/bob/Documents/Codex/2026-08-03-fire-os-7-framework-amazon-fire/decompiled/baksmali/vdexExtractor/fosservices/disassembly.log	handleShortPressOnHome	android.content.ComponentName::getPackageName	314251	09d992: 6e10 2302 0000                         |0014: invoke-virtual {v0}, Landroid/content/ComponentName;.getPackageName:()Ljava/lang/String; // method@0223
/Users/bob/Documents/Codex/2026-08-03-fire-os-7-framework-amazon-fire/decompiled/baksmali/vdexExtractor/fosservices/disassembly.log	handleShortPressOnHome	android.os.ServiceManager::getService	314246	09d97e: 7110 330c 0100                         |000a: invoke-static {v1}, Landroid/os/ServiceManager;.getService:(Ljava/lang/String;)Landroid/os/IBinder; // method@0c33
/Users/bob/Documents/Codex/2026-08-03-fire-os-7-framework-amazon-fire/decompiled/baksmali/vdexExtractor/fosservices/disassembly.log	handleShortPressOnHome	android.os.UserHandle::myUserId	314253	09d99a: 7100 600c 0000                         |0018: invoke-static {}, Landroid/os/UserHandle;.myUserId:()I // method@0c60
/Users/bob/Documents/Codex/2026-08-03-fire-os-7-framework-amazon-fire/decompiled/baksmali/vdexExtractor/fosservices/disassembly.log	handleShortPressOnHome	android.util.Log::e	314260	09d9b4: 7130 060d 2100                         |0025: invoke-static {v1, v2, v0}, Landroid/util/Log;.e:(Ljava/lang/String;Ljava/lang/String;Ljava/lang/Throwable;)I // method@0d06
/Users/bob/Documents/Codex/2026-08-03-fire-os-7-framework-amazon-fire/decompiled/baksmali/vdexExtractor/fosservices/disassembly.log	handleShortPressOnHome	com.amazon.android.server.am.IAmazonActivityManager::checkKillAppGoingIntoBg	314255	09d9a2: 7230 a513 2103                         |001c: invoke-interface {v1, v2, v3}, Lcom/amazon/android/server/am/IAmazonActivityManager;.checkKillAppGoingIntoBg:(Ljava/lang/String;I)Z // method@13a5
/Users/bob/Documents/Codex/2026-08-03-fire-os-7-framework-amazon-fire/decompiled/baksmali/vdexExtractor/fosservices/disassembly.log	handleShortPressOnHome	com.amazon.policy.keypolicymanager.HomeEventHandler::handleCustomHome	314267	09d9d2: 6e30 252b 1002                         |0034: invoke-virtual {v0, v1, v2}, Lcom/amazon/policy/keypolicymanager/HomeEventHandler;.handleCustomHome:(Landroid/view/KeyEvent;Landroid/content/ComponentName;)I // method@2b25
/Users/bob/Documents/Codex/2026-08-03-fire-os-7-framework-amazon-fire/decompiled/baksmali/vdexExtractor/fosservices/disassembly.log	handleShortPressOnHome	com.amazon.policy.keypolicymanager.TabletKeyPolicyManager::getTopActivity	314241	09d96a: 6e10 652b 0400                         |0000: invoke-virtual {v4}, Lcom/amazon/policy/keypolicymanager/TabletKeyPolicyManager;.getTopActivity:()Landroid/content/ComponentName; // method@2b65
/Users/bob/Documents/Codex/2026-08-03-fire-os-7-framework-amazon-fire/decompiled/baksmali/vdexExtractor/fosservices/disassembly.log	handleShortPressOnHome	com.amazon.policy.keypolicymanager.TabletKeyPolicyManager::getTopActivity	314265	09d9ca: 6e10 652b 0400                         |0030: invoke-virtual {v4}, Lcom/amazon/policy/keypolicymanager/TabletKeyPolicyManager;.getTopActivity:()Landroid/content/ComponentName; // method@2b65
/Users/bob/Documents/Codex/2026-08-03-fire-os-7-framework-amazon-fire/decompiled/baksmali/vdexExtractor/fosservices/disassembly.log	handleShortPressOnHome	com.amazon.policy.keypolicymanager.TabletKeyPolicyManager::mAmazonActivityManager	314243	09d972: 5441 4d19                              |0004: iget-object v1, v4, Lcom/amazon/policy/keypolicymanager/TabletKeyPolicyManager;.mAmazonActivityManager:Lcom/amazon/android/server/am/IAmazonActivityManager; // field@194d
/Users/bob/Documents/Codex/2026-08-03-fire-os-7-framework-amazon-fire/decompiled/baksmali/vdexExtractor/fosservices/disassembly.log	handleShortPressOnHome	com.amazon.policy.keypolicymanager.TabletKeyPolicyManager::mAmazonActivityManager	314249	09d98a: 5b41 4d19                              |0010: iput-object v1, v4, Lcom/amazon/policy/keypolicymanager/TabletKeyPolicyManager;.mAmazonActivityManager:Lcom/amazon/android/server/am/IAmazonActivityManager; // field@194d
/Users/bob/Documents/Codex/2026-08-03-fire-os-7-framework-amazon-fire/decompiled/baksmali/vdexExtractor/fosservices/disassembly.log	handleShortPressOnHome	com.amazon.policy.keypolicymanager.TabletKeyPolicyManager::mAmazonActivityManager	314250	09d98e: 5441 4d19                              |0012: iget-object v1, v4, Lcom/amazon/policy/keypolicymanager/TabletKeyPolicyManager;.mAmazonActivityManager:Lcom/amazon/android/server/am/IAmazonActivityManager; // field@194d
/Users/bob/Documents/Codex/2026-08-03-fire-os-7-framework-amazon-fire/decompiled/baksmali/vdexExtractor/fosservices/disassembly.log	handleShortPressOnHome	com.amazon.policy.keypolicymanager.TabletKeyPolicyManager::mHomeEventHandler	314261	09d9ba: 5440 4f19                              |0028: iget-object v0, v4, Lcom/amazon/policy/keypolicymanager/TabletKeyPolicyManager;.mHomeEventHandler:Lcom/amazon/policy/keypolicymanager/HomeEventHandler; // field@194f
/Users/bob/Documents/Codex/2026-08-03-fire-os-7-framework-amazon-fire/decompiled/baksmali/vdexExtractor/fosservices/disassembly.log	handleShortPressOnHome	com.amazon.policy.keypolicymanager.TabletKeyPolicyManager::mHomeEventHandler	314263	09d9c2: 5440 4f19                              |002c: iget-object v0, v4, Lcom/amazon/policy/keypolicymanager/TabletKeyPolicyManager;.mHomeEventHandler:Lcom/amazon/policy/keypolicymanager/HomeEventHandler; // field@194f
/Users/bob/Documents/Codex/2026-08-03-fire-os-7-framework-amazon-fire/decompiled/baksmali/vdexExtractor/fosservices/disassembly.log	handleShortPressOnHome	com.amazon.policy.keypolicymanager.TabletKeyPolicyManager::mOngoingHomeKeyEvent	314264	09d9c6: 5441 5419                              |002e: iget-object v1, v4, Lcom/amazon/policy/keypolicymanager/TabletKeyPolicyManager;.mOngoingHomeKeyEvent:Landroid/view/KeyEvent; // field@1954
/Users/bob/Documents/Codex/2026-08-03-fire-os-7-framework-amazon-fire/decompiled/baksmali/vdexExtractor/services/disassembly.log	access$3300	com.android.server.policy.PhoneWindowManager::handleShortPressOnHome	976160	318db4: 7010 f0ab 0000                         |0000: invoke-direct {v0}, Lcom/android/server/policy/PhoneWindowManager;.handleShortPressOnHome:()V // method@abf0
/Users/bob/Documents/Codex/2026-08-03-fire-os-7-framework-amazon-fire/decompiled/baksmali/vdexExtractor/services/disassembly.log	callOnStartDockOrHome	com.android.server.policy.VendorPhoneWindowManagerCallback::onStartDockOrHome	559643	32093e: 6e20 4aad 4200                         |0006: invoke-virtual {v2, v4}, Lcom/android/server/policy/VendorPhoneWindowManagerCallback;.onStartDockOrHome:(Landroid/content/Intent;)V // method@ad4a
/Users/bob/Documents/Codex/2026-08-03-fire-os-7-framework-amazon-fire/decompiled/baksmali/vdexExtractor/services/disassembly.log	chooseBestActivity	android.content.Intent::getAction	934458	2b5cf6: 7401 4306 1400                         |00e2: invoke-virtual/range {v20}, Landroid/content/Intent;.getAction:()Ljava/lang/String; // method@0643
/Users/bob/Documents/Codex/2026-08-03-fire-os-7-framework-amazon-fire/decompiled/baksmali/vdexExtractor/services/disassembly.log	chooseBestActivity	android.content.Intent::getFlags	934354	2b5b64: 7401 4d06 1400                         |0019: invoke-virtual/range {v20}, Landroid/content/Intent;.getFlags:()I // method@064d
/Users/bob/Documents/Codex/2026-08-03-fire-os-7-framework-amazon-fire/decompiled/baksmali/vdexExtractor/services/disassembly.log	chooseBestActivity	android.content.Intent::getPackage	934463	2b5d0a: 7401 5206 1400                         |00ec: invoke-virtual/range {v20}, Landroid/content/Intent;.getPackage:()Ljava/lang/String; // method@0652
/Users/bob/Documents/Codex/2026-08-03-fire-os-7-framework-amazon-fire/decompiled/baksmali/vdexExtractor/services/disassembly.log	chooseBestActivity	android.content.pm.ActivityInfo::<init>	934455	2b5ce8: 7020 0507 2100                         |00db: invoke-direct {v1, v2}, Landroid/content/pm/ActivityInfo;.<init>:(Landroid/content/pm/ActivityInfo;)V // method@0705
/Users/bob/Documents/Codex/2026-08-03-fire-os-7-framework-amazon-fire/decompiled/baksmali/vdexExtractor/services/disassembly.log	chooseBestActivity	android.content.pm.ActivityInfo::applicationInfo	934429	2b5c86: 5422 4201                              |00aa: iget-object v2, v2, Landroid/content/pm/ActivityInfo;.applicationInfo:Landroid/content/pm/ApplicationInfo; // field@0142
/Users/bob/Documents/Codex/2026-08-03-fire-os-7-framework-amazon-fire/decompiled/baksmali/vdexExtractor/services/disassembly.log	chooseBestActivity	android.content.pm.ActivityInfo::applicationInfo	934475	2b5d3a: 5422 4201                              |0104: iget-object v2, v2, Landroid/content/pm/ActivityInfo;.applicationInfo:Landroid/content/pm/ApplicationInfo; // field@0142
/Users/bob/Documents/Codex/2026-08-03-fire-os-7-framework-amazon-fire/decompiled/baksmali/vdexExtractor/services/disassembly.log	chooseBestActivity	android.content.pm.ActivityInfo::applicationInfo	934491	2b5d78: 5444 4201                              |0123: iget-object v4, v4, Landroid/content/pm/ActivityInfo;.applicationInfo:Landroid/content/pm/ApplicationInfo; // field@0142
/Users/bob/Documents/Codex/2026-08-03-fire-os-7-framework-amazon-fire/decompiled/baksmali/vdexExtractor/services/disassembly.log	chooseBestActivity	android.content.pm.ActivityInfo::applicationInfo	934493	2b5d82: 5b23 4201                              |0128: iput-object v3, v2, Landroid/content/pm/ActivityInfo;.applicationInfo:Landroid/content/pm/ApplicationInfo; // field@0142
/Users/bob/Documents/Codex/2026-08-03-fire-os-7-framework-amazon-fire/decompiled/baksmali/vdexExtractor/services/disassembly.log	chooseBestActivity	android.content.pm.ActivityInfo::applicationInfo	934496	2b5d8e: 5422 4201                              |012e: iget-object v2, v2, Landroid/content/pm/ActivityInfo;.applicationInfo:Landroid/content/pm/ApplicationInfo; // field@0142
/Users/bob/Documents/Codex/2026-08-03-fire-os-7-framework-amazon-fire/decompiled/baksmali/vdexExtractor/services/disassembly.log	chooseBestActivity	android.content.pm.ActivityInfo::applicationInfo	934498	2b5d96: 5433 4201                              |0132: iget-object v3, v3, Landroid/content/pm/ActivityInfo;.applicationInfo:Landroid/content/pm/ApplicationInfo; // field@0142
/Users/bob/Documents/Codex/2026-08-03-fire-os-7-framework-amazon-fire/decompiled/baksmali/vdexExtractor/services/disassembly.log	chooseBestActivity	android.content.pm.ActivityInfo::labelRes	934462	2b5d06: 5912 4a01                              |00ea: iput v2, v1, Landroid/content/pm/ActivityInfo;.labelRes:I // field@014a
/Users/bob/Documents/Codex/2026-08-03-fire-os-7-framework-amazon-fire/decompiled/baksmali/vdexExtractor/services/disassembly.log	chooseBestActivity	android.content.pm.ActivityInfo::metaData	934506	2b5db6: 5422 5001                              |0142: iget-object v2, v2, Landroid/content/pm/ActivityInfo;.metaData:Landroid/os/Bundle; // field@0150
/Users/bob/Documents/Codex/2026-08-03-fire-os-7-framework-amazon-fire/decompiled/baksmali/vdexExtractor/services/disassembly.log	chooseBestActivity	android.content.pm.ActivityInfo::metaData	934511	2b5dcc: 5b23 5001                              |014d: iput-object v3, v2, Landroid/content/pm/ActivityInfo;.metaData:Landroid/os/Bundle; // field@0150
/Users/bob/Documents/Codex/2026-08-03-fire-os-7-framework-amazon-fire/decompiled/baksmali/vdexExtractor/services/disassembly.log	chooseBestActivity	android.content.pm.ActivityInfo::metaData	934513	2b5dd4: 5422 5001                              |0151: iget-object v2, v2, Landroid/content/pm/ActivityInfo;.metaData:Landroid/os/Bundle; // field@0150
/Users/bob/Documents/Codex/2026-08-03-fire-os-7-framework-amazon-fire/decompiled/baksmali/vdexExtractor/services/disassembly.log	chooseBestActivity	android.content.pm.ActivityInfo::name	934375	2b5bb0: 5422 5101                              |003f: iget-object v2, v2, Landroid/content/pm/ActivityInfo;.name:Ljava/lang/String; // field@0151
/Users/bob/Documents/Codex/2026-08-03-fire-os-7-framework-amazon-fire/decompiled/baksmali/vdexExtractor/services/disassembly.log	chooseBestActivity	android.content.pm.ActivityInfo::name	934384	2b5bdc: 5422 5101                              |0055: iget-object v2, v2, Landroid/content/pm/ActivityInfo;.name:Ljava/lang/String; // field@0151
/Users/bob/Documents/Codex/2026-08-03-fire-os-7-framework-amazon-fire/decompiled/baksmali/vdexExtractor/services/disassembly.log	chooseBestActivity	android.content.pm.ActivityInfo::packageName	934434	2b5c9a: 5422 5301                              |00b4: iget-object v2, v2, Landroid/content/pm/ActivityInfo;.packageName:Ljava/lang/String; // field@0153
/Users/bob/Documents/Codex/2026-08-03-fire-os-7-framework-amazon-fire/decompiled/baksmali/vdexExtractor/services/disassembly.log	chooseBestActivity	android.content.pm.ApplicationInfo::<init>	934492	2b5d7c: 7020 1907 4300                         |0125: invoke-direct {v3, v4}, Landroid/content/pm/ApplicationInfo;.<init>:(Landroid/content/pm/ApplicationInfo;)V // method@0719
/Users/bob/Documents/Codex/2026-08-03-fire-os-7-framework-amazon-fire/decompiled/baksmali/vdexExtractor/services/disassembly.log	chooseBestActivity	android.content.pm.ApplicationInfo::icon	934482	2b5d54: 5223 6c01                              |0111: iget v3, v2, Landroid/content/pm/ApplicationInfo;.icon:I // field@016c
/Users/bob/Documents/Codex/2026-08-03-fire-os-7-framework-amazon-fire/decompiled/baksmali/vdexExtractor/services/disassembly.log	chooseBestActivity	android.content.pm.ApplicationInfo::icon	934484	2b5d5c: 5223 6c01                              |0115: iget v3, v2, Landroid/content/pm/ApplicationInfo;.icon:I // field@016c
/Users/bob/Documents/Codex/2026-08-03-fire-os-7-framework-amazon-fire/decompiled/baksmali/vdexExtractor/services/disassembly.log	chooseBestActivity	android.content.pm.ApplicationInfo::isInstantApp	934430	2b5c8a: 6e10 2707 0200                         |00ac: invoke-virtual {v2}, Landroid/content/pm/ApplicationInfo;.isInstantApp:()Z // method@0727
/Users/bob/Documents/Codex/2026-08-03-fire-os-7-framework-amazon-fire/decompiled/baksmali/vdexExtractor/services/disassembly.log	chooseBestActivity	android.content.pm.ApplicationInfo::labelRes	934486	2b5d64: 5223 6d01                              |0119: iget v3, v2, Landroid/content/pm/ApplicationInfo;.labelRes:I // field@016d
/Users/bob/Documents/Codex/2026-08-03-fire-os-7-framework-amazon-fire/decompiled/baksmali/vdexExtractor/services/disassembly.log	chooseBestActivity	android.content.pm.ApplicationInfo::uid	934499	2b5d9a: 5233 8b01                              |0134: iget v3, v3, Landroid/content/pm/ApplicationInfo;.uid:I // field@018b
/Users/bob/Documents/Codex/2026-08-03-fire-os-7-framework-amazon-fire/decompiled/baksmali/vdexExtractor/services/disassembly.log	chooseBestActivity	android.content.pm.ApplicationInfo::uid	934504	2b5dae: 5923 8b01                              |013e: iput v3, v2, Landroid/content/pm/ApplicationInfo;.uid:I // field@018b
/Users/bob/Documents/Codex/2026-08-03-fire-os-7-framework-amazon-fire/decompiled/baksmali/vdexExtractor/services/disassembly.log	chooseBestActivity	android.content.pm.ResolveInfo::<init>	934452	2b5cda: 7020 3109 2000                         |00d4: invoke-direct {v0, v2}, Landroid/content/pm/ResolveInfo;.<init>:(Landroid/content/pm/ResolveInfo;)V // method@0931
/Users/bob/Documents/Codex/2026-08-03-fire-os-7-framework-amazon-fire/decompiled/baksmali/vdexExtractor/services/disassembly.log	chooseBestActivity	android.content.pm.ResolveInfo::activityInfo	934374	2b5bac: 5492 b202                              |003d: iget-object v2, v9, Landroid/content/pm/ResolveInfo;.activityInfo:Landroid/content/pm/ActivityInfo; // field@02b2
/Users/bob/Documents/Codex/2026-08-03-fire-os-7-framework-amazon-fire/decompiled/baksmali/vdexExtractor/services/disassembly.log	chooseBestActivity	android.content.pm.ResolveInfo::activityInfo	934383	2b5bd8: 5482 b202                              |0053: iget-object v2, v8, Landroid/content/pm/ResolveInfo;.activityInfo:Landroid/content/pm/ActivityInfo; // field@02b2
/Users/bob/Documents/Codex/2026-08-03-fire-os-7-framework-amazon-fire/decompiled/baksmali/vdexExtractor/services/disassembly.log	chooseBestActivity	android.content.pm.ResolveInfo::activityInfo	934428	2b5c82: 5412 b202                              |00a8: iget-object v2, v1, Landroid/content/pm/ResolveInfo;.activityInfo:Landroid/content/pm/ActivityInfo; // field@02b2
/Users/bob/Documents/Codex/2026-08-03-fire-os-7-framework-amazon-fire/decompiled/baksmali/vdexExtractor/services/disassembly.log	chooseBestActivity	android.content.pm.ResolveInfo::activityInfo	934433	2b5c96: 5412 b202                              |00b2: iget-object v2, v1, Landroid/content/pm/ResolveInfo;.activityInfo:Landroid/content/pm/ActivityInfo; // field@02b2
/Users/bob/Documents/Codex/2026-08-03-fire-os-7-framework-amazon-fire/decompiled/baksmali/vdexExtractor/services/disassembly.log	chooseBestActivity	android.content.pm.ResolveInfo::activityInfo	934454	2b5ce4: 5402 b202                              |00d9: iget-object v2, v0, Landroid/content/pm/ResolveInfo;.activityInfo:Landroid/content/pm/ActivityInfo; // field@02b2
/Users/bob/Documents/Codex/2026-08-03-fire-os-7-framework-amazon-fire/decompiled/baksmali/vdexExtractor/services/disassembly.log	chooseBestActivity	android.content.pm.ResolveInfo::activityInfo	934456	2b5cee: 5b01 b202                              |00de: iput-object v1, v0, Landroid/content/pm/ResolveInfo;.activityInfo:Landroid/content/pm/ActivityInfo; // field@02b2
/Users/bob/Documents/Codex/2026-08-03-fire-os-7-framework-amazon-fire/decompiled/baksmali/vdexExtractor/services/disassembly.log	chooseBestActivity	android.content.pm.ResolveInfo::activityInfo	934457	2b5cf2: 5401 b202                              |00e0: iget-object v1, v0, Landroid/content/pm/ResolveInfo;.activityInfo:Landroid/content/pm/ActivityInfo; // field@02b2
/Users/bob/Documents/Codex/2026-08-03-fire-os-7-framework-amazon-fire/decompiled/baksmali/vdexExtractor/services/disassembly.log	chooseBestActivity	android.content.pm.ResolveInfo::activityInfo	934474	2b5d36: 5422 b202                              |0102: iget-object v2, v2, Landroid/content/pm/ResolveInfo;.activityInfo:Landroid/content/pm/ActivityInfo; // field@02b2
/Users/bob/Documents/Codex/2026-08-03-fire-os-7-framework-amazon-fire/decompiled/baksmali/vdexExtractor/services/disassembly.log	chooseBestActivity	android.content.pm.ResolveInfo::activityInfo	934488	2b5d6c: 5402 b202                              |011d: iget-object v2, v0, Landroid/content/pm/ResolveInfo;.activityInfo:Landroid/content/pm/ActivityInfo; // field@02b2
/Users/bob/Documents/Codex/2026-08-03-fire-os-7-framework-amazon-fire/decompiled/baksmali/vdexExtractor/services/disassembly.log	chooseBestActivity	android.content.pm.ResolveInfo::activityInfo	934490	2b5d74: 5404 b202                              |0121: iget-object v4, v0, Landroid/content/pm/ResolveInfo;.activityInfo:Landroid/content/pm/ActivityInfo; // field@02b2
/Users/bob/Documents/Codex/2026-08-03-fire-os-7-framework-amazon-fire/decompiled/baksmali/vdexExtractor/services/disassembly.log	chooseBestActivity	android.content.pm.ResolveInfo::activityInfo	934495	2b5d8a: 5402 b202                              |012c: iget-object v2, v0, Landroid/content/pm/ResolveInfo;.activityInfo:Landroid/content/pm/ActivityInfo; // field@02b2
/Users/bob/Documents/Codex/2026-08-03-fire-os-7-framework-amazon-fire/decompiled/baksmali/vdexExtractor/services/disassembly.log	chooseBestActivity	android.content.pm.ResolveInfo::activityInfo	934497	2b5d92: 5403 b202                              |0130: iget-object v3, v0, Landroid/content/pm/ResolveInfo;.activityInfo:Landroid/content/pm/ActivityInfo; // field@02b2
/Users/bob/Documents/Codex/2026-08-03-fire-os-7-framework-amazon-fire/decompiled/baksmali/vdexExtractor/services/disassembly.log	chooseBestActivity	android.content.pm.ResolveInfo::activityInfo	934505	2b5db2: 5402 b202                              |0140: iget-object v2, v0, Landroid/content/pm/ResolveInfo;.activityInfo:Landroid/content/pm/ActivityInfo; // field@02b2
/Users/bob/Documents/Codex/2026-08-03-fire-os-7-framework-amazon-fire/decompiled/baksmali/vdexExtractor/services/disassembly.log	chooseBestActivity	android.content.pm.ResolveInfo::activityInfo	934508	2b5dbe: 5402 b202                              |0146: iget-object v2, v0, Landroid/content/pm/ResolveInfo;.activityInfo:Landroid/content/pm/ActivityInfo; // field@02b2
/Users/bob/Documents/Codex/2026-08-03-fire-os-7-framework-amazon-fire/decompiled/baksmali/vdexExtractor/services/disassembly.log	chooseBestActivity	android.content.pm.ResolveInfo::activityInfo	934512	2b5dd0: 5402 b202                              |014f: iget-object v2, v0, Landroid/content/pm/ResolveInfo;.activityInfo:Landroid/content/pm/ActivityInfo; // field@02b2
/Users/bob/Documents/Codex/2026-08-03-fire-os-7-framework-amazon-fire/decompiled/baksmali/vdexExtractor/services/disassembly.log	chooseBestActivity	android.content.pm.ResolveInfo::icon	934483	2b5d58: 5903 b602                              |0113: iput v3, v0, Landroid/content/pm/ResolveInfo;.icon:I // field@02b6
/Users/bob/Documents/Codex/2026-08-03-fire-os-7-framework-amazon-fire/decompiled/baksmali/vdexExtractor/services/disassembly.log	chooseBestActivity	android.content.pm.ResolveInfo::iconResourceId	934485	2b5d60: 5903 b702                              |0117: iput v3, v0, Landroid/content/pm/ResolveInfo;.iconResourceId:I // field@02b7
/Users/bob/Documents/Codex/2026-08-03-fire-os-7-framework-amazon-fire/decompiled/baksmali/vdexExtractor/services/disassembly.log	chooseBestActivity	android.content.pm.ResolveInfo::isDefault	934399	2b5c20: 5590 b802                              |0077: iget-boolean v0, v9, Landroid/content/pm/ResolveInfo;.isDefault:Z // field@02b8
/Users/bob/Documents/Codex/2026-08-03-fire-os-7-framework-amazon-fire/decompiled/baksmali/vdexExtractor/services/disassembly.log	chooseBestActivity	android.content.pm.ResolveInfo::isDefault	934400	2b5c24: 5581 b802                              |0079: iget-boolean v1, v8, Landroid/content/pm/ResolveInfo;.isDefault:Z // field@02b8
/Users/bob/Documents/Codex/2026-08-03-fire-os-7-framework-amazon-fire/decompiled/baksmali/vdexExtractor/services/disassembly.log	chooseBestActivity	android.content.pm.ResolveInfo::labelRes	934487	2b5d68: 5903 ba02                              |011b: iput v3, v0, Landroid/content/pm/ResolveInfo;.labelRes:I // field@02ba
/Users/bob/Documents/Codex/2026-08-03-fire-os-7-framework-amazon-fire/decompiled/baksmali/vdexExtractor/services/disassembly.log	chooseBestActivity	android.content.pm.ResolveInfo::noResourceId	934480	2b5d4e: 5c0f bc02                              |010e: iput-boolean v15, v0, Landroid/content/pm/ResolveInfo;.noResourceId:Z // field@02bc
/Users/bob/Documents/Codex/2026-08-03-fire-os-7-framework-amazon-fire/decompiled/baksmali/vdexExtractor/services/disassembly.log	chooseBestActivity	android.content.pm.ResolveInfo::preferredOrder	934396	2b5c14: 5290 be02                              |0071: iget v0, v9, Landroid/content/pm/ResolveInfo;.preferredOrder:I // field@02be
/Users/bob/Documents/Codex/2026-08-03-fire-os-7-framework-amazon-fire/decompiled/baksmali/vdexExtractor/services/disassembly.log	chooseBestActivity	android.content.pm.ResolveInfo::preferredOrder	934397	2b5c18: 5281 be02                              |0073: iget v1, v8, Landroid/content/pm/ResolveInfo;.preferredOrder:I // field@02be
/Users/bob/Documents/Codex/2026-08-03-fire-os-7-framework-amazon-fire/decompiled/baksmali/vdexExtractor/services/disassembly.log	chooseBestActivity	android.content.pm.ResolveInfo::priority	934379	2b5bc4: 5292 bf02                              |0049: iget v2, v9, Landroid/content/pm/ResolveInfo;.priority:I // field@02bf
/Users/bob/Documents/Codex/2026-08-03-fire-os-7-framework-amazon-fire/decompiled/baksmali/vdexExtractor/services/disassembly.log	chooseBestActivity	android.content.pm.ResolveInfo::priority	934388	2b5bf0: 5282 bf02                              |005f: iget v2, v8, Landroid/content/pm/ResolveInfo;.priority:I // field@02bf
/Users/bob/Documents/Codex/2026-08-03-fire-os-7-framework-amazon-fire/decompiled/baksmali/vdexExtractor/services/disassembly.log	chooseBestActivity	android.content.pm.ResolveInfo::priority	934393	2b5c08: 5290 bf02                              |006b: iget v0, v9, Landroid/content/pm/ResolveInfo;.priority:I // field@02bf
/Users/bob/Documents/Codex/2026-08-03-fire-os-7-framework-amazon-fire/decompiled/baksmali/vdexExtractor/services/disassembly.log	chooseBestActivity	android.content.pm.ResolveInfo::priority	934394	2b5c0c: 5281 bf02                              |006d: iget v1, v8, Landroid/content/pm/ResolveInfo;.priority:I // field@02bf
/Users/bob/Documents/Codex/2026-08-03-fire-os-7-framework-amazon-fire/decompiled/baksmali/vdexExtractor/services/disassembly.log	chooseBestActivity	android.content.pm.ResolveInfo::priority	934405	2b5c38: 5295 bf02                              |0083: iget v5, v9, Landroid/content/pm/ResolveInfo;.priority:I // field@02bf
/Users/bob/Documents/Codex/2026-08-03-fire-os-7-framework-amazon-fire/decompiled/baksmali/vdexExtractor/services/disassembly.log	chooseBestActivity	android.content.pm.ResolveInfo::resolvePackageName	934476	2b5d3e: 5b01 c102                              |0106: iput-object v1, v0, Landroid/content/pm/ResolveInfo;.resolvePackageName:Ljava/lang/String; // field@02c1
/Users/bob/Documents/Codex/2026-08-03-fire-os-7-framework-amazon-fire/decompiled/baksmali/vdexExtractor/services/disassembly.log	chooseBestActivity	android.os.Bundle::<init>	934510	2b5dc6: 7010 fc1f 0300                         |014a: invoke-direct {v3}, Landroid/os/Bundle;.<init>:()V // method@1ffc
/Users/bob/Documents/Codex/2026-08-03-fire-os-7-framework-amazon-fire/decompiled/baksmali/vdexExtractor/services/disassembly.log	chooseBestActivity	android.os.Bundle::putBoolean	934515	2b5ddc: 6e30 1a20 320f                         |0155: invoke-virtual {v2, v3, v15}, Landroid/os/Bundle;.putBoolean:(Ljava/lang/String;Z)V // method@201a
/Users/bob/Documents/Codex/2026-08-03-fire-os-7-framework-amazon-fire/decompiled/baksmali/vdexExtractor/services/disassembly.log	chooseBestActivity	android.os.UserHandle::getAppId	934500	2b5d9e: 7110 a324 0300                         |0136: invoke-static {v3}, Landroid/os/UserHandle;.getAppId:(I)I // method@24a3
/Users/bob/Documents/Codex/2026-08-03-fire-os-7-framework-amazon-fire/decompiled/baksmali/vdexExtractor/services/disassembly.log	chooseBestActivity	android.os.UserHandle::getUid	934502	2b5da6: 7120 a924 3c00                         |013a: invoke-static {v12, v3}, Landroid/os/UserHandle;.getUid:(II)I // method@24a9
/Users/bob/Documents/Codex/2026-08-03-fire-os-7-framework-amazon-fire/decompiled/baksmali/vdexExtractor/services/disassembly.log	chooseBestActivity	android.text.TextUtils::isEmpty	934465	2b5d12: 7110 6f28 0100                         |00f0: invoke-static {v1}, Landroid/text/TextUtils;.isEmpty:(Ljava/lang/CharSequence;)Z // method@286f
/Users/bob/Documents/Codex/2026-08-03-fire-os-7-framework-amazon-fire/decompiled/baksmali/vdexExtractor/services/disassembly.log	chooseBestActivity	android.util.ArrayMap::get	934437	2b5ca6: 6e20 9328 2300                         |00ba: invoke-virtual {v3, v2}, Landroid/util/ArrayMap;.get:(Ljava/lang/Object;)Ljava/lang/Object; // method@2893
/Users/bob/Documents/Codex/2026-08-03-fire-os-7-framework-amazon-fire/decompiled/baksmali/vdexExtractor/services/disassembly.log	chooseBestActivity	android.util.Slog::v	934392	2b5c02: 7120 6e29 1000                         |0068: invoke-static {v0, v1}, Landroid/util/Slog;.v:(Ljava/lang/String;Ljava/lang/String;)I // method@296e
/Users/bob/Documents/Codex/2026-08-03-fire-os-7-framework-amazon-fire/decompiled/baksmali/vdexExtractor/services/disassembly.log	chooseBestActivity	com.android.internal.app.ResolverActivity::getLabelRes	934460	2b5cfe: 7110 fc2d 0200                         |00e6: invoke-static {v2}, Lcom/android/internal/app/ResolverActivity;.getLabelRes:(Ljava/lang/String;)I // method@2dfc
/Users/bob/Documents/Codex/2026-08-03-fire-os-7-framework-amazon-fire/decompiled/baksmali/vdexExtractor/services/disassembly.log	chooseBestActivity	com.android.server.pm.PackageManagerService::allHavePackage	934468	2b5d1e: 7030 639f ba01                         |00f6: invoke-direct {v10, v11, v1}, Lcom/android/server/pm/PackageManagerService;.allHavePackage:(Ljava/util/List;Ljava/lang/String;)Z // method@9f63
/Users/bob/Documents/Codex/2026-08-03-fire-os-7-framework-amazon-fire/decompiled/baksmali/vdexExtractor/services/disassembly.log	chooseBestActivity	com.android.server.pm.PackageManagerService::findPreferredActivity	934417	2b5c5e: 740a db9f 0000                         |0096: invoke-virtual/range {v0, v1, v2, v3, v4, v5, v6, v7, v8, v9}, Lcom/android/server/pm/PackageManagerService;.findPreferredActivity:(Landroid/content/Intent;Ljava/lang/String;ILjava/util/List;IZZZI)Landroid/content/pm/ResolveInfo; // method@9fdb
/Users/bob/Documents/Codex/2026-08-03-fire-os-7-framework-amazon-fire/decompiled/baksmali/vdexExtractor/services/disassembly.log	chooseBestActivity	com.android.server.pm.PackageManagerService::getDomainVerificationStatusLPr	934440	2b5cb2: 7030 0da0 3a0c                         |00c0: invoke-direct {v10, v3, v12}, Lcom/android/server/pm/PackageManagerService;.getDomainVerificationStatusLPr:(Lcom/android/server/pm/PackageSetting;I)J // method@a00d
/Users/bob/Documents/Codex/2026-08-03-fire-os-7-framework-amazon-fire/decompiled/baksmali/vdexExtractor/services/disassembly.log	chooseBestActivity	com.android.server.pm.PackageManagerService::mResolveInfo	934451	2b5cd6: 54a2 f64f                              |00d2: iget-object v2, v10, Lcom/android/server/pm/PackageManagerService;.mResolveInfo:Landroid/content/pm/ResolveInfo; // field@4ff6
/Users/bob/Documents/Codex/2026-08-03-fire-os-7-framework-amazon-fire/decompiled/baksmali/vdexExtractor/services/disassembly.log	chooseBestActivity	com.android.server.pm.PackageManagerService::mSettings	934435	2b5c9e: 54a3 ff4f                              |00b6: iget-object v3, v10, Lcom/android/server/pm/PackageManagerService;.mSettings:Lcom/android/server/pm/Settings; // field@4fff
/Users/bob/Documents/Codex/2026-08-03-fire-os-7-framework-amazon-fire/decompiled/baksmali/vdexExtractor/services/disassembly.log	chooseBestActivity	com.android.server.pm.PackageManagerService::userNeedsBadging	934477	2b5d42: 7020 8fa1 ca00                         |0108: invoke-direct {v10, v12}, Lcom/android/server/pm/PackageManagerService;.userNeedsBadging:(I)Z // method@a18f
/Users/bob/Documents/Codex/2026-08-03-fire-os-7-framework-amazon-fire/decompiled/baksmali/vdexExtractor/services/disassembly.log	chooseBestActivity	com.android.server.pm.Settings::mPackages	934436	2b5ca2: 5433 3051                              |00b8: iget-object v3, v3, Lcom/android/server/pm/Settings;.mPackages:Landroid/util/ArrayMap; // field@5130
/Users/bob/Documents/Codex/2026-08-03-fire-os-7-framework-amazon-fire/decompiled/baksmali/vdexExtractor/services/disassembly.log	chooseBestActivity	java.lang.StringBuilder::<init>	934373	2b5ba6: 7010 36d4 0100                         |003a: invoke-direct {v1}, Ljava/lang/StringBuilder;.<init>:()V // method@d436
/Users/bob/Documents/Codex/2026-08-03-fire-os-7-framework-amazon-fire/decompiled/baksmali/vdexExtractor/services/disassembly.log	chooseBestActivity	java.lang.StringBuilder::append	934376	2b5bb4: 6e20 41d4 2100                         |0041: invoke-virtual {v1, v2}, Ljava/lang/StringBuilder;.append:(Ljava/lang/String;)Ljava/lang/StringBuilder; // method@d441
/Users/bob/Documents/Codex/2026-08-03-fire-os-7-framework-amazon-fire/decompiled/baksmali/vdexExtractor/services/disassembly.log	chooseBestActivity	java.lang.StringBuilder::append	934378	2b5bbe: 6e20 41d4 2100                         |0046: invoke-virtual {v1, v2}, Ljava/lang/StringBuilder;.append:(Ljava/lang/String;)Ljava/lang/StringBuilder; // method@d441
/Users/bob/Documents/Codex/2026-08-03-fire-os-7-framework-amazon-fire/decompiled/baksmali/vdexExtractor/services/disassembly.log	chooseBestActivity	java.lang.StringBuilder::append	934380	2b5bc8: 6e20 3cd4 2100                         |004b: invoke-virtual {v1, v2}, Ljava/lang/StringBuilder;.append:(I)Ljava/lang/StringBuilder; // method@d43c
/Users/bob/Documents/Codex/2026-08-03-fire-os-7-framework-amazon-fire/decompiled/baksmali/vdexExtractor/services/disassembly.log	chooseBestActivity	java.lang.StringBuilder::append	934382	2b5bd2: 6e20 41d4 2100                         |0050: invoke-virtual {v1, v2}, Ljava/lang/StringBuilder;.append:(Ljava/lang/String;)Ljava/lang/StringBuilder; // method@d441
/Users/bob/Documents/Codex/2026-08-03-fire-os-7-framework-amazon-fire/decompiled/baksmali/vdexExtractor/services/disassembly.log	chooseBestActivity	java.lang.StringBuilder::append	934385	2b5be0: 6e20 41d4 2100                         |0057: invoke-virtual {v1, v2}, Ljava/lang/StringBuilder;.append:(Ljava/lang/String;)Ljava/lang/StringBuilder; // method@d441
/Users/bob/Documents/Codex/2026-08-03-fire-os-7-framework-amazon-fire/decompiled/baksmali/vdexExtractor/services/disassembly.log	chooseBestActivity	java.lang.StringBuilder::append	934387	2b5bea: 6e20 41d4 2100                         |005c: invoke-virtual {v1, v2}, Ljava/lang/StringBuilder;.append:(Ljava/lang/String;)Ljava/lang/StringBuilder; // method@d441
/Users/bob/Documents/Codex/2026-08-03-fire-os-7-framework-amazon-fire/decompiled/baksmali/vdexExtractor/services/disassembly.log	chooseBestActivity	java.lang.StringBuilder::append	934389	2b5bf4: 6e20 3cd4 2100                         |0061: invoke-virtual {v1, v2}, Ljava/lang/StringBuilder;.append:(I)Ljava/lang/StringBuilder; // method@d43c
/Users/bob/Documents/Codex/2026-08-03-fire-os-7-framework-amazon-fire/decompiled/baksmali/vdexExtractor/services/disassembly.log	chooseBestActivity	java.lang.StringBuilder::toString	934390	2b5bfa: 6e10 48d4 0100                         |0064: invoke-virtual {v1}, Ljava/lang/StringBuilder;.toString:()Ljava/lang/String; // method@d448
/Users/bob/Documents/Codex/2026-08-03-fire-os-7-framework-amazon-fire/decompiled/baksmali/vdexExtractor/services/disassembly.log	chooseBestActivity	java.util.List::get	934349	2b5b52: 7220 70d6 eb00                         |0010: invoke-interface {v11, v14}, Ljava/util/List;.get:(I)Ljava/lang/Object; // method@d670
/Users/bob/Documents/Codex/2026-08-03-fire-os-7-framework-amazon-fire/decompiled/baksmali/vdexExtractor/services/disassembly.log	chooseBestActivity	java.util.List::get	934362	2b5b7e: 7220 70d6 eb00                         |0026: invoke-interface {v11, v14}, Ljava/util/List;.get:(I)Ljava/lang/Object; // method@d670
/Users/bob/Documents/Codex/2026-08-03-fire-os-7-framework-amazon-fire/decompiled/baksmali/vdexExtractor/services/disassembly.log	chooseBestActivity	java.util.List::get	934366	2b5b8c: 7220 70d6 fb00                         |002d: invoke-interface {v11, v15}, Ljava/util/List;.get:(I)Ljava/lang/Object; // method@d670
/Users/bob/Documents/Codex/2026-08-03-fire-os-7-framework-amazon-fire/decompiled/baksmali/vdexExtractor/services/disassembly.log	chooseBestActivity	java.util.List::get	934424	2b5c74: 7220 70d6 0b00                         |00a1: invoke-interface {v11, v0}, Ljava/util/List;.get:(I)Ljava/lang/Object; // method@d670
/Users/bob/Documents/Codex/2026-08-03-fire-os-7-framework-amazon-fire/decompiled/baksmali/vdexExtractor/services/disassembly.log	chooseBestActivity	java.util.List::get	934471	2b5d2a: 7220 70d6 eb00                         |00fc: invoke-interface {v11, v14}, Ljava/util/List;.get:(I)Ljava/lang/Object; // method@d670
/Users/bob/Documents/Codex/2026-08-03-fire-os-7-framework-amazon-fire/decompiled/baksmali/vdexExtractor/services/disassembly.log	chooseBestActivity	java.util.List::get	934519	2b5dec: 7220 70d6 eb00                         |015d: invoke-interface {v11, v14}, Ljava/util/List;.get:(I)Ljava/lang/Object; // method@d670
/Users/bob/Documents/Codex/2026-08-03-fire-os-7-framework-amazon-fire/decompiled/baksmali/vdexExtractor/services/disassembly.log	chooseBestActivity	java.util.List::size	934344	2b5b42: 7801 7cd6 1700                         |0008: invoke-interface/range {v23}, Ljava/util/List;.size:()I // method@d67c
/Users/bob/Documents/Codex/2026-08-03-fire-os-7-framework-amazon-fire/decompiled/baksmali/vdexExtractor/services/disassembly.log	handleShortPressOnHome	android.service.dreams.DreamManagerInternal::isDreaming	977437	31ab88: 6e10 e726 0100                         |0024: invoke-virtual {v1}, Landroid/service/dreams/DreamManagerInternal;.isDreaming:()Z // method@26e7
/Users/bob/Documents/Codex/2026-08-03-fire-os-7-framework-amazon-fire/decompiled/baksmali/vdexExtractor/services/disassembly.log	handleShortPressOnHome	android.service.dreams.DreamManagerInternal::stopDream	977442	31ab9a: 6e20 e926 2100                         |002d: invoke-virtual {v1, v2}, Landroid/service/dreams/DreamManagerInternal;.stopDream:(Z)V // method@26e9
/Users/bob/Documents/Codex/2026-08-03-fire-os-7-framework-amazon-fire/decompiled/baksmali/vdexExtractor/services/disassembly.log	handleShortPressOnHome	com.amazon.android.keypolicymanager.KeyPolicyManager::handleShortPressOnHome	977420	31ab44: 6e10 702d 0000                         |0002: invoke-virtual {v0}, Lcom/amazon/android/keypolicymanager/KeyPolicyManager;.handleShortPressOnHome:()Z // method@2d70
/Users/bob/Documents/Codex/2026-08-03-fire-os-7-framework-amazon-fire/decompiled/baksmali/vdexExtractor/services/disassembly.log	handleShortPressOnHome	com.amazon.android.keypolicymanager.KeyPolicyManager::shouldTurnOnTv	977428	31ab62: 6e10 7b2d 0100                         |0011: invoke-virtual {v1}, Lcom/amazon/android/keypolicymanager/KeyPolicyManager;.shouldTurnOnTv:()Z // method@2d7b
/Users/bob/Documents/Codex/2026-08-03-fire-os-7-framework-amazon-fire/decompiled/baksmali/vdexExtractor/services/disassembly.log	handleShortPressOnHome	com.android.server.policy.PhoneWindowManager$HdmiControl::turnOnTv	977433	31ab76: 6e10 3bab 0100                         |001b: invoke-virtual {v1}, Lcom/android/server/policy/PhoneWindowManager$HdmiControl;.turnOnTv:()V // method@ab3b
/Users/bob/Documents/Codex/2026-08-03-fire-os-7-framework-amazon-fire/decompiled/baksmali/vdexExtractor/services/disassembly.log	handleShortPressOnHome	com.android.server.policy.PhoneWindowManager::getHdmiControl	977424	31ab52: 7010 ceab 0300                         |0009: invoke-direct {v3}, Lcom/android/server/policy/PhoneWindowManager;.getHdmiControl:()Lcom/android/server/policy/PhoneWindowManager$HdmiControl; // method@abce
/Users/bob/Documents/Codex/2026-08-03-fire-os-7-framework-amazon-fire/decompiled/baksmali/vdexExtractor/services/disassembly.log	handleShortPressOnHome	com.android.server.policy.PhoneWindowManager::getHdmiControl	977431	31ab6e: 7010 ceab 0300                         |0017: invoke-direct {v3}, Lcom/android/server/policy/PhoneWindowManager;.getHdmiControl:()Lcom/android/server/policy/PhoneWindowManager$HdmiControl; // method@abce
/Users/bob/Documents/Codex/2026-08-03-fire-os-7-framework-amazon-fire/decompiled/baksmali/vdexExtractor/services/disassembly.log	handleShortPressOnHome	com.android.server.policy.PhoneWindowManager::launchHomeFromHotKey	977444	31aba2: 6e10 33ac 0300                         |0031: invoke-virtual {v3}, Lcom/android/server/policy/PhoneWindowManager;.launchHomeFromHotKey:()V // method@ac33
/Users/bob/Documents/Codex/2026-08-03-fire-os-7-framework-amazon-fire/decompiled/baksmali/vdexExtractor/services/disassembly.log	handleShortPressOnHome	com.android.server.policy.PhoneWindowManager::mDreamManagerInternal	977434	31ab7c: 5431 5355                              |001e: iget-object v1, v3, Lcom/android/server/policy/PhoneWindowManager;.mDreamManagerInternal:Landroid/service/dreams/DreamManagerInternal; // field@5553
/Users/bob/Documents/Codex/2026-08-03-fire-os-7-framework-amazon-fire/decompiled/baksmali/vdexExtractor/services/disassembly.log	handleShortPressOnHome	com.android.server.policy.PhoneWindowManager::mDreamManagerInternal	977436	31ab84: 5431 5355                              |0022: iget-object v1, v3, Lcom/android/server/policy/PhoneWindowManager;.mDreamManagerInternal:Landroid/service/dreams/DreamManagerInternal; // field@5553
/Users/bob/Documents/Codex/2026-08-03-fire-os-7-framework-amazon-fire/decompiled/baksmali/vdexExtractor/services/disassembly.log	handleShortPressOnHome	com.android.server.policy.PhoneWindowManager::mDreamManagerInternal	977440	31ab94: 5431 5355                              |002a: iget-object v1, v3, Lcom/android/server/policy/PhoneWindowManager;.mDreamManagerInternal:Landroid/service/dreams/DreamManagerInternal; // field@5553
/Users/bob/Documents/Codex/2026-08-03-fire-os-7-framework-amazon-fire/decompiled/baksmali/vdexExtractor/services/disassembly.log	handleShortPressOnHome	com.android.server.policy.PhoneWindowManager::mKeyPolicyManager	977419	31ab40: 5430 8555                              |0000: iget-object v0, v3, Lcom/android/server/policy/PhoneWindowManager;.mKeyPolicyManager:Lcom/amazon/android/keypolicymanager/KeyPolicyManager; // field@5585
/Users/bob/Documents/Codex/2026-08-03-fire-os-7-framework-amazon-fire/decompiled/baksmali/vdexExtractor/services/disassembly.log	handleShortPressOnHome	com.android.server.policy.PhoneWindowManager::mKeyPolicyManager	977427	31ab5e: 5431 8555                              |000f: iget-object v1, v3, Lcom/android/server/policy/PhoneWindowManager;.mKeyPolicyManager:Lcom/amazon/android/keypolicymanager/KeyPolicyManager; // field@5585
/Users/bob/Documents/Codex/2026-08-03-fire-os-7-framework-amazon-fire/decompiled/baksmali/vdexExtractor/services/disassembly.log	interceptKeyBeforeDispatching	com.android.server.policy.PhoneWindowManager::handleShortPressOnHome	984304	317fee: 7601 f0ab 1f00                         |014b: invoke-direct/range {v31}, Lcom/android/server/policy/PhoneWindowManager;.handleShortPressOnHome:()V // method@abf0
/Users/bob/Documents/Codex/2026-08-03-fire-os-7-framework-amazon-fire/decompiled/baksmali/vdexExtractor/services/disassembly.log	isPackageDataProtected	com.android.server.pm.ProtectedPackages::isProtectedPackage	505822	2e1554: 7020 53a3 3100                         |0006: invoke-direct {v1, v3}, Lcom/android/server/pm/ProtectedPackages;.isProtectedPackage:(Ljava/lang/String;)Z // method@a353
/Users/bob/Documents/Codex/2026-08-03-fire-os-7-framework-amazon-fire/decompiled/baksmali/vdexExtractor/services/disassembly.log	isPackageStateProtected	com.android.server.pm.ProtectedPackages::isProtectedPackage	505837	2e157a: 7020 53a3 3100                         |0006: invoke-direct {v1, v3}, Lcom/android/server/pm/ProtectedPackages;.isProtectedPackage:(Ljava/lang/String;)Z // method@a353
/Users/bob/Documents/Codex/2026-08-03-fire-os-7-framework-amazon-fire/decompiled/baksmali/vdexExtractor/services/disassembly.log	isProtectedPackage	android.os.Binder::getCallingUid	505782	2e15ae: 7100 f11f 0000                         |000d: invoke-static {}, Landroid/os/Binder;.getCallingUid:()I // method@1ff1
/Users/bob/Documents/Codex/2026-08-03-fire-os-7-framework-amazon-fire/decompiled/baksmali/vdexExtractor/services/disassembly.log	isProtectedPackage	com.android.server.pm.ProtectedPackages::mContext	505784	2e15b6: 5432 ac50                              |0011: iget-object v2, v3, Lcom/android/server/pm/ProtectedPackages;.mContext:Landroid/content/Context; // field@50ac
/Users/bob/Documents/Codex/2026-08-03-fire-os-7-framework-amazon-fire/decompiled/baksmali/vdexExtractor/services/disassembly.log	isProtectedPackage	com.android.server.pm.ProtectedPackages::mDeviceProvisioningPackage	505777	2e159a: 5430 af50                              |0003: iget-object v0, v3, Lcom/android/server/pm/ProtectedPackages;.mDeviceProvisioningPackage:Ljava/lang/String; // field@50af
/Users/bob/Documents/Codex/2026-08-03-fire-os-7-framework-amazon-fire/decompiled/baksmali/vdexExtractor/services/disassembly.log	isProtectedPackage	com.android.server.pm.ProtectedPackages::sVendorCallbacks	505781	2e15aa: 5430 b150                              |000b: iget-object v0, v3, Lcom/android/server/pm/ProtectedPackages;.sVendorCallbacks:[Lcom/android/server/pm/VendorProtectedPackagesCallback; // field@50b1
/Users/bob/Documents/Codex/2026-08-03-fire-os-7-framework-amazon-fire/decompiled/baksmali/vdexExtractor/services/disassembly.log	isProtectedPackage	com.android.server.pm.VendorProtectedPackagesCallback::callShouldProtectPackage	505785	2e15ba: 7140 d5a7 1024                         |0013: invoke-static {v0, v1, v4, v2}, Lcom/android/server/pm/VendorProtectedPackagesCallback;.callShouldProtectPackage:([Lcom/android/server/pm/VendorProtectedPackagesCallback;ILjava/lang/String;Landroid/content/Context;)Z // method@a7d5
/Users/bob/Documents/Codex/2026-08-03-fire-os-7-framework-amazon-fire/decompiled/baksmali/vdexExtractor/services/disassembly.log	isProtectedPackage	java.lang.String::equals	505778	2e159e: 6e20 ffd3 0400                         |0005: invoke-virtual {v4, v0}, Ljava/lang/String;.equals:(Ljava/lang/Object;)Z // method@d3ff
/Users/bob/Documents/Codex/2026-08-03-fire-os-7-framework-amazon-fire/decompiled/baksmali/vdexExtractor/services/disassembly.log	lambda$onDismissSucceeded$0	com.android.server.policy.PhoneWindowManager::startDockOrHome	556718	3124d0: 6e30 91ac 1003                         |0003: invoke-virtual {v0, v1, v3}, Lcom/android/server/policy/PhoneWindowManager;.startDockOrHome:(ZZ)V // method@ac91
/Users/bob/Documents/Codex/2026-08-03-fire-os-7-framework-amazon-fire/decompiled/baksmali/vdexExtractor/services/disassembly.log	launchHomeFromHotKey	com.android.server.policy.PhoneWindowManager::startDockOrHome	985880	31bfa2: 6e30 91ac 1304                         |005f: invoke-virtual {v3, v1, v4}, Lcom/android/server/policy/PhoneWindowManager;.startDockOrHome:(ZZ)V // method@ac91
/Users/bob/Documents/Codex/2026-08-03-fire-os-7-framework-amazon-fire/decompiled/baksmali/vdexExtractor/services/disassembly.log	onCommand	com.android.server.pm.PackageManagerShellCommand::runSetEnabledSetting	502344	2d8aec: 7020 30a2 7800                         |0366: invoke-direct {v8, v7}, Lcom/android/server/pm/PackageManagerShellCommand;.runSetEnabledSetting:(I)I // method@a230
/Users/bob/Documents/Codex/2026-08-03-fire-os-7-framework-amazon-fire/decompiled/baksmali/vdexExtractor/services/disassembly.log	onCommand	com.android.server.pm.PackageManagerShellCommand::runSetEnabledSetting	502347	2d8af6: 7020 30a2 5800                         |036b: invoke-direct {v8, v5}, Lcom/android/server/pm/PackageManagerShellCommand;.runSetEnabledSetting:(I)I // method@a230
/Users/bob/Documents/Codex/2026-08-03-fire-os-7-framework-amazon-fire/decompiled/baksmali/vdexExtractor/services/disassembly.log	onCommand	com.android.server.pm.PackageManagerShellCommand::runSetEnabledSetting	502350	2d8b00: 7020 30a2 3800                         |0370: invoke-direct {v8, v3}, Lcom/android/server/pm/PackageManagerShellCommand;.runSetEnabledSetting:(I)I // method@a230
/Users/bob/Documents/Codex/2026-08-03-fire-os-7-framework-amazon-fire/decompiled/baksmali/vdexExtractor/services/disassembly.log	onCommand	com.android.server.pm.PackageManagerShellCommand::runSetEnabledSetting	502353	2d8b0a: 7020 30a2 4800                         |0375: invoke-direct {v8, v4}, Lcom/android/server/pm/PackageManagerShellCommand;.runSetEnabledSetting:(I)I // method@a230
/Users/bob/Documents/Codex/2026-08-03-fire-os-7-framework-amazon-fire/decompiled/baksmali/vdexExtractor/services/disassembly.log	onCommand	com.android.server.pm.PackageManagerShellCommand::runSetEnabledSetting	502356	2d8b14: 7020 30a2 6800                         |037a: invoke-direct {v8, v6}, Lcom/android/server/pm/PackageManagerShellCommand;.runSetEnabledSetting:(I)I // method@a230
/Users/bob/Documents/Codex/2026-08-03-fire-os-7-framework-amazon-fire/decompiled/baksmali/vdexExtractor/services/disassembly.log	onKeyguardExitResult	com.android.server.policy.PhoneWindowManager::startDockOrHome	975434	312520: 6e30 91ac 1002                         |0007: invoke-virtual {v0, v1, v2}, Lcom/android/server/policy/PhoneWindowManager;.startDockOrHome:(ZZ)V // method@ac91
/Users/bob/Documents/Codex/2026-08-03-fire-os-7-framework-amazon-fire/decompiled/baksmali/vdexExtractor/services/disassembly.log	resolveIntentInternal	com.android.server.pm.PackageManagerService::chooseBestActivity	951309	2b6b9a: 7606 899f 0300                         |005c: invoke-direct/range {v3, v4, v5, v6, v7, v8}, Lcom/android/server/pm/PackageManagerService;.chooseBestActivity:(Landroid/content/Intent;Ljava/lang/String;ILjava/util/List;I)Landroid/content/pm/ResolveInfo; // method@9f89
/Users/bob/Documents/Codex/2026-08-03-fire-os-7-framework-amazon-fire/decompiled/baksmali/vdexExtractor/services/disassembly.log	runSetEnabledSetting	android.content.ComponentName::toShortString	500772	2dbbe4: 6e10 b005 0900                         |008c: invoke-virtual {v9}, Landroid/content/ComponentName;.toShortString:()Ljava/lang/String; // method@05b0
/Users/bob/Documents/Codex/2026-08-03-fire-os-7-framework-amazon-fire/decompiled/baksmali/vdexExtractor/services/disassembly.log	runSetEnabledSetting	android.content.ComponentName::unflattenFromString	500726	2dbb1c: 7110 b205 0800                         |0028: invoke-static {v8}, Landroid/content/ComponentName;.unflattenFromString:(Ljava/lang/String;)Landroid/content/ComponentName; // method@05b2
/Users/bob/Documents/Codex/2026-08-03-fire-os-7-framework-amazon-fire/decompiled/baksmali/vdexExtractor/services/disassembly.log	runSetEnabledSetting	android.content.pm.IPackageManager::getApplicationEnabledSetting	500755	2dbb98: 7230 8507 8400                         |0066: invoke-interface {v4, v8, v0}, Landroid/content/pm/IPackageManager;.getApplicationEnabledSetting:(Ljava/lang/String;I)I // method@0785
/Users/bob/Documents/Codex/2026-08-03-fire-os-7-framework-amazon-fire/decompiled/baksmali/vdexExtractor/services/disassembly.log	runSetEnabledSetting	android.content.pm.IPackageManager::getComponentEnabledSetting	500778	2dbc00: 7230 8a07 9400                         |009a: invoke-interface {v4, v9, v0}, Landroid/content/pm/IPackageManager;.getComponentEnabledSetting:(Landroid/content/ComponentName;I)I // method@078a
/Users/bob/Documents/Codex/2026-08-03-fire-os-7-framework-amazon-fire/decompiled/baksmali/vdexExtractor/services/disassembly.log	runSetEnabledSetting	android.content.pm.IPackageManager::setApplicationEnabledSetting	500744	2dbb62: 7806 be07 0200                         |004b: invoke-interface/range {v2, v3, v4, v5, v6, v7}, Landroid/content/pm/IPackageManager;.setApplicationEnabledSetting:(Ljava/lang/String;IIILjava/lang/String;)V // method@07be
/Users/bob/Documents/Codex/2026-08-03-fire-os-7-framework-amazon-fire/decompiled/baksmali/vdexExtractor/services/disassembly.log	runSetEnabledSetting	android.content.pm.IPackageManager::setComponentEnabledSetting	500765	2dbbc2: 7250 c107 92ac                         |007b: invoke-interface {v2, v9, v12, v10, v0}, Landroid/content/pm/IPackageManager;.setComponentEnabledSetting:(Landroid/content/ComponentName;III)V // method@07c1
/Users/bob/Documents/Codex/2026-08-03-fire-os-7-framework-amazon-fire/decompiled/baksmali/vdexExtractor/services/disassembly.log	runSetEnabledSetting	android.os.Process::myUid	500736	2dbb46: 7100 1424 0000                         |003d: invoke-static {}, Landroid/os/Process;.myUid:()I // method@2414
/Users/bob/Documents/Codex/2026-08-03-fire-os-7-framework-amazon-fire/decompiled/baksmali/vdexExtractor/services/disassembly.log	runSetEnabledSetting	android.os.UserHandle::parseUserArg	500715	2dbaf2: 7110 b624 0200                         |0013: invoke-static {v2}, Landroid/os/UserHandle;.parseUserArg:(Ljava/lang/String;)I // method@24b6
/Users/bob/Documents/Codex/2026-08-03-fire-os-7-framework-amazon-fire/decompiled/baksmali/vdexExtractor/services/disassembly.log	runSetEnabledSetting	com.android.server.pm.PackageManagerShellCommand::enabledSettingToString	500757	2dbba0: 7110 eca1 0400                         |006a: invoke-static {v4}, Lcom/android/server/pm/PackageManagerShellCommand;.enabledSettingToString:(I)Ljava/lang/String; // method@a1ec
/Users/bob/Documents/Codex/2026-08-03-fire-os-7-framework-amazon-fire/decompiled/baksmali/vdexExtractor/services/disassembly.log	runSetEnabledSetting	com.android.server.pm.PackageManagerShellCommand::enabledSettingToString	500780	2dbc08: 7110 eca1 0400                         |009e: invoke-static {v4}, Lcom/android/server/pm/PackageManagerShellCommand;.enabledSettingToString:(I)Ljava/lang/String; // method@a1ec
/Users/bob/Documents/Codex/2026-08-03-fire-os-7-framework-amazon-fire/decompiled/baksmali/vdexExtractor/services/disassembly.log	runSetEnabledSetting	com.android.server.pm.PackageManagerShellCommand::getErrPrintWriter	500720	2dbb06: 6e10 efa1 0b00                         |001d: invoke-virtual {v11}, Lcom/android/server/pm/PackageManagerShellCommand;.getErrPrintWriter:()Ljava/io/PrintWriter; // method@a1ef
/Users/bob/Documents/Codex/2026-08-03-fire-os-7-framework-amazon-fire/decompiled/baksmali/vdexExtractor/services/disassembly.log	runSetEnabledSetting	com.android.server.pm.PackageManagerShellCommand::getNextArg	500717	2dbafa: 6e10 f1a1 0b00                         |0017: invoke-virtual {v11}, Lcom/android/server/pm/PackageManagerShellCommand;.getNextArg:()Ljava/lang/String; // method@a1f1
/Users/bob/Documents/Codex/2026-08-03-fire-os-7-framework-amazon-fire/decompiled/baksmali/vdexExtractor/services/disassembly.log	runSetEnabledSetting	com.android.server.pm.PackageManagerShellCommand::getNextArgRequired	500713	2dbaea: 6e10 f2a1 0b00                         |000f: invoke-virtual {v11}, Lcom/android/server/pm/PackageManagerShellCommand;.getNextArgRequired:()Ljava/lang/String; // method@a1f2
/Users/bob/Documents/Codex/2026-08-03-fire-os-7-framework-amazon-fire/decompiled/baksmali/vdexExtractor/services/disassembly.log	runSetEnabledSetting	com.android.server.pm.PackageManagerShellCommand::getNextOption	500706	2dbace: 6e10 f3a1 0b00                         |0001: invoke-virtual {v11}, Lcom/android/server/pm/PackageManagerShellCommand;.getNextOption:()Ljava/lang/String; // method@a1f3
/Users/bob/Documents/Codex/2026-08-03-fire-os-7-framework-amazon-fire/decompiled/baksmali/vdexExtractor/services/disassembly.log	runSetEnabledSetting	com.android.server.pm.PackageManagerShellCommand::getOutPrintWriter	500745	2dbb68: 6e10 f5a1 0b00                         |004e: invoke-virtual {v11}, Lcom/android/server/pm/PackageManagerShellCommand;.getOutPrintWriter:()Ljava/io/PrintWriter; // method@a1f5
/Users/bob/Documents/Codex/2026-08-03-fire-os-7-framework-amazon-fire/decompiled/baksmali/vdexExtractor/services/disassembly.log	runSetEnabledSetting	com.android.server.pm.PackageManagerShellCommand::getOutPrintWriter	500766	2dbbc8: 6e10 f5a1 0b00                         |007e: invoke-virtual {v11}, Lcom/android/server/pm/PackageManagerShellCommand;.getOutPrintWriter:()Ljava/io/PrintWriter; // method@a1f5
/Users/bob/Documents/Codex/2026-08-03-fire-os-7-framework-amazon-fire/decompiled/baksmali/vdexExtractor/services/disassembly.log	runSetEnabledSetting	com.android.server.pm.PackageManagerShellCommand::mInterface	500730	2dbb2a: 54b2 2a50                              |002f: iget-object v2, v11, Lcom/android/server/pm/PackageManagerShellCommand;.mInterface:Landroid/content/pm/IPackageManager; // field@502a
/Users/bob/Documents/Codex/2026-08-03-fire-os-7-framework-amazon-fire/decompiled/baksmali/vdexExtractor/services/disassembly.log	runSetEnabledSetting	com.android.server.pm.PackageManagerShellCommand::mInterface	500754	2dbb94: 54b4 2a50                              |0064: iget-object v4, v11, Lcom/android/server/pm/PackageManagerShellCommand;.mInterface:Landroid/content/pm/IPackageManager; // field@502a
/Users/bob/Documents/Codex/2026-08-03-fire-os-7-framework-amazon-fire/decompiled/baksmali/vdexExtractor/services/disassembly.log	runSetEnabledSetting	com.android.server.pm.PackageManagerShellCommand::mInterface	500764	2dbbbe: 54b2 2a50                              |0079: iget-object v2, v11, Lcom/android/server/pm/PackageManagerShellCommand;.mInterface:Landroid/content/pm/IPackageManager; // field@502a
/Users/bob/Documents/Codex/2026-08-03-fire-os-7-framework-amazon-fire/decompiled/baksmali/vdexExtractor/services/disassembly.log	runSetEnabledSetting	com.android.server.pm.PackageManagerShellCommand::mInterface	500777	2dbbfc: 54b4 2a50                              |0098: iget-object v4, v11, Lcom/android/server/pm/PackageManagerShellCommand;.mInterface:Landroid/content/pm/IPackageManager; // field@502a
/Users/bob/Documents/Codex/2026-08-03-fire-os-7-framework-amazon-fire/decompiled/baksmali/vdexExtractor/services/disassembly.log	runSetEnabledSetting	java.io.PrintWriter::println	500723	2dbb12: 6e20 18d3 3200                         |0023: invoke-virtual {v2, v3}, Ljava/io/PrintWriter;.println:(Ljava/lang/String;)V // method@d318
/Users/bob/Documents/Codex/2026-08-03-fire-os-7-framework-amazon-fire/decompiled/baksmali/vdexExtractor/services/disassembly.log	runSetEnabledSetting	java.io.PrintWriter::println	500762	2dbbb6: 6e20 18d3 3200                         |0075: invoke-virtual {v2, v3}, Ljava/io/PrintWriter;.println:(Ljava/lang/String;)V // method@d318
/Users/bob/Documents/Codex/2026-08-03-fire-os-7-framework-amazon-fire/decompiled/baksmali/vdexExtractor/services/disassembly.log	runSetEnabledSetting	java.io.PrintWriter::println	500785	2dbc1e: 6e20 18d3 3200                         |00a9: invoke-virtual {v2, v3}, Ljava/io/PrintWriter;.println:(Ljava/lang/String;)V // method@d318
/Users/bob/Documents/Codex/2026-08-03-fire-os-7-framework-amazon-fire/decompiled/baksmali/vdexExtractor/services/disassembly.log	runSetEnabledSetting	java.lang.String::equals	500710	2dbade: 6e20 ffd3 2100                         |0009: invoke-virtual {v1, v2}, Ljava/lang/String;.equals:(Ljava/lang/Object;)Z // method@d3ff
/Users/bob/Documents/Codex/2026-08-03-fire-os-7-framework-amazon-fire/decompiled/baksmali/vdexExtractor/services/disassembly.log	runSetEnabledSetting	java.lang.StringBuilder::<init>	500733	2dbb34: 7010 36d4 0300                         |0034: invoke-direct {v3}, Ljava/lang/StringBuilder;.<init>:()V // method@d436
/Users/bob/Documents/Codex/2026-08-03-fire-os-7-framework-amazon-fire/decompiled/baksmali/vdexExtractor/services/disassembly.log	runSetEnabledSetting	java.lang.StringBuilder::<init>	500748	2dbb74: 7010 36d4 0300                         |0054: invoke-direct {v3}, Ljava/lang/StringBuilder;.<init>:()V // method@d436
/Users/bob/Documents/Codex/2026-08-03-fire-os-7-framework-amazon-fire/decompiled/baksmali/vdexExtractor/services/disassembly.log	runSetEnabledSetting	java.lang.StringBuilder::<init>	500769	2dbbd4: 7010 36d4 0300                         |0084: invoke-direct {v3}, Ljava/lang/StringBuilder;.<init>:()V // method@d436
/Users/bob/Documents/Codex/2026-08-03-fire-os-7-framework-amazon-fire/decompiled/baksmali/vdexExtractor/services/disassembly.log	runSetEnabledSetting	java.lang.StringBuilder::append	500735	2dbb40: 6e20 41d4 4300                         |003a: invoke-virtual {v3, v4}, Ljava/lang/StringBuilder;.append:(Ljava/lang/String;)Ljava/lang/StringBuilder; // method@d441
/Users/bob/Documents/Codex/2026-08-03-fire-os-7-framework-amazon-fire/decompiled/baksmali/vdexExtractor/services/disassembly.log	runSetEnabledSetting	java.lang.StringBuilder::append	500738	2dbb4e: 6e20 3cd4 4300                         |0041: invoke-virtual {v3, v4}, Ljava/lang/StringBuilder;.append:(I)Ljava/lang/StringBuilder; // method@d43c
/Users/bob/Documents/Codex/2026-08-03-fire-os-7-framework-amazon-fire/decompiled/baksmali/vdexExtractor/services/disassembly.log	runSetEnabledSetting	java.lang.StringBuilder::append	500750	2dbb7e: 6e20 41d4 4300                         |0059: invoke-virtual {v3, v4}, Ljava/lang/StringBuilder;.append:(Ljava/lang/String;)Ljava/lang/StringBuilder; // method@d441
/Users/bob/Documents/Codex/2026-08-03-fire-os-7-framework-amazon-fire/decompiled/baksmali/vdexExtractor/services/disassembly.log	runSetEnabledSetting	java.lang.StringBuilder::append	500751	2dbb84: 6e20 41d4 8300                         |005c: invoke-virtual {v3, v8}, Ljava/lang/StringBuilder;.append:(Ljava/lang/String;)Ljava/lang/StringBuilder; // method@d441
/Users/bob/Documents/Codex/2026-08-03-fire-os-7-framework-amazon-fire/decompiled/baksmali/vdexExtractor/services/disassembly.log	runSetEnabledSetting	java.lang.StringBuilder::append	500753	2dbb8e: 6e20 41d4 4300                         |0061: invoke-virtual {v3, v4}, Ljava/lang/StringBuilder;.append:(Ljava/lang/String;)Ljava/lang/StringBuilder; // method@d441
/Users/bob/Documents/Codex/2026-08-03-fire-os-7-framework-amazon-fire/decompiled/baksmali/vdexExtractor/services/disassembly.log	runSetEnabledSetting	java.lang.StringBuilder::append	500759	2dbba8: 6e20 41d4 4300                         |006e: invoke-virtual {v3, v4}, Ljava/lang/StringBuilder;.append:(Ljava/lang/String;)Ljava/lang/StringBuilder; // method@d441
/Users/bob/Documents/Codex/2026-08-03-fire-os-7-framework-amazon-fire/decompiled/baksmali/vdexExtractor/services/disassembly.log	runSetEnabledSetting	java.lang.StringBuilder::append	500771	2dbbde: 6e20 41d4 4300                         |0089: invoke-virtual {v3, v4}, Ljava/lang/StringBuilder;.append:(Ljava/lang/String;)Ljava/lang/StringBuilder; // method@d441
/Users/bob/Documents/Codex/2026-08-03-fire-os-7-framework-amazon-fire/decompiled/baksmali/vdexExtractor/services/disassembly.log	runSetEnabledSetting	java.lang.StringBuilder::append	500774	2dbbec: 6e20 41d4 4300                         |0090: invoke-virtual {v3, v4}, Ljava/lang/StringBuilder;.append:(Ljava/lang/String;)Ljava/lang/StringBuilder; // method@d441
/Users/bob/Documents/Codex/2026-08-03-fire-os-7-framework-amazon-fire/decompiled/baksmali/vdexExtractor/services/disassembly.log	runSetEnabledSetting	java.lang.StringBuilder::append	500776	2dbbf6: 6e20 41d4 4300                         |0095: invoke-virtual {v3, v4}, Ljava/lang/StringBuilder;.append:(Ljava/lang/String;)Ljava/lang/StringBuilder; // method@d441
/Users/bob/Documents/Codex/2026-08-03-fire-os-7-framework-amazon-fire/decompiled/baksmali/vdexExtractor/services/disassembly.log	runSetEnabledSetting	java.lang.StringBuilder::append	500782	2dbc10: 6e20 41d4 4300                         |00a2: invoke-virtual {v3, v4}, Ljava/lang/StringBuilder;.append:(Ljava/lang/String;)Ljava/lang/StringBuilder; // method@d441
/Users/bob/Documents/Codex/2026-08-03-fire-os-7-framework-amazon-fire/decompiled/baksmali/vdexExtractor/services/disassembly.log	runSetEnabledSetting	java.lang.StringBuilder::toString	500739	2dbb54: 6e10 48d4 0300                         |0044: invoke-virtual {v3}, Ljava/lang/StringBuilder;.toString:()Ljava/lang/String; // method@d448
/Users/bob/Documents/Codex/2026-08-03-fire-os-7-framework-amazon-fire/decompiled/baksmali/vdexExtractor/services/disassembly.log	runSetEnabledSetting	java.lang.StringBuilder::toString	500760	2dbbae: 6e10 48d4 0300                         |0071: invoke-virtual {v3}, Ljava/lang/StringBuilder;.toString:()Ljava/lang/String; // method@d448
/Users/bob/Documents/Codex/2026-08-03-fire-os-7-framework-amazon-fire/decompiled/baksmali/vdexExtractor/services/disassembly.log	runSetEnabledSetting	java.lang.StringBuilder::toString	500783	2dbc16: 6e10 48d4 0300                         |00a5: invoke-virtual {v3}, Ljava/lang/StringBuilder;.toString:()Ljava/lang/String; // method@d448
/Users/bob/Documents/Codex/2026-08-03-fire-os-7-framework-amazon-fire/decompiled/baksmali/vdexExtractor/services/disassembly.log	setApplicationEnabledSetting	com.android.server.pm.PackageManagerService::setEnabledSetting	966610	2d4080: 7607 5ea1 0000                         |001a: invoke-direct/range {v0, v1, v2, v3, v4, v5, v6}, Lcom/android/server/pm/PackageManagerService;.setEnabledSetting:(Ljava/lang/String;Ljava/lang/String;IIILjava/lang/String;)V // method@a15e
/Users/bob/Documents/Codex/2026-08-03-fire-os-7-framework-amazon-fire/decompiled/baksmali/vdexExtractor/services/disassembly.log	setComponentEnabledSetting	com.android.server.pm.PackageManagerService::setEnabledSetting	966848	2d4320: 7607 5ea1 0100                         |0016: invoke-direct/range {v1, v2, v3, v4, v5, v6, v7}, Lcom/android/server/pm/PackageManagerService;.setEnabledSetting:(Ljava/lang/String;Ljava/lang/String;IIILjava/lang/String;)V // method@a15e
/Users/bob/Documents/Codex/2026-08-03-fire-os-7-framework-amazon-fire/decompiled/baksmali/vdexExtractor/services/disassembly.log	setEnabledSetting	android.content.Context::checkCallingOrSelfPermission	953414	2d43ac: 6e20 da05 2100                         |003e: invoke-virtual {v1, v2}, Landroid/content/Context;.checkCallingOrSelfPermission:(Ljava/lang/String;)I // method@05da
/Users/bob/Documents/Codex/2026-08-03-fire-os-7-framework-amazon-fire/decompiled/baksmali/vdexExtractor/services/disassembly.log	setEnabledSetting	android.content.pm.ApplicationInfo::targetSdkVersion	954217	2d4ed4: 5244 8a01                              |05d2: iget v4, v4, Landroid/content/pm/ApplicationInfo;.targetSdkVersion:I // field@018a
/Users/bob/Documents/Codex/2026-08-03-fire-os-7-framework-amazon-fire/decompiled/baksmali/vdexExtractor/services/disassembly.log	setEnabledSetting	android.content.pm.PackageParser$Package::applicationInfo	954216	2d4ed0: 5424 1402                              |05d0: iget-object v4, v2, Landroid/content/pm/PackageParser$Package;.applicationInfo:Landroid/content/pm/ApplicationInfo; // field@0214
/Users/bob/Documents/Codex/2026-08-03-fire-os-7-framework-amazon-fire/decompiled/baksmali/vdexExtractor/services/disassembly.log	setEnabledSetting	android.content.pm.PackageParser$Package::baseCodePath	953767	2d490e: 5403 1502                              |02ef: iget-object v3, v0, Landroid/content/pm/PackageParser$Package;.baseCodePath:Ljava/lang/String; // field@0215
/Users/bob/Documents/Codex/2026-08-03-fire-os-7-framework-amazon-fire/decompiled/baksmali/vdexExtractor/services/disassembly.log	setEnabledSetting	android.content.pm.PackageParser$Package::codePath	953860	2d4a4a: 54f2 1802                              |038d: iget-object v2, v15, Landroid/content/pm/PackageParser$Package;.codePath:Ljava/lang/String; // field@0218
/Users/bob/Documents/Codex/2026-08-03-fire-os-7-framework-amazon-fire/decompiled/baksmali/vdexExtractor/services/disassembly.log	setEnabledSetting	android.content.pm.PackageParser$Package::hasComponentClassName	954071	2d4cce: 6e20 bf08 a200                         |04cf: invoke-virtual {v2, v10}, Landroid/content/pm/PackageParser$Package;.hasComponentClassName:(Ljava/lang/String;)Z // method@08bf
/Users/bob/Documents/Codex/2026-08-03-fire-os-7-framework-amazon-fire/decompiled/baksmali/vdexExtractor/services/disassembly.log	setEnabledSetting	android.content.pm.PackageParser$Package::isStub	953637	2d4742: 5570 1c02                              |0209: iget-boolean v0, v7, Landroid/content/pm/PackageParser$Package;.isStub:Z // field@021c
/Users/bob/Documents/Codex/2026-08-03-fire-os-7-framework-amazon-fire/decompiled/baksmali/vdexExtractor/services/disassembly.log	setEnabledSetting	android.content.pm.PackageParser$Package::isSystem	953639	2d474a: 6e10 c708 0700                         |020d: invoke-virtual {v7}, Landroid/content/pm/PackageParser$Package;.isSystem:()Z // method@08c7
/Users/bob/Documents/Codex/2026-08-03-fire-os-7-framework-amazon-fire/decompiled/baksmali/vdexExtractor/services/disassembly.log	setEnabledSetting	android.content.pm.PackageParser$Package::packageName	953695	2d4818: 5470 3002                              |0274: iget-object v0, v7, Landroid/content/pm/PackageParser$Package;.packageName:Ljava/lang/String; // field@0230
/Users/bob/Documents/Codex/2026-08-03-fire-os-7-framework-amazon-fire/decompiled/baksmali/vdexExtractor/services/disassembly.log	setEnabledSetting	android.content.pm.PackageParser$Package::packageName	953741	2d48b8: 5472 3002                              |02c4: iget-object v2, v7, Landroid/content/pm/PackageParser$Package;.packageName:Ljava/lang/String; // field@0230
/Users/bob/Documents/Codex/2026-08-03-fire-os-7-framework-amazon-fire/decompiled/baksmali/vdexExtractor/services/disassembly.log	setEnabledSetting	android.content.pm.PackageParser$Package::packageName	953766	2d490a: 5402 3002                              |02ed: iget-object v2, v0, Landroid/content/pm/PackageParser$Package;.packageName:Ljava/lang/String; // field@0230
/Users/bob/Documents/Codex/2026-08-03-fire-os-7-framework-amazon-fire/decompiled/baksmali/vdexExtractor/services/disassembly.log	setEnabledSetting	android.content.pm.PackageParser$Package::packageName	953849	2d4a26: 54f0 3002                              |037b: iget-object v0, v15, Landroid/content/pm/PackageParser$Package;.packageName:Ljava/lang/String; // field@0230
/Users/bob/Documents/Codex/2026-08-03-fire-os-7-framework-amazon-fire/decompiled/baksmali/vdexExtractor/services/disassembly.log	setEnabledSetting	android.content.pm.PackageParser$Package::packageName	953881	2d4a92: 54f2 3002                              |03b1: iget-object v2, v15, Landroid/content/pm/PackageParser$Package;.packageName:Ljava/lang/String; // field@0230
/Users/bob/Documents/Codex/2026-08-03-fire-os-7-framework-amazon-fire/decompiled/baksmali/vdexExtractor/services/disassembly.log	setEnabledSetting	android.content.pm.PackageParser$Package::packageName	953945	2d4b42: 54f3 3002                              |0409: iget-object v3, v15, Landroid/content/pm/PackageParser$Package;.packageName:Ljava/lang/String; // field@0230
/Users/bob/Documents/Codex/2026-08-03-fire-os-7-framework-amazon-fire/decompiled/baksmali/vdexExtractor/services/disassembly.log	setEnabledSetting	android.content.pm.PackageParser$Package::packageName	953953	2d4b64: 54f2 3002                              |041a: iget-object v2, v15, Landroid/content/pm/PackageParser$Package;.packageName:Ljava/lang/String; // field@0230
/Users/bob/Documents/Codex/2026-08-03-fire-os-7-framework-amazon-fire/decompiled/baksmali/vdexExtractor/services/disassembly.log	setEnabledSetting	android.content.pm.PackageParser$Package::packageName	953970	2d4b94: 54f3 3002                              |0432: iget-object v3, v15, Landroid/content/pm/PackageParser$Package;.packageName:Ljava/lang/String; // field@0230
/Users/bob/Documents/Codex/2026-08-03-fire-os-7-framework-amazon-fire/decompiled/baksmali/vdexExtractor/services/disassembly.log	setEnabledSetting	android.content.pm.PackageParser$Package::splitCodePaths	953768	2d4912: 5404 3b02                              |02f1: iget-object v4, v0, Landroid/content/pm/PackageParser$Package;.splitCodePaths:[Ljava/lang/String; // field@023b
/Users/bob/Documents/Codex/2026-08-03-fire-os-7-framework-amazon-fire/decompiled/baksmali/vdexExtractor/services/disassembly.log	setEnabledSetting	android.content.pm.PackageParser::<init>	953670	2d47c2: 7010 fe08 0000                         |0249: invoke-direct {v0}, Landroid/content/pm/PackageParser;.<init>:()V // method@08fe
/Users/bob/Documents/Codex/2026-08-03-fire-os-7-framework-amazon-fire/decompiled/baksmali/vdexExtractor/services/disassembly.log	setEnabledSetting	android.content.pm.PackageParser::parsePackage	953681	2d47f0: 6e30 0e09 4300                         |0260: invoke-virtual {v3, v4, v0}, Landroid/content/pm/PackageParser;.parsePackage:(Ljava/io/File;I)Landroid/content/pm/PackageParser$Package; // method@090e
/Users/bob/Documents/Codex/2026-08-03-fire-os-7-framework-amazon-fire/decompiled/baksmali/vdexExtractor/services/disassembly.log	setEnabledSetting	android.content.pm.PackageParser::setCallback	953677	2d47e2: 6e20 1309 0300                         |0259: invoke-virtual {v3, v0}, Landroid/content/pm/PackageParser;.setCallback:(Landroid/content/pm/PackageParser$Callback;)V // method@0913
/Users/bob/Documents/Codex/2026-08-03-fire-os-7-framework-amazon-fire/decompiled/baksmali/vdexExtractor/services/disassembly.log	setEnabledSetting	android.content.pm.PackageParser::setDisplayMetrics	953675	2d47d8: 6e20 1509 0300                         |0254: invoke-virtual {v3, v0}, Landroid/content/pm/PackageParser;.setDisplayMetrics:(Landroid/util/DisplayMetrics;)V // method@0915
/Users/bob/Documents/Codex/2026-08-03-fire-os-7-framework-amazon-fire/decompiled/baksmali/vdexExtractor/services/disassembly.log	setEnabledSetting	android.content.pm.PackageParser::setSeparateProcesses	953673	2d47ce: 6e20 1709 0300                         |024f: invoke-virtual {v3, v0}, Landroid/content/pm/PackageParser;.setSeparateProcesses:([Ljava/lang/String;)V // method@0917
/Users/bob/Documents/Codex/2026-08-03-fire-os-7-framework-amazon-fire/decompiled/baksmali/vdexExtractor/services/disassembly.log	setEnabledSetting	android.os.Binder::clearCallingIdentity	954107	2d4d50: 7100 ee1f 0000                         |0510: invoke-static {}, Landroid/os/Binder;.clearCallingIdentity:()J // method@1fee
/Users/bob/Documents/Codex/2026-08-03-fire-os-7-framework-amazon-fire/decompiled/baksmali/vdexExtractor/services/disassembly.log	setEnabledSetting	android.os.Binder::clearCallingIdentity	954161	2d4e18: 7100 ee1f 0000                         |0574: invoke-static {}, Landroid/os/Binder;.clearCallingIdentity:()J // method@1fee
/Users/bob/Documents/Codex/2026-08-03-fire-os-7-framework-amazon-fire/decompiled/baksmali/vdexExtractor/services/disassembly.log	setEnabledSetting	android.os.Binder::getCallingPid	953488	2d44cc: 7100 f01f 0000                         |00ce: invoke-static {}, Landroid/os/Binder;.getCallingPid:()I // method@1ff0
/Users/bob/Documents/Codex/2026-08-03-fire-os-7-framework-amazon-fire/decompiled/baksmali/vdexExtractor/services/disassembly.log	setEnabledSetting	android.os.Binder::getCallingPid	953552	2d45e2: 7100 f01f 0000                         |0159: invoke-static {}, Landroid/os/Binder;.getCallingPid:()I // method@1ff0
/Users/bob/Documents/Codex/2026-08-03-fire-os-7-framework-amazon-fire/decompiled/baksmali/vdexExtractor/services/disassembly.log	setEnabledSetting	android.os.Binder::getCallingUid	953406	2d4390: 7100 f11f 0000                         |0030: invoke-static {}, Landroid/os/Binder;.getCallingUid:()I // method@1ff1
/Users/bob/Documents/Codex/2026-08-03-fire-os-7-framework-amazon-fire/decompiled/baksmali/vdexExtractor/services/disassembly.log	setEnabledSetting	android.os.Binder::restoreCallingIdentity	954110	2d4d5e: 7120 f51f 4300                         |0517: invoke-static {v3, v4}, Landroid/os/Binder;.restoreCallingIdentity:(J)V // method@1ff5
/Users/bob/Documents/Codex/2026-08-03-fire-os-7-framework-amazon-fire/decompiled/baksmali/vdexExtractor/services/disassembly.log	setEnabledSetting	android.os.Binder::restoreCallingIdentity	954179	2d4e54: 7120 f51f 4300                         |0592: invoke-static {v3, v4}, Landroid/os/Binder;.restoreCallingIdentity:(J)V // method@1ff5
/Users/bob/Documents/Codex/2026-08-03-fire-os-7-framework-amazon-fire/decompiled/baksmali/vdexExtractor/services/disassembly.log	setEnabledSetting	android.os.Binder::restoreCallingIdentity	954182	2d4e60: 7120 f51f 4300                         |0598: invoke-static {v3, v4}, Landroid/os/Binder;.restoreCallingIdentity:(J)V // method@1ff5
/Users/bob/Documents/Codex/2026-08-03-fire-os-7-framework-amazon-fire/decompiled/baksmali/vdexExtractor/services/disassembly.log	setEnabledSetting	android.os.Binder::restoreCallingIdentity	954191	2d4e78: 7120 f51f 4300                         |05a4: invoke-static {v3, v4}, Landroid/os/Binder;.restoreCallingIdentity:(J)V // method@1ff5
/Users/bob/Documents/Codex/2026-08-03-fire-os-7-framework-amazon-fire/decompiled/baksmali/vdexExtractor/services/disassembly.log	setEnabledSetting	android.os.UserHandle::getUid	954165	2d4e28: 7120 a924 0d00                         |057c: invoke-static {v13, v0}, Landroid/os/UserHandle;.getUid:(II)I // method@24a9
/Users/bob/Documents/Codex/2026-08-03-fire-os-7-framework-amazon-fire/decompiled/baksmali/vdexExtractor/services/disassembly.log	setEnabledSetting	android.os.UserHandle::isSameApp	953524	2d456c: 7120 b124 1f00                         |011e: invoke-static {v15, v1}, Landroid/os/UserHandle;.isSameApp:(II)Z // method@24b1
/Users/bob/Documents/Codex/2026-08-03-fire-os-7-framework-amazon-fire/decompiled/baksmali/vdexExtractor/services/disassembly.log	setEnabledSetting	android.util.ArrayMap::get	953453	2d442e: 6e20 9328 9200                         |007f: invoke-virtual {v2, v9}, Landroid/util/ArrayMap;.get:(Ljava/lang/Object;)Ljava/lang/Object; // method@2893
/Users/bob/Documents/Codex/2026-08-03-fire-os-7-framework-amazon-fire/decompiled/baksmali/vdexExtractor/services/disassembly.log	setEnabledSetting	android.util.ArrayMap::values	953744	2d48c2: 6e10 a228 0000                         |02c9: invoke-virtual {v0}, Landroid/util/ArrayMap;.values:()Ljava/util/Collection; // method@28a2
/Users/bob/Documents/Codex/2026-08-03-fire-os-7-framework-amazon-fire/decompiled/baksmali/vdexExtractor/services/disassembly.log	setEnabledSetting	android.util.EventLog::writeEvent	954257	2d4f84: 7120 da28 0100                         |062a: invoke-static {v1, v0}, Landroid/util/EventLog;.writeEvent:(I[Ljava/lang/Object;)I // method@28da
/Users/bob/Documents/Codex/2026-08-03-fire-os-7-framework-amazon-fire/decompiled/baksmali/vdexExtractor/services/disassembly.log	setEnabledSetting	android.util.Slog::e	953667	2d47b6: 7120 6929 1000                         |0243: invoke-static {v0, v1}, Landroid/util/Slog;.e:(Ljava/lang/String;Ljava/lang/String;)I // method@2969
/Users/bob/Documents/Codex/2026-08-03-fire-os-7-framework-amazon-fire/decompiled/baksmali/vdexExtractor/services/disassembly.log	setEnabledSetting	android.util.Slog::e	953739	2d48ae: 7130 6a29 2100                         |02bf: invoke-static {v1, v2, v0}, Landroid/util/Slog;.e:(Ljava/lang/String;Ljava/lang/String;Ljava/lang/Throwable;)I // method@296a
/Users/bob/Documents/Codex/2026-08-03-fire-os-7-framework-amazon-fire/decompiled/baksmali/vdexExtractor/services/disassembly.log	setEnabledSetting	android.util.Slog::e	954207	2d4eb2: 7120 6929 1000                         |05c1: invoke-static {v0, v1}, Landroid/util/Slog;.e:(Ljava/lang/String;Ljava/lang/String;)I // method@2969
/Users/bob/Documents/Codex/2026-08-03-fire-os-7-framework-amazon-fire/decompiled/baksmali/vdexExtractor/services/disassembly.log	setEnabledSetting	android.util.Slog::w	953846	2d4a16: 7130 7129 100e                         |0373: invoke-static {v0, v1, v14}, Landroid/util/Slog;.w:(Ljava/lang/String;Ljava/lang/String;Ljava/lang/Throwable;)I // method@2971
/Users/bob/Documents/Codex/2026-08-03-fire-os-7-framework-amazon-fire/decompiled/baksmali/vdexExtractor/services/disassembly.log	setEnabledSetting	android.util.Slog::w	953949	2d4b54: 7130 7129 2100                         |0412: invoke-static {v1, v2, v0}, Landroid/util/Slog;.w:(Ljava/lang/String;Ljava/lang/String;Ljava/lang/Throwable;)I // method@2971
/Users/bob/Documents/Codex/2026-08-03-fire-os-7-framework-amazon-fire/decompiled/baksmali/vdexExtractor/services/disassembly.log	setEnabledSetting	android.util.Slog::w	954034	2d4c62: 7130 7129 2100                         |0499: invoke-static {v1, v2, v0}, Landroid/util/Slog;.w:(Ljava/lang/String;Ljava/lang/String;Ljava/lang/Throwable;)I // method@2971
/Users/bob/Documents/Codex/2026-08-03-fire-os-7-framework-amazon-fire/decompiled/baksmali/vdexExtractor/services/disassembly.log	setEnabledSetting	android.util.Slog::w	954247	2d4f5a: 7120 7029 4100                         |0615: invoke-static {v1, v4}, Landroid/util/Slog;.w:(Ljava/lang/String;Ljava/lang/String;)I // method@2970
/Users/bob/Documents/Codex/2026-08-03-fire-os-7-framework-amazon-fire/decompiled/baksmali/vdexExtractor/services/disassembly.log	setEnabledSetting	com.android.server.pm.PackageManagerService$PackageHandler::hasMessages	954149	2d4dec: 6e20 459e fe00                         |055e: invoke-virtual {v14, v15}, Lcom/android/server/pm/PackageManagerService$PackageHandler;.hasMessages:(I)Z // method@9e45
/Users/bob/Documents/Codex/2026-08-03-fire-os-7-framework-amazon-fire/decompiled/baksmali/vdexExtractor/services/disassembly.log	setEnabledSetting	com.android.server.pm.PackageManagerService$PackageHandler::sendEmptyMessageDelayed	954156	2d4e08: 6e40 4e9e fe65                         |056c: invoke-virtual {v14, v15, v5, v6}, Lcom/android/server/pm/PackageManagerService$PackageHandler;.sendEmptyMessageDelayed:(IJ)Z // method@9e4e
/Users/bob/Documents/Codex/2026-08-03-fire-os-7-framework-amazon-fire/decompiled/baksmali/vdexExtractor/services/disassembly.log	setEnabledSetting	com.android.server.pm.PackageManagerService$PendingPackageBroadcasts::get	954114	2d4d6a: 6e30 bd9e d009                         |051d: invoke-virtual {v0, v13, v9}, Lcom/android/server/pm/PackageManagerService$PendingPackageBroadcasts;.get:(ILjava/lang/String;)Ljava/util/ArrayList; // method@9ebd
/Users/bob/Documents/Codex/2026-08-03-fire-os-7-framework-amazon-fire/decompiled/baksmali/vdexExtractor/services/disassembly.log	setEnabledSetting	com.android.server.pm.PackageManagerService$PendingPackageBroadcasts::put	954146	2d4de0: 6e40 c09e de09                         |0558: invoke-virtual {v14, v13, v9, v0}, Lcom/android/server/pm/PackageManagerService$PendingPackageBroadcasts;.put:(ILjava/lang/String;Ljava/util/ArrayList;)V // method@9ec0
/Users/bob/Documents/Codex/2026-08-03-fire-os-7-framework-amazon-fire/decompiled/baksmali/vdexExtractor/services/disassembly.log	setEnabledSetting	com.android.server.pm.PackageManagerService$PendingPackageBroadcasts::remove	954141	2d4dcc: 6e30 c29e de09                         |054e: invoke-virtual {v14, v13, v9}, Lcom/android/server/pm/PackageManagerService$PendingPackageBroadcasts;.remove:(ILjava/lang/String;)V // method@9ec2
/Users/bob/Documents/Codex/2026-08-03-fire-os-7-framework-amazon-fire/decompiled/baksmali/vdexExtractor/services/disassembly.log	setEnabledSetting	com.android.server.pm.PackageManagerService::$closeResource	953756	2d48ee: 7120 029f e100                         |02df: invoke-static {v1, v14}, Lcom/android/server/pm/PackageManagerService;.$closeResource:(Ljava/lang/Throwable;Ljava/lang/AutoCloseable;)V // method@9f02
/Users/bob/Documents/Codex/2026-08-03-fire-os-7-framework-amazon-fire/decompiled/baksmali/vdexExtractor/services/disassembly.log	setEnabledSetting	com.android.server.pm.PackageManagerService::$closeResource	953807	2d4988: 7120 029f e100                         |032c: invoke-static {v1, v14}, Lcom/android/server/pm/PackageManagerService;.$closeResource:(Ljava/lang/Throwable;Ljava/lang/AutoCloseable;)V // method@9f02
/Users/bob/Documents/Codex/2026-08-03-fire-os-7-framework-amazon-fire/decompiled/baksmali/vdexExtractor/services/disassembly.log	setEnabledSetting	com.android.server.pm.PackageManagerService::$closeResource	953877	2d4a82: 7120 029f 2300                         |03a9: invoke-static {v3, v2}, Lcom/android/server/pm/PackageManagerService;.$closeResource:(Ljava/lang/Throwable;Ljava/lang/AutoCloseable;)V // method@9f02
/Users/bob/Documents/Codex/2026-08-03-fire-os-7-framework-amazon-fire/decompiled/baksmali/vdexExtractor/services/disassembly.log	setEnabledSetting	com.android.server.pm.PackageManagerService::$closeResource	953928	2d4b0a: 7120 029f 2300                         |03ed: invoke-static {v3, v2}, Lcom/android/server/pm/PackageManagerService;.$closeResource:(Ljava/lang/Throwable;Ljava/lang/AutoCloseable;)V // method@9f02
/Users/bob/Documents/Codex/2026-08-03-fire-os-7-framework-amazon-fire/decompiled/baksmali/vdexExtractor/services/disassembly.log	setEnabledSetting	com.android.server.pm.PackageManagerService::clearAppDataLIF	953764	2d4900: 7040 8d9f 0821                         |02e8: invoke-direct {v8, v0, v1, v2}, Lcom/android/server/pm/PackageManagerService;.clearAppDataLIF:(Landroid/content/pm/PackageParser$Package;II)V // method@9f8d
/Users/bob/Documents/Codex/2026-08-03-fire-os-7-framework-amazon-fire/decompiled/baksmali/vdexExtractor/services/disassembly.log	setEnabledSetting	com.android.server.pm.PackageManagerService::decompressPackage	953655	2d4780: 7020 a89f 7800                         |0228: invoke-direct {v8, v7}, Lcom/android/server/pm/PackageManagerService;.decompressPackage:(Landroid/content/pm/PackageParser$Package;)Ljava/io/File; // method@9fa8
/Users/bob/Documents/Codex/2026-08-03-fire-os-7-framework-amazon-fire/decompiled/baksmali/vdexExtractor/services/disassembly.log	setEnabledSetting	com.android.server.pm.PackageManagerService::disableSystemPackageLPw	953693	2d4810: 7030 bd9f 7802                         |0270: invoke-direct {v8, v7, v2}, Lcom/android/server/pm/PackageManagerService;.disableSystemPackageLPw:(Landroid/content/pm/PackageParser$Package;Landroid/content/pm/PackageParser$Package;)Z // method@9fbd
/Users/bob/Documents/Codex/2026-08-03-fire-os-7-framework-amazon-fire/decompiled/baksmali/vdexExtractor/services/disassembly.log	setEnabledSetting	com.android.server.pm.PackageManagerService::enableSystemPackageLPw	953858	2d4a42: 7020 c99f f800                         |0389: invoke-direct {v8, v15}, Lcom/android/server/pm/PackageManagerService;.enableSystemPackageLPw:(Landroid/content/pm/PackageParser$Package;)V // method@9fc9
/Users/bob/Documents/Codex/2026-08-03-fire-os-7-framework-amazon-fire/decompiled/baksmali/vdexExtractor/services/disassembly.log	setEnabledSetting	com.android.server.pm.PackageManagerService::filterAppAccessLPr	953528	2d457c: 7040 d39f 68df                         |0126: invoke-direct {v8, v6, v15, v13}, Lcom/android/server/pm/PackageManagerService;.filterAppAccessLPr:(Lcom/android/server/pm/PackageSetting;II)Z // method@9fd3
/Users/bob/Documents/Codex/2026-08-03-fire-os-7-framework-amazon-fire/decompiled/baksmali/vdexExtractor/services/disassembly.log	setEnabledSetting	com.android.server.pm.PackageManagerService::freezePackage	953697	2d4822: 6e30 e99f 080e                         |0279: invoke-virtual {v8, v0, v14}, Lcom/android/server/pm/PackageManagerService;.freezePackage:(Ljava/lang/String;Ljava/lang/String;)Lcom/android/server/pm/PackageManagerService$PackageFreezer; // method@9fe9
/Users/bob/Documents/Codex/2026-08-03-fire-os-7-framework-amazon-fire/decompiled/baksmali/vdexExtractor/services/disassembly.log	setEnabledSetting	com.android.server.pm.PackageManagerService::freezePackage	953851	2d4a30: 6e30 e99f 0801                         |0380: invoke-virtual {v8, v0, v1}, Lcom/android/server/pm/PackageManagerService;.freezePackage:(Ljava/lang/String;Ljava/lang/String;)Lcom/android/server/pm/PackageManagerService$PackageFreezer; // method@9fe9
/Users/bob/Documents/Codex/2026-08-03-fire-os-7-framework-amazon-fire/decompiled/baksmali/vdexExtractor/services/disassembly.log	setEnabledSetting	com.android.server.pm.PackageManagerService::getInstantAppPackageName	953436	2d43f8: 7020 1fa0 f800                         |0064: invoke-direct {v8, v15}, Lcom/android/server/pm/PackageManagerService;.getInstantAppPackageName:(I)Ljava/lang/String; // method@a01f
/Users/bob/Documents/Codex/2026-08-03-fire-os-7-framework-amazon-fire/decompiled/baksmali/vdexExtractor/services/disassembly.log	setEnabledSetting	com.android.server.pm.PackageManagerService::installPackageFromSystemLIF	953873	2d4a72: 7607 7ea0 0100                         |03a1: invoke-direct/range {v1, v2, v3, v4, v5, v6, v7}, Lcom/android/server/pm/PackageManagerService;.installPackageFromSystemLIF:(Ljava/lang/String;Z[I[ILcom/android/server/pm/permission/PermissionsState;Z)Landroid/content/pm/PackageParser$Package; // method@a07e
/Users/bob/Documents/Codex/2026-08-03-fire-os-7-framework-amazon-fire/decompiled/baksmali/vdexExtractor/services/disassembly.log	setEnabledSetting	com.android.server.pm.PackageManagerService::mContext	953412	2d43a4: 5481 ab4f                              |003a: iget-object v1, v8, Lcom/android/server/pm/PackageManagerService;.mContext:Landroid/content/Context; // field@4fab
/Users/bob/Documents/Codex/2026-08-03-fire-os-7-framework-amazon-fire/decompiled/baksmali/vdexExtractor/services/disassembly.log	setEnabledSetting	com.android.server.pm.PackageManagerService::mDefParseFlags	953678	2d47e8: 5280 ae4f                              |025c: iget v0, v8, Lcom/android/server/pm/PackageManagerService;.mDefParseFlags:I // field@4fae
/Users/bob/Documents/Codex/2026-08-03-fire-os-7-framework-amazon-fire/decompiled/baksmali/vdexExtractor/services/disassembly.log	setEnabledSetting	com.android.server.pm.PackageManagerService::mDefParseFlags	953702	2d482e: 5280 ae4f                              |027f: iget v0, v8, Lcom/android/server/pm/PackageManagerService;.mDefParseFlags:I // field@4fae
/Users/bob/Documents/Codex/2026-08-03-fire-os-7-framework-amazon-fire/decompiled/baksmali/vdexExtractor/services/disassembly.log	setEnabledSetting	com.android.server.pm.PackageManagerService::mDexManager	953765	2d4906: 5481 b34f                              |02eb: iget-object v1, v8, Lcom/android/server/pm/PackageManagerService;.mDexManager:Lcom/android/server/pm/dex/DexManager; // field@4fb3
/Users/bob/Documents/Codex/2026-08-03-fire-os-7-framework-amazon-fire/decompiled/baksmali/vdexExtractor/services/disassembly.log	setEnabledSetting	com.android.server.pm.PackageManagerService::mHandler	954147	2d4de6: 548e bc4f                              |055b: iget-object v14, v8, Lcom/android/server/pm/PackageManagerService;.mHandler:Lcom/android/server/pm/PackageManagerService$PackageHandler; // field@4fbc
/Users/bob/Documents/Codex/2026-08-03-fire-os-7-framework-amazon-fire/decompiled/baksmali/vdexExtractor/services/disassembly.log	setEnabledSetting	com.android.server.pm.PackageManagerService::mHandler	954152	2d4df8: 548e bc4f                              |0564: iget-object v14, v8, Lcom/android/server/pm/PackageManagerService;.mHandler:Lcom/android/server/pm/PackageManagerService$PackageHandler; // field@4fbc
/Users/bob/Documents/Codex/2026-08-03-fire-os-7-framework-amazon-fire/decompiled/baksmali/vdexExtractor/services/disassembly.log	setEnabledSetting	com.android.server.pm.PackageManagerService::mInstallLock	953688	2d47fe: 5481 bf4f                              |0267: iget-object v1, v8, Lcom/android/server/pm/PackageManagerService;.mInstallLock:Ljava/lang/Object; // field@4fbf
/Users/bob/Documents/Codex/2026-08-03-fire-os-7-framework-amazon-fire/decompiled/baksmali/vdexExtractor/services/disassembly.log	setEnabledSetting	com.android.server.pm.PackageManagerService::mMetrics	953674	2d47d4: 5480 d44f                              |0252: iget-object v0, v8, Lcom/android/server/pm/PackageManagerService;.mMetrics:Landroid/util/DisplayMetrics; // field@4fd4
/Users/bob/Documents/Codex/2026-08-03-fire-os-7-framework-amazon-fire/decompiled/baksmali/vdexExtractor/services/disassembly.log	setEnabledSetting	com.android.server.pm.PackageManagerService::mPackageParserCallback	953676	2d47de: 5480 dc4f                              |0257: iget-object v0, v8, Lcom/android/server/pm/PackageManagerService;.mPackageParserCallback:Landroid/content/pm/PackageParser$Callback; // field@4fdc
/Users/bob/Documents/Codex/2026-08-03-fire-os-7-framework-amazon-fire/decompiled/baksmali/vdexExtractor/services/disassembly.log	setEnabledSetting	com.android.server.pm.PackageManagerService::mPackages	953449	2d4420: 5481 de4f                              |0078: iget-object v1, v8, Lcom/android/server/pm/PackageManagerService;.mPackages:Landroid/util/ArrayMap; // field@4fde
/Users/bob/Documents/Codex/2026-08-03-fire-os-7-framework-amazon-fire/decompiled/baksmali/vdexExtractor/services/disassembly.log	setEnabledSetting	com.android.server.pm.PackageManagerService::mPackages	953582	2d4670: 5482 de4f                              |01a0: iget-object v2, v8, Lcom/android/server/pm/PackageManagerService;.mPackages:Landroid/util/ArrayMap; // field@4fde
/Users/bob/Documents/Codex/2026-08-03-fire-os-7-framework-amazon-fire/decompiled/baksmali/vdexExtractor/services/disassembly.log	setEnabledSetting	com.android.server.pm.PackageManagerService::mPackages	953623	2d4716: 5482 de4f                              |01f3: iget-object v2, v8, Lcom/android/server/pm/PackageManagerService;.mPackages:Landroid/util/ArrayMap; // field@4fde
/Users/bob/Documents/Codex/2026-08-03-fire-os-7-framework-amazon-fire/decompiled/baksmali/vdexExtractor/services/disassembly.log	setEnabledSetting	com.android.server.pm.PackageManagerService::mPackages	953691	2d480a: 548e de4f                              |026d: iget-object v14, v8, Lcom/android/server/pm/PackageManagerService;.mPackages:Landroid/util/ArrayMap; // field@4fde
/Users/bob/Documents/Codex/2026-08-03-fire-os-7-framework-amazon-fire/decompiled/baksmali/vdexExtractor/services/disassembly.log	setEnabledSetting	com.android.server.pm.PackageManagerService::mPackages	953727	2d4888: 5486 de4f                              |02ac: iget-object v6, v8, Lcom/android/server/pm/PackageManagerService;.mPackages:Landroid/util/ArrayMap; // field@4fde
/Users/bob/Documents/Codex/2026-08-03-fire-os-7-framework-amazon-fire/decompiled/baksmali/vdexExtractor/services/disassembly.log	setEnabledSetting	com.android.server.pm.PackageManagerService::mPackages	953743	2d48be: 5480 de4f                              |02c7: iget-object v0, v8, Lcom/android/server/pm/PackageManagerService;.mPackages:Landroid/util/ArrayMap; // field@4fde
/Users/bob/Documents/Codex/2026-08-03-fire-os-7-framework-amazon-fire/decompiled/baksmali/vdexExtractor/services/disassembly.log	setEnabledSetting	com.android.server.pm.PackageManagerService::mPackages	953856	2d4a3c: 5481 de4f                              |0386: iget-object v1, v8, Lcom/android/server/pm/PackageManagerService;.mPackages:Landroid/util/ArrayMap; // field@4fde
/Users/bob/Documents/Codex/2026-08-03-fire-os-7-framework-amazon-fire/decompiled/baksmali/vdexExtractor/services/disassembly.log	setEnabledSetting	com.android.server.pm.PackageManagerService::mPackages	953878	2d4a88: 5481 de4f                              |03ac: iget-object v1, v8, Lcom/android/server/pm/PackageManagerService;.mPackages:Landroid/util/ArrayMap; // field@4fde
/Users/bob/Documents/Codex/2026-08-03-fire-os-7-framework-amazon-fire/decompiled/baksmali/vdexExtractor/services/disassembly.log	setEnabledSetting	com.android.server.pm.PackageManagerService::mPackages	953950	2d4b5a: 5481 de4f                              |0415: iget-object v1, v8, Lcom/android/server/pm/PackageManagerService;.mPackages:Landroid/util/ArrayMap; // field@4fde
/Users/bob/Documents/Codex/2026-08-03-fire-os-7-framework-amazon-fire/decompiled/baksmali/vdexExtractor/services/disassembly.log	setEnabledSetting	com.android.server.pm.PackageManagerService::mPackages	953967	2d4b8a: 5481 de4f                              |042d: iget-object v1, v8, Lcom/android/server/pm/PackageManagerService;.mPackages:Landroid/util/ArrayMap; // field@4fde
/Users/bob/Documents/Codex/2026-08-03-fire-os-7-framework-amazon-fire/decompiled/baksmali/vdexExtractor/services/disassembly.log	setEnabledSetting	com.android.server.pm.PackageManagerService::mPackages	954048	2d4c8c: 5483 de4f                              |04ae: iget-object v3, v8, Lcom/android/server/pm/PackageManagerService;.mPackages:Landroid/util/ArrayMap; // field@4fde
/Users/bob/Documents/Codex/2026-08-03-fire-os-7-framework-amazon-fire/decompiled/baksmali/vdexExtractor/services/disassembly.log	setEnabledSetting	com.android.server.pm.PackageManagerService::mPackages	954067	2d4cc0: 5483 de4f                              |04c8: iget-object v3, v8, Lcom/android/server/pm/PackageManagerService;.mPackages:Landroid/util/ArrayMap; // field@4fde
/Users/bob/Documents/Codex/2026-08-03-fire-os-7-framework-amazon-fire/decompiled/baksmali/vdexExtractor/services/disassembly.log	setEnabledSetting	com.android.server.pm.PackageManagerService::mPackages	954100	2d4d34: 5482 de4f                              |0502: iget-object v2, v8, Lcom/android/server/pm/PackageManagerService;.mPackages:Landroid/util/ArrayMap; // field@4fde
/Users/bob/Documents/Codex/2026-08-03-fire-os-7-framework-amazon-fire/decompiled/baksmali/vdexExtractor/services/disassembly.log	setEnabledSetting	com.android.server.pm.PackageManagerService::mPendingBroadcasts	954113	2d4d66: 5480 e04f                              |051b: iget-object v0, v8, Lcom/android/server/pm/PackageManagerService;.mPendingBroadcasts:Lcom/android/server/pm/PackageManagerService$PendingPackageBroadcasts; // field@4fe0
/Users/bob/Documents/Codex/2026-08-03-fire-os-7-framework-amazon-fire/decompiled/baksmali/vdexExtractor/services/disassembly.log	setEnabledSetting	com.android.server.pm.PackageManagerService::mPendingBroadcasts	954140	2d4dc8: 548e e04f                              |054c: iget-object v14, v8, Lcom/android/server/pm/PackageManagerService;.mPendingBroadcasts:Lcom/android/server/pm/PackageManagerService$PendingPackageBroadcasts; // field@4fe0
/Users/bob/Documents/Codex/2026-08-03-fire-os-7-framework-amazon-fire/decompiled/baksmali/vdexExtractor/services/disassembly.log	setEnabledSetting	com.android.server.pm.PackageManagerService::mPendingBroadcasts	954145	2d4ddc: 548e e04f                              |0556: iget-object v14, v8, Lcom/android/server/pm/PackageManagerService;.mPendingBroadcasts:Lcom/android/server/pm/PackageManagerService$PendingPackageBroadcasts; // field@4fe0
/Users/bob/Documents/Codex/2026-08-03-fire-os-7-framework-amazon-fire/decompiled/baksmali/vdexExtractor/services/disassembly.log	setEnabledSetting	com.android.server.pm.PackageManagerService::mPermissionCallback	953746	2d48ca: 5480 e34f                              |02cd: iget-object v0, v8, Lcom/android/server/pm/PackageManagerService;.mPermissionCallback:Lcom/android/server/pm/permission/PermissionManagerInternal$PermissionCallback; // field@4fe3
/Users/bob/Documents/Codex/2026-08-03-fire-os-7-framework-amazon-fire/decompiled/baksmali/vdexExtractor/services/disassembly.log	setEnabledSetting	com.android.server.pm.PackageManagerService::mPermissionManager	953417	2d43b8: 5481 e44f                              |0044: iget-object v1, v8, Lcom/android/server/pm/PackageManagerService;.mPermissionManager:Lcom/android/server/pm/permission/PermissionManagerInternal; // field@4fe4
/Users/bob/Documents/Codex/2026-08-03-fire-os-7-framework-amazon-fire/decompiled/baksmali/vdexExtractor/services/disassembly.log	setEnabledSetting	com.android.server.pm.PackageManagerService::mPermissionManager	953740	2d48b4: 5481 e44f                              |02c2: iget-object v1, v8, Lcom/android/server/pm/PackageManagerService;.mPermissionManager:Lcom/android/server/pm/permission/PermissionManagerInternal; // field@4fe4
/Users/bob/Documents/Codex/2026-08-03-fire-os-7-framework-amazon-fire/decompiled/baksmali/vdexExtractor/services/disassembly.log	setEnabledSetting	com.android.server.pm.PackageManagerService::mProtectedPackages	953532	2d458a: 5481 ec4f                              |012d: iget-object v1, v8, Lcom/android/server/pm/PackageManagerService;.mProtectedPackages:Lcom/android/server/pm/ProtectedPackages; // field@4fec
/Users/bob/Documents/Codex/2026-08-03-fire-os-7-framework-amazon-fire/decompiled/baksmali/vdexExtractor/services/disassembly.log	setEnabledSetting	com.android.server.pm.PackageManagerService::mSeparateProcesses	953672	2d47ca: 5480 fc4f                              |024d: iget-object v0, v8, Lcom/android/server/pm/PackageManagerService;.mSeparateProcesses:[Ljava/lang/String; // field@4ffc
/Users/bob/Documents/Codex/2026-08-03-fire-os-7-framework-amazon-fire/decompiled/baksmali/vdexExtractor/services/disassembly.log	setEnabledSetting	com.android.server.pm.PackageManagerService::mSettings	953451	2d4426: 5482 ff4f                              |007b: iget-object v2, v8, Lcom/android/server/pm/PackageManagerService;.mSettings:Lcom/android/server/pm/Settings; // field@4fff
/Users/bob/Documents/Codex/2026-08-03-fire-os-7-framework-amazon-fire/decompiled/baksmali/vdexExtractor/services/disassembly.log	setEnabledSetting	com.android.server.pm.PackageManagerService::mSettings	953751	2d48dc: 5480 ff4f                              |02d6: iget-object v0, v8, Lcom/android/server/pm/PackageManagerService;.mSettings:Lcom/android/server/pm/Settings; // field@4fff
/Users/bob/Documents/Codex/2026-08-03-fire-os-7-framework-amazon-fire/decompiled/baksmali/vdexExtractor/services/disassembly.log	setEnabledSetting	com.android.server.pm.PackageManagerService::mSettings	953880	2d4a8e: 5480 ff4f                              |03af: iget-object v0, v8, Lcom/android/server/pm/PackageManagerService;.mSettings:Lcom/android/server/pm/Settings; // field@4fff
/Users/bob/Documents/Codex/2026-08-03-fire-os-7-framework-amazon-fire/decompiled/baksmali/vdexExtractor/services/disassembly.log	setEnabledSetting	com.android.server.pm.PackageManagerService::mSettings	953884	2d4a9e: 5480 ff4f                              |03b7: iget-object v0, v8, Lcom/android/server/pm/PackageManagerService;.mSettings:Lcom/android/server/pm/Settings; // field@4fff
/Users/bob/Documents/Codex/2026-08-03-fire-os-7-framework-amazon-fire/decompiled/baksmali/vdexExtractor/services/disassembly.log	setEnabledSetting	com.android.server.pm.PackageManagerService::mSettings	953952	2d4b60: 5480 ff4f                              |0418: iget-object v0, v8, Lcom/android/server/pm/PackageManagerService;.mSettings:Lcom/android/server/pm/Settings; // field@4fff
/Users/bob/Documents/Codex/2026-08-03-fire-os-7-framework-amazon-fire/decompiled/baksmali/vdexExtractor/services/disassembly.log	setEnabledSetting	com.android.server.pm.PackageManagerService::mSettings	953956	2d4b70: 5480 ff4f                              |0420: iget-object v0, v8, Lcom/android/server/pm/PackageManagerService;.mSettings:Lcom/android/server/pm/Settings; // field@4fff
/Users/bob/Documents/Codex/2026-08-03-fire-os-7-framework-amazon-fire/decompiled/baksmali/vdexExtractor/services/disassembly.log	setEnabledSetting	com.android.server.pm.PackageManagerService::mSettings	953969	2d4b90: 5482 ff4f                              |0430: iget-object v2, v8, Lcom/android/server/pm/PackageManagerService;.mSettings:Lcom/android/server/pm/Settings; // field@4fff
/Users/bob/Documents/Codex/2026-08-03-fire-os-7-framework-amazon-fire/decompiled/baksmali/vdexExtractor/services/disassembly.log	setEnabledSetting	com.android.server.pm.PackageManagerService::mSettings	953973	2d4ba0: 5482 ff4f                              |0438: iget-object v2, v8, Lcom/android/server/pm/PackageManagerService;.mSettings:Lcom/android/server/pm/Settings; // field@4fff
/Users/bob/Documents/Codex/2026-08-03-fire-os-7-framework-amazon-fire/decompiled/baksmali/vdexExtractor/services/disassembly.log	setEnabledSetting	com.android.server.pm.PackageManagerService::prepareAppDataAfterInstallLIF	953726	2d4882: 7020 e9a0 7800                         |02a9: invoke-direct {v8, v7}, Lcom/android/server/pm/PackageManagerService;.prepareAppDataAfterInstallLIF:(Landroid/content/pm/PackageParser$Package;)V // method@a0e9
/Users/bob/Documents/Codex/2026-08-03-fire-os-7-framework-amazon-fire/decompiled/baksmali/vdexExtractor/services/disassembly.log	setEnabledSetting	com.android.server.pm.PackageManagerService::removeCodePathLI	953848	2d4a20: 6e20 0ea1 6800                         |0378: invoke-virtual {v8, v6}, Lcom/android/server/pm/PackageManagerService;.removeCodePathLI:(Ljava/io/File;)V // method@a10e
/Users/bob/Documents/Codex/2026-08-03-fire-os-7-framework-amazon-fire/decompiled/baksmali/vdexExtractor/services/disassembly.log	setEnabledSetting	com.android.server.pm.PackageManagerService::removePackageLI	953690	2d4804: 7030 15a1 780e                         |026a: invoke-direct {v8, v7, v14}, Lcom/android/server/pm/PackageManagerService;.removePackageLI:(Landroid/content/pm/PackageParser$Package;Z)V // method@a115
/Users/bob/Documents/Codex/2026-08-03-fire-os-7-framework-amazon-fire/decompiled/baksmali/vdexExtractor/services/disassembly.log	setEnabledSetting	com.android.server.pm.PackageManagerService::scanPackageTracedLI	953723	2d4878: 7607 41a1 0100                         |02a4: invoke-direct/range {v1, v2, v3, v4, v5, v6, v7}, Lcom/android/server/pm/PackageManagerService;.scanPackageTracedLI:(Ljava/io/File;IIJLandroid/os/UserHandle;)Landroid/content/pm/PackageParser$Package; // method@a141
/Users/bob/Documents/Codex/2026-08-03-fire-os-7-framework-amazon-fire/decompiled/baksmali/vdexExtractor/services/disassembly.log	setEnabledSetting	com.android.server.pm.PackageManagerService::scheduleWritePackageRestrictionsLocked	954102	2d4d3a: 6e20 45a1 d800                         |0505: invoke-virtual {v8, v13}, Lcom/android/server/pm/PackageManagerService;.scheduleWritePackageRestrictionsLocked:(I)V // method@a145
/Users/bob/Documents/Codex/2026-08-03-fire-os-7-framework-amazon-fire/decompiled/baksmali/vdexExtractor/services/disassembly.log	setEnabledSetting	com.android.server.pm.PackageManagerService::sendPackageChangedBroadcast	954173	2d4e42: 7055 4fa1 9820                         |0589: invoke-direct {v8, v9, v0, v2, v5}, Lcom/android/server/pm/PackageManagerService;.sendPackageChangedBroadcast:(Ljava/lang/String;ZLjava/util/ArrayList;I)V // method@a14f
/Users/bob/Documents/Codex/2026-08-03-fire-os-7-framework-amazon-fire/decompiled/baksmali/vdexExtractor/services/disassembly.log	setEnabledSetting	com.android.server.pm.PackageManagerService::updateInstantAppInstallerLocked	954109	2d4d58: 7602 85a1 2600                         |0514: invoke-direct/range {v38, v39}, Lcom/android/server/pm/PackageManagerService;.updateInstantAppInstallerLocked:(Ljava/lang/String;)V // method@a185
/Users/bob/Documents/Codex/2026-08-03-fire-os-7-framework-amazon-fire/decompiled/baksmali/vdexExtractor/services/disassembly.log	setEnabledSetting	com.android.server.pm.PackageManagerService::updateSequenceNumberLP	954106	2d4d4a: 7030 8ba1 c800                         |050d: invoke-direct {v8, v12, v0}, Lcom/android/server/pm/PackageManagerService;.updateSequenceNumberLP:(Lcom/android/server/pm/PackageSetting;[I)V // method@a18b
/Users/bob/Documents/Codex/2026-08-03-fire-os-7-framework-amazon-fire/decompiled/baksmali/vdexExtractor/services/disassembly.log	setEnabledSetting	com.android.server.pm.PackageManagerService::updateSharedLibrariesLPr	953730	2d4890: 7030 8ea1 7801                         |02b0: invoke-direct {v8, v7, v1}, Lcom/android/server/pm/PackageManagerService;.updateSharedLibrariesLPr:(Landroid/content/pm/PackageParser$Package;Landroid/content/pm/PackageParser$Package;)V // method@a18e
/Users/bob/Documents/Codex/2026-08-03-fire-os-7-framework-amazon-fire/decompiled/baksmali/vdexExtractor/services/disassembly.log	setEnabledSetting	com.android.server.pm.PackageSetting::appId	953523	2d4568: 5261 2d50                              |011c: iget v1, v6, Lcom/android/server/pm/PackageSetting;.appId:I // field@502d
/Users/bob/Documents/Codex/2026-08-03-fire-os-7-framework-amazon-fire/decompiled/baksmali/vdexExtractor/services/disassembly.log	setEnabledSetting	com.android.server.pm.PackageSetting::appId	954164	2d4e24: 52c0 2d50                              |057a: iget v0, v12, Lcom/android/server/pm/PackageSetting;.appId:I // field@502d
/Users/bob/Documents/Codex/2026-08-03-fire-os-7-framework-amazon-fire/decompiled/baksmali/vdexExtractor/services/disassembly.log	setEnabledSetting	com.android.server.pm.PackageSetting::disableComponentLPw	954080	2d4cf4: 6e30 4aa2 ac0d                         |04e2: invoke-virtual {v12, v10, v13}, Lcom/android/server/pm/PackageSetting;.disableComponentLPw:(Ljava/lang/String;I)Z // method@a24a
/Users/bob/Documents/Codex/2026-08-03-fire-os-7-framework-amazon-fire/decompiled/baksmali/vdexExtractor/services/disassembly.log	setEnabledSetting	com.android.server.pm.PackageSetting::enableComponentLPw	954085	2d4d04: 6e30 4ca2 ac0d                         |04ea: invoke-virtual {v12, v10, v13}, Lcom/android/server/pm/PackageSetting;.enableComponentLPw:(Ljava/lang/String;I)Z // method@a24c
/Users/bob/Documents/Codex/2026-08-03-fire-os-7-framework-amazon-fire/decompiled/baksmali/vdexExtractor/services/disassembly.log	setEnabledSetting	com.android.server.pm.PackageSetting::getEnabled	953589	2d468a: 6e20 52a2 d600                         |01ad: invoke-virtual {v6, v13}, Lcom/android/server/pm/PackageSetting;.getEnabled:(I)I // method@a252
/Users/bob/Documents/Codex/2026-08-03-fire-os-7-framework-amazon-fire/decompiled/baksmali/vdexExtractor/services/disassembly.log	setEnabledSetting	com.android.server.pm.PackageSetting::getEnabled	953625	2d471c: 6e20 52a2 d600                         |01f6: invoke-virtual {v6, v13}, Lcom/android/server/pm/PackageSetting;.getEnabled:(I)I // method@a252
/Users/bob/Documents/Codex/2026-08-03-fire-os-7-framework-amazon-fire/decompiled/baksmali/vdexExtractor/services/disassembly.log	setEnabledSetting	com.android.server.pm.PackageSetting::name	953663	2d47a4: 5462 3a50                              |023a: iget-object v2, v6, Lcom/android/server/pm/PackageSetting;.name:Ljava/lang/String; // field@503a
/Users/bob/Documents/Codex/2026-08-03-fire-os-7-framework-amazon-fire/decompiled/baksmali/vdexExtractor/services/disassembly.log	setEnabledSetting	com.android.server.pm.PackageSetting::name	953842	2d4a04: 5472 3a50                              |036a: iget-object v2, v7, Lcom/android/server/pm/PackageSetting;.name:Ljava/lang/String; // field@503a
/Users/bob/Documents/Codex/2026-08-03-fire-os-7-framework-amazon-fire/decompiled/baksmali/vdexExtractor/services/disassembly.log	setEnabledSetting	com.android.server.pm.PackageSetting::name	954030	2d4c50: 54c3 3a50                              |0490: iget-object v3, v12, Lcom/android/server/pm/PackageSetting;.name:Ljava/lang/String; // field@503a
/Users/bob/Documents/Codex/2026-08-03-fire-os-7-framework-amazon-fire/decompiled/baksmali/vdexExtractor/services/disassembly.log	setEnabledSetting	com.android.server.pm.PackageSetting::pkg	953636	2d473e: 5467 3d50                              |0207: iget-object v7, v6, Lcom/android/server/pm/PackageSetting;.pkg:Landroid/content/pm/PackageParser$Package; // field@503d
/Users/bob/Documents/Codex/2026-08-03-fire-os-7-framework-amazon-fire/decompiled/baksmali/vdexExtractor/services/disassembly.log	setEnabledSetting	com.android.server.pm.PackageSetting::pkg	954069	2d4cc6: 54c2 3d50                              |04cb: iget-object v2, v12, Lcom/android/server/pm/PackageSetting;.pkg:Landroid/content/pm/PackageParser$Package; // field@503d
/Users/bob/Documents/Codex/2026-08-03-fire-os-7-framework-amazon-fire/decompiled/baksmali/vdexExtractor/services/disassembly.log	setEnabledSetting	com.android.server.pm.PackageSetting::pkgFlags	953586	2d467e: 5261 3e50                              |01a7: iget v1, v6, Lcom/android/server/pm/PackageSetting;.pkgFlags:I // field@503e
/Users/bob/Documents/Codex/2026-08-03-fire-os-7-framework-amazon-fire/decompiled/baksmali/vdexExtractor/services/disassembly.log	setEnabledSetting	com.android.server.pm.PackageSetting::restoreComponentLPw	954093	2d4d1e: 6e30 76a2 ac0d                         |04f7: invoke-virtual {v12, v10, v13}, Lcom/android/server/pm/PackageSetting;.restoreComponentLPw:(Ljava/lang/String;I)Z // method@a276
/Users/bob/Documents/Codex/2026-08-03-fire-os-7-framework-amazon-fire/decompiled/baksmali/vdexExtractor/services/disassembly.log	setEnabledSetting	com.android.server.pm.PackageSetting::setEnabled	954050	2d4c92: 6e40 7aa2 bc1d                         |04b1: invoke-virtual {v12, v11, v13, v1}, Lcom/android/server/pm/PackageSetting;.setEnabled:(IILjava/lang/String;)V // method@a27a
/Users/bob/Documents/Codex/2026-08-03-fire-os-7-framework-amazon-fire/decompiled/baksmali/vdexExtractor/services/disassembly.log	setEnabledSetting	com.android.server.pm.ProtectedPackages::isPackageStateProtected	953533	2d458e: 6e30 52a3 d109                         |012f: invoke-virtual {v1, v13, v9}, Lcom/android/server/pm/ProtectedPackages;.isPackageStateProtected:(ILjava/lang/String;)Z // method@a352
/Users/bob/Documents/Codex/2026-08-03-fire-os-7-framework-amazon-fire/decompiled/baksmali/vdexExtractor/services/disassembly.log	setEnabledSetting	com.android.server.pm.Settings::disableSystemPackageLPw	953883	2d4a98: 6e30 94a3 2003                         |03b4: invoke-virtual {v0, v2, v3}, Lcom/android/server/pm/Settings;.disableSystemPackageLPw:(Ljava/lang/String;Z)Z // method@a394
/Users/bob/Documents/Codex/2026-08-03-fire-os-7-framework-amazon-fire/decompiled/baksmali/vdexExtractor/services/disassembly.log	setEnabledSetting	com.android.server.pm.Settings::disableSystemPackageLPw	953955	2d4b6a: 6e30 94a3 2003                         |041d: invoke-virtual {v0, v2, v3}, Lcom/android/server/pm/Settings;.disableSystemPackageLPw:(Ljava/lang/String;Z)Z // method@a394
/Users/bob/Documents/Codex/2026-08-03-fire-os-7-framework-amazon-fire/decompiled/baksmali/vdexExtractor/services/disassembly.log	setEnabledSetting	com.android.server.pm.Settings::disableSystemPackageLPw	953972	2d4b9a: 6e30 94a3 3204                         |0435: invoke-virtual {v2, v3, v4}, Lcom/android/server/pm/Settings;.disableSystemPackageLPw:(Ljava/lang/String;Z)Z // method@a394
/Users/bob/Documents/Codex/2026-08-03-fire-os-7-framework-amazon-fire/decompiled/baksmali/vdexExtractor/services/disassembly.log	setEnabledSetting	com.android.server.pm.Settings::mPackages	953452	2d442a: 5422 3051                              |007d: iget-object v2, v2, Lcom/android/server/pm/Settings;.mPackages:Landroid/util/ArrayMap; // field@5130
/Users/bob/Documents/Codex/2026-08-03-fire-os-7-framework-amazon-fire/decompiled/baksmali/vdexExtractor/services/disassembly.log	setEnabledSetting	com.android.server.pm.Settings::writeLPr	953752	2d48e0: 6e10 03a4 0000                         |02d8: invoke-virtual {v0}, Lcom/android/server/pm/Settings;.writeLPr:()V // method@a403
/Users/bob/Documents/Codex/2026-08-03-fire-os-7-framework-amazon-fire/decompiled/baksmali/vdexExtractor/services/disassembly.log	setEnabledSetting	com.android.server.pm.Settings::writeLPr	953885	2d4aa2: 6e10 03a4 0000                         |03b9: invoke-virtual {v0}, Lcom/android/server/pm/Settings;.writeLPr:()V // method@a403
/Users/bob/Documents/Codex/2026-08-03-fire-os-7-framework-amazon-fire/decompiled/baksmali/vdexExtractor/services/disassembly.log	setEnabledSetting	com.android.server.pm.Settings::writeLPr	953957	2d4b74: 6e10 03a4 0000                         |0422: invoke-virtual {v0}, Lcom/android/server/pm/Settings;.writeLPr:()V // method@a403
/Users/bob/Documents/Codex/2026-08-03-fire-os-7-framework-amazon-fire/decompiled/baksmali/vdexExtractor/services/disassembly.log	setEnabledSetting	com.android.server.pm.Settings::writeLPr	953974	2d4ba4: 6e10 03a4 0200                         |043a: invoke-virtual {v2}, Lcom/android/server/pm/Settings;.writeLPr:()V // method@a403
/Users/bob/Documents/Codex/2026-08-03-fire-os-7-framework-amazon-fire/decompiled/baksmali/vdexExtractor/services/disassembly.log	setEnabledSetting	com.android.server.pm.dex.DexManager::notifyPackageUpdated	953769	2d4916: 6e40 34a8 2143                         |02f3: invoke-virtual {v1, v2, v3, v4}, Lcom/android/server/pm/dex/DexManager;.notifyPackageUpdated:(Ljava/lang/String;Ljava/lang/String;[Ljava/lang/String;)V // method@a834
/Users/bob/Documents/Codex/2026-08-03-fire-os-7-framework-amazon-fire/decompiled/baksmali/vdexExtractor/services/disassembly.log	setEnabledSetting	com.android.server.pm.permission.PermissionManagerInternal::enforceCrossUserPermission	953423	2d43ca: 7406 0aa9 0100                         |004d: invoke-virtual/range {v1, v2, v3, v4, v5, v6}, Lcom/android/server/pm/permission/PermissionManagerInternal;.enforceCrossUserPermission:(IIZZLjava/lang/String;)V // method@a90a
/Users/bob/Documents/Codex/2026-08-03-fire-os-7-framework-amazon-fire/decompiled/baksmali/vdexExtractor/services/disassembly.log	setEnabledSetting	com.android.server.pm.permission.PermissionManagerInternal::updatePermissions	953750	2d48d6: 7406 23a9 0100                         |02d3: invoke-virtual/range {v1, v2, v3, v4, v5, v6}, Lcom/android/server/pm/permission/PermissionManagerInternal;.updatePermissions:(Ljava/lang/String;Landroid/content/pm/PackageParser$Package;ZLjava/util/Collection;Lcom/android/server/pm/permission/PermissionManagerInternal$PermissionCallback;)V // method@a923
/Users/bob/Documents/Codex/2026-08-03-fire-os-7-framework-amazon-fire/decompiled/baksmali/vdexExtractor/services/disassembly.log	setEnabledSetting	java.lang.IllegalArgumentException::<init>	953404	2d4388: 7020 74d3 1000                         |002c: invoke-direct {v0, v1}, Ljava/lang/IllegalArgumentException;.<init>:(Ljava/lang/String;)V // method@d374
/Users/bob/Documents/Codex/2026-08-03-fire-os-7-framework-amazon-fire/decompiled/baksmali/vdexExtractor/services/disassembly.log	setEnabledSetting	java.lang.IllegalArgumentException::<init>	953468	2d446e: 7020 74d3 2000                         |009f: invoke-direct {v0, v2}, Ljava/lang/IllegalArgumentException;.<init>:(Ljava/lang/String;)V // method@d374
/Users/bob/Documents/Codex/2026-08-03-fire-os-7-framework-amazon-fire/decompiled/baksmali/vdexExtractor/services/disassembly.log	setEnabledSetting	java.lang.IllegalArgumentException::<init>	953481	2d44ac: 7020 74d3 2000                         |00be: invoke-direct {v0, v2}, Ljava/lang/IllegalArgumentException;.<init>:(Ljava/lang/String;)V // method@d374
/Users/bob/Documents/Codex/2026-08-03-fire-os-7-framework-amazon-fire/decompiled/baksmali/vdexExtractor/services/disassembly.log	setEnabledSetting	java.lang.IllegalArgumentException::<init>	954231	2d4f14: 7020 74d3 1000                         |05f2: invoke-direct {v0, v1}, Ljava/lang/IllegalArgumentException;.<init>:(Ljava/lang/String;)V // method@d374
/Users/bob/Documents/Codex/2026-08-03-fire-os-7-framework-amazon-fire/decompiled/baksmali/vdexExtractor/services/disassembly.log	setEnabledSetting	java.lang.Integer::valueOf	954253	2d4f76: 7110 90d3 0400                         |0623: invoke-static {v4}, Ljava/lang/Integer;.valueOf:(I)Ljava/lang/Integer; // method@d390
/Users/bob/Documents/Codex/2026-08-03-fire-os-7-framework-amazon-fire/decompiled/baksmali/vdexExtractor/services/disassembly.log	setEnabledSetting	java.lang.SecurityException::<init>	953516	2d4552: 7020 e7d3 2000                         |0111: invoke-direct {v0, v2}, Ljava/lang/SecurityException;.<init>:(Ljava/lang/String;)V // method@d3e7
/Users/bob/Documents/Codex/2026-08-03-fire-os-7-framework-amazon-fire/decompiled/baksmali/vdexExtractor/services/disassembly.log	setEnabledSetting	java.lang.SecurityException::<init>	953545	2d45c2: 7020 e7d3 1000                         |0149: invoke-direct {v0, v1}, Ljava/lang/SecurityException;.<init>:(Ljava/lang/String;)V // method@d3e7
/Users/bob/Documents/Codex/2026-08-03-fire-os-7-framework-amazon-fire/decompiled/baksmali/vdexExtractor/services/disassembly.log	setEnabledSetting	java.lang.SecurityException::<init>	953580	2d4668: 7020 e7d3 1000                         |019c: invoke-direct {v0, v1}, Ljava/lang/SecurityException;.<init>:(Ljava/lang/String;)V // method@d3e7
/Users/bob/Documents/Codex/2026-08-03-fire-os-7-framework-amazon-fire/decompiled/baksmali/vdexExtractor/services/disassembly.log	setEnabledSetting	java.lang.SecurityException::<init>	953613	2d46f6: 7020 e7d3 3000                         |01e3: invoke-direct {v0, v3}, Ljava/lang/SecurityException;.<init>:(Ljava/lang/String;)V // method@d3e7
/Users/bob/Documents/Codex/2026-08-03-fire-os-7-framework-amazon-fire/decompiled/baksmali/vdexExtractor/services/disassembly.log	setEnabledSetting	java.lang.StringBuilder::<init>	953398	2d436a: 7010 36d4 0100                         |001d: invoke-direct {v1}, Ljava/lang/StringBuilder;.<init>:()V // method@d436
/Users/bob/Documents/Codex/2026-08-03-fire-os-7-framework-amazon-fire/decompiled/baksmali/vdexExtractor/services/disassembly.log	setEnabledSetting	java.lang.StringBuilder::<init>	953462	2d4450: 7010 36d4 0200                         |0090: invoke-direct {v2}, Ljava/lang/StringBuilder;.<init>:()V // method@d436
/Users/bob/Documents/Codex/2026-08-03-fire-os-7-framework-amazon-fire/decompiled/baksmali/vdexExtractor/services/disassembly.log	setEnabledSetting	java.lang.StringBuilder::<init>	953472	2d447e: 7010 36d4 0200                         |00a7: invoke-direct {v2}, Ljava/lang/StringBuilder;.<init>:()V // method@d436
/Users/bob/Documents/Codex/2026-08-03-fire-os-7-framework-amazon-fire/decompiled/baksmali/vdexExtractor/services/disassembly.log	setEnabledSetting	java.lang.StringBuilder::<init>	953485	2d44bc: 7010 36d4 0200                         |00c6: invoke-direct {v2}, Ljava/lang/StringBuilder;.<init>:()V // method@d436
/Users/bob/Documents/Codex/2026-08-03-fire-os-7-framework-amazon-fire/decompiled/baksmali/vdexExtractor/services/disassembly.log	setEnabledSetting	java.lang.StringBuilder::<init>	953496	2d44f2: 7010 36d4 0300                         |00e1: invoke-direct {v3}, Ljava/lang/StringBuilder;.<init>:()V // method@d436
/Users/bob/Documents/Codex/2026-08-03-fire-os-7-framework-amazon-fire/decompiled/baksmali/vdexExtractor/services/disassembly.log	setEnabledSetting	java.lang.StringBuilder::<init>	953504	2d4516: 7010 36d4 0300                         |00f3: invoke-direct {v3}, Ljava/lang/StringBuilder;.<init>:()V // method@d436
/Users/bob/Documents/Codex/2026-08-03-fire-os-7-framework-amazon-fire/decompiled/baksmali/vdexExtractor/services/disassembly.log	setEnabledSetting	java.lang.StringBuilder::<init>	953539	2d45a4: 7010 36d4 0100                         |013a: invoke-direct {v1}, Ljava/lang/StringBuilder;.<init>:()V // method@d436
/Users/bob/Documents/Codex/2026-08-03-fire-os-7-framework-amazon-fire/decompiled/baksmali/vdexExtractor/services/disassembly.log	setEnabledSetting	java.lang.StringBuilder::<init>	953549	2d45d2: 7010 36d4 0100                         |0151: invoke-direct {v1}, Ljava/lang/StringBuilder;.<init>:()V // method@d436
/Users/bob/Documents/Codex/2026-08-03-fire-os-7-framework-amazon-fire/decompiled/baksmali/vdexExtractor/services/disassembly.log	setEnabledSetting	java.lang.StringBuilder::<init>	953560	2d4608: 7010 36d4 0200                         |016c: invoke-direct {v2}, Ljava/lang/StringBuilder;.<init>:()V // method@d436
/Users/bob/Documents/Codex/2026-08-03-fire-os-7-framework-amazon-fire/decompiled/baksmali/vdexExtractor/services/disassembly.log	setEnabledSetting	java.lang.StringBuilder::<init>	953568	2d462c: 7010 36d4 0200                         |017e: invoke-direct {v2}, Ljava/lang/StringBuilder;.<init>:()V // method@d436
/Users/bob/Documents/Codex/2026-08-03-fire-os-7-framework-amazon-fire/decompiled/baksmali/vdexExtractor/services/disassembly.log	setEnabledSetting	java.lang.StringBuilder::<init>	953601	2d46b8: 7010 36d4 0300                         |01c4: invoke-direct {v3}, Ljava/lang/StringBuilder;.<init>:()V // method@d436
/Users/bob/Documents/Codex/2026-08-03-fire-os-7-framework-amazon-fire/decompiled/baksmali/vdexExtractor/services/disassembly.log	setEnabledSetting	java.lang.StringBuilder::<init>	953660	2d4794: 7010 36d4 0100                         |0232: invoke-direct {v1}, Ljava/lang/StringBuilder;.<init>:()V // method@d436
/Users/bob/Documents/Codex/2026-08-03-fire-os-7-framework-amazon-fire/decompiled/baksmali/vdexExtractor/services/disassembly.log	setEnabledSetting	java.lang.StringBuilder::<init>	953838	2d49f0: 7010 36d4 0100                         |0360: invoke-direct {v1}, Ljava/lang/StringBuilder;.<init>:()V // method@d436
/Users/bob/Documents/Codex/2026-08-03-fire-os-7-framework-amazon-fire/decompiled/baksmali/vdexExtractor/services/disassembly.log	setEnabledSetting	java.lang.StringBuilder::<init>	953942	2d4b32: 7010 36d4 0200                         |0401: invoke-direct {v2}, Ljava/lang/StringBuilder;.<init>:()V // method@d436
/Users/bob/Documents/Codex/2026-08-03-fire-os-7-framework-amazon-fire/decompiled/baksmali/vdexExtractor/services/disassembly.log	setEnabledSetting	java.lang.StringBuilder::<init>	954027	2d4c40: 7010 36d4 0200                         |0488: invoke-direct {v2}, Ljava/lang/StringBuilder;.<init>:()V // method@d436
/Users/bob/Documents/Codex/2026-08-03-fire-os-7-framework-amazon-fire/decompiled/baksmali/vdexExtractor/services/disassembly.log	setEnabledSetting	java.lang.StringBuilder::<init>	954201	2d4e94: 7010 36d4 0100                         |05b2: invoke-direct {v1}, Ljava/lang/StringBuilder;.<init>:()V // method@d436
/Users/bob/Documents/Codex/2026-08-03-fire-os-7-framework-amazon-fire/decompiled/baksmali/vdexExtractor/services/disassembly.log	setEnabledSetting	java.lang.StringBuilder::<init>	954222	2d4ee6: 7010 36d4 0100                         |05db: invoke-direct {v1}, Ljava/lang/StringBuilder;.<init>:()V // method@d436
/Users/bob/Documents/Codex/2026-08-03-fire-os-7-framework-amazon-fire/decompiled/baksmali/vdexExtractor/services/disassembly.log	setEnabledSetting	java.lang.StringBuilder::<init>	954238	2d4f2c: 7010 36d4 0400                         |05fe: invoke-direct {v4}, Ljava/lang/StringBuilder;.<init>:()V // method@d436
/Users/bob/Documents/Codex/2026-08-03-fire-os-7-framework-amazon-fire/decompiled/baksmali/vdexExtractor/services/disassembly.log	setEnabledSetting	java.lang.StringBuilder::append	953400	2d4374: 6e20 41d4 2100                         |0022: invoke-virtual {v1, v2}, Ljava/lang/StringBuilder;.append:(Ljava/lang/String;)Ljava/lang/StringBuilder; // method@d441
/Users/bob/Documents/Codex/2026-08-03-fire-os-7-framework-amazon-fire/decompiled/baksmali/vdexExtractor/services/disassembly.log	setEnabledSetting	java.lang.StringBuilder::append	953401	2d437a: 6e20 3cd4 b100                         |0025: invoke-virtual {v1, v11}, Ljava/lang/StringBuilder;.append:(I)Ljava/lang/StringBuilder; // method@d43c
/Users/bob/Documents/Codex/2026-08-03-fire-os-7-framework-amazon-fire/decompiled/baksmali/vdexExtractor/services/disassembly.log	setEnabledSetting	java.lang.StringBuilder::append	953464	2d445a: 6e20 41d4 3200                         |0095: invoke-virtual {v2, v3}, Ljava/lang/StringBuilder;.append:(Ljava/lang/String;)Ljava/lang/StringBuilder; // method@d441
/Users/bob/Documents/Codex/2026-08-03-fire-os-7-framework-amazon-fire/decompiled/baksmali/vdexExtractor/services/disassembly.log	setEnabledSetting	java.lang.StringBuilder::append	953465	2d4460: 6e20 41d4 9200                         |0098: invoke-virtual {v2, v9}, Ljava/lang/StringBuilder;.append:(Ljava/lang/String;)Ljava/lang/StringBuilder; // method@d441
/Users/bob/Documents/Codex/2026-08-03-fire-os-7-framework-amazon-fire/decompiled/baksmali/vdexExtractor/services/disassembly.log	setEnabledSetting	java.lang.StringBuilder::append	953474	2d4488: 6e20 41d4 3200                         |00ac: invoke-virtual {v2, v3}, Ljava/lang/StringBuilder;.append:(Ljava/lang/String;)Ljava/lang/StringBuilder; // method@d441
/Users/bob/Documents/Codex/2026-08-03-fire-os-7-framework-amazon-fire/decompiled/baksmali/vdexExtractor/services/disassembly.log	setEnabledSetting	java.lang.StringBuilder::append	953475	2d448e: 6e20 41d4 9200                         |00af: invoke-virtual {v2, v9}, Ljava/lang/StringBuilder;.append:(Ljava/lang/String;)Ljava/lang/StringBuilder; // method@d441
/Users/bob/Documents/Codex/2026-08-03-fire-os-7-framework-amazon-fire/decompiled/baksmali/vdexExtractor/services/disassembly.log	setEnabledSetting	java.lang.StringBuilder::append	953477	2d4498: 6e20 41d4 3200                         |00b4: invoke-virtual {v2, v3}, Ljava/lang/StringBuilder;.append:(Ljava/lang/String;)Ljava/lang/StringBuilder; // method@d441
/Users/bob/Documents/Codex/2026-08-03-fire-os-7-framework-amazon-fire/decompiled/baksmali/vdexExtractor/services/disassembly.log	setEnabledSetting	java.lang.StringBuilder::append	953478	2d449e: 6e20 41d4 a200                         |00b7: invoke-virtual {v2, v10}, Ljava/lang/StringBuilder;.append:(Ljava/lang/String;)Ljava/lang/StringBuilder; // method@d441
/Users/bob/Documents/Codex/2026-08-03-fire-os-7-framework-amazon-fire/decompiled/baksmali/vdexExtractor/services/disassembly.log	setEnabledSetting	java.lang.StringBuilder::append	953487	2d44c6: 6e20 41d4 3200                         |00cb: invoke-virtual {v2, v3}, Ljava/lang/StringBuilder;.append:(Ljava/lang/String;)Ljava/lang/StringBuilder; // method@d441
/Users/bob/Documents/Codex/2026-08-03-fire-os-7-framework-amazon-fire/decompiled/baksmali/vdexExtractor/services/disassembly.log	setEnabledSetting	java.lang.StringBuilder::append	953490	2d44d4: 6e20 3cd4 3200                         |00d2: invoke-virtual {v2, v3}, Ljava/lang/StringBuilder;.append:(I)Ljava/lang/StringBuilder; // method@d43c
/Users/bob/Documents/Codex/2026-08-03-fire-os-7-framework-amazon-fire/decompiled/baksmali/vdexExtractor/services/disassembly.log	setEnabledSetting	java.lang.StringBuilder::append	953492	2d44de: 6e20 41d4 3200                         |00d7: invoke-virtual {v2, v3}, Ljava/lang/StringBuilder;.append:(Ljava/lang/String;)Ljava/lang/StringBuilder; // method@d441
/Users/bob/Documents/Codex/2026-08-03-fire-os-7-framework-amazon-fire/decompiled/baksmali/vdexExtractor/services/disassembly.log	setEnabledSetting	java.lang.StringBuilder::append	953493	2d44e4: 6e20 3cd4 f200                         |00da: invoke-virtual {v2, v15}, Ljava/lang/StringBuilder;.append:(I)Ljava/lang/StringBuilder; // method@d43c
/Users/bob/Documents/Codex/2026-08-03-fire-os-7-framework-amazon-fire/decompiled/baksmali/vdexExtractor/services/disassembly.log	setEnabledSetting	java.lang.StringBuilder::append	953498	2d44fc: 6e20 41d4 4300                         |00e6: invoke-virtual {v3, v4}, Ljava/lang/StringBuilder;.append:(Ljava/lang/String;)Ljava/lang/StringBuilder; // method@d441
/Users/bob/Documents/Codex/2026-08-03-fire-os-7-framework-amazon-fire/decompiled/baksmali/vdexExtractor/services/disassembly.log	setEnabledSetting	java.lang.StringBuilder::append	953499	2d4502: 6e20 41d4 9300                         |00e9: invoke-virtual {v3, v9}, Ljava/lang/StringBuilder;.append:(Ljava/lang/String;)Ljava/lang/StringBuilder; // method@d441
/Users/bob/Documents/Codex/2026-08-03-fire-os-7-framework-amazon-fire/decompiled/baksmali/vdexExtractor/services/disassembly.log	setEnabledSetting	java.lang.StringBuilder::append	953506	2d4520: 6e20 41d4 4300                         |00f8: invoke-virtual {v3, v4}, Ljava/lang/StringBuilder;.append:(Ljava/lang/String;)Ljava/lang/StringBuilder; // method@d441
/Users/bob/Documents/Codex/2026-08-03-fire-os-7-framework-amazon-fire/decompiled/baksmali/vdexExtractor/services/disassembly.log	setEnabledSetting	java.lang.StringBuilder::append	953507	2d4526: 6e20 41d4 9300                         |00fb: invoke-virtual {v3, v9}, Ljava/lang/StringBuilder;.append:(Ljava/lang/String;)Ljava/lang/StringBuilder; // method@d441
/Users/bob/Documents/Codex/2026-08-03-fire-os-7-framework-amazon-fire/decompiled/baksmali/vdexExtractor/services/disassembly.log	setEnabledSetting	java.lang.StringBuilder::append	953509	2d4530: 6e20 41d4 4300                         |0100: invoke-virtual {v3, v4}, Ljava/lang/StringBuilder;.append:(Ljava/lang/String;)Ljava/lang/StringBuilder; // method@d441
/Users/bob/Documents/Codex/2026-08-03-fire-os-7-framework-amazon-fire/decompiled/baksmali/vdexExtractor/services/disassembly.log	setEnabledSetting	java.lang.StringBuilder::append	953510	2d4536: 6e20 41d4 a300                         |0103: invoke-virtual {v3, v10}, Ljava/lang/StringBuilder;.append:(Ljava/lang/String;)Ljava/lang/StringBuilder; // method@d441
/Users/bob/Documents/Codex/2026-08-03-fire-os-7-framework-amazon-fire/decompiled/baksmali/vdexExtractor/services/disassembly.log	setEnabledSetting	java.lang.StringBuilder::append	953513	2d4544: 6e20 41d4 3200                         |010a: invoke-virtual {v2, v3}, Ljava/lang/StringBuilder;.append:(Ljava/lang/String;)Ljava/lang/StringBuilder; // method@d441
/Users/bob/Documents/Codex/2026-08-03-fire-os-7-framework-amazon-fire/decompiled/baksmali/vdexExtractor/services/disassembly.log	setEnabledSetting	java.lang.StringBuilder::append	953541	2d45ae: 6e20 41d4 2100                         |013f: invoke-virtual {v1, v2}, Ljava/lang/StringBuilder;.append:(Ljava/lang/String;)Ljava/lang/StringBuilder; // method@d441
/Users/bob/Documents/Codex/2026-08-03-fire-os-7-framework-amazon-fire/decompiled/baksmali/vdexExtractor/services/disassembly.log	setEnabledSetting	java.lang.StringBuilder::append	953542	2d45b4: 6e20 41d4 9100                         |0142: invoke-virtual {v1, v9}, Ljava/lang/StringBuilder;.append:(Ljava/lang/String;)Ljava/lang/StringBuilder; // method@d441
/Users/bob/Documents/Codex/2026-08-03-fire-os-7-framework-amazon-fire/decompiled/baksmali/vdexExtractor/services/disassembly.log	setEnabledSetting	java.lang.StringBuilder::append	953551	2d45dc: 6e20 41d4 2100                         |0156: invoke-virtual {v1, v2}, Ljava/lang/StringBuilder;.append:(Ljava/lang/String;)Ljava/lang/StringBuilder; // method@d441
/Users/bob/Documents/Codex/2026-08-03-fire-os-7-framework-amazon-fire/decompiled/baksmali/vdexExtractor/services/disassembly.log	setEnabledSetting	java.lang.StringBuilder::append	953554	2d45ea: 6e20 3cd4 2100                         |015d: invoke-virtual {v1, v2}, Ljava/lang/StringBuilder;.append:(I)Ljava/lang/StringBuilder; // method@d43c
/Users/bob/Documents/Codex/2026-08-03-fire-os-7-framework-amazon-fire/decompiled/baksmali/vdexExtractor/services/disassembly.log	setEnabledSetting	java.lang.StringBuilder::append	953556	2d45f4: 6e20 41d4 2100                         |0162: invoke-virtual {v1, v2}, Ljava/lang/StringBuilder;.append:(Ljava/lang/String;)Ljava/lang/StringBuilder; // method@d441
/Users/bob/Documents/Codex/2026-08-03-fire-os-7-framework-amazon-fire/decompiled/baksmali/vdexExtractor/services/disassembly.log	setEnabledSetting	java.lang.StringBuilder::append	953557	2d45fa: 6e20 3cd4 f100                         |0165: invoke-virtual {v1, v15}, Ljava/lang/StringBuilder;.append:(I)Ljava/lang/StringBuilder; // method@d43c
/Users/bob/Documents/Codex/2026-08-03-fire-os-7-framework-amazon-fire/decompiled/baksmali/vdexExtractor/services/disassembly.log	setEnabledSetting	java.lang.StringBuilder::append	953562	2d4612: 6e20 41d4 3200                         |0171: invoke-virtual {v2, v3}, Ljava/lang/StringBuilder;.append:(Ljava/lang/String;)Ljava/lang/StringBuilder; // method@d441
/Users/bob/Documents/Codex/2026-08-03-fire-os-7-framework-amazon-fire/decompiled/baksmali/vdexExtractor/services/disassembly.log	setEnabledSetting	java.lang.StringBuilder::append	953563	2d4618: 6e20 41d4 9200                         |0174: invoke-virtual {v2, v9}, Ljava/lang/StringBuilder;.append:(Ljava/lang/String;)Ljava/lang/StringBuilder; // method@d441
/Users/bob/Documents/Codex/2026-08-03-fire-os-7-framework-amazon-fire/decompiled/baksmali/vdexExtractor/services/disassembly.log	setEnabledSetting	java.lang.StringBuilder::append	953570	2d4636: 6e20 41d4 3200                         |0183: invoke-virtual {v2, v3}, Ljava/lang/StringBuilder;.append:(Ljava/lang/String;)Ljava/lang/StringBuilder; // method@d441
/Users/bob/Documents/Codex/2026-08-03-fire-os-7-framework-amazon-fire/decompiled/baksmali/vdexExtractor/services/disassembly.log	setEnabledSetting	java.lang.StringBuilder::append	953571	2d463c: 6e20 41d4 9200                         |0186: invoke-virtual {v2, v9}, Ljava/lang/StringBuilder;.append:(Ljava/lang/String;)Ljava/lang/StringBuilder; // method@d441
/Users/bob/Documents/Codex/2026-08-03-fire-os-7-framework-amazon-fire/decompiled/baksmali/vdexExtractor/services/disassembly.log	setEnabledSetting	java.lang.StringBuilder::append	953573	2d4646: 6e20 41d4 3200                         |018b: invoke-virtual {v2, v3}, Ljava/lang/StringBuilder;.append:(Ljava/lang/String;)Ljava/lang/StringBuilder; // method@d441
/Users/bob/Documents/Codex/2026-08-03-fire-os-7-framework-amazon-fire/decompiled/baksmali/vdexExtractor/services/disassembly.log	setEnabledSetting	java.lang.StringBuilder::append	953574	2d464c: 6e20 41d4 a200                         |018e: invoke-virtual {v2, v10}, Ljava/lang/StringBuilder;.append:(Ljava/lang/String;)Ljava/lang/StringBuilder; // method@d441
/Users/bob/Documents/Codex/2026-08-03-fire-os-7-framework-amazon-fire/decompiled/baksmali/vdexExtractor/services/disassembly.log	setEnabledSetting	java.lang.StringBuilder::append	953577	2d465a: 6e20 41d4 2100                         |0195: invoke-virtual {v1, v2}, Ljava/lang/StringBuilder;.append:(Ljava/lang/String;)Ljava/lang/StringBuilder; // method@d441
/Users/bob/Documents/Codex/2026-08-03-fire-os-7-framework-amazon-fire/decompiled/baksmali/vdexExtractor/services/disassembly.log	setEnabledSetting	java.lang.StringBuilder::append	953603	2d46c2: 6e20 41d4 4300                         |01c9: invoke-virtual {v3, v4}, Ljava/lang/StringBuilder;.append:(Ljava/lang/String;)Ljava/lang/StringBuilder; // method@d441
/Users/bob/Documents/Codex/2026-08-03-fire-os-7-framework-amazon-fire/decompiled/baksmali/vdexExtractor/services/disassembly.log	setEnabledSetting	java.lang.StringBuilder::append	953604	2d46c8: 6e20 41d4 9300                         |01cc: invoke-virtual {v3, v9}, Ljava/lang/StringBuilder;.append:(Ljava/lang/String;)Ljava/lang/StringBuilder; // method@d441
/Users/bob/Documents/Codex/2026-08-03-fire-os-7-framework-amazon-fire/decompiled/baksmali/vdexExtractor/services/disassembly.log	setEnabledSetting	java.lang.StringBuilder::append	953606	2d46d2: 6e20 41d4 4300                         |01d1: invoke-virtual {v3, v4}, Ljava/lang/StringBuilder;.append:(Ljava/lang/String;)Ljava/lang/StringBuilder; // method@d441
/Users/bob/Documents/Codex/2026-08-03-fire-os-7-framework-amazon-fire/decompiled/baksmali/vdexExtractor/services/disassembly.log	setEnabledSetting	java.lang.StringBuilder::append	953607	2d46d8: 6e20 41d4 a300                         |01d4: invoke-virtual {v3, v10}, Ljava/lang/StringBuilder;.append:(Ljava/lang/String;)Ljava/lang/StringBuilder; // method@d441
/Users/bob/Documents/Codex/2026-08-03-fire-os-7-framework-amazon-fire/decompiled/baksmali/vdexExtractor/services/disassembly.log	setEnabledSetting	java.lang.StringBuilder::append	953609	2d46e2: 6e20 41d4 4300                         |01d9: invoke-virtual {v3, v4}, Ljava/lang/StringBuilder;.append:(Ljava/lang/String;)Ljava/lang/StringBuilder; // method@d441
/Users/bob/Documents/Codex/2026-08-03-fire-os-7-framework-amazon-fire/decompiled/baksmali/vdexExtractor/services/disassembly.log	setEnabledSetting	java.lang.StringBuilder::append	953610	2d46e8: 6e20 3cd4 b300                         |01dc: invoke-virtual {v3, v11}, Ljava/lang/StringBuilder;.append:(I)Ljava/lang/StringBuilder; // method@d43c
/Users/bob/Documents/Codex/2026-08-03-fire-os-7-framework-amazon-fire/decompiled/baksmali/vdexExtractor/services/disassembly.log	setEnabledSetting	java.lang.StringBuilder::append	953662	2d479e: 6e20 41d4 2100                         |0237: invoke-virtual {v1, v2}, Ljava/lang/StringBuilder;.append:(Ljava/lang/String;)Ljava/lang/StringBuilder; // method@d441
/Users/bob/Documents/Codex/2026-08-03-fire-os-7-framework-amazon-fire/decompiled/baksmali/vdexExtractor/services/disassembly.log	setEnabledSetting	java.lang.StringBuilder::append	953664	2d47a8: 6e20 41d4 2100                         |023c: invoke-virtual {v1, v2}, Ljava/lang/StringBuilder;.append:(Ljava/lang/String;)Ljava/lang/StringBuilder; // method@d441
/Users/bob/Documents/Codex/2026-08-03-fire-os-7-framework-amazon-fire/decompiled/baksmali/vdexExtractor/services/disassembly.log	setEnabledSetting	java.lang.StringBuilder::append	953840	2d49fa: 6e20 41d4 2100                         |0365: invoke-virtual {v1, v2}, Ljava/lang/StringBuilder;.append:(Ljava/lang/String;)Ljava/lang/StringBuilder; // method@d441
/Users/bob/Documents/Codex/2026-08-03-fire-os-7-framework-amazon-fire/decompiled/baksmali/vdexExtractor/services/disassembly.log	setEnabledSetting	java.lang.StringBuilder::append	953843	2d4a08: 6e20 41d4 2100                         |036c: invoke-virtual {v1, v2}, Ljava/lang/StringBuilder;.append:(Ljava/lang/String;)Ljava/lang/StringBuilder; // method@d441
/Users/bob/Documents/Codex/2026-08-03-fire-os-7-framework-amazon-fire/decompiled/baksmali/vdexExtractor/services/disassembly.log	setEnabledSetting	java.lang.StringBuilder::append	953944	2d4b3c: 6e20 41d4 3200                         |0406: invoke-virtual {v2, v3}, Ljava/lang/StringBuilder;.append:(Ljava/lang/String;)Ljava/lang/StringBuilder; // method@d441
/Users/bob/Documents/Codex/2026-08-03-fire-os-7-framework-amazon-fire/decompiled/baksmali/vdexExtractor/services/disassembly.log	setEnabledSetting	java.lang.StringBuilder::append	953946	2d4b46: 6e20 41d4 3200                         |040b: invoke-virtual {v2, v3}, Ljava/lang/StringBuilder;.append:(Ljava/lang/String;)Ljava/lang/StringBuilder; // method@d441
/Users/bob/Documents/Codex/2026-08-03-fire-os-7-framework-amazon-fire/decompiled/baksmali/vdexExtractor/services/disassembly.log	setEnabledSetting	java.lang.StringBuilder::append	954029	2d4c4a: 6e20 41d4 3200                         |048d: invoke-virtual {v2, v3}, Ljava/lang/StringBuilder;.append:(Ljava/lang/String;)Ljava/lang/StringBuilder; // method@d441
/Users/bob/Documents/Codex/2026-08-03-fire-os-7-framework-amazon-fire/decompiled/baksmali/vdexExtractor/services/disassembly.log	setEnabledSetting	java.lang.StringBuilder::append	954031	2d4c54: 6e20 41d4 3200                         |0492: invoke-virtual {v2, v3}, Ljava/lang/StringBuilder;.append:(Ljava/lang/String;)Ljava/lang/StringBuilder; // method@d441
/Users/bob/Documents/Codex/2026-08-03-fire-os-7-framework-amazon-fire/decompiled/baksmali/vdexExtractor/services/disassembly.log	setEnabledSetting	java.lang.StringBuilder::append	954203	2d4e9e: 6e20 41d4 4100                         |05b7: invoke-virtual {v1, v4}, Ljava/lang/StringBuilder;.append:(Ljava/lang/String;)Ljava/lang/StringBuilder; // method@d441
/Users/bob/Documents/Codex/2026-08-03-fire-os-7-framework-amazon-fire/decompiled/baksmali/vdexExtractor/services/disassembly.log	setEnabledSetting	java.lang.StringBuilder::append	954204	2d4ea4: 6e20 3cd4 b100                         |05ba: invoke-virtual {v1, v11}, Ljava/lang/StringBuilder;.append:(I)Ljava/lang/StringBuilder; // method@d43c
/Users/bob/Documents/Codex/2026-08-03-fire-os-7-framework-amazon-fire/decompiled/baksmali/vdexExtractor/services/disassembly.log	setEnabledSetting	java.lang.StringBuilder::append	954224	2d4ef0: 6e20 41d4 4100                         |05e0: invoke-virtual {v1, v4}, Ljava/lang/StringBuilder;.append:(Ljava/lang/String;)Ljava/lang/StringBuilder; // method@d441
/Users/bob/Documents/Codex/2026-08-03-fire-os-7-framework-amazon-fire/decompiled/baksmali/vdexExtractor/services/disassembly.log	setEnabledSetting	java.lang.StringBuilder::append	954225	2d4ef6: 6e20 41d4 a100                         |05e3: invoke-virtual {v1, v10}, Ljava/lang/StringBuilder;.append:(Ljava/lang/String;)Ljava/lang/StringBuilder; // method@d441
/Users/bob/Documents/Codex/2026-08-03-fire-os-7-framework-amazon-fire/decompiled/baksmali/vdexExtractor/services/disassembly.log	setEnabledSetting	java.lang.StringBuilder::append	954227	2d4f00: 6e20 41d4 4100                         |05e8: invoke-virtual {v1, v4}, Ljava/lang/StringBuilder;.append:(Ljava/lang/String;)Ljava/lang/StringBuilder; // method@d441
/Users/bob/Documents/Codex/2026-08-03-fire-os-7-framework-amazon-fire/decompiled/baksmali/vdexExtractor/services/disassembly.log	setEnabledSetting	java.lang.StringBuilder::append	954228	2d4f06: 6e20 41d4 9100                         |05eb: invoke-virtual {v1, v9}, Ljava/lang/StringBuilder;.append:(Ljava/lang/String;)Ljava/lang/StringBuilder; // method@d441
/Users/bob/Documents/Codex/2026-08-03-fire-os-7-framework-amazon-fire/decompiled/baksmali/vdexExtractor/services/disassembly.log	setEnabledSetting	java.lang.StringBuilder::append	954240	2d4f36: 6e20 41d4 5400                         |0603: invoke-virtual {v4, v5}, Ljava/lang/StringBuilder;.append:(Ljava/lang/String;)Ljava/lang/StringBuilder; // method@d441
/Users/bob/Documents/Codex/2026-08-03-fire-os-7-framework-amazon-fire/decompiled/baksmali/vdexExtractor/services/disassembly.log	setEnabledSetting	java.lang.StringBuilder::append	954241	2d4f3c: 6e20 41d4 a400                         |0606: invoke-virtual {v4, v10}, Ljava/lang/StringBuilder;.append:(Ljava/lang/String;)Ljava/lang/StringBuilder; // method@d441
/Users/bob/Documents/Codex/2026-08-03-fire-os-7-framework-amazon-fire/decompiled/baksmali/vdexExtractor/services/disassembly.log	setEnabledSetting	java.lang.StringBuilder::append	954243	2d4f46: 6e20 41d4 5400                         |060b: invoke-virtual {v4, v5}, Ljava/lang/StringBuilder;.append:(Ljava/lang/String;)Ljava/lang/StringBuilder; // method@d441
/Users/bob/Documents/Codex/2026-08-03-fire-os-7-framework-amazon-fire/decompiled/baksmali/vdexExtractor/services/disassembly.log	setEnabledSetting	java.lang.StringBuilder::append	954244	2d4f4c: 6e20 41d4 9400                         |060e: invoke-virtual {v4, v9}, Ljava/lang/StringBuilder;.append:(Ljava/lang/String;)Ljava/lang/StringBuilder; // method@d441
/Users/bob/Documents/Codex/2026-08-03-fire-os-7-framework-amazon-fire/decompiled/baksmali/vdexExtractor/services/disassembly.log	setEnabledSetting	java.lang.StringBuilder::toString	953402	2d4380: 6e10 48d4 0100                         |0028: invoke-virtual {v1}, Ljava/lang/StringBuilder;.toString:()Ljava/lang/String; // method@d448
/Users/bob/Documents/Codex/2026-08-03-fire-os-7-framework-amazon-fire/decompiled/baksmali/vdexExtractor/services/disassembly.log	setEnabledSetting	java.lang.StringBuilder::toString	953466	2d4466: 6e10 48d4 0200                         |009b: invoke-virtual {v2}, Ljava/lang/StringBuilder;.toString:()Ljava/lang/String; // method@d448
/Users/bob/Documents/Codex/2026-08-03-fire-os-7-framework-amazon-fire/decompiled/baksmali/vdexExtractor/services/disassembly.log	setEnabledSetting	java.lang.StringBuilder::toString	953479	2d44a4: 6e10 48d4 0200                         |00ba: invoke-virtual {v2}, Ljava/lang/StringBuilder;.toString:()Ljava/lang/String; // method@d448
/Users/bob/Documents/Codex/2026-08-03-fire-os-7-framework-amazon-fire/decompiled/baksmali/vdexExtractor/services/disassembly.log	setEnabledSetting	java.lang.StringBuilder::toString	953500	2d4508: 6e10 48d4 0300                         |00ec: invoke-virtual {v3}, Ljava/lang/StringBuilder;.toString:()Ljava/lang/String; // method@d448
/Users/bob/Documents/Codex/2026-08-03-fire-os-7-framework-amazon-fire/decompiled/baksmali/vdexExtractor/services/disassembly.log	setEnabledSetting	java.lang.StringBuilder::toString	953511	2d453c: 6e10 48d4 0300                         |0106: invoke-virtual {v3}, Ljava/lang/StringBuilder;.toString:()Ljava/lang/String; // method@d448
/Users/bob/Documents/Codex/2026-08-03-fire-os-7-framework-amazon-fire/decompiled/baksmali/vdexExtractor/services/disassembly.log	setEnabledSetting	java.lang.StringBuilder::toString	953514	2d454a: 6e10 48d4 0200                         |010d: invoke-virtual {v2}, Ljava/lang/StringBuilder;.toString:()Ljava/lang/String; // method@d448
/Users/bob/Documents/Codex/2026-08-03-fire-os-7-framework-amazon-fire/decompiled/baksmali/vdexExtractor/services/disassembly.log	setEnabledSetting	java.lang.StringBuilder::toString	953543	2d45ba: 6e10 48d4 0100                         |0145: invoke-virtual {v1}, Ljava/lang/StringBuilder;.toString:()Ljava/lang/String; // method@d448
/Users/bob/Documents/Codex/2026-08-03-fire-os-7-framework-amazon-fire/decompiled/baksmali/vdexExtractor/services/disassembly.log	setEnabledSetting	java.lang.StringBuilder::toString	953564	2d461e: 6e10 48d4 0200                         |0177: invoke-virtual {v2}, Ljava/lang/StringBuilder;.toString:()Ljava/lang/String; // method@d448
/Users/bob/Documents/Codex/2026-08-03-fire-os-7-framework-amazon-fire/decompiled/baksmali/vdexExtractor/services/disassembly.log	setEnabledSetting	java.lang.StringBuilder::toString	953575	2d4652: 6e10 48d4 0200                         |0191: invoke-virtual {v2}, Ljava/lang/StringBuilder;.toString:()Ljava/lang/String; // method@d448
/Users/bob/Documents/Codex/2026-08-03-fire-os-7-framework-amazon-fire/decompiled/baksmali/vdexExtractor/services/disassembly.log	setEnabledSetting	java.lang.StringBuilder::toString	953578	2d4660: 6e10 48d4 0100                         |0198: invoke-virtual {v1}, Ljava/lang/StringBuilder;.toString:()Ljava/lang/String; // method@d448
/Users/bob/Documents/Codex/2026-08-03-fire-os-7-framework-amazon-fire/decompiled/baksmali/vdexExtractor/services/disassembly.log	setEnabledSetting	java.lang.StringBuilder::toString	953611	2d46ee: 6e10 48d4 0300                         |01df: invoke-virtual {v3}, Ljava/lang/StringBuilder;.toString:()Ljava/lang/String; // method@d448
/Users/bob/Documents/Codex/2026-08-03-fire-os-7-framework-amazon-fire/decompiled/baksmali/vdexExtractor/services/disassembly.log	setEnabledSetting	java.lang.StringBuilder::toString	953665	2d47ae: 6e10 48d4 0100                         |023f: invoke-virtual {v1}, Ljava/lang/StringBuilder;.toString:()Ljava/lang/String; // method@d448
/Users/bob/Documents/Codex/2026-08-03-fire-os-7-framework-amazon-fire/decompiled/baksmali/vdexExtractor/services/disassembly.log	setEnabledSetting	java.lang.StringBuilder::toString	953844	2d4a0e: 6e10 48d4 0100                         |036f: invoke-virtual {v1}, Ljava/lang/StringBuilder;.toString:()Ljava/lang/String; // method@d448
/Users/bob/Documents/Codex/2026-08-03-fire-os-7-framework-amazon-fire/decompiled/baksmali/vdexExtractor/services/disassembly.log	setEnabledSetting	java.lang.StringBuilder::toString	953947	2d4b4c: 6e10 48d4 0200                         |040e: invoke-virtual {v2}, Ljava/lang/StringBuilder;.toString:()Ljava/lang/String; // method@d448
/Users/bob/Documents/Codex/2026-08-03-fire-os-7-framework-amazon-fire/decompiled/baksmali/vdexExtractor/services/disassembly.log	setEnabledSetting	java.lang.StringBuilder::toString	954032	2d4c5a: 6e10 48d4 0200                         |0495: invoke-virtual {v2}, Ljava/lang/StringBuilder;.toString:()Ljava/lang/String; // method@d448
/Users/bob/Documents/Codex/2026-08-03-fire-os-7-framework-amazon-fire/decompiled/baksmali/vdexExtractor/services/disassembly.log	setEnabledSetting	java.lang.StringBuilder::toString	954205	2d4eaa: 6e10 48d4 0100                         |05bd: invoke-virtual {v1}, Ljava/lang/StringBuilder;.toString:()Ljava/lang/String; // method@d448
/Users/bob/Documents/Codex/2026-08-03-fire-os-7-framework-amazon-fire/decompiled/baksmali/vdexExtractor/services/disassembly.log	setEnabledSetting	java.lang.StringBuilder::toString	954229	2d4f0c: 6e10 48d4 0100                         |05ee: invoke-virtual {v1}, Ljava/lang/StringBuilder;.toString:()Ljava/lang/String; // method@d448
/Users/bob/Documents/Codex/2026-08-03-fire-os-7-framework-amazon-fire/decompiled/baksmali/vdexExtractor/services/disassembly.log	setEnabledSetting	java.lang.StringBuilder::toString	954245	2d4f52: 6e10 48d4 0400                         |0611: invoke-virtual {v4}, Ljava/lang/StringBuilder;.toString:()Ljava/lang/String; // method@d448
/Users/bob/Documents/Codex/2026-08-03-fire-os-7-framework-amazon-fire/decompiled/baksmali/vdexExtractor/services/disassembly.log	setEnabledSetting	java.util.ArrayList::<init>	954122	2d4d86: 7010 9dd5 0600                         |052b: invoke-direct {v6}, Ljava/util/ArrayList;.<init>:()V // method@d59d
/Users/bob/Documents/Codex/2026-08-03-fire-os-7-framework-amazon-fire/decompiled/baksmali/vdexExtractor/services/disassembly.log	setEnabledSetting	java.util.ArrayList::add	954132	2d4daa: 6e20 a1d5 6000                         |053d: invoke-virtual {v0, v6}, Ljava/util/ArrayList;.add:(Ljava/lang/Object;)Z // method@d5a1
/Users/bob/Documents/Codex/2026-08-03-fire-os-7-framework-amazon-fire/decompiled/baksmali/vdexExtractor/services/disassembly.log	setEnabledSetting	java.util.ArrayList::contains	954129	2d4d9e: 6e20 a6d5 6000                         |0537: invoke-virtual {v0, v6}, Ljava/util/ArrayList;.contains:(Ljava/lang/Object;)Z // method@d5a6
/Users/bob/Documents/Codex/2026-08-03-fire-os-7-framework-amazon-fire/decompiled/baksmali/vdexExtractor/services/disassembly.log	startDockOrHome	android.app.ActivityManager::getService	988387	31e6e6: 7100 ab00 0000                         |0000: invoke-static {}, Landroid/app/ActivityManager;.getService:()Landroid/app/IActivityManager; // method@00ab
/Users/bob/Documents/Codex/2026-08-03-fire-os-7-framework-amazon-fire/decompiled/baksmali/vdexExtractor/services/disassembly.log	startDockOrHome	android.app.IActivityManager::stopAppSwitches	988389	31e6ee: 7210 2802 0000                         |0004: invoke-interface {v0}, Landroid/app/IActivityManager;.stopAppSwitches:()V // method@0228
/Users/bob/Documents/Codex/2026-08-03-fire-os-7-framework-amazon-fire/decompiled/baksmali/vdexExtractor/services/disassembly.log	startDockOrHome	android.content.Intent::<init>	988419	31e75c: 7020 3706 2100                         |003b: invoke-direct {v1, v2}, Landroid/content/Intent;.<init>:(Landroid/content/Intent;)V // method@0637
/Users/bob/Documents/Codex/2026-08-03-fire-os-7-framework-amazon-fire/decompiled/baksmali/vdexExtractor/services/disassembly.log	startDockOrHome	android.content.Intent::putExtra	988401	31e720: 6e30 7106 1004                         |001d: invoke-virtual {v0, v1, v4}, Landroid/content/Intent;.putExtra:(Ljava/lang/String;Z)Landroid/content/Intent; // method@0671
/Users/bob/Documents/Codex/2026-08-03-fire-os-7-framework-amazon-fire/decompiled/baksmali/vdexExtractor/services/disassembly.log	startDockOrHome	android.content.Intent::putExtra	988421	31e766: 6e30 7106 2104                         |0040: invoke-virtual {v1, v2, v4}, Landroid/content/Intent;.putExtra:(Ljava/lang/String;Z)Landroid/content/Intent; // method@0671
/Users/bob/Documents/Codex/2026-08-03-fire-os-7-framework-amazon-fire/decompiled/baksmali/vdexExtractor/services/disassembly.log	startDockOrHome	android.os.UserHandle::CURRENT	988405	31e72c: 6201 2e0b                              |0023: sget-object v1, Landroid/os/UserHandle;.CURRENT:Landroid/os/UserHandle; // field@0b2e
/Users/bob/Documents/Codex/2026-08-03-fire-os-7-framework-amazon-fire/decompiled/baksmali/vdexExtractor/services/disassembly.log	startDockOrHome	android.os.UserHandle::CURRENT	988426	31e77c: 6202 2e0b                              |004b: sget-object v2, Landroid/os/UserHandle;.CURRENT:Landroid/os/UserHandle; // field@0b2e
/Users/bob/Documents/Codex/2026-08-03-fire-os-7-framework-amazon-fire/decompiled/baksmali/vdexExtractor/services/disassembly.log	startDockOrHome	com.android.server.policy.PhoneWindowManager::awakenDreams	988395	31e706: 7100 96ab 0000                         |0010: invoke-static {}, Lcom/android/server/policy/PhoneWindowManager;.awakenDreams:()V // method@ab96
/Users/bob/Documents/Codex/2026-08-03-fire-os-7-framework-amazon-fire/decompiled/baksmali/vdexExtractor/services/disassembly.log	startDockOrHome	com.android.server.policy.PhoneWindowManager::createHomeDockIntent	988396	31e70c: 6e10 acab 0300                         |0013: invoke-virtual {v3}, Lcom/android/server/policy/PhoneWindowManager;.createHomeDockIntent:()Landroid/content/Intent; // method@abac
/Users/bob/Documents/Codex/2026-08-03-fire-os-7-framework-amazon-fire/decompiled/baksmali/vdexExtractor/services/disassembly.log	startDockOrHome	com.android.server.policy.PhoneWindowManager::mContext	988411	31e73e: 5432 4155                              |002c: iget-object v2, v3, Lcom/android/server/policy/PhoneWindowManager;.mContext:Landroid/content/Context; // field@5541
/Users/bob/Documents/Codex/2026-08-03-fire-os-7-framework-amazon-fire/decompiled/baksmali/vdexExtractor/services/disassembly.log	startDockOrHome	com.android.server.policy.PhoneWindowManager::mHomeIntent	988418	31e758: 5432 7c55                              |0039: iget-object v2, v3, Lcom/android/server/policy/PhoneWindowManager;.mHomeIntent:Landroid/content/Intent; // field@557c
/Users/bob/Documents/Codex/2026-08-03-fire-os-7-framework-amazon-fire/decompiled/baksmali/vdexExtractor/services/disassembly.log	startDockOrHome	com.android.server.policy.PhoneWindowManager::mHomeIntent	988423	31e76e: 5431 7c55                              |0044: iget-object v1, v3, Lcom/android/server/policy/PhoneWindowManager;.mHomeIntent:Landroid/content/Intent; // field@557c
/Users/bob/Documents/Codex/2026-08-03-fire-os-7-framework-amazon-fire/decompiled/baksmali/vdexExtractor/services/disassembly.log	startDockOrHome	com.android.server.policy.PhoneWindowManager::mVendorCallbacks	988410	31e73a: 5431 1456                              |002a: iget-object v1, v3, Lcom/android/server/policy/PhoneWindowManager;.mVendorCallbacks:[Lcom/android/server/policy/VendorPhoneWindowManagerCallback; // field@5614
/Users/bob/Documents/Codex/2026-08-03-fire-os-7-framework-amazon-fire/decompiled/baksmali/vdexExtractor/services/disassembly.log	startDockOrHome	com.android.server.policy.PhoneWindowManager::mVendorCallbacks	988424	31e772: 5432 1456                              |0046: iget-object v2, v3, Lcom/android/server/policy/PhoneWindowManager;.mVendorCallbacks:[Lcom/android/server/policy/VendorPhoneWindowManagerCallback; // field@5614
/Users/bob/Documents/Codex/2026-08-03-fire-os-7-framework-amazon-fire/decompiled/baksmali/vdexExtractor/services/disassembly.log	startDockOrHome	com.android.server.policy.PhoneWindowManager::sendCloseSystemWindows	988393	31e6fc: 6e20 67ac 0300                         |000b: invoke-virtual {v3, v0}, Lcom/android/server/policy/PhoneWindowManager;.sendCloseSystemWindows:(Ljava/lang/String;)V // method@ac67
/Users/bob/Documents/Codex/2026-08-03-fire-os-7-framework-amazon-fire/decompiled/baksmali/vdexExtractor/services/disassembly.log	startDockOrHome	com.android.server.policy.PhoneWindowManager::startActivityAsUser	988406	31e730: 7030 90ac 0301                         |0025: invoke-direct {v3, v0, v1}, Lcom/android/server/policy/PhoneWindowManager;.startActivityAsUser:(Landroid/content/Intent;Landroid/os/UserHandle;)V // method@ac90
/Users/bob/Documents/Codex/2026-08-03-fire-os-7-framework-amazon-fire/decompiled/baksmali/vdexExtractor/services/disassembly.log	startDockOrHome	com.android.server.policy.PhoneWindowManager::startActivityAsUser	988427	31e780: 7030 90ac 1302                         |004d: invoke-direct {v3, v1, v2}, Lcom/android/server/policy/PhoneWindowManager;.startActivityAsUser:(Landroid/content/Intent;Landroid/os/UserHandle;)V // method@ac90
/Users/bob/Documents/Codex/2026-08-03-fire-os-7-framework-amazon-fire/decompiled/baksmali/vdexExtractor/services/disassembly.log	startDockOrHome	com.android.server.policy.VendorPhoneWindowManagerCallback::callCustomDockOrHome	988412	31e742: 7120 17ad 2100                         |002e: invoke-static {v1, v2}, Lcom/android/server/policy/VendorPhoneWindowManagerCallback;.callCustomDockOrHome:([Lcom/android/server/policy/VendorPhoneWindowManagerCallback;Landroid/content/Context;)Z // method@ad17
/Users/bob/Documents/Codex/2026-08-03-fire-os-7-framework-amazon-fire/decompiled/baksmali/vdexExtractor/services/disassembly.log	startDockOrHome	com.android.server.policy.VendorPhoneWindowManagerCallback::callOnStartDockOrHome	988425	31e776: 7120 29ad 1200                         |0048: invoke-static {v2, v1}, Lcom/android/server/policy/VendorPhoneWindowManagerCallback;.callOnStartDockOrHome:([Lcom/android/server/policy/VendorPhoneWindowManagerCallback;Landroid/content/Intent;)V // method@ad29
