file	caller	callee	line	text
decompiled/baksmali/vdexExtractor/fosservices/disassembly.log	<clinit>	com.amazon.connectivitydiag.backend.seven_one_one.ArrayElements$Label::NETWORK_CONGESTION_HOMEAP	125952	08f6d8: 6900 8316                              |029a: sput-object v0, Lcom/amazon/connectivitydiag/backend/seven_one_one/ArrayElements$Label;.NETWORK_CONGESTION_HOMEAP:Lcom/amazon/connectivitydiag/backend/seven_one_one/ArrayElements$Label; // field@1683
decompiled/baksmali/vdexExtractor/fosservices/disassembly.log	<clinit>	com.amazon.connectivitydiag.backend.seven_one_one.ArrayElements$Label::NETWORK_CONGESTION_HOMEAP	126120	08f980: 6201 8316                              |03ee: sget-object v1, Lcom/amazon/connectivitydiag/backend/seven_one_one/ArrayElements$Label;.NETWORK_CONGESTION_HOMEAP:Lcom/amazon/connectivitydiag/backend/seven_one_one/ArrayElements$Label; // field@1683
decompiled/baksmali/vdexExtractor/fosservices/disassembly.log	<clinit>	com.amazon.connectivitydiag.backend.seven_one_one.ArrayElements$Label::NETWORK_CONGESTION_HOMEAP	126433	08fbb8: 6201 8316                              |00d6: sget-object v1, Lcom/amazon/connectivitydiag/backend/seven_one_one/ArrayElements$Label;.NETWORK_CONGESTION_HOMEAP:Lcom/amazon/connectivitydiag/backend/seven_one_one/ArrayElements$Label; // field@1683
decompiled/baksmali/vdexExtractor/fosservices/disassembly.log	<clinit>	com.amazon.connectivitydiag.backend.seven_one_one.ArrayElements$Label::NETWORK_CONGESTION_HOMEAP	128462	091826: 6201 8316                              |0234: sget-object v1, Lcom/amazon/connectivitydiag/backend/seven_one_one/ArrayElements$Label;.NETWORK_CONGESTION_HOMEAP:Lcom/amazon/connectivitydiag/backend/seven_one_one/ArrayElements$Label; // field@1683
decompiled/baksmali/vdexExtractor/fosservices/disassembly.log	<clinit>	com.amazon.connectivitydiag.backend.seven_one_one.ArrayElements$Label::SIGNAL_HOMEAP	125928	08f670: 6900 8716                              |0266: sput-object v0, Lcom/amazon/connectivitydiag/backend/seven_one_one/ArrayElements$Label;.SIGNAL_HOMEAP:Lcom/amazon/connectivitydiag/backend/seven_one_one/ArrayElements$Label; // field@1687
decompiled/baksmali/vdexExtractor/fosservices/disassembly.log	<clinit>	com.amazon.connectivitydiag.backend.seven_one_one.ArrayElements$Label::SIGNAL_HOMEAP	126108	08f950: 6201 8716                              |03d6: sget-object v1, Lcom/amazon/connectivitydiag/backend/seven_one_one/ArrayElements$Label;.SIGNAL_HOMEAP:Lcom/amazon/connectivitydiag/backend/seven_one_one/ArrayElements$Label; // field@1687
decompiled/baksmali/vdexExtractor/fosservices/disassembly.log	<clinit>	com.amazon.connectivitydiag.backend.seven_one_one.ArrayElements$Label::SIGNAL_HOMEAP	126406	08fb64: 6201 8716                              |00ac: sget-object v1, Lcom/amazon/connectivitydiag/backend/seven_one_one/ArrayElements$Label;.SIGNAL_HOMEAP:Lcom/amazon/connectivitydiag/backend/seven_one_one/ArrayElements$Label; // field@1687
decompiled/baksmali/vdexExtractor/fosservices/disassembly.log	<clinit>	com.amazon.connectivitydiag.backend.seven_one_one.ArrayElements$Label::SIGNAL_HOMEAP	128435	0917d2: 6201 8716                              |020a: sget-object v1, Lcom/amazon/connectivitydiag/backend/seven_one_one/ArrayElements$Label;.SIGNAL_HOMEAP:Lcom/amazon/connectivitydiag/backend/seven_one_one/ArrayElements$Label; // field@1687
decompiled/baksmali/vdexExtractor/fosservices/disassembly.log	<clinit>	com.amazon.policy.keypolicymanager.HomeEventHandler::DEBUG	141188	09cfe6: 6a00 1b19                              |0002: sput-boolean v0, Lcom/amazon/policy/keypolicymanager/HomeEventHandler;.DEBUG:Z // field@191b
decompiled/baksmali/vdexExtractor/fosservices/disassembly.log	<clinit>	com.google.common.base.StandardSystemProperty::JAVA_HOME	215406	0e99e4: 6900 aa28                              |002e: sput-object v0, Lcom/google/common/base/StandardSystemProperty;.JAVA_HOME:Lcom/google/common/base/StandardSystemProperty; // field@28aa
decompiled/baksmali/vdexExtractor/fosservices/disassembly.log	<clinit>	com.google.common.base.StandardSystemProperty::JAVA_HOME	215559	0e9c70: 6201 aa28                              |0174: sget-object v1, Lcom/google/common/base/StandardSystemProperty;.JAVA_HOME:Lcom/google/common/base/StandardSystemProperty; // field@28aa
decompiled/baksmali/vdexExtractor/fosservices/disassembly.log	<clinit>	com.google.common.base.StandardSystemProperty::USER_HOME	215544	0e9c32: 6900 bf28                              |0155: sput-object v0, Lcom/google/common/base/StandardSystemProperty;.USER_HOME:Lcom/google/common/base/StandardSystemProperty; // field@28bf
decompiled/baksmali/vdexExtractor/fosservices/disassembly.log	<clinit>	com.google.common.base.StandardSystemProperty::USER_HOME	215619	0e9d60: 6201 bf28                              |01ec: sget-object v1, Lcom/google/common/base/StandardSystemProperty;.USER_HOME:Lcom/google/common/base/StandardSystemProperty; // field@28bf
decompiled/baksmali/vdexExtractor/fosservices/disassembly.log	<init>	com.amazon.android.service.amazonprofile.AmazonProfileService::mIsReleaseNoteStartedFromHomePress	78171	05a686: 5c30 3e0d                              |0010: iput-boolean v0, v3, Lcom/amazon/android/service/amazonprofile/AmazonProfileService;.mIsReleaseNoteStartedFromHomePress:Z // field@0d3e
decompiled/baksmali/vdexExtractor/fosservices/disassembly.log	<init>	com.amazon.policy.keypolicymanager.HomeEventHandler::mAmzPackageManager	141201	09d00a: 5b10 2219                              |000d: iput-object v0, v1, Lcom/amazon/policy/keypolicymanager/HomeEventHandler;.mAmzPackageManager:Lamazon/content/pm/AmazonPackageManager; // field@1922
decompiled/baksmali/vdexExtractor/fosservices/disassembly.log	<init>	com.amazon.policy.keypolicymanager.HomeEventHandler::mContext	141196	09cff6: 5b12 2319                              |0003: iput-object v2, v1, Lcom/amazon/policy/keypolicymanager/HomeEventHandler;.mContext:Landroid/content/Context; // field@1923
decompiled/baksmali/vdexExtractor/fosservices/disassembly.log	<init>	com.amazon.policy.keypolicymanager.HomeEventHandler::mContext	141197	09cffa: 5410 2319                              |0005: iget-object v0, v1, Lcom/amazon/policy/keypolicymanager/HomeEventHandler;.mContext:Landroid/content/Context; // field@1923
decompiled/baksmali/vdexExtractor/fosservices/disassembly.log	<init>	com.android.server.am.AmazonOomAdjPolicyHelper::mHomeAdjProcNames	180581	0c4a0e: 5b10 8f21                              |000c: iput-object v0, v1, Lcom/android/server/am/AmazonOomAdjPolicyHelper;.mHomeAdjProcNames:Ljava/util/Set; // field@218f
decompiled/baksmali/vdexExtractor/fosservices/disassembly.log	<init>	com.android.server.am.AmazonOomAdjPolicyHelper::mHomeProcName	180578	0c4a00: 5b10 9021                              |0005: iput-object v0, v1, Lcom/android/server/am/AmazonOomAdjPolicyHelper;.mHomeProcName:Ljava/lang/String; // field@2190
decompiled/baksmali/vdexExtractor/fosservices/disassembly.log	<init>	com.android.server.am.GameModeActivityManagerServiceProxy::mIsHomeProcessWhitelisted	188301	0cbd58: 5c20 7422                              |0019: iput-boolean v0, v2, Lcom/android/server/am/GameModeActivityManagerServiceProxy;.mIsHomeProcessWhitelisted:Z // field@2274
decompiled/baksmali/vdexExtractor/fosservices/disassembly.log	access$2000	amazon.internal.SystemJumpTable::sActivityManagerService_mHomeProcess	3395	002ad2: 6200 4900                              |0000: sget-object v0, Lamazon/internal/SystemJumpTable;.sActivityManagerService_mHomeProcess:Ljava/lang/reflect/Field; // field@0049
decompiled/baksmali/vdexExtractor/fosservices/disassembly.log	access$400	com.amazon.android.internal.server.input.keymapping.appadapter.AppAdapterHandler::goHome	25954	02aa60: 7010 2510 0000                         |0000: invoke-direct {v0}, Lcom/amazon/android/internal/server/input/keymapping/appadapter/AppAdapterHandler;.goHome:()V // method@1025
decompiled/baksmali/vdexExtractor/fosservices/disassembly.log	access$7200	com.amazon.android.service.amazonprofile.AmazonProfileService::mIsReleaseNoteStartedFromHomePress	78756	0596e6: 5510 3e0d                              |0000: iget-boolean v0, v1, Lcom/amazon/android/service/amazonprofile/AmazonProfileService;.mIsReleaseNoteStartedFromHomePress:Z // field@0d3e
decompiled/baksmali/vdexExtractor/fosservices/disassembly.log	access$7202	com.amazon.android.service.amazonprofile.AmazonProfileService::mIsReleaseNoteStartedFromHomePress	78762	0596f0: 5c01 3e0d                              |0000: iput-boolean v1, v0, Lcom/amazon/android/service/amazonprofile/AmazonProfileService;.mIsReleaseNoteStartedFromHomePress:Z // field@0d3e
decompiled/baksmali/vdexExtractor/fosservices/disassembly.log	canSeeHomeTask	android.content.Context::getPackageManager	136944	098a4a: 6e10 4002 0800                         |0024: invoke-virtual {v8}, Landroid/content/Context;.getPackageManager:()Landroid/content/pm/PackageManager; // method@0240
decompiled/baksmali/vdexExtractor/fosservices/disassembly.log	canSeeHomeTask	android.content.pm.ApplicationInfo::packageName	136946	098a52: 5404 0801                              |0028: iget-object v4, v0, Landroid/content/pm/ApplicationInfo;.packageName:Ljava/lang/String; // field@0108
decompiled/baksmali/vdexExtractor/fosservices/disassembly.log	canSeeHomeTask	android.content.pm.ApplicationInfo::seInfo	136928	098a10: 5402 0b01                              |0007: iget-object v2, v0, Landroid/content/pm/ApplicationInfo;.seInfo:Ljava/lang/String; // field@010b
decompiled/baksmali/vdexExtractor/fosservices/disassembly.log	canSeeHomeTask	android.content.pm.ApplicationInfo::seInfo	136932	098a1e: 5403 0b01                              |000e: iget-object v3, v0, Landroid/content/pm/ApplicationInfo;.seInfo:Ljava/lang/String; // field@010b
decompiled/baksmali/vdexExtractor/fosservices/disassembly.log	canSeeHomeTask	android.content.pm.PackageManager::checkSignatures	136948	098a5a: 6e30 be02 4205                         |002c: invoke-virtual {v2, v4, v5}, Landroid/content/pm/PackageManager;.checkSignatures:(Ljava/lang/String;Ljava/lang/String;)I // method@02be
decompiled/baksmali/vdexExtractor/fosservices/disassembly.log	canSeeHomeTask	android.os.SELinux::checkSELinuxAccess	136939	098a3a: 7140 2d0c 3254                         |001c: invoke-static {v2, v3, v4, v5}, Landroid/os/SELinux;.checkSELinuxAccess:(Ljava/lang/String;Ljava/lang/String;Ljava/lang/String;Ljava/lang/String;)Z // method@0c2d
decompiled/baksmali/vdexExtractor/fosservices/disassembly.log	canSeeHomeTask	android.os.SELinux::getAppContext	136933	098a22: 7120 2e0c 3200                         |0010: invoke-static {v2, v3}, Landroid/os/SELinux;.getAppContext:(ILjava/lang/String;)Ljava/lang/String; // method@0c2e
decompiled/baksmali/vdexExtractor/fosservices/disassembly.log	canSeeHomeTask	android.os.SELinux::getContext	136935	098a2a: 7100 2f0c 0000                         |0014: invoke-static {}, Landroid/os/SELinux;.getContext:()Ljava/lang/String; // method@0c2f
decompiled/baksmali/vdexExtractor/fosservices/disassembly.log	canSeeHomeTask	com.amazon.launcherhijackpreventer.LauncherHijackPreventerActivityStackCallback::getAppInfo	136924	098a02: 7030 7d29 7608                         |0000: invoke-direct {v6, v7, v8}, Lcom/amazon/launcherhijackpreventer/LauncherHijackPreventerActivityStackCallback;.getAppInfo:(ILandroid/content/Context;)Landroid/content/pm/ApplicationInfo; // method@297d
decompiled/baksmali/vdexExtractor/fosservices/disassembly.log	checkIfHomeProc	com.android.server.am.AmazonOomAdjPolicyHelper::getHomeProc	180612	0c48f8: 6e10 b234 0200                         |0004: invoke-virtual {v2}, Lcom/android/server/am/AmazonOomAdjPolicyHelper;.getHomeProc:()Lcom/android/server/am/ProcessRecord; // method@34b2
decompiled/baksmali/vdexExtractor/fosservices/disassembly.log	checkKillAppGoingIntoBgLocked	amazon.internal.SystemJumpTable$ActivityManagerService::getMHomeProcess	39832	036804: 6e10 5600 0000                         |0006: invoke-virtual {v0}, Lamazon/internal/SystemJumpTable$ActivityManagerService;.getMHomeProcess:()Lamazon/internal/SystemJumpTable$ProcessRecord; // method@0056
decompiled/baksmali/vdexExtractor/fosservices/disassembly.log	getCustomHomeReceiver	android.os.Bundle::containsKey	141211	09cfc0: 6e20 f80a 1000                         |0008: invoke-virtual {v0, v1}, Landroid/os/Bundle;.containsKey:(Ljava/lang/String;)Z // method@0af8
decompiled/baksmali/vdexExtractor/fosservices/disassembly.log	getCustomHomeReceiver	android.os.Bundle::getString	141215	09cfd0: 6e20 010b 1000                         |0010: invoke-virtual {v0, v1}, Landroid/os/Bundle;.getString:(Ljava/lang/String;)Ljava/lang/String; // method@0b01
decompiled/baksmali/vdexExtractor/fosservices/disassembly.log	getCustomHomeReceiver	com.amazon.policy.keypolicymanager.HomeEventHandler::getMetaDataBundle	141207	09cfb0: 7020 242b 3200                         |0000: invoke-direct {v2, v3}, Lcom/amazon/policy/keypolicymanager/HomeEventHandler;.getMetaDataBundle:(Ljava/lang/String;)Landroid/os/Bundle; // method@2b24
decompiled/baksmali/vdexExtractor/fosservices/disassembly.log	getHomeProc	amazon.internal.SystemJumpTable$ActivityManagerService::getMHomeProcess	180627	0c49c2: 6e10 5600 0000                         |0007: invoke-virtual {v0}, Lamazon/internal/SystemJumpTable$ActivityManagerService;.getMHomeProcess:()Lamazon/internal/SystemJumpTable$ProcessRecord; // method@0056
decompiled/baksmali/vdexExtractor/fosservices/disassembly.log	getHomeProc	amazon.internal.SystemJumpTable$ProcessRecord::getRecord	180630	0c49ce: 6e10 bb00 0000                         |000d: invoke-virtual {v0}, Lamazon/internal/SystemJumpTable$ProcessRecord;.getRecord:()Ljava/lang/Object; // method@00bb
decompiled/baksmali/vdexExtractor/fosservices/disassembly.log	getHomeProc	android.util.Slog::w	180638	0c49e6: 7120 210d 2000                         |0019: invoke-static {v0, v2}, Landroid/util/Slog;.w:(Ljava/lang/String;Ljava/lang/String;)I // method@0d21
decompiled/baksmali/vdexExtractor/fosservices/disassembly.log	getHomeProc	com.android.server.am.AmazonOomAdjPolicyHelper::mActivityManagerServiceJumpTable	180623	0c49b4: 5430 8d21                              |0000: iget-object v0, v3, Lcom/android/server/am/AmazonOomAdjPolicyHelper;.mActivityManagerServiceJumpTable:Lamazon/internal/SystemJumpTable$ActivityManagerService; // field@218d
decompiled/baksmali/vdexExtractor/fosservices/disassembly.log	getHomeProc	com.android.server.am.AmazonOomAdjPolicyHelper::mActivityManagerServiceJumpTable	180626	0c49be: 5430 8d21                              |0005: iget-object v0, v3, Lcom/android/server/am/AmazonOomAdjPolicyHelper;.mActivityManagerServiceJumpTable:Lamazon/internal/SystemJumpTable$ActivityManagerService; // field@218d
decompiled/baksmali/vdexExtractor/fosservices/disassembly.log	getHomeProcessPid	amazon.internal.SystemJumpTable$ActivityManagerService::getMHomeProcess	188316	0cbcfa: 6e10 5600 0000                         |0002: invoke-virtual {v0}, Lamazon/internal/SystemJumpTable$ActivityManagerService;.getMHomeProcess:()Lamazon/internal/SystemJumpTable$ProcessRecord; // method@0056
decompiled/baksmali/vdexExtractor/fosservices/disassembly.log	getHomeProcessPid	amazon.internal.SystemJumpTable$ProcessRecord::getPid	188323	0cbd14: 6e10 b800 0000                         |000f: invoke-virtual {v0}, Lamazon/internal/SystemJumpTable$ProcessRecord;.getPid:()I // method@00b8
decompiled/baksmali/vdexExtractor/fosservices/disassembly.log	getHomeProcessPid	amazon.internal.SystemJumpTable$ProcessRecord::getRecord	188319	0cbd06: 6e10 bb00 0000                         |0008: invoke-virtual {v0}, Lamazon/internal/SystemJumpTable$ProcessRecord;.getRecord:()Ljava/lang/Object; // method@00bb
decompiled/baksmali/vdexExtractor/fosservices/disassembly.log	getHomeProcessPid	com.android.server.am.GameModeActivityManagerServiceProxy::mActivityManagerServiceJumpTable	188315	0cbcf6: 5420 7322                              |0000: iget-object v0, v2, Lcom/android/server/am/GameModeActivityManagerServiceProxy;.mActivityManagerServiceJumpTable:Lamazon/internal/SystemJumpTable$ActivityManagerService; // field@2273
decompiled/baksmali/vdexExtractor/fosservices/disassembly.log	getMHomeProcess	amazon.internal.SystemJumpTable$ActivityManagerService::mActivityManager	519	000690: 5431 1700                              |0004: iget-object v1, v3, Lamazon/internal/SystemJumpTable$ActivityManagerService;.mActivityManager:Lcom/android/server/am/ActivityManagerService; // field@0017
decompiled/baksmali/vdexExtractor/fosservices/disassembly.log	getMHomeProcess	amazon.internal.SystemJumpTable$ProcessRecord::<init>	524	0006a4: 7020 b500 0100                         |000e: invoke-direct {v1, v0}, Lamazon/internal/SystemJumpTable$ProcessRecord;.<init>:(Ljava/lang/Object;)V // method@00b5
decompiled/baksmali/vdexExtractor/fosservices/disassembly.log	getMHomeProcess	amazon.internal.SystemJumpTable::access$000	528	0006b0: 7100 e500 0000                         |0014: invoke-static {}, Lamazon/internal/SystemJumpTable;.access$000:()Ljava/lang/String; // method@00e5
decompiled/baksmali/vdexExtractor/fosservices/disassembly.log	getMHomeProcess	amazon.internal.SystemJumpTable::access$2000	517	000688: 7100 fe00 0000                         |0000: invoke-static {}, Lamazon/internal/SystemJumpTable;.access$2000:()Ljava/lang/reflect/Field; // method@00fe
decompiled/baksmali/vdexExtractor/fosservices/disassembly.log	getMHomeProcess	android.util.Slog::e	531	0006bc: 7130 1d0d 2100                         |001a: invoke-static {v1, v2, v0}, Landroid/util/Slog;.e:(Ljava/lang/String;Ljava/lang/String;Ljava/lang/Throwable;)I // method@0d1d
decompiled/baksmali/vdexExtractor/fosservices/disassembly.log	getMHomeProcess	java.lang.reflect.Field::get	520	000694: 6e20 b07a 1000                         |0006: invoke-virtual {v0, v1}, Ljava/lang/reflect/Field;.get:(Ljava/lang/Object;)Ljava/lang/Object; // method@7ab0
decompiled/baksmali/vdexExtractor/fosservices/disassembly.log	getMetaDataBundle	com.amazon.policy.keypolicymanager.HomeEventHandler::mAmzPackageManager	141226	09cd80: 5452 2219                              |0002: iget-object v2, v5, Lcom/amazon/policy/keypolicymanager/HomeEventHandler;.mAmzPackageManager:Lamazon/content/pm/AmazonPackageManager; // field@1922
decompiled/baksmali/vdexExtractor/fosservices/disassembly.log	getMetaDataBundle	com.amazon.policy.keypolicymanager.HomeEventHandler::mAmzPackageManager	141228	09cd88: 5452 2219                              |0006: iget-object v2, v5, Lcom/amazon/policy/keypolicymanager/HomeEventHandler;.mAmzPackageManager:Lamazon/content/pm/AmazonPackageManager; // field@1922
decompiled/baksmali/vdexExtractor/fosservices/disassembly.log	goHome	ambda$AppAdapterHandler$10DkcR3m2f5HrPsc92ZJ0q5JcQU::<init>	26043	02aae4: 7020 0e10 2000                         |0002: invoke-direct {v0, v2}, Lcom/amazon/android/internal/server/input/keymapping/appadapter/-$$Lambda$AppAdapterHandler$10DkcR3m2f5HrPsc92ZJ0q5JcQU;.<init>:(Lcom/amazon/android/internal/server/input/keymapping/appadapter/AppAdapterHandler;)V // method@100e
decompiled/baksmali/vdexExtractor/fosservices/disassembly.log	goHome	android.os.Handler::post	26045	02aaee: 6e20 310b 0100                         |0007: invoke-virtual {v1, v0}, Landroid/os/Handler;.post:(Ljava/lang/Runnable;)Z // method@0b31
decompiled/baksmali/vdexExtractor/fosservices/disassembly.log	goHome	com.amazon.android.internal.server.input.keymapping.appadapter.AppAdapterHandler::mHandler	26044	02aaea: 5421 a405                              |0005: iget-object v1, v2, Lcom/amazon/android/internal/server/input/keymapping/appadapter/AppAdapterHandler;.mHandler:Landroid/os/Handler; // field@05a4
decompiled/baksmali/vdexExtractor/fosservices/disassembly.log	handleCustomHome	amazon.content.pm.AmazonPackageManager::checkPermission	141303	09ce7e: 6e30 3100 4300                         |0020: invoke-virtual {v3, v4, v0}, Lamazon/content/pm/AmazonPackageManager;.checkPermission:(Ljava/lang/String;Ljava/lang/String;)I // method@0031
decompiled/baksmali/vdexExtractor/fosservices/disassembly.log	handleCustomHome	android.content.ComponentName::<init>	141318	09ceb8: 7030 1f02 0302                         |003d: invoke-direct {v3, v0, v2}, Landroid/content/ComponentName;.<init>:(Ljava/lang/String;Ljava/lang/String;)V // method@021f
decompiled/baksmali/vdexExtractor/fosservices/disassembly.log	handleCustomHome	android.content.ComponentName::getPackageName	141288	09ce44: 6e10 2302 0800                         |0003: invoke-virtual {v8}, Landroid/content/ComponentName;.getPackageName:()Ljava/lang/String; // method@0223
decompiled/baksmali/vdexExtractor/fosservices/disassembly.log	handleCustomHome	android.content.Context::sendBroadcastAsUser	141326	09cede: 6e40 5102 1354                         |0050: invoke-virtual {v3, v1, v4, v5}, Landroid/content/Context;.sendBroadcastAsUser:(Landroid/content/Intent;Landroid/os/UserHandle;Ljava/lang/String;)V // method@0251
decompiled/baksmali/vdexExtractor/fosservices/disassembly.log	handleCustomHome	android.content.Intent::<init>	141316	09ceae: 7020 6302 3100                         |0038: invoke-direct {v1, v3}, Landroid/content/Intent;.<init>:(Ljava/lang/String;)V // method@0263
decompiled/baksmali/vdexExtractor/fosservices/disassembly.log	handleCustomHome	android.content.Intent::setComponent	141319	09cebe: 6e20 8302 3100                         |0040: invoke-virtual {v1, v3}, Landroid/content/Intent;.setComponent:(Landroid/content/ComponentName;)Landroid/content/Intent; // method@0283
decompiled/baksmali/vdexExtractor/fosservices/disassembly.log	handleCustomHome	android.os.UserHandle::CURRENT	141324	09ced6: 6204 c703                              |004c: sget-object v4, Landroid/os/UserHandle;.CURRENT:Landroid/os/UserHandle; // field@03c7
decompiled/baksmali/vdexExtractor/fosservices/disassembly.log	handleCustomHome	android.util.Log::e	141294	09ce5a: 7120 050d 3200                         |000e: invoke-static {v2, v3}, Landroid/util/Log;.e:(Ljava/lang/String;Ljava/lang/String;)I // method@0d05
decompiled/baksmali/vdexExtractor/fosservices/disassembly.log	handleCustomHome	android.util.Log::i	141322	09cecc: 7120 080d 4300                         |0047: invoke-static {v3, v4}, Landroid/util/Log;.i:(Ljava/lang/String;Ljava/lang/String;)I // method@0d08
decompiled/baksmali/vdexExtractor/fosservices/disassembly.log	handleCustomHome	com.amazon.policy.keypolicymanager.HomeEventHandler::getCustomHomeReceiver	141296	09ce62: 7020 232b 0600                         |0012: invoke-direct {v6, v0}, Lcom/amazon/policy/keypolicymanager/HomeEventHandler;.getCustomHomeReceiver:(Ljava/lang/String;)Ljava/lang/String; // method@2b23
decompiled/baksmali/vdexExtractor/fosservices/disassembly.log	handleCustomHome	com.amazon.policy.keypolicymanager.HomeEventHandler::isEventFromGameController	141307	09ce8c: 7020 272b 7600                         |0027: invoke-direct {v6, v7}, Lcom/amazon/policy/keypolicymanager/HomeEventHandler;.isEventFromGameController:(Landroid/view/KeyEvent;)Z // method@2b27
decompiled/baksmali/vdexExtractor/fosservices/disassembly.log	handleCustomHome	com.amazon.policy.keypolicymanager.HomeEventHandler::mAmzPackageManager	141299	09ce6e: 5463 2219                              |0018: iget-object v3, v6, Lcom/amazon/policy/keypolicymanager/HomeEventHandler;.mAmzPackageManager:Lamazon/content/pm/AmazonPackageManager; // field@1922
decompiled/baksmali/vdexExtractor/fosservices/disassembly.log	handleCustomHome	com.amazon.policy.keypolicymanager.HomeEventHandler::mAmzPackageManager	141301	09ce76: 5463 2219                              |001c: iget-object v3, v6, Lcom/amazon/policy/keypolicymanager/HomeEventHandler;.mAmzPackageManager:Lamazon/content/pm/AmazonPackageManager; // field@1922
decompiled/baksmali/vdexExtractor/fosservices/disassembly.log	handleCustomHome	com.amazon.policy.keypolicymanager.HomeEventHandler::mContext	141323	09ced2: 5463 2319                              |004a: iget-object v3, v6, Lcom/amazon/policy/keypolicymanager/HomeEventHandler;.mContext:Landroid/content/Context; // field@1923
decompiled/baksmali/vdexExtractor/fosservices/disassembly.log	handleCustomHome	com.amazon.policy.keypolicymanager.HomeEventHandler::shouldInterceptForGameControllersOnly	141310	09ce98: 7020 282b 0600                         |002d: invoke-direct {v6, v0}, Lcom/amazon/policy/keypolicymanager/HomeEventHandler;.shouldInterceptForGameControllersOnly:(Ljava/lang/String;)Z // method@2b28
decompiled/baksmali/vdexExtractor/fosservices/disassembly.log	handleLongPressOnHome	android.content.Context::startServiceAsUser	141113	09cbb6: 6e30 5d02 0102                         |001c: invoke-virtual {v1, v0, v2}, Landroid/content/Context;.startServiceAsUser:(Landroid/content/Intent;Landroid/os/UserHandle;)Landroid/content/ComponentName; // method@025d
decompiled/baksmali/vdexExtractor/fosservices/disassembly.log	handleLongPressOnHome	android.content.Intent::<init>	141102	09cb82: 7010 6102 0000                         |0002: invoke-direct {v0}, Landroid/content/Intent;.<init>:()V // method@0261
decompiled/baksmali/vdexExtractor/fosservices/disassembly.log	handleLongPressOnHome	android.content.Intent::putExtra	141110	09cba8: 6e30 7a02 1002                         |0015: invoke-virtual {v0, v1, v2}, Landroid/content/Intent;.putExtra:(Ljava/lang/String;Ljava/lang/String;)Landroid/content/Intent; // method@027a
decompiled/baksmali/vdexExtractor/fosservices/disassembly.log	handleLongPressOnHome	android.content.Intent::setAction	141107	09cb9a: 6e20 8102 1000                         |000e: invoke-virtual {v0, v1}, Landroid/content/Intent;.setAction:(Ljava/lang/String;)Landroid/content/Intent; // method@0281
decompiled/baksmali/vdexExtractor/fosservices/disassembly.log	handleLongPressOnHome	android.content.Intent::setClassName	141105	09cb90: 6e30 8202 1002                         |0009: invoke-virtual {v0, v1, v2}, Landroid/content/Intent;.setClassName:(Ljava/lang/String;Ljava/lang/String;)Landroid/content/Intent; // method@0282
decompiled/baksmali/vdexExtractor/fosservices/disassembly.log	handleLongPressOnHome	android.os.UserHandle::OWNER	141112	09cbb2: 6202 c803                              |001a: sget-object v2, Landroid/os/UserHandle;.OWNER:Landroid/os/UserHandle; // field@03c8
decompiled/baksmali/vdexExtractor/fosservices/disassembly.log	handleLongPressOnHome	android.util.Log::e	314230	09d940: 7130 060d 3201                         |0028: invoke-static {v2, v3, v1}, Landroid/util/Log;.e:(Ljava/lang/String;Ljava/lang/String;Ljava/lang/Throwable;)I // method@0d06
decompiled/baksmali/vdexExtractor/fosservices/disassembly.log	handleLongPressOnHome	com.amazon.android.metrics.MetricEvent::addCounter	314223	09d924: 7240 ef10 1032                         |001a: invoke-interface {v0, v1, v2, v3}, Lcom/amazon/android/metrics/MetricEvent;.addCounter:(Ljava/lang/String;D)V // method@10ef
decompiled/baksmali/vdexExtractor/fosservices/disassembly.log	handleLongPressOnHome	com.amazon.android.metrics.MetricsFactory::createMetricEvent	314219	09d914: 7230 f710 1002                         |0012: invoke-interface {v0, v1, v2}, Lcom/amazon/android/metrics/MetricsFactory;.createMetricEvent:(Ljava/lang/String;Ljava/lang/String;)Lcom/amazon/android/metrics/MetricEvent; // method@10f7
decompiled/baksmali/vdexExtractor/fosservices/disassembly.log	handleLongPressOnHome	com.amazon.android.metrics.MetricsFactory::record	314225	09d92e: 7220 f810 0100                         |001f: invoke-interface {v1, v0}, Lcom/amazon/android/metrics/MetricsFactory;.record:(Lcom/amazon/android/metrics/MetricEvent;)V // method@10f8
decompiled/baksmali/vdexExtractor/fosservices/disassembly.log	handleLongPressOnHome	com.amazon.policy.keypolicymanager.AlexaOnTabletHandler::LOG_TAG	141109	09cba4: 6202 1219                              |0013: sget-object v2, Lcom/amazon/policy/keypolicymanager/AlexaOnTabletHandler;.LOG_TAG:Ljava/lang/String; // field@1912
decompiled/baksmali/vdexExtractor/fosservices/disassembly.log	handleLongPressOnHome	com.amazon.policy.keypolicymanager.AlexaOnTabletHandler::handleLongPressOnHome	314232	09d94a: 6e10 1b2b 0100                         |002d: invoke-virtual {v1}, Lcom/amazon/policy/keypolicymanager/AlexaOnTabletHandler;.handleLongPressOnHome:()I // method@2b1b
decompiled/baksmali/vdexExtractor/fosservices/disassembly.log	handleLongPressOnHome	com.amazon.policy.keypolicymanager.AlexaOnTabletHandler::mContext	141111	09cbae: 5431 1719                              |0018: iget-object v1, v3, Lcom/amazon/policy/keypolicymanager/AlexaOnTabletHandler;.mContext:Landroid/content/Context; // field@1917
decompiled/baksmali/vdexExtractor/fosservices/disassembly.log	handleLongPressOnHome	com.amazon.policy.keypolicymanager.TabletKeyPolicyManager::isKeyEventFromLunaController	314213	09d8fc: 7020 6b2b 0400                         |0006: invoke-direct {v4, v0}, Lcom/amazon/policy/keypolicymanager/TabletKeyPolicyManager;.isKeyEventFromLunaController:(Landroid/view/KeyEvent;)Z // method@2b6b
decompiled/baksmali/vdexExtractor/fosservices/disassembly.log	handleLongPressOnHome	com.amazon.policy.keypolicymanager.TabletKeyPolicyManager::mAlexaOnTabletHandler	314210	09d8f0: 5440 4c19                              |0000: iget-object v0, v4, Lcom/amazon/policy/keypolicymanager/TabletKeyPolicyManager;.mAlexaOnTabletHandler:Lcom/amazon/policy/keypolicymanager/AlexaOnTabletHandler; // field@194c
decompiled/baksmali/vdexExtractor/fosservices/disassembly.log	handleLongPressOnHome	com.amazon.policy.keypolicymanager.TabletKeyPolicyManager::mAlexaOnTabletHandler	314231	09d946: 5441 4c19                              |002b: iget-object v1, v4, Lcom/amazon/policy/keypolicymanager/TabletKeyPolicyManager;.mAlexaOnTabletHandler:Lcom/amazon/policy/keypolicymanager/AlexaOnTabletHandler; // field@194c
decompiled/baksmali/vdexExtractor/fosservices/disassembly.log	handleLongPressOnHome	com.amazon.policy.keypolicymanager.TabletKeyPolicyManager::mMetricsFactory	314216	09d908: 5440 5319                              |000c: iget-object v0, v4, Lcom/amazon/policy/keypolicymanager/TabletKeyPolicyManager;.mMetricsFactory:Lcom/amazon/android/metrics/MetricsFactory; // field@1953
decompiled/baksmali/vdexExtractor/fosservices/disassembly.log	handleLongPressOnHome	com.amazon.policy.keypolicymanager.TabletKeyPolicyManager::mMetricsFactory	314224	09d92a: 5441 5319                              |001d: iget-object v1, v4, Lcom/amazon/policy/keypolicymanager/TabletKeyPolicyManager;.mMetricsFactory:Lcom/amazon/android/metrics/MetricsFactory; // field@1953
decompiled/baksmali/vdexExtractor/fosservices/disassembly.log	handleLongPressOnHome	com.amazon.policy.keypolicymanager.TabletKeyPolicyManager::mOngoingHomeKeyEvent	314212	09d8f8: 5440 5419                              |0004: iget-object v0, v4, Lcom/amazon/policy/keypolicymanager/TabletKeyPolicyManager;.mOngoingHomeKeyEvent:Landroid/view/KeyEvent; // field@1954
decompiled/baksmali/vdexExtractor/fosservices/disassembly.log	handleLunaControllerHomeEvent	amazon.content.pm.AmazonPackageManager::getLaunchIntentForPackageForUser	141369	09cf6e: 6e30 3500 3104                         |0040: invoke-virtual {v1, v3, v4}, Lamazon/content/pm/AmazonPackageManager;.getLaunchIntentForPackageForUser:(Ljava/lang/String;I)Landroid/content/Intent; // method@0035
decompiled/baksmali/vdexExtractor/fosservices/disassembly.log	handleLunaControllerHomeEvent	android.app.ActivityManager::getCurrentUser	141367	09cf66: 7100 8e01 0000                         |003c: invoke-static {}, Landroid/app/ActivityManager;.getCurrentUser:()I // method@018e
decompiled/baksmali/vdexExtractor/fosservices/disassembly.log	handleLunaControllerHomeEvent	android.content.ComponentName::getPackageName	141342	09cf08: 6e10 2302 0700                         |000d: invoke-virtual {v7}, Landroid/content/ComponentName;.getPackageName:()Ljava/lang/String; // method@0223
decompiled/baksmali/vdexExtractor/fosservices/disassembly.log	handleLunaControllerHomeEvent	android.content.Context::startActivityAsUser	141382	09cfa4: 6e30 5902 0103                         |005b: invoke-virtual {v1, v0, v3}, Landroid/content/Context;.startActivityAsUser:(Landroid/content/Intent;Landroid/os/UserHandle;)V // method@0259
decompiled/baksmali/vdexExtractor/fosservices/disassembly.log	handleLunaControllerHomeEvent	android.content.Intent::<init>	141374	09cf82: 7020 6302 3100                         |004a: invoke-direct {v1, v3}, Landroid/content/Intent;.<init>:(Ljava/lang/String;)V // method@0263
decompiled/baksmali/vdexExtractor/fosservices/disassembly.log	handleLunaControllerHomeEvent	android.content.Intent::setData	141379	09cf96: 6e20 8402 1000                         |0054: invoke-virtual {v0, v1}, Landroid/content/Intent;.setData:(Landroid/net/Uri;)Landroid/content/Intent; // method@0284
decompiled/baksmali/vdexExtractor/fosservices/disassembly.log	handleLunaControllerHomeEvent	android.net.Uri::parse	141377	09cf8e: 7110 aa0a 0100                         |0050: invoke-static {v1}, Landroid/net/Uri;.parse:(Ljava/lang/String;)Landroid/net/Uri; // method@0aaa
decompiled/baksmali/vdexExtractor/fosservices/disassembly.log	handleLunaControllerHomeEvent	android.os.UserHandle::CURRENT	141381	09cfa0: 6203 c703                              |0059: sget-object v3, Landroid/os/UserHandle;.CURRENT:Landroid/os/UserHandle; // field@03c7
decompiled/baksmali/vdexExtractor/fosservices/disassembly.log	handleLunaControllerHomeEvent	android.util.Log::i	141360	09cf4c: 7120 080d 1000                         |002f: invoke-static {v0, v1}, Landroid/util/Log;.i:(Ljava/lang/String;Ljava/lang/String;)I // method@0d08
decompiled/baksmali/vdexExtractor/fosservices/disassembly.log	handleLunaControllerHomeEvent	android.view.KeyEvent::getAction	141334	09ceee: 6e10 620d 0600                         |0000: invoke-virtual {v6}, Landroid/view/KeyEvent;.getAction:()I // method@0d62
decompiled/baksmali/vdexExtractor/fosservices/disassembly.log	handleLunaControllerHomeEvent	android.view.KeyEvent::getDownTime	141350	09cf26: 6e10 650d 0600                         |001c: invoke-virtual {v6}, Landroid/view/KeyEvent;.getDownTime:()J // method@0d65
decompiled/baksmali/vdexExtractor/fosservices/disassembly.log	handleLunaControllerHomeEvent	android.view.KeyEvent::getEventTime	141348	09cf1e: 6e10 660d 0600                         |0018: invoke-virtual {v6}, Landroid/view/KeyEvent;.getEventTime:()J // method@0d66
decompiled/baksmali/vdexExtractor/fosservices/disassembly.log	handleLunaControllerHomeEvent	com.amazon.policy.keypolicymanager.HomeEventHandler::DEBUG	141356	09cf3c: 6300 1b19                              |0027: sget-boolean v0, Lcom/amazon/policy/keypolicymanager/HomeEventHandler;.DEBUG:Z // field@191b
decompiled/baksmali/vdexExtractor/fosservices/disassembly.log	handleLunaControllerHomeEvent	com.amazon.policy.keypolicymanager.HomeEventHandler::mAmzPackageManager	141363	09cf56: 5451 2219                              |0034: iget-object v1, v5, Lcom/amazon/policy/keypolicymanager/HomeEventHandler;.mAmzPackageManager:Lamazon/content/pm/AmazonPackageManager; // field@1922
decompiled/baksmali/vdexExtractor/fosservices/disassembly.log	handleLunaControllerHomeEvent	com.amazon.policy.keypolicymanager.HomeEventHandler::mAmzPackageManager	141365	09cf5e: 5451 2219                              |0038: iget-object v1, v5, Lcom/amazon/policy/keypolicymanager/HomeEventHandler;.mAmzPackageManager:Lamazon/content/pm/AmazonPackageManager; // field@1922
decompiled/baksmali/vdexExtractor/fosservices/disassembly.log	handleLunaControllerHomeEvent	com.amazon.policy.keypolicymanager.HomeEventHandler::mContext	141380	09cf9c: 5451 2319                              |0057: iget-object v1, v5, Lcom/amazon/policy/keypolicymanager/HomeEventHandler;.mContext:Landroid/content/Context; // field@1923
decompiled/baksmali/vdexExtractor/fosservices/disassembly.log	handleLunaControllerHomeEvent	java.lang.String::equals	141344	09cf10: 6e20 177a 3000                         |0011: invoke-virtual {v0, v3}, Ljava/lang/String;.equals:(Ljava/lang/Object;)Z // method@7a17
decompiled/baksmali/vdexExtractor/fosservices/disassembly.log	handleShortPressOnHome	android.content.ComponentName::getPackageName	314251	09d992: 6e10 2302 0000                         |0014: invoke-virtual {v0}, Landroid/content/ComponentName;.getPackageName:()Ljava/lang/String; // method@0223
decompiled/baksmali/vdexExtractor/fosservices/disassembly.log	handleShortPressOnHome	android.os.ServiceManager::getService	314246	09d97e: 7110 330c 0100                         |000a: invoke-static {v1}, Landroid/os/ServiceManager;.getService:(Ljava/lang/String;)Landroid/os/IBinder; // method@0c33
decompiled/baksmali/vdexExtractor/fosservices/disassembly.log	handleShortPressOnHome	android.os.UserHandle::myUserId	314253	09d99a: 7100 600c 0000                         |0018: invoke-static {}, Landroid/os/UserHandle;.myUserId:()I // method@0c60
decompiled/baksmali/vdexExtractor/fosservices/disassembly.log	handleShortPressOnHome	android.util.Log::e	314260	09d9b4: 7130 060d 2100                         |0025: invoke-static {v1, v2, v0}, Landroid/util/Log;.e:(Ljava/lang/String;Ljava/lang/String;Ljava/lang/Throwable;)I // method@0d06
decompiled/baksmali/vdexExtractor/fosservices/disassembly.log	handleShortPressOnHome	com.amazon.android.server.am.IAmazonActivityManager::checkKillAppGoingIntoBg	314255	09d9a2: 7230 a513 2103                         |001c: invoke-interface {v1, v2, v3}, Lcom/amazon/android/server/am/IAmazonActivityManager;.checkKillAppGoingIntoBg:(Ljava/lang/String;I)Z // method@13a5
decompiled/baksmali/vdexExtractor/fosservices/disassembly.log	handleShortPressOnHome	com.amazon.policy.keypolicymanager.HomeEventHandler::handleCustomHome	314267	09d9d2: 6e30 252b 1002                         |0034: invoke-virtual {v0, v1, v2}, Lcom/amazon/policy/keypolicymanager/HomeEventHandler;.handleCustomHome:(Landroid/view/KeyEvent;Landroid/content/ComponentName;)I // method@2b25
decompiled/baksmali/vdexExtractor/fosservices/disassembly.log	handleShortPressOnHome	com.amazon.policy.keypolicymanager.TabletKeyPolicyManager::getTopActivity	314241	09d96a: 6e10 652b 0400                         |0000: invoke-virtual {v4}, Lcom/amazon/policy/keypolicymanager/TabletKeyPolicyManager;.getTopActivity:()Landroid/content/ComponentName; // method@2b65
decompiled/baksmali/vdexExtractor/fosservices/disassembly.log	handleShortPressOnHome	com.amazon.policy.keypolicymanager.TabletKeyPolicyManager::getTopActivity	314265	09d9ca: 6e10 652b 0400                         |0030: invoke-virtual {v4}, Lcom/amazon/policy/keypolicymanager/TabletKeyPolicyManager;.getTopActivity:()Landroid/content/ComponentName; // method@2b65
decompiled/baksmali/vdexExtractor/fosservices/disassembly.log	handleShortPressOnHome	com.amazon.policy.keypolicymanager.TabletKeyPolicyManager::mAmazonActivityManager	314243	09d972: 5441 4d19                              |0004: iget-object v1, v4, Lcom/amazon/policy/keypolicymanager/TabletKeyPolicyManager;.mAmazonActivityManager:Lcom/amazon/android/server/am/IAmazonActivityManager; // field@194d
decompiled/baksmali/vdexExtractor/fosservices/disassembly.log	handleShortPressOnHome	com.amazon.policy.keypolicymanager.TabletKeyPolicyManager::mAmazonActivityManager	314249	09d98a: 5b41 4d19                              |0010: iput-object v1, v4, Lcom/amazon/policy/keypolicymanager/TabletKeyPolicyManager;.mAmazonActivityManager:Lcom/amazon/android/server/am/IAmazonActivityManager; // field@194d
decompiled/baksmali/vdexExtractor/fosservices/disassembly.log	handleShortPressOnHome	com.amazon.policy.keypolicymanager.TabletKeyPolicyManager::mAmazonActivityManager	314250	09d98e: 5441 4d19                              |0012: iget-object v1, v4, Lcom/amazon/policy/keypolicymanager/TabletKeyPolicyManager;.mAmazonActivityManager:Lcom/amazon/android/server/am/IAmazonActivityManager; // field@194d
decompiled/baksmali/vdexExtractor/fosservices/disassembly.log	handleShortPressOnHome	com.amazon.policy.keypolicymanager.TabletKeyPolicyManager::mHomeEventHandler	314261	09d9ba: 5440 4f19                              |0028: iget-object v0, v4, Lcom/amazon/policy/keypolicymanager/TabletKeyPolicyManager;.mHomeEventHandler:Lcom/amazon/policy/keypolicymanager/HomeEventHandler; // field@194f
decompiled/baksmali/vdexExtractor/fosservices/disassembly.log	handleShortPressOnHome	com.amazon.policy.keypolicymanager.TabletKeyPolicyManager::mHomeEventHandler	314263	09d9c2: 5440 4f19                              |002c: iget-object v0, v4, Lcom/amazon/policy/keypolicymanager/TabletKeyPolicyManager;.mHomeEventHandler:Lcom/amazon/policy/keypolicymanager/HomeEventHandler; // field@194f
decompiled/baksmali/vdexExtractor/fosservices/disassembly.log	handleShortPressOnHome	com.amazon.policy.keypolicymanager.TabletKeyPolicyManager::mOngoingHomeKeyEvent	314264	09d9c6: 5441 5419                              |002e: iget-object v1, v4, Lcom/amazon/policy/keypolicymanager/TabletKeyPolicyManager;.mOngoingHomeKeyEvent:Landroid/view/KeyEvent; // field@1954
decompiled/baksmali/vdexExtractor/fosservices/disassembly.log	init	com.android.server.am.AmazonOomAdjPolicyHelper::mHomeAdjProcNames	180689	0c4a86: 5431 8f21                              |0013: iget-object v1, v3, Lcom/android/server/am/AmazonOomAdjPolicyHelper;.mHomeAdjProcNames:Ljava/util/Set; // field@218f
decompiled/baksmali/vdexExtractor/fosservices/disassembly.log	init	com.android.server.am.AmazonOomAdjPolicyHelper::mHomeProcName	180688	0c4a82: 5b31 9021                              |0011: iput-object v1, v3, Lcom/android/server/am/AmazonOomAdjPolicyHelper;.mHomeProcName:Ljava/lang/String; // field@2190
decompiled/baksmali/vdexExtractor/fosservices/disassembly.log	isHomeAdj	com.android.server.am.AmazonOomAdjPolicyHelper::mHomeAdjProcNames	180711	0c4990: 5410 8f21                              |0000: iget-object v0, v1, Lcom/android/server/am/AmazonOomAdjPolicyHelper;.mHomeAdjProcNames:Ljava/util/Set; // field@218f
decompiled/baksmali/vdexExtractor/fosservices/disassembly.log	isHomeAdj	java.util.Set::contains	180712	0c4994: 7220 3f7d 2000                         |0002: invoke-interface {v0, v2}, Ljava/util/Set;.contains:(Ljava/lang/Object;)Z // method@7d3f
decompiled/baksmali/vdexExtractor/fosservices/disassembly.log	isHomeProc	com.android.server.am.AmazonOomAdjPolicyHelper::mHomeProcName	180719	0c49a2: 5410 9021                              |0000: iget-object v0, v1, Lcom/android/server/am/AmazonOomAdjPolicyHelper;.mHomeProcName:Ljava/lang/String; // field@2190
decompiled/baksmali/vdexExtractor/fosservices/disassembly.log	isHomeProc	java.lang.String::equals	180720	0c49a6: 6e20 177a 2000                         |0002: invoke-virtual {v0, v2}, Ljava/lang/String;.equals:(Ljava/lang/Object;)Z // method@7a17
decompiled/baksmali/vdexExtractor/fosservices/disassembly.log	isOnHomeStack	android.app.ActivityManager$StackInfo::configuration	40348	0369e8: 5434 f100                              |000f: iget-object v4, v3, Landroid/app/ActivityManager$StackInfo;.configuration:Landroid/content/res/Configuration; // field@00f1
decompiled/baksmali/vdexExtractor/fosservices/disassembly.log	isOnHomeStack	android.app.ActivityManager::getService	40343	0369d4: 7100 9101 0000                         |0005: invoke-static {}, Landroid/app/ActivityManager;.getService:()Landroid/app/IActivityManager; // method@0191
decompiled/baksmali/vdexExtractor/fosservices/disassembly.log	isOnHomeStack	android.app.IActivityManager::getFocusedStackInfo	40345	0369dc: 7210 bb01 0300                         |0009: invoke-interface {v3}, Landroid/app/IActivityManager;.getFocusedStackInfo:()Landroid/app/ActivityManager$StackInfo; // method@01bb
decompiled/baksmali/vdexExtractor/fosservices/disassembly.log	isOnHomeStack	android.app.WindowConfiguration::getActivityType	40350	0369f0: 6e10 ec01 0400                         |0013: invoke-virtual {v4}, Landroid/app/WindowConfiguration;.getActivityType:()I // method@01ec
decompiled/baksmali/vdexExtractor/fosservices/disassembly.log	isOnHomeStack	android.content.res.Configuration::windowConfiguration	40349	0369ec: 5444 2e01                              |0011: iget-object v4, v4, Landroid/content/res/Configuration;.windowConfiguration:Landroid/app/WindowConfiguration; // field@012e
decompiled/baksmali/vdexExtractor/fosservices/disassembly.log	isOnHomeStack	android.os.Binder::clearCallingIdentity	40340	0369ca: 7100 ed0a 0000                         |0000: invoke-static {}, Landroid/os/Binder;.clearCallingIdentity:()J // method@0aed
decompiled/baksmali/vdexExtractor/fosservices/disassembly.log	isOnHomeStack	android.os.Binder::restoreCallingIdentity	40360	036a06: 7120 f30a 1000                         |001e: invoke-static {v0, v1}, Landroid/os/Binder;.restoreCallingIdentity:(J)V // method@0af3
decompiled/baksmali/vdexExtractor/fosservices/disassembly.log	isOnHomeStack	android.util.Slog::e	40372	036a3a: 7120 1c0d 5400                         |0038: invoke-static {v4, v5}, Landroid/util/Slog;.e:(Ljava/lang/String;Ljava/lang/String;)I // method@0d1c
decompiled/baksmali/vdexExtractor/fosservices/disassembly.log	isOnHomeStack	com.amazon.android.server.am.AmazonActivityManagerService::access$100	40363	036a10: 7100 8713 0000                         |0023: invoke-static {}, Lcom/amazon/android/server/am/AmazonActivityManagerService;.access$100:()Ljava/lang/String; // method@1387
decompiled/baksmali/vdexExtractor/fosservices/disassembly.log	isOnHomeStack	java.lang.StringBuilder::<init>	40366	036a1c: 7010 4a7a 0500                         |0029: invoke-direct {v5}, Ljava/lang/StringBuilder;.<init>:()V // method@7a4a
decompiled/baksmali/vdexExtractor/fosservices/disassembly.log	isOnHomeStack	java.lang.StringBuilder::append	40368	036a26: 6e20 557a 6500                         |002e: invoke-virtual {v5, v6}, Ljava/lang/StringBuilder;.append:(Ljava/lang/String;)Ljava/lang/StringBuilder; // method@7a55
decompiled/baksmali/vdexExtractor/fosservices/disassembly.log	isOnHomeStack	java.lang.StringBuilder::append	40369	036a2c: 6e20 547a 3500                         |0031: invoke-virtual {v5, v3}, Ljava/lang/StringBuilder;.append:(Ljava/lang/Object;)Ljava/lang/StringBuilder; // method@7a54
decompiled/baksmali/vdexExtractor/fosservices/disassembly.log	isOnHomeStack	java.lang.StringBuilder::toString	40370	036a32: 6e10 5e7a 0500                         |0034: invoke-virtual {v5}, Ljava/lang/StringBuilder;.toString:()Ljava/lang/String; // method@7a5e
decompiled/baksmali/vdexExtractor/fosservices/disassembly.log	killAllBackgroundProcessesForGameMode	com.android.server.am.GameModeActivityManagerServiceProxy::getHomeProcessPid	188361	0cbddc: 7601 af35 1200                         |002b: invoke-direct/range {v18}, Lcom/android/server/am/GameModeActivityManagerServiceProxy;.getHomeProcessPid:()I // method@35af
decompiled/baksmali/vdexExtractor/fosservices/disassembly.log	killAllBackgroundProcessesForGameMode	com.android.server.am.GameModeActivityManagerServiceProxy::mIsHomeProcessWhitelisted	188359	0cbdd4: 5517 7422                              |0027: iget-boolean v7, v1, Lcom/android/server/am/GameModeActivityManagerServiceProxy;.mIsHomeProcessWhitelisted:Z // field@2274
decompiled/baksmali/vdexExtractor/fosservices/disassembly.log	lambda$goHome$3	android.content.Context::sendBroadcastAsUser	26104	02aba4: 6e30 5002 1203                         |002d: invoke-virtual {v2, v1, v3}, Landroid/content/Context;.sendBroadcastAsUser:(Landroid/content/Intent;Landroid/os/UserHandle;)V // method@0250
decompiled/baksmali/vdexExtractor/fosservices/disassembly.log	lambda$goHome$3	android.content.Context::startActivity	26093	02ab70: 6e20 5702 0100                         |0013: invoke-virtual {v1, v0}, Landroid/content/Context;.startActivity:(Landroid/content/Intent;)V // method@0257
decompiled/baksmali/vdexExtractor/fosservices/disassembly.log	lambda$goHome$3	android.content.Intent::<init>	26087	02ab52: 7020 6302 1000                         |0004: invoke-direct {v0, v1}, Landroid/content/Intent;.<init>:(Ljava/lang/String;)V // method@0263
decompiled/baksmali/vdexExtractor/fosservices/disassembly.log	lambda$goHome$3	android.content.Intent::<init>	26099	02ab8c: 7020 6302 2100                         |0021: invoke-direct {v1, v2}, Landroid/content/Intent;.<init>:(Ljava/lang/String;)V // method@0263
decompiled/baksmali/vdexExtractor/fosservices/disassembly.log	lambda$goHome$3	android.content.Intent::addCategory	26089	02ab5c: 6e20 6502 1000                         |0009: invoke-virtual {v0, v1}, Landroid/content/Intent;.addCategory:(Ljava/lang/String;)Landroid/content/Intent; // method@0265
decompiled/baksmali/vdexExtractor/fosservices/disassembly.log	lambda$goHome$3	android.content.Intent::addFlags	26091	02ab66: 6e20 6602 1000                         |000e: invoke-virtual {v0, v1}, Landroid/content/Intent;.addFlags:(I)Landroid/content/Intent; // method@0266
decompiled/baksmali/vdexExtractor/fosservices/disassembly.log	lambda$goHome$3	android.content.Intent::setPackage	26101	02ab96: 6e20 8602 2100                         |0026: invoke-virtual {v1, v2}, Landroid/content/Intent;.setPackage:(Ljava/lang/String;)Landroid/content/Intent; // method@0286
decompiled/baksmali/vdexExtractor/fosservices/disassembly.log	lambda$goHome$3	android.os.UserHandle::CURRENT	26103	02aba0: 6203 c703                              |002b: sget-object v3, Landroid/os/UserHandle;.CURRENT:Landroid/os/UserHandle; // field@03c7
decompiled/baksmali/vdexExtractor/fosservices/disassembly.log	lambda$goHome$3	android.util.Log::i	26096	02ab7e: 7120 080d 2100                         |001a: invoke-static {v1, v2}, Landroid/util/Log;.i:(Ljava/lang/String;Ljava/lang/String;)I // method@0d08
decompiled/baksmali/vdexExtractor/fosservices/disassembly.log	lambda$goHome$3	com.amazon.android.internal.server.input.keymapping.appadapter.AppAdapterHandler::TAG	26094	02ab76: 6201 9e05                              |0016: sget-object v1, Lcom/amazon/android/internal/server/input/keymapping/appadapter/AppAdapterHandler;.TAG:Ljava/lang/String; // field@059e
decompiled/baksmali/vdexExtractor/fosservices/disassembly.log	lambda$goHome$3	com.amazon.android.internal.server.input.keymapping.appadapter.AppAdapterHandler::mContext	26092	02ab6c: 5441 a205                              |0011: iget-object v1, v4, Lcom/amazon/android/internal/server/input/keymapping/appadapter/AppAdapterHandler;.mContext:Landroid/content/Context; // field@05a2
decompiled/baksmali/vdexExtractor/fosservices/disassembly.log	lambda$goHome$3	com.amazon.android.internal.server.input.keymapping.appadapter.AppAdapterHandler::mContext	26102	02ab9c: 5442 a205                              |0029: iget-object v2, v4, Lcom/amazon/android/internal/server/input/keymapping/appadapter/AppAdapterHandler;.mContext:Landroid/content/Context; // field@05a2
decompiled/baksmali/vdexExtractor/fosservices/disassembly.log	lambda$handleKeyEvent$1	com.amazon.android.internal.server.input.keymapping.appadapter.AppAdapterHandler::goHome	26136	02ac0e: 7010 2510 0600                         |002f: invoke-direct {v6}, Lcom/amazon/android/internal/server/input/keymapping/appadapter/AppAdapterHandler;.goHome:()V // method@1025
decompiled/baksmali/vdexExtractor/fosservices/disassembly.log	launchEchoShowHome	android.content.Context::startActivity	196274	0d2702: 6e20 5702 2600                         |0010: invoke-virtual {v6, v2}, Landroid/content/Context;.startActivity:(Landroid/content/Intent;)V // method@0257
decompiled/baksmali/vdexExtractor/fosservices/disassembly.log	launchEchoShowHome	android.util.Log::d	196277	0d2710: 7120 030d 4300                         |0017: invoke-static {v3, v4}, Landroid/util/Log;.d:(Ljava/lang/String;Ljava/lang/String;)I // method@0d03
decompiled/baksmali/vdexExtractor/fosservices/disassembly.log	launchEchoShowHome	com.amazon.android.modeswitch.common.api.HomeIntentProvider::getMultimodalHomeIntent	196272	0d26fa: 7210 2211 0000                         |000c: invoke-interface {v0}, Lcom/amazon/android/modeswitch/common/api/HomeIntentProvider;.getMultimodalHomeIntent:()Landroid/content/Intent; // method@1122
decompiled/baksmali/vdexExtractor/fosservices/disassembly.log	launchEchoShowHome	com.android.server.policy.AlexaModeSwitchManagerPhoneWindowManagerCallback$2::<init>	196271	0d26f4: 7020 4937 5000                         |0009: invoke-direct {v0, v5}, Lcom/android/server/policy/AlexaModeSwitchManagerPhoneWindowManagerCallback$2;.<init>:(Lcom/android/server/policy/AlexaModeSwitchManagerPhoneWindowManagerCallback;)V // method@3749
decompiled/baksmali/vdexExtractor/fosservices/disassembly.log	launchEchoShowHome	com.android.server.policy.AlexaModeSwitchManagerPhoneWindowManagerCallback::getMode	196266	0d26e2: 7020 5237 6500                         |0000: invoke-direct {v5, v6}, Lcom/android/server/policy/AlexaModeSwitchManagerPhoneWindowManagerCallback;.getMode:(Landroid/content/Context;)I // method@3752
decompiled/baksmali/vdexExtractor/fosservices/disassembly.log	launchHomeFromHotKey	android.content.Context::startActivityAsUser	141928	09d5da: 6e30 5902 0102                         |0016: invoke-virtual {v1, v0, v2}, Landroid/content/Context;.startActivityAsUser:(Landroid/content/Intent;Landroid/os/UserHandle;)V // method@0259
decompiled/baksmali/vdexExtractor/fosservices/disassembly.log	launchHomeFromHotKey	android.content.Intent::<init>	141921	09d5b8: 7030 6402 1002                         |0005: invoke-direct {v0, v1, v2}, Landroid/content/Intent;.<init>:(Ljava/lang/String;Landroid/net/Uri;)V // method@0264
decompiled/baksmali/vdexExtractor/fosservices/disassembly.log	launchHomeFromHotKey	android.content.Intent::addCategory	141923	09d5c2: 6e20 6502 1000                         |000a: invoke-virtual {v0, v1}, Landroid/content/Intent;.addCategory:(Ljava/lang/String;)Landroid/content/Intent; // method@0265
decompiled/baksmali/vdexExtractor/fosservices/disassembly.log	launchHomeFromHotKey	android.content.Intent::addFlags	141925	09d5cc: 6e20 6602 1000                         |000f: invoke-virtual {v0, v1}, Landroid/content/Intent;.addFlags:(I)Landroid/content/Intent; // method@0266
decompiled/baksmali/vdexExtractor/fosservices/disassembly.log	launchHomeFromHotKey	android.os.UserHandle::CURRENT	141927	09d5d6: 6202 c703                              |0014: sget-object v2, Landroid/os/UserHandle;.CURRENT:Landroid/os/UserHandle; // field@03c7
decompiled/baksmali/vdexExtractor/fosservices/disassembly.log	launchHomeFromHotKey	com.amazon.policy.keypolicymanager.KeyPolicyManagerCommon::mContext	141926	09d5d2: 5431 3c19                              |0012: iget-object v1, v3, Lcom/amazon/policy/keypolicymanager/KeyPolicyManagerCommon;.mContext:Landroid/content/Context; // field@193c
decompiled/baksmali/vdexExtractor/fosservices/disassembly.log	loadFields	amazon.internal.SystemJumpTable::sActivityManagerService_mHomeProcess	4331	00356a: 6902 4900                              |01b6: sput-object v2, Lamazon/internal/SystemJumpTable;.sActivityManagerService_mHomeProcess:Ljava/lang/reflect/Field; // field@0049
decompiled/baksmali/vdexExtractor/fosservices/disassembly.log	loadFields	amazon.internal.SystemJumpTable::sActivityManagerService_mHomeProcess	4332	00356e: 6202 4900                              |01b8: sget-object v2, Lamazon/internal/SystemJumpTable;.sActivityManagerService_mHomeProcess:Ljava/lang/reflect/Field; // field@0049
decompiled/baksmali/vdexExtractor/fosservices/disassembly.log	onCleanUpApplicationRecord	com.android.server.am.AmazonOomAdjPolicyHelper::getHomeProc	181243	0c52be: 6e10 b234 0000                         |0004: invoke-virtual {v0}, Lcom/android/server/am/AmazonOomAdjPolicyHelper;.getHomeProc:()Lcom/android/server/am/ProcessRecord; // method@34b2
decompiled/baksmali/vdexExtractor/fosservices/disassembly.log	onCleanUpApplicationRecord	com.android.server.am.AmazonOomAdjPolicyHelper::setHomeProc	181248	0c52d0: 6e20 b934 1000                         |000d: invoke-virtual {v0, v1}, Lcom/android/server/am/AmazonOomAdjPolicyHelper;.setHomeProc:(Lcom/android/server/am/ProcessRecord;)V // method@34b9
decompiled/baksmali/vdexExtractor/fosservices/disassembly.log	onProcessStarted	com.android.server.am.AmazonOomAdjPolicyHelper::isHomeAdj	181290	0c5360: 6e20 b634 0100                         |0017: invoke-virtual {v1, v0}, Lcom/android/server/am/AmazonOomAdjPolicyHelper;.isHomeAdj:(Ljava/lang/String;)Z // method@34b6
decompiled/baksmali/vdexExtractor/fosservices/disassembly.log	onProcessStarted	com.android.server.am.AmazonOomAdjPolicyHelper::isHomeProc	181284	0c5346: 6e20 b734 0100                         |000a: invoke-virtual {v1, v0}, Lcom/android/server/am/AmazonOomAdjPolicyHelper;.isHomeProc:(Ljava/lang/String;)Z // method@34b7
decompiled/baksmali/vdexExtractor/fosservices/disassembly.log	onProcessStarted	com.android.server.am.AmazonOomAdjPolicyHelper::setHomeProc	181288	0c5356: 6e20 b934 3100                         |0012: invoke-virtual {v1, v3}, Lcom/android/server/am/AmazonOomAdjPolicyHelper;.setHomeProc:(Lcom/android/server/am/ProcessRecord;)V // method@34b9
decompiled/baksmali/vdexExtractor/fosservices/disassembly.log	onSystemBooted	com.amazon.policy.keypolicymanager.HomeEventHandler::<init>	314301	09dbe4: 7020 222b 1000                         |000d: invoke-direct {v0, v1}, Lcom/amazon/policy/keypolicymanager/HomeEventHandler;.<init>:(Landroid/content/Context;)V // method@2b22
decompiled/baksmali/vdexExtractor/fosservices/disassembly.log	onSystemBooted	com.amazon.policy.keypolicymanager.TabletKeyPolicyManager::mHomeEventHandler	314302	09dbea: 5b20 4f19                              |0010: iput-object v0, v2, Lcom/amazon/policy/keypolicymanager/TabletKeyPolicyManager;.mHomeEventHandler:Lcom/amazon/policy/keypolicymanager/HomeEventHandler; // field@194f
decompiled/baksmali/vdexExtractor/fosservices/disassembly.log	onTrimMemoryHome	com.android.server.am.AmazonOomAdjPolicyHelper::scheduleTrimMemoryHome	181317	0c53be: 6e30 b834 3004                         |0016: invoke-virtual {v0, v3, v4}, Lcom/android/server/am/AmazonOomAdjPolicyHelper;.scheduleTrimMemoryHome:(Lcom/android/server/am/ProcessRecord;I)V // method@34b8
decompiled/baksmali/vdexExtractor/fosservices/disassembly.log	onTrimMemoryHome	com.android.server.am.AmazonOomAdjPolicyVendorAMSCallback::mHelper	181316	0c53ba: 5420 a621                              |0014: iget-object v0, v2, Lcom/android/server/am/AmazonOomAdjPolicyVendorAMSCallback;.mHelper:Lcom/android/server/am/AmazonOomAdjPolicyHelper; // field@21a6
decompiled/baksmali/vdexExtractor/fosservices/disassembly.log	onTrimMemoryHome	com.android.server.am.ProcessRecord::curProcState	181309	0c539e: 5230 aa22                              |0006: iget v0, v3, Lcom/android/server/am/ProcessRecord;.curProcState:I // field@22aa
decompiled/baksmali/vdexExtractor/fosservices/disassembly.log	onTrimMemoryHome	com.android.server.am.ProcessRecord::killedByAm	181307	0c5396: 5530 b022                              |0002: iget-boolean v0, v3, Lcom/android/server/am/ProcessRecord;.killedByAm:Z // field@22b0
decompiled/baksmali/vdexExtractor/fosservices/disassembly.log	onTrimMemoryHome	com.android.server.am.ProcessRecord::thread	181314	0c53b2: 5430 be22                              |0010: iget-object v0, v3, Lcom/android/server/am/ProcessRecord;.thread:Landroid/app/IApplicationThread; // field@22be
decompiled/baksmali/vdexExtractor/fosservices/disassembly.log	onTrimMemoryHome	com.android.server.am.ProcessRecord::trimMemoryLevel	181312	0c53aa: 5230 bf22                              |000c: iget v0, v3, Lcom/android/server/am/ProcessRecord;.trimMemoryLevel:I // field@22bf
decompiled/baksmali/vdexExtractor/fosservices/disassembly.log	onTrimMemoryHome	com.android.server.am.ProcessRecord::trimMemoryLevel	181318	0c53c4: 5934 bf22                              |0019: iput v4, v3, Lcom/android/server/am/ProcessRecord;.trimMemoryLevel:I // field@22bf
decompiled/baksmali/vdexExtractor/fosservices/disassembly.log	overrideLongPressHome	com.amazon.policy.keypolicymanager.AlexaOnTabletHandler::isEnabled	314315	09da46: 7110 1e2b 0000                         |0002: invoke-static {v0}, Lcom/amazon/policy/keypolicymanager/AlexaOnTabletHandler;.isEnabled:(Landroid/content/Context;)Z // method@2b1e
decompiled/baksmali/vdexExtractor/fosservices/disassembly.log	overrideLongPressHome	com.amazon.policy.keypolicymanager.TabletKeyPolicyManager::mContext	314314	09da42: 5410 4e19                              |0000: iget-object v0, v1, Lcom/amazon/policy/keypolicymanager/TabletKeyPolicyManager;.mContext:Landroid/content/Context; // field@194e
decompiled/baksmali/vdexExtractor/fosservices/disassembly.log	process	com.fireos.eve.LmkData::isHomeApp	323509	0db26a: 5503 5025                              |0007: iget-boolean v3, v0, Lcom/fireos/eve/LmkData;.isHomeApp:Z // field@2550
decompiled/baksmali/vdexExtractor/fosservices/disassembly.log	processKeyEventBeforeQueueing	com.amazon.policy.keypolicymanager.HomeEventHandler::handleLunaControllerHomeEvent	314354	09dac0: 6e30 262b 4102                         |0036: invoke-virtual {v1, v4, v2}, Lcom/amazon/policy/keypolicymanager/HomeEventHandler;.handleLunaControllerHomeEvent:(Landroid/view/KeyEvent;Landroid/content/ComponentName;)I // method@2b26
decompiled/baksmali/vdexExtractor/fosservices/disassembly.log	processKeyEventBeforeQueueing	com.amazon.policy.keypolicymanager.TabletKeyPolicyManager::mHomeEventHandler	314341	09da8c: 5431 4f19                              |001c: iget-object v1, v3, Lcom/amazon/policy/keypolicymanager/TabletKeyPolicyManager;.mHomeEventHandler:Lcom/amazon/policy/keypolicymanager/HomeEventHandler; // field@194f
decompiled/baksmali/vdexExtractor/fosservices/disassembly.log	processKeyEventBeforeQueueing	com.amazon.policy.keypolicymanager.TabletKeyPolicyManager::mHomeEventHandler	314351	09dab4: 5431 4f19                              |0030: iget-object v1, v3, Lcom/amazon/policy/keypolicymanager/TabletKeyPolicyManager;.mHomeEventHandler:Lcom/amazon/policy/keypolicymanager/HomeEventHandler; // field@194f
decompiled/baksmali/vdexExtractor/fosservices/disassembly.log	processKeyEventBeforeQueueing	com.amazon.policy.keypolicymanager.TabletKeyPolicyManager::mOngoingHomeKeyEvent	314359	09dad0: 5b34 5419                              |003e: iput-object v4, v3, Lcom/amazon/policy/keypolicymanager/TabletKeyPolicyManager;.mOngoingHomeKeyEvent:Landroid/view/KeyEvent; // field@1954
decompiled/baksmali/vdexExtractor/fosservices/disassembly.log	run	com.amazon.android.internal.server.input.keymapping.appadapter.AppAdapterHandler::lambda$goHome$3	25745	02a510: 7110 2910 0000                         |0002: invoke-static {v0}, Lcom/amazon/android/internal/server/input/keymapping/appadapter/AppAdapterHandler;.lambda$goHome$3:(Lcom/amazon/android/internal/server/input/keymapping/appadapter/AppAdapterHandler;)V // method@1029
decompiled/baksmali/vdexExtractor/fosservices/disassembly.log	scheduleTrimMemoryHome	android.app.IApplicationThread::scheduleTrimMemory	180728	0c4abe: 7220 c901 3000                         |0002: invoke-interface {v0, v3}, Landroid/app/IApplicationThread;.scheduleTrimMemory:(I)V // method@01c9
decompiled/baksmali/vdexExtractor/fosservices/disassembly.log	scheduleTrimMemoryHome	com.android.server.am.ProcessRecord::thread	180727	0c4aba: 5420 be22                              |0000: iget-object v0, v2, Lcom/android/server/am/ProcessRecord;.thread:Landroid/app/IApplicationThread; // field@22be
decompiled/baksmali/vdexExtractor/fosservices/disassembly.log	setHomeProc	amazon.internal.SystemJumpTable$ActivityManagerService::setMHomeProcess	180739	0c4aea: 6e20 6000 3000                         |0006: invoke-virtual {v0, v3}, Lamazon/internal/SystemJumpTable$ActivityManagerService;.setMHomeProcess:(Ljava/lang/Object;)V // method@0060
decompiled/baksmali/vdexExtractor/fosservices/disassembly.log	setHomeProc	android.util.Slog::w	180743	0c4afa: 7120 210d 1000                         |000e: invoke-static {v0, v1}, Landroid/util/Slog;.w:(Ljava/lang/String;Ljava/lang/String;)I // method@0d21
decompiled/baksmali/vdexExtractor/fosservices/disassembly.log	setHomeProc	com.android.server.am.AmazonOomAdjPolicyHelper::mActivityManagerServiceJumpTable	180736	0c4ade: 5420 8d21                              |0000: iget-object v0, v2, Lcom/android/server/am/AmazonOomAdjPolicyHelper;.mActivityManagerServiceJumpTable:Lamazon/internal/SystemJumpTable$ActivityManagerService; // field@218d
decompiled/baksmali/vdexExtractor/fosservices/disassembly.log	setHomeProc	com.android.server.am.AmazonOomAdjPolicyHelper::mActivityManagerServiceJumpTable	180738	0c4ae6: 5420 8d21                              |0004: iget-object v0, v2, Lcom/android/server/am/AmazonOomAdjPolicyHelper;.mActivityManagerServiceJumpTable:Lamazon/internal/SystemJumpTable$ActivityManagerService; // field@218d
decompiled/baksmali/vdexExtractor/fosservices/disassembly.log	setMHomeProcess	amazon.internal.SystemJumpTable$ActivityManagerService::mActivityManager	788	000b64: 5431 1700                              |0004: iget-object v1, v3, Lamazon/internal/SystemJumpTable$ActivityManagerService;.mActivityManager:Lcom/android/server/am/ActivityManagerService; // field@0017
decompiled/baksmali/vdexExtractor/fosservices/disassembly.log	setMHomeProcess	amazon.internal.SystemJumpTable::access$000	792	000b72: 7100 e500 0000                         |000b: invoke-static {}, Lamazon/internal/SystemJumpTable;.access$000:()Ljava/lang/String; // method@00e5
decompiled/baksmali/vdexExtractor/fosservices/disassembly.log	setMHomeProcess	amazon.internal.SystemJumpTable::access$000	798	000b88: 7100 e500 0000                         |0016: invoke-static {}, Lamazon/internal/SystemJumpTable;.access$000:()Ljava/lang/String; // method@00e5
decompiled/baksmali/vdexExtractor/fosservices/disassembly.log	setMHomeProcess	amazon.internal.SystemJumpTable::access$2000	786	000b5c: 7100 fe00 0000                         |0000: invoke-static {}, Lamazon/internal/SystemJumpTable;.access$2000:()Ljava/lang/reflect/Field; // method@00fe
decompiled/baksmali/vdexExtractor/fosservices/disassembly.log	setMHomeProcess	android.util.Slog::e	795	000b7e: 7130 1d0d 2100                         |0011: invoke-static {v1, v2, v0}, Landroid/util/Slog;.e:(Ljava/lang/String;Ljava/lang/String;Ljava/lang/Throwable;)I // method@0d1d
decompiled/baksmali/vdexExtractor/fosservices/disassembly.log	setMHomeProcess	android.util.Slog::e	801	000b94: 7130 1d0d 2100                         |001c: invoke-static {v1, v2, v0}, Landroid/util/Slog;.e:(Ljava/lang/String;Ljava/lang/String;Ljava/lang/Throwable;)I // method@0d1d
decompiled/baksmali/vdexExtractor/fosservices/disassembly.log	setMHomeProcess	java.lang.reflect.Field::set	789	000b68: 6e30 bc7a 1004                         |0006: invoke-virtual {v0, v1, v4}, Ljava/lang/reflect/Field;.set:(Ljava/lang/Object;Ljava/lang/Object;)V // method@7abc
decompiled/baksmali/vdexExtractor/fosservices/disassembly.log	shouldInterceptForGameControllersOnly	com.amazon.policy.keypolicymanager.HomeEventHandler::getMetaDataBundle	141271	09ce16: 7020 242b 3200                         |0000: invoke-direct {v2, v3}, Lcom/amazon/policy/keypolicymanager/HomeEventHandler;.getMetaDataBundle:(Ljava/lang/String;)Landroid/os/Bundle; // method@2b24
decompiled/baksmali/vdexExtractor/fosservices/disassembly.log	shouldSkipTrimMemoryHome	android.service.dreams.DreamManagerInternal::isDreaming	181425	0c4e5c: 6e10 9e0c 0000                         |0014: invoke-virtual {v0}, Landroid/service/dreams/DreamManagerInternal;.isDreaming:()Z // method@0c9e
decompiled/baksmali/vdexExtractor/fosservices/disassembly.log	shouldSkipTrimMemoryHome	com.android.server.am.AmazonOomAdjPolicyHelper::checkIfHomeProc	181414	0c4e38: 6e20 b134 5000                         |0002: invoke-virtual {v0, v5}, Lcom/android/server/am/AmazonOomAdjPolicyHelper;.checkIfHomeProc:(Lcom/android/server/am/ProcessRecord;)Z // method@34b1
decompiled/baksmali/vdexExtractor/fosservices/disassembly.log	shouldSkipTrimMemoryHome	com.android.server.am.AmazonOomAdjPolicyVendorAMSCallback::mDreamManager	181422	0c4e50: 5440 a521                              |000e: iget-object v0, v4, Lcom/android/server/am/AmazonOomAdjPolicyVendorAMSCallback;.mDreamManager:Landroid/service/dreams/DreamManagerInternal; // field@21a5
decompiled/baksmali/vdexExtractor/fosservices/disassembly.log	shouldSkipTrimMemoryHome	com.android.server.am.AmazonOomAdjPolicyVendorAMSCallback::mDreamManager	181424	0c4e58: 5440 a521                              |0012: iget-object v0, v4, Lcom/android/server/am/AmazonOomAdjPolicyVendorAMSCallback;.mDreamManager:Landroid/service/dreams/DreamManagerInternal; // field@21a5
decompiled/baksmali/vdexExtractor/fosservices/disassembly.log	shouldSkipTrimMemoryHome	com.android.server.am.AmazonOomAdjPolicyVendorAMSCallback::mHelper	181413	0c4e34: 5440 a621                              |0000: iget-object v0, v4, Lcom/android/server/am/AmazonOomAdjPolicyVendorAMSCallback;.mHelper:Lcom/android/server/am/AmazonOomAdjPolicyHelper; // field@21a6
decompiled/baksmali/vdexExtractor/fosservices/disassembly.log	shouldSkipTrimMemoryHome	com.android.server.am.ProcessRecord::curProcState	181429	0c4e6a: 5250 aa22                              |001b: iget v0, v5, Lcom/android/server/am/ProcessRecord;.curProcState:I // field@22aa
decompiled/baksmali/vdexExtractor/fosservices/disassembly.log	startCustomDockOrHome	com.android.server.policy.AlexaModeSwitchManagerPhoneWindowManagerCallback::launchEchoShowHome	196369	0d2720: 7020 5537 2100                         |0000: invoke-direct {v1, v2}, Lcom/android/server/policy/AlexaModeSwitchManagerPhoneWindowManagerCallback;.launchEchoShowHome:(Landroid/content/Context;)Z // method@3755
decompiled/baksmali/vdexExtractor/services/disassembly.log	<clinit>	com.android.server.policy.PhoneWindowManager::WINDOW_TYPES_WHERE_HOME_DOESNT_WORK	975836	0048f4: 6900 1555                              |00a6: sput-object v0, Lcom/android/server/policy/PhoneWindowManager;.WINDOW_TYPES_WHERE_HOME_DOESNT_WORK:[I // field@5515
decompiled/baksmali/vdexExtractor/services/disassembly.log	<init>	ambda$LockTaskController$HCwwKEV1_Hy1M3bHXdwhoMEXmJM::f$0	147876	0cc436: 5b01 ed1b                              |0003: iput-object v1, v0, Lcom/android/server/am/-$$Lambda$LockTaskController$HCwwKEV1_Hy1M3bHXdwhoMEXmJM;.f$0:Lcom/android/server/am/LockTaskController; // field@1bed
decompiled/baksmali/vdexExtractor/services/disassembly.log	<init>	ambda$LockTaskController$HCwwKEV1_Hy1M3bHXdwhoMEXmJM::f$1	147877	0cc43a: 5902 ee1b                              |0005: iput v2, v0, Lcom/android/server/am/-$$Lambda$LockTaskController$HCwwKEV1_Hy1M3bHXdwhoMEXmJM;.f$1:I // field@1bee
decompiled/baksmali/vdexExtractor/services/disassembly.log	<init>	com.android.server.am.ActivityDisplay::mHomeStack	737663	0d50cc: 5b10 8b1c                              |0020: iput-object v0, v1, Lcom/android/server/am/ActivityDisplay;.mHomeStack:Lcom/android/server/am/ActivityStack; // field@1c8b
decompiled/baksmali/vdexExtractor/services/disassembly.log	<init>	com.android.server.policy.PhoneWindowManager::mEnableCarDockHomeCapture	975881	318aca: 5ca2 5855                              |0049: iput-boolean v2, v10, Lcom/android/server/policy/PhoneWindowManager;.mEnableCarDockHomeCapture:Z // field@5558
decompiled/baksmali/vdexExtractor/services/disassembly.log	<init>	com.android.server.policy.PhoneWindowManager::mHomeDoubleTapTimeoutRunnable	975983	318c86: 5ba0 7b55                              |0127: iput-object v0, v10, Lcom/android/server/policy/PhoneWindowManager;.mHomeDoubleTapTimeoutRunnable:Ljava/lang/Runnable; // field@557b
decompiled/baksmali/vdexExtractor/services/disassembly.log	<init>	com.android.server.slice.SliceManagerService::mHomeLookup	582477	33c9fe: 5b70 525a                              |001d: iput-object v0, v7, Lcom/android/server/slice/SliceManagerService;.mHomeLookup:Landroid/util/SparseArray; // field@5a52
decompiled/baksmali/vdexExtractor/services/disassembly.log	<init>	com.android.server.wm.DisplayContent$TaskStackContainers::mHomeAppAnimationLayer	1118376	396fe8: 5b01 fd65                              |000a: iput-object v1, v0, Lcom/android/server/wm/DisplayContent$TaskStackContainers;.mHomeAppAnimationLayer:Landroid/view/SurfaceControl; // field@65fd
decompiled/baksmali/vdexExtractor/services/disassembly.log	<init>	com.android.server.wm.DisplayContent$TaskStackContainers::mHomeStack	1118378	396ff0: 5b01 fe65                              |000e: iput-object v1, v0, Lcom/android/server/wm/DisplayContent$TaskStackContainers;.mHomeStack:Lcom/android/server/wm/TaskStack; // field@65fe
decompiled/baksmali/vdexExtractor/services/disassembly.log	<init>	com.android.server.wm.RecentsAnimationController::mMinimizedHomeBounds	666117	3a43ba: 5b10 8767                              |0016: iput-object v0, v1, Lcom/android/server/wm/RecentsAnimationController;.mMinimizedHomeBounds:Landroid/graphics/Rect; // field@6787
decompiled/baksmali/vdexExtractor/services/disassembly.log	access$3300	com.android.server.policy.PhoneWindowManager::handleShortPressOnHome	976160	318db4: 7010 f0ab 0000                         |0000: invoke-direct {v0}, Lcom/android/server/policy/PhoneWindowManager;.handleShortPressOnHome:()V // method@abf0
decompiled/baksmali/vdexExtractor/services/disassembly.log	access$502	com.android.server.backup.PackageManagerBackupAgent::mRestoredHome	266211	18f3b6: 5b01 8f2b                              |0000: iput-object v1, v0, Lcom/android/server/backup/PackageManagerBackupAgent;.mRestoredHome:Landroid/content/ComponentName; // field@2b8f
decompiled/baksmali/vdexExtractor/services/disassembly.log	access$602	com.android.server.backup.PackageManagerBackupAgent::mRestoredHomeVersion	266217	18f650: 5a01 922b                              |0000: iput-wide v1, v0, Lcom/android/server/backup/PackageManagerBackupAgent;.mRestoredHomeVersion:J // field@2b92
decompiled/baksmali/vdexExtractor/services/disassembly.log	access$702	com.android.server.backup.PackageManagerBackupAgent::mRestoredHomeInstaller	266223	18f4e8: 5b01 902b                              |0000: iput-object v1, v0, Lcom/android/server/backup/PackageManagerBackupAgent;.mRestoredHomeInstaller:Ljava/lang/String; // field@2b90
decompiled/baksmali/vdexExtractor/services/disassembly.log	access$7700	com.android.server.pm.PackageManagerService::getDefaultHomeActivity	930858	2b28c8: 7020 09a0 2100                         |0000: invoke-direct {v1, v2}, Lcom/android/server/pm/PackageManagerService;.getDefaultHomeActivity:(I)Landroid/content/ComponentName; // method@a009
decompiled/baksmali/vdexExtractor/services/disassembly.log	access$802	com.android.server.backup.PackageManagerBackupAgent::mRestoredHomeSigHashes	266229	18f4f2: 5b01 912b                              |0000: iput-object v1, v0, Lcom/android/server/backup/PackageManagerBackupAgent;.mRestoredHomeSigHashes:Ljava/util/ArrayList; // field@2b91
decompiled/baksmali/vdexExtractor/services/disassembly.log	addStackReferenceIfNeeded	com.android.server.am.ActivityDisplay::mHomeStack	737694	0d5194: 5454 8b1c                              |000c: iget-object v4, v5, Lcom/android/server/am/ActivityDisplay;.mHomeStack:Lcom/android/server/am/ActivityStack; // field@1c8b
decompiled/baksmali/vdexExtractor/services/disassembly.log	addStackReferenceIfNeeded	com.android.server.am.ActivityDisplay::mHomeStack	737696	0d519c: 5454 8b1c                              |0010: iget-object v4, v5, Lcom/android/server/am/ActivityDisplay;.mHomeStack:Lcom/android/server/am/ActivityStack; // field@1c8b
decompiled/baksmali/vdexExtractor/services/disassembly.log	addStackReferenceIfNeeded	com.android.server.am.ActivityDisplay::mHomeStack	737704	0d51be: 5454 8b1c                              |0021: iget-object v4, v5, Lcom/android/server/am/ActivityDisplay;.mHomeStack:Lcom/android/server/am/ActivityStack; // field@1c8b
decompiled/baksmali/vdexExtractor/services/disassembly.log	addStackReferenceIfNeeded	com.android.server.am.ActivityDisplay::mHomeStack	737716	0d51f8: 5b56 8b1c                              |003e: iput-object v6, v5, Lcom/android/server/am/ActivityDisplay;.mHomeStack:Lcom/android/server/am/ActivityStack; // field@1c8b
decompiled/baksmali/vdexExtractor/services/disassembly.log	addStackReferenceIfNeeded	com.android.server.wm.DisplayContent$TaskStackContainers::mHomeStack	1118406	397042: 5440 fe65                              |0006: iget-object v0, v4, Lcom/android/server/wm/DisplayContent$TaskStackContainers;.mHomeStack:Lcom/android/server/wm/TaskStack; // field@65fe
decompiled/baksmali/vdexExtractor/services/disassembly.log	addStackReferenceIfNeeded	com.android.server.wm.DisplayContent$TaskStackContainers::mHomeStack	1118408	39704a: 5b45 fe65                              |000a: iput-object v5, v4, Lcom/android/server/wm/DisplayContent$TaskStackContainers;.mHomeStack:Lcom/android/server/wm/TaskStack; // field@65fe
decompiled/baksmali/vdexExtractor/services/disassembly.log	addStackReferenceIfNeeded	com.android.server.wm.DisplayContent$TaskStackContainers::mHomeStack	1118415	397068: 5442 fe65                              |0019: iget-object v2, v4, Lcom/android/server/wm/DisplayContent$TaskStackContainers;.mHomeStack:Lcom/android/server/wm/TaskStack; // field@65fe
decompiled/baksmali/vdexExtractor/services/disassembly.log	addStackReferenceIfNeeded	com.android.server.wm.TaskStack::isActivityTypeHome	1118403	397036: 6e10 46cc 0500                         |0000: invoke-virtual {v5}, Lcom/android/server/wm/TaskStack;.isActivityTypeHome:()Z // method@cc46
decompiled/baksmali/vdexExtractor/services/disassembly.log	adjustFocusToNextFocusableStack	com.android.server.am.ActivityStack::isActivityTypeHome	1053784	12101e: 6e10 d250 0000                         |0021: invoke-virtual {v0}, Lcom/android/server/am/ActivityStack;.isActivityTypeHome:()Z // method@50d2
decompiled/baksmali/vdexExtractor/services/disassembly.log	adjustFocusToNextFocusableStack	com.android.server.am.ActivityStackSupervisor::moveHomeStackTaskToTop	1053791	12103a: 6e20 d551 5300                         |002f: invoke-virtual {v3, v5}, Lcom/android/server/am/ActivityStackSupervisor;.moveHomeStackTaskToTop:(Ljava/lang/String;)Z // method@51d5
decompiled/baksmali/vdexExtractor/services/disassembly.log	adjustFocusedActivityStack	com.android.server.am.ActivityStackSupervisor::moveHomeStackTaskToTop	1053839	124fb0: 6e20 d551 1300                         |004c: invoke-virtual {v3, v1}, Lcom/android/server/am/ActivityStackSupervisor;.moveHomeStackTaskToTop:(Ljava/lang/String;)Z // method@51d5
decompiled/baksmali/vdexExtractor/services/disassembly.log	animateForMinimizedDockedStack	com.android.server.wm.DockedStackDividerController::isHomeStackResizable	659646	39d1c6: 6e10 94c8 0500                         |0011: invoke-virtual {v5}, Lcom/android/server/wm/DockedStackDividerController;.isHomeStackResizable:()Z // method@c894
decompiled/baksmali/vdexExtractor/services/disassembly.log	appDiedLocked	com.android.server.am.ActivityManagerService::mHomeProcess	759642	0f29c6: 54b4 e51e                              |00f1: iget-object v4, v11, Lcom/android/server/am/ActivityManagerService;.mHomeProcess:Lcom/android/server/am/ProcessRecord; // field@1ee5
decompiled/baksmali/vdexExtractor/services/disassembly.log	appDiedLocked	com.android.server.am.ActivityManagerService::mHomeProcess	759690	0f2aa0: 54b3 e51e                              |015e: iget-object v3, v11, Lcom/android/server/am/ActivityManagerService;.mHomeProcess:Lcom/android/server/am/ProcessRecord; // field@1ee5
decompiled/baksmali/vdexExtractor/services/disassembly.log	assignStackOrdering	com.android.server.wm.DisplayContent$TaskStackContainers::mHomeAppAnimationLayer	1118747	397306: 54e3 fd65                              |0092: iget-object v3, v14, Lcom/android/server/wm/DisplayContent$TaskStackContainers;.mHomeAppAnimationLayer:Landroid/view/SurfaceControl; // field@65fd
decompiled/baksmali/vdexExtractor/services/disassembly.log	assignStackOrdering	com.android.server.wm.DisplayContent$TaskStackContainers::mHomeAppAnimationLayer	1118749	39730e: 54e3 fd65                              |0096: iget-object v3, v14, Lcom/android/server/wm/DisplayContent$TaskStackContainers;.mHomeAppAnimationLayer:Landroid/view/SurfaceControl; // field@65fd
decompiled/baksmali/vdexExtractor/services/disassembly.log	assignStackOrdering	com.android.server.wm.TaskStack::isActivityTypeHome	1118685	397226: 6e10 46cc 0b00                         |0022: invoke-virtual {v11}, Lcom/android/server/wm/TaskStack;.isActivityTypeHome:()Z // method@cc46
decompiled/baksmali/vdexExtractor/services/disassembly.log	assignStackOrdering	com.android.server.wm.TaskStack::isActivityTypeHome	1118691	39723a: 6e10 46cc 0b00                         |002c: invoke-virtual {v11}, Lcom/android/server/wm/TaskStack;.isActivityTypeHome:()Z // method@cc46
decompiled/baksmali/vdexExtractor/services/disassembly.log	buildHomeIntent	android.content.Intent::<init>	726719	0a6780: 7020 3806 1000                         |0004: invoke-direct {v0, v1}, Landroid/content/Intent;.<init>:(Ljava/lang/String;)V // method@0638
decompiled/baksmali/vdexExtractor/services/disassembly.log	buildHomeIntent	android.content.Intent::addCategory	726720	0a6786: 6e20 3a06 2000                         |0007: invoke-virtual {v0, v2}, Landroid/content/Intent;.addCategory:(Ljava/lang/String;)Landroid/content/Intent; // method@063a
decompiled/baksmali/vdexExtractor/services/disassembly.log	buildHomeIntent	android.content.Intent::setFlags	726722	0a6790: 6e20 8806 1000                         |000c: invoke-virtual {v0, v1}, Landroid/content/Intent;.setFlags:(I)Landroid/content/Intent; // method@0688
decompiled/baksmali/vdexExtractor/services/disassembly.log	callAbortSwitchToHomeTvInput	com.android.server.hdmi.VendorHdmiCecCallback::abortSwitchToHomeTvInput	368476	21e018: 6e30 f080 6307                         |0007: invoke-virtual {v3, v6, v7}, Lcom/android/server/hdmi/VendorHdmiCecCallback;.abortSwitchToHomeTvInput:(Landroid/content/Context;I)Z // method@80f0
decompiled/baksmali/vdexExtractor/services/disassembly.log	callCanSeeHomeTask	com.android.server.am.VendorActivityStackCallback::canSeeHomeTask	222331	15a964: 6e30 af59 6307                         |0007: invoke-virtual {v3, v6, v7}, Lcom/android/server/am/VendorActivityStackCallback;.canSeeHomeTask:(ILandroid/content/Context;)Z // method@59af
decompiled/baksmali/vdexExtractor/services/disassembly.log	callCustomDockOrHome	com.android.server.policy.VendorPhoneWindowManagerCallback::startCustomDockOrHome	559383	3204a2: 6e20 51ad 6300                         |0007: invoke-virtual {v3, v6}, Lcom/android/server/policy/VendorPhoneWindowManagerCallback;.startCustomDockOrHome:(Landroid/content/Context;)Z // method@ad51
decompiled/baksmali/vdexExtractor/services/disassembly.log	callOnStartDockOrHome	com.android.server.policy.VendorPhoneWindowManagerCallback::onStartDockOrHome	559643	32093e: 6e20 4aad 4200                         |0006: invoke-virtual {v2, v4}, Lcom/android/server/policy/VendorPhoneWindowManagerCallback;.onStartDockOrHome:(Landroid/content/Intent;)V // method@ad4a
decompiled/baksmali/vdexExtractor/services/disassembly.log	callOnTrimMemoryHome	com.android.server.am.VendorActivityManagerServiceCallback::onTrimMemoryHome	221618	15a72e: 6e30 8559 4205                         |0006: invoke-virtual {v2, v4, v5}, Lcom/android/server/am/VendorActivityManagerServiceCallback;.onTrimMemoryHome:(Lcom/android/server/am/ProcessRecord;I)V // method@5985
decompiled/baksmali/vdexExtractor/services/disassembly.log	callShouldSkipTrimMemoryHome	com.android.server.am.VendorActivityManagerServiceCallback::shouldSkipTrimMemoryHome	221759	15a26a: 6e30 8f59 6307                         |0007: invoke-virtual {v3, v6, v7}, Lcom/android/server/am/VendorActivityManagerServiceCallback;.shouldSkipTrimMemoryHome:(Lcom/android/server/am/ProcessRecord;I)Z // method@598f
decompiled/baksmali/vdexExtractor/services/disassembly.log	canLaunchHomeActivity	android.os.Process::myUid	1048978	114d54: 7100 1424 0000                         |0000: invoke-static {}, Landroid/os/Process;.myUid:()I // method@2414
decompiled/baksmali/vdexExtractor/services/disassembly.log	canLaunchHomeActivity	com.android.server.am.ActivityManagerService::getRecentTasks	1048986	114d70: 6e10 1c4d 0000                         |000e: invoke-virtual {v0}, Lcom/android/server/am/ActivityManagerService;.getRecentTasks:()Lcom/android/server/am/RecentTasks; // method@4d1c
decompiled/baksmali/vdexExtractor/services/disassembly.log	canLaunchHomeActivity	com.android.server.am.ActivityRecord::isResolverActivity	1048994	114d8e: 6e10 0f50 0500                         |001d: invoke-virtual {v5}, Lcom/android/server/am/ActivityRecord;.isResolverActivity:()Z // method@500f
decompiled/baksmali/vdexExtractor/services/disassembly.log	canLaunchHomeActivity	com.android.server.am.ActivityRecord::mStackSupervisor	1048984	114d68: 5430 3820                              |000a: iget-object v0, v3, Lcom/android/server/am/ActivityRecord;.mStackSupervisor:Lcom/android/server/am/ActivityStackSupervisor; // field@2038
decompiled/baksmali/vdexExtractor/services/disassembly.log	canLaunchHomeActivity	com.android.server.am.ActivityStackSupervisor::mService	1048985	114d6c: 5400 2121                              |000c: iget-object v0, v0, Lcom/android/server/am/ActivityStackSupervisor;.mService:Lcom/android/server/am/ActivityManagerService; // field@2121
decompiled/baksmali/vdexExtractor/services/disassembly.log	canLaunchHomeActivity	com.android.server.am.RecentTasks::isCallerRecents	1048989	114d7c: 6e20 b256 4000                         |0014: invoke-virtual {v0, v4}, Lcom/android/server/am/RecentTasks;.isCallerRecents:(I)Z // method@56b2
decompiled/baksmali/vdexExtractor/services/disassembly.log	canLaunchIntoFocusedStack	com.android.server.am.ActivityStack::isOnHomeDisplay	172635	129428: 6e10 dd50 0000                         |001a: invoke-virtual {v0}, Lcom/android/server/am/ActivityStack;.isOnHomeDisplay:()Z // method@50dd
decompiled/baksmali/vdexExtractor/services/disassembly.log	canViewInstantApps	com.android.server.pm.PackageManagerService::getDefaultHomeActivity	934110	2b7be0: 7020 09a0 5300                         |001b: invoke-direct {v3, v5}, Lcom/android/server/pm/PackageManagerService;.getDefaultHomeActivity:(I)Landroid/content/ComponentName; // method@a009
decompiled/baksmali/vdexExtractor/services/disassembly.log	checkMinimizeChanged	com.android.server.wm.DisplayContent::getHomeStack	660397	39d86a: 6e10 e0c7 0000                         |000b: invoke-virtual {v0}, Lcom/android/server/wm/DisplayContent;.getHomeStack:()Lcom/android/server/wm/TaskStack; // method@c7e0
decompiled/baksmali/vdexExtractor/services/disassembly.log	checkMinimizeChanged	com.android.server.wm.TaskStack::findHomeTask	660401	39d878: 6e10 15cc 0000                         |0012: invoke-virtual {v0}, Lcom/android/server/wm/TaskStack;.findHomeTask:()Lcom/android/server/wm/Task; // method@cc15
decompiled/baksmali/vdexExtractor/services/disassembly.log	cleanUpApplicationRecordLocked	com.android.server.am.ActivityManagerService::mHomeProcess	743080	0e14c6: 54a3 e51e                              |01ad: iget-object v3, v10, Lcom/android/server/am/ActivityManagerService;.mHomeProcess:Lcom/android/server/am/ProcessRecord; // field@1ee5
decompiled/baksmali/vdexExtractor/services/disassembly.log	cleanUpApplicationRecordLocked	com.android.server.am.ActivityManagerService::mHomeProcess	743082	0e14ce: 5ba1 e51e                              |01b1: iput-object v1, v10, Lcom/android/server/am/ActivityManagerService;.mHomeProcess:Lcom/android/server/am/ProcessRecord; // field@1ee5
decompiled/baksmali/vdexExtractor/services/disassembly.log	cleanUpRemovedTaskLocked	com.android.server.am.ActivityManagerService::mHomeProcess	792572	11e304: 54cc e51e                              |0073: iget-object v12, v12, Lcom/android/server/am/ActivityManagerService;.mHomeProcess:Lcom/android/server/am/ProcessRecord; // field@1ee5
decompiled/baksmali/vdexExtractor/services/disassembly.log	completeResumeLocked	com.android.server.am.ActivityManagerService::mHomeProcess	1050607	116d96: 5433 e51e                              |002c: iget-object v3, v3, Lcom/android/server/am/ActivityManagerService;.mHomeProcess:Lcom/android/server/am/ProcessRecord; // field@1ee5
decompiled/baksmali/vdexExtractor/services/disassembly.log	completeResumeLocked	com.android.server.am.ActivityManagerService::mHomeProcess	1050610	116da2: 5b31 e51e                              |0032: iput-object v1, v3, Lcom/android/server/am/ActivityManagerService;.mHomeProcess:Lcom/android/server/am/ProcessRecord; // field@1ee5
decompiled/baksmali/vdexExtractor/services/disassembly.log	completeResumeLocked	com.android.server.am.ActivityRecord::isActivityTypeHome	1050596	116d6a: 6e10 fb4f 0500                         |0016: invoke-virtual {v5}, Lcom/android/server/am/ActivityRecord;.isActivityTypeHome:()Z // method@4ffb
decompiled/baksmali/vdexExtractor/services/disassembly.log	computeImeTarget	com.android.server.wm.WindowState::isActivityTypeHome	1076530	398974: 6e10 a5d0 0200                         |0048: invoke-virtual {v2}, Lcom/android/server/wm/WindowState;.isActivityTypeHome:()Z // method@d0a5
decompiled/baksmali/vdexExtractor/services/disassembly.log	computeOomAdjLocked	com.android.server.am.ActivityManagerService::mHomeProcess	744073	0e24fc: 5471 e51e                              |04be: iget-object v1, v7, Lcom/android/server/am/ActivityManagerService;.mHomeProcess:Lcom/android/server/am/ProcessRecord; // field@1ee5
decompiled/baksmali/vdexExtractor/services/disassembly.log	computeOomAdjLocked	com.android.server.am.ActivityManagerService::mHomeProcess	744256	0e27e8: 5470 e51e                              |0634: iget-object v0, v7, Lcom/android/server/am/ActivityManagerService;.mHomeProcess:Lcom/android/server/am/ProcessRecord; // field@1ee5
decompiled/baksmali/vdexExtractor/services/disassembly.log	computeOomAdjLocked	com.android.server.am.ActivityManagerService::mHomeProcess	744418	0e2a38: 5473 e51e                              |075c: iget-object v3, v7, Lcom/android/server/am/ActivityManagerService;.mHomeProcess:Lcom/android/server/am/ProcessRecord; // field@1ee5
decompiled/baksmali/vdexExtractor/services/disassembly.log	computeOomAdjLocked	com.android.server.am.ActivityManagerService::mHomeProcess	744453	0e2aaa: 5470 e51e                              |0795: iget-object v0, v7, Lcom/android/server/am/ActivityManagerService;.mHomeProcess:Lcom/android/server/am/ProcessRecord; // field@1ee5
decompiled/baksmali/vdexExtractor/services/disassembly.log	computeOomAdjLocked	com.android.server.am.ActivityManagerService::mHomeProcess	744848	0e300c: 5474 e51e                              |0a46: iget-object v4, v7, Lcom/android/server/am/ActivityManagerService;.mHomeProcess:Lcom/android/server/am/ProcessRecord; // field@1ee5
decompiled/baksmali/vdexExtractor/services/disassembly.log	computeStackFocus	com.android.server.am.ActivityStack::isOnHomeDisplay	172949	1299a8: 6e10 dd50 0100                         |004f: invoke-virtual {v1}, Lcom/android/server/am/ActivityStack;.isOnHomeDisplay:()Z // method@50dd
decompiled/baksmali/vdexExtractor/services/disassembly.log	continueUpdateRecentsHomeStackBounds	com.android.server.am.ActivityStackSupervisor::continueUpdateBounds	792733	11e524: 6e20 7a51 0100                         |0001: invoke-virtual {v1, v0}, Lcom/android/server/am/ActivityStackSupervisor;.continueUpdateBounds:(I)V // method@517a
decompiled/baksmali/vdexExtractor/services/disassembly.log	continueUpdateRecentsHomeStackBounds	com.android.server.am.ActivityStackSupervisor::continueUpdateBounds	792735	11e52c: 6e20 7a51 0100                         |0005: invoke-virtual {v1, v0}, Lcom/android/server/am/ActivityStackSupervisor;.continueUpdateBounds:(I)V // method@517a
decompiled/baksmali/vdexExtractor/services/disassembly.log	createHomeDockIntent	android.content.Context::getPackageManager	981891	31370a: 6e10 f405 0300                         |0037: invoke-virtual {v3}, Landroid/content/Context;.getPackageManager:()Landroid/content/pm/PackageManager; // method@05f4
decompiled/baksmali/vdexExtractor/services/disassembly.log	createHomeDockIntent	android.content.Intent::<init>	981908	313750: 7020 3706 0100                         |005a: invoke-direct {v1, v0}, Landroid/content/Intent;.<init>:(Landroid/content/Intent;)V // method@0637
decompiled/baksmali/vdexExtractor/services/disassembly.log	createHomeDockIntent	android.content.Intent::setClassName	981912	313760: 6e30 8206 1004                         |0062: invoke-virtual {v0, v1, v4}, Landroid/content/Intent;.setClassName:(Ljava/lang/String;Ljava/lang/String;)Landroid/content/Intent; // method@0682
decompiled/baksmali/vdexExtractor/services/disassembly.log	createHomeDockIntent	android.content.pm.ActivityInfo::metaData	981900	313730: 5424 5001                              |004a: iget-object v4, v2, Landroid/content/pm/ActivityInfo;.metaData:Landroid/os/Bundle; // field@0150
decompiled/baksmali/vdexExtractor/services/disassembly.log	createHomeDockIntent	android.content.pm.ActivityInfo::metaData	981902	313738: 5424 5001                              |004e: iget-object v4, v2, Landroid/content/pm/ActivityInfo;.metaData:Landroid/os/Bundle; // field@0150
decompiled/baksmali/vdexExtractor/services/disassembly.log	createHomeDockIntent	android.content.pm.ActivityInfo::name	981911	31375c: 5424 5101                              |0060: iget-object v4, v2, Landroid/content/pm/ActivityInfo;.name:Ljava/lang/String; // field@0151
decompiled/baksmali/vdexExtractor/services/disassembly.log	createHomeDockIntent	android.content.pm.ActivityInfo::packageName	981910	313758: 5421 5301                              |005e: iget-object v1, v2, Landroid/content/pm/ActivityInfo;.packageName:Ljava/lang/String; // field@0153
decompiled/baksmali/vdexExtractor/services/disassembly.log	createHomeDockIntent	android.content.pm.PackageManager::resolveActivityAsUser	981895	31371c: 6e40 5008 0354                         |0040: invoke-virtual {v3, v0, v4, v5}, Landroid/content/pm/PackageManager;.resolveActivityAsUser:(Landroid/content/Intent;II)Landroid/content/pm/ResolveInfo; // method@0850
decompiled/baksmali/vdexExtractor/services/disassembly.log	createHomeDockIntent	android.content.pm.ResolveInfo::activityInfo	981898	313728: 5432 b202                              |0046: iget-object v2, v3, Landroid/content/pm/ResolveInfo;.activityInfo:Landroid/content/pm/ActivityInfo; // field@02b2
decompiled/baksmali/vdexExtractor/services/disassembly.log	createHomeDockIntent	android.os.Bundle::getBoolean	981904	313740: 6e20 0420 5400                         |0052: invoke-virtual {v4, v5}, Landroid/os/Bundle;.getBoolean:(Ljava/lang/String;)Z // method@2004
decompiled/baksmali/vdexExtractor/services/disassembly.log	createHomeDockIntent	com.android.server.policy.PhoneWindowManager::mCarDockIntent	981863	3136b0: 5460 3d55                              |000a: iget-object v0, v6, Lcom/android/server/policy/PhoneWindowManager;.mCarDockIntent:Landroid/content/Intent; // field@553d
decompiled/baksmali/vdexExtractor/services/disassembly.log	createHomeDockIntent	com.android.server.policy.PhoneWindowManager::mContext	981890	313706: 5463 4155                              |0035: iget-object v3, v6, Lcom/android/server/policy/PhoneWindowManager;.mContext:Landroid/content/Context; // field@5541
decompiled/baksmali/vdexExtractor/services/disassembly.log	createHomeDockIntent	com.android.server.policy.PhoneWindowManager::mCurrentUserId	981894	313718: 5265 4355                              |003e: iget v5, v6, Lcom/android/server/policy/PhoneWindowManager;.mCurrentUserId:I // field@5543
decompiled/baksmali/vdexExtractor/services/disassembly.log	createHomeDockIntent	com.android.server.policy.PhoneWindowManager::mDeskDockIntent	981880	3136e8: 5460 4955                              |0026: iget-object v0, v6, Lcom/android/server/policy/PhoneWindowManager;.mDeskDockIntent:Landroid/content/Intent; // field@5549
decompiled/baksmali/vdexExtractor/services/disassembly.log	createHomeDockIntent	com.android.server.policy.PhoneWindowManager::mDockMode	981872	3136cc: 5261 4e55                              |0018: iget v1, v6, Lcom/android/server/policy/PhoneWindowManager;.mDockMode:I // field@554e
decompiled/baksmali/vdexExtractor/services/disassembly.log	createHomeDockIntent	com.android.server.policy.PhoneWindowManager::mDockMode	981875	3136d6: 5261 4e55                              |001d: iget v1, v6, Lcom/android/server/policy/PhoneWindowManager;.mDockMode:I // field@554e
decompiled/baksmali/vdexExtractor/services/disassembly.log	createHomeDockIntent	com.android.server.policy.PhoneWindowManager::mDockMode	981878	3136e0: 5261 4e55                              |0022: iget v1, v6, Lcom/android/server/policy/PhoneWindowManager;.mDockMode:I // field@554e
decompiled/baksmali/vdexExtractor/services/disassembly.log	createHomeDockIntent	com.android.server.policy.PhoneWindowManager::mEnableCarDockHomeCapture	981861	3136a8: 5561 5855                              |0006: iget-boolean v1, v6, Lcom/android/server/policy/PhoneWindowManager;.mEnableCarDockHomeCapture:Z // field@5558
decompiled/baksmali/vdexExtractor/services/disassembly.log	createHomeDockIntent	com.android.server.policy.PhoneWindowManager::mUiMode	981858	31369e: 5261 0d56                              |0001: iget v1, v6, Lcom/android/server/policy/PhoneWindowManager;.mUiMode:I // field@560d
decompiled/baksmali/vdexExtractor/services/disassembly.log	createHomeDockIntent	com.android.server.policy.PhoneWindowManager::mUiMode	981865	3136b6: 5261 0d56                              |000d: iget v1, v6, Lcom/android/server/policy/PhoneWindowManager;.mUiMode:I // field@560d
decompiled/baksmali/vdexExtractor/services/disassembly.log	createHomeDockIntent	com.android.server.policy.PhoneWindowManager::mUiMode	981869	3136c2: 5261 0d56                              |0013: iget v1, v6, Lcom/android/server/policy/PhoneWindowManager;.mUiMode:I // field@560d
decompiled/baksmali/vdexExtractor/services/disassembly.log	createHomeDockIntent	com.android.server.policy.PhoneWindowManager::mUiMode	981882	3136ee: 5261 0d56                              |0029: iget v1, v6, Lcom/android/server/policy/PhoneWindowManager;.mUiMode:I // field@560d
decompiled/baksmali/vdexExtractor/services/disassembly.log	createHomeDockIntent	com.android.server.policy.PhoneWindowManager::mVrHeadsetHomeIntent	981885	3136f8: 5460 1856                              |002e: iget-object v0, v6, Lcom/android/server/policy/PhoneWindowManager;.mVrHeadsetHomeIntent:Landroid/content/Intent; // field@5618
decompiled/baksmali/vdexExtractor/services/disassembly.log	deferUpdateRecentsHomeStackBounds	com.android.server.am.ActivityStackSupervisor::deferUpdateBounds	792785	11e554: 6e20 7e51 0100                         |0001: invoke-virtual {v1, v0}, Lcom/android/server/am/ActivityStackSupervisor;.deferUpdateBounds:(I)V // method@517e
decompiled/baksmali/vdexExtractor/services/disassembly.log	deferUpdateRecentsHomeStackBounds	com.android.server.am.ActivityStackSupervisor::deferUpdateBounds	792787	11e55c: 6e20 7e51 0100                         |0005: invoke-virtual {v1, v0}, Lcom/android/server/am/ActivityStackSupervisor;.deferUpdateBounds:(I)V // method@517e
decompiled/baksmali/vdexExtractor/services/disassembly.log	doubleTapOnHomeBehaviorToString	java.lang.Integer::toString	976766	3179fa: 7110 8fd3 0100                         |0003: invoke-static {v1}, Ljava/lang/Integer;.toString:(I)Ljava/lang/String; // method@d38f
decompiled/baksmali/vdexExtractor/services/disassembly.log	dump	com.android.server.am.ActivityDisplay::mHomeStack	738210	0d53e0: 5431 8b1c                              |0038: iget-object v1, v3, Lcom/android/server/am/ActivityDisplay;.mHomeStack:Lcom/android/server/am/ActivityStack; // field@1c8b
decompiled/baksmali/vdexExtractor/services/disassembly.log	dump	com.android.server.am.ActivityDisplay::mHomeStack	738217	0d5402: 5432 8b1c                              |0049: iget-object v2, v3, Lcom/android/server/am/ActivityDisplay;.mHomeStack:Lcom/android/server/am/ActivityStack; // field@1c8b
decompiled/baksmali/vdexExtractor/services/disassembly.log	dump	com.android.server.am.ActivityStartController::mLastHomeActivityStartRecord	171308	1287ca: 5450 3621                              |000e: iget-object v0, v5, Lcom/android/server/am/ActivityStartController;.mLastHomeActivityStartRecord:Lcom/android/server/am/ActivityRecord; // field@2136
decompiled/baksmali/vdexExtractor/services/disassembly.log	dump	com.android.server.am.ActivityStartController::mLastHomeActivityStartRecord	171313	1287e4: 5450 3621                              |001b: iget-object v0, v5, Lcom/android/server/am/ActivityStartController;.mLastHomeActivityStartRecord:Lcom/android/server/am/ActivityRecord; // field@2136
decompiled/baksmali/vdexExtractor/services/disassembly.log	dump	com.android.server.am.ActivityStartController::mLastHomeActivityStartRecord	171335	12883a: 5453 3621                              |0046: iget-object v3, v5, Lcom/android/server/am/ActivityStartController;.mLastHomeActivityStartRecord:Lcom/android/server/am/ActivityRecord; // field@2136
decompiled/baksmali/vdexExtractor/services/disassembly.log	dump	com.android.server.am.ActivityStartController::mLastHomeActivityStartRecord	171337	128842: 5453 3621                              |004a: iget-object v3, v5, Lcom/android/server/am/ActivityStartController;.mLastHomeActivityStartRecord:Lcom/android/server/am/ActivityRecord; // field@2136
decompiled/baksmali/vdexExtractor/services/disassembly.log	dump	com.android.server.am.ActivityStartController::mLastHomeActivityStartResult	171306	1287c0: 5250 3721                              |0009: iget v0, v5, Lcom/android/server/am/ActivityStartController;.mLastHomeActivityStartResult:I // field@2137
decompiled/baksmali/vdexExtractor/services/disassembly.log	dump	com.android.server.am.RecentTasks::isRecentsComponentHomeActivity	792865	11e6b8: 6e20 b556 1000                         |00a8: invoke-virtual {v0, v1}, Lcom/android/server/am/RecentTasks;.isRecentsComponentHomeActivity:(I)Z // method@56b5
decompiled/baksmali/vdexExtractor/services/disassembly.log	dump	com.android.server.policy.PhoneWindowManager::doubleTapOnHomeBehaviorToString	982295	319eb8: 7110 b7ab 0000                         |01cc: invoke-static {v0}, Lcom/android/server/policy/PhoneWindowManager;.doubleTapOnHomeBehaviorToString:(I)Ljava/lang/String; // method@abb7
decompiled/baksmali/vdexExtractor/services/disassembly.log	dump	com.android.server.policy.PhoneWindowManager::longPressOnHomeBehaviorToString	982288	319e96: 7110 3dac 0000                         |01bb: invoke-static {v0}, Lcom/android/server/policy/PhoneWindowManager;.longPressOnHomeBehaviorToString:(I)Ljava/lang/String; // method@ac3d
decompiled/baksmali/vdexExtractor/services/disassembly.log	dump	com.android.server.policy.PhoneWindowManager::mDoubleTapOnHomeBehavior	982294	319eb4: 5240 5255                              |01ca: iget v0, v4, Lcom/android/server/policy/PhoneWindowManager;.mDoubleTapOnHomeBehavior:I // field@5552
decompiled/baksmali/vdexExtractor/services/disassembly.log	dump	com.android.server.policy.PhoneWindowManager::mEnableCarDockHomeCapture	982210	319d0e: 5540 5855                              |00f7: iget-boolean v0, v4, Lcom/android/server/policy/PhoneWindowManager;.mEnableCarDockHomeCapture:Z // field@5558
decompiled/baksmali/vdexExtractor/services/disassembly.log	dump	com.android.server.policy.PhoneWindowManager::mHomePressed	982383	31a072: 5540 7d55                              |02a9: iget-boolean v0, v4, Lcom/android/server/policy/PhoneWindowManager;.mHomePressed:Z // field@557d
decompiled/baksmali/vdexExtractor/services/disassembly.log	dump	com.android.server.policy.PhoneWindowManager::mLongPressOnHomeBehavior	982287	319e92: 5240 a655                              |01b9: iget v0, v4, Lcom/android/server/policy/PhoneWindowManager;.mLongPressOnHomeBehavior:I // field@55a6
decompiled/baksmali/vdexExtractor/services/disassembly.log	dump	com.android.server.wm.DisplayContent::getHomeStack	1077082	39a3f2: 6e10 e0c7 0600                         |01ba: invoke-virtual {v6}, Lcom/android/server/wm/DisplayContent;.getHomeStack:()Lcom/android/server/wm/TaskStack; // method@c7e0
decompiled/baksmali/vdexExtractor/services/disassembly.log	dumpOomLocked	com.android.server.am.ActivityManagerService::mHomeProcess	766021	0e3d58: 54a2 e51e                              |00d0: iget-object v2, v10, Lcom/android/server/am/ActivityManagerService;.mHomeProcess:Lcom/android/server/am/ProcessRecord; // field@1ee5
decompiled/baksmali/vdexExtractor/services/disassembly.log	dumpProcessesLocked	com.android.server.am.ActivityManagerService::mHomeProcess	766660	0fbadc: 5491 e51e                              |02ec: iget-object v1, v9, Lcom/android/server/am/ActivityManagerService;.mHomeProcess:Lcom/android/server/am/ProcessRecord; // field@1ee5
decompiled/baksmali/vdexExtractor/services/disassembly.log	dumpProcessesLocked	com.android.server.am.ActivityManagerService::mHomeProcess	766663	0fbae8: 5491 e51e                              |02f2: iget-object v1, v9, Lcom/android/server/am/ActivityManagerService;.mHomeProcess:Lcom/android/server/am/ProcessRecord; // field@1ee5
decompiled/baksmali/vdexExtractor/services/disassembly.log	dumpProcessesLocked	com.android.server.am.ActivityManagerService::mHomeProcess	766675	0fbb1c: 5493 e51e                              |030c: iget-object v3, v9, Lcom/android/server/am/ActivityManagerService;.mHomeProcess:Lcom/android/server/am/ProcessRecord; // field@1ee5
decompiled/baksmali/vdexExtractor/services/disassembly.log	enqueueAssistContext	com.android.server.am.ActivityManagerService$PendingAssistExtras::isHome	751327	0ea0b2: 5c10 e61d                              |00cb: iput-boolean v0, v1, Lcom/android/server/am/ActivityManagerService$PendingAssistExtras;.isHome:Z // field@1de6
decompiled/baksmali/vdexExtractor/services/disassembly.log	enqueueAssistContext	com.android.server.am.ActivityRecord::isActivityTypeHome	751325	0ea0aa: 6e10 fb4f 0e00                         |00c7: invoke-virtual {v14}, Lcom/android/server/am/ActivityRecord;.isActivityTypeHome:()Z // method@4ffb
decompiled/baksmali/vdexExtractor/services/disassembly.log	ensureActivitiesVisibleLocked	com.android.server.am.ActivityStack::isActivityTypeHome	1057205	1259c4: 7401 d250 1800                         |0177: invoke-virtual/range {v24}, Lcom/android/server/am/ActivityStack;.isActivityTypeHome:()Z // method@50d2
decompiled/baksmali/vdexExtractor/services/disassembly.log	findHomeTask	com.android.server.wm.TaskStack::isActivityTypeHome	1084633	3aede2: 6e10 46cc 0200                         |0000: invoke-virtual {v2}, Lcom/android/server/wm/TaskStack;.isActivityTypeHome:()Z // method@cc46
decompiled/baksmali/vdexExtractor/services/disassembly.log	findHomeTask	com.android.server.wm.TaskStack::mChildren	1084636	3aedee: 5420 0b69                              |0006: iget-object v0, v2, Lcom/android/server/wm/TaskStack;.mChildren:Lcom/android/server/wm/WindowList; // field@690b
decompiled/baksmali/vdexExtractor/services/disassembly.log	findHomeTask	com.android.server.wm.TaskStack::mChildren	1084641	3aee00: 5420 0b69                              |000f: iget-object v0, v2, Lcom/android/server/wm/TaskStack;.mChildren:Lcom/android/server/wm/WindowList; // field@690b
decompiled/baksmali/vdexExtractor/services/disassembly.log	findHomeTask	com.android.server.wm.TaskStack::mChildren	1084642	3aee04: 5421 0b69                              |0011: iget-object v1, v2, Lcom/android/server/wm/TaskStack;.mChildren:Lcom/android/server/wm/WindowList; // field@690b
decompiled/baksmali/vdexExtractor/services/disassembly.log	findHomeTask	com.android.server.wm.WindowList::get	1084646	3aee14: 6e20 12ce 1000                         |0019: invoke-virtual {v0, v1}, Lcom/android/server/wm/WindowList;.get:(I)Ljava/lang/Object; // method@ce12
decompiled/baksmali/vdexExtractor/services/disassembly.log	findHomeTask	com.android.server.wm.WindowList::isEmpty	1084637	3aedf2: 6e10 14ce 0000                         |0008: invoke-virtual {v0}, Lcom/android/server/wm/WindowList;.isEmpty:()Z // method@ce14
decompiled/baksmali/vdexExtractor/services/disassembly.log	findHomeTask	com.android.server.wm.WindowList::size	1084643	3aee08: 6e10 19ce 0100                         |0013: invoke-virtual {v1}, Lcom/android/server/wm/WindowList;.size:()I // method@ce19
decompiled/baksmali/vdexExtractor/services/disassembly.log	findTaskToMoveToFront	com.android.server.am.ActivityStackSupervisor::moveHomeStackToFront	793387	11e908: 6e20 d651 0800                         |0041: invoke-virtual {v8, v0}, Lcom/android/server/am/ActivityStackSupervisor;.moveHomeStackToFront:(Ljava/lang/String;)V // method@51d6
decompiled/baksmali/vdexExtractor/services/disassembly.log	finishDisabledPackageActivitiesLocked	com.android.server.am.ActivityRecord::isActivityTypeHome	1057975	121b34: 6e10 fb4f 0d00                         |007e: invoke-virtual {v13}, Lcom/android/server/am/ActivityRecord;.isActivityTypeHome:()Z // method@4ffb
decompiled/baksmali/vdexExtractor/services/disassembly.log	finishTopCrashedActivityLocked	com.android.server.am.ActivityManagerService::mHomeProcess	1058156	124284: 5400 e51e                              |0091: iget-object v0, v0, Lcom/android/server/am/ActivityManagerService;.mHomeProcess:Lcom/android/server/am/ProcessRecord; // field@1ee5
decompiled/baksmali/vdexExtractor/services/disassembly.log	finishTopCrashedActivityLocked	com.android.server.am.ActivityRecord::isActivityTypeHome	1058152	124274: 6e10 fb4f 0600                         |0089: invoke-virtual {v6}, Lcom/android/server/am/ActivityRecord;.isActivityTypeHome:()Z // method@4ffb
decompiled/baksmali/vdexExtractor/services/disassembly.log	get	com.android.server.slice.SliceManagerService::lambda$getHomeMatcher$3	581551	33ac4a: 7120 8bb4 1000                         |0004: invoke-static {v0, v1}, Lcom/android/server/slice/SliceManagerService;.lambda$getHomeMatcher$3:(Lcom/android/server/slice/SliceManagerService;I)Ljava/lang/String; // method@b48b
decompiled/baksmali/vdexExtractor/services/disassembly.log	getAppAnimationLayer	com.android.server.wm.AppWindowToken::isActivityTypeHome	1116243	391f98: 6e10 4cc6 0100                         |0000: invoke-virtual {v1}, Lcom/android/server/wm/AppWindowToken;.isActivityTypeHome:()Z // method@c64c
decompiled/baksmali/vdexExtractor/services/disassembly.log	getAppAnimationLayer	com.android.server.wm.DisplayContent$TaskStackContainers::mHomeAppAnimationLayer	1118783	396bb0: 5410 fd65                              |0006: iget-object v0, v1, Lcom/android/server/wm/DisplayContent$TaskStackContainers;.mHomeAppAnimationLayer:Landroid/view/SurfaceControl; // field@65fd
decompiled/baksmali/vdexExtractor/services/disassembly.log	getDefaultHome	android.content.ComponentName::getPackageName	583224	33c822: 6e10 ad05 0400                         |0043: invoke-virtual {v4}, Landroid/content/ComponentName;.getPackageName:()Ljava/lang/String; // method@05ad
decompiled/baksmali/vdexExtractor/services/disassembly.log	getDefaultHome	android.content.pm.ActivityInfo::applicationInfo	583207	33c7e8: 5499 4201                              |0026: iget-object v9, v9, Landroid/content/pm/ActivityInfo;.applicationInfo:Landroid/content/pm/ApplicationInfo; // field@0142
decompiled/baksmali/vdexExtractor/services/disassembly.log	getDefaultHome	android.content.pm.ActivityInfo::getComponentName	583216	33c808: 6e10 0707 0900                         |0036: invoke-virtual {v9}, Landroid/content/pm/ActivityInfo;.getComponentName:()Landroid/content/ComponentName; // method@0707
decompiled/baksmali/vdexExtractor/services/disassembly.log	getDefaultHome	android.content.pm.ApplicationInfo::isSystemApp	583208	33c7ec: 6e10 2c07 0900                         |0028: invoke-virtual {v9}, Landroid/content/pm/ApplicationInfo;.isSystemApp:()Z // method@072c
decompiled/baksmali/vdexExtractor/services/disassembly.log	getDefaultHome	android.content.pm.PackageManagerInternal::getHomeActivitiesAsUser	583192	33c7b2: 6e30 6608 230b                         |000b: invoke-virtual {v3, v2, v11}, Landroid/content/pm/PackageManagerInternal;.getHomeActivitiesAsUser:(Ljava/util/List;I)Landroid/content/ComponentName; // method@0866
decompiled/baksmali/vdexExtractor/services/disassembly.log	getDefaultHome	android.content.pm.ResolveInfo::activityInfo	583206	33c7e4: 5489 b202                              |0024: iget-object v9, v8, Landroid/content/pm/ResolveInfo;.activityInfo:Landroid/content/pm/ActivityInfo; // field@02b2
decompiled/baksmali/vdexExtractor/services/disassembly.log	getDefaultHome	android.content.pm.ResolveInfo::activityInfo	583215	33c804: 5489 b202                              |0034: iget-object v9, v8, Landroid/content/pm/ResolveInfo;.activityInfo:Landroid/content/pm/ActivityInfo; // field@02b2
decompiled/baksmali/vdexExtractor/services/disassembly.log	getDefaultHome	android.content.pm.ResolveInfo::priority	583212	33c7fa: 5289 bf02                              |002f: iget v9, v8, Landroid/content/pm/ResolveInfo;.priority:I // field@02bf
decompiled/baksmali/vdexExtractor/services/disassembly.log	getDefaultHome	android.content.pm.ResolveInfo::priority	583219	33c812: 5289 bf02                              |003b: iget v9, v8, Landroid/content/pm/ResolveInfo;.priority:I // field@02bf
decompiled/baksmali/vdexExtractor/services/disassembly.log	getDefaultHome	android.os.Binder::clearCallingIdentity	583187	33c79c: 7100 ee1f 0000                         |0000: invoke-static {}, Landroid/os/Binder;.clearCallingIdentity:()J // method@1fee
decompiled/baksmali/vdexExtractor/services/disassembly.log	getDefaultHome	android.os.Binder::restoreCallingIdentity	583228	33c82e: 7120 f51f 1000                         |0049: invoke-static {v0, v1}, Landroid/os/Binder;.restoreCallingIdentity:(J)V // method@1ff5
decompiled/baksmali/vdexExtractor/services/disassembly.log	getDefaultHome	android.os.Binder::restoreCallingIdentity	583231	33c838: 7120 f51f 1000                         |004e: invoke-static {v0, v1}, Landroid/os/Binder;.restoreCallingIdentity:(J)V // method@1ff5
decompiled/baksmali/vdexExtractor/services/disassembly.log	getDefaultHome	com.android.server.slice.SliceManagerService::mPackageManagerInternal	583191	33c7ae: 54a3 545a                              |0009: iget-object v3, v10, Lcom/android/server/slice/SliceManagerService;.mPackageManagerInternal:Landroid/content/pm/PackageManagerInternal; // field@5a54
decompiled/baksmali/vdexExtractor/services/disassembly.log	getDefaultHome	java.util.ArrayList::<init>	583190	33c7a8: 7010 9dd5 0200                         |0006: invoke-direct {v2}, Ljava/util/ArrayList;.<init>:()V // method@d59d
decompiled/baksmali/vdexExtractor/services/disassembly.log	getDefaultHome	java.util.List::get	583203	33c7d8: 7220 70d6 7200                         |001e: invoke-interface {v2, v7}, Ljava/util/List;.get:(I)Ljava/lang/Object; // method@d670
decompiled/baksmali/vdexExtractor/services/disassembly.log	getDefaultHome	java.util.List::size	583198	33c7c6: 7210 7cd6 0200                         |0015: invoke-interface {v2}, Ljava/util/List;.size:()I // method@d67c
decompiled/baksmali/vdexExtractor/services/disassembly.log	getDefaultHomeActivity	android.content.pm.ActivityInfo::getComponentName	939730	2b2994: 6e10 0707 0700                         |0022: invoke-virtual {v7}, Landroid/content/pm/ActivityInfo;.getComponentName:()Landroid/content/ComponentName; // method@0707
decompiled/baksmali/vdexExtractor/services/disassembly.log	getDefaultHomeActivity	android.content.pm.ResolveInfo::activityInfo	939729	2b2990: 5467 b202                              |0020: iget-object v7, v6, Landroid/content/pm/ResolveInfo;.activityInfo:Landroid/content/pm/ActivityInfo; // field@02b2
decompiled/baksmali/vdexExtractor/services/disassembly.log	getDefaultHomeActivity	android.content.pm.ResolveInfo::priority	939727	2b2988: 5267 bf02                              |001c: iget v7, v6, Landroid/content/pm/ResolveInfo;.priority:I // field@02bf
decompiled/baksmali/vdexExtractor/services/disassembly.log	getDefaultHomeActivity	android.content.pm.ResolveInfo::priority	939732	2b299c: 5262 bf02                              |0026: iget v2, v6, Landroid/content/pm/ResolveInfo;.priority:I // field@02bf
decompiled/baksmali/vdexExtractor/services/disassembly.log	getDefaultHomeActivity	android.content.pm.ResolveInfo::priority	939734	2b29a2: 5267 bf02                              |0029: iget v7, v6, Landroid/content/pm/ResolveInfo;.priority:I // field@02bf
decompiled/baksmali/vdexExtractor/services/disassembly.log	getDefaultHomeActivity	com.android.server.pm.PackageManagerService$PackageManagerInternalImpl::this$0	493322	2af176: 5410 de4e                              |0000: iget-object v0, v1, Lcom/android/server/pm/PackageManagerService$PackageManagerInternalImpl;.this$0:Lcom/android/server/pm/PackageManagerService; // field@4ede
decompiled/baksmali/vdexExtractor/services/disassembly.log	getDefaultHomeActivity	com.android.server.pm.PackageManagerService::access$7700	493323	2af17a: 7120 449f 2000                         |0002: invoke-static {v0, v2}, Lcom/android/server/pm/PackageManagerService;.access$7700:(Lcom/android/server/pm/PackageManagerService;I)Landroid/content/ComponentName; // method@9f44
decompiled/baksmali/vdexExtractor/services/disassembly.log	getDefaultHomeActivity	com.android.server.pm.PackageManagerService::getHomeActivitiesAsUser	939714	2b295a: 6e30 12a0 0809                         |0005: invoke-virtual {v8, v0, v9}, Lcom/android/server/pm/PackageManagerService;.getHomeActivitiesAsUser:(Ljava/util/List;I)Landroid/content/ComponentName; // method@a012
decompiled/baksmali/vdexExtractor/services/disassembly.log	getDefaultHomeActivity	java.util.ArrayList::<init>	939713	2b2954: 7010 9dd5 0000                         |0002: invoke-direct {v0}, Ljava/util/ArrayList;.<init>:()V // method@d59d
decompiled/baksmali/vdexExtractor/services/disassembly.log	getDefaultHomeActivity	java.util.List::get	939724	2b297c: 7220 70d6 5000                         |0016: invoke-interface {v0, v5}, Ljava/util/List;.get:(I)Ljava/lang/Object; // method@d670
decompiled/baksmali/vdexExtractor/services/disassembly.log	getDefaultHomeActivity	java.util.List::size	939720	2b296e: 7210 7cd6 0000                         |000f: invoke-interface {v0}, Ljava/util/List;.size:()I // method@d67c
decompiled/baksmali/vdexExtractor/services/disassembly.log	getDefaultLauncher	android.content.pm.PackageManagerInternal::getHomeActivitiesAsUser	525994	2f47f4: 6e30 6608 9c02                         |0021: invoke-virtual {v12, v9, v2}, Landroid/content/pm/PackageManagerInternal;.getHomeActivitiesAsUser:(Ljava/util/List;I)Landroid/content/ComponentName; // method@0866
decompiled/baksmali/vdexExtractor/services/disassembly.log	getHomeActivities	android.os.Binder::getCallingUid	961264	2b29b8: 7100 f11f 0000                         |0000: invoke-static {}, Landroid/os/Binder;.getCallingUid:()I // method@1ff1
decompiled/baksmali/vdexExtractor/services/disassembly.log	getHomeActivities	android.os.UserHandle::getCallingUserId	961271	2b29d0: 7100 a624 0000                         |000c: invoke-static {}, Landroid/os/UserHandle;.getCallingUserId:()I // method@24a6
decompiled/baksmali/vdexExtractor/services/disassembly.log	getHomeActivities	com.android.server.pm.PackageManagerService::getHomeActivitiesAsUser	961273	2b29d8: 6e30 12a0 2100                         |0010: invoke-virtual {v1, v2, v0}, Lcom/android/server/pm/PackageManagerService;.getHomeActivitiesAsUser:(Ljava/util/List;I)Landroid/content/ComponentName; // method@a012
decompiled/baksmali/vdexExtractor/services/disassembly.log	getHomeActivities	com.android.server.pm.PackageManagerService::getInstantAppPackageName	961266	2b29c0: 7020 1fa0 0100                         |0004: invoke-direct {v1, v0}, Lcom/android/server/pm/PackageManagerService;.getInstantAppPackageName:(I)Ljava/lang/String; // method@a01f
decompiled/baksmali/vdexExtractor/services/disassembly.log	getHomeActivitiesAsUser	android.content.ComponentName::<init>	961319	2b2a6c: 7030 a505 1b02                         |0043: invoke-direct {v11, v1, v2}, Landroid/content/ComponentName;.<init>:(Ljava/lang/String;Ljava/lang/String;)V // method@05a5
decompiled/baksmali/vdexExtractor/services/disassembly.log	getHomeActivitiesAsUser	android.content.pm.ActivityInfo::name	961318	2b2a68: 5422 5101                              |0041: iget-object v2, v2, Landroid/content/pm/ActivityInfo;.name:Ljava/lang/String; // field@0151
decompiled/baksmali/vdexExtractor/services/disassembly.log	getHomeActivitiesAsUser	android.content.pm.ActivityInfo::packageName	961316	2b2a60: 5411 5301                              |003d: iget-object v1, v1, Landroid/content/pm/ActivityInfo;.packageName:Ljava/lang/String; // field@0153
decompiled/baksmali/vdexExtractor/services/disassembly.log	getHomeActivitiesAsUser	android.content.pm.ResolveInfo::activityInfo	961311	2b2a4e: 5401 b202                              |0034: iget-object v1, v0, Landroid/content/pm/ResolveInfo;.activityInfo:Landroid/content/pm/ActivityInfo; // field@02b2
decompiled/baksmali/vdexExtractor/services/disassembly.log	getHomeActivitiesAsUser	android.content.pm.ResolveInfo::activityInfo	961315	2b2a5c: 5401 b202                              |003b: iget-object v1, v0, Landroid/content/pm/ResolveInfo;.activityInfo:Landroid/content/pm/ActivityInfo; // field@02b2
decompiled/baksmali/vdexExtractor/services/disassembly.log	getHomeActivitiesAsUser	android.content.pm.ResolveInfo::activityInfo	961317	2b2a64: 5402 b202                              |003f: iget-object v2, v0, Landroid/content/pm/ResolveInfo;.activityInfo:Landroid/content/pm/ActivityInfo; // field@02b2
decompiled/baksmali/vdexExtractor/services/disassembly.log	getHomeActivitiesAsUser	com.android.server.pm.PackageManagerService$PackageManagerInternalImpl::this$0	493350	2af188: 5410 de4e                              |0000: iget-object v0, v1, Lcom/android/server/pm/PackageManagerService$PackageManagerInternalImpl;.this$0:Lcom/android/server/pm/PackageManagerService; // field@4ede
decompiled/baksmali/vdexExtractor/services/disassembly.log	getHomeActivitiesAsUser	com.android.server.pm.PackageManagerService::findPreferredActivity	961296	2b2a10: 740a db9f 0000                         |0015: invoke-virtual/range {v0, v1, v2, v3, v4, v5, v6, v7, v8, v9}, Lcom/android/server/pm/PackageManagerService;.findPreferredActivity:(Landroid/content/Intent;Ljava/lang/String;ILjava/util/List;IZZZI)Landroid/content/pm/ResolveInfo; // method@9fdb
decompiled/baksmali/vdexExtractor/services/disassembly.log	getHomeActivitiesAsUser	com.android.server.pm.PackageManagerService::getHomeActivitiesAsUser	493351	2af18c: 6e30 12a0 2003                         |0002: invoke-virtual {v0, v2, v3}, Lcom/android/server/pm/PackageManagerService;.getHomeActivitiesAsUser:(Ljava/util/List;I)Landroid/content/ComponentName; // method@a012
decompiled/baksmali/vdexExtractor/services/disassembly.log	getHomeActivitiesAsUser	com.android.server.pm.PackageManagerService::getHomeIntent	961280	2b29e6: 7010 14a0 0d00                         |0000: invoke-direct {v13}, Lcom/android/server/pm/PackageManagerService;.getHomeIntent:()Landroid/content/Intent; // method@a014
decompiled/baksmali/vdexExtractor/services/disassembly.log	getHomeActivitiesAsUser	com.android.server.pm.PackageManagerService::queryIntentActivitiesInternal	961284	2b29f4: 705f faa0 ad0b                         |0007: invoke-direct {v13, v10, v11, v0, v15}, Lcom/android/server/pm/PackageManagerService;.queryIntentActivitiesInternal:(Landroid/content/Intent;Ljava/lang/String;II)Ljava/util/List; // method@a0fa
decompiled/baksmali/vdexExtractor/services/disassembly.log	getHomeActivitiesAsUser	java.util.Iterator::hasNext	961302	2b2a2a: 7210 4ed6 0100                         |0022: invoke-interface {v1}, Ljava/util/Iterator;.hasNext:()Z // method@d64e
decompiled/baksmali/vdexExtractor/services/disassembly.log	getHomeActivitiesAsUser	java.util.Iterator::next	961305	2b2a36: 7210 4fd6 0100                         |0028: invoke-interface {v1}, Ljava/util/Iterator;.next:()Ljava/lang/Object; // method@d64f
decompiled/baksmali/vdexExtractor/services/disassembly.log	getHomeActivitiesAsUser	java.util.List::add	961308	2b2a42: 7220 6bd6 2e00                         |002e: invoke-interface {v14, v2}, Ljava/util/List;.add:(Ljava/lang/Object;)Z // method@d66b
decompiled/baksmali/vdexExtractor/services/disassembly.log	getHomeActivitiesAsUser	java.util.List::clear	961298	2b2a18: 7210 6dd6 0e00                         |0019: invoke-interface {v14}, Ljava/util/List;.clear:()V // method@d66d
decompiled/baksmali/vdexExtractor/services/disassembly.log	getHomeActivitiesAsUser	java.util.List::iterator	961300	2b2a22: 7210 74d6 0c00                         |001e: invoke-interface {v12}, Ljava/util/List;.iterator:()Ljava/util/Iterator; // method@d674
decompiled/baksmali/vdexExtractor/services/disassembly.log	getHomeActivity	com.android.server.am.ActivityStackSupervisor::getHomeActivityForUser	793716	11ca78: 6e20 a151 0100                         |0002: invoke-virtual {v1, v0}, Lcom/android/server/am/ActivityStackSupervisor;.getHomeActivityForUser:(I)Lcom/android/server/am/ActivityRecord; // method@51a1
decompiled/baksmali/vdexExtractor/services/disassembly.log	getHomeActivity	com.android.server.am.ActivityStackSupervisor::mCurrentUser	793715	11ca74: 5210 fd20                              |0000: iget v0, v1, Lcom/android/server/am/ActivityStackSupervisor;.mCurrentUser:I // field@20fd
decompiled/baksmali/vdexExtractor/services/disassembly.log	getHomeActivityForUser	com.android.server.am.ActivityManagerService$LocalService::this$0	159681	0d86c2: 5430 be1d                              |0000: iget-object v0, v3, Lcom/android/server/am/ActivityManagerService$LocalService;.this$0:Lcom/android/server/am/ActivityManagerService; // field@1dbe
decompiled/baksmali/vdexExtractor/services/disassembly.log	getHomeActivityForUser	com.android.server.am.ActivityManagerService$LocalService::this$0	159684	0d86ce: 5431 be1d                              |0006: iget-object v1, v3, Lcom/android/server/am/ActivityManagerService$LocalService;.this$0:Lcom/android/server/am/ActivityManagerService; // field@1dbe
decompiled/baksmali/vdexExtractor/services/disassembly.log	getHomeActivityForUser	com.android.server.am.ActivityManagerService::boostPriorityForLockedSection	159683	0d86c8: 7100 444c 0000                         |0003: invoke-static {}, Lcom/android/server/am/ActivityManagerService;.boostPriorityForLockedSection:()V // method@4c44
decompiled/baksmali/vdexExtractor/services/disassembly.log	getHomeActivityForUser	com.android.server.am.ActivityManagerService::mStackSupervisor	159685	0d86d2: 5411 431f                              |0008: iget-object v1, v1, Lcom/android/server/am/ActivityManagerService;.mStackSupervisor:Lcom/android/server/am/ActivityStackSupervisor; // field@1f43
decompiled/baksmali/vdexExtractor/services/disassembly.log	getHomeActivityForUser	com.android.server.am.ActivityManagerService::resetPriorityAfterLockedSection	159693	0d86ec: 7100 fc4d 0000                         |0015: invoke-static {}, Lcom/android/server/am/ActivityManagerService;.resetPriorityAfterLockedSection:()V // method@4dfc
decompiled/baksmali/vdexExtractor/services/disassembly.log	getHomeActivityForUser	com.android.server.am.ActivityManagerService::resetPriorityAfterLockedSection	159697	0d86f8: 7100 fc4d 0000                         |001b: invoke-static {}, Lcom/android/server/am/ActivityManagerService;.resetPriorityAfterLockedSection:()V // method@4dfc
decompiled/baksmali/vdexExtractor/services/disassembly.log	getHomeActivityForUser	com.android.server.am.ActivityRecord::isActivityTypeHome	793744	11cada: 6e10 fb4f 0500                         |002a: invoke-virtual {v5}, Lcom/android/server/am/ActivityRecord;.isActivityTypeHome:()Z // method@4ffb
decompiled/baksmali/vdexExtractor/services/disassembly.log	getHomeActivityForUser	com.android.server.am.ActivityRecord::realActivity	159691	0d86e6: 5412 4f20                              |0012: iget-object v2, v1, Lcom/android/server/am/ActivityRecord;.realActivity:Landroid/content/ComponentName; // field@204f
decompiled/baksmali/vdexExtractor/services/disassembly.log	getHomeActivityForUser	com.android.server.am.ActivityRecord::userId	793749	11caec: 5256 6620                              |0033: iget v6, v5, Lcom/android/server/am/ActivityRecord;.userId:I // field@2066
decompiled/baksmali/vdexExtractor/services/disassembly.log	getHomeActivityForUser	com.android.server.am.ActivityStack::getAllTasks	793724	11ca8a: 6e10 ad50 0000                         |0002: invoke-virtual {v0}, Lcom/android/server/am/ActivityStack;.getAllTasks:()Ljava/util/ArrayList; // method@50ad
decompiled/baksmali/vdexExtractor/services/disassembly.log	getHomeActivityForUser	com.android.server.am.ActivityStackSupervisor::getHomeActivityForUser	159686	0d86d6: 6e20 a151 4100                         |000a: invoke-virtual {v1, v4}, Lcom/android/server/am/ActivityStackSupervisor;.getHomeActivityForUser:(I)Lcom/android/server/am/ActivityRecord; // method@51a1
decompiled/baksmali/vdexExtractor/services/disassembly.log	getHomeActivityForUser	com.android.server.am.ActivityStackSupervisor::mHomeStack	793723	11ca86: 5470 0a21                              |0000: iget-object v0, v7, Lcom/android/server/am/ActivityStackSupervisor;.mHomeStack:Lcom/android/server/am/ActivityStack; // field@210a
decompiled/baksmali/vdexExtractor/services/disassembly.log	getHomeActivityForUser	com.android.server.am.TaskRecord::isActivityTypeHome	793733	11caae: 6e10 d857 0200                         |0014: invoke-virtual {v2}, Lcom/android/server/am/TaskRecord;.isActivityTypeHome:()Z // method@57d8
decompiled/baksmali/vdexExtractor/services/disassembly.log	getHomeActivityForUser	com.android.server.am.TaskRecord::mActivities	793736	11caba: 5423 2126                              |001a: iget-object v3, v2, Lcom/android/server/am/TaskRecord;.mActivities:Ljava/util/ArrayList; // field@2621
decompiled/baksmali/vdexExtractor/services/disassembly.log	getHomeActivityForUser	java.util.ArrayList::get	793730	11caa2: 6e20 aad5 1000                         |000e: invoke-virtual {v0, v1}, Ljava/util/ArrayList;.get:(I)Ljava/lang/Object; // method@d5aa
decompiled/baksmali/vdexExtractor/services/disassembly.log	getHomeActivityForUser	java.util.ArrayList::get	793741	11cace: 6e20 aad5 4300                         |0024: invoke-virtual {v3, v4}, Ljava/util/ArrayList;.get:(I)Ljava/lang/Object; // method@d5aa
decompiled/baksmali/vdexExtractor/services/disassembly.log	getHomeActivityForUser	java.util.ArrayList::size	793726	11ca92: 6e10 b4d5 0000                         |0006: invoke-virtual {v0}, Ljava/util/ArrayList;.size:()I // method@d5b4
decompiled/baksmali/vdexExtractor/services/disassembly.log	getHomeActivityForUser	java.util.ArrayList::size	793737	11cabe: 6e10 b4d5 0300                         |001c: invoke-virtual {v3}, Ljava/util/ArrayList;.size:()I // method@d5b4
decompiled/baksmali/vdexExtractor/services/disassembly.log	getHomeFilter	android.content.IntentFilter::<init>	939848	2b2ccc: 7020 9906 1000                         |0004: invoke-direct {v0, v1}, Landroid/content/IntentFilter;.<init>:(Ljava/lang/String;)V // method@0699
decompiled/baksmali/vdexExtractor/services/disassembly.log	getHomeFilter	android.content.IntentFilter::addCategory	939850	2b2cd6: 6e20 9d06 1000                         |0009: invoke-virtual {v0, v1}, Landroid/content/IntentFilter;.addCategory:(Ljava/lang/String;)V // method@069d
decompiled/baksmali/vdexExtractor/services/disassembly.log	getHomeFilter	android.content.IntentFilter::addCategory	939852	2b2ce0: 6e20 9d06 1000                         |000e: invoke-virtual {v0, v1}, Landroid/content/IntentFilter;.addCategory:(Ljava/lang/String;)V // method@069d
decompiled/baksmali/vdexExtractor/services/disassembly.log	getHomeIntent	android.content.Intent::<init>	769991	0dd4ee: 7030 3906 1002                         |0010: invoke-direct {v0, v1, v2}, Landroid/content/Intent;.<init>:(Ljava/lang/String;Landroid/net/Uri;)V // method@0639
decompiled/baksmali/vdexExtractor/services/disassembly.log	getHomeIntent	android.content.Intent::<init>	939860	2b2c8a: 7020 3806 1000                         |0004: invoke-direct {v0, v1}, Landroid/content/Intent;.<init>:(Ljava/lang/String;)V // method@0638
decompiled/baksmali/vdexExtractor/services/disassembly.log	getHomeIntent	android.content.Intent::addCategory	770000	0dd516: 6e20 3a06 1000                         |0024: invoke-virtual {v0, v1}, Landroid/content/Intent;.addCategory:(Ljava/lang/String;)Landroid/content/Intent; // method@063a
decompiled/baksmali/vdexExtractor/services/disassembly.log	getHomeIntent	android.content.Intent::addCategory	939862	2b2c94: 6e20 3a06 1000                         |0009: invoke-virtual {v0, v1}, Landroid/content/Intent;.addCategory:(Ljava/lang/String;)Landroid/content/Intent; // method@063a
decompiled/baksmali/vdexExtractor/services/disassembly.log	getHomeIntent	android.content.Intent::addCategory	939864	2b2c9e: 6e20 3a06 1000                         |000e: invoke-virtual {v0, v1}, Landroid/content/Intent;.addCategory:(Ljava/lang/String;)Landroid/content/Intent; // method@063a
decompiled/baksmali/vdexExtractor/services/disassembly.log	getHomeIntent	android.content.Intent::addFlags	769995	0dd502: 6e20 3b06 1000                         |001a: invoke-virtual {v0, v1}, Landroid/content/Intent;.addFlags:(I)Landroid/content/Intent; // method@063b
decompiled/baksmali/vdexExtractor/services/disassembly.log	getHomeIntent	android.content.Intent::setComponent	769993	0dd4f8: 6e20 8406 1000                         |0015: invoke-virtual {v0, v1}, Landroid/content/Intent;.setComponent:(Landroid/content/ComponentName;)Landroid/content/Intent; // method@0684
decompiled/baksmali/vdexExtractor/services/disassembly.log	getHomeIntent	android.net.Uri::parse	769987	0dd4e2: 7110 801a 0200                         |000a: invoke-static {v2}, Landroid/net/Uri;.parse:(Ljava/lang/String;)Landroid/net/Uri; // method@1a80
decompiled/baksmali/vdexExtractor/services/disassembly.log	getHomeIntent	com.android.server.am.ActivityManagerService::mFactoryTest	769996	0dd508: 5231 d61e                              |001d: iget v1, v3, Lcom/android/server/am/ActivityManagerService;.mFactoryTest:I // field@1ed6
decompiled/baksmali/vdexExtractor/services/disassembly.log	getHomeIntent	com.android.server.am.ActivityManagerService::mTopAction	769983	0dd4d2: 5431 5a1f                              |0002: iget-object v1, v3, Lcom/android/server/am/ActivityManagerService;.mTopAction:Ljava/lang/String; // field@1f5a
decompiled/baksmali/vdexExtractor/services/disassembly.log	getHomeIntent	com.android.server.am.ActivityManagerService::mTopComponent	769992	0dd4f4: 5431 5b1f                              |0013: iget-object v1, v3, Lcom/android/server/am/ActivityManagerService;.mTopComponent:Landroid/content/ComponentName; // field@1f5b
decompiled/baksmali/vdexExtractor/services/disassembly.log	getHomeIntent	com.android.server.am.ActivityManagerService::mTopData	769984	0dd4d6: 5432 5c1f                              |0004: iget-object v2, v3, Lcom/android/server/am/ActivityManagerService;.mTopData:Ljava/lang/String; // field@1f5c
decompiled/baksmali/vdexExtractor/services/disassembly.log	getHomeIntent	com.android.server.am.ActivityManagerService::mTopData	769986	0dd4de: 5432 5c1f                              |0008: iget-object v2, v3, Lcom/android/server/am/ActivityManagerService;.mTopData:Ljava/lang/String; // field@1f5c
decompiled/baksmali/vdexExtractor/services/disassembly.log	getHomeMatcher	ambda$SliceManagerService$LkusK1jmu9JKJTiMRWqWxNGEGbY::<init>	582701	33c606: 7030 04b4 3204                         |000e: invoke-direct {v2, v3, v4}, Lcom/android/server/slice/-$$Lambda$SliceManagerService$LkusK1jmu9JKJTiMRWqWxNGEGbY;.<init>:(Lcom/android/server/slice/SliceManagerService;I)V // method@b404
decompiled/baksmali/vdexExtractor/services/disassembly.log	getHomeMatcher	android.util.SparseArray::get	582695	33c5ee: 6e20 7e29 4000                         |0002: invoke-virtual {v0, v4}, Landroid/util/SparseArray;.get:(I)Ljava/lang/Object; // method@297e
decompiled/baksmali/vdexExtractor/services/disassembly.log	getHomeMatcher	android.util.SparseArray::put	582705	33c618: 6e30 8329 4100                         |0017: invoke-virtual {v1, v4, v0}, Landroid/util/SparseArray;.put:(ILjava/lang/Object;)V // method@2983
decompiled/baksmali/vdexExtractor/services/disassembly.log	getHomeMatcher	com.android.server.slice.SliceManagerService$PackageMatchingCache::<init>	582702	33c60c: 7020 62b4 2100                         |0011: invoke-direct {v1, v2}, Lcom/android/server/slice/SliceManagerService$PackageMatchingCache;.<init>:(Ljava/util/function/Supplier;)V // method@b462
decompiled/baksmali/vdexExtractor/services/disassembly.log	getHomeMatcher	com.android.server.slice.SliceManagerService::mHomeLookup	582694	33c5ea: 5430 525a                              |0000: iget-object v0, v3, Lcom/android/server/slice/SliceManagerService;.mHomeLookup:Landroid/util/SparseArray; // field@5a52
decompiled/baksmali/vdexExtractor/services/disassembly.log	getHomeMatcher	com.android.server.slice.SliceManagerService::mHomeLookup	582704	33c614: 5431 525a                              |0015: iget-object v1, v3, Lcom/android/server/slice/SliceManagerService;.mHomeLookup:Landroid/util/SparseArray; // field@5a52
decompiled/baksmali/vdexExtractor/services/disassembly.log	getHomeStack	android.util.Slog::e	1118807	396d20: 7120 6929 1000                         |001f: invoke-static {v0, v1}, Landroid/util/Slog;.e:(Ljava/lang/String;Ljava/lang/String;)I // method@2969
decompiled/baksmali/vdexExtractor/services/disassembly.log	getHomeStack	com.android.server.wm.DisplayContent$TaskStackContainers::getHomeStack	1077354	398856: 6e10 85c7 0000                         |0002: invoke-virtual {v0}, Lcom/android/server/wm/DisplayContent$TaskStackContainers;.getHomeStack:()Lcom/android/server/wm/TaskStack; // method@c785
decompiled/baksmali/vdexExtractor/services/disassembly.log	getHomeStack	com.android.server.wm.DisplayContent$TaskStackContainers::mHomeStack	1118793	396ce2: 5430 fe65                              |0000: iget-object v0, v3, Lcom/android/server/wm/DisplayContent$TaskStackContainers;.mHomeStack:Lcom/android/server/wm/TaskStack; // field@65fe
decompiled/baksmali/vdexExtractor/services/disassembly.log	getHomeStack	com.android.server.wm.DisplayContent$TaskStackContainers::mHomeStack	1118808	396d26: 5430 fe65                              |0022: iget-object v0, v3, Lcom/android/server/wm/DisplayContent$TaskStackContainers;.mHomeStack:Lcom/android/server/wm/TaskStack; // field@65fe
decompiled/baksmali/vdexExtractor/services/disassembly.log	getHomeStack	com.android.server.wm.DisplayContent$TaskStackContainers::this$0	1118795	396cea: 5430 0366                              |0004: iget-object v0, v3, Lcom/android/server/wm/DisplayContent$TaskStackContainers;.this$0:Lcom/android/server/wm/DisplayContent; // field@6603
decompiled/baksmali/vdexExtractor/services/disassembly.log	getHomeStack	com.android.server.wm.DisplayContent::access$200	1118796	396cee: 7110 9fc7 0000                         |0006: invoke-static {v0}, Lcom/android/server/wm/DisplayContent;.access$200:(Lcom/android/server/wm/DisplayContent;)I // method@c79f
decompiled/baksmali/vdexExtractor/services/disassembly.log	getHomeStack	com.android.server.wm.DisplayContent::mTaskStackContainers	1077353	398852: 5410 4566                              |0000: iget-object v0, v1, Lcom/android/server/wm/DisplayContent;.mTaskStackContainers:Lcom/android/server/wm/DisplayContent$TaskStackContainers; // field@6645
decompiled/baksmali/vdexExtractor/services/disassembly.log	getHomeStack	java.lang.StringBuilder::<init>	1118801	396d02: 7010 36d4 0100                         |0010: invoke-direct {v1}, Ljava/lang/StringBuilder;.<init>:()V // method@d436
decompiled/baksmali/vdexExtractor/services/disassembly.log	getHomeStack	java.lang.StringBuilder::append	1118803	396d0c: 6e20 41d4 2100                         |0015: invoke-virtual {v1, v2}, Ljava/lang/StringBuilder;.append:(Ljava/lang/String;)Ljava/lang/StringBuilder; // method@d441
decompiled/baksmali/vdexExtractor/services/disassembly.log	getHomeStack	java.lang.StringBuilder::append	1118804	396d12: 6e20 40d4 3100                         |0018: invoke-virtual {v1, v3}, Ljava/lang/StringBuilder;.append:(Ljava/lang/Object;)Ljava/lang/StringBuilder; // method@d440
decompiled/baksmali/vdexExtractor/services/disassembly.log	getHomeStack	java.lang.StringBuilder::toString	1118805	396d18: 6e10 48d4 0100                         |001b: invoke-virtual {v1}, Ljava/lang/StringBuilder;.toString:()Ljava/lang/String; // method@d448
decompiled/baksmali/vdexExtractor/services/disassembly.log	getHomeStackBoundsInDockedMode	android.content.res.Configuration::orientation	660600	39da70: 5223 f002                              |0024: iget v3, v2, Landroid/content/res/Configuration;.orientation:I // field@02f0
decompiled/baksmali/vdexExtractor/services/disassembly.log	getHomeStackBoundsInDockedMode	android.graphics.Rect::left	660622	39dabc: 5277 1503                              |004a: iget v7, v7, Landroid/graphics/Rect;.left:I // field@0315
decompiled/baksmali/vdexExtractor/services/disassembly.log	getHomeStackBoundsInDockedMode	android.graphics.Rect::right	660625	39dac8: 5299 1603                              |0050: iget v9, v9, Landroid/graphics/Rect;.right:I // field@0316
decompiled/baksmali/vdexExtractor/services/disassembly.log	getHomeStackBoundsInDockedMode	android.graphics.Rect::set	660611	39da94: 6e56 eb0a 4b53                         |0036: invoke-virtual {v11, v4, v3, v5, v6}, Landroid/graphics/Rect;.set:(IIII)V // method@0aeb
decompiled/baksmali/vdexExtractor/services/disassembly.log	getHomeStackBoundsInDockedMode	android.graphics.Rect::set	660639	39daf6: 6e55 eb0a 7b84                         |0067: invoke-virtual {v11, v7, v4, v8, v5}, Landroid/graphics/Rect;.set:(IIII)V // method@0aeb
decompiled/baksmali/vdexExtractor/services/disassembly.log	getHomeStackBoundsInDockedMode	android.graphics.Rect::top	660607	39da86: 5255 1703                              |002f: iget v5, v5, Landroid/graphics/Rect;.top:I // field@0317
decompiled/baksmali/vdexExtractor/services/disassembly.log	getHomeStackBoundsInDockedMode	android.graphics.Rect::top	660619	39dab2: 5277 1703                              |0045: iget v7, v7, Landroid/graphics/Rect;.top:I // field@0317
decompiled/baksmali/vdexExtractor/services/disassembly.log	getHomeStackBoundsInDockedMode	android.view.DisplayInfo::displayCutout	660589	39da48: 5406 ee0b                              |0010: iget-object v6, v0, Landroid/view/DisplayInfo;.displayCutout:Landroid/view/DisplayCutout; // field@0bee
decompiled/baksmali/vdexExtractor/services/disassembly.log	getHomeStackBoundsInDockedMode	android.view.DisplayInfo::logicalHeight	660588	39da44: 5205 f50b                              |000e: iget v5, v0, Landroid/view/DisplayInfo;.logicalHeight:I // field@0bf5
decompiled/baksmali/vdexExtractor/services/disassembly.log	getHomeStackBoundsInDockedMode	android.view.DisplayInfo::logicalHeight	660610	39da90: 5206 f50b                              |0034: iget v6, v0, Landroid/view/DisplayInfo;.logicalHeight:I // field@0bf5
decompiled/baksmali/vdexExtractor/services/disassembly.log	getHomeStackBoundsInDockedMode	android.view.DisplayInfo::logicalHeight	660638	39daf2: 5205 f50b                              |0065: iget v5, v0, Landroid/view/DisplayInfo;.logicalHeight:I // field@0bf5
decompiled/baksmali/vdexExtractor/services/disassembly.log	getHomeStackBoundsInDockedMode	android.view.DisplayInfo::logicalWidth	660587	39da40: 5204 f60b                              |000c: iget v4, v0, Landroid/view/DisplayInfo;.logicalWidth:I // field@0bf6
decompiled/baksmali/vdexExtractor/services/disassembly.log	getHomeStackBoundsInDockedMode	android.view.DisplayInfo::logicalWidth	660609	39da8c: 5205 f60b                              |0032: iget v5, v0, Landroid/view/DisplayInfo;.logicalWidth:I // field@0bf6
decompiled/baksmali/vdexExtractor/services/disassembly.log	getHomeStackBoundsInDockedMode	android.view.DisplayInfo::logicalWidth	660623	39dac0: 5208 f60b                              |004c: iget v8, v0, Landroid/view/DisplayInfo;.logicalWidth:I // field@0bf6
decompiled/baksmali/vdexExtractor/services/disassembly.log	getHomeStackBoundsInDockedMode	android.view.DisplayInfo::rotation	660586	39da3c: 5203 030c                              |000a: iget v3, v0, Landroid/view/DisplayInfo;.rotation:I // field@0c03
decompiled/baksmali/vdexExtractor/services/disassembly.log	getHomeStackBoundsInDockedMode	com.android.server.policy.WindowManagerPolicy::getStableInsetsLw	660591	39da50: 7806 caad 0200                         |0014: invoke-interface/range {v2, v3, v4, v5, v6, v7}, Lcom/android/server/policy/WindowManagerPolicy;.getStableInsetsLw:(IIILandroid/view/DisplayCutout;Landroid/graphics/Rect;)V // method@adca
decompiled/baksmali/vdexExtractor/services/disassembly.log	getHomeStackBoundsInDockedMode	com.android.server.wm.DisplayContent::getConfiguration	660598	39da68: 6e10 dac7 0200                         |0020: invoke-virtual {v2}, Lcom/android/server/wm/DisplayContent;.getConfiguration:()Landroid/content/res/Configuration; // method@c7da
decompiled/baksmali/vdexExtractor/services/disassembly.log	getHomeStackBoundsInDockedMode	com.android.server.wm.DisplayContent::getDisplayInfo	660582	39da2c: 6e10 ddc7 0000                         |0002: invoke-virtual {v0}, Lcom/android/server/wm/DisplayContent;.getDisplayInfo:()Landroid/view/DisplayInfo; // method@c7dd
decompiled/baksmali/vdexExtractor/services/disassembly.log	getHomeStackBoundsInDockedMode	com.android.server.wm.DisplayContent::getSplitScreenPrimaryStackIgnoringVisibility	660614	39daa0: 6e10 efc7 0300                         |003c: invoke-virtual {v3}, Lcom/android/server/wm/DisplayContent;.getSplitScreenPrimaryStackIgnoringVisibility:()Lcom/android/server/wm/TaskStack; // method@c7ef
decompiled/baksmali/vdexExtractor/services/disassembly.log	getHomeStackBoundsInDockedMode	com.android.server.wm.DockedStackDividerController::mDisplayContent	660581	39da28: 54a0 9566                              |0000: iget-object v0, v10, Lcom/android/server/wm/DockedStackDividerController;.mDisplayContent:Lcom/android/server/wm/DisplayContent; // field@6695
decompiled/baksmali/vdexExtractor/services/disassembly.log	getHomeStackBoundsInDockedMode	com.android.server.wm.DockedStackDividerController::mDisplayContent	660597	39da64: 54a2 9566                              |001e: iget-object v2, v10, Lcom/android/server/wm/DockedStackDividerController;.mDisplayContent:Lcom/android/server/wm/DisplayContent; // field@6695
decompiled/baksmali/vdexExtractor/services/disassembly.log	getHomeStackBoundsInDockedMode	com.android.server.wm.DockedStackDividerController::mDisplayContent	660613	39da9c: 54a3 9566                              |003a: iget-object v3, v10, Lcom/android/server/wm/DockedStackDividerController;.mDisplayContent:Lcom/android/server/wm/DisplayContent; // field@6695
decompiled/baksmali/vdexExtractor/services/disassembly.log	getHomeStackBoundsInDockedMode	com.android.server.wm.DockedStackDividerController::mDividerInsets	660593	39da5a: 52a2 9866                              |0019: iget v2, v10, Lcom/android/server/wm/DockedStackDividerController;.mDividerInsets:I // field@6698
decompiled/baksmali/vdexExtractor/services/disassembly.log	getHomeStackBoundsInDockedMode	com.android.server.wm.DockedStackDividerController::mDividerWindowWidth	660592	39da56: 52a1 9966                              |0017: iget v1, v10, Lcom/android/server/wm/DockedStackDividerController;.mDividerWindowWidth:I // field@6699
decompiled/baksmali/vdexExtractor/services/disassembly.log	getHomeStackBoundsInDockedMode	com.android.server.wm.DockedStackDividerController::mService	660584	39da34: 54a1 a966                              |0006: iget-object v1, v10, Lcom/android/server/wm/DockedStackDividerController;.mService:Lcom/android/server/wm/WindowManagerService; // field@66a9
decompiled/baksmali/vdexExtractor/services/disassembly.log	getHomeStackBoundsInDockedMode	com.android.server.wm.DockedStackDividerController::mTaskHeightInMinimizedMode	660604	39da7c: 52a3 ab66                              |002a: iget v3, v10, Lcom/android/server/wm/DockedStackDividerController;.mTaskHeightInMinimizedMode:I // field@66ab
decompiled/baksmali/vdexExtractor/services/disassembly.log	getHomeStackBoundsInDockedMode	com.android.server.wm.DockedStackDividerController::mTaskHeightInMinimizedMode	660616	39daa8: 52a6 ab66                              |0040: iget v6, v10, Lcom/android/server/wm/DockedStackDividerController;.mTaskHeightInMinimizedMode:I // field@66ab
decompiled/baksmali/vdexExtractor/services/disassembly.log	getHomeStackBoundsInDockedMode	com.android.server.wm.DockedStackDividerController::mTmpRect	660590	39da4c: 54a7 ac66                              |0012: iget-object v7, v10, Lcom/android/server/wm/DockedStackDividerController;.mTmpRect:Landroid/graphics/Rect; // field@66ac
decompiled/baksmali/vdexExtractor/services/disassembly.log	getHomeStackBoundsInDockedMode	com.android.server.wm.DockedStackDividerController::mTmpRect	660606	39da82: 54a5 ac66                              |002d: iget-object v5, v10, Lcom/android/server/wm/DockedStackDividerController;.mTmpRect:Landroid/graphics/Rect; // field@66ac
decompiled/baksmali/vdexExtractor/services/disassembly.log	getHomeStackBoundsInDockedMode	com.android.server.wm.DockedStackDividerController::mTmpRect	660618	39daae: 54a7 ac66                              |0043: iget-object v7, v10, Lcom/android/server/wm/DockedStackDividerController;.mTmpRect:Landroid/graphics/Rect; // field@66ac
decompiled/baksmali/vdexExtractor/services/disassembly.log	getHomeStackBoundsInDockedMode	com.android.server.wm.DockedStackDividerController::mTmpRect	660621	39dab8: 54a7 ac66                              |0048: iget-object v7, v10, Lcom/android/server/wm/DockedStackDividerController;.mTmpRect:Landroid/graphics/Rect; // field@66ac
decompiled/baksmali/vdexExtractor/services/disassembly.log	getHomeStackBoundsInDockedMode	com.android.server.wm.DockedStackDividerController::mTmpRect	660624	39dac4: 54a9 ac66                              |004e: iget-object v9, v10, Lcom/android/server/wm/DockedStackDividerController;.mTmpRect:Landroid/graphics/Rect; // field@66ac
decompiled/baksmali/vdexExtractor/services/disassembly.log	getHomeStackBoundsInDockedMode	com.android.server.wm.TaskStack::getDockSide	660628	39dad2: 6e10 26cc 0300                         |0055: invoke-virtual {v3}, Lcom/android/server/wm/TaskStack;.getDockSide:()I // method@cc26
decompiled/baksmali/vdexExtractor/services/disassembly.log	getHomeStackBoundsInDockedMode	com.android.server.wm.TaskStack::getDockSide	660633	39dae2: 6e10 26cc 0300                         |005d: invoke-virtual {v3}, Lcom/android/server/wm/TaskStack;.getDockSide:()I // method@cc26
decompiled/baksmali/vdexExtractor/services/disassembly.log	getHomeStackBoundsInDockedMode	com.android.server.wm.WindowManagerService::mPolicy	660585	39da38: 5412 ad6a                              |0008: iget-object v2, v1, Lcom/android/server/wm/WindowManagerService;.mPolicy:Lcom/android/server/policy/WindowManagerPolicy; // field@6aad
decompiled/baksmali/vdexExtractor/services/disassembly.log	getOrientation	com.android.server.wm.DisplayContent$TaskStackContainers::mHomeStack	1118845	396f4c: 5460 fe65                              |0036: iget-object v0, v6, Lcom/android/server/wm/DisplayContent$TaskStackContainers;.mHomeStack:Lcom/android/server/wm/TaskStack; // field@65fe
decompiled/baksmali/vdexExtractor/services/disassembly.log	getOrientation	com.android.server.wm.DisplayContent$TaskStackContainers::mHomeStack	1118847	396f54: 5460 fe65                              |003a: iget-object v0, v6, Lcom/android/server/wm/DisplayContent$TaskStackContainers;.mHomeStack:Lcom/android/server/wm/TaskStack; // field@65fe
decompiled/baksmali/vdexExtractor/services/disassembly.log	getOrientation	com.android.server.wm.DisplayContent$TaskStackContainers::mHomeStack	1118861	396f8c: 5460 fe65                              |0056: iget-object v0, v6, Lcom/android/server/wm/DisplayContent$TaskStackContainers;.mHomeStack:Lcom/android/server/wm/TaskStack; // field@65fe
decompiled/baksmali/vdexExtractor/services/disassembly.log	getOrientation	com.android.server.wm.DisplayContent$TaskStackContainers::mHomeStack	1118865	396f9c: 5460 fe65                              |005e: iget-object v0, v6, Lcom/android/server/wm/DisplayContent$TaskStackContainers;.mHomeStack:Lcom/android/server/wm/TaskStack; // field@65fe
decompiled/baksmali/vdexExtractor/services/disassembly.log	getOrientation	com.android.server.wm.DockedStackDividerController::isHomeStackResizable	1118858	396f80: 6e10 94c8 0000                         |0050: invoke-virtual {v0}, Lcom/android/server/wm/DockedStackDividerController;.isHomeStackResizable:()Z // method@c894
decompiled/baksmali/vdexExtractor/services/disassembly.log	getPersistableTaskIds	com.android.server.am.ActivityStack::isHomeOrRecentsStack	208720	14a9ae: 6e10 d950 0300                         |001f: invoke-virtual {v3}, Lcom/android/server/am/ActivityStack;.isHomeOrRecentsStack:()Z // method@50d9
decompiled/baksmali/vdexExtractor/services/disassembly.log	getPreferredHomeComponent	android.content.pm.PackageManager::getHomeActivities	266271	18f3ce: 6e20 2208 1000                         |0007: invoke-virtual {v0, v1}, Landroid/content/pm/PackageManager;.getHomeActivities:(Ljava/util/List;)Landroid/content/ComponentName; // method@0822
decompiled/baksmali/vdexExtractor/services/disassembly.log	getPreferredHomeComponent	com.android.server.backup.PackageManagerBackupAgent::mPackageManager	266268	18f3c0: 5420 8e2b                              |0000: iget-object v0, v2, Lcom/android/server/backup/PackageManagerBackupAgent;.mPackageManager:Landroid/content/pm/PackageManager; // field@2b8e
decompiled/baksmali/vdexExtractor/services/disassembly.log	getPreferredHomeComponent	java.util.ArrayList::<init>	266270	18f3c8: 7010 9dd5 0100                         |0004: invoke-direct {v1}, Ljava/util/ArrayList;.<init>:()V // method@d59d
decompiled/baksmali/vdexExtractor/services/disassembly.log	getRecentTasks	com.android.server.am.TaskRecord::isActivityTypeHome	208849	149492: 6e10 d857 0800                         |009c: invoke-virtual {v8}, Lcom/android/server/am/TaskRecord;.isActivityTypeHome:()Z // method@57d8
decompiled/baksmali/vdexExtractor/services/disassembly.log	getReusableIntentActivity	com.android.server.am.ActivityRecord::isActivityTypeHome	173218	12963c: 6e10 fb4f 0400                         |005d: invoke-virtual {v4}, Lcom/android/server/am/ActivityRecord;.isActivityTypeHome:()Z // method@4ffb
decompiled/baksmali/vdexExtractor/services/disassembly.log	getRunningTasks	com.android.server.am.TaskRecord::isActivityTypeHome	1058503	12623c: 6e10 d857 0500                         |0026: invoke-virtual {v5}, Lcom/android/server/am/TaskRecord;.isActivityTypeHome:()Z // method@57d8
decompiled/baksmali/vdexExtractor/services/disassembly.log	getRunningTasks	com.android.server.am.VendorActivityStackCallback::callCanSeeHomeTask	1058509	126254: 7130 a959 d607                         |0032: invoke-static {v6, v13, v7}, Lcom/android/server/am/VendorActivityStackCallback;.callCanSeeHomeTask:([Lcom/android/server/am/VendorActivityStackCallback;ILandroid/content/Context;)Z // method@59a9
decompiled/baksmali/vdexExtractor/services/disassembly.log	getStack	com.android.server.am.ActivityDisplay::mHomeStack	738400	0d4d5a: 5430 8b1c                              |0003: iget-object v0, v3, Lcom/android/server/am/ActivityDisplay;.mHomeStack:Lcom/android/server/am/ActivityStack; // field@1c8b
decompiled/baksmali/vdexExtractor/services/disassembly.log	getStack	com.android.server.wm.DisplayContent$TaskStackContainers::mHomeStack	1118895	396d4a: 5430 fe65                              |0003: iget-object v0, v3, Lcom/android/server/wm/DisplayContent$TaskStackContainers;.mHomeStack:Lcom/android/server/wm/TaskStack; // field@65fe
decompiled/baksmali/vdexExtractor/services/disassembly.log	getStack	com.android.server.wm.DisplayContent::getHomeStack	1090756	3c8e88: 6e10 e0c7 0100                         |001b: invoke-virtual {v1}, Lcom/android/server/wm/DisplayContent;.getHomeStack:()Lcom/android/server/wm/TaskStack; // method@c7e0
decompiled/baksmali/vdexExtractor/services/disassembly.log	getStackDockedModeBoundsLocked	com.android.server.wm.DockedStackDividerController::getHomeStackBoundsInDockedMode	1084967	3afc16: 6e20 89c8 c100                         |001b: invoke-virtual {v1, v12}, Lcom/android/server/wm/DockedStackDividerController;.getHomeStackBoundsInDockedMode:(Landroid/graphics/Rect;)V // method@c889
decompiled/baksmali/vdexExtractor/services/disassembly.log	getStackDockedModeBoundsLocked	com.android.server.wm.TaskStack::findHomeTask	1084958	3afbf2: 6e10 15cc 0a00                         |0009: invoke-virtual {v10}, Lcom/android/server/wm/TaskStack;.findHomeTask:()Lcom/android/server/wm/Task; // method@cc15
decompiled/baksmali/vdexExtractor/services/disassembly.log	getStackDockedModeBoundsLocked	com.android.server.wm.TaskStack::isActivityTypeHome	1084955	3afbe6: 6e10 46cc 0a00                         |0003: invoke-virtual {v10}, Lcom/android/server/wm/TaskStack;.isActivityTypeHome:()Z // method@cc46
decompiled/baksmali/vdexExtractor/services/disassembly.log	getStackDockedModeBoundsLocked	com.android.server.wm.TaskStack::isMinimizedDockAndHomeStackResizable	1084972	3afc2c: 7010 51cc 0a00                         |0026: invoke-direct {v10}, Lcom/android/server/wm/TaskStack;.isMinimizedDockAndHomeStackResizable:()Z // method@cc51
decompiled/baksmali/vdexExtractor/services/disassembly.log	goHome	android.app.ActivityManager::getService	983360	3140b4: 7100 ab00 0000                         |0021: invoke-static {}, Landroid/app/ActivityManager;.getService:()Landroid/app/IActivityManager; // method@00ab
decompiled/baksmali/vdexExtractor/services/disassembly.log	goHome	android.app.ActivityManager::getService	983367	3140d4: 7100 ab00 0000                         |0031: invoke-static {}, Landroid/app/ActivityManager;.getService:()Landroid/app/IActivityManager; // method@00ab
decompiled/baksmali/vdexExtractor/services/disassembly.log	goHome	android.app.ActivityManager::getService	983388	314112: 7100 ab00 0000                         |0050: invoke-static {}, Landroid/app/ActivityManager;.getService:()Landroid/app/IActivityManager; // method@00ab
decompiled/baksmali/vdexExtractor/services/disassembly.log	goHome	android.app.IActivityManager::startActivityAsUser	983384	314104: 780c 1f02 0300                         |0049: invoke-interface/range {v3, v4, v5, v6, v7, v8, v9, v10, v11, v12, v13, v14}, Landroid/app/IActivityManager;.startActivityAsUser:(Landroid/app/IApplicationThread;Ljava/lang/String;Landroid/content/Intent;Ljava/lang/String;Landroid/os/IBinder;Ljava/lang/String;IILandroid/app/ProfilerInfo;Landroid/os/Bundle;I)I // method@021f
decompiled/baksmali/vdexExtractor/services/disassembly.log	goHome	android.app.IActivityManager::startActivityAsUser	983406	314148: 780c 1f02 0200                         |006b: invoke-interface/range {v2, v3, v4, v5, v6, v7, v8, v9, v10, v11, v12, v13}, Landroid/app/IActivityManager;.startActivityAsUser:(Landroid/app/IApplicationThread;Ljava/lang/String;Landroid/content/Intent;Ljava/lang/String;Landroid/os/IBinder;Ljava/lang/String;IILandroid/app/ProfilerInfo;Landroid/os/Bundle;I)I // method@021f
decompiled/baksmali/vdexExtractor/services/disassembly.log	goHome	android.app.IActivityManager::stopAppSwitches	983362	3140bc: 7210 2802 0200                         |0025: invoke-interface {v2}, Landroid/app/IActivityManager;.stopAppSwitches:()V // method@0228
decompiled/baksmali/vdexExtractor/services/disassembly.log	goHome	android.content.Context::getContentResolver	983372	3140e4: 6e10 ec05 0600                         |0039: invoke-virtual {v6}, Landroid/content/Context;.getContentResolver:()Landroid/content/ContentResolver; // method@05ec
decompiled/baksmali/vdexExtractor/services/disassembly.log	goHome	android.content.Context::getContentResolver	983395	31412a: 6e10 ec05 0700                         |005c: invoke-virtual {v7}, Landroid/content/Context;.getContentResolver:()Landroid/content/ContentResolver; // method@05ec
decompiled/baksmali/vdexExtractor/services/disassembly.log	goHome	android.content.Intent::resolveTypeIfNeeded	983374	3140ec: 6e20 7e06 6200                         |003d: invoke-virtual {v2, v6}, Landroid/content/Intent;.resolveTypeIfNeeded:(Landroid/content/ContentResolver;)Ljava/lang/String; // method@067e
decompiled/baksmali/vdexExtractor/services/disassembly.log	goHome	android.content.Intent::resolveTypeIfNeeded	983397	314132: 6e20 7e06 7600                         |0060: invoke-virtual {v6, v7}, Landroid/content/Intent;.resolveTypeIfNeeded:(Landroid/content/ContentResolver;)Ljava/lang/String; // method@067e
decompiled/baksmali/vdexExtractor/services/disassembly.log	goHome	android.os.SystemProperties::getInt	983353	314098: 7120 8724 1200                         |0013: invoke-static {v2, v1}, Landroid/os/SystemProperties;.getInt:(Ljava/lang/String;I)I // method@2487
decompiled/baksmali/vdexExtractor/services/disassembly.log	goHome	android.util.Log::d	983358	3140ac: 7120 0129 3200                         |001d: invoke-static {v2, v3}, Landroid/util/Log;.d:(Ljava/lang/String;Ljava/lang/String;)I // method@2901
decompiled/baksmali/vdexExtractor/services/disassembly.log	goHome	android.util.Slog::i	983349	314088: 7120 6b29 2000                         |000b: invoke-static {v0, v2}, Landroid/util/Slog;.i:(Ljava/lang/String;Ljava/lang/String;)I // method@296b
decompiled/baksmali/vdexExtractor/services/disassembly.log	goHome	com.android.server.policy.PhoneWindowManager::createHomeDockIntent	983364	3140c8: 6e10 acab 0f00                         |002b: invoke-virtual {v15}, Lcom/android/server/policy/PhoneWindowManager;.createHomeDockIntent:()Landroid/content/Intent; // method@abac
decompiled/baksmali/vdexExtractor/services/disassembly.log	goHome	com.android.server.policy.PhoneWindowManager::isUserSetupComplete	983343	314072: 6e10 25ac 0f00                         |0000: invoke-virtual {v15}, Lcom/android/server/policy/PhoneWindowManager;.isUserSetupComplete:()Z // method@ac25
decompiled/baksmali/vdexExtractor/services/disassembly.log	goHome	com.android.server.policy.PhoneWindowManager::mContext	983371	3140e0: 54f6 4155                              |0037: iget-object v6, v15, Lcom/android/server/policy/PhoneWindowManager;.mContext:Landroid/content/Context; // field@5541
decompiled/baksmali/vdexExtractor/services/disassembly.log	goHome	com.android.server.policy.PhoneWindowManager::mContext	983394	314126: 54f7 4155                              |005a: iget-object v7, v15, Lcom/android/server/policy/PhoneWindowManager;.mContext:Landroid/content/Context; // field@5541
decompiled/baksmali/vdexExtractor/services/disassembly.log	goHome	com.android.server.policy.PhoneWindowManager::mHomeIntent	983392	31411e: 54f5 7c55                              |0056: iget-object v5, v15, Lcom/android/server/policy/PhoneWindowManager;.mHomeIntent:Landroid/content/Intent; // field@557c
decompiled/baksmali/vdexExtractor/services/disassembly.log	goHome	com.android.server.policy.PhoneWindowManager::mHomeIntent	983393	314122: 54f6 7c55                              |0058: iget-object v6, v15, Lcom/android/server/policy/PhoneWindowManager;.mHomeIntent:Landroid/content/Intent; // field@557c
decompiled/baksmali/vdexExtractor/services/disassembly.log	goHome	com.android.server.policy.PhoneWindowManager::sendCloseSystemWindows	983363	3140c2: 6e10 66ac 0f00                         |0028: invoke-virtual {v15}, Lcom/android/server/policy/PhoneWindowManager;.sendCloseSystemWindows:()V // method@ac66
decompiled/baksmali/vdexExtractor/services/disassembly.log	handleAppCrashLocked	com.android.server.am.ActivityManagerService::mHomeProcess	179229	12e788: 5400 e51e                              |01bc: iget-object v0, v0, Lcom/android/server/am/ActivityManagerService;.mHomeProcess:Lcom/android/server/am/ProcessRecord; // field@1ee5
decompiled/baksmali/vdexExtractor/services/disassembly.log	handleAppCrashLocked	com.android.server.am.ActivityManagerService::mHomeProcess	179235	12e7a0: 5400 e51e                              |01c8: iget-object v0, v0, Lcom/android/server/am/ActivityManagerService;.mHomeProcess:Lcom/android/server/am/ProcessRecord; // field@1ee5
decompiled/baksmali/vdexExtractor/services/disassembly.log	handleAppCrashLocked	com.android.server.am.ActivityRecord::isActivityTypeHome	179250	12e7d2: 6e10 fb4f 0700                         |01e1: invoke-virtual {v7}, Lcom/android/server/am/ActivityRecord;.isActivityTypeHome:()Z // method@4ffb
decompiled/baksmali/vdexExtractor/services/disassembly.log	handleDoubleTapOnHome	com.amazon.android.keypolicymanager.KeyPolicyManager::handleDoubleTapOnHome	977328	31aa00: 6e10 6d2d 0000                         |000d: invoke-virtual {v0}, Lcom/amazon/android/keypolicymanager/KeyPolicyManager;.handleDoubleTapOnHome:()Z // method@2d6d
decompiled/baksmali/vdexExtractor/services/disassembly.log	handleDoubleTapOnHome	com.android.server.policy.PhoneWindowManager::mDoubleTapOnHomeBehavior	977321	31a9e6: 5220 5255                              |0000: iget v0, v2, Lcom/android/server/policy/PhoneWindowManager;.mDoubleTapOnHomeBehavior:I // field@5552
decompiled/baksmali/vdexExtractor/services/disassembly.log	handleDoubleTapOnHome	com.android.server.policy.PhoneWindowManager::mHomeConsumed	977324	31a9f0: 5c21 7955                              |0005: iput-boolean v1, v2, Lcom/android/server/policy/PhoneWindowManager;.mHomeConsumed:Z // field@5579
decompiled/baksmali/vdexExtractor/services/disassembly.log	handleDoubleTapOnHome	com.android.server.policy.PhoneWindowManager::mHomeConsumed	977330	31aa08: 5c20 7955                              |0011: iput-boolean v0, v2, Lcom/android/server/policy/PhoneWindowManager;.mHomeConsumed:Z // field@5579
decompiled/baksmali/vdexExtractor/services/disassembly.log	handleDoubleTapOnHome	com.android.server.policy.PhoneWindowManager::mKeyPolicyManager	977327	31a9fc: 5420 8555                              |000b: iget-object v0, v2, Lcom/android/server/policy/PhoneWindowManager;.mKeyPolicyManager:Lcom/amazon/android/keypolicymanager/KeyPolicyManager; // field@5585
decompiled/baksmali/vdexExtractor/services/disassembly.log	handleDoubleTapOnHome	com.android.server.policy.PhoneWindowManager::toggleRecentApps	977325	31a9f4: 7010 98ac 0200                         |0007: invoke-direct {v2}, Lcom/android/server/policy/PhoneWindowManager;.toggleRecentApps:()V // method@ac98
decompiled/baksmali/vdexExtractor/services/disassembly.log	handleLongPressOnHome	android.util.Log::w	977381	31aac0: 7120 0b29 1000                         |002e: invoke-static {v0, v1}, Landroid/util/Log;.w:(Ljava/lang/String;Ljava/lang/String;)I // method@290b
decompiled/baksmali/vdexExtractor/services/disassembly.log	handleLongPressOnHome	com.amazon.android.keypolicymanager.KeyPolicyManager::handleLongPressOnHome	977371	31aa90: 6e20 6f2d 1000                         |0016: invoke-virtual {v0, v1}, Lcom/amazon/android/keypolicymanager/KeyPolicyManager;.handleLongPressOnHome:(Z)Z // method@2d6f
decompiled/baksmali/vdexExtractor/services/disassembly.log	handleLongPressOnHome	com.android.server.policy.PhoneWindowManager::launchAllAppsAction	977385	31aad0: 7010 30ac 0300                         |0036: invoke-direct {v3}, Lcom/android/server/policy/PhoneWindowManager;.launchAllAppsAction:()V // method@ac30
decompiled/baksmali/vdexExtractor/services/disassembly.log	handleLongPressOnHome	com.android.server.policy.PhoneWindowManager::launchAssistAction	977383	31aac8: 7030 31ac 1304                         |0032: invoke-direct {v3, v1, v4}, Lcom/android/server/policy/PhoneWindowManager;.launchAssistAction:(Ljava/lang/String;I)V // method@ac31
decompiled/baksmali/vdexExtractor/services/disassembly.log	handleLongPressOnHome	com.android.server.policy.PhoneWindowManager::mHomeConsumed	977363	31aa70: 5c30 7955                              |0006: iput-boolean v0, v3, Lcom/android/server/policy/PhoneWindowManager;.mHomeConsumed:Z // field@5579
decompiled/baksmali/vdexExtractor/services/disassembly.log	handleLongPressOnHome	com.android.server.policy.PhoneWindowManager::mKeyPolicyManager	977369	31aa88: 5430 8555                              |0012: iget-object v0, v3, Lcom/android/server/policy/PhoneWindowManager;.mKeyPolicyManager:Lcom/amazon/android/keypolicymanager/KeyPolicyManager; // field@5585
decompiled/baksmali/vdexExtractor/services/disassembly.log	handleLongPressOnHome	com.android.server.policy.PhoneWindowManager::mLongPressOnHomeBehavior	977359	31aa64: 5230 a655                              |0000: iget v0, v3, Lcom/android/server/policy/PhoneWindowManager;.mLongPressOnHomeBehavior:I // field@55a6
decompiled/baksmali/vdexExtractor/services/disassembly.log	handleLongPressOnHome	com.android.server.policy.PhoneWindowManager::mLongPressOnHomeBehavior	977367	31aa7e: 5230 a655                              |000d: iget v0, v3, Lcom/android/server/policy/PhoneWindowManager;.mLongPressOnHomeBehavior:I // field@55a6
decompiled/baksmali/vdexExtractor/services/disassembly.log	handleLongPressOnHome	com.android.server.policy.PhoneWindowManager::mLongPressOnHomeBehavior	977377	31aaae: 5232 a655                              |0025: iget v2, v3, Lcom/android/server/policy/PhoneWindowManager;.mLongPressOnHomeBehavior:I // field@55a6
decompiled/baksmali/vdexExtractor/services/disassembly.log	handleLongPressOnHome	com.android.server.policy.PhoneWindowManager::mPictureInPictureVisible	977370	31aa8c: 5531 c255                              |0014: iget-boolean v1, v3, Lcom/android/server/policy/PhoneWindowManager;.mPictureInPictureVisible:Z // field@55c2
decompiled/baksmali/vdexExtractor/services/disassembly.log	handleLongPressOnHome	com.android.server.policy.PhoneWindowManager::performHapticFeedbackLw	977366	31aa78: 6e40 4cac 1300                         |000a: invoke-virtual {v3, v1, v0, v0}, Lcom/android/server/policy/PhoneWindowManager;.performHapticFeedbackLw:(Lcom/android/server/policy/WindowManagerPolicy$WindowState;IZ)Z // method@ac4c
decompiled/baksmali/vdexExtractor/services/disassembly.log	handleLongPressOnHome	java.lang.StringBuilder::<init>	977374	31aa9e: 7010 36d4 0100                         |001d: invoke-direct {v1}, Ljava/lang/StringBuilder;.<init>:()V // method@d436
decompiled/baksmali/vdexExtractor/services/disassembly.log	handleLongPressOnHome	java.lang.StringBuilder::append	977376	31aaa8: 6e20 41d4 2100                         |0022: invoke-virtual {v1, v2}, Ljava/lang/StringBuilder;.append:(Ljava/lang/String;)Ljava/lang/StringBuilder; // method@d441
decompiled/baksmali/vdexExtractor/services/disassembly.log	handleLongPressOnHome	java.lang.StringBuilder::append	977378	31aab2: 6e20 3cd4 2100                         |0027: invoke-virtual {v1, v2}, Ljava/lang/StringBuilder;.append:(I)Ljava/lang/StringBuilder; // method@d43c
decompiled/baksmali/vdexExtractor/services/disassembly.log	handleLongPressOnHome	java.lang.StringBuilder::toString	977379	31aab8: 6e10 48d4 0100                         |002a: invoke-virtual {v1}, Ljava/lang/StringBuilder;.toString:()Ljava/lang/String; // method@d448
decompiled/baksmali/vdexExtractor/services/disassembly.log	handleShortPressOnHome	android.service.dreams.DreamManagerInternal::isDreaming	977437	31ab88: 6e10 e726 0100                         |0024: invoke-virtual {v1}, Landroid/service/dreams/DreamManagerInternal;.isDreaming:()Z // method@26e7
decompiled/baksmali/vdexExtractor/services/disassembly.log	handleShortPressOnHome	android.service.dreams.DreamManagerInternal::stopDream	977442	31ab9a: 6e20 e926 2100                         |002d: invoke-virtual {v1, v2}, Landroid/service/dreams/DreamManagerInternal;.stopDream:(Z)V // method@26e9
decompiled/baksmali/vdexExtractor/services/disassembly.log	handleShortPressOnHome	com.amazon.android.keypolicymanager.KeyPolicyManager::handleShortPressOnHome	977420	31ab44: 6e10 702d 0000                         |0002: invoke-virtual {v0}, Lcom/amazon/android/keypolicymanager/KeyPolicyManager;.handleShortPressOnHome:()Z // method@2d70
decompiled/baksmali/vdexExtractor/services/disassembly.log	handleShortPressOnHome	com.amazon.android.keypolicymanager.KeyPolicyManager::shouldTurnOnTv	977428	31ab62: 6e10 7b2d 0100                         |0011: invoke-virtual {v1}, Lcom/amazon/android/keypolicymanager/KeyPolicyManager;.shouldTurnOnTv:()Z // method@2d7b
decompiled/baksmali/vdexExtractor/services/disassembly.log	handleShortPressOnHome	com.android.server.policy.PhoneWindowManager$HdmiControl::turnOnTv	977433	31ab76: 6e10 3bab 0100                         |001b: invoke-virtual {v1}, Lcom/android/server/policy/PhoneWindowManager$HdmiControl;.turnOnTv:()V // method@ab3b
decompiled/baksmali/vdexExtractor/services/disassembly.log	handleShortPressOnHome	com.android.server.policy.PhoneWindowManager::getHdmiControl	977424	31ab52: 7010 ceab 0300                         |0009: invoke-direct {v3}, Lcom/android/server/policy/PhoneWindowManager;.getHdmiControl:()Lcom/android/server/policy/PhoneWindowManager$HdmiControl; // method@abce
decompiled/baksmali/vdexExtractor/services/disassembly.log	handleShortPressOnHome	com.android.server.policy.PhoneWindowManager::getHdmiControl	977431	31ab6e: 7010 ceab 0300                         |0017: invoke-direct {v3}, Lcom/android/server/policy/PhoneWindowManager;.getHdmiControl:()Lcom/android/server/policy/PhoneWindowManager$HdmiControl; // method@abce
decompiled/baksmali/vdexExtractor/services/disassembly.log	handleShortPressOnHome	com.android.server.policy.PhoneWindowManager::launchHomeFromHotKey	977444	31aba2: 6e10 33ac 0300                         |0031: invoke-virtual {v3}, Lcom/android/server/policy/PhoneWindowManager;.launchHomeFromHotKey:()V // method@ac33
decompiled/baksmali/vdexExtractor/services/disassembly.log	handleShortPressOnHome	com.android.server.policy.PhoneWindowManager::mDreamManagerInternal	977434	31ab7c: 5431 5355                              |001e: iget-object v1, v3, Lcom/android/server/policy/PhoneWindowManager;.mDreamManagerInternal:Landroid/service/dreams/DreamManagerInternal; // field@5553
decompiled/baksmali/vdexExtractor/services/disassembly.log	handleShortPressOnHome	com.android.server.policy.PhoneWindowManager::mDreamManagerInternal	977436	31ab84: 5431 5355                              |0022: iget-object v1, v3, Lcom/android/server/policy/PhoneWindowManager;.mDreamManagerInternal:Landroid/service/dreams/DreamManagerInternal; // field@5553
decompiled/baksmali/vdexExtractor/services/disassembly.log	handleShortPressOnHome	com.android.server.policy.PhoneWindowManager::mDreamManagerInternal	977440	31ab94: 5431 5355                              |002a: iget-object v1, v3, Lcom/android/server/policy/PhoneWindowManager;.mDreamManagerInternal:Landroid/service/dreams/DreamManagerInternal; // field@5553
decompiled/baksmali/vdexExtractor/services/disassembly.log	handleShortPressOnHome	com.android.server.policy.PhoneWindowManager::mKeyPolicyManager	977419	31ab40: 5430 8555                              |0000: iget-object v0, v3, Lcom/android/server/policy/PhoneWindowManager;.mKeyPolicyManager:Lcom/amazon/android/keypolicymanager/KeyPolicyManager; // field@5585
decompiled/baksmali/vdexExtractor/services/disassembly.log	handleShortPressOnHome	com.android.server.policy.PhoneWindowManager::mKeyPolicyManager	977427	31ab5e: 5431 8555                              |000f: iget-object v1, v3, Lcom/android/server/policy/PhoneWindowManager;.mKeyPolicyManager:Lcom/amazon/android/keypolicymanager/KeyPolicyManager; // field@5585
decompiled/baksmali/vdexExtractor/services/disassembly.log	hasFullSliceAccess	com.android.server.slice.SliceManagerService::isDefaultHomeApp	582819	33c326: 7030 88b4 4305                         |0004: invoke-direct {v3, v4, v5}, Lcom/android/server/slice/SliceManagerService;.isDefaultHomeApp:(Ljava/lang/String;I)Z // method@b488
decompiled/baksmali/vdexExtractor/services/disassembly.log	init	com.android.server.policy.PhoneWindowManager::mEnableCarDockHomeCapture	983621	31aeae: 5c10 5855                              |0166: iput-boolean v0, v1, Lcom/android/server/policy/PhoneWindowManager;.mEnableCarDockHomeCapture:Z // field@5558
decompiled/baksmali/vdexExtractor/services/disassembly.log	init	com.android.server.policy.PhoneWindowManager::mHomeIntent	983609	31ae78: 5b10 7c55                              |014b: iput-object v0, v1, Lcom/android/server/policy/PhoneWindowManager;.mHomeIntent:Landroid/content/Intent; // field@557c
decompiled/baksmali/vdexExtractor/services/disassembly.log	init	com.android.server.policy.PhoneWindowManager::mHomeIntent	983610	31ae7c: 5410 7c55                              |014d: iget-object v0, v1, Lcom/android/server/policy/PhoneWindowManager;.mHomeIntent:Landroid/content/Intent; // field@557c
decompiled/baksmali/vdexExtractor/services/disassembly.log	init	com.android.server.policy.PhoneWindowManager::mHomeIntent	983613	31ae8a: 5410 7c55                              |0154: iget-object v0, v1, Lcom/android/server/policy/PhoneWindowManager;.mHomeIntent:Landroid/content/Intent; // field@557c
decompiled/baksmali/vdexExtractor/services/disassembly.log	init	com.android.server.policy.PhoneWindowManager::mVrHeadsetHomeIntent	983643	31af14: 5b10 1856                              |0199: iput-object v0, v1, Lcom/android/server/policy/PhoneWindowManager;.mVrHeadsetHomeIntent:Landroid/content/Intent; // field@5618
decompiled/baksmali/vdexExtractor/services/disassembly.log	init	com.android.server.policy.PhoneWindowManager::mVrHeadsetHomeIntent	983644	31af18: 5410 1856                              |019b: iget-object v0, v1, Lcom/android/server/policy/PhoneWindowManager;.mVrHeadsetHomeIntent:Landroid/content/Intent; // field@5618
decompiled/baksmali/vdexExtractor/services/disassembly.log	init	com.android.server.policy.PhoneWindowManager::mVrHeadsetHomeIntent	983647	31af26: 5410 1856                              |01a2: iget-object v0, v1, Lcom/android/server/policy/PhoneWindowManager;.mVrHeadsetHomeIntent:Landroid/content/Intent; // field@5618
decompiled/baksmali/vdexExtractor/services/disassembly.log	initialize	com.android.server.wm.DockedStackDividerController::getHomeStackBoundsInDockedMode	666561	3a4846: 6e20 89c8 5400                         |007c: invoke-virtual {v4, v5}, Lcom/android/server/wm/DockedStackDividerController;.getHomeStackBoundsInDockedMode:(Landroid/graphics/Rect;)V // method@c889
decompiled/baksmali/vdexExtractor/services/disassembly.log	initialize	com.android.server.wm.RecentsAnimationController::mMinimizedHomeBounds	666560	3a4842: 5495 8767                              |007a: iget-object v5, v9, Lcom/android/server/wm/RecentsAnimationController;.mMinimizedHomeBounds:Landroid/graphics/Rect; // field@6787
decompiled/baksmali/vdexExtractor/services/disassembly.log	interceptKeyBeforeDispatching	com.android.server.policy.PhoneWindowManager::WINDOW_TYPES_WHERE_HOME_DOESNT_WORK	984319	318024: 6208 1555                              |0166: sget-object v8, Lcom/android/server/policy/PhoneWindowManager;.WINDOW_TYPES_WHERE_HOME_DOESNT_WORK:[I // field@5515
decompiled/baksmali/vdexExtractor/services/disassembly.log	interceptKeyBeforeDispatching	com.android.server.policy.PhoneWindowManager::WINDOW_TYPES_WHERE_HOME_DOESNT_WORK	984323	318030: 620e 1555                              |016c: sget-object v14, Lcom/android/server/policy/PhoneWindowManager;.WINDOW_TYPES_WHERE_HOME_DOESNT_WORK:[I // field@5515
decompiled/baksmali/vdexExtractor/services/disassembly.log	interceptKeyBeforeDispatching	com.android.server.policy.PhoneWindowManager::handleDoubleTapOnHome	984341	318070: 7601 ecab 1f00                         |018c: invoke-direct/range {v31}, Lcom/android/server/policy/PhoneWindowManager;.handleDoubleTapOnHome:()V // method@abec
decompiled/baksmali/vdexExtractor/services/disassembly.log	interceptKeyBeforeDispatching	com.android.server.policy.PhoneWindowManager::handleLongPressOnHome	984355	3180a6: 7020 eeab 8100                         |01a7: invoke-direct {v1, v8}, Lcom/android/server/policy/PhoneWindowManager;.handleLongPressOnHome:(I)V // method@abee
decompiled/baksmali/vdexExtractor/services/disassembly.log	interceptKeyBeforeDispatching	com.android.server.policy.PhoneWindowManager::handleShortPressOnHome	984304	317fee: 7601 f0ab 1f00                         |014b: invoke-direct/range {v31}, Lcom/android/server/policy/PhoneWindowManager;.handleShortPressOnHome:()V // method@abf0
decompiled/baksmali/vdexExtractor/services/disassembly.log	interceptKeyBeforeDispatching	com.android.server.policy.PhoneWindowManager::mDoubleTapOnHomeBehavior	984288	317fb0: 5210 5255                              |012c: iget v0, v1, Lcom/android/server/policy/PhoneWindowManager;.mDoubleTapOnHomeBehavior:I // field@5552
decompiled/baksmali/vdexExtractor/services/disassembly.log	interceptKeyBeforeDispatching	com.android.server.policy.PhoneWindowManager::mDoubleTapOnHomeBehavior	984343	318078: 5218 5255                              |0190: iget v8, v1, Lcom/android/server/policy/PhoneWindowManager;.mDoubleTapOnHomeBehavior:I // field@5552
decompiled/baksmali/vdexExtractor/services/disassembly.log	interceptKeyBeforeDispatching	com.android.server.policy.PhoneWindowManager::mHomeConsumed	984277	317f86: 5510 7955                              |0117: iget-boolean v0, v1, Lcom/android/server/policy/PhoneWindowManager;.mHomeConsumed:Z // field@5579
decompiled/baksmali/vdexExtractor/services/disassembly.log	interceptKeyBeforeDispatching	com.android.server.policy.PhoneWindowManager::mHomeConsumed	984279	317f8e: 5c18 7955                              |011b: iput-boolean v8, v1, Lcom/android/server/policy/PhoneWindowManager;.mHomeConsumed:Z // field@5579
decompiled/baksmali/vdexExtractor/services/disassembly.log	interceptKeyBeforeDispatching	com.android.server.policy.PhoneWindowManager::mHomeDoubleTapPending	984294	317fc8: 5c18 7a55                              |0138: iput-boolean v8, v1, Lcom/android/server/policy/PhoneWindowManager;.mHomeDoubleTapPending:Z // field@557a
decompiled/baksmali/vdexExtractor/services/disassembly.log	interceptKeyBeforeDispatching	com.android.server.policy.PhoneWindowManager::mHomeDoubleTapPending	984334	318054: 5518 7a55                              |017e: iget-boolean v8, v1, Lcom/android/server/policy/PhoneWindowManager;.mHomeDoubleTapPending:Z // field@557a
decompiled/baksmali/vdexExtractor/services/disassembly.log	interceptKeyBeforeDispatching	com.android.server.policy.PhoneWindowManager::mHomeDoubleTapPending	984337	31805e: 5c18 7a55                              |0183: iput-boolean v8, v1, Lcom/android/server/policy/PhoneWindowManager;.mHomeDoubleTapPending:Z // field@557a
decompiled/baksmali/vdexExtractor/services/disassembly.log	interceptKeyBeforeDispatching	com.android.server.policy.PhoneWindowManager::mHomeDoubleTapTimeoutRunnable	984291	317fbc: 5418 7b55                              |0132: iget-object v8, v1, Lcom/android/server/policy/PhoneWindowManager;.mHomeDoubleTapTimeoutRunnable:Ljava/lang/Runnable; // field@557b
decompiled/baksmali/vdexExtractor/services/disassembly.log	interceptKeyBeforeDispatching	com.android.server.policy.PhoneWindowManager::mHomeDoubleTapTimeoutRunnable	984296	317fd0: 5418 7b55                              |013c: iget-object v8, v1, Lcom/android/server/policy/PhoneWindowManager;.mHomeDoubleTapTimeoutRunnable:Ljava/lang/Runnable; // field@557b
decompiled/baksmali/vdexExtractor/services/disassembly.log	interceptKeyBeforeDispatching	com.android.server.policy.PhoneWindowManager::mHomeDoubleTapTimeoutRunnable	984339	318066: 5419 7b55                              |0187: iget-object v9, v1, Lcom/android/server/policy/PhoneWindowManager;.mHomeDoubleTapTimeoutRunnable:Ljava/lang/Runnable; // field@557b
decompiled/baksmali/vdexExtractor/services/disassembly.log	interceptKeyBeforeDispatching	com.android.server.policy.PhoneWindowManager::mHomePressed	984276	317f82: 5c18 7d55                              |0115: iput-boolean v8, v1, Lcom/android/server/policy/PhoneWindowManager;.mHomePressed:Z // field@557d
decompiled/baksmali/vdexExtractor/services/disassembly.log	interceptKeyBeforeDispatching	com.android.server.policy.PhoneWindowManager::mHomePressed	984333	318050: 5c18 7d55                              |017c: iput-boolean v8, v1, Lcom/android/server/policy/PhoneWindowManager;.mHomePressed:Z // field@557d
decompiled/baksmali/vdexExtractor/services/disassembly.log	interceptKeyBeforeQueueing	com.android.server.policy.PhoneWindowManager::goHome	985418	316942: 7401 eaab 1500                         |0351: invoke-virtual/range {v21}, Lcom/android/server/policy/PhoneWindowManager;.goHome:()Z // method@abea
decompiled/baksmali/vdexExtractor/services/disassembly.log	interceptWorkProfileChallengeIfNeeded	com.android.server.am.ActivityStackSupervisor::getHomeActivity	172321	129016: 6e10 a051 0200                         |0036: invoke-virtual {v2}, Lcom/android/server/am/ActivityStackSupervisor;.getHomeActivity:()Lcom/android/server/am/ActivityRecord; // method@51a0
decompiled/baksmali/vdexExtractor/services/disassembly.log	isActivityTypeHome	com.android.server.wm.ConfigurationContainer::getActivityType	657985	395ca8: 6e10 f1c6 0200                         |0000: invoke-virtual {v2}, Lcom/android/server/wm/ConfigurationContainer;.getActivityType:()I // method@c6f1
decompiled/baksmali/vdexExtractor/services/disassembly.log	isDefaultHomeApp	com.android.server.slice.SliceManagerService$PackageMatchingCache::matches	582854	33c3ba: 6e20 63b4 2000                         |0004: invoke-virtual {v0, v2}, Lcom/android/server/slice/SliceManagerService$PackageMatchingCache;.matches:(Ljava/lang/String;)Z // method@b463
decompiled/baksmali/vdexExtractor/services/disassembly.log	isDefaultHomeApp	com.android.server.slice.SliceManagerService::getHomeMatcher	582852	33c3b2: 7020 7cb4 3100                         |0000: invoke-direct {v1, v3}, Lcom/android/server/slice/SliceManagerService;.getHomeMatcher:(I)Lcom/android/server/slice/SliceManagerService$PackageMatchingCache; // method@b47c
decompiled/baksmali/vdexExtractor/services/disassembly.log	isHomeIntent	android.content.Intent::getAction	1049282	1153ba: 6e10 4306 0300                         |0002: invoke-virtual {v3}, Landroid/content/Intent;.getAction:()Ljava/lang/String; // method@0643
decompiled/baksmali/vdexExtractor/services/disassembly.log	isHomeIntent	android.content.Intent::getCategories	1049292	1153e0: 6e10 4506 0300                         |0015: invoke-virtual {v3}, Landroid/content/Intent;.getCategories:()Ljava/util/Set; // method@0645
decompiled/baksmali/vdexExtractor/services/disassembly.log	isHomeIntent	android.content.Intent::getData	1049297	1153f4: 6e10 4906 0300                         |001f: invoke-virtual {v3}, Landroid/content/Intent;.getData:()Landroid/net/Uri; // method@0649
decompiled/baksmali/vdexExtractor/services/disassembly.log	isHomeIntent	android.content.Intent::getType	1049300	115400: 6e10 5906 0300                         |0025: invoke-virtual {v3}, Landroid/content/Intent;.getType:()Ljava/lang/String; // method@0659
decompiled/baksmali/vdexExtractor/services/disassembly.log	isHomeIntent	android.content.Intent::hasCategory	1049289	1153d4: 6e20 5a06 0300                         |000f: invoke-virtual {v3, v0}, Landroid/content/Intent;.hasCategory:(Ljava/lang/String;)Z // method@065a
decompiled/baksmali/vdexExtractor/services/disassembly.log	isHomeIntent	java.lang.String::equals	1049284	1153c2: 6e20 ffd3 1000                         |0006: invoke-virtual {v0, v1}, Ljava/lang/String;.equals:(Ljava/lang/Object;)Z // method@d3ff
decompiled/baksmali/vdexExtractor/services/disassembly.log	isHomeIntent	java.util.Set::size	1049294	1153e8: 7210 cdd6 0000                         |0019: invoke-interface {v0}, Ljava/util/Set;.size:()I // method@d6cd
decompiled/baksmali/vdexExtractor/services/disassembly.log	isHomeOrRecentsStack	com.android.server.am.ActivityStack::isActivityTypeHome	1058808	121db4: 6e10 d250 0100                         |0000: invoke-virtual {v1}, Lcom/android/server/am/ActivityStack;.isActivityTypeHome:()Z // method@50d2
decompiled/baksmali/vdexExtractor/services/disassembly.log	isHomeOrRecentsStack	com.android.server.am.ActivityStack::isActivityTypeRecents	1058811	121dc0: 6e10 d350 0100                         |0006: invoke-virtual {v1}, Lcom/android/server/am/ActivityStack;.isActivityTypeRecents:()Z // method@50d3
decompiled/baksmali/vdexExtractor/services/disassembly.log	isHomeStackResizable	com.android.server.wm.DisplayContent::getHomeStack	660823	39d2fa: 6e10 e0c7 0000                         |0002: invoke-virtual {v0}, Lcom/android/server/wm/DisplayContent;.getHomeStack:()Lcom/android/server/wm/TaskStack; // method@c7e0
decompiled/baksmali/vdexExtractor/services/disassembly.log	isHomeStackResizable	com.android.server.wm.DockedStackDividerController::mDisplayContent	660822	39d2f6: 5440 9566                              |0000: iget-object v0, v4, Lcom/android/server/wm/DockedStackDividerController;.mDisplayContent:Lcom/android/server/wm/DisplayContent; // field@6695
decompiled/baksmali/vdexExtractor/services/disassembly.log	isHomeStackResizable	com.android.server.wm.Task::isResizeable	660831	39d316: 6e10 39cb 0200                         |0010: invoke-virtual {v2}, Lcom/android/server/wm/Task;.isResizeable:()Z // method@cb39
decompiled/baksmali/vdexExtractor/services/disassembly.log	isHomeStackResizable	com.android.server.wm.TaskStack::findHomeTask	660828	39d30a: 6e10 15cc 0000                         |000a: invoke-virtual {v0}, Lcom/android/server/wm/TaskStack;.findHomeTask:()Lcom/android/server/wm/Task; // method@cc15
decompiled/baksmali/vdexExtractor/services/disassembly.log	isMinimizedDockAndHomeStackResizable	com.android.server.wm.DisplayContent::mDividerControllerLocked	1083827	3ae88a: 5400 1f66                              |0002: iget-object v0, v0, Lcom/android/server/wm/DisplayContent;.mDividerControllerLocked:Lcom/android/server/wm/DockedStackDividerController; // field@661f
decompiled/baksmali/vdexExtractor/services/disassembly.log	isMinimizedDockAndHomeStackResizable	com.android.server.wm.DisplayContent::mDividerControllerLocked	1083832	3ae89e: 5400 1f66                              |000c: iget-object v0, v0, Lcom/android/server/wm/DisplayContent;.mDividerControllerLocked:Lcom/android/server/wm/DockedStackDividerController; // field@661f
decompiled/baksmali/vdexExtractor/services/disassembly.log	isMinimizedDockAndHomeStackResizable	com.android.server.wm.DockedStackDividerController::isHomeStackResizable	1083833	3ae8a2: 6e10 94c8 0000                         |000e: invoke-virtual {v0}, Lcom/android/server/wm/DockedStackDividerController;.isHomeStackResizable:()Z // method@c894
decompiled/baksmali/vdexExtractor/services/disassembly.log	isMinimizedDockAndHomeStackResizable	com.android.server.wm.DockedStackDividerController::isMinimizedDock	1083828	3ae88e: 6e10 96c8 0000                         |0004: invoke-virtual {v0}, Lcom/android/server/wm/DockedStackDividerController;.isMinimizedDock:()Z // method@c896
decompiled/baksmali/vdexExtractor/services/disassembly.log	isMinimizedDockAndHomeStackResizable	com.android.server.wm.TaskStack::mDisplayContent	1083826	3ae886: 5410 0f69                              |0000: iget-object v0, v1, Lcom/android/server/wm/TaskStack;.mDisplayContent:Lcom/android/server/wm/DisplayContent; // field@690f
decompiled/baksmali/vdexExtractor/services/disassembly.log	isMinimizedDockAndHomeStackResizable	com.android.server.wm.TaskStack::mDisplayContent	1083831	3ae89a: 5410 0f69                              |000a: iget-object v0, v1, Lcom/android/server/wm/TaskStack;.mDisplayContent:Lcom/android/server/wm/DisplayContent; // field@690f
decompiled/baksmali/vdexExtractor/services/disassembly.log	isOnHomeDisplay	com.android.server.am.ActivityStack::mDisplayId	1058866	121dec: 5210 a520                              |0000: iget v0, v1, Lcom/android/server/am/ActivityStack;.mDisplayId:I // field@20a5
decompiled/baksmali/vdexExtractor/services/disassembly.log	isRecentsComponentHomeActivity	android.content.ComponentName::getPackageName	208977	1497dc: 6e10 ad05 0000                         |0010: invoke-virtual {v0}, Landroid/content/ComponentName;.getPackageName:()Ljava/lang/String; // method@05ad
decompiled/baksmali/vdexExtractor/services/disassembly.log	isRecentsComponentHomeActivity	android.content.ComponentName::getPackageName	208980	1497e8: 6e10 ad05 0200                         |0016: invoke-virtual {v2}, Landroid/content/ComponentName;.getPackageName:()Ljava/lang/String; // method@05ad
decompiled/baksmali/vdexExtractor/services/disassembly.log	isRecentsComponentHomeActivity	android.content.pm.PackageManagerInternal::getDefaultHomeActivity	208972	1497c8: 6e20 6408 4000                         |0006: invoke-virtual {v0, v4}, Landroid/content/pm/PackageManagerInternal;.getDefaultHomeActivity:(I)Landroid/content/ComponentName; // method@0864
decompiled/baksmali/vdexExtractor/services/disassembly.log	isRecentsComponentHomeActivity	com.android.server.am.ActivityManagerService$LocalService::this$0	159917	0d885a: 5410 be1d                              |0000: iget-object v0, v1, Lcom/android/server/am/ActivityManagerService$LocalService;.this$0:Lcom/android/server/am/ActivityManagerService; // field@1dbe
decompiled/baksmali/vdexExtractor/services/disassembly.log	isRecentsComponentHomeActivity	com.android.server.am.ActivityManagerService::getPackageManagerInternalLocked	208970	1497c0: 6e10 0e4d 0000                         |0002: invoke-virtual {v0}, Lcom/android/server/am/ActivityManagerService;.getPackageManagerInternalLocked:()Landroid/content/pm/PackageManagerInternal; // method@4d0e
decompiled/baksmali/vdexExtractor/services/disassembly.log	isRecentsComponentHomeActivity	com.android.server.am.ActivityManagerService::getRecentTasks	159918	0d885e: 6e10 1c4d 0000                         |0002: invoke-virtual {v0}, Lcom/android/server/am/ActivityManagerService;.getRecentTasks:()Lcom/android/server/am/RecentTasks; // method@4d1c
decompiled/baksmali/vdexExtractor/services/disassembly.log	isRecentsComponentHomeActivity	com.android.server.am.RecentTasks::isRecentsComponentHomeActivity	159920	0d8866: 6e20 b556 2000                         |0006: invoke-virtual {v0, v2}, Lcom/android/server/am/RecentTasks;.isRecentsComponentHomeActivity:(I)Z // method@56b5
decompiled/baksmali/vdexExtractor/services/disassembly.log	isRecentsComponentHomeActivity	com.android.server.am.RecentTasks::mRecentsComponent	208975	1497d4: 5431 1625                              |000c: iget-object v1, v3, Lcom/android/server/am/RecentTasks;.mRecentsComponent:Landroid/content/ComponentName; // field@2516
decompiled/baksmali/vdexExtractor/services/disassembly.log	isRecentsComponentHomeActivity	com.android.server.am.RecentTasks::mRecentsComponent	208979	1497e4: 5432 1625                              |0014: iget-object v2, v3, Lcom/android/server/am/RecentTasks;.mRecentsComponent:Landroid/content/ComponentName; // field@2516
decompiled/baksmali/vdexExtractor/services/disassembly.log	isRecentsComponentHomeActivity	com.android.server.am.RecentTasks::mService	208969	1497bc: 5430 1825                              |0000: iget-object v0, v3, Lcom/android/server/am/RecentTasks;.mService:Lcom/android/server/am/ActivityManagerService; // field@2518
decompiled/baksmali/vdexExtractor/services/disassembly.log	isRecentsComponentHomeActivity	java.lang.String::equals	208982	1497f0: 6e20 ffd3 2100                         |001a: invoke-virtual {v1, v2}, Ljava/lang/String;.equals:(Ljava/lang/Object;)Z // method@d3ff
decompiled/baksmali/vdexExtractor/services/disassembly.log	isTrimmable	com.android.server.am.ActivityStackSupervisor::mHomeStack	208997	149818: 5411 0a21                              |0008: iget-object v1, v1, Lcom/android/server/am/ActivityStackSupervisor;.mHomeStack:Lcom/android/server/am/ActivityStack; // field@210a
decompiled/baksmali/vdexExtractor/services/disassembly.log	isValidLaunchStack	com.android.server.am.ActivityRecord::isActivityTypeHome	791007	11b5be: 6e10 fb4f 0600                         |0023: invoke-virtual {v6}, Lcom/android/server/am/ActivityRecord;.isActivityTypeHome:()Z // method@4ffb
decompiled/baksmali/vdexExtractor/services/disassembly.log	isValidLaunchStack	com.android.server.am.ActivityStack::isOnHomeDisplay	790995	11b594: 6e10 dd50 0400                         |000e: invoke-virtual {v4}, Lcom/android/server/am/ActivityStack;.isOnHomeDisplay:()Z // method@50dd
decompiled/baksmali/vdexExtractor/services/disassembly.log	isWindowHandleVisible	com.android.server.wm.TaskStack::isActivityTypeHome	1022928	3a1046: 6e10 46cc 0100                         |000c: invoke-virtual {v1}, Lcom/android/server/wm/TaskStack;.isActivityTypeHome:()Z // method@cc46
decompiled/baksmali/vdexExtractor/services/disassembly.log	isWindowHandleVisible	com.android.server.wm.TaskStack::isActivityTypeHome	1022937	3a1068: 6e10 46cc 0200                         |001d: invoke-virtual {v2}, Lcom/android/server/wm/TaskStack;.isActivityTypeHome:()Z // method@cc46
decompiled/baksmali/vdexExtractor/services/disassembly.log	killBackgroundUserProcessesWithRecordAudioPermission	android.app.ActivityManagerInternal::getHomeActivityForUser	240681	16d09a: 6e20 ca00 3200                         |0011: invoke-virtual {v2, v3}, Landroid/app/ActivityManagerInternal;.getHomeActivityForUser:(I)Landroid/content/ComponentName; // method@00ca
decompiled/baksmali/vdexExtractor/services/disassembly.log	lambda$getHomeMatcher$3	com.android.server.slice.SliceManagerService::getDefaultHome	582876	33c958: 6e20 7ab4 2100                         |0000: invoke-virtual {v1, v2}, Lcom/android/server/slice/SliceManagerService;.getDefaultHome:(I)Ljava/lang/String; // method@b47a
decompiled/baksmali/vdexExtractor/services/disassembly.log	lambda$onDismissSucceeded$0	com.android.server.policy.PhoneWindowManager::startDockOrHome	556718	3124d0: 6e30 91ac 1003                         |0003: invoke-virtual {v0, v1, v3}, Lcom/android/server/policy/PhoneWindowManager;.startDockOrHome:(ZZ)V // method@ac91
decompiled/baksmali/vdexExtractor/services/disassembly.log	lambda$pinSlice$1	com.android.server.slice.SliceManagerService::isDefaultHomeApp	582904	33ce46: 7030 88b4 4205                         |0010: invoke-direct {v2, v4, v5}, Lcom/android/server/slice/SliceManagerService;.isDefaultHomeApp:(Ljava/lang/String;I)Z // method@b488
decompiled/baksmali/vdexExtractor/services/disassembly.log	launchHomeFromHotKey	android.app.ActivityManager::getService	985870	31bf7c: 7100 ab00 0000                         |004c: invoke-static {}, Landroid/app/ActivityManager;.getService:()Landroid/app/IActivityManager; // method@00ab
decompiled/baksmali/vdexExtractor/services/disassembly.log	launchHomeFromHotKey	android.app.IActivityManager::stopAppSwitches	985872	31bf84: 7210 2802 0000                         |0050: invoke-interface {v0}, Landroid/app/IActivityManager;.stopAppSwitches:()V // method@0228
decompiled/baksmali/vdexExtractor/services/disassembly.log	launchHomeFromHotKey	android.os.Handler::post	985838	31befc: 6e20 b720 2000                         |000c: invoke-virtual {v0, v2}, Landroid/os/Handler;.post:(Ljava/lang/Runnable;)Z // method@20b7
decompiled/baksmali/vdexExtractor/services/disassembly.log	launchHomeFromHotKey	com.android.server.policy.PhoneWindowManager$11::<init>	985852	31bf34: 7030 feaa 3104                         |0028: invoke-direct {v1, v3, v4}, Lcom/android/server/policy/PhoneWindowManager$11;.<init>:(Lcom/android/server/policy/PhoneWindowManager;Z)V // method@aafe
decompiled/baksmali/vdexExtractor/services/disassembly.log	launchHomeFromHotKey	com.android.server.policy.PhoneWindowManager$12::<init>	985864	31bf64: 7030 01ab 3104                         |0040: invoke-direct {v1, v3, v4}, Lcom/android/server/policy/PhoneWindowManager$12;.<init>:(Lcom/android/server/policy/PhoneWindowManager;Z)V // method@ab01
decompiled/baksmali/vdexExtractor/services/disassembly.log	launchHomeFromHotKey	com.android.server.policy.PhoneWindowManager::awakenDreams	985876	31bf92: 7100 96ab 0000                         |0057: invoke-static {}, Lcom/android/server/policy/PhoneWindowManager;.awakenDreams:()V // method@ab96
decompiled/baksmali/vdexExtractor/services/disassembly.log	launchHomeFromHotKey	com.android.server.policy.PhoneWindowManager::hideRecentApps	985878	31bf9a: 7030 f7ab 0301                         |005b: invoke-direct {v3, v0, v1}, Lcom/android/server/policy/PhoneWindowManager;.hideRecentApps:(ZZ)V // method@abf7
decompiled/baksmali/vdexExtractor/services/disassembly.log	launchHomeFromHotKey	com.android.server.policy.PhoneWindowManager::isKeyguardShowingAndNotOccluded	985840	31bf06: 6e10 18ac 0300                         |0011: invoke-virtual {v3}, Lcom/android/server/policy/PhoneWindowManager;.isKeyguardShowingAndNotOccluded:()Z // method@ac18
decompiled/baksmali/vdexExtractor/services/disassembly.log	launchHomeFromHotKey	com.android.server.policy.PhoneWindowManager::launchHomeFromHotKey	985827	31bed8: 6e30 34ac 0100                         |0001: invoke-virtual {v1, v0, v0}, Lcom/android/server/policy/PhoneWindowManager;.launchHomeFromHotKey:(ZZ)V // method@ac34
decompiled/baksmali/vdexExtractor/services/disassembly.log	launchHomeFromHotKey	com.android.server.policy.PhoneWindowManager::mHandler	985833	31bee4: 5430 6e55                              |0000: iget-object v0, v3, Lcom/android/server/policy/PhoneWindowManager;.mHandler:Landroid/os/Handler; // field@556e
decompiled/baksmali/vdexExtractor/services/disassembly.log	launchHomeFromHotKey	com.android.server.policy.PhoneWindowManager::mKeyguardDelegate	985846	31bf1c: 5430 8755                              |001c: iget-object v0, v3, Lcom/android/server/policy/PhoneWindowManager;.mKeyguardDelegate:Lcom/android/server/policy/keyguard/KeyguardServiceDelegate; // field@5587
decompiled/baksmali/vdexExtractor/services/disassembly.log	launchHomeFromHotKey	com.android.server.policy.PhoneWindowManager::mKeyguardDelegate	985850	31bf2c: 5430 8755                              |0024: iget-object v0, v3, Lcom/android/server/policy/PhoneWindowManager;.mKeyguardDelegate:Lcom/android/server/policy/keyguard/KeyguardServiceDelegate; // field@5587
decompiled/baksmali/vdexExtractor/services/disassembly.log	launchHomeFromHotKey	com.android.server.policy.PhoneWindowManager::mKeyguardDelegate	985858	31bf4c: 5430 8755                              |0034: iget-object v0, v3, Lcom/android/server/policy/PhoneWindowManager;.mKeyguardDelegate:Lcom/android/server/policy/keyguard/KeyguardServiceDelegate; // field@5587
decompiled/baksmali/vdexExtractor/services/disassembly.log	launchHomeFromHotKey	com.android.server.policy.PhoneWindowManager::mKeyguardDelegate	985862	31bf5c: 5430 8755                              |003c: iget-object v0, v3, Lcom/android/server/policy/PhoneWindowManager;.mKeyguardDelegate:Lcom/android/server/policy/keyguard/KeyguardServiceDelegate; // field@5587
decompiled/baksmali/vdexExtractor/services/disassembly.log	launchHomeFromHotKey	com.android.server.policy.PhoneWindowManager::mKeyguardOccluded	985844	31bf14: 5530 8b55                              |0018: iget-boolean v0, v3, Lcom/android/server/policy/PhoneWindowManager;.mKeyguardOccluded:Z // field@558b
decompiled/baksmali/vdexExtractor/services/disassembly.log	launchHomeFromHotKey	com.android.server.policy.PhoneWindowManager::mKeyguardOccluded	985856	31bf44: 5530 8b55                              |0030: iget-boolean v0, v3, Lcom/android/server/policy/PhoneWindowManager;.mKeyguardOccluded:Z // field@558b
decompiled/baksmali/vdexExtractor/services/disassembly.log	launchHomeFromHotKey	com.android.server.policy.PhoneWindowManager::mRecentsVisible	985867	31bf72: 5530 cd55                              |0047: iget-boolean v0, v3, Lcom/android/server/policy/PhoneWindowManager;.mRecentsVisible:Z // field@55cd
decompiled/baksmali/vdexExtractor/services/disassembly.log	launchHomeFromHotKey	com.android.server.policy.PhoneWindowManager::mWindowManagerFuncs	985834	31bee8: 5431 1f56                              |0002: iget-object v1, v3, Lcom/android/server/policy/PhoneWindowManager;.mWindowManagerFuncs:Lcom/android/server/policy/WindowManagerPolicy$WindowManagerFuncs; // field@561f
decompiled/baksmali/vdexExtractor/services/disassembly.log	launchHomeFromHotKey	com.android.server.policy.PhoneWindowManager::startDockOrHome	985880	31bfa2: 6e30 91ac 1304                         |005f: invoke-virtual {v3, v1, v4}, Lcom/android/server/policy/PhoneWindowManager;.startDockOrHome:(ZZ)V // method@ac91
decompiled/baksmali/vdexExtractor/services/disassembly.log	launchHomeFromHotKey	com.android.server.policy.keyguard.KeyguardServiceDelegate::dismiss	985854	31bf3c: 6e30 6dae 1002                         |002c: invoke-virtual {v0, v1, v2}, Lcom/android/server/policy/keyguard/KeyguardServiceDelegate;.dismiss:(Lcom/android/internal/policy/IKeyguardDismissCallback;Ljava/lang/CharSequence;)V // method@ae6d
decompiled/baksmali/vdexExtractor/services/disassembly.log	launchHomeFromHotKey	com.android.server.policy.keyguard.KeyguardServiceDelegate::isInputRestricted	985859	31bf50: 6e10 73ae 0000                         |0036: invoke-virtual {v0}, Lcom/android/server/policy/keyguard/KeyguardServiceDelegate;.isInputRestricted:()Z // method@ae73
decompiled/baksmali/vdexExtractor/services/disassembly.log	launchHomeFromHotKey	com.android.server.policy.keyguard.KeyguardServiceDelegate::isShowing	985847	31bf20: 6e10 75ae 0000                         |001e: invoke-virtual {v0}, Lcom/android/server/policy/keyguard/KeyguardServiceDelegate;.isShowing:()Z // method@ae75
decompiled/baksmali/vdexExtractor/services/disassembly.log	launchHomeFromHotKey	com.android.server.policy.keyguard.KeyguardServiceDelegate::verifyUnlock	985865	31bf6a: 6e20 8aae 1000                         |0043: invoke-virtual {v0, v1}, Lcom/android/server/policy/keyguard/KeyguardServiceDelegate;.verifyUnlock:(Lcom/android/server/policy/WindowManagerPolicy$OnKeyguardExitResult;)V // method@ae8a
decompiled/baksmali/vdexExtractor/services/disassembly.log	launchHomeFromHotKey	java.util.Objects::requireNonNull	985835	31beec: 7110 a5d6 0100                         |0004: invoke-static {v1}, Ljava/util/Objects;.requireNonNull:(Ljava/lang/Object;)Ljava/lang/Object; // method@d6a5
decompiled/baksmali/vdexExtractor/services/disassembly.log	longPressOnHomeBehaviorToString	java.lang.Integer::toString	978936	317ae2: 7110 8fd3 0100                         |0003: invoke-static {v1}, Ljava/lang/Integer;.toString:(I)Ljava/lang/String; // method@d38f
decompiled/baksmali/vdexExtractor/services/disassembly.log	moveHomeStackTaskToTop	com.android.server.am.ActivityStack::isActivityTypeHome	1058990	126728: 6e10 d250 0400                         |0000: invoke-virtual {v4}, Lcom/android/server/am/ActivityStack;.isActivityTypeHome:()Z // method@50d2
decompiled/baksmali/vdexExtractor/services/disassembly.log	moveHomeStackTaskToTop	com.android.server.am.ActivityStack::mTaskHistory	1058993	126734: 5440 b020                              |0006: iget-object v0, v4, Lcom/android/server/am/ActivityStack;.mTaskHistory:Ljava/util/ArrayList; // field@20b0
decompiled/baksmali/vdexExtractor/services/disassembly.log	moveHomeStackTaskToTop	com.android.server.am.ActivityStack::mTaskHistory	1058999	126748: 5442 b020                              |0010: iget-object v2, v4, Lcom/android/server/am/ActivityStack;.mTaskHistory:Ljava/util/ArrayList; // field@20b0
decompiled/baksmali/vdexExtractor/services/disassembly.log	moveHomeStackTaskToTop	com.android.server.am.ActivityStack::mTaskHistory	1059003	126758: 5443 b020                              |0018: iget-object v3, v4, Lcom/android/server/am/ActivityStack;.mTaskHistory:Ljava/util/ArrayList; // field@20b0
decompiled/baksmali/vdexExtractor/services/disassembly.log	moveHomeStackTaskToTop	com.android.server.am.ActivityStack::mTaskHistory	1059005	126762: 5443 b020                              |001d: iget-object v3, v4, Lcom/android/server/am/ActivityStack;.mTaskHistory:Ljava/util/ArrayList; // field@20b0
decompiled/baksmali/vdexExtractor/services/disassembly.log	moveHomeStackTaskToTop	com.android.server.am.ActivityStack::moveHomeStackTaskToTop	795012	11b716: 6e10 e850 0000                         |0002: invoke-virtual {v0}, Lcom/android/server/am/ActivityStack;.moveHomeStackTaskToTop:()V // method@50e8
decompiled/baksmali/vdexExtractor/services/disassembly.log	moveHomeStackTaskToTop	com.android.server.am.ActivityStack::updateTaskMovement	1059007	12676c: 7030 3851 2401                         |0022: invoke-direct {v4, v2, v1}, Lcom/android/server/am/ActivityStack;.updateTaskMovement:(Lcom/android/server/am/TaskRecord;Z)V // method@5138
decompiled/baksmali/vdexExtractor/services/disassembly.log	moveHomeStackTaskToTop	com.android.server.am.ActivityStackSupervisor::getHomeActivity	795013	11b71c: 6e10 a051 0200                         |0005: invoke-virtual {v2}, Lcom/android/server/am/ActivityStackSupervisor;.getHomeActivity:()Lcom/android/server/am/ActivityRecord; // method@51a0
decompiled/baksmali/vdexExtractor/services/disassembly.log	moveHomeStackTaskToTop	com.android.server.am.ActivityStackSupervisor::mHomeStack	795011	11b712: 5420 0a21                              |0000: iget-object v0, v2, Lcom/android/server/am/ActivityStackSupervisor;.mHomeStack:Lcom/android/server/am/ActivityStack; // field@210a
decompiled/baksmali/vdexExtractor/services/disassembly.log	moveHomeStackTaskToTop	com.android.server.am.ActivityStackSupervisor::moveFocusableActivityStackToFrontLocked	795018	11b72c: 6e30 d451 0203                         |000d: invoke-virtual {v2, v0, v3}, Lcom/android/server/am/ActivityStackSupervisor;.moveFocusableActivityStackToFrontLocked:(Lcom/android/server/am/ActivityRecord;Ljava/lang/String;)Z // method@51d4
decompiled/baksmali/vdexExtractor/services/disassembly.log	moveHomeStackTaskToTop	java.lang.IllegalStateException::<init>	1059017	12679a: 7020 7ad3 1000                         |0039: invoke-direct {v0, v1}, Ljava/lang/IllegalStateException;.<init>:(Ljava/lang/String;)V // method@d37a
decompiled/baksmali/vdexExtractor/services/disassembly.log	moveHomeStackTaskToTop	java.lang.StringBuilder::<init>	1059011	12677c: 7010 36d4 0100                         |002a: invoke-direct {v1}, Ljava/lang/StringBuilder;.<init>:()V // method@d436
decompiled/baksmali/vdexExtractor/services/disassembly.log	moveHomeStackTaskToTop	java.lang.StringBuilder::append	1059013	126786: 6e20 41d4 2100                         |002f: invoke-virtual {v1, v2}, Ljava/lang/StringBuilder;.append:(Ljava/lang/String;)Ljava/lang/StringBuilder; // method@d441
decompiled/baksmali/vdexExtractor/services/disassembly.log	moveHomeStackTaskToTop	java.lang.StringBuilder::append	1059014	12678c: 6e20 40d4 4100                         |0032: invoke-virtual {v1, v4}, Ljava/lang/StringBuilder;.append:(Ljava/lang/Object;)Ljava/lang/StringBuilder; // method@d440
decompiled/baksmali/vdexExtractor/services/disassembly.log	moveHomeStackTaskToTop	java.lang.StringBuilder::toString	1059015	126792: 6e10 48d4 0100                         |0035: invoke-virtual {v1}, Ljava/lang/StringBuilder;.toString:()Ljava/lang/String; // method@d448
decompiled/baksmali/vdexExtractor/services/disassembly.log	moveHomeStackTaskToTop	java.util.ArrayList::add	1059006	126766: 6e30 a0d5 0302                         |001f: invoke-virtual {v3, v0, v2}, Ljava/util/ArrayList;.add:(ILjava/lang/Object;)V // method@d5a0
decompiled/baksmali/vdexExtractor/services/disassembly.log	moveHomeStackTaskToTop	java.util.ArrayList::get	1059000	12674c: 6e20 aad5 0200                         |0012: invoke-virtual {v2, v0}, Ljava/util/ArrayList;.get:(I)Ljava/lang/Object; // method@d5aa
decompiled/baksmali/vdexExtractor/services/disassembly.log	moveHomeStackTaskToTop	java.util.ArrayList::remove	1059004	12675c: 6e20 afd5 0300                         |001a: invoke-virtual {v3, v0}, Ljava/util/ArrayList;.remove:(I)Ljava/lang/Object; // method@d5af
decompiled/baksmali/vdexExtractor/services/disassembly.log	moveHomeStackTaskToTop	java.util.ArrayList::size	1058994	126738: 6e10 b4d5 0000                         |0008: invoke-virtual {v0}, Ljava/util/ArrayList;.size:()I // method@d5b4
decompiled/baksmali/vdexExtractor/services/disassembly.log	moveHomeStackToFront	com.android.server.am.ActivityStack::moveToFront	795026	11f268: 6e20 ec50 2000                         |0002: invoke-virtual {v0, v2}, Lcom/android/server/am/ActivityStack;.moveToFront:(Ljava/lang/String;)V // method@50ec
decompiled/baksmali/vdexExtractor/services/disassembly.log	moveHomeStackToFront	com.android.server.am.ActivityStackSupervisor::mHomeStack	795025	11f264: 5410 0a21                              |0000: iget-object v0, v1, Lcom/android/server/am/ActivityStackSupervisor;.mHomeStack:Lcom/android/server/am/ActivityStack; // field@210a
decompiled/baksmali/vdexExtractor/services/disassembly.log	moveToFront	com.android.server.am.ActivityStack::isActivityTypeHome	1059292	126a84: 6e10 d250 0500                         |003a: invoke-virtual {v5}, Lcom/android/server/am/ActivityStack;.isActivityTypeHome:()Z // method@50d2
decompiled/baksmali/vdexExtractor/services/disassembly.log	moveToFront	com.android.server.am.ActivityStack::returnsToHomeStack	1059295	126a90: 7010 1751 0500                         |0040: invoke-direct {v5}, Lcom/android/server/am/ActivityStack;.returnsToHomeStack:()Z // method@5117
decompiled/baksmali/vdexExtractor/services/disassembly.log	moveToFront	com.android.server.am.ActivityStackSupervisor::moveHomeStackToFront	1059306	126ac2: 6e20 d651 2100                         |0059: invoke-virtual {v1, v2}, Lcom/android/server/am/ActivityStackSupervisor;.moveHomeStackToFront:(Ljava/lang/String;)V // method@51d6
decompiled/baksmali/vdexExtractor/services/disassembly.log	moveUserToForeground	com.android.server.am.UserController$Injector::startHomeActivity	217368	158c66: 6e30 8858 6102                         |000d: invoke-virtual {v1, v6, v2}, Lcom/android/server/am/UserController$Injector;.startHomeActivity:(ILjava/lang/String;)V // method@5888
decompiled/baksmali/vdexExtractor/services/disassembly.log	notifyAppTransitionDone	com.android.server.am.ActivityStackSupervisor::continueUpdateRecentsHomeStackBounds	795176	11f594: 6e10 7b51 0400                         |0000: invoke-virtual {v4}, Lcom/android/server/am/ActivityStackSupervisor;.continueUpdateRecentsHomeStackBounds:()V // method@517b
decompiled/baksmali/vdexExtractor/services/disassembly.log	notifyAppTransitionStarting	android.app.ActivityManagerInternal::isRecentsComponentHomeActivity	660877	39df52: 6e20 d300 2100                         |0022: invoke-virtual {v1, v2}, Landroid/app/ActivityManagerInternal;.isRecentsComponentHomeActivity:(I)Z // method@00d3
decompiled/baksmali/vdexExtractor/services/disassembly.log	notifyLockedProfile	com.android.server.am.ActivityManagerService::startHomeActivityLocked	775997	1017be: 6e30 694e 2403                         |0030: invoke-virtual {v4, v2, v3}, Lcom/android/server/am/ActivityManagerService;.startHomeActivityLocked:(ILjava/lang/String;)Z // method@4e69
decompiled/baksmali/vdexExtractor/services/disassembly.log	notifyTaskPersisterLocked	com.android.server.am.ActivityStack::isHomeOrRecentsStack	209173	14acba: 6e10 d950 0000                         |000a: invoke-virtual {v0}, Lcom/android/server/am/ActivityStack;.isHomeOrRecentsStack:()Z // method@50d9
decompiled/baksmali/vdexExtractor/services/disassembly.log	onBackup	com.android.server.backup.PackageManagerBackupAgent::getPreferredHomeComponent	266697	18f7c0: 7601 de62 1700                         |0060: invoke-direct/range {v23}, Lcom/android/server/backup/PackageManagerBackupAgent;.getPreferredHomeComponent:()Landroid/content/ComponentName; // method@62de
decompiled/baksmali/vdexExtractor/services/disassembly.log	onBackup	com.android.server.backup.PackageManagerBackupAgent::mStoredHomeComponent	266752	18f87c: 5480 952b                              |00be: iget-object v0, v8, Lcom/android/server/backup/PackageManagerBackupAgent;.mStoredHomeComponent:Landroid/content/ComponentName; // field@2b95
decompiled/baksmali/vdexExtractor/services/disassembly.log	onBackup	com.android.server.backup.PackageManagerBackupAgent::mStoredHomeSigHashes	266757	18f890: 5480 962b                              |00c8: iget-object v0, v8, Lcom/android/server/backup/PackageManagerBackupAgent;.mStoredHomeSigHashes:Ljava/util/ArrayList; // field@2b96
decompiled/baksmali/vdexExtractor/services/disassembly.log	onBackup	com.android.server.backup.PackageManagerBackupAgent::mStoredHomeVersion	266749	18f870: 5383 972b                              |00b8: iget-wide v3, v8, Lcom/android/server/backup/PackageManagerBackupAgent;.mStoredHomeVersion:J // field@2b97
decompiled/baksmali/vdexExtractor/services/disassembly.log	onCommand	com.android.server.am.ActivityManagerShellCommand::runNoHomeScreen	165729	10f4e8: 6e20 3b4f 0600                         |0334: invoke-virtual {v6, v0}, Lcom/android/server/am/ActivityManagerShellCommand;.runNoHomeScreen:(Ljava/io/PrintWriter;)I // method@4f3b
decompiled/baksmali/vdexExtractor/services/disassembly.log	onCommand	com.android.server.pm.PackageManagerShellCommand::runSetHomeActivity	502284	2d8a24: 7010 33a2 0800                         |0302: invoke-direct {v8}, Lcom/android/server/pm/PackageManagerShellCommand;.runSetHomeActivity:()I // method@a233
decompiled/baksmali/vdexExtractor/services/disassembly.log	onKeyguardExitResult	com.android.server.policy.PhoneWindowManager::startDockOrHome	975434	312520: 6e30 91ac 1002                         |0007: invoke-virtual {v0, v1, v2}, Lcom/android/server/policy/PhoneWindowManager;.startDockOrHome:(ZZ)V // method@ac91
decompiled/baksmali/vdexExtractor/services/disassembly.log	onParentSet	com.android.server.wm.DisplayContent$TaskStackContainers::mHomeAppAnimationLayer	1119002	3973a6: 5b30 fd65                              |0038: iput-object v0, v3, Lcom/android/server/wm/DisplayContent$TaskStackContainers;.mHomeAppAnimationLayer:Landroid/view/SurfaceControl; // field@65fd
decompiled/baksmali/vdexExtractor/services/disassembly.log	onParentSet	com.android.server.wm.DisplayContent$TaskStackContainers::mHomeAppAnimationLayer	1119019	3973ec: 5431 fd65                              |005b: iget-object v1, v3, Lcom/android/server/wm/DisplayContent$TaskStackContainers;.mHomeAppAnimationLayer:Landroid/view/SurfaceControl; // field@65fd
decompiled/baksmali/vdexExtractor/services/disassembly.log	onParentSet	com.android.server.wm.DisplayContent$TaskStackContainers::mHomeAppAnimationLayer	1119032	397426: 5430 fd65                              |0078: iget-object v0, v3, Lcom/android/server/wm/DisplayContent$TaskStackContainers;.mHomeAppAnimationLayer:Landroid/view/SurfaceControl; // field@65fd
decompiled/baksmali/vdexExtractor/services/disassembly.log	onParentSet	com.android.server.wm.DisplayContent$TaskStackContainers::mHomeAppAnimationLayer	1119034	397430: 5b31 fd65                              |007d: iput-object v1, v3, Lcom/android/server/wm/DisplayContent$TaskStackContainers;.mHomeAppAnimationLayer:Landroid/view/SurfaceControl; // field@65fd
decompiled/baksmali/vdexExtractor/services/disassembly.log	onShortPowerPressedGoHome	android.util.Slog::w	562603	3237d8: 7130 7129 2100                         |000b: invoke-static {v1, v2, v0}, Landroid/util/Slog;.w:(Ljava/lang/String;Ljava/lang/String;Ljava/lang/Throwable;)I // method@2971
decompiled/baksmali/vdexExtractor/services/disassembly.log	onShortPowerPressedGoHome	com.android.internal.policy.IKeyguardService::onShortPowerPressedGoHome	562598	3237c6: 7210 1530 0000                         |0002: invoke-interface {v0}, Lcom/android/internal/policy/IKeyguardService;.onShortPowerPressedGoHome:()V // method@3015
decompiled/baksmali/vdexExtractor/services/disassembly.log	onShortPowerPressedGoHome	com.android.server.policy.keyguard.KeyguardServiceDelegate::mKeyguardService	562234	3232f0: 5410 f356                              |0000: iget-object v0, v1, Lcom/android/server/policy/keyguard/KeyguardServiceDelegate;.mKeyguardService:Lcom/android/server/policy/keyguard/KeyguardServiceWrapper; // field@56f3
decompiled/baksmali/vdexExtractor/services/disassembly.log	onShortPowerPressedGoHome	com.android.server.policy.keyguard.KeyguardServiceDelegate::mKeyguardService	562236	3232f8: 5410 f356                              |0004: iget-object v0, v1, Lcom/android/server/policy/keyguard/KeyguardServiceDelegate;.mKeyguardService:Lcom/android/server/policy/keyguard/KeyguardServiceWrapper; // field@56f3
decompiled/baksmali/vdexExtractor/services/disassembly.log	onShortPowerPressedGoHome	com.android.server.policy.keyguard.KeyguardServiceWrapper::TAG	562601	3237d0: 5431 f556                              |0007: iget-object v1, v3, Lcom/android/server/policy/keyguard/KeyguardServiceWrapper;.TAG:Ljava/lang/String; // field@56f5
decompiled/baksmali/vdexExtractor/services/disassembly.log	onShortPowerPressedGoHome	com.android.server.policy.keyguard.KeyguardServiceWrapper::mService	562597	3237c2: 5430 f756                              |0000: iget-object v0, v3, Lcom/android/server/policy/keyguard/KeyguardServiceWrapper;.mService:Lcom/android/internal/policy/IKeyguardService; // field@56f7
decompiled/baksmali/vdexExtractor/services/disassembly.log	onShortPowerPressedGoHome	com.android.server.policy.keyguard.KeyguardServiceWrapper::onShortPowerPressedGoHome	562237	3232fc: 6e10 a0ae 0000                         |0006: invoke-virtual {v0}, Lcom/android/server/policy/keyguard/KeyguardServiceWrapper;.onShortPowerPressedGoHome:()V // method@aea0
decompiled/baksmali/vdexExtractor/services/disassembly.log	onSplitScreenModeDismissed	com.android.server.am.ActivityDisplay::mHomeStack	737952	0d5746: 5491 8b1c                              |0033: iget-object v1, v9, Lcom/android/server/am/ActivityDisplay;.mHomeStack:Lcom/android/server/am/ActivityStack; // field@1c8b
decompiled/baksmali/vdexExtractor/services/disassembly.log	onSplitScreenModeDismissed	com.android.server.am.ActivityDisplay::mHomeStack	737954	0d574e: 5491 8b1c                              |0037: iget-object v1, v9, Lcom/android/server/am/ActivityDisplay;.mHomeStack:Lcom/android/server/am/ActivityStack; // field@1c8b
decompiled/baksmali/vdexExtractor/services/disassembly.log	onSplitScreenModeDismissed	com.android.server.am.ActivityDisplay::mHomeStack	737958	0d575e: 5491 8b1c                              |003f: iget-object v1, v9, Lcom/android/server/am/ActivityDisplay;.mHomeStack:Lcom/android/server/am/ActivityStack; // field@1c8b
decompiled/baksmali/vdexExtractor/services/disassembly.log	onSplitScreenModeDismissed	com.android.server.am.ActivityDisplay::mHomeStack	737975	0d57a4: 5492 8b1c                              |0062: iget-object v2, v9, Lcom/android/server/am/ActivityDisplay;.mHomeStack:Lcom/android/server/am/ActivityStack; // field@1c8b
decompiled/baksmali/vdexExtractor/services/disassembly.log	onSplitScreenModeDismissed	com.android.server.am.ActivityDisplay::mHomeStack	737977	0d57ac: 5492 8b1c                              |0066: iget-object v2, v9, Lcom/android/server/am/ActivityDisplay;.mHomeStack:Lcom/android/server/am/ActivityStack; // field@1c8b
decompiled/baksmali/vdexExtractor/services/disassembly.log	onSplitScreenModeDismissed	com.android.server.am.ActivityDisplay::mHomeStack	737981	0d57bc: 5492 8b1c                              |006e: iget-object v2, v9, Lcom/android/server/am/ActivityDisplay;.mHomeStack:Lcom/android/server/am/ActivityStack; // field@1c8b
decompiled/baksmali/vdexExtractor/services/disassembly.log	parseStateFile	com.android.server.backup.PackageManagerBackupAgent::mStoredHomeComponent	266348	18fbe6: 5bb0 952b                              |0010: iput-object v0, v11, Lcom/android/server/backup/PackageManagerBackupAgent;.mStoredHomeComponent:Landroid/content/ComponentName; // field@2b95
decompiled/baksmali/vdexExtractor/services/disassembly.log	parseStateFile	com.android.server.backup.PackageManagerBackupAgent::mStoredHomeComponent	266399	18fcb8: 5bb6 952b                              |0079: iput-object v6, v11, Lcom/android/server/backup/PackageManagerBackupAgent;.mStoredHomeComponent:Landroid/content/ComponentName; // field@2b95
decompiled/baksmali/vdexExtractor/services/disassembly.log	parseStateFile	com.android.server.backup.PackageManagerBackupAgent::mStoredHomeSigHashes	266351	18fbf2: 5bb0 962b                              |0016: iput-object v0, v11, Lcom/android/server/backup/PackageManagerBackupAgent;.mStoredHomeSigHashes:Ljava/util/ArrayList; // field@2b96
decompiled/baksmali/vdexExtractor/services/disassembly.log	parseStateFile	com.android.server.backup.PackageManagerBackupAgent::mStoredHomeSigHashes	266405	18fcd0: 5bb6 962b                              |0085: iput-object v6, v11, Lcom/android/server/backup/PackageManagerBackupAgent;.mStoredHomeSigHashes:Ljava/util/ArrayList; // field@2b96
decompiled/baksmali/vdexExtractor/services/disassembly.log	parseStateFile	com.android.server.backup.PackageManagerBackupAgent::mStoredHomeVersion	266350	18fbee: 5ab1 972b                              |0014: iput-wide v1, v11, Lcom/android/server/backup/PackageManagerBackupAgent;.mStoredHomeVersion:J // field@2b97
decompiled/baksmali/vdexExtractor/services/disassembly.log	parseStateFile	com.android.server.backup.PackageManagerBackupAgent::mStoredHomeVersion	266402	18fcc4: 5ab6 972b                              |007f: iput-wide v6, v11, Lcom/android/server/backup/PackageManagerBackupAgent;.mStoredHomeVersion:J // field@2b97
decompiled/baksmali/vdexExtractor/services/disassembly.log	postStartActivityProcessing	com.android.server.am.ActivityStack::isActivityTypeHome	176557	12cab2: 6e10 d250 0600                         |005d: invoke-virtual {v6}, Lcom/android/server/am/ActivityStack;.isActivityTypeHome:()Z // method@50d2
decompiled/baksmali/vdexExtractor/services/disassembly.log	postStartActivityProcessing	com.android.server.am.ActivityStackSupervisor::mHomeStack	176542	12ca7a: 5444 0a21                              |0041: iget-object v4, v4, Lcom/android/server/am/ActivityStackSupervisor;.mHomeStack:Lcom/android/server/am/ActivityStack; // field@210a
decompiled/baksmali/vdexExtractor/services/disassembly.log	powerPress	com.android.server.policy.PhoneWindowManager::launchHomeFromHotKey	979250	31d9f4: 6e10 33ac 0300                         |0092: invoke-virtual {v3}, Lcom/android/server/policy/PhoneWindowManager;.launchHomeFromHotKey:()V // method@ac33
decompiled/baksmali/vdexExtractor/services/disassembly.log	powerPress	com.android.server.policy.PhoneWindowManager::shortPressPowerGoHome	979245	31d9de: 7010 80ac 0300                         |0087: invoke-direct {v3}, Lcom/android/server/policy/PhoneWindowManager;.shortPressPowerGoHome:()V // method@ac80
decompiled/baksmali/vdexExtractor/services/disassembly.log	powerPress	com.android.server.policy.PhoneWindowManager::shortPressPowerGoHome	979247	31d9e6: 7010 80ac 0300                         |008b: invoke-direct {v3}, Lcom/android/server/policy/PhoneWindowManager;.shortPressPowerGoHome:()V // method@ac80
decompiled/baksmali/vdexExtractor/services/disassembly.log	readConfigurationDependentBehaviors	com.android.server.policy.PhoneWindowManager::mDoubleTapOnHomeBehavior	979324	31daec: 5941 5255                              |0022: iput v1, v4, Lcom/android/server/policy/PhoneWindowManager;.mDoubleTapOnHomeBehavior:I // field@5552
decompiled/baksmali/vdexExtractor/services/disassembly.log	readConfigurationDependentBehaviors	com.android.server.policy.PhoneWindowManager::mDoubleTapOnHomeBehavior	979325	31daf0: 5241 5255                              |0024: iget v1, v4, Lcom/android/server/policy/PhoneWindowManager;.mDoubleTapOnHomeBehavior:I // field@5552
decompiled/baksmali/vdexExtractor/services/disassembly.log	readConfigurationDependentBehaviors	com.android.server.policy.PhoneWindowManager::mDoubleTapOnHomeBehavior	979327	31daf8: 5241 5255                              |0028: iget v1, v4, Lcom/android/server/policy/PhoneWindowManager;.mDoubleTapOnHomeBehavior:I // field@5552
decompiled/baksmali/vdexExtractor/services/disassembly.log	readConfigurationDependentBehaviors	com.android.server.policy.PhoneWindowManager::mDoubleTapOnHomeBehavior	979330	31db02: 5942 5255                              |002d: iput v2, v4, Lcom/android/server/policy/PhoneWindowManager;.mDoubleTapOnHomeBehavior:I // field@5552
decompiled/baksmali/vdexExtractor/services/disassembly.log	readConfigurationDependentBehaviors	com.android.server.policy.PhoneWindowManager::mLongPressOnHomeBehavior	979313	31dac2: 5941 a655                              |000d: iput v1, v4, Lcom/android/server/policy/PhoneWindowManager;.mLongPressOnHomeBehavior:I // field@55a6
decompiled/baksmali/vdexExtractor/services/disassembly.log	readConfigurationDependentBehaviors	com.android.server.policy.PhoneWindowManager::mLongPressOnHomeBehavior	979314	31dac6: 5241 a655                              |000f: iget v1, v4, Lcom/android/server/policy/PhoneWindowManager;.mLongPressOnHomeBehavior:I // field@55a6
decompiled/baksmali/vdexExtractor/services/disassembly.log	readConfigurationDependentBehaviors	com.android.server.policy.PhoneWindowManager::mLongPressOnHomeBehavior	979317	31dad0: 5241 a655                              |0014: iget v1, v4, Lcom/android/server/policy/PhoneWindowManager;.mLongPressOnHomeBehavior:I // field@55a6
decompiled/baksmali/vdexExtractor/services/disassembly.log	readConfigurationDependentBehaviors	com.android.server.policy.PhoneWindowManager::mLongPressOnHomeBehavior	979320	31dada: 5942 a655                              |0019: iput v2, v4, Lcom/android/server/policy/PhoneWindowManager;.mLongPressOnHomeBehavior:I // field@55a6
decompiled/baksmali/vdexExtractor/services/disassembly.log	realStartActivityLocked	com.android.server.am.ActivityManagerService::mHomeProcess	795570	11bbd8: 5b07 e51e                              |014c: iput-object v7, v0, Lcom/android/server/am/ActivityManagerService;.mHomeProcess:Lcom/android/server/am/ProcessRecord; // field@1ee5
decompiled/baksmali/vdexExtractor/services/disassembly.log	realStartActivityLocked	com.android.server.am.ActivityRecord::isActivityTypeHome	795561	11bbb4: 7401 fb4f 2600                         |013a: invoke-virtual/range {v38}, Lcom/android/server/am/ActivityRecord;.isActivityTypeHome:()Z // method@4ffb
decompiled/baksmali/vdexExtractor/services/disassembly.log	registerDockedStackListener	com.android.server.wm.DockedStackDividerController::isHomeStackResizable	661102	39e3ca: 6e10 94c8 0300                         |001d: invoke-virtual {v3}, Lcom/android/server/wm/DockedStackDividerController;.isHomeStackResizable:()Z // method@c894
decompiled/baksmali/vdexExtractor/services/disassembly.log	removeStackReferenceIfNeeded	com.android.server.am.ActivityDisplay::mHomeStack	738029	0d5960: 5420 8b1c                              |0000: iget-object v0, v2, Lcom/android/server/am/ActivityDisplay;.mHomeStack:Lcom/android/server/am/ActivityStack; // field@1c8b
decompiled/baksmali/vdexExtractor/services/disassembly.log	removeStackReferenceIfNeeded	com.android.server.am.ActivityDisplay::mHomeStack	738032	0d596a: 5b21 8b1c                              |0005: iput-object v1, v2, Lcom/android/server/am/ActivityDisplay;.mHomeStack:Lcom/android/server/am/ActivityStack; // field@1c8b
decompiled/baksmali/vdexExtractor/services/disassembly.log	removeStackReferenceIfNeeded	com.android.server.wm.DisplayContent$TaskStackContainers::mHomeStack	1118611	3975c8: 5430 fe65                              |0000: iget-object v0, v3, Lcom/android/server/wm/DisplayContent$TaskStackContainers;.mHomeStack:Lcom/android/server/wm/TaskStack; // field@65fe
decompiled/baksmali/vdexExtractor/services/disassembly.log	removeStackReferenceIfNeeded	com.android.server.wm.DisplayContent$TaskStackContainers::mHomeStack	1118614	3975d2: 5b31 fe65                              |0005: iput-object v1, v3, Lcom/android/server/wm/DisplayContent$TaskStackContainers;.mHomeStack:Lcom/android/server/wm/TaskStack; // field@65fe
decompiled/baksmali/vdexExtractor/services/disassembly.log	removeTask	com.android.server.am.ActivityStack::isActivityTypeHome	1060137	127218: 6e10 d250 0700                         |00b6: invoke-virtual {v7}, Lcom/android/server/am/ActivityStack;.isActivityTypeHome:()Z // method@50d2
decompiled/baksmali/vdexExtractor/services/disassembly.log	removeTask	com.android.server.am.ActivityStack::isOnHomeDisplay	1060108	12719a: 6e10 dd50 0700                         |0077: invoke-virtual {v7}, Lcom/android/server/am/ActivityStack;.isOnHomeDisplay:()Z // method@50dd
decompiled/baksmali/vdexExtractor/services/disassembly.log	removeTask	com.android.server.am.ActivityStackSupervisor::moveHomeStackToFront	1060130	1271f8: 6e20 d651 1200                         |00a6: invoke-virtual {v2, v1}, Lcom/android/server/am/ActivityStackSupervisor;.moveHomeStackToFront:(Ljava/lang/String;)V // method@51d6
decompiled/baksmali/vdexExtractor/services/disassembly.log	reportAssistContextExtras	android.app.assist.AssistStructure::setHomeActivity	778680	1037f2: 6e20 2c04 1c00                         |0017: invoke-virtual {v12, v1}, Landroid/app/assist/AssistStructure;.setHomeActivity:(Z)V // method@042c
decompiled/baksmali/vdexExtractor/services/disassembly.log	reportAssistContextExtras	com.android.server.am.ActivityManagerService$PendingAssistExtras::isHome	778679	1037ee: 5501 e61d                              |0015: iget-boolean v1, v0, Lcom/android/server/am/ActivityManagerService$PendingAssistExtras;.isHome:Z // field@1de6
decompiled/baksmali/vdexExtractor/services/disassembly.log	resumeHomeStackTask	com.android.server.am.ActivityManagerService::mBooted	796606	11c45c: 5500 bb1e                              |0008: iget-boolean v0, v0, Lcom/android/server/am/ActivityManagerService;.mBooted:Z // field@1ebb
decompiled/baksmali/vdexExtractor/services/disassembly.log	resumeHomeStackTask	com.android.server.am.ActivityManagerService::mBooting	796603	11c450: 5500 bc1e                              |0002: iget-boolean v0, v0, Lcom/android/server/am/ActivityManagerService;.mBooting:Z // field@1ebc
decompiled/baksmali/vdexExtractor/services/disassembly.log	resumeHomeStackTask	com.android.server.am.ActivityManagerService::startHomeActivityLocked	796632	11c4c6: 6e30 694e 3201                         |003d: invoke-virtual {v2, v3, v1}, Lcom/android/server/am/ActivityManagerService;.startHomeActivityLocked:(ILjava/lang/String;)Z // method@4e69
decompiled/baksmali/vdexExtractor/services/disassembly.log	resumeHomeStackTask	com.android.server.am.ActivityRecord::finishing	796622	11c4a0: 5502 1020                              |002a: iget-boolean v2, v0, Lcom/android/server/am/ActivityRecord;.finishing:Z // field@2010
decompiled/baksmali/vdexExtractor/services/disassembly.log	resumeHomeStackTask	com.android.server.am.ActivityStack::moveHomeStackTaskToTop	796611	11c46c: 6e10 e850 0000                         |0010: invoke-virtual {v0}, Lcom/android/server/am/ActivityStack;.moveHomeStackTaskToTop:()V // method@50e8
decompiled/baksmali/vdexExtractor/services/disassembly.log	resumeHomeStackTask	com.android.server.am.ActivityStackSupervisor::getHomeActivity	796612	11c472: 6e10 a051 0400                         |0013: invoke-virtual {v4}, Lcom/android/server/am/ActivityStackSupervisor;.getHomeActivity:()Lcom/android/server/am/ActivityRecord; // method@51a0
decompiled/baksmali/vdexExtractor/services/disassembly.log	resumeHomeStackTask	com.android.server.am.ActivityStackSupervisor::mCurrentUser	796631	11c4c2: 5243 fd20                              |003b: iget v3, v4, Lcom/android/server/am/ActivityStackSupervisor;.mCurrentUser:I // field@20fd
decompiled/baksmali/vdexExtractor/services/disassembly.log	resumeHomeStackTask	com.android.server.am.ActivityStackSupervisor::mHomeStack	796610	11c468: 5440 0a21                              |000e: iget-object v0, v4, Lcom/android/server/am/ActivityStackSupervisor;.mHomeStack:Lcom/android/server/am/ActivityStack; // field@210a
decompiled/baksmali/vdexExtractor/services/disassembly.log	resumeHomeStackTask	com.android.server.am.ActivityStackSupervisor::mHomeStack	796625	11c4ae: 5442 0a21                              |0031: iget-object v2, v4, Lcom/android/server/am/ActivityStackSupervisor;.mHomeStack:Lcom/android/server/am/ActivityStack; // field@210a
decompiled/baksmali/vdexExtractor/services/disassembly.log	resumeHomeStackTask	com.android.server.am.ActivityStackSupervisor::mService	796602	11c44c: 5440 2121                              |0000: iget-object v0, v4, Lcom/android/server/am/ActivityStackSupervisor;.mService:Lcom/android/server/am/ActivityManagerService; // field@2121
decompiled/baksmali/vdexExtractor/services/disassembly.log	resumeHomeStackTask	com.android.server.am.ActivityStackSupervisor::mService	796605	11c458: 5440 2121                              |0006: iget-object v0, v4, Lcom/android/server/am/ActivityStackSupervisor;.mService:Lcom/android/server/am/ActivityManagerService; // field@2121
decompiled/baksmali/vdexExtractor/services/disassembly.log	resumeHomeStackTask	com.android.server.am.ActivityStackSupervisor::mService	796630	11c4be: 5442 2121                              |0039: iget-object v2, v4, Lcom/android/server/am/ActivityStackSupervisor;.mService:Lcom/android/server/am/ActivityManagerService; // field@2121
decompiled/baksmali/vdexExtractor/services/disassembly.log	resumeHomeStackTask	com.android.server.am.ActivityStackSupervisor::moveFocusableActivityStackToFrontLocked	796624	11c4a8: 6e30 d451 0401                         |002e: invoke-virtual {v4, v0, v1}, Lcom/android/server/am/ActivityStackSupervisor;.moveFocusableActivityStackToFrontLocked:(Lcom/android/server/am/ActivityRecord;Ljava/lang/String;)Z // method@51d4
decompiled/baksmali/vdexExtractor/services/disassembly.log	resumeHomeStackTask	com.android.server.am.ActivityStackSupervisor::resumeFocusedStackTopActivityLocked	796627	11c4b4: 6e40 0752 2435                         |0034: invoke-virtual {v4, v2, v5, v3}, Lcom/android/server/am/ActivityStackSupervisor;.resumeFocusedStackTopActivityLocked:(Lcom/android/server/am/ActivityStack;Lcom/android/server/am/ActivityRecord;Landroid/app/ActivityOptions;)Z // method@5207
decompiled/baksmali/vdexExtractor/services/disassembly.log	resumeHomeStackTask	java.lang.StringBuilder::<init>	796615	11c47e: 7010 36d4 0100                         |0019: invoke-direct {v1}, Ljava/lang/StringBuilder;.<init>:()V // method@d436
decompiled/baksmali/vdexExtractor/services/disassembly.log	resumeHomeStackTask	java.lang.StringBuilder::append	796616	11c484: 6e20 41d4 6100                         |001c: invoke-virtual {v1, v6}, Ljava/lang/StringBuilder;.append:(Ljava/lang/String;)Ljava/lang/StringBuilder; // method@d441
decompiled/baksmali/vdexExtractor/services/disassembly.log	resumeHomeStackTask	java.lang.StringBuilder::append	796618	11c48e: 6e20 41d4 2100                         |0021: invoke-virtual {v1, v2}, Ljava/lang/StringBuilder;.append:(Ljava/lang/String;)Ljava/lang/StringBuilder; // method@d441
decompiled/baksmali/vdexExtractor/services/disassembly.log	resumeHomeStackTask	java.lang.StringBuilder::toString	796619	11c494: 6e10 48d4 0100                         |0024: invoke-virtual {v1}, Ljava/lang/StringBuilder;.toString:()Ljava/lang/String; // method@d448
decompiled/baksmali/vdexExtractor/services/disassembly.log	resumeTopActivityInNextFocusableStack	com.android.server.am.ActivityStack::isOnHomeDisplay	1055337	12287a: 6e10 dd50 0300                         |0017: invoke-virtual {v3}, Lcom/android/server/am/ActivityStack;.isOnHomeDisplay:()Z // method@50dd
decompiled/baksmali/vdexExtractor/services/disassembly.log	resumeTopActivityInNextFocusableStack	com.android.server.am.ActivityStackSupervisor::resumeHomeStackTask	1055341	12288a: 6e30 0852 4006                         |001f: invoke-virtual {v0, v4, v6}, Lcom/android/server/am/ActivityStackSupervisor;.resumeHomeStackTask:(Lcom/android/server/am/ActivityRecord;Ljava/lang/String;)Z // method@5208
decompiled/baksmali/vdexExtractor/services/disassembly.log	returnsToHomeStack	android.content.Intent::getFlags	1064514	15189e: 6e10 4d06 0100                         |0009: invoke-virtual {v1}, Landroid/content/Intent;.getFlags:()I // method@064d
decompiled/baksmali/vdexExtractor/services/disassembly.log	returnsToHomeStack	com.android.server.am.ActivityStack::inMultiWindowMode	1055955	1232ac: 6e10 c850 0200                         |0000: invoke-virtual {v2}, Lcom/android/server/am/ActivityStack;.inMultiWindowMode:()Z // method@50c8
decompiled/baksmali/vdexExtractor/services/disassembly.log	returnsToHomeStack	com.android.server.am.ActivityStack::mTaskHistory	1055959	1232ba: 5420 b020                              |0007: iget-object v0, v2, Lcom/android/server/am/ActivityStack;.mTaskHistory:Ljava/util/ArrayList; // field@20b0
decompiled/baksmali/vdexExtractor/services/disassembly.log	returnsToHomeStack	com.android.server.am.ActivityStack::mTaskHistory	1055963	1232ca: 5420 b020                              |000f: iget-object v0, v2, Lcom/android/server/am/ActivityStack;.mTaskHistory:Ljava/util/ArrayList; // field@20b0
decompiled/baksmali/vdexExtractor/services/disassembly.log	returnsToHomeStack	com.android.server.am.TaskRecord::intent	1064511	151892: 5431 1b26                              |0003: iget-object v1, v3, Lcom/android/server/am/TaskRecord;.intent:Landroid/content/Intent; // field@261b
decompiled/baksmali/vdexExtractor/services/disassembly.log	returnsToHomeStack	com.android.server.am.TaskRecord::intent	1064513	15189a: 5431 1b26                              |0007: iget-object v1, v3, Lcom/android/server/am/TaskRecord;.intent:Landroid/content/Intent; // field@261b
decompiled/baksmali/vdexExtractor/services/disassembly.log	returnsToHomeStack	com.android.server.am.TaskRecord::returnsToHomeStack	1055967	1232da: 6e10 fd57 0000                         |0017: invoke-virtual {v0}, Lcom/android/server/am/TaskRecord;.returnsToHomeStack:()Z // method@57fd
decompiled/baksmali/vdexExtractor/services/disassembly.log	returnsToHomeStack	java.util.ArrayList::get	1055964	1232ce: 6e20 aad5 1000                         |0011: invoke-virtual {v0, v1}, Ljava/util/ArrayList;.get:(I)Ljava/lang/Object; // method@d5aa
decompiled/baksmali/vdexExtractor/services/disassembly.log	returnsToHomeStack	java.util.ArrayList::isEmpty	1055960	1232be: 6e10 acd5 0000                         |0009: invoke-virtual {v0}, Ljava/util/ArrayList;.isEmpty:()Z // method@d5ac
decompiled/baksmali/vdexExtractor/services/disassembly.log	routeToTvInputFromPortId	com.android.server.hdmi.HdmiCecLocalDeviceAudioSystem::switchToHomeTvInput	1068907	20edee: 7010 4f7c 0300                         |0017: invoke-direct {v3}, Lcom/android/server/hdmi/HdmiCecLocalDeviceAudioSystem;.switchToHomeTvInput:()V // method@7c4f
decompiled/baksmali/vdexExtractor/services/disassembly.log	run	ambda$LockTaskController$HCwwKEV1_Hy1M3bHXdwhoMEXmJM::f$0	147883	0cc444: 5420 ed1b                              |0000: iget-object v0, v2, Lcom/android/server/am/-$$Lambda$LockTaskController$HCwwKEV1_Hy1M3bHXdwhoMEXmJM;.f$0:Lcom/android/server/am/LockTaskController; // field@1bed
decompiled/baksmali/vdexExtractor/services/disassembly.log	run	ambda$LockTaskController$HCwwKEV1_Hy1M3bHXdwhoMEXmJM::f$1	147884	0cc448: 5221 ee1b                              |0002: iget v1, v2, Lcom/android/server/am/-$$Lambda$LockTaskController$HCwwKEV1_Hy1M3bHXdwhoMEXmJM;.f$1:I // field@1bee
decompiled/baksmali/vdexExtractor/services/disassembly.log	run	com.android.server.policy.PhoneWindowManager::mHomeDoubleTapPending	557268	312b56: 5500 7a55                              |0002: iget-boolean v0, v0, Lcom/android/server/policy/PhoneWindowManager;.mHomeDoubleTapPending:Z // field@557a
decompiled/baksmali/vdexExtractor/services/disassembly.log	run	com.android.server.policy.PhoneWindowManager::mHomeDoubleTapPending	557272	312b64: 5c01 7a55                              |0009: iput-boolean v1, v0, Lcom/android/server/policy/PhoneWindowManager;.mHomeDoubleTapPending:Z // field@557a
decompiled/baksmali/vdexExtractor/services/disassembly.log	runNoHomeScreen	android.content.res.Resources::getBoolean	166842	110726: 6e20 090a 1000                         |000b: invoke-virtual {v0, v1}, Landroid/content/res/Resources;.getBoolean:(I)Z // method@0a09
decompiled/baksmali/vdexExtractor/services/disassembly.log	runNoHomeScreen	com.android.server.am.ActivityManagerShellCommand::getResources	166836	110710: 7020 164f 3200                         |0000: invoke-direct {v2, v3}, Lcom/android/server/am/ActivityManagerShellCommand;.getResources:(Ljava/io/PrintWriter;)Landroid/content/res/Resources; // method@4f16
decompiled/baksmali/vdexExtractor/services/disassembly.log	runNoHomeScreen	java.io.PrintWriter::println	166844	11072e: 6e20 19d3 1300                         |000f: invoke-virtual {v3, v1}, Ljava/io/PrintWriter;.println:(Z)V // method@d319
decompiled/baksmali/vdexExtractor/services/disassembly.log	runSetHomeActivity	android.content.ComponentName::unflattenFromString	500915	2dbdfe: 7110 b205 0300                         |0048: invoke-static {v3}, Landroid/content/ComponentName;.unflattenFromString:(Ljava/lang/String;)Landroid/content/ComponentName; // method@05b2
decompiled/baksmali/vdexExtractor/services/disassembly.log	runSetHomeActivity	android.content.pm.IPackageManager::setHomeActivity	500924	2dbe1e: 7230 c307 6702                         |0058: invoke-interface {v7, v6, v2}, Landroid/content/pm/IPackageManager;.setHomeActivity:(Landroid/content/ComponentName;I)V // method@07c3
decompiled/baksmali/vdexExtractor/services/disassembly.log	runSetHomeActivity	android.os.UserHandle::parseUserArg	500909	2dbde8: 7110 b624 0300                         |003d: invoke-static {v3}, Landroid/os/UserHandle;.parseUserArg:(Ljava/lang/String;)I // method@24b6
decompiled/baksmali/vdexExtractor/services/disassembly.log	runSetHomeActivity	com.android.server.pm.PackageManagerShellCommand::getNextArg	500912	2dbdf2: 6e10 f1a1 0800                         |0042: invoke-virtual {v8}, Lcom/android/server/pm/PackageManagerShellCommand;.getNextArg:()Ljava/lang/String; // method@a1f1
decompiled/baksmali/vdexExtractor/services/disassembly.log	runSetHomeActivity	com.android.server.pm.PackageManagerShellCommand::getNextArgRequired	500907	2dbde0: 6e10 f2a1 0800                         |0039: invoke-virtual {v8}, Lcom/android/server/pm/PackageManagerShellCommand;.getNextArgRequired:()Ljava/lang/String; // method@a1f2
decompiled/baksmali/vdexExtractor/services/disassembly.log	runSetHomeActivity	com.android.server.pm.PackageManagerShellCommand::getNextOption	500881	2dbd7a: 6e10 f3a1 0800                         |0006: invoke-virtual {v8}, Lcom/android/server/pm/PackageManagerShellCommand;.getNextOption:()Ljava/lang/String; // method@a1f3
decompiled/baksmali/vdexExtractor/services/disassembly.log	runSetHomeActivity	com.android.server.pm.PackageManagerShellCommand::getOutPrintWriter	500877	2dbd6e: 6e10 f5a1 0800                         |0000: invoke-virtual {v8}, Lcom/android/server/pm/PackageManagerShellCommand;.getOutPrintWriter:()Ljava/io/PrintWriter; // method@a1f5
decompiled/baksmali/vdexExtractor/services/disassembly.log	runSetHomeActivity	com.android.server.pm.PackageManagerShellCommand::mInterface	500923	2dbe1a: 5487 2a50                              |0056: iget-object v7, v8, Lcom/android/server/pm/PackageManagerShellCommand;.mInterface:Landroid/content/pm/IPackageManager; // field@502a
decompiled/baksmali/vdexExtractor/services/disassembly.log	runSetHomeActivity	java.io.PrintWriter::println	500905	2dbdd8: 6e20 18d3 1000                         |0035: invoke-virtual {v0, v1}, Ljava/io/PrintWriter;.println:(Ljava/lang/String;)V // method@d318
decompiled/baksmali/vdexExtractor/services/disassembly.log	runSetHomeActivity	java.io.PrintWriter::println	500921	2dbe12: 6e20 18d3 1000                         |0052: invoke-virtual {v0, v1}, Ljava/io/PrintWriter;.println:(Ljava/lang/String;)V // method@d318
decompiled/baksmali/vdexExtractor/services/disassembly.log	runSetHomeActivity	java.io.PrintWriter::println	500926	2dbe28: 6e20 18d3 7000                         |005d: invoke-virtual {v0, v7}, Ljava/io/PrintWriter;.println:(Ljava/lang/String;)V // method@d318
decompiled/baksmali/vdexExtractor/services/disassembly.log	runSetHomeActivity	java.io.PrintWriter::println	500931	2dbe3a: 6e20 18d3 7000                         |0066: invoke-virtual {v0, v7}, Ljava/io/PrintWriter;.println:(Ljava/lang/String;)V // method@d318
decompiled/baksmali/vdexExtractor/services/disassembly.log	runSetHomeActivity	java.lang.Exception::toString	500929	2dbe32: 6e10 6ad3 0100                         |0062: invoke-virtual {v1}, Ljava/lang/Exception;.toString:()Ljava/lang/String; // method@d36a
decompiled/baksmali/vdexExtractor/services/disassembly.log	runSetHomeActivity	java.lang.String::equals	500893	2dbda4: 6e20 ffd3 6400                         |001b: invoke-virtual {v4, v6}, Ljava/lang/String;.equals:(Ljava/lang/Object;)Z // method@d3ff
decompiled/baksmali/vdexExtractor/services/disassembly.log	runSetHomeActivity	java.lang.String::hashCode	500887	2dbd8c: 6e10 06d4 0400                         |000f: invoke-virtual {v4}, Ljava/lang/String;.hashCode:()I // method@d406
decompiled/baksmali/vdexExtractor/services/disassembly.log	runSetHomeActivity	java.lang.StringBuilder::<init>	500899	2dbdba: 7010 36d4 0100                         |0026: invoke-direct {v1}, Ljava/lang/StringBuilder;.<init>:()V // method@d436
decompiled/baksmali/vdexExtractor/services/disassembly.log	runSetHomeActivity	java.lang.StringBuilder::append	500901	2dbdc4: 6e20 41d4 3100                         |002b: invoke-virtual {v1, v3}, Ljava/lang/StringBuilder;.append:(Ljava/lang/String;)Ljava/lang/StringBuilder; // method@d441
decompiled/baksmali/vdexExtractor/services/disassembly.log	runSetHomeActivity	java.lang.StringBuilder::append	500902	2dbdca: 6e20 41d4 4100                         |002e: invoke-virtual {v1, v4}, Ljava/lang/StringBuilder;.append:(Ljava/lang/String;)Ljava/lang/StringBuilder; // method@d441
decompiled/baksmali/vdexExtractor/services/disassembly.log	runSetHomeActivity	java.lang.StringBuilder::toString	500903	2dbdd0: 6e10 48d4 0100                         |0031: invoke-virtual {v1}, Ljava/lang/StringBuilder;.toString:()Ljava/lang/String; // method@d448
decompiled/baksmali/vdexExtractor/services/disassembly.log	sendConfigurationAndStartDreamOrDockAppLocked	com.android.server.UiModeManagerService::buildHomeIntent	726787	0a6e84: 7110 f841 0f00                         |0009: invoke-static {v15}, Lcom/android/server/UiModeManagerService;.buildHomeIntent:(Ljava/lang/String;)Landroid/content/Intent; // method@41f8
decompiled/baksmali/vdexExtractor/services/disassembly.log	sendSessionCommitBroadcast	com.android.server.pm.PackageManagerService::getDefaultHomeActivity	966484	2d3cda: 7020 09a0 2700                         |0010: invoke-direct {v7, v2}, Lcom/android/server/pm/PackageManagerService;.getDefaultHomeActivity:(I)Landroid/content/ComponentName; // method@a009
decompiled/baksmali/vdexExtractor/services/disassembly.log	setActivityType	com.android.server.am.ActivityRecord::canLaunchHomeActivity	1049809	118c42: 7030 c24f 750a                         |0004: invoke-direct {v5, v7, v10}, Lcom/android/server/am/ActivityRecord;.canLaunchHomeActivity:(ILcom/android/server/am/ActivityRecord;)Z // method@4fc2
decompiled/baksmali/vdexExtractor/services/disassembly.log	setActivityType	com.android.server.am.ActivityRecord::isHomeIntent	1049812	118c4e: 7020 0250 8500                         |000a: invoke-direct {v5, v8}, Lcom/android/server/am/ActivityRecord;.isHomeIntent:(Landroid/content/Intent;)Z // method@5002
decompiled/baksmali/vdexExtractor/services/disassembly.log	setHomeActivity	android.content.ComponentName::<init>	966938	2d53d2: 7030 a505 7608                         |002b: invoke-direct {v6, v7, v8}, Landroid/content/ComponentName;.<init>:(Ljava/lang/String;Ljava/lang/String;)V // method@05a5
decompiled/baksmali/vdexExtractor/services/disassembly.log	setHomeActivity	android.content.ComponentName::equals	966941	2d53e0: 6e20 a905 b600                         |0032: invoke-virtual {v6, v11}, Landroid/content/ComponentName;.equals:(Ljava/lang/Object;)Z // method@05a9
decompiled/baksmali/vdexExtractor/services/disassembly.log	setHomeActivity	android.content.pm.ActivityInfo::name	966937	2d53ce: 5458 5101                              |0029: iget-object v8, v5, Landroid/content/pm/ActivityInfo;.name:Ljava/lang/String; // field@0151
decompiled/baksmali/vdexExtractor/services/disassembly.log	setHomeActivity	android.content.pm.ActivityInfo::packageName	966936	2d53ca: 5457 5301                              |0027: iget-object v7, v5, Landroid/content/pm/ActivityInfo;.packageName:Ljava/lang/String; // field@0153
decompiled/baksmali/vdexExtractor/services/disassembly.log	setHomeActivity	android.content.pm.ResolveInfo::activityInfo	966934	2d53c2: 5445 b202                              |0023: iget-object v5, v4, Landroid/content/pm/ResolveInfo;.activityInfo:Landroid/content/pm/ActivityInfo; // field@02b2
decompiled/baksmali/vdexExtractor/services/disassembly.log	setHomeActivity	android.os.Binder::getCallingUid	966916	2d537c: 7100 f11f 0000                         |0000: invoke-static {}, Landroid/os/Binder;.getCallingUid:()I // method@1ff1
decompiled/baksmali/vdexExtractor/services/disassembly.log	setHomeActivity	com.android.server.pm.PackageManagerService::getHomeActivitiesAsUser	966924	2d539c: 6e30 12a0 0a0c                         |0010: invoke-virtual {v10, v0, v12}, Lcom/android/server/pm/PackageManagerService;.getHomeActivitiesAsUser:(Ljava/util/List;I)Landroid/content/ComponentName; // method@a012
decompiled/baksmali/vdexExtractor/services/disassembly.log	setHomeActivity	com.android.server.pm.PackageManagerService::getHomeFilter	966948	2d53f8: 7010 13a0 0a00                         |003e: invoke-direct {v10}, Lcom/android/server/pm/PackageManagerService;.getHomeFilter:()Landroid/content/IntentFilter; // method@a013
decompiled/baksmali/vdexExtractor/services/disassembly.log	setHomeActivity	com.android.server.pm.PackageManagerService::getInstantAppPackageName	966918	2d5384: 7020 1fa0 0a00                         |0004: invoke-direct {v10, v0}, Lcom/android/server/pm/PackageManagerService;.getInstantAppPackageName:(I)Ljava/lang/String; // method@a01f
decompiled/baksmali/vdexExtractor/services/disassembly.log	setHomeActivity	com.android.server.pm.PackageManagerService::replacePreferredActivity	966955	2d540c: 7406 1da1 0300                         |0048: invoke-virtual/range {v3, v4, v5, v6, v7, v8}, Lcom/android/server/pm/PackageManagerService;.replacePreferredActivity:(Landroid/content/IntentFilter;I[Landroid/content/ComponentName;Landroid/content/ComponentName;I)V // method@a11d
decompiled/baksmali/vdexExtractor/services/disassembly.log	setHomeActivity	java.lang.IllegalArgumentException::<init>	966968	2d544a: 7020 74d3 4300                         |0067: invoke-direct {v3, v4}, Ljava/lang/IllegalArgumentException;.<init>:(Ljava/lang/String;)V // method@d374
decompiled/baksmali/vdexExtractor/services/disassembly.log	setHomeActivity	java.lang.StringBuilder::<init>	966959	2d541c: 7010 36d4 0400                         |0050: invoke-direct {v4}, Ljava/lang/StringBuilder;.<init>:()V // method@d436
decompiled/baksmali/vdexExtractor/services/disassembly.log	setHomeActivity	java.lang.StringBuilder::append	966961	2d5426: 6e20 41d4 5400                         |0055: invoke-virtual {v4, v5}, Ljava/lang/StringBuilder;.append:(Ljava/lang/String;)Ljava/lang/StringBuilder; // method@d441
decompiled/baksmali/vdexExtractor/services/disassembly.log	setHomeActivity	java.lang.StringBuilder::append	966962	2d542c: 6e20 40d4 b400                         |0058: invoke-virtual {v4, v11}, Ljava/lang/StringBuilder;.append:(Ljava/lang/Object;)Ljava/lang/StringBuilder; // method@d440
decompiled/baksmali/vdexExtractor/services/disassembly.log	setHomeActivity	java.lang.StringBuilder::append	966964	2d5436: 6e20 41d4 5400                         |005d: invoke-virtual {v4, v5}, Ljava/lang/StringBuilder;.append:(Ljava/lang/String;)Ljava/lang/StringBuilder; // method@d441
decompiled/baksmali/vdexExtractor/services/disassembly.log	setHomeActivity	java.lang.StringBuilder::append	966965	2d543c: 6e20 3cd4 c400                         |0060: invoke-virtual {v4, v12}, Ljava/lang/StringBuilder;.append:(I)Ljava/lang/StringBuilder; // method@d43c
decompiled/baksmali/vdexExtractor/services/disassembly.log	setHomeActivity	java.lang.StringBuilder::toString	966966	2d5442: 6e10 48d4 0400                         |0063: invoke-virtual {v4}, Ljava/lang/StringBuilder;.toString:()Ljava/lang/String; // method@d448
decompiled/baksmali/vdexExtractor/services/disassembly.log	setHomeActivity	java.util.ArrayList::<init>	966923	2d5396: 7010 9dd5 0000                         |000d: invoke-direct {v0}, Ljava/util/ArrayList;.<init>:()V // method@d59d
decompiled/baksmali/vdexExtractor/services/disassembly.log	setHomeActivity	java.util.ArrayList::get	966931	2d53b6: 6e20 aad5 3000                         |001d: invoke-virtual {v0, v3}, Ljava/util/ArrayList;.get:(I)Ljava/lang/Object; // method@d5aa
decompiled/baksmali/vdexExtractor/services/disassembly.log	setHomeActivity	java.util.ArrayList::size	966926	2d53a4: 6e10 b4d5 0000                         |0014: invoke-virtual {v0}, Ljava/util/ArrayList;.size:()I // method@d5b4
decompiled/baksmali/vdexExtractor/services/disassembly.log	setMinimizedDockedStack	com.android.server.wm.DockedStackDividerController::isHomeStackResizable	660181	39e482: 6e10 94c8 0600                         |000c: invoke-virtual {v6}, Lcom/android/server/wm/DockedStackDividerController;.isHomeStackResizable:()Z // method@c894
decompiled/baksmali/vdexExtractor/services/disassembly.log	setMinimizedDockedStack	com.android.server.wm.DockedStackDividerController::isHomeStackResizable	660232	39d384: 6e10 94c8 0300                         |0006: invoke-virtual {v3}, Lcom/android/server/wm/DockedStackDividerController;.isHomeStackResizable:()Z // method@c894
decompiled/baksmali/vdexExtractor/services/disassembly.log	setTargetStackAndMoveToFrontIfNeeded	com.android.server.am.ActivityStack::isActivityTypeHome	173652	129834: 6e10 d250 0500                         |00c7: invoke-virtual {v5}, Lcom/android/server/am/ActivityStack;.isActivityTypeHome:()Z // method@50d2
decompiled/baksmali/vdexExtractor/services/disassembly.log	setTargetStackAndMoveToFrontIfNeeded	com.android.server.am.ActivityStack::isActivityTypeHome	173656	129844: 6e10 d250 0700                         |00cf: invoke-virtual {v7}, Lcom/android/server/am/ActivityStack;.isActivityTypeHome:()Z // method@50d2
decompiled/baksmali/vdexExtractor/services/disassembly.log	setTouchExcludeRegion	com.android.server.wm.Task::isActivityTypeHome	1085809	3b055c: 6e10 34cb 0100                         |001f: invoke-virtual {v1}, Lcom/android/server/wm/Task;.isActivityTypeHome:()Z // method@cb34
decompiled/baksmali/vdexExtractor/services/disassembly.log	setTouchExcludeRegion	com.android.server.wm.TaskStack::isMinimizedDockAndHomeStackResizable	1085812	3b0568: 7010 51cc 0700                         |0025: invoke-direct {v7}, Lcom/android/server/wm/TaskStack;.isMinimizedDockAndHomeStackResizable:()Z // method@cc51
decompiled/baksmali/vdexExtractor/services/disassembly.log	setWindowManager	com.android.server.am.ActivityStackSupervisor::mHomeStack	797089	1205aa: 5b82 0a21                              |005b: iput-object v2, v8, Lcom/android/server/am/ActivityStackSupervisor;.mHomeStack:Lcom/android/server/am/ActivityStack; // field@210a
decompiled/baksmali/vdexExtractor/services/disassembly.log	shortPressPowerGoHome	com.android.server.policy.PhoneWindowManager::isKeyguardShowingAndNotOccluded	979813	31e50e: 6e10 18ac 0200                         |0005: invoke-virtual {v2}, Lcom/android/server/policy/PhoneWindowManager;.isKeyguardShowingAndNotOccluded:()Z // method@ac18
decompiled/baksmali/vdexExtractor/services/disassembly.log	shortPressPowerGoHome	com.android.server.policy.PhoneWindowManager::launchHomeFromHotKey	979812	31e508: 6e30 34ac 0201                         |0002: invoke-virtual {v2, v0, v1}, Lcom/android/server/policy/PhoneWindowManager;.launchHomeFromHotKey:(ZZ)V // method@ac34
decompiled/baksmali/vdexExtractor/services/disassembly.log	shortPressPowerGoHome	com.android.server.policy.PhoneWindowManager::mKeyguardDelegate	979816	31e51a: 5420 8755                              |000b: iget-object v0, v2, Lcom/android/server/policy/PhoneWindowManager;.mKeyguardDelegate:Lcom/android/server/policy/keyguard/KeyguardServiceDelegate; // field@5587
decompiled/baksmali/vdexExtractor/services/disassembly.log	shortPressPowerGoHome	com.android.server.policy.keyguard.KeyguardServiceDelegate::onShortPowerPressedGoHome	979817	31e51e: 6e10 80ae 0000                         |000d: invoke-virtual {v0}, Lcom/android/server/policy/keyguard/KeyguardServiceDelegate;.onShortPowerPressedGoHome:()V // method@ae80
decompiled/baksmali/vdexExtractor/services/disassembly.log	shouldDeferStartOnMoveToFullscreen	com.android.server.wm.DisplayContent::getHomeStack	1085857	3aeb20: 6e10 e0c7 0100                         |0016: invoke-virtual {v1}, Lcom/android/server/wm/DisplayContent;.getHomeStack:()Lcom/android/server/wm/TaskStack; // method@c7e0
decompiled/baksmali/vdexExtractor/services/disassembly.log	shouldIgnoreInput	com.android.server.wm.TaskStack::isMinimizedDockAndHomeStackResizable	1085899	3aebe0: 7010 51cc 0100                         |000c: invoke-direct {v1}, Lcom/android/server/wm/TaskStack;.isMinimizedDockAndHomeStackResizable:()Z // method@cc51
decompiled/baksmali/vdexExtractor/services/disassembly.log	shouldPersistTaskLocked	com.android.server.am.ActivityStack::isHomeOrRecentsStack	207988	149c92: 6e10 d950 0000                         |000a: invoke-virtual {v0}, Lcom/android/server/am/ActivityStack;.isHomeOrRecentsStack:()Z // method@50d9
decompiled/baksmali/vdexExtractor/services/disassembly.log	sleepPress	com.android.server.policy.PhoneWindowManager::launchHomeFromHotKey	980043	31e64e: 6e30 34ac 0201                         |0006: invoke-virtual {v2, v0, v1}, Lcom/android/server/policy/PhoneWindowManager;.launchHomeFromHotKey:(ZZ)V // method@ac34
decompiled/baksmali/vdexExtractor/services/disassembly.log	snapDockedStackAfterRotation	com.android.server.wm.TaskStack::isMinimizedDockAndHomeStackResizable	1084101	3b06c6: 7601 51cc 1500                         |004c: invoke-direct/range {v21}, Lcom/android/server/wm/TaskStack;.isMinimizedDockAndHomeStackResizable:()Z // method@cc51
decompiled/baksmali/vdexExtractor/services/disassembly.log	startActivityFromRecents	com.android.server.am.ActivityStack::isActivityTypeHome	797237	11d836: 6e10 d250 0500                         |00b2: invoke-virtual {v5}, Lcom/android/server/am/ActivityStack;.isActivityTypeHome:()Z // method@50d2
decompiled/baksmali/vdexExtractor/services/disassembly.log	startActivityFromRecents	com.android.server.am.ActivityStack::isActivityTypeHome	797300	11d930: 6e10 d250 0800                         |012f: invoke-virtual {v8}, Lcom/android/server/am/ActivityStack;.isActivityTypeHome:()Z // method@50d2
decompiled/baksmali/vdexExtractor/services/disassembly.log	startActivityFromRecents	com.android.server.am.ActivityStack::isActivityTypeHome	797370	11da26: 6e10 d250 0500                         |01aa: invoke-virtual {v5}, Lcom/android/server/am/ActivityStack;.isActivityTypeHome:()Z // method@50d2
decompiled/baksmali/vdexExtractor/services/disassembly.log	startActivityFromRecents	com.android.server.am.ActivityStackSupervisor::continueUpdateRecentsHomeStackBounds	797334	11d99c: 7401 7b51 1a00                         |0165: invoke-virtual/range {v26}, Lcom/android/server/am/ActivityStackSupervisor;.continueUpdateRecentsHomeStackBounds:()V // method@517b
decompiled/baksmali/vdexExtractor/services/disassembly.log	startActivityFromRecents	com.android.server.am.ActivityStackSupervisor::deferUpdateRecentsHomeStackBounds	797170	11d740: 7401 7f51 1a00                         |0037: invoke-virtual/range {v26}, Lcom/android/server/am/ActivityStackSupervisor;.deferUpdateRecentsHomeStackBounds:()V // method@517f
decompiled/baksmali/vdexExtractor/services/disassembly.log	startActivityFromRecents	com.android.server.am.ActivityStackSupervisor::moveHomeStackToFront	797191	11d788: 6e20 d651 3100                         |005b: invoke-virtual {v1, v3}, Lcom/android/server/am/ActivityStackSupervisor;.moveHomeStackToFront:(Ljava/lang/String;)V // method@51d6
decompiled/baksmali/vdexExtractor/services/disassembly.log	startActivityFromRecents	com.android.server.am.ActivityStackSupervisor::moveHomeStackToFront	797241	11d848: 6e20 d651 7100                         |00bb: invoke-virtual {v1, v7}, Lcom/android/server/am/ActivityStackSupervisor;.moveHomeStackToFront:(Ljava/lang/String;)V // method@51d6
decompiled/baksmali/vdexExtractor/services/disassembly.log	startActivityFromRecents	com.android.server.am.ActivityStackSupervisor::moveHomeStackToFront	797304	11d942: 6e20 d651 9100                         |0138: invoke-virtual {v1, v9}, Lcom/android/server/am/ActivityStackSupervisor;.moveHomeStackToFront:(Ljava/lang/String;)V // method@51d6
decompiled/baksmali/vdexExtractor/services/disassembly.log	startActivityFromRecents	com.android.server.am.ActivityStackSupervisor::moveHomeStackToFront	797374	11da38: 6e20 d651 7100                         |01b3: invoke-virtual {v1, v7}, Lcom/android/server/am/ActivityStackSupervisor;.moveHomeStackToFront:(Ljava/lang/String;)V // method@51d6
decompiled/baksmali/vdexExtractor/services/disassembly.log	startActivityLocked	com.android.server.am.ActivityStack::isHomeOrRecentsStack	1061027	12797e: 6e10 d950 0a00                         |006d: invoke-virtual {v10}, Lcom/android/server/am/ActivityStack;.isHomeOrRecentsStack:()Z // method@50d9
decompiled/baksmali/vdexExtractor/services/disassembly.log	startAnimation	com.android.server.wm.RecentsAnimationController::mMinimizedHomeBounds	666704	3a49ba: 5473 8767                              |005c: iget-object v3, v7, Lcom/android/server/wm/RecentsAnimationController;.mMinimizedHomeBounds:Landroid/graphics/Rect; // field@6787
decompiled/baksmali/vdexExtractor/services/disassembly.log	startConfirmDeviceCredentialIntent	com.android.server.am.ActivityStackSupervisor::getHomeActivity	783723	10800a: 6e10 a051 0300                         |0024: invoke-virtual {v3}, Lcom/android/server/am/ActivityStackSupervisor;.getHomeActivity:()Lcom/android/server/am/ActivityRecord; // method@51a0
decompiled/baksmali/vdexExtractor/services/disassembly.log	startDockOrHome	android.app.ActivityManager::getService	988387	31e6e6: 7100 ab00 0000                         |0000: invoke-static {}, Landroid/app/ActivityManager;.getService:()Landroid/app/IActivityManager; // method@00ab
decompiled/baksmali/vdexExtractor/services/disassembly.log	startDockOrHome	android.app.IActivityManager::stopAppSwitches	988389	31e6ee: 7210 2802 0000                         |0004: invoke-interface {v0}, Landroid/app/IActivityManager;.stopAppSwitches:()V // method@0228
decompiled/baksmali/vdexExtractor/services/disassembly.log	startDockOrHome	android.content.Intent::<init>	988419	31e75c: 7020 3706 2100                         |003b: invoke-direct {v1, v2}, Landroid/content/Intent;.<init>:(Landroid/content/Intent;)V // method@0637
decompiled/baksmali/vdexExtractor/services/disassembly.log	startDockOrHome	android.content.Intent::putExtra	988401	31e720: 6e30 7106 1004                         |001d: invoke-virtual {v0, v1, v4}, Landroid/content/Intent;.putExtra:(Ljava/lang/String;Z)Landroid/content/Intent; // method@0671
decompiled/baksmali/vdexExtractor/services/disassembly.log	startDockOrHome	android.content.Intent::putExtra	988421	31e766: 6e30 7106 2104                         |0040: invoke-virtual {v1, v2, v4}, Landroid/content/Intent;.putExtra:(Ljava/lang/String;Z)Landroid/content/Intent; // method@0671
decompiled/baksmali/vdexExtractor/services/disassembly.log	startDockOrHome	android.os.UserHandle::CURRENT	988405	31e72c: 6201 2e0b                              |0023: sget-object v1, Landroid/os/UserHandle;.CURRENT:Landroid/os/UserHandle; // field@0b2e
decompiled/baksmali/vdexExtractor/services/disassembly.log	startDockOrHome	android.os.UserHandle::CURRENT	988426	31e77c: 6202 2e0b                              |004b: sget-object v2, Landroid/os/UserHandle;.CURRENT:Landroid/os/UserHandle; // field@0b2e
decompiled/baksmali/vdexExtractor/services/disassembly.log	startDockOrHome	com.android.server.policy.PhoneWindowManager::awakenDreams	988395	31e706: 7100 96ab 0000                         |0010: invoke-static {}, Lcom/android/server/policy/PhoneWindowManager;.awakenDreams:()V // method@ab96
decompiled/baksmali/vdexExtractor/services/disassembly.log	startDockOrHome	com.android.server.policy.PhoneWindowManager::createHomeDockIntent	988396	31e70c: 6e10 acab 0300                         |0013: invoke-virtual {v3}, Lcom/android/server/policy/PhoneWindowManager;.createHomeDockIntent:()Landroid/content/Intent; // method@abac
decompiled/baksmali/vdexExtractor/services/disassembly.log	startDockOrHome	com.android.server.policy.PhoneWindowManager::mContext	988411	31e73e: 5432 4155                              |002c: iget-object v2, v3, Lcom/android/server/policy/PhoneWindowManager;.mContext:Landroid/content/Context; // field@5541
decompiled/baksmali/vdexExtractor/services/disassembly.log	startDockOrHome	com.android.server.policy.PhoneWindowManager::mHomeIntent	988418	31e758: 5432 7c55                              |0039: iget-object v2, v3, Lcom/android/server/policy/PhoneWindowManager;.mHomeIntent:Landroid/content/Intent; // field@557c
decompiled/baksmali/vdexExtractor/services/disassembly.log	startDockOrHome	com.android.server.policy.PhoneWindowManager::mHomeIntent	988423	31e76e: 5431 7c55                              |0044: iget-object v1, v3, Lcom/android/server/policy/PhoneWindowManager;.mHomeIntent:Landroid/content/Intent; // field@557c
decompiled/baksmali/vdexExtractor/services/disassembly.log	startDockOrHome	com.android.server.policy.PhoneWindowManager::mVendorCallbacks	988410	31e73a: 5431 1456                              |002a: iget-object v1, v3, Lcom/android/server/policy/PhoneWindowManager;.mVendorCallbacks:[Lcom/android/server/policy/VendorPhoneWindowManagerCallback; // field@5614
decompiled/baksmali/vdexExtractor/services/disassembly.log	startDockOrHome	com.android.server.policy.PhoneWindowManager::mVendorCallbacks	988424	31e772: 5432 1456                              |0046: iget-object v2, v3, Lcom/android/server/policy/PhoneWindowManager;.mVendorCallbacks:[Lcom/android/server/policy/VendorPhoneWindowManagerCallback; // field@5614
decompiled/baksmali/vdexExtractor/services/disassembly.log	startDockOrHome	com.android.server.policy.PhoneWindowManager::sendCloseSystemWindows	988393	31e6fc: 6e20 67ac 0300                         |000b: invoke-virtual {v3, v0}, Lcom/android/server/policy/PhoneWindowManager;.sendCloseSystemWindows:(Ljava/lang/String;)V // method@ac67
decompiled/baksmali/vdexExtractor/services/disassembly.log	startDockOrHome	com.android.server.policy.PhoneWindowManager::startActivityAsUser	988406	31e730: 7030 90ac 0301                         |0025: invoke-direct {v3, v0, v1}, Lcom/android/server/policy/PhoneWindowManager;.startActivityAsUser:(Landroid/content/Intent;Landroid/os/UserHandle;)V // method@ac90
decompiled/baksmali/vdexExtractor/services/disassembly.log	startDockOrHome	com.android.server.policy.PhoneWindowManager::startActivityAsUser	988427	31e780: 7030 90ac 1302                         |004d: invoke-direct {v3, v1, v2}, Lcom/android/server/policy/PhoneWindowManager;.startActivityAsUser:(Landroid/content/Intent;Landroid/os/UserHandle;)V // method@ac90
decompiled/baksmali/vdexExtractor/services/disassembly.log	startDockOrHome	com.android.server.policy.VendorPhoneWindowManagerCallback::callCustomDockOrHome	988412	31e742: 7120 17ad 2100                         |002e: invoke-static {v1, v2}, Lcom/android/server/policy/VendorPhoneWindowManagerCallback;.callCustomDockOrHome:([Lcom/android/server/policy/VendorPhoneWindowManagerCallback;Landroid/content/Context;)Z // method@ad17
decompiled/baksmali/vdexExtractor/services/disassembly.log	startDockOrHome	com.android.server.policy.VendorPhoneWindowManagerCallback::callOnStartDockOrHome	988425	31e776: 7120 29ad 1200                         |0048: invoke-static {v2, v1}, Lcom/android/server/policy/VendorPhoneWindowManagerCallback;.callOnStartDockOrHome:([Lcom/android/server/policy/VendorPhoneWindowManagerCallback;Landroid/content/Intent;)V // method@ad29
decompiled/baksmali/vdexExtractor/services/disassembly.log	startHomeActivity	com.android.server.am.ActivityManagerService::boostPriorityForLockedSection	216445	155c4a: 7100 444c 0000                         |0003: invoke-static {}, Lcom/android/server/am/ActivityManagerService;.boostPriorityForLockedSection:()V // method@4c44
decompiled/baksmali/vdexExtractor/services/disassembly.log	startHomeActivity	com.android.server.am.ActivityManagerService::resetPriorityAfterLockedSection	216449	155c5c: 7100 fc4d 0000                         |000c: invoke-static {}, Lcom/android/server/am/ActivityManagerService;.resetPriorityAfterLockedSection:()V // method@4dfc
decompiled/baksmali/vdexExtractor/services/disassembly.log	startHomeActivity	com.android.server.am.ActivityManagerService::resetPriorityAfterLockedSection	216453	155c68: 7100 fc4d 0000                         |0012: invoke-static {}, Lcom/android/server/am/ActivityManagerService;.resetPriorityAfterLockedSection:()V // method@4dfc
decompiled/baksmali/vdexExtractor/services/disassembly.log	startHomeActivity	com.android.server.am.ActivityManagerService::startHomeActivityLocked	216447	155c54: 6e30 694e 3104                         |0008: invoke-virtual {v1, v3, v4}, Lcom/android/server/am/ActivityManagerService;.startHomeActivityLocked:(ILjava/lang/String;)Z // method@4e69
decompiled/baksmali/vdexExtractor/services/disassembly.log	startHomeActivity	com.android.server.am.ActivityStackSupervisor::inResumeTopActivity	171866	1289a6: 5500 f620                              |0038: iget-boolean v0, v0, Lcom/android/server/am/ActivityStackSupervisor;.inResumeTopActivity:Z // field@20f6
decompiled/baksmali/vdexExtractor/services/disassembly.log	startHomeActivity	com.android.server.am.ActivityStackSupervisor::moveHomeStackTaskToTop	171841	12893a: 6e20 d551 5000                         |0002: invoke-virtual {v0, v5}, Lcom/android/server/am/ActivityStackSupervisor;.moveHomeStackTaskToTop:(Ljava/lang/String;)Z // method@51d5
decompiled/baksmali/vdexExtractor/services/disassembly.log	startHomeActivity	com.android.server.am.ActivityStackSupervisor::scheduleResumeTopActivities	171869	1289b2: 6e10 0d52 0000                         |003e: invoke-virtual {v0}, Lcom/android/server/am/ActivityStackSupervisor;.scheduleResumeTopActivities:()V // method@520d
decompiled/baksmali/vdexExtractor/services/disassembly.log	startHomeActivity	com.android.server.am.ActivityStartController::mLastHomeActivityStartRecord	171864	12899e: 5b20 3621                              |0034: iput-object v0, v2, Lcom/android/server/am/ActivityStartController;.mLastHomeActivityStartRecord:Lcom/android/server/am/ActivityRecord; // field@2136
decompiled/baksmali/vdexExtractor/services/disassembly.log	startHomeActivity	com.android.server.am.ActivityStartController::mLastHomeActivityStartResult	171861	128992: 5920 3721                              |002e: iput v0, v2, Lcom/android/server/am/ActivityStartController;.mLastHomeActivityStartResult:I // field@2137
decompiled/baksmali/vdexExtractor/services/disassembly.log	startHomeActivity	com.android.server.am.ActivityStartController::mSupervisor	171840	128936: 5420 3c21                              |0000: iget-object v0, v2, Lcom/android/server/am/ActivityStartController;.mSupervisor:Lcom/android/server/am/ActivityStackSupervisor; // field@213c
decompiled/baksmali/vdexExtractor/services/disassembly.log	startHomeActivity	com.android.server.am.ActivityStartController::mSupervisor	171865	1289a2: 5420 3c21                              |0036: iget-object v0, v2, Lcom/android/server/am/ActivityStartController;.mSupervisor:Lcom/android/server/am/ActivityStackSupervisor; // field@213c
decompiled/baksmali/vdexExtractor/services/disassembly.log	startHomeActivity	com.android.server.am.ActivityStartController::mSupervisor	171868	1289ae: 5420 3c21                              |003c: iget-object v0, v2, Lcom/android/server/am/ActivityStartController;.mSupervisor:Lcom/android/server/am/ActivityStackSupervisor; // field@213c
decompiled/baksmali/vdexExtractor/services/disassembly.log	startHomeActivity	com.android.server.am.ActivityStartController::obtainStarter	171849	128964: 6e30 3852 3200                         |0017: invoke-virtual {v2, v3, v0}, Lcom/android/server/am/ActivityStartController;.obtainStarter:(Landroid/content/Intent;Ljava/lang/String;)Lcom/android/server/am/ActivityStarter; // method@5238
decompiled/baksmali/vdexExtractor/services/disassembly.log	startHomeActivity	com.android.server.am.ActivityStartController::tmpOutRecord	171851	12896c: 5421 3d21                              |001b: iget-object v1, v2, Lcom/android/server/am/ActivityStartController;.tmpOutRecord:[Lcom/android/server/am/ActivityRecord; // field@213d
decompiled/baksmali/vdexExtractor/services/disassembly.log	startHomeActivity	com.android.server.am.ActivityStartController::tmpOutRecord	171862	128996: 5420 3d21                              |0030: iget-object v0, v2, Lcom/android/server/am/ActivityStartController;.tmpOutRecord:[Lcom/android/server/am/ActivityRecord; // field@213d
decompiled/baksmali/vdexExtractor/services/disassembly.log	startHomeActivity	com.android.server.am.ActivityStarter::execute	171859	12898a: 6e10 6452 0000                         |002a: invoke-virtual {v0}, Lcom/android/server/am/ActivityStarter;.execute:()I // method@5264
decompiled/baksmali/vdexExtractor/services/disassembly.log	startHomeActivity	com.android.server.am.ActivityStarter::setActivityInfo	171857	128982: 6e20 7452 4000                         |0026: invoke-virtual {v0, v4}, Lcom/android/server/am/ActivityStarter;.setActivityInfo:(Landroid/content/pm/ActivityInfo;)Lcom/android/server/am/ActivityStarter; // method@5274
decompiled/baksmali/vdexExtractor/services/disassembly.log	startHomeActivity	com.android.server.am.ActivityStarter::setCallingUid	171855	12897a: 6e20 7b52 1000                         |0022: invoke-virtual {v0, v1}, Lcom/android/server/am/ActivityStarter;.setCallingUid:(I)Lcom/android/server/am/ActivityStarter; // method@527b
decompiled/baksmali/vdexExtractor/services/disassembly.log	startHomeActivity	com.android.server.am.ActivityStarter::setOutActivity	171852	128970: 6e20 8552 1000                         |001d: invoke-virtual {v0, v1}, Lcom/android/server/am/ActivityStarter;.setOutActivity:([Lcom/android/server/am/ActivityRecord;)Lcom/android/server/am/ActivityStarter; // method@5285
decompiled/baksmali/vdexExtractor/services/disassembly.log	startHomeActivity	com.android.server.am.UserController$Injector::mService	216443	155c44: 5420 a926                              |0000: iget-object v0, v2, Lcom/android/server/am/UserController$Injector;.mService:Lcom/android/server/am/ActivityManagerService; // field@26a9
decompiled/baksmali/vdexExtractor/services/disassembly.log	startHomeActivity	com.android.server.am.UserController$Injector::mService	216446	155c50: 5421 a926                              |0006: iget-object v1, v2, Lcom/android/server/am/UserController$Injector;.mService:Lcom/android/server/am/ActivityManagerService; // field@26a9
decompiled/baksmali/vdexExtractor/services/disassembly.log	startHomeActivity	java.lang.StringBuilder::<init>	171843	128944: 7010 36d4 0000                         |0007: invoke-direct {v0}, Ljava/lang/StringBuilder;.<init>:()V // method@d436
decompiled/baksmali/vdexExtractor/services/disassembly.log	startHomeActivity	java.lang.StringBuilder::append	171845	128950: 6e20 41d4 1000                         |000d: invoke-virtual {v0, v1}, Ljava/lang/StringBuilder;.append:(Ljava/lang/String;)Ljava/lang/StringBuilder; // method@d441
decompiled/baksmali/vdexExtractor/services/disassembly.log	startHomeActivity	java.lang.StringBuilder::append	171846	128956: 6e20 41d4 5000                         |0010: invoke-virtual {v0, v5}, Ljava/lang/StringBuilder;.append:(Ljava/lang/String;)Ljava/lang/StringBuilder; // method@d441
decompiled/baksmali/vdexExtractor/services/disassembly.log	startHomeActivity	java.lang.StringBuilder::toString	171847	12895c: 6e10 48d4 0000                         |0013: invoke-virtual {v0}, Ljava/lang/StringBuilder;.toString:()Ljava/lang/String; // method@d448
decompiled/baksmali/vdexExtractor/services/disassembly.log	startHomeActivityLocked	android.content.ComponentName::<init>	783768	0e7b26: 7030 a505 4305                         |001f: invoke-direct {v3, v4, v5}, Landroid/content/ComponentName;.<init>:(Ljava/lang/String;Ljava/lang/String;)V // method@05a5
decompiled/baksmali/vdexExtractor/services/disassembly.log	startHomeActivityLocked	android.content.Intent::getFlags	783785	0e7b6e: 6e10 4d06 0000                         |0043: invoke-virtual {v0}, Landroid/content/Intent;.getFlags:()I // method@064d
decompiled/baksmali/vdexExtractor/services/disassembly.log	startHomeActivityLocked	android.content.Intent::setComponent	783769	0e7b2c: 6e20 8406 3000                         |0022: invoke-virtual {v0, v3}, Landroid/content/Intent;.setComponent:(Landroid/content/ComponentName;)Landroid/content/Intent; // method@0684
decompiled/baksmali/vdexExtractor/services/disassembly.log	startHomeActivityLocked	android.content.Intent::setFlags	783789	0e7b7c: 6e20 8806 4000                         |004a: invoke-virtual {v0, v4}, Landroid/content/Intent;.setFlags:(I)Landroid/content/Intent; // method@0688
decompiled/baksmali/vdexExtractor/services/disassembly.log	startHomeActivityLocked	android.content.pm.ActivityInfo::<init>	783771	0e7b36: 7020 0507 2300                         |0027: invoke-direct {v3, v2}, Landroid/content/pm/ActivityInfo;.<init>:(Landroid/content/pm/ActivityInfo;)V // method@0705
decompiled/baksmali/vdexExtractor/services/disassembly.log	startHomeActivityLocked	android.content.pm.ActivityInfo::applicationInfo	783765	0e7b1a: 5424 4201                              |0019: iget-object v4, v2, Landroid/content/pm/ActivityInfo;.applicationInfo:Landroid/content/pm/ApplicationInfo; // field@0142
decompiled/baksmali/vdexExtractor/services/disassembly.log	startHomeActivityLocked	android.content.pm.ActivityInfo::applicationInfo	783773	0e7b3e: 5423 4201                              |002b: iget-object v3, v2, Landroid/content/pm/ActivityInfo;.applicationInfo:Landroid/content/pm/ApplicationInfo; // field@0142
decompiled/baksmali/vdexExtractor/services/disassembly.log	startHomeActivityLocked	android.content.pm.ActivityInfo::applicationInfo	783776	0e7b4a: 5b23 4201                              |0031: iput-object v3, v2, Landroid/content/pm/ActivityInfo;.applicationInfo:Landroid/content/pm/ApplicationInfo; // field@0142
decompiled/baksmali/vdexExtractor/services/disassembly.log	startHomeActivityLocked	android.content.pm.ActivityInfo::applicationInfo	783778	0e7b52: 5424 4201                              |0035: iget-object v4, v2, Landroid/content/pm/ActivityInfo;.applicationInfo:Landroid/content/pm/ApplicationInfo; // field@0142
decompiled/baksmali/vdexExtractor/services/disassembly.log	startHomeActivityLocked	android.content.pm.ActivityInfo::applicationInfo	783790	0e7b82: 5424 4201                              |004d: iget-object v4, v2, Landroid/content/pm/ActivityInfo;.applicationInfo:Landroid/content/pm/ApplicationInfo; // field@0142
decompiled/baksmali/vdexExtractor/services/disassembly.log	startHomeActivityLocked	android.content.pm.ActivityInfo::name	783767	0e7b22: 5425 5101                              |001d: iget-object v5, v2, Landroid/content/pm/ActivityInfo;.name:Ljava/lang/String; // field@0151
decompiled/baksmali/vdexExtractor/services/disassembly.log	startHomeActivityLocked	android.content.pm.ActivityInfo::processName	783777	0e7b4e: 5423 5601                              |0033: iget-object v3, v2, Landroid/content/pm/ActivityInfo;.processName:Ljava/lang/String; // field@0156
decompiled/baksmali/vdexExtractor/services/disassembly.log	startHomeActivityLocked	android.content.pm.ApplicationInfo::packageName	783766	0e7b1e: 5444 7701                              |001b: iget-object v4, v4, Landroid/content/pm/ApplicationInfo;.packageName:Ljava/lang/String; // field@0177
decompiled/baksmali/vdexExtractor/services/disassembly.log	startHomeActivityLocked	android.content.pm.ApplicationInfo::uid	783779	0e7b56: 5244 8b01                              |0037: iget v4, v4, Landroid/content/pm/ApplicationInfo;.uid:I // field@018b
decompiled/baksmali/vdexExtractor/services/disassembly.log	startHomeActivityLocked	android.content.pm.ApplicationInfo::uid	783791	0e7b86: 5244 8b01                              |004f: iget v4, v4, Landroid/content/pm/ApplicationInfo;.uid:I // field@018b
decompiled/baksmali/vdexExtractor/services/disassembly.log	startHomeActivityLocked	android.os.UserHandle::getUserId	783792	0e7b8a: 7110 ac24 0400                         |0051: invoke-static {v4}, Landroid/os/UserHandle;.getUserId:(I)I // method@24ac
decompiled/baksmali/vdexExtractor/services/disassembly.log	startHomeActivityLocked	android.util.Slog::wtf	783818	0e7c06: 7130 7429 4305                         |008f: invoke-static {v3, v4, v5}, Landroid/util/Slog;.wtf:(Ljava/lang/String;Ljava/lang/String;Ljava/lang/Throwable;)I // method@2974
decompiled/baksmali/vdexExtractor/services/disassembly.log	startHomeActivityLocked	com.android.server.am.ActivityManagerService::getAppInfoForUser	783774	0e7b42: 6e30 dc4c 3708                         |002d: invoke-virtual {v7, v3, v8}, Lcom/android/server/am/ActivityManagerService;.getAppInfoForUser:(Landroid/content/pm/ApplicationInfo;I)Landroid/content/pm/ApplicationInfo; // method@4cdc
decompiled/baksmali/vdexExtractor/services/disassembly.log	startHomeActivityLocked	com.android.server.am.ActivityManagerService::getHomeIntent	783758	0e7afe: 6e10 f74c 0700                         |000b: invoke-virtual {v7}, Lcom/android/server/am/ActivityManagerService;.getHomeIntent:()Landroid/content/Intent; // method@4cf7
decompiled/baksmali/vdexExtractor/services/disassembly.log	startHomeActivityLocked	com.android.server.am.ActivityManagerService::getProcessRecordLocked	783780	0e7b5a: 6e40 164d 3714                         |0039: invoke-virtual {v7, v3, v4, v1}, Lcom/android/server/am/ActivityManagerService;.getProcessRecordLocked:(Ljava/lang/String;IZ)Lcom/android/server/am/ProcessRecord; // method@4d16
decompiled/baksmali/vdexExtractor/services/disassembly.log	startHomeActivityLocked	com.android.server.am.ActivityManagerService::mActivityStartController	783805	0e7bca: 5476 a01e                              |0071: iget-object v6, v7, Lcom/android/server/am/ActivityManagerService;.mActivityStartController:Lcom/android/server/am/ActivityStartController; // field@1ea0
decompiled/baksmali/vdexExtractor/services/disassembly.log	startHomeActivityLocked	com.android.server.am.ActivityManagerService::mFactoryTest	783751	0e7ae8: 5270 d61e                              |0000: iget v0, v7, Lcom/android/server/am/ActivityManagerService;.mFactoryTest:I // field@1ed6
decompiled/baksmali/vdexExtractor/services/disassembly.log	startHomeActivityLocked	com.android.server.am.ActivityManagerService::mTopAction	783754	0e7af2: 5470 5a1f                              |0005: iget-object v0, v7, Lcom/android/server/am/ActivityManagerService;.mTopAction:Ljava/lang/String; // field@1f5a
decompiled/baksmali/vdexExtractor/services/disassembly.log	startHomeActivityLocked	com.android.server.am.ActivityManagerService::resolveActivityInfo	783761	0e7b0a: 7040 024e 0782                         |0011: invoke-direct {v7, v0, v2, v8}, Lcom/android/server/am/ActivityManagerService;.resolveActivityInfo:(Landroid/content/Intent;II)Landroid/content/pm/ActivityInfo; // method@4e02
decompiled/baksmali/vdexExtractor/services/disassembly.log	startHomeActivityLocked	com.android.server.am.ActivityStartController::startHomeActivity	783806	0e7bce: 6e40 4152 0652                         |0073: invoke-virtual {v6, v0, v2, v5}, Lcom/android/server/am/ActivityStartController;.startHomeActivity:(Landroid/content/Intent;Landroid/content/pm/ActivityInfo;Ljava/lang/String;)V // method@5241
decompiled/baksmali/vdexExtractor/services/disassembly.log	startHomeActivityLocked	com.android.server.am.ProcessRecord::instr	783783	0e7b66: 5434 8824                              |003f: iget-object v4, v3, Lcom/android/server/am/ProcessRecord;.instr:Lcom/android/server/am/ActiveInstrumentation; // field@2488
decompiled/baksmali/vdexExtractor/services/disassembly.log	startHomeActivityLocked	java.lang.StringBuilder::<init>	783795	0e7b96: 7010 36d4 0500                         |0057: invoke-direct {v5}, Ljava/lang/StringBuilder;.<init>:()V // method@d436
decompiled/baksmali/vdexExtractor/services/disassembly.log	startHomeActivityLocked	java.lang.StringBuilder::<init>	783810	0e7bde: 7010 36d4 0400                         |007b: invoke-direct {v4}, Ljava/lang/StringBuilder;.<init>:()V // method@d436
decompiled/baksmali/vdexExtractor/services/disassembly.log	startHomeActivityLocked	java.lang.StringBuilder::append	783796	0e7b9c: 6e20 41d4 9500                         |005a: invoke-virtual {v5, v9}, Ljava/lang/StringBuilder;.append:(Ljava/lang/String;)Ljava/lang/StringBuilder; // method@d441
decompiled/baksmali/vdexExtractor/services/disassembly.log	startHomeActivityLocked	java.lang.StringBuilder::append	783798	0e7ba6: 6e20 41d4 6500                         |005f: invoke-virtual {v5, v6}, Ljava/lang/StringBuilder;.append:(Ljava/lang/String;)Ljava/lang/StringBuilder; // method@d441
decompiled/baksmali/vdexExtractor/services/disassembly.log	startHomeActivityLocked	java.lang.StringBuilder::append	783799	0e7bac: 6e20 3cd4 8500                         |0062: invoke-virtual {v5, v8}, Ljava/lang/StringBuilder;.append:(I)Ljava/lang/StringBuilder; // method@d43c
decompiled/baksmali/vdexExtractor/services/disassembly.log	startHomeActivityLocked	java.lang.StringBuilder::append	783801	0e7bb6: 6e20 41d4 6500                         |0067: invoke-virtual {v5, v6}, Ljava/lang/StringBuilder;.append:(Ljava/lang/String;)Ljava/lang/StringBuilder; // method@d441
decompiled/baksmali/vdexExtractor/services/disassembly.log	startHomeActivityLocked	java.lang.StringBuilder::append	783802	0e7bbc: 6e20 3cd4 4500                         |006a: invoke-virtual {v5, v4}, Ljava/lang/StringBuilder;.append:(I)Ljava/lang/StringBuilder; // method@d43c
decompiled/baksmali/vdexExtractor/services/disassembly.log	startHomeActivityLocked	java.lang.StringBuilder::append	783812	0e7be8: 6e20 41d4 5400                         |0080: invoke-virtual {v4, v5}, Ljava/lang/StringBuilder;.append:(Ljava/lang/String;)Ljava/lang/StringBuilder; // method@d441
decompiled/baksmali/vdexExtractor/services/disassembly.log	startHomeActivityLocked	java.lang.StringBuilder::append	783813	0e7bee: 6e20 40d4 0400                         |0083: invoke-virtual {v4, v0}, Ljava/lang/StringBuilder;.append:(Ljava/lang/Object;)Ljava/lang/StringBuilder; // method@d440
decompiled/baksmali/vdexExtractor/services/disassembly.log	startHomeActivityLocked	java.lang.StringBuilder::toString	783803	0e7bc2: 6e10 48d4 0500                         |006d: invoke-virtual {v5}, Ljava/lang/StringBuilder;.toString:()Ljava/lang/String; // method@d448
decompiled/baksmali/vdexExtractor/services/disassembly.log	startHomeActivityLocked	java.lang.StringBuilder::toString	783814	0e7bf4: 6e10 48d4 0400                         |0086: invoke-virtual {v4}, Ljava/lang/StringBuilder;.toString:()Ljava/lang/String; // method@d448
decompiled/baksmali/vdexExtractor/services/disassembly.log	startHomeActivityLocked	java.lang.Throwable::<init>	783817	0e7c00: 7010 6fd4 0500                         |008c: invoke-direct {v5}, Ljava/lang/Throwable;.<init>:()V // method@d46f
decompiled/baksmali/vdexExtractor/services/disassembly.log	supportsResizeableMultiWindow	com.android.server.am.ActivityRecord::isActivityTypeHome	1049971	115a4e: 6e10 fb4f 0100                         |0006: invoke-virtual {v1}, Lcom/android/server/am/ActivityRecord;.isActivityTypeHome:()Z // method@4ffb
decompiled/baksmali/vdexExtractor/services/disassembly.log	switchToHomeTvInput	android.content.Context::startActivity	1067722	20f12c: 6e20 1206 0100                         |002c: invoke-virtual {v1, v0}, Landroid/content/Context;.startActivity:(Landroid/content/Intent;)V // method@0612
decompiled/baksmali/vdexExtractor/services/disassembly.log	switchToHomeTvInput	android.content.Intent::<init>	1067712	20f102: 7020 3806 1000                         |0017: invoke-direct {v0, v1}, Landroid/content/Intent;.<init>:(Ljava/lang/String;)V // method@0638
decompiled/baksmali/vdexExtractor/services/disassembly.log	switchToHomeTvInput	android.content.Intent::addCategory	1067714	20f10c: 6e20 3a06 1000                         |001c: invoke-virtual {v0, v1}, Landroid/content/Intent;.addCategory:(Ljava/lang/String;)Landroid/content/Intent; // method@063a
decompiled/baksmali/vdexExtractor/services/disassembly.log	switchToHomeTvInput	android.content.Intent::setFlags	1067717	20f118: 6e20 8806 1000                         |0022: invoke-virtual {v0, v1}, Landroid/content/Intent;.setFlags:(I)Landroid/content/Intent; // method@0688
decompiled/baksmali/vdexExtractor/services/disassembly.log	switchToHomeTvInput	android.util.Slog::e	1067727	20f13e: 7130 6a29 2100                         |0035: invoke-static {v1, v2, v0}, Landroid/util/Slog;.e:(Ljava/lang/String;Ljava/lang/String;Ljava/lang/Throwable;)I // method@296a
decompiled/baksmali/vdexExtractor/services/disassembly.log	switchToHomeTvInput	com.android.server.hdmi.HdmiCecLocalDeviceAudioSystem::getLocalActivePort	1067704	20f0e4: 6e10 0c7c 0300                         |0008: invoke-virtual {v3}, Lcom/android/server/hdmi/HdmiCecLocalDeviceAudioSystem;.getLocalActivePort:()I // method@7c0c
decompiled/baksmali/vdexExtractor/services/disassembly.log	switchToHomeTvInput	com.android.server.hdmi.HdmiCecLocalDeviceAudioSystem::mService	1067701	20f0d8: 5431 dd3b                              |0002: iget-object v1, v3, Lcom/android/server/hdmi/HdmiCecLocalDeviceAudioSystem;.mService:Lcom/android/server/hdmi/HdmiControlService; // field@3bdd
decompiled/baksmali/vdexExtractor/services/disassembly.log	switchToHomeTvInput	com.android.server.hdmi.HdmiCecLocalDeviceAudioSystem::mService	1067719	20f120: 5431 dd3b                              |0026: iget-object v1, v3, Lcom/android/server/hdmi/HdmiCecLocalDeviceAudioSystem;.mService:Lcom/android/server/hdmi/HdmiControlService; // field@3bdd
decompiled/baksmali/vdexExtractor/services/disassembly.log	switchToHomeTvInput	com.android.server.hdmi.HdmiCecLocalDeviceAudioSystem::mVendorCallbacks	1067700	20f0d4: 5430 e23b                              |0000: iget-object v0, v3, Lcom/android/server/hdmi/HdmiCecLocalDeviceAudioSystem;.mVendorCallbacks:[Lcom/android/server/hdmi/VendorHdmiCecCallback; // field@3be2
decompiled/baksmali/vdexExtractor/services/disassembly.log	switchToHomeTvInput	com.android.server.hdmi.HdmiControlService::getContext	1067702	20f0dc: 6e10 b97e 0100                         |0004: invoke-virtual {v1}, Lcom/android/server/hdmi/HdmiControlService;.getContext:()Landroid/content/Context; // method@7eb9
decompiled/baksmali/vdexExtractor/services/disassembly.log	switchToHomeTvInput	com.android.server.hdmi.HdmiControlService::getContext	1067720	20f124: 6e10 b97e 0100                         |0028: invoke-virtual {v1}, Lcom/android/server/hdmi/HdmiControlService;.getContext:()Landroid/content/Context; // method@7eb9
decompiled/baksmali/vdexExtractor/services/disassembly.log	switchToHomeTvInput	com.android.server.hdmi.VendorHdmiCecCallback::callAbortSwitchToHomeTvInput	1067706	20f0ec: 7130 f480 1002                         |000c: invoke-static {v0, v1, v2}, Lcom/android/server/hdmi/VendorHdmiCecCallback;.callAbortSwitchToHomeTvInput:([Lcom/android/server/hdmi/VendorHdmiCecCallback;Landroid/content/Context;I)Z // method@80f4
decompiled/baksmali/vdexExtractor/services/disassembly.log	switchUserLocked	com.android.server.am.ActivityStack::isActivityTypeHome	797552	11c632: 6e10 d250 0300                         |0072: invoke-virtual {v3}, Lcom/android/server/am/ActivityStack;.isActivityTypeHome:()Z // method@50d2
decompiled/baksmali/vdexExtractor/services/disassembly.log	switchUserLocked	com.android.server.am.ActivityStack::isOnHomeDisplay	797554	11c63a: 6e10 dd50 0300                         |0076: invoke-virtual {v3}, Lcom/android/server/am/ActivityStack;.isOnHomeDisplay:()Z // method@50dd
decompiled/baksmali/vdexExtractor/services/disassembly.log	switchUserLocked	com.android.server.am.ActivityStackSupervisor::mHomeStack	797517	11c5a8: 5494 0a21                              |002d: iget-object v4, v9, Lcom/android/server/am/ActivityStackSupervisor;.mHomeStack:Lcom/android/server/am/ActivityStack; // field@210a
decompiled/baksmali/vdexExtractor/services/disassembly.log	switchUserLocked	com.android.server.am.ActivityStackSupervisor::mHomeStack	797551	11c62e: 5493 0a21                              |0070: iget-object v3, v9, Lcom/android/server/am/ActivityStackSupervisor;.mHomeStack:Lcom/android/server/am/ActivityStack; // field@210a
decompiled/baksmali/vdexExtractor/services/disassembly.log	switchUserLocked	com.android.server.am.ActivityStackSupervisor::resumeHomeStackTask	797562	11c65c: 6e30 0852 5906                         |0087: invoke-virtual {v9, v5, v6}, Lcom/android/server/am/ActivityStackSupervisor;.resumeHomeStackTask:(Lcom/android/server/am/ActivityRecord;Ljava/lang/String;)Z // method@5208
decompiled/baksmali/vdexExtractor/services/disassembly.log	systemReady	com.android.server.am.ActivityManagerService::startHomeActivityLocked	785611	108d4e: 6e30 694e bf00                         |020e: invoke-virtual {v15, v11, v0}, Lcom/android/server/am/ActivityManagerService;.startHomeActivityLocked:(ILjava/lang/String;)Z // method@4e69
decompiled/baksmali/vdexExtractor/services/disassembly.log	taskIdFromPoint	com.android.server.wm.TaskStack::isActivityTypeHome	1078676	398df0: 6e10 46cc 0200                         |0013: invoke-virtual {v2}, Lcom/android/server/wm/TaskStack;.isActivityTypeHome:()Z // method@cc46
decompiled/baksmali/vdexExtractor/services/disassembly.log	taskIdFromPoint	com.android.server.wm.TaskStack::isActivityTypeHome	1078686	398e16: 6e10 46cc 0300                         |0026: invoke-virtual {v3}, Lcom/android/server/wm/TaskStack;.isActivityTypeHome:()Z // method@cc46
decompiled/baksmali/vdexExtractor/services/disassembly.log	updateLockTaskFeatures	ambda$LockTaskController$HCwwKEV1_Hy1M3bHXdwhoMEXmJM::<init>	198393	140f16: 7030 e749 3204                         |0025: invoke-direct {v2, v3, v4}, Lcom/android/server/am/-$$Lambda$LockTaskController$HCwwKEV1_Hy1M3bHXdwhoMEXmJM;.<init>:(Lcom/android/server/am/LockTaskController;I)V // method@49e7
decompiled/baksmali/vdexExtractor/services/disassembly.log	updateOomAdjLocked	com.android.server.am.ActivityManagerService::mHomeProcess	788040	10b218: 54c0 e51e                              |0404: iget-object v0, v12, Lcom/android/server/am/ActivityManagerService;.mHomeProcess:Lcom/android/server/am/ProcessRecord; // field@1ee5
decompiled/baksmali/vdexExtractor/services/disassembly.log	updateOomAdjLocked	com.android.server.am.ActivityManagerService::mHomeProcess	788178	10b410: 54c4 e51e                              |0500: iget-object v4, v12, Lcom/android/server/am/ActivityManagerService;.mHomeProcess:Lcom/android/server/am/ProcessRecord; // field@1ee5
decompiled/baksmali/vdexExtractor/services/disassembly.log	updateOomAdjLocked	com.android.server.am.VendorActivityManagerServiceCallback::callOnTrimMemoryHome	788179	10b414: 7130 5259 4005                         |0502: invoke-static {v0, v4, v5}, Lcom/android/server/am/VendorActivityManagerServiceCallback;.callOnTrimMemoryHome:([Lcom/android/server/am/VendorActivityManagerServiceCallback;Lcom/android/server/am/ProcessRecord;I)V // method@5952
decompiled/baksmali/vdexExtractor/services/disassembly.log	updateOomAdjLocked	com.android.server.am.VendorActivityManagerServiceCallback::callShouldSkipTrimMemoryHome	788084	10b2bc: 7130 5b59 7008                         |0456: invoke-static {v0, v7, v8}, Lcom/android/server/am/VendorActivityManagerServiceCallback;.callShouldSkipTrimMemoryHome:([Lcom/android/server/am/VendorActivityManagerServiceCallback;Lcom/android/server/am/ProcessRecord;I)Z // method@595b
decompiled/baksmali/vdexExtractor/services/disassembly.log	updateOomAdjLocked	com.android.server.am.VendorActivityManagerServiceCallback::callShouldSkipTrimMemoryHome	788213	10b498: 7130 5b59 4008                         |0544: invoke-static {v0, v4, v8}, Lcom/android/server/am/VendorActivityManagerServiceCallback;.callShouldSkipTrimMemoryHome:([Lcom/android/server/am/VendorActivityManagerServiceCallback;Lcom/android/server/am/ProcessRecord;I)Z // method@595b
decompiled/baksmali/vdexExtractor/services/disassembly.log	updatePreviousProcessLocked	com.android.server.am.ActivityManagerService::mHomeProcess	797720	1208ca: 5422 e51e                              |0055: iget-object v2, v2, Lcom/android/server/am/ActivityManagerService;.mHomeProcess:Lcom/android/server/am/ProcessRecord; // field@1ee5
decompiled/baksmali/vdexExtractor/services/disassembly.log	updateUserStackLocked	com.android.server.am.ActivityStackSupervisor::mHomeStack	797769	120974: 5421 0a21                              |000d: iget-object v1, v2, Lcom/android/server/am/ActivityStackSupervisor;.mHomeStack:Lcom/android/server/am/ActivityStack; // field@210a
decompiled/baksmali/vdexExtractor/services/disassembly.log	writeProcessesToProtoLocked	com.android.server.am.ActivityManagerService::mHomeProcess	789421	10c96a: 5480 e51e                              |0274: iget-object v0, v8, Lcom/android/server/am/ActivityManagerService;.mHomeProcess:Lcom/android/server/am/ProcessRecord; // field@1ee5
decompiled/baksmali/vdexExtractor/services/disassembly.log	writeProcessesToProtoLocked	com.android.server.am.ActivityManagerService::mHomeProcess	789424	10c976: 5480 e51e                              |027a: iget-object v0, v8, Lcom/android/server/am/ActivityManagerService;.mHomeProcess:Lcom/android/server/am/ProcessRecord; // field@1ee5
decompiled/baksmali/vdexExtractor/services/disassembly.log	writeProcessesToProtoLocked	com.android.server.am.ActivityManagerService::mHomeProcess	789429	10c98a: 5480 e51e                              |0284: iget-object v0, v8, Lcom/android/server/am/ActivityManagerService;.mHomeProcess:Lcom/android/server/am/ProcessRecord; // field@1ee5
decompiled/baksmali/vdexExtractor/services/disassembly.log	writeToProto	com.android.server.am.RecentTasks::isRecentsComponentHomeActivity	797952	120c86: 6e20 b556 5400                         |0061: invoke-virtual {v4, v5}, Lcom/android/server/am/RecentTasks;.isRecentsComponentHomeActivity:(I)Z // method@56b5
decompiled/baksmali/vdexExtractor/services/disassembly.log	writeWmHomeStackMoved	android.util.EventLog::writeEvent	75854	07350e: 7120 d728 1000                         |0002: invoke-static {v0, v1}, Landroid/util/EventLog;.writeEvent:(II)I // method@28d7
