file	text
/Users/bob/Documents/Codex/2026-08-03-fire-os-7-framework-amazon-fire/decompiled/jadx/systemui/sources/amazon/app/AdInfo.java	import com.amazon.android.widget.AmazonRemoteViews;
/Users/bob/Documents/Codex/2026-08-03-fire-os-7-framework-amazon-fire/decompiled/jadx/systemui/sources/amazon/app/AdInfo.java	import com.amazon.fireos.sdk.annotations.FireOsSdk;
/Users/bob/Documents/Codex/2026-08-03-fire-os-7-framework-amazon-fire/decompiled/jadx/systemui/sources/amazon/app/AdInfo.java	import com.amazon.fireos.sdk.annotations.HideImplements;
/Users/bob/Documents/Codex/2026-08-03-fire-os-7-framework-amazon-fire/decompiled/jadx/systemui/sources/amazon/app/AmazonKeyguardManager.java	import com.amazon.android.internal.policy.IAmazonKeyguardService;
/Users/bob/Documents/Codex/2026-08-03-fire-os-7-framework-amazon-fire/decompiled/jadx/systemui/sources/amazon/app/AmazonKeyguardManager.java	import com.amazon.android.keyguard.accessibility.AccessibilityVirtualNode;
/Users/bob/Documents/Codex/2026-08-03-fire-os-7-framework-amazon-fire/decompiled/jadx/systemui/sources/amazon/app/AmazonKeyguardManager.java	import com.amazon.fireos.sdk.annotations.Extends;
/Users/bob/Documents/Codex/2026-08-03-fire-os-7-framework-amazon-fire/decompiled/jadx/systemui/sources/amazon/app/AmazonKeyguardManager.java	import com.amazon.fireos.sdk.annotations.FireOsSdk;
/Users/bob/Documents/Codex/2026-08-03-fire-os-7-framework-amazon-fire/decompiled/jadx/systemui/sources/amazon/os/AmazonUserInfo.java	import com.amazon.fireos.sdk.annotations.FireOsSdk;
/Users/bob/Documents/Codex/2026-08-03-fire-os-7-framework-amazon-fire/decompiled/jadx/systemui/sources/amazon/os/AmazonUserManager.java	import com.amazon.fireos.sdk.annotations.FireOsSdk;
/Users/bob/Documents/Codex/2026-08-03-fire-os-7-framework-amazon-fire/decompiled/jadx/systemui/sources/amazon/os/Build.java	import com.amazon.fireos.sdk.annotations.FireOsSdk;
/Users/bob/Documents/Codex/2026-08-03-fire-os-7-framework-amazon-fire/decompiled/jadx/systemui/sources/android/net/dhcp/VendorDhcpClientCallback.java	import com.amazon.fireos.BaseVendorCallback;
/Users/bob/Documents/Codex/2026-08-03-fire-os-7-framework-amazon-fire/decompiled/jadx/systemui/sources/android/net/dhcp/VendorDhcpPacketCallback.java	import com.amazon.fireos.BaseVendorCallback;
/Users/bob/Documents/Codex/2026-08-03-fire-os-7-framework-amazon-fire/decompiled/jadx/systemui/sources/android/net/ip/VendorIpManagerCallback.java	import com.amazon.fireos.BaseVendorCallback;
/Users/bob/Documents/Codex/2026-08-03-fire-os-7-framework-amazon-fire/decompiled/jadx/systemui/sources/com/amazon/acos/util/ServiceConfigHelper.java	package com.amazon.acos.util;
/Users/bob/Documents/Codex/2026-08-03-fire-os-7-framework-amazon-fire/decompiled/jadx/systemui/sources/com/amazon/alexa/multimodal/settings/util/TrustedWifiUtil.java	package com.amazon.alexa.multimodal.settings.util;
/Users/bob/Documents/Codex/2026-08-03-fire-os-7-framework-amazon-fire/decompiled/jadx/systemui/sources/com/amazon/android/internal/marketplace/IMarketplaceService.java	@Override // com.amazon.android.internal.marketplace.IMarketplaceService
/Users/bob/Documents/Codex/2026-08-03-fire-os-7-framework-amazon-fire/decompiled/jadx/systemui/sources/com/amazon/android/internal/marketplace/IMarketplaceService.java	IInterface iin = obj.queryLocalInterface("com.amazon.android.internal.marketplace.IMarketplaceService");
/Users/bob/Documents/Codex/2026-08-03-fire-os-7-framework-amazon-fire/decompiled/jadx/systemui/sources/com/amazon/android/internal/marketplace/IMarketplaceService.java	_data.writeInterfaceToken("com.amazon.android.internal.marketplace.IMarketplaceService");
/Users/bob/Documents/Codex/2026-08-03-fire-os-7-framework-amazon-fire/decompiled/jadx/systemui/sources/com/amazon/android/internal/marketplace/IMarketplaceService.java	data.enforceInterface("com.amazon.android.internal.marketplace.IMarketplaceService");
/Users/bob/Documents/Codex/2026-08-03-fire-os-7-framework-amazon-fire/decompiled/jadx/systemui/sources/com/amazon/android/internal/marketplace/IMarketplaceService.java	import com.amazon.android.marketplace.MarketplaceInfo;
/Users/bob/Documents/Codex/2026-08-03-fire-os-7-framework-amazon-fire/decompiled/jadx/systemui/sources/com/amazon/android/internal/marketplace/IMarketplaceService.java	package com.amazon.android.internal.marketplace;
/Users/bob/Documents/Codex/2026-08-03-fire-os-7-framework-amazon-fire/decompiled/jadx/systemui/sources/com/amazon/android/internal/marketplace/IMarketplaceService.java	reply.writeString("com.amazon.android.internal.marketplace.IMarketplaceService");
/Users/bob/Documents/Codex/2026-08-03-fire-os-7-framework-amazon-fire/decompiled/jadx/systemui/sources/com/amazon/android/internal/policy/IAmazonKeyguardEventObserverInternal.java	@Override // com.amazon.android.internal.policy.IAmazonKeyguardEventObserverInternal
/Users/bob/Documents/Codex/2026-08-03-fire-os-7-framework-amazon-fire/decompiled/jadx/systemui/sources/com/amazon/android/internal/policy/IAmazonKeyguardEventObserverInternal.java	IInterface iin = obj.queryLocalInterface("com.amazon.android.internal.policy.IAmazonKeyguardEventObserverInternal");
/Users/bob/Documents/Codex/2026-08-03-fire-os-7-framework-amazon-fire/decompiled/jadx/systemui/sources/com/amazon/android/internal/policy/IAmazonKeyguardEventObserverInternal.java	_data.writeInterfaceToken("com.amazon.android.internal.policy.IAmazonKeyguardEventObserverInternal");
/Users/bob/Documents/Codex/2026-08-03-fire-os-7-framework-amazon-fire/decompiled/jadx/systemui/sources/com/amazon/android/internal/policy/IAmazonKeyguardEventObserverInternal.java	data.enforceInterface("com.amazon.android.internal.policy.IAmazonKeyguardEventObserverInternal");
/Users/bob/Documents/Codex/2026-08-03-fire-os-7-framework-amazon-fire/decompiled/jadx/systemui/sources/com/amazon/android/internal/policy/IAmazonKeyguardEventObserverInternal.java	package com.amazon.android.internal.policy;
/Users/bob/Documents/Codex/2026-08-03-fire-os-7-framework-amazon-fire/decompiled/jadx/systemui/sources/com/amazon/android/internal/policy/IAmazonKeyguardEventObserverInternal.java	reply.writeString("com.amazon.android.internal.policy.IAmazonKeyguardEventObserverInternal");
/Users/bob/Documents/Codex/2026-08-03-fire-os-7-framework-amazon-fire/decompiled/jadx/systemui/sources/com/amazon/android/internal/policy/IAmazonKeyguardService.java	import com.amazon.android.keyguard.accessibility.AccessibilityVirtualNode;
/Users/bob/Documents/Codex/2026-08-03-fire-os-7-framework-amazon-fire/decompiled/jadx/systemui/sources/com/amazon/android/internal/policy/IAmazonKeyguardService.java	package com.amazon.android.internal.policy;
/Users/bob/Documents/Codex/2026-08-03-fire-os-7-framework-amazon-fire/decompiled/jadx/systemui/sources/com/amazon/android/internal/policy/IAmazonKeyguardServiceSystemUI.java	attachInterface(this, "com.amazon.android.internal.policy.IAmazonKeyguardServiceSystemUI");
/Users/bob/Documents/Codex/2026-08-03-fire-os-7-framework-amazon-fire/decompiled/jadx/systemui/sources/com/amazon/android/internal/policy/IAmazonKeyguardServiceSystemUI.java	import com.amazon.android.keyguard.accessibility.AccessibilityVirtualNode;
/Users/bob/Documents/Codex/2026-08-03-fire-os-7-framework-amazon-fire/decompiled/jadx/systemui/sources/com/amazon/android/internal/policy/IAmazonKeyguardServiceSystemUI.java	package com.amazon.android.internal.policy;
/Users/bob/Documents/Codex/2026-08-03-fire-os-7-framework-amazon-fire/decompiled/jadx/systemui/sources/com/amazon/android/internal/policy/IAmazonKeyguardServiceSystemUI.java	parcel.enforceInterface("com.amazon.android.internal.policy.IAmazonKeyguardServiceSystemUI");
/Users/bob/Documents/Codex/2026-08-03-fire-os-7-framework-amazon-fire/decompiled/jadx/systemui/sources/com/amazon/android/internal/policy/IAmazonKeyguardServiceSystemUI.java	parcel2.writeString("com.amazon.android.internal.policy.IAmazonKeyguardServiceSystemUI");
/Users/bob/Documents/Codex/2026-08-03-fire-os-7-framework-amazon-fire/decompiled/jadx/systemui/sources/com/amazon/android/keyguard/accessibility/AccessibilityVirtualNode.java	import com.amazon.fireos.sdk.annotations.FireOsSdk;
/Users/bob/Documents/Codex/2026-08-03-fire-os-7-framework-amazon-fire/decompiled/jadx/systemui/sources/com/amazon/android/keyguard/accessibility/AccessibilityVirtualNode.java	import com.amazon.fireos.sdk.annotations.HideImplements;
/Users/bob/Documents/Codex/2026-08-03-fire-os-7-framework-amazon-fire/decompiled/jadx/systemui/sources/com/amazon/android/keyguard/accessibility/AccessibilityVirtualNode.java	package com.amazon.android.keyguard.accessibility;
/Users/bob/Documents/Codex/2026-08-03-fire-os-7-framework-amazon-fire/decompiled/jadx/systemui/sources/com/amazon/android/keyguard/accessibility/AccessibilityVirtualNode.java	public static final Parcelable.Creator<AccessibilityVirtualNode> CREATOR = new Parcelable.Creator<AccessibilityVirtualNode>() { // from class: com.amazon.android.keyguard.accessibility.AccessibilityVirtualNode.1
/Users/bob/Documents/Codex/2026-08-03-fire-os-7-framework-amazon-fire/decompiled/jadx/systemui/sources/com/amazon/android/lockscreen/LockScreenManager.java	import com.amazon.android.server.lockscreen.ILockScreenService;
/Users/bob/Documents/Codex/2026-08-03-fire-os-7-framework-amazon-fire/decompiled/jadx/systemui/sources/com/amazon/android/lockscreen/LockScreenManager.java	import com.amazon.fireos.sdk.annotations.FireOsSdk;
/Users/bob/Documents/Codex/2026-08-03-fire-os-7-framework-amazon-fire/decompiled/jadx/systemui/sources/com/amazon/android/lockscreen/LockScreenManager.java	package com.amazon.android.lockscreen;
/Users/bob/Documents/Codex/2026-08-03-fire-os-7-framework-amazon-fire/decompiled/jadx/systemui/sources/com/amazon/android/marketplace/MarketplaceInfo.java	import com.amazon.fireos.sdk.annotations.FireOsSdk;
/Users/bob/Documents/Codex/2026-08-03-fire-os-7-framework-amazon-fire/decompiled/jadx/systemui/sources/com/amazon/android/marketplace/MarketplaceInfo.java	import com.amazon.fireos.sdk.annotations.HideImplements;
/Users/bob/Documents/Codex/2026-08-03-fire-os-7-framework-amazon-fire/decompiled/jadx/systemui/sources/com/amazon/android/marketplace/MarketplaceInfo.java	package com.amazon.android.marketplace;
/Users/bob/Documents/Codex/2026-08-03-fire-os-7-framework-amazon-fire/decompiled/jadx/systemui/sources/com/amazon/android/marketplace/MarketplaceInfo.java	public static final Parcelable.Creator<MarketplaceInfo> CREATOR = new Parcelable.Creator<MarketplaceInfo>() { // from class: com.amazon.android.marketplace.MarketplaceInfo.1
/Users/bob/Documents/Codex/2026-08-03-fire-os-7-framework-amazon-fire/decompiled/jadx/systemui/sources/com/amazon/android/marketplace/MarketplaceServiceManager.java	import com.amazon.android.internal.marketplace.IMarketplaceService;
/Users/bob/Documents/Codex/2026-08-03-fire-os-7-framework-amazon-fire/decompiled/jadx/systemui/sources/com/amazon/android/marketplace/MarketplaceServiceManager.java	import com.amazon.fireos.sdk.annotations.FireOsSdk;
/Users/bob/Documents/Codex/2026-08-03-fire-os-7-framework-amazon-fire/decompiled/jadx/systemui/sources/com/amazon/android/marketplace/MarketplaceServiceManager.java	package com.amazon.android.marketplace;
/Users/bob/Documents/Codex/2026-08-03-fire-os-7-framework-amazon-fire/decompiled/jadx/systemui/sources/com/amazon/android/modeswitch/AlexaModeSwitchManager.java	import com.amazon.fireos.sdk.annotations.FireOsSdk;
/Users/bob/Documents/Codex/2026-08-03-fire-os-7-framework-amazon-fire/decompiled/jadx/systemui/sources/com/amazon/android/modeswitch/AlexaModeSwitchManager.java	package com.amazon.android.modeswitch;
/Users/bob/Documents/Codex/2026-08-03-fire-os-7-framework-amazon-fire/decompiled/jadx/systemui/sources/com/amazon/android/server/arcusservice/IArcusService.java	@Override // com.amazon.android.server.arcusservice.IArcusService
/Users/bob/Documents/Codex/2026-08-03-fire-os-7-framework-amazon-fire/decompiled/jadx/systemui/sources/com/amazon/android/server/arcusservice/IArcusService.java	IInterface iin = obj.queryLocalInterface("com.amazon.android.server.arcusservice.IArcusService");
/Users/bob/Documents/Codex/2026-08-03-fire-os-7-framework-amazon-fire/decompiled/jadx/systemui/sources/com/amazon/android/server/arcusservice/IArcusService.java	_data.writeInterfaceToken("com.amazon.android.server.arcusservice.IArcusService");
/Users/bob/Documents/Codex/2026-08-03-fire-os-7-framework-amazon-fire/decompiled/jadx/systemui/sources/com/amazon/android/server/arcusservice/IArcusService.java	data.enforceInterface("com.amazon.android.server.arcusservice.IArcusService");
/Users/bob/Documents/Codex/2026-08-03-fire-os-7-framework-amazon-fire/decompiled/jadx/systemui/sources/com/amazon/android/server/arcusservice/IArcusService.java	package com.amazon.android.server.arcusservice;
/Users/bob/Documents/Codex/2026-08-03-fire-os-7-framework-amazon-fire/decompiled/jadx/systemui/sources/com/amazon/android/server/arcusservice/IArcusService.java	parcelObtain.writeInterfaceToken("com.amazon.android.server.arcusservice.IArcusService");
/Users/bob/Documents/Codex/2026-08-03-fire-os-7-framework-amazon-fire/decompiled/jadx/systemui/sources/com/amazon/android/server/arcusservice/IArcusService.java	reply.writeString("com.amazon.android.server.arcusservice.IArcusService");
/Users/bob/Documents/Codex/2026-08-03-fire-os-7-framework-amazon-fire/decompiled/jadx/systemui/sources/com/amazon/android/server/lockscreen/ILockScreenService.java	@Override // com.amazon.android.server.lockscreen.ILockScreenService
/Users/bob/Documents/Codex/2026-08-03-fire-os-7-framework-amazon-fire/decompiled/jadx/systemui/sources/com/amazon/android/server/lockscreen/ILockScreenService.java	IInterface iin = obj.queryLocalInterface("com.amazon.android.server.lockscreen.ILockScreenService");
/Users/bob/Documents/Codex/2026-08-03-fire-os-7-framework-amazon-fire/decompiled/jadx/systemui/sources/com/amazon/android/server/lockscreen/ILockScreenService.java	_data.writeInterfaceToken("com.amazon.android.server.lockscreen.ILockScreenService");
/Users/bob/Documents/Codex/2026-08-03-fire-os-7-framework-amazon-fire/decompiled/jadx/systemui/sources/com/amazon/android/server/lockscreen/ILockScreenService.java	package com.amazon.android.server.lockscreen;
/Users/bob/Documents/Codex/2026-08-03-fire-os-7-framework-amazon-fire/decompiled/jadx/systemui/sources/com/amazon/android/server/lockscreen/ILockScreenService.java	parcel.enforceInterface("com.amazon.android.server.lockscreen.ILockScreenService");
/Users/bob/Documents/Codex/2026-08-03-fire-os-7-framework-amazon-fire/decompiled/jadx/systemui/sources/com/amazon/android/server/lockscreen/ILockScreenService.java	parcel2.writeString("com.amazon.android.server.lockscreen.ILockScreenService");
/Users/bob/Documents/Codex/2026-08-03-fire-os-7-framework-amazon-fire/decompiled/jadx/systemui/sources/com/amazon/android/server/lockscreen/ILockScreenService.java	parcelObtain.writeInterfaceToken("com.amazon.android.server.lockscreen.ILockScreenService");
/Users/bob/Documents/Codex/2026-08-03-fire-os-7-framework-amazon-fire/decompiled/jadx/systemui/sources/com/amazon/android/util/IMarketplaceServiceListener.java	import com.amazon.fireos.sdk.annotations.FireOsSdk;
/Users/bob/Documents/Codex/2026-08-03-fire-os-7-framework-amazon-fire/decompiled/jadx/systemui/sources/com/amazon/android/util/IMarketplaceServiceListener.java	package com.amazon.android.util;
/Users/bob/Documents/Codex/2026-08-03-fire-os-7-framework-amazon-fire/decompiled/jadx/systemui/sources/com/amazon/android/util/MarketplaceServiceUtil.java	if ("com.amazon.intent.action.MARKETPLACE_UPDATED".equals(action)) {
/Users/bob/Documents/Codex/2026-08-03-fire-os-7-framework-amazon-fire/decompiled/jadx/systemui/sources/com/amazon/android/util/MarketplaceServiceUtil.java	import com.amazon.android.marketplace.MarketplaceInfo;
/Users/bob/Documents/Codex/2026-08-03-fire-os-7-framework-amazon-fire/decompiled/jadx/systemui/sources/com/amazon/android/util/MarketplaceServiceUtil.java	import com.amazon.android.marketplace.MarketplaceServiceManager;
/Users/bob/Documents/Codex/2026-08-03-fire-os-7-framework-amazon-fire/decompiled/jadx/systemui/sources/com/amazon/android/util/MarketplaceServiceUtil.java	import com.amazon.fireos.sdk.annotations.FireOsSdk;
/Users/bob/Documents/Codex/2026-08-03-fire-os-7-framework-amazon-fire/decompiled/jadx/systemui/sources/com/amazon/android/util/MarketplaceServiceUtil.java	new Thread(new Runnable() { // from class: com.amazon.android.util.MarketplaceServiceUtil.1.1
/Users/bob/Documents/Codex/2026-08-03-fire-os-7-framework-amazon-fire/decompiled/jadx/systemui/sources/com/amazon/android/util/MarketplaceServiceUtil.java	new Thread(new Runnable() { // from class: com.amazon.android.util.MarketplaceServiceUtil.2
/Users/bob/Documents/Codex/2026-08-03-fire-os-7-framework-amazon-fire/decompiled/jadx/systemui/sources/com/amazon/android/util/MarketplaceServiceUtil.java	package com.amazon.android.util;
/Users/bob/Documents/Codex/2026-08-03-fire-os-7-framework-amazon-fire/decompiled/jadx/systemui/sources/com/amazon/android/util/MarketplaceServiceUtil.java	private BroadcastReceiver mMarketplaceUpdatedReceiver = new BroadcastReceiver() { // from class: com.amazon.android.util.MarketplaceServiceUtil.1
/Users/bob/Documents/Codex/2026-08-03-fire-os-7-framework-amazon-fire/decompiled/jadx/systemui/sources/com/amazon/android/util/MarketplaceServiceUtil.java	this.mContext.registerReceiver(this.mMarketplaceUpdatedReceiver, this.mIntentFilter, "com.amazon.permission.READ_MARKETPLACE", null);
/Users/bob/Documents/Codex/2026-08-03-fire-os-7-framework-amazon-fire/decompiled/jadx/systemui/sources/com/amazon/android/util/MarketplaceServiceUtil.java	this.mIntentFilter.addAction("com.amazon.intent.action.MARKETPLACE_UPDATED");
/Users/bob/Documents/Codex/2026-08-03-fire-os-7-framework-amazon-fire/decompiled/jadx/systemui/sources/com/amazon/android/util/ProductNameFormat.java	import com.amazon.fireos.sdk.annotations.FireOsSdk;
/Users/bob/Documents/Codex/2026-08-03-fire-os-7-framework-amazon-fire/decompiled/jadx/systemui/sources/com/amazon/android/util/ProductNameFormat.java	package com.amazon.android.util;
/Users/bob/Documents/Codex/2026-08-03-fire-os-7-framework-amazon-fire/decompiled/jadx/systemui/sources/com/amazon/arcus/ArcusController.java	import com.amazon.keyguard.AmazonKeyguardUtils;
/Users/bob/Documents/Codex/2026-08-03-fire-os-7-framework-amazon-fire/decompiled/jadx/systemui/sources/com/amazon/arcus/ArcusController.java	package com.amazon.arcus;
/Users/bob/Documents/Codex/2026-08-03-fire-os-7-framework-amazon-fire/decompiled/jadx/systemui/sources/com/amazon/arcus/ArcusController.java	private final BroadcastReceiver mReceiver = new BroadcastReceiver() { // from class: com.amazon.arcus.ArcusController.1
/Users/bob/Documents/Codex/2026-08-03-fire-os-7-framework-amazon-fire/decompiled/jadx/systemui/sources/com/amazon/arcus/ArcusController.java	this.mContext.registerReceiver(new BroadcastReceiver() { // from class: com.amazon.arcus.ArcusController.2
/Users/bob/Documents/Codex/2026-08-03-fire-os-7-framework-amazon-fire/decompiled/jadx/systemui/sources/com/amazon/arcus/ArcusFwkManager.java	import com.amazon.android.server.arcusservice.IArcusService;
/Users/bob/Documents/Codex/2026-08-03-fire-os-7-framework-amazon-fire/decompiled/jadx/systemui/sources/com/amazon/arcus/ArcusFwkManager.java	package com.amazon.arcus;
/Users/bob/Documents/Codex/2026-08-03-fire-os-7-framework-amazon-fire/decompiled/jadx/systemui/sources/com/amazon/dialogs/AmazonAddNewUserDialog.java	package com.amazon.dialogs;
/Users/bob/Documents/Codex/2026-08-03-fire-os-7-framework-amazon-fire/decompiled/jadx/systemui/sources/com/amazon/dialogs/AmazonAddNewUserDialog.java	private static final Intent INTENT_HOUSEHOLD = new Intent("com.amazon.alta.HOUSEHOLD_SETTINGS");
/Users/bob/Documents/Codex/2026-08-03-fire-os-7-framework-amazon-fire/decompiled/jadx/systemui/sources/com/amazon/dialogs/ProfileSwitchBlockedDialog.java	package com.amazon.dialogs;
/Users/bob/Documents/Codex/2026-08-03-fire-os-7-framework-amazon-fire/decompiled/jadx/systemui/sources/com/amazon/internal/widget/AmazonLockPatternUtils.java	package com.amazon.internal.widget;
/Users/bob/Documents/Codex/2026-08-03-fire-os-7-framework-amazon-fire/decompiled/jadx/systemui/sources/com/amazon/keyguard/AmazonAuthenticationController.java	/* JADX WARN: Type inference failed for: r11v0, types: [com.amazon.keyguard.AmazonAuthenticationController$24] */
/Users/bob/Documents/Codex/2026-08-03-fire-os-7-framework-amazon-fire/decompiled/jadx/systemui/sources/com/amazon/keyguard/AmazonAuthenticationController.java	/* JADX WARN: Type inference failed for: r14v0, types: [com.amazon.keyguard.AmazonAuthenticationController$26] */
/Users/bob/Documents/Codex/2026-08-03-fire-os-7-framework-amazon-fire/decompiled/jadx/systemui/sources/com/amazon/keyguard/AmazonAuthenticationController.java	@Override // com.amazon.systemui.utils.MAPAccountManagerHolder.Callback
/Users/bob/Documents/Codex/2026-08-03-fire-os-7-framework-amazon-fire/decompiled/jadx/systemui/sources/com/amazon/keyguard/AmazonAuthenticationController.java	Callback callback = new Callback() { // from class: com.amazon.keyguard.AmazonAuthenticationController.23
/Users/bob/Documents/Codex/2026-08-03-fire-os-7-framework-amazon-fire/decompiled/jadx/systemui/sources/com/amazon/keyguard/AmazonAuthenticationController.java	DialogInterface.OnClickListener positiveListener = new DialogInterface.OnClickListener() { // from class: com.amazon.keyguard.AmazonAuthenticationController.27
/Users/bob/Documents/Codex/2026-08-03-fire-os-7-framework-amazon-fire/decompiled/jadx/systemui/sources/com/amazon/keyguard/AmazonAuthenticationController.java	Intent authIntent = new Intent("com.amazon.settings.CURFEW_PC_AUTH_ACTIVITY");
/Users/bob/Documents/Codex/2026-08-03-fire-os-7-framework-amazon-fire/decompiled/jadx/systemui/sources/com/amazon/keyguard/AmazonAuthenticationController.java	builder.setNegativeButton(android.R.string.cancel, new DialogInterface.OnClickListener() { // from class: com.amazon.keyguard.AmazonAuthenticationController.3
/Users/bob/Documents/Codex/2026-08-03-fire-os-7-framework-amazon-fire/decompiled/jadx/systemui/sources/com/amazon/keyguard/AmazonAuthenticationController.java	builder.setNegativeButton(android.R.string.cancel, new DialogInterface.OnClickListener() { // from class: com.amazon.keyguard.AmazonAuthenticationController.6
/Users/bob/Documents/Codex/2026-08-03-fire-os-7-framework-amazon-fire/decompiled/jadx/systemui/sources/com/amazon/keyguard/AmazonAuthenticationController.java	builder.setNegativeButton(android.R.string.cancel, new DialogInterface.OnClickListener() { // from class: com.amazon.keyguard.AmazonAuthenticationController.8
/Users/bob/Documents/Codex/2026-08-03-fire-os-7-framework-amazon-fire/decompiled/jadx/systemui/sources/com/amazon/keyguard/AmazonAuthenticationController.java	builder.setPositiveButton(com.android.systemui.R.string.keyguard_button_set_pin, new DialogInterface.OnClickListener() { // from class: com.amazon.keyguard.AmazonAuthenticationController.4
/Users/bob/Documents/Codex/2026-08-03-fire-os-7-framework-amazon-fire/decompiled/jadx/systemui/sources/com/amazon/keyguard/AmazonAuthenticationController.java	button.setOnClickListener(new View.OnClickListener() { // from class: com.amazon.keyguard.AmazonAuthenticationController.22.2
/Users/bob/Documents/Codex/2026-08-03-fire-os-7-framework-amazon-fire/decompiled/jadx/systemui/sources/com/amazon/keyguard/AmazonAuthenticationController.java	button2.setOnClickListener(new View.OnClickListener() { // from class: com.amazon.keyguard.AmazonAuthenticationController.22.1
/Users/bob/Documents/Codex/2026-08-03-fire-os-7-framework-amazon-fire/decompiled/jadx/systemui/sources/com/amazon/keyguard/AmazonAuthenticationController.java	clickMsg.setOnClickListener(new View.OnClickListener() { // from class: com.amazon.keyguard.AmazonAuthenticationController.14
/Users/bob/Documents/Codex/2026-08-03-fire-os-7-framework-amazon-fire/decompiled/jadx/systemui/sources/com/amazon/keyguard/AmazonAuthenticationController.java	dBuilder.setPositiveButton(com.android.systemui.R.string.dismiss, new DialogInterface.OnClickListener() { // from class: com.amazon.keyguard.AmazonAuthenticationController.15
/Users/bob/Documents/Codex/2026-08-03-fire-os-7-framework-amazon-fire/decompiled/jadx/systemui/sources/com/amazon/keyguard/AmazonAuthenticationController.java	dialog.setOnDismissListener(new DialogInterface.OnDismissListener() { // from class: com.amazon.keyguard.AmazonAuthenticationController.16
/Users/bob/Documents/Codex/2026-08-03-fire-os-7-framework-amazon-fire/decompiled/jadx/systemui/sources/com/amazon/keyguard/AmazonAuthenticationController.java	dialog.setOnDismissListener(new DialogInterface.OnDismissListener() { // from class: com.amazon.keyguard.AmazonAuthenticationController.20
/Users/bob/Documents/Codex/2026-08-03-fire-os-7-framework-amazon-fire/decompiled/jadx/systemui/sources/com/amazon/keyguard/AmazonAuthenticationController.java	dialog.setOnDismissListener(new DialogInterface.OnDismissListener() { // from class: com.amazon.keyguard.AmazonAuthenticationController.21
/Users/bob/Documents/Codex/2026-08-03-fire-os-7-framework-amazon-fire/decompiled/jadx/systemui/sources/com/amazon/keyguard/AmazonAuthenticationController.java	dialog.setOnShowListener(new DialogInterface.OnShowListener() { // from class: com.amazon.keyguard.AmazonAuthenticationController.22
/Users/bob/Documents/Codex/2026-08-03-fire-os-7-framework-amazon-fire/decompiled/jadx/systemui/sources/com/amazon/keyguard/AmazonAuthenticationController.java	import com.amazon.android.lockscreen.LockScreenManager;
/Users/bob/Documents/Codex/2026-08-03-fire-os-7-framework-amazon-fire/decompiled/jadx/systemui/sources/com/amazon/keyguard/AmazonAuthenticationController.java	import com.amazon.identity.auth.device.api.Callback;
/Users/bob/Documents/Codex/2026-08-03-fire-os-7-framework-amazon-fire/decompiled/jadx/systemui/sources/com/amazon/keyguard/AmazonAuthenticationController.java	import com.amazon.identity.auth.device.api.MAPAccountManager;
/Users/bob/Documents/Codex/2026-08-03-fire-os-7-framework-amazon-fire/decompiled/jadx/systemui/sources/com/amazon/keyguard/AmazonAuthenticationController.java	import com.amazon.internal.widget.AmazonLockPatternUtils;
/Users/bob/Documents/Codex/2026-08-03-fire-os-7-framework-amazon-fire/decompiled/jadx/systemui/sources/com/amazon/keyguard/AmazonAuthenticationController.java	import com.amazon.keyguard.widget.AmazonStateEditText;
/Users/bob/Documents/Codex/2026-08-03-fire-os-7-framework-amazon-fire/decompiled/jadx/systemui/sources/com/amazon/keyguard/AmazonAuthenticationController.java	import com.amazon.systemui.utils.AmazonSystemUIMetricsManager;
/Users/bob/Documents/Codex/2026-08-03-fire-os-7-framework-amazon-fire/decompiled/jadx/systemui/sources/com/amazon/keyguard/AmazonAuthenticationController.java	import com.amazon.systemui.utils.MAPAccountManagerHolder;
/Users/bob/Documents/Codex/2026-08-03-fire-os-7-framework-amazon-fire/decompiled/jadx/systemui/sources/com/amazon/keyguard/AmazonAuthenticationController.java	new CountDownTimer(waitTimePeriod, 1000L) { // from class: com.amazon.keyguard.AmazonAuthenticationController.24
/Users/bob/Documents/Codex/2026-08-03-fire-os-7-framework-amazon-fire/decompiled/jadx/systemui/sources/com/amazon/keyguard/AmazonAuthenticationController.java	package com.amazon.keyguard;
/Users/bob/Documents/Codex/2026-08-03-fire-os-7-framework-amazon-fire/decompiled/jadx/systemui/sources/com/amazon/keyguard/AmazonAuthenticationController.java	private DialogInterface.OnClickListener mResetButtonClickListener = new DialogInterface.OnClickListener() { // from class: com.amazon.keyguard.AmazonAuthenticationController.1
/Users/bob/Documents/Codex/2026-08-03-fire-os-7-framework-amazon-fire/decompiled/jadx/systemui/sources/com/amazon/keyguard/AmazonAuthenticationController.java	profilesView.setOnItemClickListener(new AdapterView.OnItemClickListener() { // from class: com.amazon.keyguard.AmazonAuthenticationController.7
/Users/bob/Documents/Codex/2026-08-03-fire-os-7-framework-amazon-fire/decompiled/jadx/systemui/sources/com/amazon/keyguard/AmazonAuthenticationController.java	showChildLockDialog(this.mContext.getString(com.android.systemui.R.string.keyguard_final_factory_reset_title), this.mContext.getString(com.android.systemui.R.string.keyguard_final_factory_reset_msg), com.android.systemui.R.string.Confirm_y, 0, com.android.systemui.R.string.Confirm_n, new DialogInterface.OnClickListener() { // from class: com.amazon.keyguard.AmazonAuthenticationController.17
/Users/bob/Documents/Codex/2026-08-03-fire-os-7-framework-amazon-fire/decompiled/jadx/systemui/sources/com/amazon/keyguard/AmazonAuthenticationController.java	this.mAuthDialog.getButton(-1).setOnClickListener(new View.OnClickListener() { // from class: com.amazon.keyguard.AmazonAuthenticationController.11
/Users/bob/Documents/Codex/2026-08-03-fire-os-7-framework-amazon-fire/decompiled/jadx/systemui/sources/com/amazon/keyguard/AmazonAuthenticationController.java	this.mBgHandler.post(new Runnable() { // from class: com.amazon.keyguard.AmazonAuthenticationController.12
/Users/bob/Documents/Codex/2026-08-03-fire-os-7-framework-amazon-fire/decompiled/jadx/systemui/sources/com/amazon/keyguard/AmazonAuthenticationController.java	this.mChildLockEditText.setOnFocusChangeListener(new View.OnFocusChangeListener() { // from class: com.amazon.keyguard.AmazonAuthenticationController.19
/Users/bob/Documents/Codex/2026-08-03-fire-os-7-framework-amazon-fire/decompiled/jadx/systemui/sources/com/amazon/keyguard/AmazonAuthenticationController.java	this.mFactoryDialog = showAlertDialog(this.mContext.getString(com.android.systemui.R.string.keyguard_factory_reset_title), view2, com.android.systemui.R.string.wait, com.android.systemui.R.string.reset_pwd, new DialogInterface.OnClickListener() { // from class: com.amazon.keyguard.AmazonAuthenticationController.13
/Users/bob/Documents/Codex/2026-08-03-fire-os-7-framework-amazon-fire/decompiled/jadx/systemui/sources/com/amazon/keyguard/AmazonAuthenticationController.java	this.mHandler = new Handler(Looper.getMainLooper()) { // from class: com.amazon.keyguard.AmazonAuthenticationController.2
/Users/bob/Documents/Codex/2026-08-03-fire-os-7-framework-amazon-fire/decompiled/jadx/systemui/sources/com/amazon/keyguard/AmazonAuthenticationController.java	this.mHandler.postDelayed(new Runnable() { // from class: com.amazon.keyguard.AmazonAuthenticationController.25
/Users/bob/Documents/Codex/2026-08-03-fire-os-7-framework-amazon-fire/decompiled/jadx/systemui/sources/com/amazon/keyguard/AmazonAuthenticationController.java	this.mInputView.addTextChangedListener(new TextWatcher() { // from class: com.amazon.keyguard.AmazonAuthenticationController.10
/Users/bob/Documents/Codex/2026-08-03-fire-os-7-framework-amazon-fire/decompiled/jadx/systemui/sources/com/amazon/keyguard/AmazonAuthenticationController.java	this.mInputView.setOnEditorActionListener(new TextView.OnEditorActionListener() { // from class: com.amazon.keyguard.AmazonAuthenticationController.9
/Users/bob/Documents/Codex/2026-08-03-fire-os-7-framework-amazon-fire/decompiled/jadx/systemui/sources/com/amazon/keyguard/AmazonAuthenticationController.java	this.mTimer = new CountDownTimer(secondsInFuture * 1000, 1000L) { // from class: com.amazon.keyguard.AmazonAuthenticationController.26
/Users/bob/Documents/Codex/2026-08-03-fire-os-7-framework-amazon-fire/decompiled/jadx/systemui/sources/com/amazon/keyguard/AmazonAuthenticationController.java	}, null, new DialogInterface.OnClickListener() { // from class: com.amazon.keyguard.AmazonAuthenticationController.18
/Users/bob/Documents/Codex/2026-08-03-fire-os-7-framework-amazon-fire/decompiled/jadx/systemui/sources/com/amazon/keyguard/AmazonKeyguardAbsKeyInputView.java	@Override // com.amazon.keyguard.AmazonResetPinStateCallback
/Users/bob/Documents/Codex/2026-08-03-fire-os-7-framework-amazon-fire/decompiled/jadx/systemui/sources/com/amazon/keyguard/AmazonKeyguardAbsKeyInputView.java	package com.amazon.keyguard;
/Users/bob/Documents/Codex/2026-08-03-fire-os-7-framework-amazon-fire/decompiled/jadx/systemui/sources/com/amazon/keyguard/AmazonKeyguardAbsKeyInputView.java	this.mPendingLockCheck = LockPatternChecker.checkPassword(this.mLockPatternUtils, entry, userId, new LockPatternChecker.OnCheckCallback() { // from class: com.amazon.keyguard.AmazonKeyguardAbsKeyInputView.1
/Users/bob/Documents/Codex/2026-08-03-fire-os-7-framework-amazon-fire/decompiled/jadx/systemui/sources/com/amazon/keyguard/AmazonKeyguardHelperActivity.java	Intent intent = new Intent("com.amazon.kindle.otter.settings.LAUNCH_CONFIRM_CREDENTIAL");
/Users/bob/Documents/Codex/2026-08-03-fire-os-7-framework-amazon-fire/decompiled/jadx/systemui/sources/com/amazon/keyguard/AmazonKeyguardHelperActivity.java	Intent intent = new Intent("com.amazon.parentalcontrols.VALIDATE_ADULT_USER");
/Users/bob/Documents/Codex/2026-08-03-fire-os-7-framework-amazon-fire/decompiled/jadx/systemui/sources/com/amazon/keyguard/AmazonKeyguardHelperActivity.java	Log.d("AmazonKeyguardHelperActivity", "com.amazon.kindle.otter.settings.LAUNCH_CONFIRM_CREDENTIAL returns RESULT_OK");
/Users/bob/Documents/Codex/2026-08-03-fire-os-7-framework-amazon-fire/decompiled/jadx/systemui/sources/com/amazon/keyguard/AmazonKeyguardHelperActivity.java	Log.e("AmazonKeyguardHelperActivity", "com.amazon.kindle.otter.settings.LAUNCH_CONFIRM_CREDENTIAL returns RESULT_CANCELED");
/Users/bob/Documents/Codex/2026-08-03-fire-os-7-framework-amazon-fire/decompiled/jadx/systemui/sources/com/amazon/keyguard/AmazonKeyguardHelperActivity.java	Log.e("AmazonKeyguardHelperActivity", "com.amazon.kindle.otter.settings.LAUNCH_CONFIRM_CREDENTIAL returns unknown error");
/Users/bob/Documents/Codex/2026-08-03-fire-os-7-framework-amazon-fire/decompiled/jadx/systemui/sources/com/amazon/keyguard/AmazonKeyguardHelperActivity.java	Log.e("AmazonKeyguardHelperActivity", "com.amazon.parentalcontrols.VALIDATE_ADULT_USER returns RESULT_CANCELED");
/Users/bob/Documents/Codex/2026-08-03-fire-os-7-framework-amazon-fire/decompiled/jadx/systemui/sources/com/amazon/keyguard/AmazonKeyguardHelperActivity.java	Log.e("AmazonKeyguardHelperActivity", "com.amazon.parentalcontrols.VALIDATE_ADULT_USER returns unknown error");
/Users/bob/Documents/Codex/2026-08-03-fire-os-7-framework-amazon-fire/decompiled/jadx/systemui/sources/com/amazon/keyguard/AmazonKeyguardHelperActivity.java	Log.i("AmazonKeyguardHelperActivity", "com.amazon.parentalcontrols.VALIDATE_ADULT_USER returns RESULT_OK");
/Users/bob/Documents/Codex/2026-08-03-fire-os-7-framework-amazon-fire/decompiled/jadx/systemui/sources/com/amazon/keyguard/AmazonKeyguardHelperActivity.java	import com.amazon.systemui.AmazonAuthenticationSupportService;
/Users/bob/Documents/Codex/2026-08-03-fire-os-7-framework-amazon-fire/decompiled/jadx/systemui/sources/com/amazon/keyguard/AmazonKeyguardHelperActivity.java	package com.amazon.keyguard;
/Users/bob/Documents/Codex/2026-08-03-fire-os-7-framework-amazon-fire/decompiled/jadx/systemui/sources/com/amazon/keyguard/AmazonKeyguardHelperActivity.java	private final KeyguardUpdateMonitorCallback mKeyguardUpdateMonitorCallback = new KeyguardUpdateMonitorCallback() { // from class: com.amazon.keyguard.AmazonKeyguardHelperActivity.1
/Users/bob/Documents/Codex/2026-08-03-fire-os-7-framework-amazon-fire/decompiled/jadx/systemui/sources/com/amazon/keyguard/AmazonKeyguardHideSensitiveComponentActivity.java	import com.amazon.systemui.statusbar.policy.AmazonUserSwitcherController;
/Users/bob/Documents/Codex/2026-08-03-fire-os-7-framework-amazon-fire/decompiled/jadx/systemui/sources/com/amazon/keyguard/AmazonKeyguardHideSensitiveComponentActivity.java	package com.amazon.keyguard;
/Users/bob/Documents/Codex/2026-08-03-fire-os-7-framework-amazon-fire/decompiled/jadx/systemui/sources/com/amazon/keyguard/AmazonKeyguardHideSensitiveComponentActivity.java	private final KeyguardManager.KeyguardDismissCallback KEYGUARD_CALLBACK = new KeyguardManager.KeyguardDismissCallback() { // from class: com.amazon.keyguard.AmazonKeyguardHideSensitiveComponentActivity.1
/Users/bob/Documents/Codex/2026-08-03-fire-os-7-framework-amazon-fire/decompiled/jadx/systemui/sources/com/amazon/keyguard/AmazonKeyguardHideSensitiveComponentActivity.java	private final KeyguardUpdateMonitorCallback mKeyguardUpdateMonitorCallback = new KeyguardUpdateMonitorCallback() { // from class: com.amazon.keyguard.AmazonKeyguardHideSensitiveComponentActivity.2
/Users/bob/Documents/Codex/2026-08-03-fire-os-7-framework-amazon-fire/decompiled/jadx/systemui/sources/com/amazon/keyguard/AmazonKeyguardHideSensitiveComponentActivity.java	private final Runnable POLL_RUNNABLE = new Runnable() { // from class: com.amazon.keyguard.AmazonKeyguardHideSensitiveComponentActivity.DismissWatcher.1
/Users/bob/Documents/Codex/2026-08-03-fire-os-7-framework-amazon-fire/decompiled/jadx/systemui/sources/com/amazon/keyguard/AmazonKeyguardHideSensitiveComponentActivity.java	this.mHandler.post(new Runnable() { // from class: com.amazon.keyguard.AmazonKeyguardHideSensitiveComponentActivity.3
/Users/bob/Documents/Codex/2026-08-03-fire-os-7-framework-amazon-fire/decompiled/jadx/systemui/sources/com/amazon/keyguard/AmazonKeyguardHideSensitiveComponentActivity.java	this.mHandler.post(new Runnable() { // from class: com.amazon.keyguard.AmazonKeyguardHideSensitiveComponentActivity.4
/Users/bob/Documents/Codex/2026-08-03-fire-os-7-framework-amazon-fire/decompiled/jadx/systemui/sources/com/amazon/keyguard/AmazonKeyguardListAdapter.java	package com.amazon.keyguard;
/Users/bob/Documents/Codex/2026-08-03-fire-os-7-framework-amazon-fire/decompiled/jadx/systemui/sources/com/amazon/keyguard/AmazonKeyguardPasswordEditText.java	package com.amazon.keyguard;
/Users/bob/Documents/Codex/2026-08-03-fire-os-7-framework-amazon-fire/decompiled/jadx/systemui/sources/com/amazon/keyguard/AmazonKeyguardPinBasedInputView.java	import com.amazon.internal.widget.AmazonLockPatternUtils;
/Users/bob/Documents/Codex/2026-08-03-fire-os-7-framework-amazon-fire/decompiled/jadx/systemui/sources/com/amazon/keyguard/AmazonKeyguardPinBasedInputView.java	package com.amazon.keyguard;
/Users/bob/Documents/Codex/2026-08-03-fire-os-7-framework-amazon-fire/decompiled/jadx/systemui/sources/com/amazon/keyguard/AmazonKeyguardPinBasedInputView.java	postDelayed(new Runnable() { // from class: com.amazon.keyguard.AmazonKeyguardPinBasedInputView.1
/Users/bob/Documents/Codex/2026-08-03-fire-os-7-framework-amazon-fire/decompiled/jadx/systemui/sources/com/amazon/keyguard/AmazonKeyguardSecurityCallback.java	package com.amazon.keyguard;
/Users/bob/Documents/Codex/2026-08-03-fire-os-7-framework-amazon-fire/decompiled/jadx/systemui/sources/com/amazon/keyguard/AmazonKeyguardSecurityContainer.java	@Override // com.amazon.keyguard.AmazonKeyguardSecurityCallback
/Users/bob/Documents/Codex/2026-08-03-fire-os-7-framework-amazon-fire/decompiled/jadx/systemui/sources/com/amazon/keyguard/AmazonKeyguardSecurityContainer.java	@Override // com.amazon.keyguard.AmazonKeyguardUpdateMonitorCallback
/Users/bob/Documents/Codex/2026-08-03-fire-os-7-framework-amazon-fire/decompiled/jadx/systemui/sources/com/amazon/keyguard/AmazonKeyguardSecurityContainer.java	dialog.setOnDismissListener(new DialogInterface.OnDismissListener() { // from class: com.amazon.keyguard.AmazonKeyguardSecurityContainer.7
/Users/bob/Documents/Codex/2026-08-03-fire-os-7-framework-amazon-fire/decompiled/jadx/systemui/sources/com/amazon/keyguard/AmazonKeyguardSecurityContainer.java	import com.amazon.android.lockscreen.LockScreenManager;
/Users/bob/Documents/Codex/2026-08-03-fire-os-7-framework-amazon-fire/decompiled/jadx/systemui/sources/com/amazon/keyguard/AmazonKeyguardSecurityContainer.java	import com.amazon.internal.widget.AmazonLockPatternUtils;
/Users/bob/Documents/Codex/2026-08-03-fire-os-7-framework-amazon-fire/decompiled/jadx/systemui/sources/com/amazon/keyguard/AmazonKeyguardSecurityContainer.java	import com.amazon.keyguard.widget.AmazonStateEditText;
/Users/bob/Documents/Codex/2026-08-03-fire-os-7-framework-amazon-fire/decompiled/jadx/systemui/sources/com/amazon/keyguard/AmazonKeyguardSecurityContainer.java	import com.amazon.systemui.utils.AmazonSystemUIMetricsManager;
/Users/bob/Documents/Codex/2026-08-03-fire-os-7-framework-amazon-fire/decompiled/jadx/systemui/sources/com/amazon/keyguard/AmazonKeyguardSecurityContainer.java	new Thread(new Runnable() { // from class: com.amazon.keyguard.AmazonKeyguardSecurityContainer.8.1
/Users/bob/Documents/Codex/2026-08-03-fire-os-7-framework-amazon-fire/decompiled/jadx/systemui/sources/com/amazon/keyguard/AmazonKeyguardSecurityContainer.java	package com.amazon.keyguard;
/Users/bob/Documents/Codex/2026-08-03-fire-os-7-framework-amazon-fire/decompiled/jadx/systemui/sources/com/amazon/keyguard/AmazonKeyguardSecurityContainer.java	return showAlertStyleDialog(title, message, R.string.ok, new DialogInterface.OnClickListener() { // from class: com.amazon.keyguard.AmazonKeyguardSecurityContainer.6
/Users/bob/Documents/Codex/2026-08-03-fire-os-7-framework-amazon-fire/decompiled/jadx/systemui/sources/com/amazon/keyguard/AmazonKeyguardSecurityContainer.java	showAlertStyleDialog(null, message, R.string.ok, R.string.reset_pwd, new DialogInterface.OnClickListener() { // from class: com.amazon.keyguard.AmazonKeyguardSecurityContainer.4
/Users/bob/Documents/Codex/2026-08-03-fire-os-7-framework-amazon-fire/decompiled/jadx/systemui/sources/com/amazon/keyguard/AmazonKeyguardSecurityContainer.java	this.mAuthenticationController.launchAdultPinReset(new DialogInterface.OnClickListener() { // from class: com.amazon.keyguard.AmazonKeyguardSecurityContainer.9
/Users/bob/Documents/Codex/2026-08-03-fire-os-7-framework-amazon-fire/decompiled/jadx/systemui/sources/com/amazon/keyguard/AmazonKeyguardSecurityContainer.java	this.mCallback = new AmazonKeyguardSecurityCallback() { // from class: com.amazon.keyguard.AmazonKeyguardSecurityContainer.3
/Users/bob/Documents/Codex/2026-08-03-fire-os-7-framework-amazon-fire/decompiled/jadx/systemui/sources/com/amazon/keyguard/AmazonKeyguardSecurityContainer.java	this.mHandler = new Handler() { // from class: com.amazon.keyguard.AmazonKeyguardSecurityContainer.1
/Users/bob/Documents/Codex/2026-08-03-fire-os-7-framework-amazon-fire/decompiled/jadx/systemui/sources/com/amazon/keyguard/AmazonKeyguardSecurityContainer.java	this.mNullCallback = new AmazonKeyguardSecurityCallback() { // from class: com.amazon.keyguard.AmazonKeyguardSecurityContainer.2
/Users/bob/Documents/Codex/2026-08-03-fire-os-7-framework-amazon-fire/decompiled/jadx/systemui/sources/com/amazon/keyguard/AmazonKeyguardSecurityContainer.java	this.mUpdateMonitorCallbacks = new AmazonKeyguardUpdateMonitorCallback() { // from class: com.amazon.keyguard.AmazonKeyguardSecurityContainer.8
/Users/bob/Documents/Codex/2026-08-03-fire-os-7-framework-amazon-fire/decompiled/jadx/systemui/sources/com/amazon/keyguard/AmazonKeyguardSecurityContainer.java	}, new DialogInterface.OnClickListener() { // from class: com.amazon.keyguard.AmazonKeyguardSecurityContainer.5
/Users/bob/Documents/Codex/2026-08-03-fire-os-7-framework-amazon-fire/decompiled/jadx/systemui/sources/com/amazon/keyguard/AmazonKeyguardStatusView.java	@Override // com.amazon.keyguard.AmazonKeyguardUpdateMonitorCallback
/Users/bob/Documents/Codex/2026-08-03-fire-os-7-framework-amazon-fire/decompiled/jadx/systemui/sources/com/amazon/keyguard/AmazonKeyguardStatusView.java	new Handler().post(new Runnable() { // from class: com.amazon.keyguard.AmazonKeyguardStatusView.2
/Users/bob/Documents/Codex/2026-08-03-fire-os-7-framework-amazon-fire/decompiled/jadx/systemui/sources/com/amazon/keyguard/AmazonKeyguardStatusView.java	package com.amazon.keyguard;
/Users/bob/Documents/Codex/2026-08-03-fire-os-7-framework-amazon-fire/decompiled/jadx/systemui/sources/com/amazon/keyguard/AmazonKeyguardStatusView.java	this.mAmazonInfoCallback = new AmazonKeyguardUpdateMonitorCallback() { // from class: com.amazon.keyguard.AmazonKeyguardStatusView.3
/Users/bob/Documents/Codex/2026-08-03-fire-os-7-framework-amazon-fire/decompiled/jadx/systemui/sources/com/amazon/keyguard/AmazonKeyguardStatusView.java	this.mInfoCallback = new KeyguardUpdateMonitorCallback() { // from class: com.amazon.keyguard.AmazonKeyguardStatusView.1
/Users/bob/Documents/Codex/2026-08-03-fire-os-7-framework-amazon-fire/decompiled/jadx/systemui/sources/com/amazon/keyguard/AmazonKeyguardStyleHelper.java	package com.amazon.keyguard;
/Users/bob/Documents/Codex/2026-08-03-fire-os-7-framework-amazon-fire/decompiled/jadx/systemui/sources/com/amazon/keyguard/AmazonKeyguardUpdateMonitor.java	@Override // com.amazon.systemui.utils.DemoModeController.DemoModeCallback
/Users/bob/Documents/Codex/2026-08-03-fire-os-7-framework-amazon-fire/decompiled/jadx/systemui/sources/com/amazon/keyguard/AmazonKeyguardUpdateMonitor.java	AsyncTask.execute(new Runnable() { // from class: com.amazon.keyguard.AmazonKeyguardUpdateMonitor.7.1
/Users/bob/Documents/Codex/2026-08-03-fire-os-7-framework-amazon-fire/decompiled/jadx/systemui/sources/com/amazon/keyguard/AmazonKeyguardUpdateMonitor.java	filter.addAction("com.amazon.dcp.sso.action.account.added");
/Users/bob/Documents/Codex/2026-08-03-fire-os-7-framework-amazon-fire/decompiled/jadx/systemui/sources/com/amazon/keyguard/AmazonKeyguardUpdateMonitor.java	filter.addAction("com.amazon.dcp.sso.action.account.removed");
/Users/bob/Documents/Codex/2026-08-03-fire-os-7-framework-amazon-fire/decompiled/jadx/systemui/sources/com/amazon/keyguard/AmazonKeyguardUpdateMonitor.java	filter.addAction("com.amazon.kindle.test.action.STYLE_UPDATE");
/Users/bob/Documents/Codex/2026-08-03-fire-os-7-framework-amazon-fire/decompiled/jadx/systemui/sources/com/amazon/keyguard/AmazonKeyguardUpdateMonitor.java	if ("com.amazon.dcp.sso.action.account.added".equals(action)) {
/Users/bob/Documents/Codex/2026-08-03-fire-os-7-framework-amazon-fire/decompiled/jadx/systemui/sources/com/amazon/keyguard/AmazonKeyguardUpdateMonitor.java	if ("com.amazon.dcp.sso.action.account.removed".equals(action)) {
/Users/bob/Documents/Codex/2026-08-03-fire-os-7-framework-amazon-fire/decompiled/jadx/systemui/sources/com/amazon/keyguard/AmazonKeyguardUpdateMonitor.java	if ("com.amazon.kindle.test.action.STYLE_UPDATE".equals(action)) {
/Users/bob/Documents/Codex/2026-08-03-fire-os-7-framework-amazon-fire/decompiled/jadx/systemui/sources/com/amazon/keyguard/AmazonKeyguardUpdateMonitor.java	import com.amazon.systemui.utils.DemoModeController;
/Users/bob/Documents/Codex/2026-08-03-fire-os-7-framework-amazon-fire/decompiled/jadx/systemui/sources/com/amazon/keyguard/AmazonKeyguardUpdateMonitor.java	package com.amazon.keyguard;
/Users/bob/Documents/Codex/2026-08-03-fire-os-7-framework-amazon-fire/decompiled/jadx/systemui/sources/com/amazon/keyguard/AmazonKeyguardUpdateMonitor.java	private BroadcastReceiver mAmazonReciever = new BroadcastReceiver() { // from class: com.amazon.keyguard.AmazonKeyguardUpdateMonitor.2
/Users/bob/Documents/Codex/2026-08-03-fire-os-7-framework-amazon-fire/decompiled/jadx/systemui/sources/com/amazon/keyguard/AmazonKeyguardUpdateMonitor.java	private KeyguardUpdateMonitorCallback mUpdateCallback = new KeyguardUpdateMonitorCallback() { // from class: com.amazon.keyguard.AmazonKeyguardUpdateMonitor.7
/Users/bob/Documents/Codex/2026-08-03-fire-os-7-framework-amazon-fire/decompiled/jadx/systemui/sources/com/amazon/keyguard/AmazonKeyguardUpdateMonitor.java	private final Handler mHandler = new Handler() { // from class: com.amazon.keyguard.AmazonKeyguardUpdateMonitor.1
/Users/bob/Documents/Codex/2026-08-03-fire-os-7-framework-amazon-fire/decompiled/jadx/systemui/sources/com/amazon/keyguard/AmazonKeyguardUpdateMonitor.java	private final String DEBUG_ACTION = "com.amazon.kindle.test.action.STYLE_UPDATE";
/Users/bob/Documents/Codex/2026-08-03-fire-os-7-framework-amazon-fire/decompiled/jadx/systemui/sources/com/amazon/keyguard/AmazonKeyguardUpdateMonitor.java	this.mCurfewSetupObserver = new ContentObserver(this.mHandler) { // from class: com.amazon.keyguard.AmazonKeyguardUpdateMonitor.6
/Users/bob/Documents/Codex/2026-08-03-fire-os-7-framework-amazon-fire/decompiled/jadx/systemui/sources/com/amazon/keyguard/AmazonKeyguardUpdateMonitor.java	this.mDemoModeController.registerCallback(new DemoModeController.DemoModeCallback() { // from class: com.amazon.keyguard.AmazonKeyguardUpdateMonitor.3
/Users/bob/Documents/Codex/2026-08-03-fire-os-7-framework-amazon-fire/decompiled/jadx/systemui/sources/com/amazon/keyguard/AmazonKeyguardUpdateMonitor.java	this.mDtcpStateObserver = new ContentObserver(new Handler()) { // from class: com.amazon.keyguard.AmazonKeyguardUpdateMonitor.4
/Users/bob/Documents/Codex/2026-08-03-fire-os-7-framework-amazon-fire/decompiled/jadx/systemui/sources/com/amazon/keyguard/AmazonKeyguardUpdateMonitor.java	this.mFactoryResetDisabledObserver = new ContentObserver(this.mHandler) { // from class: com.amazon.keyguard.AmazonKeyguardUpdateMonitor.8
/Users/bob/Documents/Codex/2026-08-03-fire-os-7-framework-amazon-fire/decompiled/jadx/systemui/sources/com/amazon/keyguard/AmazonKeyguardUpdateMonitor.java	this.mLockscreenSearchTreatmentObserver = new ContentObserver(this.mHandler) { // from class: com.amazon.keyguard.AmazonKeyguardUpdateMonitor.10
/Users/bob/Documents/Codex/2026-08-03-fire-os-7-framework-amazon-fire/decompiled/jadx/systemui/sources/com/amazon/keyguard/AmazonKeyguardUpdateMonitor.java	this.mOOBESetupObserver = new ContentObserver(this.mHandler) { // from class: com.amazon.keyguard.AmazonKeyguardUpdateMonitor.5
/Users/bob/Documents/Codex/2026-08-03-fire-os-7-framework-amazon-fire/decompiled/jadx/systemui/sources/com/amazon/keyguard/AmazonKeyguardUpdateMonitor.java	this.mParentalControlsObserver = new ContentObserver(this.mHandler) { // from class: com.amazon.keyguard.AmazonKeyguardUpdateMonitor.9
/Users/bob/Documents/Codex/2026-08-03-fire-os-7-framework-amazon-fire/decompiled/jadx/systemui/sources/com/amazon/keyguard/AmazonKeyguardUpdateMonitorCallback.java	package com.amazon.keyguard;
/Users/bob/Documents/Codex/2026-08-03-fire-os-7-framework-amazon-fire/decompiled/jadx/systemui/sources/com/amazon/keyguard/AmazonKeyguardUtils.java	Intent wifiSettingsIntent2 = new Intent("com.amazon.tahoe.action.FREETIME_WIRELESS_SETTINGS");
/Users/bob/Documents/Codex/2026-08-03-fire-os-7-framework-amazon-fire/decompiled/jadx/systemui/sources/com/amazon/keyguard/AmazonKeyguardUtils.java	package com.amazon.keyguard;
/Users/bob/Documents/Codex/2026-08-03-fire-os-7-framework-amazon-fire/decompiled/jadx/systemui/sources/com/amazon/keyguard/AmazonResetPinStateCallback.java	package com.amazon.keyguard;
/Users/bob/Documents/Codex/2026-08-03-fire-os-7-framework-amazon-fire/decompiled/jadx/systemui/sources/com/amazon/keyguard/AmazonResetUnlockScreen.java	package com.amazon.keyguard;
/Users/bob/Documents/Codex/2026-08-03-fire-os-7-framework-amazon-fire/decompiled/jadx/systemui/sources/com/amazon/keyguard/AmazonUserInfoController.java	import com.amazon.systemui.utils.AmazonSystemUIMetricsManager;
/Users/bob/Documents/Codex/2026-08-03-fire-os-7-framework-amazon-fire/decompiled/jadx/systemui/sources/com/amazon/keyguard/AmazonUserInfoController.java	package com.amazon.keyguard;
/Users/bob/Documents/Codex/2026-08-03-fire-os-7-framework-amazon-fire/decompiled/jadx/systemui/sources/com/amazon/keyguard/AmazonViewMediatorCallback.java	package com.amazon.keyguard;
/Users/bob/Documents/Codex/2026-08-03-fire-os-7-framework-amazon-fire/decompiled/jadx/systemui/sources/com/amazon/keyguard/OnResetPasswordRequestCallback.java	package com.amazon.keyguard;
/Users/bob/Documents/Codex/2026-08-03-fire-os-7-framework-amazon-fire/decompiled/jadx/systemui/sources/com/amazon/keyguard/bootup/AmazonBootUpListener.java	package com.amazon.keyguard.bootup;
/Users/bob/Documents/Codex/2026-08-03-fire-os-7-framework-amazon-fire/decompiled/jadx/systemui/sources/com/amazon/keyguard/widget/AmazonStateEditText.java	import com.amazon.keyguard.AmazonKeyguardUtils;
/Users/bob/Documents/Codex/2026-08-03-fire-os-7-framework-amazon-fire/decompiled/jadx/systemui/sources/com/amazon/keyguard/widget/AmazonStateEditText.java	package com.amazon.keyguard.widget;
/Users/bob/Documents/Codex/2026-08-03-fire-os-7-framework-amazon-fire/decompiled/jadx/systemui/sources/com/amazon/keyguard/widget/AmazonTextClock.java	import com.amazon.keyguard.AmazonKeyguardUtils;
/Users/bob/Documents/Codex/2026-08-03-fire-os-7-framework-amazon-fire/decompiled/jadx/systemui/sources/com/amazon/keyguard/widget/AmazonTextClock.java	import com.amazon.keyguard.AmazonUserInfoController;
/Users/bob/Documents/Codex/2026-08-03-fire-os-7-framework-amazon-fire/decompiled/jadx/systemui/sources/com/amazon/keyguard/widget/AmazonTextClock.java	package com.amazon.keyguard.widget;
/Users/bob/Documents/Codex/2026-08-03-fire-os-7-framework-amazon-fire/decompiled/jadx/systemui/sources/com/amazon/liquiddetection/ILiquidDetectionEventListener.java	@Override // com.amazon.liquiddetection.ILiquidDetectionEventListener
/Users/bob/Documents/Codex/2026-08-03-fire-os-7-framework-amazon-fire/decompiled/jadx/systemui/sources/com/amazon/liquiddetection/ILiquidDetectionEventListener.java	IInterface iin = obj.queryLocalInterface("com.amazon.liquiddetection.ILiquidDetectionEventListener");
/Users/bob/Documents/Codex/2026-08-03-fire-os-7-framework-amazon-fire/decompiled/jadx/systemui/sources/com/amazon/liquiddetection/ILiquidDetectionEventListener.java	_data.writeInterfaceToken("com.amazon.liquiddetection.ILiquidDetectionEventListener");
/Users/bob/Documents/Codex/2026-08-03-fire-os-7-framework-amazon-fire/decompiled/jadx/systemui/sources/com/amazon/liquiddetection/ILiquidDetectionEventListener.java	attachInterface(this, "com.amazon.liquiddetection.ILiquidDetectionEventListener");
/Users/bob/Documents/Codex/2026-08-03-fire-os-7-framework-amazon-fire/decompiled/jadx/systemui/sources/com/amazon/liquiddetection/ILiquidDetectionEventListener.java	data.enforceInterface("com.amazon.liquiddetection.ILiquidDetectionEventListener");
/Users/bob/Documents/Codex/2026-08-03-fire-os-7-framework-amazon-fire/decompiled/jadx/systemui/sources/com/amazon/liquiddetection/ILiquidDetectionEventListener.java	package com.amazon.liquiddetection;
/Users/bob/Documents/Codex/2026-08-03-fire-os-7-framework-amazon-fire/decompiled/jadx/systemui/sources/com/amazon/liquiddetection/ILiquidDetectionEventListener.java	reply.writeString("com.amazon.liquiddetection.ILiquidDetectionEventListener");
/Users/bob/Documents/Codex/2026-08-03-fire-os-7-framework-amazon-fire/decompiled/jadx/systemui/sources/com/amazon/liquiddetection/ILiquidDetectionManager.java	@Override // com.amazon.liquiddetection.ILiquidDetectionManager
/Users/bob/Documents/Codex/2026-08-03-fire-os-7-framework-amazon-fire/decompiled/jadx/systemui/sources/com/amazon/liquiddetection/ILiquidDetectionManager.java	IInterface iin = obj.queryLocalInterface("com.amazon.liquiddetection.ILiquidDetectionManager");
/Users/bob/Documents/Codex/2026-08-03-fire-os-7-framework-amazon-fire/decompiled/jadx/systemui/sources/com/amazon/liquiddetection/ILiquidDetectionManager.java	_data.writeInterfaceToken("com.amazon.liquiddetection.ILiquidDetectionManager");
/Users/bob/Documents/Codex/2026-08-03-fire-os-7-framework-amazon-fire/decompiled/jadx/systemui/sources/com/amazon/liquiddetection/ILiquidDetectionManager.java	data.enforceInterface("com.amazon.liquiddetection.ILiquidDetectionManager");
/Users/bob/Documents/Codex/2026-08-03-fire-os-7-framework-amazon-fire/decompiled/jadx/systemui/sources/com/amazon/liquiddetection/ILiquidDetectionManager.java	package com.amazon.liquiddetection;
/Users/bob/Documents/Codex/2026-08-03-fire-os-7-framework-amazon-fire/decompiled/jadx/systemui/sources/com/amazon/liquiddetection/ILiquidDetectionManager.java	reply.writeString("com.amazon.liquiddetection.ILiquidDetectionManager");
/Users/bob/Documents/Codex/2026-08-03-fire-os-7-framework-amazon-fire/decompiled/jadx/systemui/sources/com/amazon/liquiddetection/LiquidDetectionEventListener.java	package com.amazon.liquiddetection;
/Users/bob/Documents/Codex/2026-08-03-fire-os-7-framework-amazon-fire/decompiled/jadx/systemui/sources/com/amazon/liquiddetection/LiquidDetectionManager.java	@Override // com.amazon.liquiddetection.ILiquidDetectionEventListener
/Users/bob/Documents/Codex/2026-08-03-fire-os-7-framework-amazon-fire/decompiled/jadx/systemui/sources/com/amazon/liquiddetection/LiquidDetectionManager.java	package com.amazon.liquiddetection;
/Users/bob/Documents/Codex/2026-08-03-fire-os-7-framework-amazon-fire/decompiled/jadx/systemui/sources/com/amazon/minerva/client/platform/AmazonMinerva.java	package com.amazon.minerva.client.platform;
/Users/bob/Documents/Codex/2026-08-03-fire-os-7-framework-amazon-fire/decompiled/jadx/systemui/sources/com/amazon/minerva/client/platform/AmazonMinervaLoggerClient.java	@Override // com.amazon.minerva.client.platform.AmazonMinerva
/Users/bob/Documents/Codex/2026-08-03-fire-os-7-framework-amazon-fire/decompiled/jadx/systemui/sources/com/amazon/minerva/client/platform/AmazonMinervaLoggerClient.java	package com.amazon.minerva.client.platform;
/Users/bob/Documents/Codex/2026-08-03-fire-os-7-framework-amazon-fire/decompiled/jadx/systemui/sources/com/amazon/minerva/client/platform/DataPoint.java	package com.amazon.minerva.client.platform;
/Users/bob/Documents/Codex/2026-08-03-fire-os-7-framework-amazon-fire/decompiled/jadx/systemui/sources/com/amazon/minerva/client/platform/MetricEvent.java	package com.amazon.minerva.client.platform;
/Users/bob/Documents/Codex/2026-08-03-fire-os-7-framework-amazon-fire/decompiled/jadx/systemui/sources/com/amazon/minerva/client/platform/Predefined.java	package com.amazon.minerva.client.platform;
/Users/bob/Documents/Codex/2026-08-03-fire-os-7-framework-amazon-fire/decompiled/jadx/systemui/sources/com/amazon/minerva/client/platform/Timestamp.java	package com.amazon.minerva.client.platform;
/Users/bob/Documents/Codex/2026-08-03-fire-os-7-framework-amazon-fire/decompiled/jadx/systemui/sources/com/amazon/minerva/client/platform/TypedValue.java	package com.amazon.minerva.client.platform;
/Users/bob/Documents/Codex/2026-08-03-fire-os-7-framework-amazon-fire/decompiled/jadx/systemui/sources/com/amazon/minerva/client/platform/ValueType.java	@Override // com.amazon.minerva.client.platform.ValueType
/Users/bob/Documents/Codex/2026-08-03-fire-os-7-framework-amazon-fire/decompiled/jadx/systemui/sources/com/amazon/minerva/client/platform/ValueType.java	BOOLEAN(Boolean.class) { // from class: com.amazon.minerva.client.platform.ValueType.1
/Users/bob/Documents/Codex/2026-08-03-fire-os-7-framework-amazon-fire/decompiled/jadx/systemui/sources/com/amazon/minerva/client/platform/ValueType.java	FLOAT(Double.class) { // from class: com.amazon.minerva.client.platform.ValueType.3
/Users/bob/Documents/Codex/2026-08-03-fire-os-7-framework-amazon-fire/decompiled/jadx/systemui/sources/com/amazon/minerva/client/platform/ValueType.java	INTEGER(Long.class) { // from class: com.amazon.minerva.client.platform.ValueType.2
/Users/bob/Documents/Codex/2026-08-03-fire-os-7-framework-amazon-fire/decompiled/jadx/systemui/sources/com/amazon/minerva/client/platform/ValueType.java	STRING(String.class) { // from class: com.amazon.minerva.client.platform.ValueType.5
/Users/bob/Documents/Codex/2026-08-03-fire-os-7-framework-amazon-fire/decompiled/jadx/systemui/sources/com/amazon/minerva/client/platform/ValueType.java	SYMBOL(String.class) { // from class: com.amazon.minerva.client.platform.ValueType.6
/Users/bob/Documents/Codex/2026-08-03-fire-os-7-framework-amazon-fire/decompiled/jadx/systemui/sources/com/amazon/minerva/client/platform/ValueType.java	TIMESTAMP(Timestamp.class) { // from class: com.amazon.minerva.client.platform.ValueType.4
/Users/bob/Documents/Codex/2026-08-03-fire-os-7-framework-amazon-fire/decompiled/jadx/systemui/sources/com/amazon/minerva/client/platform/ValueType.java	package com.amazon.minerva.client.platform;
/Users/bob/Documents/Codex/2026-08-03-fire-os-7-framework-amazon-fire/decompiled/jadx/systemui/sources/com/amazon/server/statusbar/IAmazonStatusBar.java	@Override // com.amazon.server.statusbar.IAmazonStatusBar
/Users/bob/Documents/Codex/2026-08-03-fire-os-7-framework-amazon-fire/decompiled/jadx/systemui/sources/com/amazon/server/statusbar/IAmazonStatusBar.java	IInterface iin = obj.queryLocalInterface("com.amazon.server.statusbar.IAmazonStatusBar");
/Users/bob/Documents/Codex/2026-08-03-fire-os-7-framework-amazon-fire/decompiled/jadx/systemui/sources/com/amazon/server/statusbar/IAmazonStatusBar.java	_data.writeInterfaceToken("com.amazon.server.statusbar.IAmazonStatusBar");
/Users/bob/Documents/Codex/2026-08-03-fire-os-7-framework-amazon-fire/decompiled/jadx/systemui/sources/com/amazon/server/statusbar/IAmazonStatusBar.java	attachInterface(this, "com.amazon.server.statusbar.IAmazonStatusBar");
/Users/bob/Documents/Codex/2026-08-03-fire-os-7-framework-amazon-fire/decompiled/jadx/systemui/sources/com/amazon/server/statusbar/IAmazonStatusBar.java	data.enforceInterface("com.amazon.server.statusbar.IAmazonStatusBar");
/Users/bob/Documents/Codex/2026-08-03-fire-os-7-framework-amazon-fire/decompiled/jadx/systemui/sources/com/amazon/server/statusbar/IAmazonStatusBar.java	package com.amazon.server.statusbar;
/Users/bob/Documents/Codex/2026-08-03-fire-os-7-framework-amazon-fire/decompiled/jadx/systemui/sources/com/amazon/server/statusbar/IAmazonStatusBar.java	reply.writeString("com.amazon.server.statusbar.IAmazonStatusBar");
/Users/bob/Documents/Codex/2026-08-03-fire-os-7-framework-amazon-fire/decompiled/jadx/systemui/sources/com/amazon/server/statusbar/IAmazonStatusBarService.java	@Override // com.amazon.server.statusbar.IAmazonStatusBarService
/Users/bob/Documents/Codex/2026-08-03-fire-os-7-framework-amazon-fire/decompiled/jadx/systemui/sources/com/amazon/server/statusbar/IAmazonStatusBarService.java	IInterface iin = obj.queryLocalInterface("com.amazon.server.statusbar.IAmazonStatusBarService");
/Users/bob/Documents/Codex/2026-08-03-fire-os-7-framework-amazon-fire/decompiled/jadx/systemui/sources/com/amazon/server/statusbar/IAmazonStatusBarService.java	_data.writeInterfaceToken("com.amazon.server.statusbar.IAmazonStatusBarService");
/Users/bob/Documents/Codex/2026-08-03-fire-os-7-framework-amazon-fire/decompiled/jadx/systemui/sources/com/amazon/server/statusbar/IAmazonStatusBarService.java	data.enforceInterface("com.amazon.server.statusbar.IAmazonStatusBarService");
/Users/bob/Documents/Codex/2026-08-03-fire-os-7-framework-amazon-fire/decompiled/jadx/systemui/sources/com/amazon/server/statusbar/IAmazonStatusBarService.java	package com.amazon.server.statusbar;
/Users/bob/Documents/Codex/2026-08-03-fire-os-7-framework-amazon-fire/decompiled/jadx/systemui/sources/com/amazon/server/statusbar/IAmazonStatusBarService.java	reply.writeString("com.amazon.server.statusbar.IAmazonStatusBarService");
/Users/bob/Documents/Codex/2026-08-03-fire-os-7-framework-amazon-fire/decompiled/jadx/systemui/sources/com/amazon/systemui/AmazonAuthenticationSupportService.java	import com.amazon.keyguard.AmazonAuthenticationController;
/Users/bob/Documents/Codex/2026-08-03-fire-os-7-framework-amazon-fire/decompiled/jadx/systemui/sources/com/amazon/systemui/AmazonAuthenticationSupportService.java	import com.amazon.keyguard.AmazonKeyguardUtils;
/Users/bob/Documents/Codex/2026-08-03-fire-os-7-framework-amazon-fire/decompiled/jadx/systemui/sources/com/amazon/systemui/AmazonAuthenticationSupportService.java	import com.amazon.systemui.statusbar.policy.AmazonUserSwitcherController;
/Users/bob/Documents/Codex/2026-08-03-fire-os-7-framework-amazon-fire/decompiled/jadx/systemui/sources/com/amazon/systemui/AmazonAuthenticationSupportService.java	package com.amazon.systemui;
/Users/bob/Documents/Codex/2026-08-03-fire-os-7-framework-amazon-fire/decompiled/jadx/systemui/sources/com/amazon/systemui/AmazonBatteryMeterView.java	@Override // com.amazon.keyguard.AmazonKeyguardUpdateMonitorCallback
/Users/bob/Documents/Codex/2026-08-03-fire-os-7-framework-amazon-fire/decompiled/jadx/systemui/sources/com/amazon/systemui/AmazonBatteryMeterView.java	import com.amazon.keyguard.AmazonKeyguardStyleHelper;
/Users/bob/Documents/Codex/2026-08-03-fire-os-7-framework-amazon-fire/decompiled/jadx/systemui/sources/com/amazon/systemui/AmazonBatteryMeterView.java	import com.amazon.keyguard.AmazonKeyguardUpdateMonitor;
/Users/bob/Documents/Codex/2026-08-03-fire-os-7-framework-amazon-fire/decompiled/jadx/systemui/sources/com/amazon/systemui/AmazonBatteryMeterView.java	import com.amazon.keyguard.AmazonKeyguardUpdateMonitorCallback;
/Users/bob/Documents/Codex/2026-08-03-fire-os-7-framework-amazon-fire/decompiled/jadx/systemui/sources/com/amazon/systemui/AmazonBatteryMeterView.java	package com.amazon.systemui;
/Users/bob/Documents/Codex/2026-08-03-fire-os-7-framework-amazon-fire/decompiled/jadx/systemui/sources/com/amazon/systemui/AmazonBatteryMeterView.java	this.mAmazonUpdateMonitorCallback = new AmazonKeyguardUpdateMonitorCallback() { // from class: com.amazon.systemui.AmazonBatteryMeterView.1
/Users/bob/Documents/Codex/2026-08-03-fire-os-7-framework-amazon-fire/decompiled/jadx/systemui/sources/com/amazon/systemui/AmazonBatteryMeterView.java	this.testRunnable = new Runnable() { // from class: com.amazon.systemui.AmazonBatteryMeterView.BatteryTracker.1
/Users/bob/Documents/Codex/2026-08-03-fire-os-7-framework-amazon-fire/decompiled/jadx/systemui/sources/com/amazon/systemui/AmazonLinearLayout.java	package com.amazon.systemui;
/Users/bob/Documents/Codex/2026-08-03-fire-os-7-framework-amazon-fire/decompiled/jadx/systemui/sources/com/amazon/systemui/AmazonMoonlightNotification.java	@Override // com.amazon.systemui.statusbar.policy.AmazonMoonlightController.MoonlightStateChangedListener
/Users/bob/Documents/Codex/2026-08-03-fire-os-7-framework-amazon-fire/decompiled/jadx/systemui/sources/com/amazon/systemui/AmazonMoonlightNotification.java	import com.amazon.keyguard.AmazonKeyguardUtils;
/Users/bob/Documents/Codex/2026-08-03-fire-os-7-framework-amazon-fire/decompiled/jadx/systemui/sources/com/amazon/systemui/AmazonMoonlightNotification.java	import com.amazon.keyguard.AmazonUserInfoController;
/Users/bob/Documents/Codex/2026-08-03-fire-os-7-framework-amazon-fire/decompiled/jadx/systemui/sources/com/amazon/systemui/AmazonMoonlightNotification.java	import com.amazon.systemui.statusbar.policy.AmazonMoonlightController;
/Users/bob/Documents/Codex/2026-08-03-fire-os-7-framework-amazon-fire/decompiled/jadx/systemui/sources/com/amazon/systemui/AmazonMoonlightNotification.java	package com.amazon.systemui;
/Users/bob/Documents/Codex/2026-08-03-fire-os-7-framework-amazon-fire/decompiled/jadx/systemui/sources/com/amazon/systemui/AmazonMoonlightNotification.java	private final BroadcastReceiver mBroadcastReceiver = new BroadcastReceiver() { // from class: com.amazon.systemui.AmazonMoonlightNotification.1
/Users/bob/Documents/Codex/2026-08-03-fire-os-7-framework-amazon-fire/decompiled/jadx/systemui/sources/com/amazon/systemui/AmazonMoonlightNotification.java	private static String CLASS_NAME = "com.amazon.frameworksettings.moonlight.MoonlightActivity";
/Users/bob/Documents/Codex/2026-08-03-fire-os-7-framework-amazon-fire/decompiled/jadx/systemui/sources/com/amazon/systemui/AmazonMoonlightNotification.java	private static String PACKAGE_NAME = "com.amazon.frameworksettings";
/Users/bob/Documents/Codex/2026-08-03-fire-os-7-framework-amazon-fire/decompiled/jadx/systemui/sources/com/amazon/systemui/AmazonTextView.java	package com.amazon.systemui;
/Users/bob/Documents/Codex/2026-08-03-fire-os-7-framework-amazon-fire/decompiled/jadx/systemui/sources/com/amazon/systemui/AppOpsNotification.java	@Override // com.amazon.systemui.statusbar.policy.AmazonAppOpsManager.OnActiveOpsChangedListener
/Users/bob/Documents/Codex/2026-08-03-fire-os-7-framework-amazon-fire/decompiled/jadx/systemui/sources/com/amazon/systemui/AppOpsNotification.java	import com.amazon.keyguard.AmazonKeyguardUtils;
/Users/bob/Documents/Codex/2026-08-03-fire-os-7-framework-amazon-fire/decompiled/jadx/systemui/sources/com/amazon/systemui/AppOpsNotification.java	import com.amazon.systemui.statusbar.policy.AmazonAppOpsManager;
/Users/bob/Documents/Codex/2026-08-03-fire-os-7-framework-amazon-fire/decompiled/jadx/systemui/sources/com/amazon/systemui/AppOpsNotification.java	package com.amazon.systemui;
/Users/bob/Documents/Codex/2026-08-03-fire-os-7-framework-amazon-fire/decompiled/jadx/systemui/sources/com/amazon/systemui/LiquidDetectionNotification.java	@Override // com.amazon.liquiddetection.LiquidDetectionEventListener
/Users/bob/Documents/Codex/2026-08-03-fire-os-7-framework-amazon-fire/decompiled/jadx/systemui/sources/com/amazon/systemui/LiquidDetectionNotification.java	dBuilder.setOnDismissListener(new DialogInterface.OnDismissListener() { // from class: com.amazon.systemui.LiquidDetectionNotification.3
/Users/bob/Documents/Codex/2026-08-03-fire-os-7-framework-amazon-fire/decompiled/jadx/systemui/sources/com/amazon/systemui/LiquidDetectionNotification.java	filter.addAction("com.amazon.testliquiddetection");
/Users/bob/Documents/Codex/2026-08-03-fire-os-7-framework-amazon-fire/decompiled/jadx/systemui/sources/com/amazon/systemui/LiquidDetectionNotification.java	import com.amazon.keyguard.AmazonKeyguardUtils;
/Users/bob/Documents/Codex/2026-08-03-fire-os-7-framework-amazon-fire/decompiled/jadx/systemui/sources/com/amazon/systemui/LiquidDetectionNotification.java	import com.amazon.liquiddetection.LiquidDetectionEventListener;
/Users/bob/Documents/Codex/2026-08-03-fire-os-7-framework-amazon-fire/decompiled/jadx/systemui/sources/com/amazon/systemui/LiquidDetectionNotification.java	import com.amazon.liquiddetection.LiquidDetectionManager;
/Users/bob/Documents/Codex/2026-08-03-fire-os-7-framework-amazon-fire/decompiled/jadx/systemui/sources/com/amazon/systemui/LiquidDetectionNotification.java	import com.amazon.systemui.utils.LiquidDetectionVolumeHelper;
/Users/bob/Documents/Codex/2026-08-03-fire-os-7-framework-amazon-fire/decompiled/jadx/systemui/sources/com/amazon/systemui/LiquidDetectionNotification.java	package com.amazon.systemui;
/Users/bob/Documents/Codex/2026-08-03-fire-os-7-framework-amazon-fire/decompiled/jadx/systemui/sources/com/amazon/systemui/LiquidDetectionNotification.java	private final Runnable BUTTON_NEGATIVE_RUNNABLE = new Runnable() { // from class: com.amazon.systemui.LiquidDetectionNotification.1
/Users/bob/Documents/Codex/2026-08-03-fire-os-7-framework-amazon-fire/decompiled/jadx/systemui/sources/com/amazon/systemui/LiquidDetectionNotification.java	this.mHandler = new Handler() { // from class: com.amazon.systemui.LiquidDetectionNotification.2
/Users/bob/Documents/Codex/2026-08-03-fire-os-7-framework-amazon-fire/decompiled/jadx/systemui/sources/com/amazon/systemui/SGObserver.java	@Override // com.amazon.keyguard.AmazonKeyguardUpdateMonitorCallback
/Users/bob/Documents/Codex/2026-08-03-fire-os-7-framework-amazon-fire/decompiled/jadx/systemui/sources/com/amazon/systemui/SGObserver.java	IntentFilter intentFilter = new IntentFilter("com.amazon.firelauncher.tutorial.ALEXA_TUTORIAL_END");
/Users/bob/Documents/Codex/2026-08-03-fire-os-7-framework-amazon-fire/decompiled/jadx/systemui/sources/com/amazon/systemui/SGObserver.java	PackageInfo info2 = packageManager.getPackageInfo("com.amazon.smartgenie", 1);
/Users/bob/Documents/Codex/2026-08-03-fire-os-7-framework-amazon-fire/decompiled/jadx/systemui/sources/com/amazon/systemui/SGObserver.java	if ("com.amazon.firelauncher.Launcher".equals(currentRunningActivityName)) {
/Users/bob/Documents/Codex/2026-08-03-fire-os-7-framework-amazon-fire/decompiled/jadx/systemui/sources/com/amazon/systemui/SGObserver.java	if ("com.amazon.smartgenie".equals(uri.getSchemeSpecificPart())) {
/Users/bob/Documents/Codex/2026-08-03-fire-os-7-framework-amazon-fire/decompiled/jadx/systemui/sources/com/amazon/systemui/SGObserver.java	if (activityInfo != null && "com.amazon.smartgenie.activity.MainActivity".equals(activityInfo.name)) {
/Users/bob/Documents/Codex/2026-08-03-fire-os-7-framework-amazon-fire/decompiled/jadx/systemui/sources/com/amazon/systemui/SGObserver.java	import com.amazon.keyguard.AmazonAuthenticationController;
/Users/bob/Documents/Codex/2026-08-03-fire-os-7-framework-amazon-fire/decompiled/jadx/systemui/sources/com/amazon/systemui/SGObserver.java	import com.amazon.keyguard.AmazonKeyguardUpdateMonitor;
/Users/bob/Documents/Codex/2026-08-03-fire-os-7-framework-amazon-fire/decompiled/jadx/systemui/sources/com/amazon/systemui/SGObserver.java	import com.amazon.keyguard.AmazonKeyguardUpdateMonitorCallback;
/Users/bob/Documents/Codex/2026-08-03-fire-os-7-framework-amazon-fire/decompiled/jadx/systemui/sources/com/amazon/systemui/SGObserver.java	import com.amazon.keyguard.AmazonKeyguardUtils;
/Users/bob/Documents/Codex/2026-08-03-fire-os-7-framework-amazon-fire/decompiled/jadx/systemui/sources/com/amazon/systemui/SGObserver.java	import com.amazon.keyguard.AmazonUserInfoController;
/Users/bob/Documents/Codex/2026-08-03-fire-os-7-framework-amazon-fire/decompiled/jadx/systemui/sources/com/amazon/systemui/SGObserver.java	import com.amazon.systemui.utils.AlexaModeSwitchUtil;
/Users/bob/Documents/Codex/2026-08-03-fire-os-7-framework-amazon-fire/decompiled/jadx/systemui/sources/com/amazon/systemui/SGObserver.java	package com.amazon.systemui;
/Users/bob/Documents/Codex/2026-08-03-fire-os-7-framework-amazon-fire/decompiled/jadx/systemui/sources/com/amazon/systemui/SGObserver.java	private AmazonKeyguardUpdateMonitorCallback mUpdateMonitorCallbacks = new AmazonKeyguardUpdateMonitorCallback() { // from class: com.amazon.systemui.SGObserver.10
/Users/bob/Documents/Codex/2026-08-03-fire-os-7-framework-amazon-fire/decompiled/jadx/systemui/sources/com/amazon/systemui/SGObserver.java	private KeyguardUpdateMonitorCallback mUserSwitcherCallback = new KeyguardUpdateMonitorCallback() { // from class: com.amazon.systemui.SGObserver.9
/Users/bob/Documents/Codex/2026-08-03-fire-os-7-framework-amazon-fire/decompiled/jadx/systemui/sources/com/amazon/systemui/SGObserver.java	private Runnable mShowTooltipIfOnLauncherRunnable = new Runnable() { // from class: com.amazon.systemui.SGObserver.8
/Users/bob/Documents/Codex/2026-08-03-fire-os-7-framework-amazon-fire/decompiled/jadx/systemui/sources/com/amazon/systemui/SGObserver.java	private Runnable mUserSwitcherRunnable = new Runnable() { // from class: com.amazon.systemui.SGObserver.7
/Users/bob/Documents/Codex/2026-08-03-fire-os-7-framework-amazon-fire/decompiled/jadx/systemui/sources/com/amazon/systemui/SGObserver.java	private final BroadcastReceiver mAlexaTutorialReceiver = new BroadcastReceiver() { // from class: com.amazon.systemui.SGObserver.5
/Users/bob/Documents/Codex/2026-08-03-fire-os-7-framework-amazon-fire/decompiled/jadx/systemui/sources/com/amazon/systemui/SGObserver.java	private final BroadcastReceiver mInitialUnlockReceiver = new BroadcastReceiver() { // from class: com.amazon.systemui.SGObserver.4
/Users/bob/Documents/Codex/2026-08-03-fire-os-7-framework-amazon-fire/decompiled/jadx/systemui/sources/com/amazon/systemui/SGObserver.java	private final BroadcastReceiver mPackageReplacedReceiver = new BroadcastReceiver() { // from class: com.amazon.systemui.SGObserver.3
/Users/bob/Documents/Codex/2026-08-03-fire-os-7-framework-amazon-fire/decompiled/jadx/systemui/sources/com/amazon/systemui/SGObserver.java	private static final Intent SMART_HOME_POPUP_INTENT = new Intent().setFlags(1350565888).setPackage("com.amazon.smartgenie").setClassName("com.amazon.smartgenie", "com.amazon.smartgenie.activity.EducationalPopupActivity");
/Users/bob/Documents/Codex/2026-08-03-fire-os-7-framework-amazon-fire/decompiled/jadx/systemui/sources/com/amazon/systemui/SGObserver.java	protected final ContentObserver mSGEnabledUpdateObserver = new ContentObserver(new Handler()) { // from class: com.amazon.systemui.SGObserver.1
/Users/bob/Documents/Codex/2026-08-03-fire-os-7-framework-amazon-fire/decompiled/jadx/systemui/sources/com/amazon/systemui/SGObserver.java	protected final ContentObserver mTooltipStateObserver = new ContentObserver(new Handler()) { // from class: com.amazon.systemui.SGObserver.2
/Users/bob/Documents/Codex/2026-08-03-fire-os-7-framework-amazon-fire/decompiled/jadx/systemui/sources/com/amazon/systemui/SGObserver.java	protected final ContentObserver mUserSetupCompleteObserver = new ContentObserver(new Handler()) { // from class: com.amazon.systemui.SGObserver.6
/Users/bob/Documents/Codex/2026-08-03-fire-os-7-framework-amazon-fire/decompiled/jadx/systemui/sources/com/amazon/systemui/SGObserver.java	this.mBgHandler.post(new Runnable() { // from class: com.amazon.systemui.SGObserver.11
/Users/bob/Documents/Codex/2026-08-03-fire-os-7-framework-amazon-fire/decompiled/jadx/systemui/sources/com/amazon/systemui/SGObserver.java	while (tries < 4 && ((info = packageManager.getPackageInfo("com.amazon.smartgenie", 1)) == null || (acts = info.activities) == null)) {
/Users/bob/Documents/Codex/2026-08-03-fire-os-7-framework-amazon-fire/decompiled/jadx/systemui/sources/com/amazon/systemui/activities/UsbMtpMissingActivity.java	filter.addAction("com.amazon.intent.USB_MTP_CLOSED");
/Users/bob/Documents/Codex/2026-08-03-fire-os-7-framework-amazon-fire/decompiled/jadx/systemui/sources/com/amazon/systemui/activities/UsbMtpMissingActivity.java	if ("com.amazon.intent.USB_MTP_CLOSED".equals(action) && UsbMtpMissingActivity.this.mDialog != null) {
/Users/bob/Documents/Codex/2026-08-03-fire-os-7-framework-amazon-fire/decompiled/jadx/systemui/sources/com/amazon/systemui/activities/UsbMtpMissingActivity.java	package com.amazon.systemui.activities;
/Users/bob/Documents/Codex/2026-08-03-fire-os-7-framework-amazon-fire/decompiled/jadx/systemui/sources/com/amazon/systemui/activities/UsbMtpMissingActivity.java	private final BroadcastReceiver mReceiver = new BroadcastReceiver() { // from class: com.amazon.systemui.activities.UsbMtpMissingActivity.1
/Users/bob/Documents/Codex/2026-08-03-fire-os-7-framework-amazon-fire/decompiled/jadx/systemui/sources/com/amazon/systemui/activities/UsbMtpMissingActivity.java	this.mDialog.setOnDismissListener(new DialogInterface.OnDismissListener() { // from class: com.amazon.systemui.activities.UsbMtpMissingActivity.2
/Users/bob/Documents/Codex/2026-08-03-fire-os-7-framework-amazon-fire/decompiled/jadx/systemui/sources/com/amazon/systemui/assist/AmazonAssistManager.java	import com.amazon.keyguard.AmazonKeyguardUtils;
/Users/bob/Documents/Codex/2026-08-03-fire-os-7-framework-amazon-fire/decompiled/jadx/systemui/sources/com/amazon/systemui/assist/AmazonAssistManager.java	package com.amazon.systemui.assist;
/Users/bob/Documents/Codex/2026-08-03-fire-os-7-framework-amazon-fire/decompiled/jadx/systemui/sources/com/amazon/systemui/bootup/AmazonBootUpController.java	import com.amazon.keyguard.bootup.AmazonBootUpListener;
/Users/bob/Documents/Codex/2026-08-03-fire-os-7-framework-amazon-fire/decompiled/jadx/systemui/sources/com/amazon/systemui/bootup/AmazonBootUpController.java	package com.amazon.systemui.bootup;
/Users/bob/Documents/Codex/2026-08-03-fire-os-7-framework-amazon-fire/decompiled/jadx/systemui/sources/com/amazon/systemui/bootup/AmazonBootUpReceiver.java	import com.amazon.keyguard.AmazonKeyguardUtils;
/Users/bob/Documents/Codex/2026-08-03-fire-os-7-framework-amazon-fire/decompiled/jadx/systemui/sources/com/amazon/systemui/bootup/AmazonBootUpReceiver.java	package com.amazon.systemui.bootup;
/Users/bob/Documents/Codex/2026-08-03-fire-os-7-framework-amazon-fire/decompiled/jadx/systemui/sources/com/amazon/systemui/bootup/AmazonBootUpReceiver.java	this.mHandler.post(new Runnable() { // from class: com.amazon.systemui.bootup.AmazonBootUpReceiver.1
/Users/bob/Documents/Codex/2026-08-03-fire-os-7-framework-amazon-fire/decompiled/jadx/systemui/sources/com/amazon/systemui/keyguard/AmazonKeyguardService.java	@Override // com.amazon.android.internal.policy.IAmazonKeyguardServiceSystemUI
/Users/bob/Documents/Codex/2026-08-03-fire-os-7-framework-amazon-fire/decompiled/jadx/systemui/sources/com/amazon/systemui/keyguard/AmazonKeyguardService.java	filter.addAction("com.amazon.systemui.bottom.fg.color");
/Users/bob/Documents/Codex/2026-08-03-fire-os-7-framework-amazon-fire/decompiled/jadx/systemui/sources/com/amazon/systemui/keyguard/AmazonKeyguardService.java	filter.addAction("com.amazon.systemui.top.fg.color");
/Users/bob/Documents/Codex/2026-08-03-fire-os-7-framework-amazon-fire/decompiled/jadx/systemui/sources/com/amazon/systemui/keyguard/AmazonKeyguardService.java	if (intent.getAction().equals("com.amazon.systemui.top.fg.color")) {
/Users/bob/Documents/Codex/2026-08-03-fire-os-7-framework-amazon-fire/decompiled/jadx/systemui/sources/com/amazon/systemui/keyguard/AmazonKeyguardService.java	import com.amazon.android.internal.policy.IAmazonKeyguardEventObserverInternal;
/Users/bob/Documents/Codex/2026-08-03-fire-os-7-framework-amazon-fire/decompiled/jadx/systemui/sources/com/amazon/systemui/keyguard/AmazonKeyguardService.java	import com.amazon.android.internal.policy.IAmazonKeyguardServiceSystemUI;
/Users/bob/Documents/Codex/2026-08-03-fire-os-7-framework-amazon-fire/decompiled/jadx/systemui/sources/com/amazon/systemui/keyguard/AmazonKeyguardService.java	import com.amazon.android.keyguard.accessibility.AccessibilityVirtualNode;
/Users/bob/Documents/Codex/2026-08-03-fire-os-7-framework-amazon-fire/decompiled/jadx/systemui/sources/com/amazon/systemui/keyguard/AmazonKeyguardService.java	import com.amazon.keyguard.AmazonKeyguardUtils;
/Users/bob/Documents/Codex/2026-08-03-fire-os-7-framework-amazon-fire/decompiled/jadx/systemui/sources/com/amazon/systemui/keyguard/AmazonKeyguardService.java	import com.amazon.systemui.keyguard.events.AmazonKeyguardEventsDispatcher;
/Users/bob/Documents/Codex/2026-08-03-fire-os-7-framework-amazon-fire/decompiled/jadx/systemui/sources/com/amazon/systemui/keyguard/AmazonKeyguardService.java	package com.amazon.systemui.keyguard;
/Users/bob/Documents/Codex/2026-08-03-fire-os-7-framework-amazon-fire/decompiled/jadx/systemui/sources/com/amazon/systemui/keyguard/AmazonKeyguardService.java	private BroadcastReceiver mReceiver = new BroadcastReceiver() { // from class: com.amazon.systemui.keyguard.AmazonKeyguardService.1
/Users/bob/Documents/Codex/2026-08-03-fire-os-7-framework-amazon-fire/decompiled/jadx/systemui/sources/com/amazon/systemui/keyguard/AmazonKeyguardService.java	private final IAmazonKeyguardServiceSystemUI.Stub mBinder = new IAmazonKeyguardServiceSystemUI.Stub() { // from class: com.amazon.systemui.keyguard.AmazonKeyguardService.2
/Users/bob/Documents/Codex/2026-08-03-fire-os-7-framework-amazon-fire/decompiled/jadx/systemui/sources/com/amazon/systemui/keyguard/AmazonKeyguardService.java	} else if (intent.getAction().equals("com.amazon.systemui.bottom.fg.color")) {
/Users/bob/Documents/Codex/2026-08-03-fire-os-7-framework-amazon-fire/decompiled/jadx/systemui/sources/com/amazon/systemui/keyguard/AmazonKeyguardViewMediator.java	@Override // com.amazon.keyguard.AmazonViewMediatorCallback
/Users/bob/Documents/Codex/2026-08-03-fire-os-7-framework-amazon-fire/decompiled/jadx/systemui/sources/com/amazon/systemui/keyguard/AmazonKeyguardViewMediator.java	import com.amazon.android.keyguard.accessibility.AccessibilityVirtualNode;
/Users/bob/Documents/Codex/2026-08-03-fire-os-7-framework-amazon-fire/decompiled/jadx/systemui/sources/com/amazon/systemui/keyguard/AmazonKeyguardViewMediator.java	import com.amazon.keyguard.AmazonKeyguardUpdateMonitor;
/Users/bob/Documents/Codex/2026-08-03-fire-os-7-framework-amazon-fire/decompiled/jadx/systemui/sources/com/amazon/systemui/keyguard/AmazonKeyguardViewMediator.java	import com.amazon.keyguard.AmazonKeyguardUtils;
/Users/bob/Documents/Codex/2026-08-03-fire-os-7-framework-amazon-fire/decompiled/jadx/systemui/sources/com/amazon/systemui/keyguard/AmazonKeyguardViewMediator.java	import com.amazon.keyguard.AmazonUserInfoController;
/Users/bob/Documents/Codex/2026-08-03-fire-os-7-framework-amazon-fire/decompiled/jadx/systemui/sources/com/amazon/systemui/keyguard/AmazonKeyguardViewMediator.java	import com.amazon.keyguard.AmazonViewMediatorCallback;
/Users/bob/Documents/Codex/2026-08-03-fire-os-7-framework-amazon-fire/decompiled/jadx/systemui/sources/com/amazon/systemui/keyguard/AmazonKeyguardViewMediator.java	import com.amazon.systemui.keyguard.events.AmazonKeyguardEventsCallback;
/Users/bob/Documents/Codex/2026-08-03-fire-os-7-framework-amazon-fire/decompiled/jadx/systemui/sources/com/amazon/systemui/keyguard/AmazonKeyguardViewMediator.java	import com.amazon.systemui.keyguard.events.AmazonKeyguardEventsDispatcher;
/Users/bob/Documents/Codex/2026-08-03-fire-os-7-framework-amazon-fire/decompiled/jadx/systemui/sources/com/amazon/systemui/keyguard/AmazonKeyguardViewMediator.java	import com.amazon.systemui.statusbar.phone.AmazonStatusBarKeyguardViewManager;
/Users/bob/Documents/Codex/2026-08-03-fire-os-7-framework-amazon-fire/decompiled/jadx/systemui/sources/com/amazon/systemui/keyguard/AmazonKeyguardViewMediator.java	package com.amazon.systemui.keyguard;
/Users/bob/Documents/Codex/2026-08-03-fire-os-7-framework-amazon-fire/decompiled/jadx/systemui/sources/com/amazon/systemui/keyguard/AmazonKeyguardViewMediator.java	private Handler mOverrideHandler = new Handler(Looper.myLooper(), null, true) { // from class: com.amazon.systemui.keyguard.AmazonKeyguardViewMediator.1
/Users/bob/Documents/Codex/2026-08-03-fire-os-7-framework-amazon-fire/decompiled/jadx/systemui/sources/com/amazon/systemui/keyguard/AmazonKeyguardViewMediator.java	this.mViewMediatorCallback = new AmazonViewMediatorCallback() { // from class: com.amazon.systemui.keyguard.AmazonKeyguardViewMediator.2
/Users/bob/Documents/Codex/2026-08-03-fire-os-7-framework-amazon-fire/decompiled/jadx/systemui/sources/com/amazon/systemui/keyguard/ads/AmazonKeyguardAdsController.java	@Override // com.amazon.keyguard.AmazonKeyguardUpdateMonitorCallback
/Users/bob/Documents/Codex/2026-08-03-fire-os-7-framework-amazon-fire/decompiled/jadx/systemui/sources/com/amazon/systemui/keyguard/ads/AmazonKeyguardAdsController.java	@Override // com.amazon.systemui.keyguard.events.AmazonKeyguardEventsCallback
/Users/bob/Documents/Codex/2026-08-03-fire-os-7-framework-amazon-fire/decompiled/jadx/systemui/sources/com/amazon/systemui/keyguard/ads/AmazonKeyguardAdsController.java	String className = "com.amazon.kindle.kso.lockscreen.view.KSOWallpaperService";
/Users/bob/Documents/Codex/2026-08-03-fire-os-7-framework-amazon-fire/decompiled/jadx/systemui/sources/com/amazon/systemui/keyguard/ads/AmazonKeyguardAdsController.java	String className = "com.amazon.wallpaper.LockscreenWallpaperService";
/Users/bob/Documents/Codex/2026-08-03-fire-os-7-framework-amazon-fire/decompiled/jadx/systemui/sources/com/amazon/systemui/keyguard/ads/AmazonKeyguardAdsController.java	String packageName = "com.amazon.kindle.kso";
/Users/bob/Documents/Codex/2026-08-03-fire-os-7-framework-amazon-fire/decompiled/jadx/systemui/sources/com/amazon/systemui/keyguard/ads/AmazonKeyguardAdsController.java	String packageName = "com.amazon.wallpaper";
/Users/bob/Documents/Codex/2026-08-03-fire-os-7-framework-amazon-fire/decompiled/jadx/systemui/sources/com/amazon/systemui/keyguard/ads/AmazonKeyguardAdsController.java	className = SystemProperties.get("persist.sys.kg_lv_wall_ao_cmp", "com.amazon.wallpaper.LockscreenWallpaperService");
/Users/bob/Documents/Codex/2026-08-03-fire-os-7-framework-amazon-fire/decompiled/jadx/systemui/sources/com/amazon/systemui/keyguard/ads/AmazonKeyguardAdsController.java	className = SystemProperties.get("persist.sys.kg_lv_wall_cmp", "com.amazon.kindle.kso.lockscreen.view.KSOWallpaperService");
/Users/bob/Documents/Codex/2026-08-03-fire-os-7-framework-amazon-fire/decompiled/jadx/systemui/sources/com/amazon/systemui/keyguard/ads/AmazonKeyguardAdsController.java	import com.amazon.android.keyguard.accessibility.AccessibilityVirtualNode;
/Users/bob/Documents/Codex/2026-08-03-fire-os-7-framework-amazon-fire/decompiled/jadx/systemui/sources/com/amazon/systemui/keyguard/ads/AmazonKeyguardAdsController.java	import com.amazon.keyguard.AmazonKeyguardUpdateMonitor;
/Users/bob/Documents/Codex/2026-08-03-fire-os-7-framework-amazon-fire/decompiled/jadx/systemui/sources/com/amazon/systemui/keyguard/ads/AmazonKeyguardAdsController.java	import com.amazon.keyguard.AmazonKeyguardUpdateMonitorCallback;
/Users/bob/Documents/Codex/2026-08-03-fire-os-7-framework-amazon-fire/decompiled/jadx/systemui/sources/com/amazon/systemui/keyguard/ads/AmazonKeyguardAdsController.java	import com.amazon.keyguard.AmazonKeyguardUtils;
/Users/bob/Documents/Codex/2026-08-03-fire-os-7-framework-amazon-fire/decompiled/jadx/systemui/sources/com/amazon/systemui/keyguard/ads/AmazonKeyguardAdsController.java	import com.amazon.systemui.keyguard.AmazonKeyguardViewMediator;
/Users/bob/Documents/Codex/2026-08-03-fire-os-7-framework-amazon-fire/decompiled/jadx/systemui/sources/com/amazon/systemui/keyguard/ads/AmazonKeyguardAdsController.java	import com.amazon.systemui.keyguard.ads.accessibility.AmazonAdAccessibilityController;
/Users/bob/Documents/Codex/2026-08-03-fire-os-7-framework-amazon-fire/decompiled/jadx/systemui/sources/com/amazon/systemui/keyguard/ads/AmazonKeyguardAdsController.java	import com.amazon.systemui.keyguard.events.AmazonKeyguardEventsCallback;
/Users/bob/Documents/Codex/2026-08-03-fire-os-7-framework-amazon-fire/decompiled/jadx/systemui/sources/com/amazon/systemui/keyguard/ads/AmazonKeyguardAdsController.java	package com.amazon.systemui.keyguard.ads;
/Users/bob/Documents/Codex/2026-08-03-fire-os-7-framework-amazon-fire/decompiled/jadx/systemui/sources/com/amazon/systemui/keyguard/ads/AmazonKeyguardAdsController.java	packageName = SystemProperties.get("persist.sys.kg_lv_wall_ao_pkg", "com.amazon.wallpaper");
/Users/bob/Documents/Codex/2026-08-03-fire-os-7-framework-amazon-fire/decompiled/jadx/systemui/sources/com/amazon/systemui/keyguard/ads/AmazonKeyguardAdsController.java	packageName = SystemProperties.get("persist.sys.kg_lv_wall_pkg", "com.amazon.kindle.kso");
/Users/bob/Documents/Codex/2026-08-03-fire-os-7-framework-amazon-fire/decompiled/jadx/systemui/sources/com/amazon/systemui/keyguard/ads/AmazonKeyguardAdsController.java	private AmazonKeyguardEventsCallback mKeyguardEventsCallback = new AmazonKeyguardEventsCallback() { // from class: com.amazon.systemui.keyguard.ads.AmazonKeyguardAdsController.3
/Users/bob/Documents/Codex/2026-08-03-fire-os-7-framework-amazon-fire/decompiled/jadx/systemui/sources/com/amazon/systemui/keyguard/ads/AmazonKeyguardAdsController.java	private AmazonKeyguardUpdateMonitorCallback mAmazonKeyguardUpdateMonitorCallback = new AmazonKeyguardUpdateMonitorCallback() { // from class: com.amazon.systemui.keyguard.ads.AmazonKeyguardAdsController.4
/Users/bob/Documents/Codex/2026-08-03-fire-os-7-framework-amazon-fire/decompiled/jadx/systemui/sources/com/amazon/systemui/keyguard/ads/AmazonKeyguardAdsController.java	private Handler mHandler = new Handler(Looper.myLooper(), null, true) { // from class: com.amazon.systemui.keyguard.ads.AmazonKeyguardAdsController.1
/Users/bob/Documents/Codex/2026-08-03-fire-os-7-framework-amazon-fire/decompiled/jadx/systemui/sources/com/amazon/systemui/keyguard/ads/AmazonKeyguardAdsController.java	private KeyguardUpdateMonitorCallback mKeyguardUpdateMonitorCallback = new KeyguardUpdateMonitorCallback() { // from class: com.amazon.systemui.keyguard.ads.AmazonKeyguardAdsController.2
/Users/bob/Documents/Codex/2026-08-03-fire-os-7-framework-amazon-fire/decompiled/jadx/systemui/sources/com/amazon/systemui/keyguard/ads/AmazonKeyguardAdsController.java	private final ComponentName WALLPAPER_COMPONENT = new ComponentName("com.amazon.wallpaper", "com.amazon.wallpaper.LockscreenWallpaperService");
/Users/bob/Documents/Codex/2026-08-03-fire-os-7-framework-amazon-fire/decompiled/jadx/systemui/sources/com/amazon/systemui/keyguard/ads/AmazonKeyguardAdsController.java	private final String WALLPAPER_COMPONENT_NAME = "com.amazon.wallpaper.LockscreenWallpaperService";
/Users/bob/Documents/Codex/2026-08-03-fire-os-7-framework-amazon-fire/decompiled/jadx/systemui/sources/com/amazon/systemui/keyguard/ads/AmazonKeyguardAdsController.java	private final String WALLPAPER_PACKAGE_NAME = "com.amazon.wallpaper";
/Users/bob/Documents/Codex/2026-08-03-fire-os-7-framework-amazon-fire/decompiled/jadx/systemui/sources/com/amazon/systemui/keyguard/ads/WallpaperComponentSwitchService.java	if (component.getPackageName().equals("com.amazon.kindle.kso") && component.getClassName().equals("com.amazon.kindle.kso.lockscreen.view.KSOWallpaperService")) {
/Users/bob/Documents/Codex/2026-08-03-fire-os-7-framework-amazon-fire/decompiled/jadx/systemui/sources/com/amazon/systemui/keyguard/ads/WallpaperComponentSwitchService.java	import com.amazon.keyguard.AmazonKeyguardUtils;
/Users/bob/Documents/Codex/2026-08-03-fire-os-7-framework-amazon-fire/decompiled/jadx/systemui/sources/com/amazon/systemui/keyguard/ads/WallpaperComponentSwitchService.java	package com.amazon.systemui.keyguard.ads;
/Users/bob/Documents/Codex/2026-08-03-fire-os-7-framework-amazon-fire/decompiled/jadx/systemui/sources/com/amazon/systemui/keyguard/ads/accessibility/AccessibilityUtils.java	package com.amazon.systemui.keyguard.ads.accessibility;
/Users/bob/Documents/Codex/2026-08-03-fire-os-7-framework-amazon-fire/decompiled/jadx/systemui/sources/com/amazon/systemui/keyguard/ads/accessibility/AmazonAdAccessibilityController.java	import com.amazon.android.keyguard.accessibility.AccessibilityVirtualNode;
/Users/bob/Documents/Codex/2026-08-03-fire-os-7-framework-amazon-fire/decompiled/jadx/systemui/sources/com/amazon/systemui/keyguard/ads/accessibility/AmazonAdAccessibilityController.java	import com.amazon.keyguard.AmazonKeyguardUtils;
/Users/bob/Documents/Codex/2026-08-03-fire-os-7-framework-amazon-fire/decompiled/jadx/systemui/sources/com/amazon/systemui/keyguard/ads/accessibility/AmazonAdAccessibilityController.java	package com.amazon.systemui.keyguard.ads.accessibility;
/Users/bob/Documents/Codex/2026-08-03-fire-os-7-framework-amazon-fire/decompiled/jadx/systemui/sources/com/amazon/systemui/keyguard/ads/accessibility/AmazonAdAccessibilityController.java	private final BroadcastReceiver mReceiver = new BroadcastReceiver() { // from class: com.amazon.systemui.keyguard.ads.accessibility.AmazonAdAccessibilityController.1
/Users/bob/Documents/Codex/2026-08-03-fire-os-7-framework-amazon-fire/decompiled/jadx/systemui/sources/com/amazon/systemui/keyguard/ads/accessibility/AmazonAdAccessibilityController.java	this.mOrientationEventListener = new OrientationEventListener(this.mContext) { // from class: com.amazon.systemui.keyguard.ads.accessibility.AmazonAdAccessibilityController.2
/Users/bob/Documents/Codex/2026-08-03-fire-os-7-framework-amazon-fire/decompiled/jadx/systemui/sources/com/amazon/systemui/keyguard/events/AmazonKeyguardEventsCallback.java	package com.amazon.systemui.keyguard.events;
/Users/bob/Documents/Codex/2026-08-03-fire-os-7-framework-amazon-fire/decompiled/jadx/systemui/sources/com/amazon/systemui/keyguard/events/AmazonKeyguardEventsDispatcher.java	@Override // com.amazon.keyguard.AmazonKeyguardUpdateMonitorCallback
/Users/bob/Documents/Codex/2026-08-03-fire-os-7-framework-amazon-fire/decompiled/jadx/systemui/sources/com/amazon/systemui/keyguard/events/AmazonKeyguardEventsDispatcher.java	@Override // com.amazon.systemui.keyguard.events.AmazonKeyguardEventsCallback
/Users/bob/Documents/Codex/2026-08-03-fire-os-7-framework-amazon-fire/decompiled/jadx/systemui/sources/com/amazon/systemui/keyguard/events/AmazonKeyguardEventsDispatcher.java	import com.amazon.android.internal.policy.IAmazonKeyguardEventObserverInternal;
/Users/bob/Documents/Codex/2026-08-03-fire-os-7-framework-amazon-fire/decompiled/jadx/systemui/sources/com/amazon/systemui/keyguard/events/AmazonKeyguardEventsDispatcher.java	import com.amazon.keyguard.AmazonKeyguardUpdateMonitor;
/Users/bob/Documents/Codex/2026-08-03-fire-os-7-framework-amazon-fire/decompiled/jadx/systemui/sources/com/amazon/systemui/keyguard/events/AmazonKeyguardEventsDispatcher.java	import com.amazon.keyguard.AmazonKeyguardUpdateMonitorCallback;
/Users/bob/Documents/Codex/2026-08-03-fire-os-7-framework-amazon-fire/decompiled/jadx/systemui/sources/com/amazon/systemui/keyguard/events/AmazonKeyguardEventsDispatcher.java	import com.amazon.keyguard.AmazonKeyguardUtils;
/Users/bob/Documents/Codex/2026-08-03-fire-os-7-framework-amazon-fire/decompiled/jadx/systemui/sources/com/amazon/systemui/keyguard/events/AmazonKeyguardEventsDispatcher.java	import com.amazon.systemui.keyguard.AmazonKeyguardViewMediator;
/Users/bob/Documents/Codex/2026-08-03-fire-os-7-framework-amazon-fire/decompiled/jadx/systemui/sources/com/amazon/systemui/keyguard/events/AmazonKeyguardEventsDispatcher.java	import com.amazon.systemui.statusbar.phone.AmazonStatusBarKeyguardViewManager;
/Users/bob/Documents/Codex/2026-08-03-fire-os-7-framework-amazon-fire/decompiled/jadx/systemui/sources/com/amazon/systemui/keyguard/events/AmazonKeyguardEventsDispatcher.java	package com.amazon.systemui.keyguard.events;
/Users/bob/Documents/Codex/2026-08-03-fire-os-7-framework-amazon-fire/decompiled/jadx/systemui/sources/com/amazon/systemui/keyguard/events/AmazonKeyguardEventsDispatcher.java	private final AmazonKeyguardUpdateMonitorCallback mAmazonKeyguardUpdateMonitorCallback = new AmazonKeyguardUpdateMonitorCallback() { // from class: com.amazon.systemui.keyguard.events.AmazonKeyguardEventsDispatcher.2
/Users/bob/Documents/Codex/2026-08-03-fire-os-7-framework-amazon-fire/decompiled/jadx/systemui/sources/com/amazon/systemui/keyguard/events/AmazonKeyguardEventsDispatcher.java	private final KeyguardUpdateMonitorCallback mKeyguardUpdateMonitorCallback = new KeyguardUpdateMonitorCallback() { // from class: com.amazon.systemui.keyguard.events.AmazonKeyguardEventsDispatcher.1
/Users/bob/Documents/Codex/2026-08-03-fire-os-7-framework-amazon-fire/decompiled/jadx/systemui/sources/com/amazon/systemui/mode/AlexaModeSwitchController.java	import com.amazon.android.modeswitch.AlexaModeSwitchManager;
/Users/bob/Documents/Codex/2026-08-03-fire-os-7-framework-amazon-fire/decompiled/jadx/systemui/sources/com/amazon/systemui/mode/AlexaModeSwitchController.java	import com.amazon.systemui.utils.AlexaModeSwitchUtil;
/Users/bob/Documents/Codex/2026-08-03-fire-os-7-framework-amazon-fire/decompiled/jadx/systemui/sources/com/amazon/systemui/mode/AlexaModeSwitchController.java	import com.amazon.systemui.utils.SystemUITrustedWifiUtil;
/Users/bob/Documents/Codex/2026-08-03-fire-os-7-framework-amazon-fire/decompiled/jadx/systemui/sources/com/amazon/systemui/mode/AlexaModeSwitchController.java	package com.amazon.systemui.mode;
/Users/bob/Documents/Codex/2026-08-03-fire-os-7-framework-amazon-fire/decompiled/jadx/systemui/sources/com/amazon/systemui/mode/AlexaModeSwitchController.java	private final Handler mHandler = new Handler(Looper.getMainLooper()) { // from class: com.amazon.systemui.mode.AlexaModeSwitchController.1
/Users/bob/Documents/Codex/2026-08-03-fire-os-7-framework-amazon-fire/decompiled/jadx/systemui/sources/com/amazon/systemui/mode/AlexaModeSwitchController.java	private static final String ACTION_ECHO_SHOW_MODE_SETTINGS = "com.amazon.tablet.dock.settings.SETTINGS";
/Users/bob/Documents/Codex/2026-08-03-fire-os-7-framework-amazon-fire/decompiled/jadx/systemui/sources/com/amazon/systemui/policy/AccessibilityGlobalAction.java	import com.amazon.keyguard.AmazonKeyguardUtils;
/Users/bob/Documents/Codex/2026-08-03-fire-os-7-framework-amazon-fire/decompiled/jadx/systemui/sources/com/amazon/systemui/policy/AccessibilityGlobalAction.java	package com.amazon.systemui.policy;
/Users/bob/Documents/Codex/2026-08-03-fire-os-7-framework-amazon-fire/decompiled/jadx/systemui/sources/com/amazon/systemui/policy/AccessibilityPowerDialogCallback.java	@Override // com.amazon.systemui.policy.SingleGestureDetector.Callback
/Users/bob/Documents/Codex/2026-08-03-fire-os-7-framework-amazon-fire/decompiled/jadx/systemui/sources/com/amazon/systemui/policy/AccessibilityPowerDialogCallback.java	import com.amazon.keyguard.AmazonKeyguardUtils;
/Users/bob/Documents/Codex/2026-08-03-fire-os-7-framework-amazon-fire/decompiled/jadx/systemui/sources/com/amazon/systemui/policy/AccessibilityPowerDialogCallback.java	package com.amazon.systemui.policy;
/Users/bob/Documents/Codex/2026-08-03-fire-os-7-framework-amazon-fire/decompiled/jadx/systemui/sources/com/amazon/systemui/policy/AccessibilityToggleUtils.java	context.startForegroundServiceAsUser(new Intent("com.amazon.logan.settings.TOGGLE_ON_OFF").setPackage("com.amazon.logan"), UserHandle.CURRENT);
/Users/bob/Documents/Codex/2026-08-03-fire-os-7-framework-amazon-fire/decompiled/jadx/systemui/sources/com/amazon/systemui/policy/AccessibilityToggleUtils.java	if (service != null && (id = service.getId()) != null && id.startsWith("com.amazon.logan")) {
/Users/bob/Documents/Codex/2026-08-03-fire-os-7-framework-amazon-fire/decompiled/jadx/systemui/sources/com/amazon/systemui/policy/AccessibilityToggleUtils.java	package com.amazon.systemui.policy;
/Users/bob/Documents/Codex/2026-08-03-fire-os-7-framework-amazon-fire/decompiled/jadx/systemui/sources/com/amazon/systemui/policy/OneLongPressDetector.java	@Override // com.amazon.systemui.policy.SingleGestureDetector
/Users/bob/Documents/Codex/2026-08-03-fire-os-7-framework-amazon-fire/decompiled/jadx/systemui/sources/com/amazon/systemui/policy/OneLongPressDetector.java	package com.amazon.systemui.policy;
/Users/bob/Documents/Codex/2026-08-03-fire-os-7-framework-amazon-fire/decompiled/jadx/systemui/sources/com/amazon/systemui/policy/SingleGestureDetector.java	package com.amazon.systemui.policy;
/Users/bob/Documents/Codex/2026-08-03-fire-os-7-framework-amazon-fire/decompiled/jadx/systemui/sources/com/amazon/systemui/policy/SingleGestureDetector.java	this.mMediaPlayer.setOnCompletionListener(new MediaPlayer.OnCompletionListener() { // from class: com.amazon.systemui.policy.SingleGestureDetector.1
/Users/bob/Documents/Codex/2026-08-03-fire-os-7-framework-amazon-fire/decompiled/jadx/systemui/sources/com/amazon/systemui/policy/TripleTapLongPressDetector.java	@Override // com.amazon.systemui.policy.SingleGestureDetector
/Users/bob/Documents/Codex/2026-08-03-fire-os-7-framework-amazon-fire/decompiled/jadx/systemui/sources/com/amazon/systemui/policy/TripleTapLongPressDetector.java	package com.amazon.systemui.policy;
/Users/bob/Documents/Codex/2026-08-03-fire-os-7-framework-amazon-fire/decompiled/jadx/systemui/sources/com/amazon/systemui/policy/TwoLongPressDetector.java	@Override // com.amazon.systemui.policy.SingleGestureDetector
/Users/bob/Documents/Codex/2026-08-03-fire-os-7-framework-amazon-fire/decompiled/jadx/systemui/sources/com/amazon/systemui/policy/TwoLongPressDetector.java	package com.amazon.systemui.policy;
/Users/bob/Documents/Codex/2026-08-03-fire-os-7-framework-amazon-fire/decompiled/jadx/systemui/sources/com/amazon/systemui/power/AmazonLowPowerChargerUI.java	AmazonLowPowerChargerUI.this.mHandler.postDelayed(new Runnable() { // from class: com.amazon.systemui.power.AmazonLowPowerChargerUI.3.1
/Users/bob/Documents/Codex/2026-08-03-fire-os-7-framework-amazon-fire/decompiled/jadx/systemui/sources/com/amazon/systemui/power/AmazonLowPowerChargerUI.java	d.setOnDismissListener(new DialogInterface.OnDismissListener() { // from class: com.amazon.systemui.power.AmazonLowPowerChargerUI.4
/Users/bob/Documents/Codex/2026-08-03-fire-os-7-framework-amazon-fire/decompiled/jadx/systemui/sources/com/amazon/systemui/power/AmazonLowPowerChargerUI.java	import com.amazon.acos.util.ServiceConfigHelper;
/Users/bob/Documents/Codex/2026-08-03-fire-os-7-framework-amazon-fire/decompiled/jadx/systemui/sources/com/amazon/systemui/power/AmazonLowPowerChargerUI.java	import com.amazon.android.metrics.ClickStreamMetricsEvent;
/Users/bob/Documents/Codex/2026-08-03-fire-os-7-framework-amazon-fire/decompiled/jadx/systemui/sources/com/amazon/systemui/power/AmazonLowPowerChargerUI.java	import com.amazon.android.metrics.MetricsFactory;
/Users/bob/Documents/Codex/2026-08-03-fire-os-7-framework-amazon-fire/decompiled/jadx/systemui/sources/com/amazon/systemui/power/AmazonLowPowerChargerUI.java	import com.amazon.android.metrics.Mlog;
/Users/bob/Documents/Codex/2026-08-03-fire-os-7-framework-amazon-fire/decompiled/jadx/systemui/sources/com/amazon/systemui/power/AmazonLowPowerChargerUI.java	import com.amazon.android.metrics.UsageInfo;
/Users/bob/Documents/Codex/2026-08-03-fire-os-7-framework-amazon-fire/decompiled/jadx/systemui/sources/com/amazon/systemui/power/AmazonLowPowerChargerUI.java	import com.amazon.keyguard.AmazonKeyguardUtils;
/Users/bob/Documents/Codex/2026-08-03-fire-os-7-framework-amazon-fire/decompiled/jadx/systemui/sources/com/amazon/systemui/power/AmazonLowPowerChargerUI.java	import com.amazon.systemui.utils.AmazonSystemUIMetricsManager;
/Users/bob/Documents/Codex/2026-08-03-fire-os-7-framework-amazon-fire/decompiled/jadx/systemui/sources/com/amazon/systemui/power/AmazonLowPowerChargerUI.java	import com.amazon.systemui.utils.ToddlerModeManager;
/Users/bob/Documents/Codex/2026-08-03-fire-os-7-framework-amazon-fire/decompiled/jadx/systemui/sources/com/amazon/systemui/power/AmazonLowPowerChargerUI.java	new Thread(new Runnable() { // from class: com.amazon.systemui.power.AmazonLowPowerChargerUI.2
/Users/bob/Documents/Codex/2026-08-03-fire-os-7-framework-amazon-fire/decompiled/jadx/systemui/sources/com/amazon/systemui/power/AmazonLowPowerChargerUI.java	package com.amazon.systemui.power;
/Users/bob/Documents/Codex/2026-08-03-fire-os-7-framework-amazon-fire/decompiled/jadx/systemui/sources/com/amazon/systemui/power/AmazonLowPowerChargerUI.java	private BroadcastReceiver mIntentReceiver = new BroadcastReceiver() { // from class: com.amazon.systemui.power.AmazonLowPowerChargerUI.3
/Users/bob/Documents/Codex/2026-08-03-fire-os-7-framework-amazon-fire/decompiled/jadx/systemui/sources/com/amazon/systemui/power/AmazonLowPowerChargerUI.java	private final Handler mHandler = new Handler() { // from class: com.amazon.systemui.power.AmazonLowPowerChargerUI.1
/Users/bob/Documents/Codex/2026-08-03-fire-os-7-framework-amazon-fire/decompiled/jadx/systemui/sources/com/amazon/systemui/qs/AmazonQSContainerImpl.java	package com.amazon.systemui.qs;
/Users/bob/Documents/Codex/2026-08-03-fire-os-7-framework-amazon-fire/decompiled/jadx/systemui/sources/com/amazon/systemui/qs/AmazonQSFooterImpl.java	@Override // com.amazon.systemui.utils.AmazonSystemUIGameModeManager.GameModeStateChangedCallback
/Users/bob/Documents/Codex/2026-08-03-fire-os-7-framework-amazon-fire/decompiled/jadx/systemui/sources/com/amazon/systemui/qs/AmazonQSFooterImpl.java	@Override // com.amazon.systemui.utils.DemoModeController.DemoModeCallback
/Users/bob/Documents/Codex/2026-08-03-fire-os-7-framework-amazon-fire/decompiled/jadx/systemui/sources/com/amazon/systemui/qs/AmazonQSFooterImpl.java	import com.amazon.keyguard.AmazonUserInfoController;
/Users/bob/Documents/Codex/2026-08-03-fire-os-7-framework-amazon-fire/decompiled/jadx/systemui/sources/com/amazon/systemui/qs/AmazonQSFooterImpl.java	import com.amazon.systemui.statusbar.phone.AmazonHelpButton;
/Users/bob/Documents/Codex/2026-08-03-fire-os-7-framework-amazon-fire/decompiled/jadx/systemui/sources/com/amazon/systemui/qs/AmazonQSFooterImpl.java	import com.amazon.systemui.utils.AlexaModeSwitchUtil;
/Users/bob/Documents/Codex/2026-08-03-fire-os-7-framework-amazon-fire/decompiled/jadx/systemui/sources/com/amazon/systemui/qs/AmazonQSFooterImpl.java	import com.amazon.systemui.utils.AmazonSystemUIGameModeManager;
/Users/bob/Documents/Codex/2026-08-03-fire-os-7-framework-amazon-fire/decompiled/jadx/systemui/sources/com/amazon/systemui/qs/AmazonQSFooterImpl.java	import com.amazon.systemui.utils.DemoModeController;
/Users/bob/Documents/Codex/2026-08-03-fire-os-7-framework-amazon-fire/decompiled/jadx/systemui/sources/com/amazon/systemui/qs/AmazonQSFooterImpl.java	package com.amazon.systemui.qs;
/Users/bob/Documents/Codex/2026-08-03-fire-os-7-framework-amazon-fire/decompiled/jadx/systemui/sources/com/amazon/systemui/qs/AmazonQSFooterImpl.java	this.mActivityStarter.startActivity(new Intent("com.amazon.tahoe.action.FREETIME_SETTINGS"), true);
/Users/bob/Documents/Codex/2026-08-03-fire-os-7-framework-amazon-fire/decompiled/jadx/systemui/sources/com/amazon/systemui/qs/AmazonQSFooterImpl.java	this.mKeyguardUpdateMonitorCallback = new KeyguardUpdateMonitorCallback() { // from class: com.amazon.systemui.qs.AmazonQSFooterImpl.3
/Users/bob/Documents/Codex/2026-08-03-fire-os-7-framework-amazon-fire/decompiled/jadx/systemui/sources/com/amazon/systemui/qs/AmazonQSFooterImpl.java	this.mModeSwitchSettingsObserver = new ContentObserver(new Handler()) { // from class: com.amazon.systemui.qs.AmazonQSFooterImpl.2
/Users/bob/Documents/Codex/2026-08-03-fire-os-7-framework-amazon-fire/decompiled/jadx/systemui/sources/com/amazon/systemui/qs/AmazonQSFooterImpl.java	this.mWakeWordObserver = new ContentObserver(new Handler()) { // from class: com.amazon.systemui.qs.AmazonQSFooterImpl.1
/Users/bob/Documents/Codex/2026-08-03-fire-os-7-framework-amazon-fire/decompiled/jadx/systemui/sources/com/amazon/systemui/qs/AmazonQSFragment.java	package com.amazon.systemui.qs;
/Users/bob/Documents/Codex/2026-08-03-fire-os-7-framework-amazon-fire/decompiled/jadx/systemui/sources/com/amazon/systemui/qs/AmazonQSModeSwitchToggleView.java	@Override // com.amazon.systemui.utils.AlexaModeSwitchUtil.ModeCallback
/Users/bob/Documents/Codex/2026-08-03-fire-os-7-framework-amazon-fire/decompiled/jadx/systemui/sources/com/amazon/systemui/qs/AmazonQSModeSwitchToggleView.java	@Override // com.amazon.systemui.utils.DemoModeController.DemoModeCallback
/Users/bob/Documents/Codex/2026-08-03-fire-os-7-framework-amazon-fire/decompiled/jadx/systemui/sources/com/amazon/systemui/qs/AmazonQSModeSwitchToggleView.java	@Override // com.amazon.systemui.utils.MAPAccountManagerHolder.Callback
/Users/bob/Documents/Codex/2026-08-03-fire-os-7-framework-amazon-fire/decompiled/jadx/systemui/sources/com/amazon/systemui/qs/AmazonQSModeSwitchToggleView.java	ViewCompat.setAccessibilityDelegate(this.mShowModeSwitch, new AccessibilityDelegateCompat() { // from class: com.amazon.systemui.qs.AmazonQSModeSwitchToggleView.6
/Users/bob/Documents/Codex/2026-08-03-fire-os-7-framework-amazon-fire/decompiled/jadx/systemui/sources/com/amazon/systemui/qs/AmazonQSModeSwitchToggleView.java	dBuilder.setPositiveButton(positiveButton, new DialogInterface.OnClickListener() { // from class: com.amazon.systemui.qs.AmazonQSModeSwitchToggleView.7
/Users/bob/Documents/Codex/2026-08-03-fire-os-7-framework-amazon-fire/decompiled/jadx/systemui/sources/com/amazon/systemui/qs/AmazonQSModeSwitchToggleView.java	import com.amazon.keyguard.AmazonAuthenticationController;
/Users/bob/Documents/Codex/2026-08-03-fire-os-7-framework-amazon-fire/decompiled/jadx/systemui/sources/com/amazon/systemui/qs/AmazonQSModeSwitchToggleView.java	import com.amazon.keyguard.AmazonKeyguardUpdateMonitor;
/Users/bob/Documents/Codex/2026-08-03-fire-os-7-framework-amazon-fire/decompiled/jadx/systemui/sources/com/amazon/systemui/qs/AmazonQSModeSwitchToggleView.java	import com.amazon.keyguard.AmazonUserInfoController;
/Users/bob/Documents/Codex/2026-08-03-fire-os-7-framework-amazon-fire/decompiled/jadx/systemui/sources/com/amazon/systemui/qs/AmazonQSModeSwitchToggleView.java	import com.amazon.systemui.utils.AlexaModeSwitchUtil;
/Users/bob/Documents/Codex/2026-08-03-fire-os-7-framework-amazon-fire/decompiled/jadx/systemui/sources/com/amazon/systemui/qs/AmazonQSModeSwitchToggleView.java	import com.amazon.systemui.utils.DemoModeController;
/Users/bob/Documents/Codex/2026-08-03-fire-os-7-framework-amazon-fire/decompiled/jadx/systemui/sources/com/amazon/systemui/qs/AmazonQSModeSwitchToggleView.java	import com.amazon.systemui.utils.MAPAccountManagerHolder;
/Users/bob/Documents/Codex/2026-08-03-fire-os-7-framework-amazon-fire/decompiled/jadx/systemui/sources/com/amazon/systemui/qs/AmazonQSModeSwitchToggleView.java	package com.amazon.systemui.qs;
/Users/bob/Documents/Codex/2026-08-03-fire-os-7-framework-amazon-fire/decompiled/jadx/systemui/sources/com/amazon/systemui/qs/AmazonQSModeSwitchToggleView.java	private static final Intent PARENTAL_CONTROL_INTENT = new Intent("com.amazon.settings.CHECK_PARENTAL_PASSWORD").setFlags(268435456).putExtra("com.amazon.settings.showParental", true);
/Users/bob/Documents/Codex/2026-08-03-fire-os-7-framework-amazon-fire/decompiled/jadx/systemui/sources/com/amazon/systemui/qs/AmazonQSModeSwitchToggleView.java	private static final Intent REGISTER_DEVICE_INTENT = new Intent("com.amazon.kindle.otter.oobe.MYACCOUNT_SETTINGS").setFlags(268435456);
/Users/bob/Documents/Codex/2026-08-03-fire-os-7-framework-amazon-fire/decompiled/jadx/systemui/sources/com/amazon/systemui/qs/AmazonQSModeSwitchToggleView.java	this.mKeyguardUpdateMonitorCallback = new KeyguardUpdateMonitorCallback() { // from class: com.amazon.systemui.qs.AmazonQSModeSwitchToggleView.5
/Users/bob/Documents/Codex/2026-08-03-fire-os-7-framework-amazon-fire/decompiled/jadx/systemui/sources/com/amazon/systemui/qs/AmazonQSModeSwitchToggleView.java	this.mModeSwitchSettingsObserver = new ContentObserver(new Handler()) { // from class: com.amazon.systemui.qs.AmazonQSModeSwitchToggleView.4
/Users/bob/Documents/Codex/2026-08-03-fire-os-7-framework-amazon-fire/decompiled/jadx/systemui/sources/com/amazon/systemui/qs/AmazonQSModeSwitchToggleView.java	this.mResetModeSwitchToggleRunnable = new Runnable() { // from class: com.amazon.systemui.qs.AmazonQSModeSwitchToggleView.3
/Users/bob/Documents/Codex/2026-08-03-fire-os-7-framework-amazon-fire/decompiled/jadx/systemui/sources/com/amazon/systemui/qs/AmazonQSModeSwitchToggleView.java	this.mToggleModeSwitchRunnable = new Runnable() { // from class: com.amazon.systemui.qs.AmazonQSModeSwitchToggleView.2
/Users/bob/Documents/Codex/2026-08-03-fire-os-7-framework-amazon-fire/decompiled/jadx/systemui/sources/com/amazon/systemui/qs/AmazonQSModeSwitchToggleView.java	this.toggleClickListener = new View.OnClickListener() { // from class: com.amazon.systemui.qs.AmazonQSModeSwitchToggleView.1
/Users/bob/Documents/Codex/2026-08-03-fire-os-7-framework-amazon-fire/decompiled/jadx/systemui/sources/com/amazon/systemui/qs/AmazonQSPanel.java	package com.amazon.systemui.qs;
/Users/bob/Documents/Codex/2026-08-03-fire-os-7-framework-amazon-fire/decompiled/jadx/systemui/sources/com/amazon/systemui/qs/AmazonQSTileHost.java	@Override // com.amazon.arcus.ArcusController.ArcusCallback
/Users/bob/Documents/Codex/2026-08-03-fire-os-7-framework-amazon-fire/decompiled/jadx/systemui/sources/com/amazon/systemui/qs/AmazonQSTileHost.java	@Override // com.amazon.systemui.utils.AlexaModeSwitchUtil.AlexaAvailabilityCallback
/Users/bob/Documents/Codex/2026-08-03-fire-os-7-framework-amazon-fire/decompiled/jadx/systemui/sources/com/amazon/systemui/qs/AmazonQSTileHost.java	@Override // com.amazon.systemui.utils.AlexaModeSwitchUtil.ModeCallback
/Users/bob/Documents/Codex/2026-08-03-fire-os-7-framework-amazon-fire/decompiled/jadx/systemui/sources/com/amazon/systemui/qs/AmazonQSTileHost.java	@Override // com.amazon.systemui.utils.AmazonSystemUIGameModeManager.GameModeStateChangedCallback
/Users/bob/Documents/Codex/2026-08-03-fire-os-7-framework-amazon-fire/decompiled/jadx/systemui/sources/com/amazon/systemui/qs/AmazonQSTileHost.java	@Override // com.amazon.systemui.utils.DemoModeController.DemoModeCallback
/Users/bob/Documents/Codex/2026-08-03-fire-os-7-framework-amazon-fire/decompiled/jadx/systemui/sources/com/amazon/systemui/qs/AmazonQSTileHost.java	@Override // com.amazon.systemui.utils.SmartHomeLauncherHelper.SmartHomeDetectionListener
/Users/bob/Documents/Codex/2026-08-03-fire-os-7-framework-amazon-fire/decompiled/jadx/systemui/sources/com/amazon/systemui/qs/AmazonQSTileHost.java	import com.amazon.arcus.ArcusController;
/Users/bob/Documents/Codex/2026-08-03-fire-os-7-framework-amazon-fire/decompiled/jadx/systemui/sources/com/amazon/systemui/qs/AmazonQSTileHost.java	import com.amazon.keyguard.AmazonKeyguardUtils;
/Users/bob/Documents/Codex/2026-08-03-fire-os-7-framework-amazon-fire/decompiled/jadx/systemui/sources/com/amazon/systemui/qs/AmazonQSTileHost.java	import com.amazon.keyguard.AmazonUserInfoController;
/Users/bob/Documents/Codex/2026-08-03-fire-os-7-framework-amazon-fire/decompiled/jadx/systemui/sources/com/amazon/systemui/qs/AmazonQSTileHost.java	import com.amazon.systemui.utils.AlexaModeSwitchUtil;
/Users/bob/Documents/Codex/2026-08-03-fire-os-7-framework-amazon-fire/decompiled/jadx/systemui/sources/com/amazon/systemui/qs/AmazonQSTileHost.java	import com.amazon.systemui.utils.AmazonSystemUIGameModeManager;
/Users/bob/Documents/Codex/2026-08-03-fire-os-7-framework-amazon-fire/decompiled/jadx/systemui/sources/com/amazon/systemui/qs/AmazonQSTileHost.java	import com.amazon.systemui.utils.DemoModeController;
/Users/bob/Documents/Codex/2026-08-03-fire-os-7-framework-amazon-fire/decompiled/jadx/systemui/sources/com/amazon/systemui/qs/AmazonQSTileHost.java	import com.amazon.systemui.utils.SmartHomeLauncherHelper;
/Users/bob/Documents/Codex/2026-08-03-fire-os-7-framework-amazon-fire/decompiled/jadx/systemui/sources/com/amazon/systemui/qs/AmazonQSTileHost.java	package com.amazon.systemui.qs;
/Users/bob/Documents/Codex/2026-08-03-fire-os-7-framework-amazon-fire/decompiled/jadx/systemui/sources/com/amazon/systemui/qs/AmazonQSTileHost.java	this.mTiles.entrySet().stream().filter(new Predicate() { // from class: com.amazon.systemui.qs.-$$Lambda$AmazonQSTileHost$OiVuxtcjm7EAhTgeaLpTMtOR7YM
/Users/bob/Documents/Codex/2026-08-03-fire-os-7-framework-amazon-fire/decompiled/jadx/systemui/sources/com/amazon/systemui/qs/AmazonQSTileHost.java	}).forEach(new Consumer() { // from class: com.amazon.systemui.qs.-$$Lambda$AmazonQSTileHost$YqPCfb0C_4nJTKgXS3AH_5NEFsc
/Users/bob/Documents/Codex/2026-08-03-fire-os-7-framework-amazon-fire/decompiled/jadx/systemui/sources/com/amazon/systemui/qs/AmazonQuickStatusBarHeader.java	import com.amazon.systemui.utils.AlexaModeSwitchUtil;
/Users/bob/Documents/Codex/2026-08-03-fire-os-7-framework-amazon-fire/decompiled/jadx/systemui/sources/com/amazon/systemui/qs/AmazonQuickStatusBarHeader.java	package com.amazon.systemui.qs;
/Users/bob/Documents/Codex/2026-08-03-fire-os-7-framework-amazon-fire/decompiled/jadx/systemui/sources/com/amazon/systemui/qs/SmartHomeTilePolicy.java	import com.amazon.keyguard.AmazonKeyguardUtils;
/Users/bob/Documents/Codex/2026-08-03-fire-os-7-framework-amazon-fire/decompiled/jadx/systemui/sources/com/amazon/systemui/qs/SmartHomeTilePolicy.java	import com.amazon.systemui.utils.AlexaModeSwitchUtil;
/Users/bob/Documents/Codex/2026-08-03-fire-os-7-framework-amazon-fire/decompiled/jadx/systemui/sources/com/amazon/systemui/qs/SmartHomeTilePolicy.java	package com.amazon.systemui.qs;
/Users/bob/Documents/Codex/2026-08-03-fire-os-7-framework-amazon-fire/decompiled/jadx/systemui/sources/com/amazon/systemui/qs/tileimpl/AmazonQSFactoryImpl.java	import com.amazon.systemui.qs.tiles.AlexaPrivacyModeTile;
/Users/bob/Documents/Codex/2026-08-03-fire-os-7-framework-amazon-fire/decompiled/jadx/systemui/sources/com/amazon/systemui/qs/tileimpl/AmazonQSFactoryImpl.java	import com.amazon.systemui.qs.tiles.AmazonWifiTile;
/Users/bob/Documents/Codex/2026-08-03-fire-os-7-framework-amazon-fire/decompiled/jadx/systemui/sources/com/amazon/systemui/qs/tileimpl/AmazonQSFactoryImpl.java	import com.amazon.systemui.qs.tiles.CameraTile;
/Users/bob/Documents/Codex/2026-08-03-fire-os-7-framework-amazon-fire/decompiled/jadx/systemui/sources/com/amazon/systemui/qs/tileimpl/AmazonQSFactoryImpl.java	import com.amazon.systemui.qs.tiles.ExitKFTTile;
/Users/bob/Documents/Codex/2026-08-03-fire-os-7-framework-amazon-fire/decompiled/jadx/systemui/sources/com/amazon/systemui/qs/tileimpl/AmazonQSFactoryImpl.java	import com.amazon.systemui.qs.tiles.HelpTile;
/Users/bob/Documents/Codex/2026-08-03-fire-os-7-framework-amazon-fire/decompiled/jadx/systemui/sources/com/amazon/systemui/qs/tileimpl/AmazonQSFactoryImpl.java	import com.amazon.systemui.qs.tiles.HomeTile;
/Users/bob/Documents/Codex/2026-08-03-fire-os-7-framework-amazon-fire/decompiled/jadx/systemui/sources/com/amazon/systemui/qs/tileimpl/AmazonQSFactoryImpl.java	import com.amazon.systemui.qs.tiles.LowPowerModeTile;
/Users/bob/Documents/Codex/2026-08-03-fire-os-7-framework-amazon-fire/decompiled/jadx/systemui/sources/com/amazon/systemui/qs/tileimpl/AmazonQSFactoryImpl.java	import com.amazon.systemui.qs.tiles.MoonlightTile;
/Users/bob/Documents/Codex/2026-08-03-fire-os-7-framework-amazon-fire/decompiled/jadx/systemui/sources/com/amazon/systemui/qs/tileimpl/AmazonQSFactoryImpl.java	import com.amazon.systemui.qs.tiles.SmartHomeTile;
/Users/bob/Documents/Codex/2026-08-03-fire-os-7-framework-amazon-fire/decompiled/jadx/systemui/sources/com/amazon/systemui/qs/tileimpl/AmazonQSFactoryImpl.java	import com.amazon.systemui.qs.tiles.StorageTile;
/Users/bob/Documents/Codex/2026-08-03-fire-os-7-framework-amazon-fire/decompiled/jadx/systemui/sources/com/amazon/systemui/qs/tileimpl/AmazonQSFactoryImpl.java	package com.amazon.systemui.qs.tileimpl;
/Users/bob/Documents/Codex/2026-08-03-fire-os-7-framework-amazon-fire/decompiled/jadx/systemui/sources/com/amazon/systemui/qs/tileimpl/AmazonQSTileImpl.java	import com.amazon.systemui.qs.AmazonQSTileHost;
/Users/bob/Documents/Codex/2026-08-03-fire-os-7-framework-amazon-fire/decompiled/jadx/systemui/sources/com/amazon/systemui/qs/tileimpl/AmazonQSTileImpl.java	import com.amazon.systemui.utils.AmazonSystemUIMetricsManager;
/Users/bob/Documents/Codex/2026-08-03-fire-os-7-framework-amazon-fire/decompiled/jadx/systemui/sources/com/amazon/systemui/qs/tileimpl/AmazonQSTileImpl.java	package com.amazon.systemui.qs.tileimpl;
/Users/bob/Documents/Codex/2026-08-03-fire-os-7-framework-amazon-fire/decompiled/jadx/systemui/sources/com/amazon/systemui/qs/tiles/AlexaPrivacyModeTile.java	@Override // com.amazon.systemui.qs.tileimpl.AmazonQSTileImpl
/Users/bob/Documents/Codex/2026-08-03-fire-os-7-framework-amazon-fire/decompiled/jadx/systemui/sources/com/amazon/systemui/qs/tiles/AlexaPrivacyModeTile.java	import com.amazon.keyguard.AmazonKeyguardUtils;
/Users/bob/Documents/Codex/2026-08-03-fire-os-7-framework-amazon-fire/decompiled/jadx/systemui/sources/com/amazon/systemui/qs/tiles/AlexaPrivacyModeTile.java	import com.amazon.systemui.qs.tileimpl.AmazonQSTileImpl;
/Users/bob/Documents/Codex/2026-08-03-fire-os-7-framework-amazon-fire/decompiled/jadx/systemui/sources/com/amazon/systemui/qs/tiles/AlexaPrivacyModeTile.java	import com.amazon.systemui.utils.AlexaModeSwitchUtil;
/Users/bob/Documents/Codex/2026-08-03-fire-os-7-framework-amazon-fire/decompiled/jadx/systemui/sources/com/amazon/systemui/qs/tiles/AlexaPrivacyModeTile.java	package com.amazon.systemui.qs.tiles;
/Users/bob/Documents/Codex/2026-08-03-fire-os-7-framework-amazon-fire/decompiled/jadx/systemui/sources/com/amazon/systemui/qs/tiles/AlexaPrivacyModeTile.java	this.mAlexaWakewordPrivacyModeObserver = new ContentObserver(new Handler()) { // from class: com.amazon.systemui.qs.tiles.AlexaPrivacyModeTile.1
/Users/bob/Documents/Codex/2026-08-03-fire-os-7-framework-amazon-fire/decompiled/jadx/systemui/sources/com/amazon/systemui/qs/tiles/AlexaPrivacyModeTile.java	this.stateUpdateRunnable = new Runnable() { // from class: com.amazon.systemui.qs.tiles.AlexaPrivacyModeTile.2
/Users/bob/Documents/Codex/2026-08-03-fire-os-7-framework-amazon-fire/decompiled/jadx/systemui/sources/com/amazon/systemui/qs/tiles/AmazonWifiTile.java	@Override // com.amazon.systemui.qs.tileimpl.AmazonQSTileImpl
/Users/bob/Documents/Codex/2026-08-03-fire-os-7-framework-amazon-fire/decompiled/jadx/systemui/sources/com/amazon/systemui/qs/tiles/AmazonWifiTile.java	import com.amazon.keyguard.AmazonKeyguardUpdateMonitor;
/Users/bob/Documents/Codex/2026-08-03-fire-os-7-framework-amazon-fire/decompiled/jadx/systemui/sources/com/amazon/systemui/qs/tiles/AmazonWifiTile.java	import com.amazon.keyguard.AmazonKeyguardUtils;
/Users/bob/Documents/Codex/2026-08-03-fire-os-7-framework-amazon-fire/decompiled/jadx/systemui/sources/com/amazon/systemui/qs/tiles/AmazonWifiTile.java	package com.amazon.systemui.qs.tiles;
/Users/bob/Documents/Codex/2026-08-03-fire-os-7-framework-amazon-fire/decompiled/jadx/systemui/sources/com/amazon/systemui/qs/tiles/CameraTile.java	import com.amazon.keyguard.AmazonUserInfoController;
/Users/bob/Documents/Codex/2026-08-03-fire-os-7-framework-amazon-fire/decompiled/jadx/systemui/sources/com/amazon/systemui/qs/tiles/CameraTile.java	import com.amazon.systemui.qs.tileimpl.AmazonQSTileImpl;
/Users/bob/Documents/Codex/2026-08-03-fire-os-7-framework-amazon-fire/decompiled/jadx/systemui/sources/com/amazon/systemui/qs/tiles/CameraTile.java	package com.amazon.systemui.qs.tiles;
/Users/bob/Documents/Codex/2026-08-03-fire-os-7-framework-amazon-fire/decompiled/jadx/systemui/sources/com/amazon/systemui/qs/tiles/ExitKFTTile.java	import com.amazon.android.lockscreen.LockScreenManager;
/Users/bob/Documents/Codex/2026-08-03-fire-os-7-framework-amazon-fire/decompiled/jadx/systemui/sources/com/amazon/systemui/qs/tiles/ExitKFTTile.java	import com.amazon.keyguard.AmazonUserInfoController;
/Users/bob/Documents/Codex/2026-08-03-fire-os-7-framework-amazon-fire/decompiled/jadx/systemui/sources/com/amazon/systemui/qs/tiles/ExitKFTTile.java	import com.amazon.systemui.qs.tileimpl.AmazonQSTileImpl;
/Users/bob/Documents/Codex/2026-08-03-fire-os-7-framework-amazon-fire/decompiled/jadx/systemui/sources/com/amazon/systemui/qs/tiles/ExitKFTTile.java	package com.amazon.systemui.qs.tiles;
/Users/bob/Documents/Codex/2026-08-03-fire-os-7-framework-amazon-fire/decompiled/jadx/systemui/sources/com/amazon/systemui/qs/tiles/HelpTile.java	import com.amazon.keyguard.AmazonKeyguardUtils;
/Users/bob/Documents/Codex/2026-08-03-fire-os-7-framework-amazon-fire/decompiled/jadx/systemui/sources/com/amazon/systemui/qs/tiles/HelpTile.java	import com.amazon.systemui.qs.tileimpl.AmazonQSTileImpl;
/Users/bob/Documents/Codex/2026-08-03-fire-os-7-framework-amazon-fire/decompiled/jadx/systemui/sources/com/amazon/systemui/qs/tiles/HelpTile.java	import com.amazon.systemui.utils.AlexaModeSwitchUtil;
/Users/bob/Documents/Codex/2026-08-03-fire-os-7-framework-amazon-fire/decompiled/jadx/systemui/sources/com/amazon/systemui/qs/tiles/HelpTile.java	package com.amazon.systemui.qs.tiles;
/Users/bob/Documents/Codex/2026-08-03-fire-os-7-framework-amazon-fire/decompiled/jadx/systemui/sources/com/amazon/systemui/qs/tiles/HelpTile.java	private static final Intent TABLET_HELP_INTENT = new Intent("com.amazon.kindle.otter.csapp.ACTION_LAUNCH_CS_APP").setFlags(335577088).putExtra("ApplicationName", "SystemUI");
/Users/bob/Documents/Codex/2026-08-03-fire-os-7-framework-amazon-fire/decompiled/jadx/systemui/sources/com/amazon/systemui/qs/tiles/HelpTile.java	return new Runnable() { // from class: com.amazon.systemui.qs.tiles.HelpTile.1
/Users/bob/Documents/Codex/2026-08-03-fire-os-7-framework-amazon-fire/decompiled/jadx/systemui/sources/com/amazon/systemui/qs/tiles/HomeTile.java	import com.amazon.systemui.qs.tileimpl.AmazonQSTileImpl;
/Users/bob/Documents/Codex/2026-08-03-fire-os-7-framework-amazon-fire/decompiled/jadx/systemui/sources/com/amazon/systemui/qs/tiles/HomeTile.java	import com.amazon.systemui.utils.AlexaModeSwitchUtil;
/Users/bob/Documents/Codex/2026-08-03-fire-os-7-framework-amazon-fire/decompiled/jadx/systemui/sources/com/amazon/systemui/qs/tiles/HomeTile.java	package com.amazon.systemui.qs.tiles;
/Users/bob/Documents/Codex/2026-08-03-fire-os-7-framework-amazon-fire/decompiled/jadx/systemui/sources/com/amazon/systemui/qs/tiles/HomeTile.java	this.launchHomeRunnable = new Runnable() { // from class: com.amazon.systemui.qs.tiles.HomeTile.1
/Users/bob/Documents/Codex/2026-08-03-fire-os-7-framework-amazon-fire/decompiled/jadx/systemui/sources/com/amazon/systemui/qs/tiles/HomeTile.java	this.mLaunchHomeIntent = new Intent("com.amazon.alexa.multimodal.HOME").setPackage(AlexaModeSwitchUtil.MM_HOME_PACKAGE).addCategory("android.intent.category.DEFAULT").setFlags(270532608);
/Users/bob/Documents/Codex/2026-08-03-fire-os-7-framework-amazon-fire/decompiled/jadx/systemui/sources/com/amazon/systemui/qs/tiles/LowPowerModeTile.java	import com.amazon.keyguard.AmazonUserInfoController;
/Users/bob/Documents/Codex/2026-08-03-fire-os-7-framework-amazon-fire/decompiled/jadx/systemui/sources/com/amazon/systemui/qs/tiles/LowPowerModeTile.java	import com.amazon.systemui.qs.tileimpl.AmazonQSTileImpl;
/Users/bob/Documents/Codex/2026-08-03-fire-os-7-framework-amazon-fire/decompiled/jadx/systemui/sources/com/amazon/systemui/qs/tiles/LowPowerModeTile.java	package com.amazon.systemui.qs.tiles;
/Users/bob/Documents/Codex/2026-08-03-fire-os-7-framework-amazon-fire/decompiled/jadx/systemui/sources/com/amazon/systemui/qs/tiles/MoonlightTile.java	@Override // com.amazon.systemui.qs.tileimpl.AmazonQSTileImpl
/Users/bob/Documents/Codex/2026-08-03-fire-os-7-framework-amazon-fire/decompiled/jadx/systemui/sources/com/amazon/systemui/qs/tiles/MoonlightTile.java	@Override // com.amazon.systemui.statusbar.policy.AmazonMoonlightController.MoonlightStateChangedListener
/Users/bob/Documents/Codex/2026-08-03-fire-os-7-framework-amazon-fire/decompiled/jadx/systemui/sources/com/amazon/systemui/qs/tiles/MoonlightTile.java	import com.amazon.keyguard.AmazonKeyguardUtils;
/Users/bob/Documents/Codex/2026-08-03-fire-os-7-framework-amazon-fire/decompiled/jadx/systemui/sources/com/amazon/systemui/qs/tiles/MoonlightTile.java	import com.amazon.keyguard.AmazonUserInfoController;
/Users/bob/Documents/Codex/2026-08-03-fire-os-7-framework-amazon-fire/decompiled/jadx/systemui/sources/com/amazon/systemui/qs/tiles/MoonlightTile.java	import com.amazon.systemui.qs.tileimpl.AmazonQSTileImpl;
/Users/bob/Documents/Codex/2026-08-03-fire-os-7-framework-amazon-fire/decompiled/jadx/systemui/sources/com/amazon/systemui/qs/tiles/MoonlightTile.java	import com.amazon.systemui.statusbar.policy.AmazonMoonlightController;
/Users/bob/Documents/Codex/2026-08-03-fire-os-7-framework-amazon-fire/decompiled/jadx/systemui/sources/com/amazon/systemui/qs/tiles/MoonlightTile.java	import com.amazon.systemui.statusbar.policy.AmazonMoonlightIcons;
/Users/bob/Documents/Codex/2026-08-03-fire-os-7-framework-amazon-fire/decompiled/jadx/systemui/sources/com/amazon/systemui/qs/tiles/MoonlightTile.java	import com.amazon.systemui.utils.AmazonSystemUIMetricsManager;
/Users/bob/Documents/Codex/2026-08-03-fire-os-7-framework-amazon-fire/decompiled/jadx/systemui/sources/com/amazon/systemui/qs/tiles/MoonlightTile.java	package com.amazon.systemui.qs.tiles;
/Users/bob/Documents/Codex/2026-08-03-fire-os-7-framework-amazon-fire/decompiled/jadx/systemui/sources/com/amazon/systemui/qs/tiles/MoonlightTile.java	private static final Intent CHILD_MOONLIGHT_INTENT = new Intent("com.amazon.tahoe.action.FREETIME_MOONLIGHT_SETTINGS");
/Users/bob/Documents/Codex/2026-08-03-fire-os-7-framework-amazon-fire/decompiled/jadx/systemui/sources/com/amazon/systemui/qs/tiles/MoonlightTile.java	private static final Intent MOONLIGHT_INTENT = new Intent("com.amazon.frameworksettings.MOONLIGHT");
/Users/bob/Documents/Codex/2026-08-03-fire-os-7-framework-amazon-fire/decompiled/jadx/systemui/sources/com/amazon/systemui/qs/tiles/SmartHomeTile.java	@Override // com.amazon.systemui.qs.tileimpl.AmazonQSTileImpl
/Users/bob/Documents/Codex/2026-08-03-fire-os-7-framework-amazon-fire/decompiled/jadx/systemui/sources/com/amazon/systemui/qs/tiles/SmartHomeTile.java	AlertDialog.Builder dialogBuilder = SystemUIAlertDialogUtil.prepareDialog(template, this.mContext, null, null, new DialogInterface.OnClickListener() { // from class: com.amazon.systemui.qs.tiles.SmartHomeTile.2
/Users/bob/Documents/Codex/2026-08-03-fire-os-7-framework-amazon-fire/decompiled/jadx/systemui/sources/com/amazon/systemui/qs/tiles/SmartHomeTile.java	SmartHomeTile.this.mMainHandler.post(new Runnable() { // from class: com.amazon.systemui.qs.tiles.SmartHomeTile.2.1
/Users/bob/Documents/Codex/2026-08-03-fire-os-7-framework-amazon-fire/decompiled/jadx/systemui/sources/com/amazon/systemui/qs/tiles/SmartHomeTile.java	import com.amazon.keyguard.AmazonAuthenticationController;
/Users/bob/Documents/Codex/2026-08-03-fire-os-7-framework-amazon-fire/decompiled/jadx/systemui/sources/com/amazon/systemui/qs/tiles/SmartHomeTile.java	import com.amazon.keyguard.AmazonKeyguardUpdateMonitor;
/Users/bob/Documents/Codex/2026-08-03-fire-os-7-framework-amazon-fire/decompiled/jadx/systemui/sources/com/amazon/systemui/qs/tiles/SmartHomeTile.java	import com.amazon.keyguard.AmazonKeyguardUtils;
/Users/bob/Documents/Codex/2026-08-03-fire-os-7-framework-amazon-fire/decompiled/jadx/systemui/sources/com/amazon/systemui/qs/tiles/SmartHomeTile.java	import com.amazon.systemui.keyguard.AmazonKeyguardViewMediator;
/Users/bob/Documents/Codex/2026-08-03-fire-os-7-framework-amazon-fire/decompiled/jadx/systemui/sources/com/amazon/systemui/qs/tiles/SmartHomeTile.java	import com.amazon.systemui.qs.tileimpl.AmazonQSTileImpl;
/Users/bob/Documents/Codex/2026-08-03-fire-os-7-framework-amazon-fire/decompiled/jadx/systemui/sources/com/amazon/systemui/qs/tiles/SmartHomeTile.java	import com.amazon.systemui.utils.AlexaModeSwitchUtil;
/Users/bob/Documents/Codex/2026-08-03-fire-os-7-framework-amazon-fire/decompiled/jadx/systemui/sources/com/amazon/systemui/qs/tiles/SmartHomeTile.java	import com.amazon.systemui.utils.SystemUIAlertDialogUtil;
/Users/bob/Documents/Codex/2026-08-03-fire-os-7-framework-amazon-fire/decompiled/jadx/systemui/sources/com/amazon/systemui/qs/tiles/SmartHomeTile.java	import com.amazon.systemui.utils.SystemUITrustedWifiUtil;
/Users/bob/Documents/Codex/2026-08-03-fire-os-7-framework-amazon-fire/decompiled/jadx/systemui/sources/com/amazon/systemui/qs/tiles/SmartHomeTile.java	package com.amazon.systemui.qs.tiles;
/Users/bob/Documents/Codex/2026-08-03-fire-os-7-framework-amazon-fire/decompiled/jadx/systemui/sources/com/amazon/systemui/qs/tiles/SmartHomeTile.java	private static String ACCOUNT_REGISTER_SETTINGS_ACTION = "com.amazon.kindle.otter.oobe.MYACCOUNT_SETTINGS";
/Users/bob/Documents/Codex/2026-08-03-fire-os-7-framework-amazon-fire/decompiled/jadx/systemui/sources/com/amazon/systemui/qs/tiles/SmartHomeTile.java	private static String PARENTAL_CONTROLS_ACTION = "com.amazon.settings.CHECK_PARENTAL_PASSWORD";
/Users/bob/Documents/Codex/2026-08-03-fire-os-7-framework-amazon-fire/decompiled/jadx/systemui/sources/com/amazon/systemui/qs/tiles/SmartHomeTile.java	private static String PARENTAL_CONTROLS_EXTRA = "com.amazon.settings.showParental";
/Users/bob/Documents/Codex/2026-08-03-fire-os-7-framework-amazon-fire/decompiled/jadx/systemui/sources/com/amazon/systemui/qs/tiles/SmartHomeTile.java	this.SMART_HOME_INTENT = new Intent("com.amazon.gloria.smarthome.SMARTHOME").setPackage(AlexaModeSwitchUtil.MM_HOME_PACKAGE);
/Users/bob/Documents/Codex/2026-08-03-fire-os-7-framework-amazon-fire/decompiled/jadx/systemui/sources/com/amazon/systemui/qs/tiles/SmartHomeTile.java	this.launchSmartHomeRunnable = new Runnable() { // from class: com.amazon.systemui.qs.tiles.SmartHomeTile.1
/Users/bob/Documents/Codex/2026-08-03-fire-os-7-framework-amazon-fire/decompiled/jadx/systemui/sources/com/amazon/systemui/qs/tiles/StorageTile.java	import com.amazon.keyguard.AmazonUserInfoController;
/Users/bob/Documents/Codex/2026-08-03-fire-os-7-framework-amazon-fire/decompiled/jadx/systemui/sources/com/amazon/systemui/qs/tiles/StorageTile.java	import com.amazon.systemui.qs.tileimpl.AmazonQSTileImpl;
/Users/bob/Documents/Codex/2026-08-03-fire-os-7-framework-amazon-fire/decompiled/jadx/systemui/sources/com/amazon/systemui/qs/tiles/StorageTile.java	package com.amazon.systemui.qs.tiles;
/Users/bob/Documents/Codex/2026-08-03-fire-os-7-framework-amazon-fire/decompiled/jadx/systemui/sources/com/amazon/systemui/qs/tiles/StorageTile.java	str = "com.amazon.tahoe.action.STORAGE_PROTECTED";
/Users/bob/Documents/Codex/2026-08-03-fire-os-7-framework-amazon-fire/decompiled/jadx/systemui/sources/com/amazon/systemui/recents/ToddlerModeCheckBox.java	import com.amazon.systemui.utils.ToddlerModeManager;
/Users/bob/Documents/Codex/2026-08-03-fire-os-7-framework-amazon-fire/decompiled/jadx/systemui/sources/com/amazon/systemui/recents/ToddlerModeCheckBox.java	package com.amazon.systemui.recents;
/Users/bob/Documents/Codex/2026-08-03-fire-os-7-framework-amazon-fire/decompiled/jadx/systemui/sources/com/amazon/systemui/recents/events/ui/AmazonStartSplitScreenEvent.java	package com.amazon.systemui.recents.events.ui;
/Users/bob/Documents/Codex/2026-08-03-fire-os-7-framework-amazon-fire/decompiled/jadx/systemui/sources/com/amazon/systemui/recents/views/AmazonTaskView.java	package com.amazon.systemui.recents.views;
/Users/bob/Documents/Codex/2026-08-03-fire-os-7-framework-amazon-fire/decompiled/jadx/systemui/sources/com/amazon/systemui/recents/views/AmazonTaskViewHeader.java	ViewCompat.setAccessibilityDelegate(this.mSplitScreenButton, new AccessibilityDelegateCompat() { // from class: com.amazon.systemui.recents.views.AmazonTaskViewHeader.1
/Users/bob/Documents/Codex/2026-08-03-fire-os-7-framework-amazon-fire/decompiled/jadx/systemui/sources/com/amazon/systemui/recents/views/AmazonTaskViewHeader.java	import com.amazon.systemui.recents.events.ui.AmazonStartSplitScreenEvent;
/Users/bob/Documents/Codex/2026-08-03-fire-os-7-framework-amazon-fire/decompiled/jadx/systemui/sources/com/amazon/systemui/recents/views/AmazonTaskViewHeader.java	package com.amazon.systemui.recents.views;
/Users/bob/Documents/Codex/2026-08-03-fire-os-7-framework-amazon-fire/decompiled/jadx/systemui/sources/com/amazon/systemui/statusbar/AmazonAppOpsListener.java	import com.amazon.keyguard.AmazonKeyguardUtils;
/Users/bob/Documents/Codex/2026-08-03-fire-os-7-framework-amazon-fire/decompiled/jadx/systemui/sources/com/amazon/systemui/statusbar/AmazonAppOpsListener.java	import com.amazon.systemui.statusbar.policy.AmazonAppOpsManager;
/Users/bob/Documents/Codex/2026-08-03-fire-os-7-framework-amazon-fire/decompiled/jadx/systemui/sources/com/amazon/systemui/statusbar/AmazonAppOpsListener.java	package com.amazon.systemui.statusbar;
/Users/bob/Documents/Codex/2026-08-03-fire-os-7-framework-amazon-fire/decompiled/jadx/systemui/sources/com/amazon/systemui/statusbar/AmazonCommandQueue.java	@Override // com.amazon.server.statusbar.IAmazonStatusBar
/Users/bob/Documents/Codex/2026-08-03-fire-os-7-framework-amazon-fire/decompiled/jadx/systemui/sources/com/amazon/systemui/statusbar/AmazonCommandQueue.java	import com.amazon.server.statusbar.IAmazonStatusBar;
/Users/bob/Documents/Codex/2026-08-03-fire-os-7-framework-amazon-fire/decompiled/jadx/systemui/sources/com/amazon/systemui/statusbar/AmazonCommandQueue.java	package com.amazon.systemui.statusbar;
/Users/bob/Documents/Codex/2026-08-03-fire-os-7-framework-amazon-fire/decompiled/jadx/systemui/sources/com/amazon/systemui/statusbar/AmazonFooterView.java	@Override // com.amazon.systemui.utils.AmazonSystemUIGameModeManager.GameModeStateChangedCallback
/Users/bob/Documents/Codex/2026-08-03-fire-os-7-framework-amazon-fire/decompiled/jadx/systemui/sources/com/amazon/systemui/statusbar/AmazonFooterView.java	import com.amazon.keyguard.AmazonKeyguardUtils;
/Users/bob/Documents/Codex/2026-08-03-fire-os-7-framework-amazon-fire/decompiled/jadx/systemui/sources/com/amazon/systemui/statusbar/AmazonFooterView.java	import com.amazon.systemui.utils.AmazonSystemUIGameModeManager;
/Users/bob/Documents/Codex/2026-08-03-fire-os-7-framework-amazon-fire/decompiled/jadx/systemui/sources/com/amazon/systemui/statusbar/AmazonFooterView.java	package com.amazon.systemui.statusbar;
/Users/bob/Documents/Codex/2026-08-03-fire-os-7-framework-amazon-fire/decompiled/jadx/systemui/sources/com/amazon/systemui/statusbar/AmazonNotificationEntryManager.java	if (notif != null && "recommendation".equals(notif.category) && (extraType = notif.extras.getString("com.amazon.extra.TYPE")) != null && extraType.equals("fireDeviceRecommendations")) {
/Users/bob/Documents/Codex/2026-08-03-fire-os-7-framework-amazon-fire/decompiled/jadx/systemui/sources/com/amazon/systemui/statusbar/AmazonNotificationEntryManager.java	import com.amazon.keyguard.AmazonKeyguardUtils;
/Users/bob/Documents/Codex/2026-08-03-fire-os-7-framework-amazon-fire/decompiled/jadx/systemui/sources/com/amazon/systemui/statusbar/AmazonNotificationEntryManager.java	import com.amazon.systemui.utils.AmazonSystemUIMetricsManager;
/Users/bob/Documents/Codex/2026-08-03-fire-os-7-framework-amazon-fire/decompiled/jadx/systemui/sources/com/amazon/systemui/statusbar/AmazonNotificationEntryManager.java	package com.amazon.systemui.statusbar;
/Users/bob/Documents/Codex/2026-08-03-fire-os-7-framework-amazon-fire/decompiled/jadx/systemui/sources/com/amazon/systemui/statusbar/StatusBarNotificationCounterView.java	@Override // com.amazon.keyguard.AmazonKeyguardUpdateMonitorCallback
/Users/bob/Documents/Codex/2026-08-03-fire-os-7-framework-amazon-fire/decompiled/jadx/systemui/sources/com/amazon/systemui/statusbar/StatusBarNotificationCounterView.java	import com.amazon.keyguard.AmazonKeyguardStyleHelper;
/Users/bob/Documents/Codex/2026-08-03-fire-os-7-framework-amazon-fire/decompiled/jadx/systemui/sources/com/amazon/systemui/statusbar/StatusBarNotificationCounterView.java	import com.amazon.keyguard.AmazonKeyguardUpdateMonitor;
/Users/bob/Documents/Codex/2026-08-03-fire-os-7-framework-amazon-fire/decompiled/jadx/systemui/sources/com/amazon/systemui/statusbar/StatusBarNotificationCounterView.java	import com.amazon.keyguard.AmazonKeyguardUpdateMonitorCallback;
/Users/bob/Documents/Codex/2026-08-03-fire-os-7-framework-amazon-fire/decompiled/jadx/systemui/sources/com/amazon/systemui/statusbar/StatusBarNotificationCounterView.java	package com.amazon.systemui.statusbar;
/Users/bob/Documents/Codex/2026-08-03-fire-os-7-framework-amazon-fire/decompiled/jadx/systemui/sources/com/amazon/systemui/statusbar/StatusBarNotificationCounterView.java	this.mAmazonUpdateMonitorCallback = new AmazonKeyguardUpdateMonitorCallback() { // from class: com.amazon.systemui.statusbar.StatusBarNotificationCounterView.1
/Users/bob/Documents/Codex/2026-08-03-fire-os-7-framework-amazon-fire/decompiled/jadx/systemui/sources/com/amazon/systemui/statusbar/phone/AmazonDeviceNameView.java	@Override // com.amazon.systemui.utils.MAPAccountManagerHolder.Callback
/Users/bob/Documents/Codex/2026-08-03-fire-os-7-framework-amazon-fire/decompiled/jadx/systemui/sources/com/amazon/systemui/statusbar/phone/AmazonDeviceNameView.java	Bundle result = customerAttributeStore.peekAttribute(currentDirectedId, "com.amazon.dcp.sso.property.devicename");
/Users/bob/Documents/Codex/2026-08-03-fire-os-7-framework-amazon-fire/decompiled/jadx/systemui/sources/com/amazon/systemui/statusbar/phone/AmazonDeviceNameView.java	Log.e(TAG, "setDeviceNameForUser() |  Unable to peekAttribute com.amazon.dcp.sso.property.devicename | Code: " + result.getInt("error_code_key") + " | Message: " + result.getString("error_message_key"));
/Users/bob/Documents/Codex/2026-08-03-fire-os-7-framework-amazon-fire/decompiled/jadx/systemui/sources/com/amazon/systemui/statusbar/phone/AmazonDeviceNameView.java	Log.e(TAG, "setDeviceNameForUser() | Unable to peekAttribute com.amazon.dcp.sso.property.devicename for directedId " + currentDirectedId + " | Code: " + result.getInt("error_code_key") + " | Message: " + result.getString("error_message_key"));
/Users/bob/Documents/Codex/2026-08-03-fire-os-7-framework-amazon-fire/decompiled/jadx/systemui/sources/com/amazon/systemui/statusbar/phone/AmazonDeviceNameView.java	deviceNameHandler.post(new Runnable() { // from class: com.amazon.systemui.statusbar.phone.AmazonDeviceNameView.3
/Users/bob/Documents/Codex/2026-08-03-fire-os-7-framework-amazon-fire/decompiled/jadx/systemui/sources/com/amazon/systemui/statusbar/phone/AmazonDeviceNameView.java	filter.addAction("com.amazon.dcp.sso.action.AmazonAccountPropertyService.property.changed");
/Users/bob/Documents/Codex/2026-08-03-fire-os-7-framework-amazon-fire/decompiled/jadx/systemui/sources/com/amazon/systemui/statusbar/phone/AmazonDeviceNameView.java	filter.addAction("com.amazon.dcp.sso.action.account.removed");
/Users/bob/Documents/Codex/2026-08-03-fire-os-7-framework-amazon-fire/decompiled/jadx/systemui/sources/com/amazon/systemui/statusbar/phone/AmazonDeviceNameView.java	if ("com.amazon.dcp.sso.action.AmazonAccountPropertyService.property.changed".equals(action)) {
/Users/bob/Documents/Codex/2026-08-03-fire-os-7-framework-amazon-fire/decompiled/jadx/systemui/sources/com/amazon/systemui/statusbar/phone/AmazonDeviceNameView.java	if ("com.amazon.dcp.sso.action.account.removed".equals(action)) {
/Users/bob/Documents/Codex/2026-08-03-fire-os-7-framework-amazon-fire/decompiled/jadx/systemui/sources/com/amazon/systemui/statusbar/phone/AmazonDeviceNameView.java	if (intent.hasExtra("com.amazon.dcp.sso.property.devicename")) {
/Users/bob/Documents/Codex/2026-08-03-fire-os-7-framework-amazon-fire/decompiled/jadx/systemui/sources/com/amazon/systemui/statusbar/phone/AmazonDeviceNameView.java	import com.amazon.android.util.ProductNameFormat;
/Users/bob/Documents/Codex/2026-08-03-fire-os-7-framework-amazon-fire/decompiled/jadx/systemui/sources/com/amazon/systemui/statusbar/phone/AmazonDeviceNameView.java	import com.amazon.identity.auth.device.api.CustomerAttributeStore;
/Users/bob/Documents/Codex/2026-08-03-fire-os-7-framework-amazon-fire/decompiled/jadx/systemui/sources/com/amazon/systemui/statusbar/phone/AmazonDeviceNameView.java	import com.amazon.identity.auth.device.api.MultipleAccountManager;
/Users/bob/Documents/Codex/2026-08-03-fire-os-7-framework-amazon-fire/decompiled/jadx/systemui/sources/com/amazon/systemui/statusbar/phone/AmazonDeviceNameView.java	import com.amazon.keyguard.AmazonKeyguardUtils;
/Users/bob/Documents/Codex/2026-08-03-fire-os-7-framework-amazon-fire/decompiled/jadx/systemui/sources/com/amazon/systemui/statusbar/phone/AmazonDeviceNameView.java	import com.amazon.keyguard.AmazonUserInfoController;
/Users/bob/Documents/Codex/2026-08-03-fire-os-7-framework-amazon-fire/decompiled/jadx/systemui/sources/com/amazon/systemui/statusbar/phone/AmazonDeviceNameView.java	import com.amazon.systemui.utils.MAPAccountManagerHolder;
/Users/bob/Documents/Codex/2026-08-03-fire-os-7-framework-amazon-fire/decompiled/jadx/systemui/sources/com/amazon/systemui/statusbar/phone/AmazonDeviceNameView.java	package com.amazon.systemui.statusbar.phone;
/Users/bob/Documents/Codex/2026-08-03-fire-os-7-framework-amazon-fire/decompiled/jadx/systemui/sources/com/amazon/systemui/statusbar/phone/AmazonDeviceNameView.java	this.mAmazonReceiver = new BroadcastReceiver() { // from class: com.amazon.systemui.statusbar.phone.AmazonDeviceNameView.2
/Users/bob/Documents/Codex/2026-08-03-fire-os-7-framework-amazon-fire/decompiled/jadx/systemui/sources/com/amazon/systemui/statusbar/phone/AmazonDeviceNameView.java	this.mUpdateCallback = new KeyguardUpdateMonitorCallback() { // from class: com.amazon.systemui.statusbar.phone.AmazonDeviceNameView.1
/Users/bob/Documents/Codex/2026-08-03-fire-os-7-framework-amazon-fire/decompiled/jadx/systemui/sources/com/amazon/systemui/statusbar/phone/AmazonHelpButton.java	AmazonHelpButton.this.mHandler.post(new Runnable() { // from class: com.amazon.systemui.statusbar.phone.AmazonHelpButton.1.1
/Users/bob/Documents/Codex/2026-08-03-fire-os-7-framework-amazon-fire/decompiled/jadx/systemui/sources/com/amazon/systemui/statusbar/phone/AmazonHelpButton.java	import com.amazon.keyguard.AmazonUserInfoController;
/Users/bob/Documents/Codex/2026-08-03-fire-os-7-framework-amazon-fire/decompiled/jadx/systemui/sources/com/amazon/systemui/statusbar/phone/AmazonHelpButton.java	import com.amazon.systemui.qs.tiles.HelpTile;
/Users/bob/Documents/Codex/2026-08-03-fire-os-7-framework-amazon-fire/decompiled/jadx/systemui/sources/com/amazon/systemui/statusbar/phone/AmazonHelpButton.java	package com.amazon.systemui.statusbar.phone;
/Users/bob/Documents/Codex/2026-08-03-fire-os-7-framework-amazon-fire/decompiled/jadx/systemui/sources/com/amazon/systemui/statusbar/phone/AmazonHelpButton.java	this.mKeyguardUpdateMonitorCallback = new KeyguardUpdateMonitorCallback() { // from class: com.amazon.systemui.statusbar.phone.AmazonHelpButton.1
/Users/bob/Documents/Codex/2026-08-03-fire-os-7-framework-amazon-fire/decompiled/jadx/systemui/sources/com/amazon/systemui/statusbar/phone/AmazonKeyguardBouncer.java	@Override // com.amazon.keyguard.OnResetPasswordRequestCallback
/Users/bob/Documents/Codex/2026-08-03-fire-os-7-framework-amazon-fire/decompiled/jadx/systemui/sources/com/amazon/systemui/statusbar/phone/AmazonKeyguardBouncer.java	import com.amazon.keyguard.AmazonAuthenticationController;
/Users/bob/Documents/Codex/2026-08-03-fire-os-7-framework-amazon-fire/decompiled/jadx/systemui/sources/com/amazon/systemui/statusbar/phone/AmazonKeyguardBouncer.java	import com.amazon.keyguard.AmazonKeyguardUtils;
/Users/bob/Documents/Codex/2026-08-03-fire-os-7-framework-amazon-fire/decompiled/jadx/systemui/sources/com/amazon/systemui/statusbar/phone/AmazonKeyguardBouncer.java	import com.amazon.keyguard.AmazonViewMediatorCallback;
/Users/bob/Documents/Codex/2026-08-03-fire-os-7-framework-amazon-fire/decompiled/jadx/systemui/sources/com/amazon/systemui/statusbar/phone/AmazonKeyguardBouncer.java	import com.amazon.keyguard.OnResetPasswordRequestCallback;
/Users/bob/Documents/Codex/2026-08-03-fire-os-7-framework-amazon-fire/decompiled/jadx/systemui/sources/com/amazon/systemui/statusbar/phone/AmazonKeyguardBouncer.java	import com.amazon.systemui.utils.AlexaModeSwitchUtil;
/Users/bob/Documents/Codex/2026-08-03-fire-os-7-framework-amazon-fire/decompiled/jadx/systemui/sources/com/amazon/systemui/statusbar/phone/AmazonKeyguardBouncer.java	package com.amazon.systemui.statusbar.phone;
/Users/bob/Documents/Codex/2026-08-03-fire-os-7-framework-amazon-fire/decompiled/jadx/systemui/sources/com/amazon/systemui/statusbar/phone/AmazonKeyguardStatusBarView.java	@Override // com.amazon.keyguard.AmazonKeyguardUpdateMonitorCallback
/Users/bob/Documents/Codex/2026-08-03-fire-os-7-framework-amazon-fire/decompiled/jadx/systemui/sources/com/amazon/systemui/statusbar/phone/AmazonKeyguardStatusBarView.java	import com.amazon.keyguard.AmazonKeyguardStyleHelper;
/Users/bob/Documents/Codex/2026-08-03-fire-os-7-framework-amazon-fire/decompiled/jadx/systemui/sources/com/amazon/systemui/statusbar/phone/AmazonKeyguardStatusBarView.java	import com.amazon.keyguard.AmazonKeyguardUpdateMonitor;
/Users/bob/Documents/Codex/2026-08-03-fire-os-7-framework-amazon-fire/decompiled/jadx/systemui/sources/com/amazon/systemui/statusbar/phone/AmazonKeyguardStatusBarView.java	import com.amazon.keyguard.AmazonKeyguardUpdateMonitorCallback;
/Users/bob/Documents/Codex/2026-08-03-fire-os-7-framework-amazon-fire/decompiled/jadx/systemui/sources/com/amazon/systemui/statusbar/phone/AmazonKeyguardStatusBarView.java	package com.amazon.systemui.statusbar.phone;
/Users/bob/Documents/Codex/2026-08-03-fire-os-7-framework-amazon-fire/decompiled/jadx/systemui/sources/com/amazon/systemui/statusbar/phone/AmazonKeyguardStatusBarView.java	this.mCallback = new AmazonKeyguardUpdateMonitorCallback() { // from class: com.amazon.systemui.statusbar.phone.AmazonKeyguardStatusBarView.1
/Users/bob/Documents/Codex/2026-08-03-fire-os-7-framework-amazon-fire/decompiled/jadx/systemui/sources/com/amazon/systemui/statusbar/phone/AmazonMultiUserSwitch.java	@Override // com.amazon.systemui.utils.AlexaModeSwitchUtil.ModeCallback
/Users/bob/Documents/Codex/2026-08-03-fire-os-7-framework-amazon-fire/decompiled/jadx/systemui/sources/com/amazon/systemui/statusbar/phone/AmazonMultiUserSwitch.java	import com.amazon.systemui.utils.AlexaModeSwitchUtil;
/Users/bob/Documents/Codex/2026-08-03-fire-os-7-framework-amazon-fire/decompiled/jadx/systemui/sources/com/amazon/systemui/statusbar/phone/AmazonMultiUserSwitch.java	package com.amazon.systemui.statusbar.phone;
/Users/bob/Documents/Codex/2026-08-03-fire-os-7-framework-amazon-fire/decompiled/jadx/systemui/sources/com/amazon/systemui/statusbar/phone/AmazonNavigationBarFragment.java	@Override // com.amazon.systemui.statusbar.AmazonCommandQueue.Callbacks
/Users/bob/Documents/Codex/2026-08-03-fire-os-7-framework-amazon-fire/decompiled/jadx/systemui/sources/com/amazon/systemui/statusbar/phone/AmazonNavigationBarFragment.java	import com.amazon.keyguard.AmazonUserInfoController;
/Users/bob/Documents/Codex/2026-08-03-fire-os-7-framework-amazon-fire/decompiled/jadx/systemui/sources/com/amazon/systemui/statusbar/phone/AmazonNavigationBarFragment.java	import com.amazon.systemui.statusbar.AmazonCommandQueue;
/Users/bob/Documents/Codex/2026-08-03-fire-os-7-framework-amazon-fire/decompiled/jadx/systemui/sources/com/amazon/systemui/statusbar/phone/AmazonNavigationBarFragment.java	package com.amazon.systemui.statusbar.phone;
/Users/bob/Documents/Codex/2026-08-03-fire-os-7-framework-amazon-fire/decompiled/jadx/systemui/sources/com/amazon/systemui/statusbar/phone/AmazonNavigationBarView.java	@Override // com.amazon.systemui.utils.AlexaModeSwitchUtil.ModeCallback
/Users/bob/Documents/Codex/2026-08-03-fire-os-7-framework-amazon-fire/decompiled/jadx/systemui/sources/com/amazon/systemui/statusbar/phone/AmazonNavigationBarView.java	@Override // com.amazon.systemui.utils.DemoModeController.DemoModeCallback
/Users/bob/Documents/Codex/2026-08-03-fire-os-7-framework-amazon-fire/decompiled/jadx/systemui/sources/com/amazon/systemui/statusbar/phone/AmazonNavigationBarView.java	@Override // com.amazon.systemui.utils.SmartHomeLauncherHelper.SmartHomeDetectionListener
/Users/bob/Documents/Codex/2026-08-03-fire-os-7-framework-amazon-fire/decompiled/jadx/systemui/sources/com/amazon/systemui/statusbar/phone/AmazonNavigationBarView.java	import com.amazon.keyguard.AmazonKeyguardUtils;
/Users/bob/Documents/Codex/2026-08-03-fire-os-7-framework-amazon-fire/decompiled/jadx/systemui/sources/com/amazon/systemui/statusbar/phone/AmazonNavigationBarView.java	import com.amazon.systemui.utils.AlexaModeSwitchUtil;
/Users/bob/Documents/Codex/2026-08-03-fire-os-7-framework-amazon-fire/decompiled/jadx/systemui/sources/com/amazon/systemui/statusbar/phone/AmazonNavigationBarView.java	import com.amazon.systemui.utils.DemoModeController;
/Users/bob/Documents/Codex/2026-08-03-fire-os-7-framework-amazon-fire/decompiled/jadx/systemui/sources/com/amazon/systemui/statusbar/phone/AmazonNavigationBarView.java	import com.amazon.systemui.utils.SmartHomeLauncherHelper;
/Users/bob/Documents/Codex/2026-08-03-fire-os-7-framework-amazon-fire/decompiled/jadx/systemui/sources/com/amazon/systemui/statusbar/phone/AmazonNavigationBarView.java	import com.amazon.systemui.utils.SplitScreenUtil;
/Users/bob/Documents/Codex/2026-08-03-fire-os-7-framework-amazon-fire/decompiled/jadx/systemui/sources/com/amazon/systemui/statusbar/phone/AmazonNavigationBarView.java	package com.amazon.systemui.statusbar.phone;
/Users/bob/Documents/Codex/2026-08-03-fire-os-7-framework-amazon-fire/decompiled/jadx/systemui/sources/com/amazon/systemui/statusbar/phone/AmazonNavigationBarView.java	smartHomeButton.setAccessibilityDelegate(new View.AccessibilityDelegate() { // from class: com.amazon.systemui.statusbar.phone.AmazonNavigationBarView.2
/Users/bob/Documents/Codex/2026-08-03-fire-os-7-framework-amazon-fire/decompiled/jadx/systemui/sources/com/amazon/systemui/statusbar/phone/AmazonNavigationBarView.java	this.mRecenButtonAccessibilityDelegate = new View.AccessibilityDelegate() { // from class: com.amazon.systemui.statusbar.phone.AmazonNavigationBarView.1
/Users/bob/Documents/Codex/2026-08-03-fire-os-7-framework-amazon-fire/decompiled/jadx/systemui/sources/com/amazon/systemui/statusbar/phone/AmazonNotificationIconAreaController.java	import com.amazon.keyguard.AmazonKeyguardStyleHelper;
/Users/bob/Documents/Codex/2026-08-03-fire-os-7-framework-amazon-fire/decompiled/jadx/systemui/sources/com/amazon/systemui/statusbar/phone/AmazonNotificationIconAreaController.java	import com.amazon.keyguard.AmazonKeyguardUpdateMonitor;
/Users/bob/Documents/Codex/2026-08-03-fire-os-7-framework-amazon-fire/decompiled/jadx/systemui/sources/com/amazon/systemui/statusbar/phone/AmazonNotificationIconAreaController.java	import com.amazon.keyguard.AmazonKeyguardUtils;
/Users/bob/Documents/Codex/2026-08-03-fire-os-7-framework-amazon-fire/decompiled/jadx/systemui/sources/com/amazon/systemui/statusbar/phone/AmazonNotificationIconAreaController.java	package com.amazon.systemui.statusbar.phone;
/Users/bob/Documents/Codex/2026-08-03-fire-os-7-framework-amazon-fire/decompiled/jadx/systemui/sources/com/amazon/systemui/statusbar/phone/AmazonNotificationPanelView.java	import com.amazon.keyguard.AmazonKeyguardStatusView;
/Users/bob/Documents/Codex/2026-08-03-fire-os-7-framework-amazon-fire/decompiled/jadx/systemui/sources/com/amazon/systemui/statusbar/phone/AmazonNotificationPanelView.java	import com.amazon.keyguard.AmazonKeyguardUpdateMonitor;
/Users/bob/Documents/Codex/2026-08-03-fire-os-7-framework-amazon-fire/decompiled/jadx/systemui/sources/com/amazon/systemui/statusbar/phone/AmazonNotificationPanelView.java	import com.amazon.keyguard.AmazonKeyguardUtils;
/Users/bob/Documents/Codex/2026-08-03-fire-os-7-framework-amazon-fire/decompiled/jadx/systemui/sources/com/amazon/systemui/statusbar/phone/AmazonNotificationPanelView.java	import com.amazon.systemui.utils.SearchContainerController;
/Users/bob/Documents/Codex/2026-08-03-fire-os-7-framework-amazon-fire/decompiled/jadx/systemui/sources/com/amazon/systemui/statusbar/phone/AmazonNotificationPanelView.java	import com.amazon.systemui.utils.SmartHomeLauncherHelper;
/Users/bob/Documents/Codex/2026-08-03-fire-os-7-framework-amazon-fire/decompiled/jadx/systemui/sources/com/amazon/systemui/statusbar/phone/AmazonNotificationPanelView.java	package com.amazon.systemui.statusbar.phone;
/Users/bob/Documents/Codex/2026-08-03-fire-os-7-framework-amazon-fire/decompiled/jadx/systemui/sources/com/amazon/systemui/statusbar/phone/AmazonNotificationPanelView.java	this.mAffordanceHelper.startHintAnimation(rightIcon, new Runnable() { // from class: com.amazon.systemui.statusbar.phone.AmazonNotificationPanelView.7
/Users/bob/Documents/Codex/2026-08-03-fire-os-7-framework-amazon-fire/decompiled/jadx/systemui/sources/com/amazon/systemui/statusbar/phone/AmazonNotificationPanelView.java	this.mAnimateKeyguardStatusViewGoneEndRunnable = new Runnable() { // from class: com.amazon.systemui.statusbar.phone.AmazonNotificationPanelView.3
/Users/bob/Documents/Codex/2026-08-03-fire-os-7-framework-amazon-fire/decompiled/jadx/systemui/sources/com/amazon/systemui/statusbar/phone/AmazonNotificationPanelView.java	this.mAnimateKeyguardStatusViewInvisibleEndRunnable = new Runnable() { // from class: com.amazon.systemui.statusbar.phone.AmazonNotificationPanelView.1
/Users/bob/Documents/Codex/2026-08-03-fire-os-7-framework-amazon-fire/decompiled/jadx/systemui/sources/com/amazon/systemui/statusbar/phone/AmazonNotificationPanelView.java	this.mAnimateKeyguardStatusViewVisibleEndRunnable = new Runnable() { // from class: com.amazon.systemui.statusbar.phone.AmazonNotificationPanelView.2
/Users/bob/Documents/Codex/2026-08-03-fire-os-7-framework-amazon-fire/decompiled/jadx/systemui/sources/com/amazon/systemui/statusbar/phone/AmazonNotificationPanelView.java	this.mHandler.postDelayed(new Runnable() { // from class: com.amazon.systemui.statusbar.phone.AmazonNotificationPanelView.8
/Users/bob/Documents/Codex/2026-08-03-fire-os-7-framework-amazon-fire/decompiled/jadx/systemui/sources/com/amazon/systemui/statusbar/phone/AmazonNotificationPanelView.java	this.mStatusBar.executeRunnableDismissingKeyguard(new Runnable() { // from class: com.amazon.systemui.statusbar.phone.AmazonNotificationPanelView.5
/Users/bob/Documents/Codex/2026-08-03-fire-os-7-framework-amazon-fire/decompiled/jadx/systemui/sources/com/amazon/systemui/statusbar/phone/AmazonNotificationPanelView.java	this.mStatusBar.executeRunnableDismissingKeyguard(new Runnable() { // from class: com.amazon.systemui.statusbar.phone.AmazonNotificationPanelView.6
/Users/bob/Documents/Codex/2026-08-03-fire-os-7-framework-amazon-fire/decompiled/jadx/systemui/sources/com/amazon/systemui/statusbar/phone/AmazonScrimController.java	package com.amazon.systemui.statusbar.phone;
/Users/bob/Documents/Codex/2026-08-03-fire-os-7-framework-amazon-fire/decompiled/jadx/systemui/sources/com/amazon/systemui/statusbar/phone/AmazonStatusBar.java	@Override // com.amazon.keyguard.AmazonKeyguardUpdateMonitorCallback
/Users/bob/Documents/Codex/2026-08-03-fire-os-7-framework-amazon-fire/decompiled/jadx/systemui/sources/com/amazon/systemui/statusbar/phone/AmazonStatusBar.java	@Override // com.amazon.systemui.utils.AmazonSystemUIGameModeManager.GameModeStateChangedCallback
/Users/bob/Documents/Codex/2026-08-03-fire-os-7-framework-amazon-fire/decompiled/jadx/systemui/sources/com/amazon/systemui/statusbar/phone/AmazonStatusBar.java	import com.amazon.keyguard.AmazonKeyguardStyleHelper;
/Users/bob/Documents/Codex/2026-08-03-fire-os-7-framework-amazon-fire/decompiled/jadx/systemui/sources/com/amazon/systemui/statusbar/phone/AmazonStatusBar.java	import com.amazon.keyguard.AmazonKeyguardUpdateMonitor;
/Users/bob/Documents/Codex/2026-08-03-fire-os-7-framework-amazon-fire/decompiled/jadx/systemui/sources/com/amazon/systemui/statusbar/phone/AmazonStatusBar.java	import com.amazon.keyguard.AmazonKeyguardUpdateMonitorCallback;
/Users/bob/Documents/Codex/2026-08-03-fire-os-7-framework-amazon-fire/decompiled/jadx/systemui/sources/com/amazon/systemui/statusbar/phone/AmazonStatusBar.java	import com.amazon.keyguard.AmazonKeyguardUtils;
/Users/bob/Documents/Codex/2026-08-03-fire-os-7-framework-amazon-fire/decompiled/jadx/systemui/sources/com/amazon/systemui/statusbar/phone/AmazonStatusBar.java	import com.amazon.keyguard.AmazonUserInfoController;
/Users/bob/Documents/Codex/2026-08-03-fire-os-7-framework-amazon-fire/decompiled/jadx/systemui/sources/com/amazon/systemui/statusbar/phone/AmazonStatusBar.java	import com.amazon.server.statusbar.IAmazonStatusBarService;
/Users/bob/Documents/Codex/2026-08-03-fire-os-7-framework-amazon-fire/decompiled/jadx/systemui/sources/com/amazon/systemui/statusbar/phone/AmazonStatusBar.java	import com.amazon.systemui.keyguard.ads.accessibility.AmazonAdAccessibilityController;
/Users/bob/Documents/Codex/2026-08-03-fire-os-7-framework-amazon-fire/decompiled/jadx/systemui/sources/com/amazon/systemui/statusbar/phone/AmazonStatusBar.java	import com.amazon.systemui.statusbar.AmazonCommandQueue;
/Users/bob/Documents/Codex/2026-08-03-fire-os-7-framework-amazon-fire/decompiled/jadx/systemui/sources/com/amazon/systemui/statusbar/phone/AmazonStatusBar.java	import com.amazon.systemui.statusbar.StatusBarNotificationCounterView;
/Users/bob/Documents/Codex/2026-08-03-fire-os-7-framework-amazon-fire/decompiled/jadx/systemui/sources/com/amazon/systemui/statusbar/phone/AmazonStatusBar.java	import com.amazon.systemui.statusbar.policy.AmazonKeyguardUserSwitcher;
/Users/bob/Documents/Codex/2026-08-03-fire-os-7-framework-amazon-fire/decompiled/jadx/systemui/sources/com/amazon/systemui/statusbar/phone/AmazonStatusBar.java	import com.amazon.systemui.statusbar.policy.AmazonUserSwitcherController;
/Users/bob/Documents/Codex/2026-08-03-fire-os-7-framework-amazon-fire/decompiled/jadx/systemui/sources/com/amazon/systemui/statusbar/phone/AmazonStatusBar.java	import com.amazon.systemui.utils.AlexaModeSwitchUtil;
/Users/bob/Documents/Codex/2026-08-03-fire-os-7-framework-amazon-fire/decompiled/jadx/systemui/sources/com/amazon/systemui/statusbar/phone/AmazonStatusBar.java	import com.amazon.systemui.utils.AmazonSystemUIGameModeManager;
/Users/bob/Documents/Codex/2026-08-03-fire-os-7-framework-amazon-fire/decompiled/jadx/systemui/sources/com/amazon/systemui/statusbar/phone/AmazonStatusBar.java	import com.amazon.systemui.utils.AmazonSystemUIMetricsManager;
/Users/bob/Documents/Codex/2026-08-03-fire-os-7-framework-amazon-fire/decompiled/jadx/systemui/sources/com/amazon/systemui/statusbar/phone/AmazonStatusBar.java	import com.amazon.systemui.utils.SearchContainerController;
/Users/bob/Documents/Codex/2026-08-03-fire-os-7-framework-amazon-fire/decompiled/jadx/systemui/sources/com/amazon/systemui/statusbar/phone/AmazonStatusBar.java	package com.amazon.systemui.statusbar.phone;
/Users/bob/Documents/Codex/2026-08-03-fire-os-7-framework-amazon-fire/decompiled/jadx/systemui/sources/com/amazon/systemui/statusbar/phone/AmazonStatusBar.java	private AmazonKeyguardUpdateMonitorCallback mAmazonInfoCallback = new AmazonKeyguardUpdateMonitorCallback() { // from class: com.amazon.systemui.statusbar.phone.AmazonStatusBar.3
/Users/bob/Documents/Codex/2026-08-03-fire-os-7-framework-amazon-fire/decompiled/jadx/systemui/sources/com/amazon/systemui/statusbar/phone/AmazonStatusBar.java	private ContentObserver mStatusBarConfigurationObserver = new ContentObserver(new Handler()) { // from class: com.amazon.systemui.statusbar.phone.AmazonStatusBar.2
/Users/bob/Documents/Codex/2026-08-03-fire-os-7-framework-amazon-fire/decompiled/jadx/systemui/sources/com/amazon/systemui/statusbar/phone/AmazonStatusBar.java	private KeyguardUpdateMonitorCallback mUpdateCallback = new KeyguardUpdateMonitorCallback() { // from class: com.amazon.systemui.statusbar.phone.AmazonStatusBar.1
/Users/bob/Documents/Codex/2026-08-03-fire-os-7-framework-amazon-fire/decompiled/jadx/systemui/sources/com/amazon/systemui/statusbar/phone/AmazonStatusBar.java	private static final Intent USER_GONE_INTENT = new Intent("amazon.intent.action.ACTION_USER_GONE").addFlags(603979776).setPackage("com.amazon.kindle.unifiedSearch");
/Users/bob/Documents/Codex/2026-08-03-fire-os-7-framework-amazon-fire/decompiled/jadx/systemui/sources/com/amazon/systemui/statusbar/phone/AmazonStatusBar.java	return this.mContext.checkPermission("com.amazon.permission.ALLOW_POST_NOTIFICATION_CHILD", sbn.getInitialPid(), sbn.getUid()) == 0;
/Users/bob/Documents/Codex/2026-08-03-fire-os-7-framework-amazon-fire/decompiled/jadx/systemui/sources/com/amazon/systemui/statusbar/phone/AmazonStatusBar.java	this.mHandler.post(new Runnable() { // from class: com.amazon.systemui.statusbar.phone.AmazonStatusBar.4
/Users/bob/Documents/Codex/2026-08-03-fire-os-7-framework-amazon-fire/decompiled/jadx/systemui/sources/com/amazon/systemui/statusbar/phone/AmazonStatusBar.java	this.mHandler.postDelayed(new Runnable() { // from class: com.amazon.systemui.statusbar.phone.-$$Lambda$AmazonStatusBar$nbvUOki-x8Cl8f5pkM3EvsDMe4o
/Users/bob/Documents/Codex/2026-08-03-fire-os-7-framework-amazon-fire/decompiled/jadx/systemui/sources/com/amazon/systemui/statusbar/phone/AmazonStatusBarKeyguardViewManager.java	@Override // com.amazon.keyguard.AmazonKeyguardUpdateMonitorCallback
/Users/bob/Documents/Codex/2026-08-03-fire-os-7-framework-amazon-fire/decompiled/jadx/systemui/sources/com/amazon/systemui/statusbar/phone/AmazonStatusBarKeyguardViewManager.java	dismissWithAction(new KeyguardHostView.OnDismissAction() { // from class: com.amazon.systemui.statusbar.phone.AmazonStatusBarKeyguardViewManager.4
/Users/bob/Documents/Codex/2026-08-03-fire-os-7-framework-amazon-fire/decompiled/jadx/systemui/sources/com/amazon/systemui/statusbar/phone/AmazonStatusBarKeyguardViewManager.java	import com.amazon.android.keyguard.accessibility.AccessibilityVirtualNode;
/Users/bob/Documents/Codex/2026-08-03-fire-os-7-framework-amazon-fire/decompiled/jadx/systemui/sources/com/amazon/systemui/statusbar/phone/AmazonStatusBarKeyguardViewManager.java	import com.amazon.keyguard.AmazonAuthenticationController;
/Users/bob/Documents/Codex/2026-08-03-fire-os-7-framework-amazon-fire/decompiled/jadx/systemui/sources/com/amazon/systemui/statusbar/phone/AmazonStatusBarKeyguardViewManager.java	import com.amazon.keyguard.AmazonKeyguardHelperActivity;
/Users/bob/Documents/Codex/2026-08-03-fire-os-7-framework-amazon-fire/decompiled/jadx/systemui/sources/com/amazon/systemui/statusbar/phone/AmazonStatusBarKeyguardViewManager.java	import com.amazon.keyguard.AmazonKeyguardUpdateMonitor;
/Users/bob/Documents/Codex/2026-08-03-fire-os-7-framework-amazon-fire/decompiled/jadx/systemui/sources/com/amazon/systemui/statusbar/phone/AmazonStatusBarKeyguardViewManager.java	import com.amazon.keyguard.AmazonKeyguardUpdateMonitorCallback;
/Users/bob/Documents/Codex/2026-08-03-fire-os-7-framework-amazon-fire/decompiled/jadx/systemui/sources/com/amazon/systemui/statusbar/phone/AmazonStatusBarKeyguardViewManager.java	import com.amazon.keyguard.AmazonKeyguardUtils;
/Users/bob/Documents/Codex/2026-08-03-fire-os-7-framework-amazon-fire/decompiled/jadx/systemui/sources/com/amazon/systemui/statusbar/phone/AmazonStatusBarKeyguardViewManager.java	import com.amazon.keyguard.AmazonResetUnlockScreen;
/Users/bob/Documents/Codex/2026-08-03-fire-os-7-framework-amazon-fire/decompiled/jadx/systemui/sources/com/amazon/systemui/statusbar/phone/AmazonStatusBarKeyguardViewManager.java	import com.amazon.keyguard.AmazonViewMediatorCallback;
/Users/bob/Documents/Codex/2026-08-03-fire-os-7-framework-amazon-fire/decompiled/jadx/systemui/sources/com/amazon/systemui/statusbar/phone/AmazonStatusBarKeyguardViewManager.java	import com.amazon.systemui.keyguard.ads.AmazonKeyguardAdsController;
/Users/bob/Documents/Codex/2026-08-03-fire-os-7-framework-amazon-fire/decompiled/jadx/systemui/sources/com/amazon/systemui/statusbar/phone/AmazonStatusBarKeyguardViewManager.java	import com.amazon.systemui.keyguard.events.AmazonKeyguardEventsCallback;
/Users/bob/Documents/Codex/2026-08-03-fire-os-7-framework-amazon-fire/decompiled/jadx/systemui/sources/com/amazon/systemui/statusbar/phone/AmazonStatusBarKeyguardViewManager.java	import com.amazon.systemui.utils.AmazonSystemUIMetricsManager;
/Users/bob/Documents/Codex/2026-08-03-fire-os-7-framework-amazon-fire/decompiled/jadx/systemui/sources/com/amazon/systemui/statusbar/phone/AmazonStatusBarKeyguardViewManager.java	package com.amazon.systemui.statusbar.phone;
/Users/bob/Documents/Codex/2026-08-03-fire-os-7-framework-amazon-fire/decompiled/jadx/systemui/sources/com/amazon/systemui/statusbar/phone/AmazonStatusBarKeyguardViewManager.java	this.mAmazonKeyguardUpdateMonitorCallback = new AmazonKeyguardUpdateMonitorCallback() { // from class: com.amazon.systemui.statusbar.phone.AmazonStatusBarKeyguardViewManager.2
/Users/bob/Documents/Codex/2026-08-03-fire-os-7-framework-amazon-fire/decompiled/jadx/systemui/sources/com/amazon/systemui/statusbar/phone/AmazonStatusBarKeyguardViewManager.java	this.mHandler = new Handler() { // from class: com.amazon.systemui.statusbar.phone.AmazonStatusBarKeyguardViewManager.1
/Users/bob/Documents/Codex/2026-08-03-fire-os-7-framework-amazon-fire/decompiled/jadx/systemui/sources/com/amazon/systemui/statusbar/phone/AmazonStatusBarKeyguardViewManager.java	this.mStatusBar.fadeKeyguardAfterLaunchTransition(null, new Runnable() { // from class: com.amazon.systemui.statusbar.phone.AmazonStatusBarKeyguardViewManager.3
/Users/bob/Documents/Codex/2026-08-03-fire-os-7-framework-amazon-fire/decompiled/jadx/systemui/sources/com/amazon/systemui/statusbar/phone/AmazonStatusBarWindowManager.java	import com.amazon.keyguard.AmazonKeyguardUpdateMonitor;
/Users/bob/Documents/Codex/2026-08-03-fire-os-7-framework-amazon-fire/decompiled/jadx/systemui/sources/com/amazon/systemui/statusbar/phone/AmazonStatusBarWindowManager.java	package com.amazon.systemui.statusbar.phone;
/Users/bob/Documents/Codex/2026-08-03-fire-os-7-framework-amazon-fire/decompiled/jadx/systemui/sources/com/amazon/systemui/statusbar/phone/headsup/MultimodalHeadsUpController.java	import com.amazon.systemui.statusbar.policy.AmazonHeadsUpManager;
/Users/bob/Documents/Codex/2026-08-03-fire-os-7-framework-amazon-fire/decompiled/jadx/systemui/sources/com/amazon/systemui/statusbar/phone/headsup/MultimodalHeadsUpController.java	import com.amazon.systemui.utils.AlexaModeSwitchUtil;
/Users/bob/Documents/Codex/2026-08-03-fire-os-7-framework-amazon-fire/decompiled/jadx/systemui/sources/com/amazon/systemui/statusbar/phone/headsup/MultimodalHeadsUpController.java	package com.amazon.systemui.statusbar.phone.headsup;
/Users/bob/Documents/Codex/2026-08-03-fire-os-7-framework-amazon-fire/decompiled/jadx/systemui/sources/com/amazon/systemui/statusbar/phone/headsup/MultimodalHeadsUpView.java	headsUpView.setOnClickListener(new View.OnClickListener() { // from class: com.amazon.systemui.statusbar.phone.headsup.MultimodalHeadsUpView.3
/Users/bob/Documents/Codex/2026-08-03-fire-os-7-framework-amazon-fire/decompiled/jadx/systemui/sources/com/amazon/systemui/statusbar/phone/headsup/MultimodalHeadsUpView.java	import com.amazon.systemui.statusbar.phone.AmazonStatusBar;
/Users/bob/Documents/Codex/2026-08-03-fire-os-7-framework-amazon-fire/decompiled/jadx/systemui/sources/com/amazon/systemui/statusbar/phone/headsup/MultimodalHeadsUpView.java	import com.amazon.systemui.statusbar.policy.AmazonHeadsUpManager;
/Users/bob/Documents/Codex/2026-08-03-fire-os-7-framework-amazon-fire/decompiled/jadx/systemui/sources/com/amazon/systemui/statusbar/phone/headsup/MultimodalHeadsUpView.java	import com.amazon.systemui.utils.AlexaModeSwitchUtil;
/Users/bob/Documents/Codex/2026-08-03-fire-os-7-framework-amazon-fire/decompiled/jadx/systemui/sources/com/amazon/systemui/statusbar/phone/headsup/MultimodalHeadsUpView.java	package com.amazon.systemui.statusbar.phone.headsup;
/Users/bob/Documents/Codex/2026-08-03-fire-os-7-framework-amazon-fire/decompiled/jadx/systemui/sources/com/amazon/systemui/statusbar/phone/headsup/MultimodalHeadsUpView.java	private static final ViewOutlineProvider CONTENT_HOLDER_OUTLINE_PROVIDER = new ViewOutlineProvider() { // from class: com.amazon.systemui.statusbar.phone.headsup.MultimodalHeadsUpView.2
/Users/bob/Documents/Codex/2026-08-03-fire-os-7-framework-amazon-fire/decompiled/jadx/systemui/sources/com/amazon/systemui/statusbar/phone/headsup/MultimodalHeadsUpView.java	this.mHandler = new Handler() { // from class: com.amazon.systemui.statusbar.phone.headsup.MultimodalHeadsUpView.1
/Users/bob/Documents/Codex/2026-08-03-fire-os-7-framework-amazon-fire/decompiled/jadx/systemui/sources/com/amazon/systemui/statusbar/phone/headsup/MultimodalHeadsUpView.java	this.mSettingsObserver = new ContentObserver(getHandler()) { // from class: com.amazon.systemui.statusbar.phone.headsup.MultimodalHeadsUpView.4
/Users/bob/Documents/Codex/2026-08-03-fire-os-7-framework-amazon-fire/decompiled/jadx/systemui/sources/com/amazon/systemui/statusbar/phone/headsup/MultimodalHeadsUpViewBuilder.java	button.setOnClickListener(new View.OnClickListener() { // from class: com.amazon.systemui.statusbar.phone.headsup.MultimodalHeadsUpViewBuilder.1
/Users/bob/Documents/Codex/2026-08-03-fire-os-7-framework-amazon-fire/decompiled/jadx/systemui/sources/com/amazon/systemui/statusbar/phone/headsup/MultimodalHeadsUpViewBuilder.java	package com.amazon.systemui.statusbar.phone.headsup;
/Users/bob/Documents/Codex/2026-08-03-fire-os-7-framework-amazon-fire/decompiled/jadx/systemui/sources/com/amazon/systemui/statusbar/policy/AmazonAppOpsManager.java	import com.amazon.keyguard.AmazonKeyguardUtils;
/Users/bob/Documents/Codex/2026-08-03-fire-os-7-framework-amazon-fire/decompiled/jadx/systemui/sources/com/amazon/systemui/statusbar/policy/AmazonAppOpsManager.java	import com.amazon.keyguard.AmazonUserInfoController;
/Users/bob/Documents/Codex/2026-08-03-fire-os-7-framework-amazon-fire/decompiled/jadx/systemui/sources/com/amazon/systemui/statusbar/policy/AmazonAppOpsManager.java	package com.amazon.systemui.statusbar.policy;
/Users/bob/Documents/Codex/2026-08-03-fire-os-7-framework-amazon-fire/decompiled/jadx/systemui/sources/com/amazon/systemui/statusbar/policy/AmazonAppOpsManager.java	this.mBgHandler.post(new Runnable() { // from class: com.amazon.systemui.statusbar.policy.AmazonAppOpsManager.1
/Users/bob/Documents/Codex/2026-08-03-fire-os-7-framework-amazon-fire/decompiled/jadx/systemui/sources/com/amazon/systemui/statusbar/policy/AmazonHeadsUpManager.java	import com.amazon.keyguard.AmazonKeyguardUtils;
/Users/bob/Documents/Codex/2026-08-03-fire-os-7-framework-amazon-fire/decompiled/jadx/systemui/sources/com/amazon/systemui/statusbar/policy/AmazonHeadsUpManager.java	import com.amazon.systemui.utils.AlexaModeSwitchUtil;
/Users/bob/Documents/Codex/2026-08-03-fire-os-7-framework-amazon-fire/decompiled/jadx/systemui/sources/com/amazon/systemui/statusbar/policy/AmazonHeadsUpManager.java	package com.amazon.systemui.statusbar.policy;
/Users/bob/Documents/Codex/2026-08-03-fire-os-7-framework-amazon-fire/decompiled/jadx/systemui/sources/com/amazon/systemui/statusbar/policy/AmazonKeyguardUserSwitcher.java	import com.amazon.systemui.utils.SearchContainerController;
/Users/bob/Documents/Codex/2026-08-03-fire-os-7-framework-amazon-fire/decompiled/jadx/systemui/sources/com/amazon/systemui/statusbar/policy/AmazonKeyguardUserSwitcher.java	package com.amazon.systemui.statusbar.policy;
/Users/bob/Documents/Codex/2026-08-03-fire-os-7-framework-amazon-fire/decompiled/jadx/systemui/sources/com/amazon/systemui/statusbar/policy/AmazonLocationController.java	package com.amazon.systemui.statusbar.policy;
/Users/bob/Documents/Codex/2026-08-03-fire-os-7-framework-amazon-fire/decompiled/jadx/systemui/sources/com/amazon/systemui/statusbar/policy/AmazonLocationController.java	this.mBlinkingIconHider = new Runnable() { // from class: com.amazon.systemui.statusbar.policy.AmazonLocationController.1
/Users/bob/Documents/Codex/2026-08-03-fire-os-7-framework-amazon-fire/decompiled/jadx/systemui/sources/com/amazon/systemui/statusbar/policy/AmazonMoonlightController.java	filter.addAction("com.amazon.sysui.action.DUMP_MOONLIGHTSTATE");
/Users/bob/Documents/Codex/2026-08-03-fire-os-7-framework-amazon-fire/decompiled/jadx/systemui/sources/com/amazon/systemui/statusbar/policy/AmazonMoonlightController.java	if ("com.amazon.sysui.action.DUMP_MOONLIGHTSTATE".equals(action)) {
/Users/bob/Documents/Codex/2026-08-03-fire-os-7-framework-amazon-fire/decompiled/jadx/systemui/sources/com/amazon/systemui/statusbar/policy/AmazonMoonlightController.java	import com.amazon.keyguard.AmazonKeyguardUtils;
/Users/bob/Documents/Codex/2026-08-03-fire-os-7-framework-amazon-fire/decompiled/jadx/systemui/sources/com/amazon/systemui/statusbar/policy/AmazonMoonlightController.java	package com.amazon.systemui.statusbar.policy;
/Users/bob/Documents/Codex/2026-08-03-fire-os-7-framework-amazon-fire/decompiled/jadx/systemui/sources/com/amazon/systemui/statusbar/policy/AmazonMoonlightController.java	private ContentObserver mMoonlightAutomaticSettingObserver = new ContentObserver(new Handler()) { // from class: com.amazon.systemui.statusbar.policy.AmazonMoonlightController.4
/Users/bob/Documents/Codex/2026-08-03-fire-os-7-framework-amazon-fire/decompiled/jadx/systemui/sources/com/amazon/systemui/statusbar/policy/AmazonMoonlightController.java	private ContentObserver mMoonlightManualSettingObserver = new ContentObserver(new Handler()) { // from class: com.amazon.systemui.statusbar.policy.AmazonMoonlightController.5
/Users/bob/Documents/Codex/2026-08-03-fire-os-7-framework-amazon-fire/decompiled/jadx/systemui/sources/com/amazon/systemui/statusbar/policy/AmazonMoonlightController.java	private ContentObserver mMoonlightScheduledDaysObserver = new ContentObserver(new Handler()) { // from class: com.amazon.systemui.statusbar.policy.AmazonMoonlightController.6
/Users/bob/Documents/Codex/2026-08-03-fire-os-7-framework-amazon-fire/decompiled/jadx/systemui/sources/com/amazon/systemui/statusbar/policy/AmazonMoonlightController.java	private ContentObserver mMoonlightSettingObserver = new ContentObserver(new Handler()) { // from class: com.amazon.systemui.statusbar.policy.AmazonMoonlightController.3
/Users/bob/Documents/Codex/2026-08-03-fire-os-7-framework-amazon-fire/decompiled/jadx/systemui/sources/com/amazon/systemui/statusbar/policy/AmazonMoonlightController.java	private final BroadcastReceiver mBroadcastReceiver = new BroadcastReceiver() { // from class: com.amazon.systemui.statusbar.policy.AmazonMoonlightController.1
/Users/bob/Documents/Codex/2026-08-03-fire-os-7-framework-amazon-fire/decompiled/jadx/systemui/sources/com/amazon/systemui/statusbar/policy/AmazonMoonlightController.java	private final BroadcastReceiver mUserSwitchedBroadcastReceiver = new BroadcastReceiver() { // from class: com.amazon.systemui.statusbar.policy.AmazonMoonlightController.2
/Users/bob/Documents/Codex/2026-08-03-fire-os-7-framework-amazon-fire/decompiled/jadx/systemui/sources/com/amazon/systemui/statusbar/policy/AmazonMoonlightController.java	private final String ACTION_DEBUG_DUMP = "com.amazon.sysui.action.DUMP_MOONLIGHTSTATE";
/Users/bob/Documents/Codex/2026-08-03-fire-os-7-framework-amazon-fire/decompiled/jadx/systemui/sources/com/amazon/systemui/statusbar/policy/AmazonMoonlightIcons.java	package com.amazon.systemui.statusbar.policy;
/Users/bob/Documents/Codex/2026-08-03-fire-os-7-framework-amazon-fire/decompiled/jadx/systemui/sources/com/amazon/systemui/statusbar/policy/AmazonPhoneStatusBarPolicy.java	/* JADX INFO: renamed from: com.amazon.systemui.statusbar.policy.AmazonPhoneStatusBarPolicy$6$1, reason: invalid class name */
/Users/bob/Documents/Codex/2026-08-03-fire-os-7-framework-amazon-fire/decompiled/jadx/systemui/sources/com/amazon/systemui/statusbar/policy/AmazonPhoneStatusBarPolicy.java	/* JADX INFO: renamed from: com.amazon.systemui.statusbar.policy.AmazonPhoneStatusBarPolicy$6, reason: invalid class name */
/Users/bob/Documents/Codex/2026-08-03-fire-os-7-framework-amazon-fire/decompiled/jadx/systemui/sources/com/amazon/systemui/statusbar/policy/AmazonPhoneStatusBarPolicy.java	@Override // com.amazon.systemui.statusbar.policy.AmazonAppOpsManager.OnActiveOpsChangedListener
/Users/bob/Documents/Codex/2026-08-03-fire-os-7-framework-amazon-fire/decompiled/jadx/systemui/sources/com/amazon/systemui/statusbar/policy/AmazonPhoneStatusBarPolicy.java	AmazonPhoneStatusBarPolicy.this.mHandler.post(new Runnable() { // from class: com.amazon.systemui.statusbar.policy.-$$Lambda$AmazonPhoneStatusBarPolicy$6$1$f7sWmrz68D8EV85Inrqk3_L3410
/Users/bob/Documents/Codex/2026-08-03-fire-os-7-framework-amazon-fire/decompiled/jadx/systemui/sources/com/amazon/systemui/statusbar/policy/AmazonPhoneStatusBarPolicy.java	AmazonPhoneStatusBarPolicy.this.mHandler.post(new Runnable() { // from class: com.amazon.systemui.statusbar.policy.AmazonPhoneStatusBarPolicy.6.2
/Users/bob/Documents/Codex/2026-08-03-fire-os-7-framework-amazon-fire/decompiled/jadx/systemui/sources/com/amazon/systemui/statusbar/policy/AmazonPhoneStatusBarPolicy.java	filter.addAction("com.amazon.kindle.test.SHOW_ALL_STATUSBAR_ICONS");
/Users/bob/Documents/Codex/2026-08-03-fire-os-7-framework-amazon-fire/decompiled/jadx/systemui/sources/com/amazon/systemui/statusbar/policy/AmazonPhoneStatusBarPolicy.java	filter.addAction("com.amazon.whisperlink.MIRRORING_STATE_CHANGED");
/Users/bob/Documents/Codex/2026-08-03-fire-os-7-framework-amazon-fire/decompiled/jadx/systemui/sources/com/amazon/systemui/statusbar/policy/AmazonPhoneStatusBarPolicy.java	filter.addAction("com.amazon.whisperlink.STATE_CHANGED");
/Users/bob/Documents/Codex/2026-08-03-fire-os-7-framework-amazon-fire/decompiled/jadx/systemui/sources/com/amazon/systemui/statusbar/policy/AmazonPhoneStatusBarPolicy.java	if (action.equals("com.amazon.whisperlink.MIRRORING_STATE_CHANGED")) {
/Users/bob/Documents/Codex/2026-08-03-fire-os-7-framework-amazon-fire/decompiled/jadx/systemui/sources/com/amazon/systemui/statusbar/policy/AmazonPhoneStatusBarPolicy.java	if (action.equals("com.amazon.whisperlink.STATE_CHANGED")) {
/Users/bob/Documents/Codex/2026-08-03-fire-os-7-framework-amazon-fire/decompiled/jadx/systemui/sources/com/amazon/systemui/statusbar/policy/AmazonPhoneStatusBarPolicy.java	import com.amazon.keyguard.AmazonUserInfoController;
/Users/bob/Documents/Codex/2026-08-03-fire-os-7-framework-amazon-fire/decompiled/jadx/systemui/sources/com/amazon/systemui/statusbar/policy/AmazonPhoneStatusBarPolicy.java	new Thread(new Runnable() { // from class: com.amazon.systemui.statusbar.policy.AmazonPhoneStatusBarPolicy.6.2.1
/Users/bob/Documents/Codex/2026-08-03-fire-os-7-framework-amazon-fire/decompiled/jadx/systemui/sources/com/amazon/systemui/statusbar/policy/AmazonPhoneStatusBarPolicy.java	package com.amazon.systemui.statusbar.policy;
/Users/bob/Documents/Codex/2026-08-03-fire-os-7-framework-amazon-fire/decompiled/jadx/systemui/sources/com/amazon/systemui/statusbar/policy/AmazonPhoneStatusBarPolicy.java	this.mAlexaPrivacyObserver = new ContentObserver(new Handler()) { // from class: com.amazon.systemui.statusbar.policy.AmazonPhoneStatusBarPolicy.4
/Users/bob/Documents/Codex/2026-08-03-fire-os-7-framework-amazon-fire/decompiled/jadx/systemui/sources/com/amazon/systemui/statusbar/policy/AmazonPhoneStatusBarPolicy.java	this.mAmazonIntentReceiever = new BroadcastReceiver() { // from class: com.amazon.systemui.statusbar.policy.AmazonPhoneStatusBarPolicy.5
/Users/bob/Documents/Codex/2026-08-03-fire-os-7-framework-amazon-fire/decompiled/jadx/systemui/sources/com/amazon/systemui/statusbar/policy/AmazonPhoneStatusBarPolicy.java	this.mMoonlightObserver = new ContentObserver(new Handler()) { // from class: com.amazon.systemui.statusbar.policy.AmazonPhoneStatusBarPolicy.3
/Users/bob/Documents/Codex/2026-08-03-fire-os-7-framework-amazon-fire/decompiled/jadx/systemui/sources/com/amazon/systemui/statusbar/policy/AmazonPhoneStatusBarPolicy.java	this.mParentalControlsSettingObserver = new ContentObserver(new Handler()) { // from class: com.amazon.systemui.statusbar.policy.AmazonPhoneStatusBarPolicy.1
/Users/bob/Documents/Codex/2026-08-03-fire-os-7-framework-amazon-fire/decompiled/jadx/systemui/sources/com/amazon/systemui/statusbar/policy/AmazonPhoneStatusBarPolicy.java	this.mProfileMonitoringObserver = new ContentObserver(new Handler()) { // from class: com.amazon.systemui.statusbar.policy.AmazonPhoneStatusBarPolicy.2
/Users/bob/Documents/Codex/2026-08-03-fire-os-7-framework-amazon-fire/decompiled/jadx/systemui/sources/com/amazon/systemui/statusbar/policy/AmazonPhoneStatusBarPolicy.java	} else if (!action.equals("android.net.wifi.WIFI_AP_STATE_CHANGED") && action.equals("com.amazon.kindle.test.SHOW_ALL_STATUSBAR_ICONS")) {
/Users/bob/Documents/Codex/2026-08-03-fire-os-7-framework-amazon-fire/decompiled/jadx/systemui/sources/com/amazon/systemui/statusbar/policy/AmazonUserSwitcherController.java	@Override // com.amazon.android.util.IMarketplaceServiceListener
/Users/bob/Documents/Codex/2026-08-03-fire-os-7-framework-amazon-fire/decompiled/jadx/systemui/sources/com/amazon/systemui/statusbar/policy/AmazonUserSwitcherController.java	@Override // com.amazon.arcus.ArcusController.ArcusCallback
/Users/bob/Documents/Codex/2026-08-03-fire-os-7-framework-amazon-fire/decompiled/jadx/systemui/sources/com/amazon/systemui/statusbar/policy/AmazonUserSwitcherController.java	@Override // com.amazon.dialogs.AmazonAddNewUserDialog.AddUserCallbackInterface
/Users/bob/Documents/Codex/2026-08-03-fire-os-7-framework-amazon-fire/decompiled/jadx/systemui/sources/com/amazon/systemui/statusbar/policy/AmazonUserSwitcherController.java	@Override // com.amazon.keyguard.AmazonAuthenticationController.AmazonAuthenticationCallback
/Users/bob/Documents/Codex/2026-08-03-fire-os-7-framework-amazon-fire/decompiled/jadx/systemui/sources/com/amazon/systemui/statusbar/policy/AmazonUserSwitcherController.java	@Override // com.amazon.systemui.utils.DemoModeController.DemoModeCallback
/Users/bob/Documents/Codex/2026-08-03-fire-os-7-framework-amazon-fire/decompiled/jadx/systemui/sources/com/amazon/systemui/statusbar/policy/AmazonUserSwitcherController.java	@Override // com.amazon.systemui.utils.MAPAccountManagerHolder.Callback
/Users/bob/Documents/Codex/2026-08-03-fire-os-7-framework-amazon-fire/decompiled/jadx/systemui/sources/com/amazon/systemui/statusbar/policy/AmazonUserSwitcherController.java	AmazonKeyguardUtils.getInstance(this.mContext).showAlertDialog("", this.mContext.getResources().getString(R.string.user_registration_error), android.R.string.ok, new DialogInterface.OnClickListener() { // from class: com.amazon.systemui.statusbar.policy.AmazonUserSwitcherController.6
/Users/bob/Documents/Codex/2026-08-03-fire-os-7-framework-amazon-fire/decompiled/jadx/systemui/sources/com/amazon/systemui/statusbar/policy/AmazonUserSwitcherController.java	AmazonKeyguardUtils.getInstance(this.mContext).showAlertDialog(title, message, android.R.string.config_mt_sms_polling_text, new DialogInterface.OnClickListener() { // from class: com.amazon.systemui.statusbar.policy.AmazonUserSwitcherController.7
/Users/bob/Documents/Codex/2026-08-03-fire-os-7-framework-amazon-fire/decompiled/jadx/systemui/sources/com/amazon/systemui/statusbar/policy/AmazonUserSwitcherController.java	AmazonUserSwitcherController.this.mAuthenticationController.launchAdultPinReset(new DialogInterface.OnClickListener() { // from class: com.amazon.systemui.statusbar.policy.AmazonUserSwitcherController.1.1
/Users/bob/Documents/Codex/2026-08-03-fire-os-7-framework-amazon-fire/decompiled/jadx/systemui/sources/com/amazon/systemui/statusbar/policy/AmazonUserSwitcherController.java	AmazonUserSwitcherController.this.mH2HouseholdManager.registerUserWithExistingAndroidId(agentId, childToBeRegistered, (String) null, new IH2Callback.IUserCallback() { // from class: com.amazon.systemui.statusbar.policy.AmazonUserSwitcherController.5.1
/Users/bob/Documents/Codex/2026-08-03-fire-os-7-framework-amazon-fire/decompiled/jadx/systemui/sources/com/amazon/systemui/statusbar/policy/AmazonUserSwitcherController.java	AsyncTask.execute(new Runnable() { // from class: com.amazon.systemui.statusbar.policy.AmazonUserSwitcherController.5
/Users/bob/Documents/Codex/2026-08-03-fire-os-7-framework-amazon-fire/decompiled/jadx/systemui/sources/com/amazon/systemui/statusbar/policy/AmazonUserSwitcherController.java	filter.addAction("com.amazon.dcp.sso.action.account.added");
/Users/bob/Documents/Codex/2026-08-03-fire-os-7-framework-amazon-fire/decompiled/jadx/systemui/sources/com/amazon/systemui/statusbar/policy/AmazonUserSwitcherController.java	filter.addAction("com.amazon.dcp.sso.action.account.removed");
/Users/bob/Documents/Codex/2026-08-03-fire-os-7-framework-amazon-fire/decompiled/jadx/systemui/sources/com/amazon/systemui/statusbar/policy/AmazonUserSwitcherController.java	import com.amazon.alta.h2contracts.api.H2HouseholdManager;
/Users/bob/Documents/Codex/2026-08-03-fire-os-7-framework-amazon-fire/decompiled/jadx/systemui/sources/com/amazon/systemui/statusbar/policy/AmazonUserSwitcherController.java	import com.amazon.alta.h2shared.aidl.getuser.UserResponse;
/Users/bob/Documents/Codex/2026-08-03-fire-os-7-framework-amazon-fire/decompiled/jadx/systemui/sources/com/amazon/systemui/statusbar/policy/AmazonUserSwitcherController.java	import com.amazon.alta.h2shared.aidl.getusers.GetUsersResponse;
/Users/bob/Documents/Codex/2026-08-03-fire-os-7-framework-amazon-fire/decompiled/jadx/systemui/sources/com/amazon/systemui/statusbar/policy/AmazonUserSwitcherController.java	import com.amazon.alta.h2shared.models.AmazonUser;
/Users/bob/Documents/Codex/2026-08-03-fire-os-7-framework-amazon-fire/decompiled/jadx/systemui/sources/com/amazon/systemui/statusbar/policy/AmazonUserSwitcherController.java	import com.amazon.alta.h2shared.models.HouseholdRole;
/Users/bob/Documents/Codex/2026-08-03-fire-os-7-framework-amazon-fire/decompiled/jadx/systemui/sources/com/amazon/systemui/statusbar/policy/AmazonUserSwitcherController.java	import com.amazon.alta.h2shared.models.IH2Callback;
/Users/bob/Documents/Codex/2026-08-03-fire-os-7-framework-amazon-fire/decompiled/jadx/systemui/sources/com/amazon/systemui/statusbar/policy/AmazonUserSwitcherController.java	import com.amazon.alta.h2shared.models.UserState;
/Users/bob/Documents/Codex/2026-08-03-fire-os-7-framework-amazon-fire/decompiled/jadx/systemui/sources/com/amazon/systemui/statusbar/policy/AmazonUserSwitcherController.java	import com.amazon.android.util.IMarketplaceServiceListener;
/Users/bob/Documents/Codex/2026-08-03-fire-os-7-framework-amazon-fire/decompiled/jadx/systemui/sources/com/amazon/systemui/statusbar/policy/AmazonUserSwitcherController.java	import com.amazon.android.util.MarketplaceServiceUtil;
/Users/bob/Documents/Codex/2026-08-03-fire-os-7-framework-amazon-fire/decompiled/jadx/systemui/sources/com/amazon/systemui/statusbar/policy/AmazonUserSwitcherController.java	import com.amazon.arcus.ArcusController;
/Users/bob/Documents/Codex/2026-08-03-fire-os-7-framework-amazon-fire/decompiled/jadx/systemui/sources/com/amazon/systemui/statusbar/policy/AmazonUserSwitcherController.java	import com.amazon.dialogs.AmazonAddNewUserDialog;
/Users/bob/Documents/Codex/2026-08-03-fire-os-7-framework-amazon-fire/decompiled/jadx/systemui/sources/com/amazon/systemui/statusbar/policy/AmazonUserSwitcherController.java	import com.amazon.dialogs.ProfileSwitchBlockedDialog;
/Users/bob/Documents/Codex/2026-08-03-fire-os-7-framework-amazon-fire/decompiled/jadx/systemui/sources/com/amazon/systemui/statusbar/policy/AmazonUserSwitcherController.java	import com.amazon.identity.auth.device.api.MAPAccountManager;
/Users/bob/Documents/Codex/2026-08-03-fire-os-7-framework-amazon-fire/decompiled/jadx/systemui/sources/com/amazon/systemui/statusbar/policy/AmazonUserSwitcherController.java	import com.amazon.identity.auth.device.api.MultipleAccountManager;
/Users/bob/Documents/Codex/2026-08-03-fire-os-7-framework-amazon-fire/decompiled/jadx/systemui/sources/com/amazon/systemui/statusbar/policy/AmazonUserSwitcherController.java	import com.amazon.keyguard.AmazonAuthenticationController;
/Users/bob/Documents/Codex/2026-08-03-fire-os-7-framework-amazon-fire/decompiled/jadx/systemui/sources/com/amazon/systemui/statusbar/policy/AmazonUserSwitcherController.java	import com.amazon.keyguard.AmazonKeyguardHelperActivity;
/Users/bob/Documents/Codex/2026-08-03-fire-os-7-framework-amazon-fire/decompiled/jadx/systemui/sources/com/amazon/systemui/statusbar/policy/AmazonUserSwitcherController.java	import com.amazon.keyguard.AmazonKeyguardUtils;
/Users/bob/Documents/Codex/2026-08-03-fire-os-7-framework-amazon-fire/decompiled/jadx/systemui/sources/com/amazon/systemui/statusbar/policy/AmazonUserSwitcherController.java	import com.amazon.keyguard.AmazonUserInfoController;
/Users/bob/Documents/Codex/2026-08-03-fire-os-7-framework-amazon-fire/decompiled/jadx/systemui/sources/com/amazon/systemui/statusbar/policy/AmazonUserSwitcherController.java	import com.amazon.systemui.utils.DemoModeController;
/Users/bob/Documents/Codex/2026-08-03-fire-os-7-framework-amazon-fire/decompiled/jadx/systemui/sources/com/amazon/systemui/statusbar/policy/AmazonUserSwitcherController.java	import com.amazon.systemui.utils.MAPAccountManagerHolder;
/Users/bob/Documents/Codex/2026-08-03-fire-os-7-framework-amazon-fire/decompiled/jadx/systemui/sources/com/amazon/systemui/statusbar/policy/AmazonUserSwitcherController.java	package com.amazon.systemui.statusbar.policy;
/Users/bob/Documents/Codex/2026-08-03-fire-os-7-framework-amazon-fire/decompiled/jadx/systemui/sources/com/amazon/systemui/statusbar/policy/AmazonUserSwitcherController.java	private static final Intent INTENT_HOUSEHOLD = new Intent("com.amazon.alta.HOUSEHOLD_SETTINGS");
/Users/bob/Documents/Codex/2026-08-03-fire-os-7-framework-amazon-fire/decompiled/jadx/systemui/sources/com/amazon/systemui/statusbar/policy/AmazonUserSwitcherController.java	this.mAmazonReceiver = new BroadcastReceiver() { // from class: com.amazon.systemui.statusbar.policy.AmazonUserSwitcherController.1
/Users/bob/Documents/Codex/2026-08-03-fire-os-7-framework-amazon-fire/decompiled/jadx/systemui/sources/com/amazon/systemui/statusbar/policy/AmazonUserSwitcherController.java	this.mAuthenticationController.launchAdultPinReset(new DialogInterface.OnClickListener() { // from class: com.amazon.systemui.statusbar.policy.AmazonUserSwitcherController.9
/Users/bob/Documents/Codex/2026-08-03-fire-os-7-framework-amazon-fire/decompiled/jadx/systemui/sources/com/amazon/systemui/statusbar/policy/AmazonUserSwitcherController.java	this.mDemoModeController.registerCallback(new DemoModeController.DemoModeCallback() { // from class: com.amazon.systemui.statusbar.policy.AmazonUserSwitcherController.3
/Users/bob/Documents/Codex/2026-08-03-fire-os-7-framework-amazon-fire/decompiled/jadx/systemui/sources/com/amazon/systemui/statusbar/policy/AmazonUserSwitcherController.java	this.mH2HouseholdManager.getUsers(UserState.NEEDS_AUTH, HouseholdRole.CHILD, new IH2Callback.IGetUsersCallback() { // from class: com.amazon.systemui.statusbar.policy.AmazonUserSwitcherController.4
/Users/bob/Documents/Codex/2026-08-03-fire-os-7-framework-amazon-fire/decompiled/jadx/systemui/sources/com/amazon/systemui/statusbar/policy/AmazonUserSwitcherController.java	this.userDetailAdapter = new DetailAdapter() { // from class: com.amazon.systemui.statusbar.policy.AmazonUserSwitcherController.2
/Users/bob/Documents/Codex/2026-08-03-fire-os-7-framework-amazon-fire/decompiled/jadx/systemui/sources/com/amazon/systemui/statusbar/policy/AmazonUserSwitcherController.java	} else if ("com.amazon.dcp.sso.action.account.added".equals(intent.getAction())) {
/Users/bob/Documents/Codex/2026-08-03-fire-os-7-framework-amazon-fire/decompiled/jadx/systemui/sources/com/amazon/systemui/statusbar/policy/AmazonUserSwitcherController.java	} else if ("com.amazon.dcp.sso.action.account.removed".equals(intent.getAction())) {
/Users/bob/Documents/Codex/2026-08-03-fire-os-7-framework-amazon-fire/decompiled/jadx/systemui/sources/com/amazon/systemui/statusbar/policy/AmazonUserSwitcherController.java	}, android.R.string.config_ethernet_iface_regex, new DialogInterface.OnClickListener() { // from class: com.amazon.systemui.statusbar.policy.AmazonUserSwitcherController.8
/Users/bob/Documents/Codex/2026-08-03-fire-os-7-framework-amazon-fire/decompiled/jadx/systemui/sources/com/amazon/systemui/usb/AmazonStorageNotification.java	package com.amazon.systemui.usb;
/Users/bob/Documents/Codex/2026-08-03-fire-os-7-framework-amazon-fire/decompiled/jadx/systemui/sources/com/amazon/systemui/usb/AmazonStorageNotification.java	private final BroadcastReceiver mUsbStateReceiver = new BroadcastReceiver() { // from class: com.amazon.systemui.usb.AmazonStorageNotification.1
/Users/bob/Documents/Codex/2026-08-03-fire-os-7-framework-amazon-fire/decompiled/jadx/systemui/sources/com/amazon/systemui/usb/AmazonStorageNotificationService.java	package com.amazon.systemui.usb;
/Users/bob/Documents/Codex/2026-08-03-fire-os-7-framework-amazon-fire/decompiled/jadx/systemui/sources/com/amazon/systemui/utils/AlexaModeSwitchUtil.java	@Override // com.amazon.systemui.utils.AlexaModeSwitchUtil.ModeCallback
/Users/bob/Documents/Codex/2026-08-03-fire-os-7-framework-amazon-fire/decompiled/jadx/systemui/sources/com/amazon/systemui/utils/AlexaModeSwitchUtil.java	Class<?> alexaModeSwitchController = Class.forName("com.amazon.systemui.mode.AlexaModeSwitchController");
/Users/bob/Documents/Codex/2026-08-03-fire-os-7-framework-amazon-fire/decompiled/jadx/systemui/sources/com/amazon/systemui/utils/AlexaModeSwitchUtil.java	import com.amazon.systemui.qs.AmazonQSModeSwitchToggleView;
/Users/bob/Documents/Codex/2026-08-03-fire-os-7-framework-amazon-fire/decompiled/jadx/systemui/sources/com/amazon/systemui/utils/AlexaModeSwitchUtil.java	import com.amazon.systemui.statusbar.phone.headsup.MultimodalHeadsUpController;
/Users/bob/Documents/Codex/2026-08-03-fire-os-7-framework-amazon-fire/decompiled/jadx/systemui/sources/com/amazon/systemui/utils/AlexaModeSwitchUtil.java	package com.amazon.systemui.utils;
/Users/bob/Documents/Codex/2026-08-03-fire-os-7-framework-amazon-fire/decompiled/jadx/systemui/sources/com/amazon/systemui/utils/AlexaModeSwitchUtil.java	private ContentObserver mAlexaAvailabilityObserver = new ContentObserver(new Handler()) { // from class: com.amazon.systemui.utils.AlexaModeSwitchUtil.1
/Users/bob/Documents/Codex/2026-08-03-fire-os-7-framework-amazon-fire/decompiled/jadx/systemui/sources/com/amazon/systemui/utils/AlexaModeSwitchUtil.java	private ModeCallback mModeCallback = new ModeCallback() { // from class: com.amazon.systemui.utils.AlexaModeSwitchUtil.2
/Users/bob/Documents/Codex/2026-08-03-fire-os-7-framework-amazon-fire/decompiled/jadx/systemui/sources/com/amazon/systemui/utils/AlexaModeSwitchUtil.java	public static String ALEXA_SETTINGS_CLASS_NAME = "com.amazon.frameworksettings.alexa.AlexaSettingsActivity";
/Users/bob/Documents/Codex/2026-08-03-fire-os-7-framework-amazon-fire/decompiled/jadx/systemui/sources/com/amazon/systemui/utils/AlexaModeSwitchUtil.java	public static String ALEXA_SETTINGS_PACKAGE_NAME = "com.amazon.frameworksettings";
/Users/bob/Documents/Codex/2026-08-03-fire-os-7-framework-amazon-fire/decompiled/jadx/systemui/sources/com/amazon/systemui/utils/AlexaModeSwitchUtil.java	public static String MM_HOME_PACKAGE = "com.amazon.alexa.multimodal.gemini";
/Users/bob/Documents/Codex/2026-08-03-fire-os-7-framework-amazon-fire/decompiled/jadx/systemui/sources/com/amazon/systemui/utils/AmazonSystemUIGameModeManager.java	import com.amazon.keyguard.AmazonKeyguardUtils;
/Users/bob/Documents/Codex/2026-08-03-fire-os-7-framework-amazon-fire/decompiled/jadx/systemui/sources/com/amazon/systemui/utils/AmazonSystemUIGameModeManager.java	package com.amazon.systemui.utils;
/Users/bob/Documents/Codex/2026-08-03-fire-os-7-framework-amazon-fire/decompiled/jadx/systemui/sources/com/amazon/systemui/utils/AmazonSystemUIGameModeManager.java	private final ContentObserver mGameModeObserver = new ContentObserver(new Handler()) { // from class: com.amazon.systemui.utils.AmazonSystemUIGameModeManager.1
/Users/bob/Documents/Codex/2026-08-03-fire-os-7-framework-amazon-fire/decompiled/jadx/systemui/sources/com/amazon/systemui/utils/AmazonSystemUIMetricsManager.java	import com.amazon.minerva.client.platform.AmazonMinerva;
/Users/bob/Documents/Codex/2026-08-03-fire-os-7-framework-amazon-fire/decompiled/jadx/systemui/sources/com/amazon/systemui/utils/AmazonSystemUIMetricsManager.java	import com.amazon.minerva.client.platform.AmazonMinervaLoggerClient;
/Users/bob/Documents/Codex/2026-08-03-fire-os-7-framework-amazon-fire/decompiled/jadx/systemui/sources/com/amazon/systemui/utils/AmazonSystemUIMetricsManager.java	import com.amazon.minerva.client.platform.MetricEvent;
/Users/bob/Documents/Codex/2026-08-03-fire-os-7-framework-amazon-fire/decompiled/jadx/systemui/sources/com/amazon/systemui/utils/AmazonSystemUIMetricsManager.java	import com.amazon.minerva.client.platform.Predefined;
/Users/bob/Documents/Codex/2026-08-03-fire-os-7-framework-amazon-fire/decompiled/jadx/systemui/sources/com/amazon/systemui/utils/AmazonSystemUIMetricsManager.java	package com.amazon.systemui.utils;
/Users/bob/Documents/Codex/2026-08-03-fire-os-7-framework-amazon-fire/decompiled/jadx/systemui/sources/com/amazon/systemui/utils/DemoModeController.java	import com.amazon.keyguard.AmazonKeyguardUtils;
/Users/bob/Documents/Codex/2026-08-03-fire-os-7-framework-amazon-fire/decompiled/jadx/systemui/sources/com/amazon/systemui/utils/DemoModeController.java	import com.amazon.kor.demo.lib.DemoFlagObserver;
/Users/bob/Documents/Codex/2026-08-03-fire-os-7-framework-amazon-fire/decompiled/jadx/systemui/sources/com/amazon/systemui/utils/DemoModeController.java	import com.amazon.kor.demo.lib.DemoManager;
/Users/bob/Documents/Codex/2026-08-03-fire-os-7-framework-amazon-fire/decompiled/jadx/systemui/sources/com/amazon/systemui/utils/DemoModeController.java	package com.amazon.systemui.utils;
/Users/bob/Documents/Codex/2026-08-03-fire-os-7-framework-amazon-fire/decompiled/jadx/systemui/sources/com/amazon/systemui/utils/DemoModeController.java	private final Handler mHandler = new Handler(Looper.getMainLooper()) { // from class: com.amazon.systemui.utils.DemoModeController.1
/Users/bob/Documents/Codex/2026-08-03-fire-os-7-framework-amazon-fire/decompiled/jadx/systemui/sources/com/amazon/systemui/utils/DemoModeController.java	this.mDemoManager.registerDemoFlagObserver(new DemoFlagObserver() { // from class: com.amazon.systemui.utils.DemoModeController.2
/Users/bob/Documents/Codex/2026-08-03-fire-os-7-framework-amazon-fire/decompiled/jadx/systemui/sources/com/amazon/systemui/utils/KeyguardBottomAreaUtil.java	import com.amazon.keyguard.AmazonKeyguardUtils;
/Users/bob/Documents/Codex/2026-08-03-fire-os-7-framework-amazon-fire/decompiled/jadx/systemui/sources/com/amazon/systemui/utils/KeyguardBottomAreaUtil.java	import com.amazon.keyguard.AmazonUserInfoController;
/Users/bob/Documents/Codex/2026-08-03-fire-os-7-framework-amazon-fire/decompiled/jadx/systemui/sources/com/amazon/systemui/utils/KeyguardBottomAreaUtil.java	package com.amazon.systemui.utils;
/Users/bob/Documents/Codex/2026-08-03-fire-os-7-framework-amazon-fire/decompiled/jadx/systemui/sources/com/amazon/systemui/utils/LiquidDetectionVolumeHelper.java	package com.amazon.systemui.utils;
/Users/bob/Documents/Codex/2026-08-03-fire-os-7-framework-amazon-fire/decompiled/jadx/systemui/sources/com/amazon/systemui/utils/MAPAccountManagerHolder.java	@Override // com.amazon.keyguard.bootup.AmazonBootUpListener
/Users/bob/Documents/Codex/2026-08-03-fire-os-7-framework-amazon-fire/decompiled/jadx/systemui/sources/com/amazon/systemui/utils/MAPAccountManagerHolder.java	import com.amazon.identity.auth.device.api.CustomerAttributeStore;
/Users/bob/Documents/Codex/2026-08-03-fire-os-7-framework-amazon-fire/decompiled/jadx/systemui/sources/com/amazon/systemui/utils/MAPAccountManagerHolder.java	import com.amazon.identity.auth.device.api.MAPAccountManager;
/Users/bob/Documents/Codex/2026-08-03-fire-os-7-framework-amazon-fire/decompiled/jadx/systemui/sources/com/amazon/systemui/utils/MAPAccountManagerHolder.java	import com.amazon.identity.auth.device.api.MultipleAccountManager;
/Users/bob/Documents/Codex/2026-08-03-fire-os-7-framework-amazon-fire/decompiled/jadx/systemui/sources/com/amazon/systemui/utils/MAPAccountManagerHolder.java	import com.amazon.keyguard.bootup.AmazonBootUpListener;
/Users/bob/Documents/Codex/2026-08-03-fire-os-7-framework-amazon-fire/decompiled/jadx/systemui/sources/com/amazon/systemui/utils/MAPAccountManagerHolder.java	import com.amazon.systemui.bootup.AmazonBootUpController;
/Users/bob/Documents/Codex/2026-08-03-fire-os-7-framework-amazon-fire/decompiled/jadx/systemui/sources/com/amazon/systemui/utils/MAPAccountManagerHolder.java	package com.amazon.systemui.utils;
/Users/bob/Documents/Codex/2026-08-03-fire-os-7-framework-amazon-fire/decompiled/jadx/systemui/sources/com/amazon/systemui/utils/SearchConstants.java	import com.amazon.device.search.USearchManager;
/Users/bob/Documents/Codex/2026-08-03-fire-os-7-framework-amazon-fire/decompiled/jadx/systemui/sources/com/amazon/systemui/utils/SearchConstants.java	import com.amazon.keyguard.AmazonKeyguardUpdateMonitor;
/Users/bob/Documents/Codex/2026-08-03-fire-os-7-framework-amazon-fire/decompiled/jadx/systemui/sources/com/amazon/systemui/utils/SearchConstants.java	import com.amazon.keyguard.AmazonKeyguardUtils;
/Users/bob/Documents/Codex/2026-08-03-fire-os-7-framework-amazon-fire/decompiled/jadx/systemui/sources/com/amazon/systemui/utils/SearchConstants.java	package com.amazon.systemui.utils;
/Users/bob/Documents/Codex/2026-08-03-fire-os-7-framework-amazon-fire/decompiled/jadx/systemui/sources/com/amazon/systemui/utils/SearchConstants.java	public static final KeyguardHostView.OnDismissAction DISMISS_ACTION = new KeyguardHostView.OnDismissAction() { // from class: com.amazon.systemui.utils.SearchConstants.1
/Users/bob/Documents/Codex/2026-08-03-fire-os-7-framework-amazon-fire/decompiled/jadx/systemui/sources/com/amazon/systemui/utils/SearchContainerController.java	SearchContainerController.this.mHandler.post(new Runnable() { // from class: com.amazon.systemui.utils.SearchContainerController.3.1
/Users/bob/Documents/Codex/2026-08-03-fire-os-7-framework-amazon-fire/decompiled/jadx/systemui/sources/com/amazon/systemui/utils/SearchContainerController.java	import com.amazon.device.search.SearchVisibilityHandler;
/Users/bob/Documents/Codex/2026-08-03-fire-os-7-framework-amazon-fire/decompiled/jadx/systemui/sources/com/amazon/systemui/utils/SearchContainerController.java	import com.amazon.device.search.USearchManager;
/Users/bob/Documents/Codex/2026-08-03-fire-os-7-framework-amazon-fire/decompiled/jadx/systemui/sources/com/amazon/systemui/utils/SearchContainerController.java	import com.amazon.keyguard.AmazonKeyguardUtils;
/Users/bob/Documents/Codex/2026-08-03-fire-os-7-framework-amazon-fire/decompiled/jadx/systemui/sources/com/amazon/systemui/utils/SearchContainerController.java	import com.amazon.keyguard.AmazonUserInfoController;
/Users/bob/Documents/Codex/2026-08-03-fire-os-7-framework-amazon-fire/decompiled/jadx/systemui/sources/com/amazon/systemui/utils/SearchContainerController.java	import com.amazon.systemui.statusbar.phone.AmazonStatusBar;
/Users/bob/Documents/Codex/2026-08-03-fire-os-7-framework-amazon-fire/decompiled/jadx/systemui/sources/com/amazon/systemui/utils/SearchContainerController.java	package com.amazon.systemui.utils;
/Users/bob/Documents/Codex/2026-08-03-fire-os-7-framework-amazon-fire/decompiled/jadx/systemui/sources/com/amazon/systemui/utils/SearchContainerController.java	private SearchVisibilityHandler.SearchVisibilityChangeCallback mSearchVisibilityChangeCallback = new SearchVisibilityHandler.SearchVisibilityChangeCallback() { // from class: com.amazon.systemui.utils.SearchContainerController.1
/Users/bob/Documents/Codex/2026-08-03-fire-os-7-framework-amazon-fire/decompiled/jadx/systemui/sources/com/amazon/systemui/utils/SearchContainerController.java	private final ContentObserver mSearchNotificationTrayObserver = new ContentObserver(new Handler()) { // from class: com.amazon.systemui.utils.SearchContainerController.2
/Users/bob/Documents/Codex/2026-08-03-fire-os-7-framework-amazon-fire/decompiled/jadx/systemui/sources/com/amazon/systemui/utils/SearchContainerController.java	private final KeyguardUpdateMonitorCallback KEYGUARD_CALLBACK = new KeyguardUpdateMonitorCallback() { // from class: com.amazon.systemui.utils.SearchContainerController.3
/Users/bob/Documents/Codex/2026-08-03-fire-os-7-framework-amazon-fire/decompiled/jadx/systemui/sources/com/amazon/systemui/utils/SearchContainerController.java	this.mSearchView.setOnClickListener(new View.OnClickListener() { // from class: com.amazon.systemui.utils.SearchContainerController.4
/Users/bob/Documents/Codex/2026-08-03-fire-os-7-framework-amazon-fire/decompiled/jadx/systemui/sources/com/amazon/systemui/utils/SmartHomeLauncherHelper.java	import com.amazon.keyguard.AmazonKeyguardUtils;
/Users/bob/Documents/Codex/2026-08-03-fire-os-7-framework-amazon-fire/decompiled/jadx/systemui/sources/com/amazon/systemui/utils/SmartHomeLauncherHelper.java	import com.amazon.keyguard.AmazonUserInfoController;
/Users/bob/Documents/Codex/2026-08-03-fire-os-7-framework-amazon-fire/decompiled/jadx/systemui/sources/com/amazon/systemui/utils/SmartHomeLauncherHelper.java	package com.amazon.systemui.utils;
/Users/bob/Documents/Codex/2026-08-03-fire-os-7-framework-amazon-fire/decompiled/jadx/systemui/sources/com/amazon/systemui/utils/SmartHomeLauncherHelper.java	private Intent mSmartHomeIntent = new Intent().setPackage("com.amazon.smartgenie").setClassName("com.amazon.smartgenie", "com.amazon.smartgenie.activity.MainActivity");
/Users/bob/Documents/Codex/2026-08-03-fire-os-7-framework-amazon-fire/decompiled/jadx/systemui/sources/com/amazon/systemui/utils/SmartHomeLauncherHelper.java	private static final Intent SMART_HOME_LOCKSCREEN_DIALOG_INTENT = new Intent().setFlags(1082130432).setPackage("com.amazon.smartgenie").setClassName("com.amazon.smartgenie", "com.amazon.smartgenie.activity.LockscreenAccessDialogActivity");
/Users/bob/Documents/Codex/2026-08-03-fire-os-7-framework-amazon-fire/decompiled/jadx/systemui/sources/com/amazon/systemui/utils/SmartHomeLauncherHelper.java	protected final ContentObserver mSGLockscreenAccessObserver = new ContentObserver(new Handler()) { // from class: com.amazon.systemui.utils.SmartHomeLauncherHelper.2
/Users/bob/Documents/Codex/2026-08-03-fire-os-7-framework-amazon-fire/decompiled/jadx/systemui/sources/com/amazon/systemui/utils/SmartHomeLauncherHelper.java	protected final ContentObserver mSGUpdateObserver = new ContentObserver(new Handler()) { // from class: com.amazon.systemui.utils.SmartHomeLauncherHelper.1
/Users/bob/Documents/Codex/2026-08-03-fire-os-7-framework-amazon-fire/decompiled/jadx/systemui/sources/com/amazon/systemui/utils/SplitScreenUtil.java	import com.amazon.keyguard.AmazonKeyguardUtils;
/Users/bob/Documents/Codex/2026-08-03-fire-os-7-framework-amazon-fire/decompiled/jadx/systemui/sources/com/amazon/systemui/utils/SplitScreenUtil.java	package com.amazon.systemui.utils;
/Users/bob/Documents/Codex/2026-08-03-fire-os-7-framework-amazon-fire/decompiled/jadx/systemui/sources/com/amazon/systemui/utils/SystemServiceFilterUtil.java	import com.amazon.keyguard.AmazonKeyguardUtils;
/Users/bob/Documents/Codex/2026-08-03-fire-os-7-framework-amazon-fire/decompiled/jadx/systemui/sources/com/amazon/systemui/utils/SystemServiceFilterUtil.java	package com.amazon.systemui.utils;
/Users/bob/Documents/Codex/2026-08-03-fire-os-7-framework-amazon-fire/decompiled/jadx/systemui/sources/com/amazon/systemui/utils/SystemServiceFilterUtil.java	return (String[]) services.stream().toArray(new IntFunction() { // from class: com.amazon.systemui.utils.-$$Lambda$SystemServiceFilterUtil$OnekCgoAneDWdO1B4rdssfybIfo
/Users/bob/Documents/Codex/2026-08-03-fire-os-7-framework-amazon-fire/decompiled/jadx/systemui/sources/com/amazon/systemui/utils/SystemUIAlertDialogUtil.java	import com.amazon.keyguard.AmazonKeyguardUtils;
/Users/bob/Documents/Codex/2026-08-03-fire-os-7-framework-amazon-fire/decompiled/jadx/systemui/sources/com/amazon/systemui/utils/SystemUIAlertDialogUtil.java	package com.amazon.systemui.utils;
/Users/bob/Documents/Codex/2026-08-03-fire-os-7-framework-amazon-fire/decompiled/jadx/systemui/sources/com/amazon/systemui/utils/SystemUITrustedWifiUtil.java	Class<?> trustedWifiUtilClass = Class.forName("com.amazon.alexa.multimodal.settings.util.TrustedWifiUtil");
/Users/bob/Documents/Codex/2026-08-03-fire-os-7-framework-amazon-fire/decompiled/jadx/systemui/sources/com/amazon/systemui/utils/SystemUITrustedWifiUtil.java	import com.amazon.keyguard.AmazonKeyguardUtils;
/Users/bob/Documents/Codex/2026-08-03-fire-os-7-framework-amazon-fire/decompiled/jadx/systemui/sources/com/amazon/systemui/utils/SystemUITrustedWifiUtil.java	package com.amazon.systemui.utils;
/Users/bob/Documents/Codex/2026-08-03-fire-os-7-framework-amazon-fire/decompiled/jadx/systemui/sources/com/amazon/systemui/utils/ToddlerModeManager.java	AsyncTask.execute(new Runnable() { // from class: com.amazon.systemui.utils.ToddlerModeManager.2.1
/Users/bob/Documents/Codex/2026-08-03-fire-os-7-framework-amazon-fire/decompiled/jadx/systemui/sources/com/amazon/systemui/utils/ToddlerModeManager.java	import com.amazon.keyguard.AmazonKeyguardUtils;
/Users/bob/Documents/Codex/2026-08-03-fire-os-7-framework-amazon-fire/decompiled/jadx/systemui/sources/com/amazon/systemui/utils/ToddlerModeManager.java	package com.amazon.systemui.utils;
/Users/bob/Documents/Codex/2026-08-03-fire-os-7-framework-amazon-fire/decompiled/jadx/systemui/sources/com/amazon/systemui/utils/ToddlerModeManager.java	private KeyguardUpdateMonitorCallback mUserSwitcherCallback = new KeyguardUpdateMonitorCallback() { // from class: com.amazon.systemui.utils.ToddlerModeManager.2
/Users/bob/Documents/Codex/2026-08-03-fire-os-7-framework-amazon-fire/decompiled/jadx/systemui/sources/com/amazon/systemui/utils/ToddlerModeManager.java	private final ContentObserver mToddlerModeUserSelectionSettingObserver = new ContentObserver(new Handler()) { // from class: com.amazon.systemui.utils.ToddlerModeManager.1
/Users/bob/Documents/Codex/2026-08-03-fire-os-7-framework-amazon-fire/decompiled/jadx/systemui/sources/com/amazon/systemui/utils/ToddlerModeManager.java	this.mHandler.post(new Runnable() { // from class: com.amazon.systemui.utils.-$$Lambda$ToddlerModeManager$AqZ6NBE0EuqTLy_QMVAlZgrzCQg
/Users/bob/Documents/Codex/2026-08-03-fire-os-7-framework-amazon-fire/decompiled/jadx/systemui/sources/com/android/keyguard/KeyguardAbsKeyInputView.java	@Override // com.amazon.keyguard.AmazonAuthenticationController.AmazonAuthenticationCallback
/Users/bob/Documents/Codex/2026-08-03-fire-os-7-framework-amazon-fire/decompiled/jadx/systemui/sources/com/android/keyguard/KeyguardAbsKeyInputView.java	import com.amazon.keyguard.AmazonAuthenticationController;
/Users/bob/Documents/Codex/2026-08-03-fire-os-7-framework-amazon-fire/decompiled/jadx/systemui/sources/com/android/keyguard/KeyguardAbsKeyInputView.java	import com.amazon.keyguard.AmazonKeyguardSecurityCallback;
/Users/bob/Documents/Codex/2026-08-03-fire-os-7-framework-amazon-fire/decompiled/jadx/systemui/sources/com/android/keyguard/KeyguardAbsKeyInputView.java	import com.amazon.keyguard.AmazonKeyguardUtils;
/Users/bob/Documents/Codex/2026-08-03-fire-os-7-framework-amazon-fire/decompiled/jadx/systemui/sources/com/android/keyguard/KeyguardAbsKeyInputView.java	import com.amazon.keyguard.AmazonUserInfoController;
/Users/bob/Documents/Codex/2026-08-03-fire-os-7-framework-amazon-fire/decompiled/jadx/systemui/sources/com/android/keyguard/KeyguardPINView.java	@Override // com.amazon.keyguard.AmazonKeyguardPinBasedInputView, com.android.keyguard.KeyguardPinBasedInputView, com.android.keyguard.KeyguardAbsKeyInputView
/Users/bob/Documents/Codex/2026-08-03-fire-os-7-framework-amazon-fire/decompiled/jadx/systemui/sources/com/android/keyguard/KeyguardPINView.java	@Override // com.amazon.keyguard.AmazonKeyguardPinBasedInputView, com.android.keyguard.KeyguardPinBasedInputView, com.android.keyguard.KeyguardAbsKeyInputView, android.view.View
/Users/bob/Documents/Codex/2026-08-03-fire-os-7-framework-amazon-fire/decompiled/jadx/systemui/sources/com/android/keyguard/KeyguardPINView.java	import com.amazon.keyguard.AmazonKeyguardPinBasedInputView;
/Users/bob/Documents/Codex/2026-08-03-fire-os-7-framework-amazon-fire/decompiled/jadx/systemui/sources/com/android/keyguard/KeyguardPasswordView.java	import com.amazon.keyguard.AmazonKeyguardAbsKeyInputView;
/Users/bob/Documents/Codex/2026-08-03-fire-os-7-framework-amazon-fire/decompiled/jadx/systemui/sources/com/android/keyguard/KeyguardPinBasedInputView.java	import com.amazon.keyguard.AmazonKeyguardAbsKeyInputView;
/Users/bob/Documents/Codex/2026-08-03-fire-os-7-framework-amazon-fire/decompiled/jadx/systemui/sources/com/android/keyguard/KeyguardSimPinView.java	@Override // com.amazon.keyguard.AmazonKeyguardAbsKeyInputView, com.android.keyguard.KeyguardAbsKeyInputView
/Users/bob/Documents/Codex/2026-08-03-fire-os-7-framework-amazon-fire/decompiled/jadx/systemui/sources/com/android/keyguard/KeyguardSimPukView.java	@Override // com.amazon.keyguard.AmazonKeyguardAbsKeyInputView, com.android.keyguard.KeyguardAbsKeyInputView
/Users/bob/Documents/Codex/2026-08-03-fire-os-7-framework-amazon-fire/decompiled/jadx/systemui/sources/com/android/keyguard/PasswordTextView.java	import com.amazon.keyguard.AmazonKeyguardPinBasedInputView;
/Users/bob/Documents/Codex/2026-08-03-fire-os-7-framework-amazon-fire/decompiled/jadx/systemui/sources/com/android/keyguard/PasswordTextView.java	import com.amazon.keyguard.AmazonKeyguardUtils;
/Users/bob/Documents/Codex/2026-08-03-fire-os-7-framework-amazon-fire/decompiled/jadx/systemui/sources/com/android/server/VendorAlarmManagerServiceCallback.java	import com.amazon.fireos.BaseVendorCallback;
/Users/bob/Documents/Codex/2026-08-03-fire-os-7-framework-amazon-fire/decompiled/jadx/systemui/sources/com/android/server/VendorConnectivityServiceCallback.java	import com.amazon.fireos.BaseVendorCallback;
/Users/bob/Documents/Codex/2026-08-03-fire-os-7-framework-amazon-fire/decompiled/jadx/systemui/sources/com/android/server/VendorDeviceIdleControllerCallback.java	import com.amazon.fireos.BaseVendorCallback;
/Users/bob/Documents/Codex/2026-08-03-fire-os-7-framework-amazon-fire/decompiled/jadx/systemui/sources/com/android/server/VendorDropBoxManagerServiceCallback.java	import com.amazon.fireos.BaseVendorCallback;
/Users/bob/Documents/Codex/2026-08-03-fire-os-7-framework-amazon-fire/decompiled/jadx/systemui/sources/com/android/server/am/ActivityManagerService.java	Slog.w("ActivityManager", "Ignoring request to force stop protected package " + packageName + " u" + user);
/Users/bob/Documents/Codex/2026-08-03-fire-os-7-framework-amazon-fire/decompiled/jadx/systemui/sources/com/android/server/am/ActivityManagerService.java	import com.amazon.android.util.VendorPerfStatsCallback;
/Users/bob/Documents/Codex/2026-08-03-fire-os-7-framework-amazon-fire/decompiled/jadx/systemui/sources/com/android/server/am/ActivityManagerService.java	throw new SecurityException("Cannot clear data for a protected package: " + packageName);
/Users/bob/Documents/Codex/2026-08-03-fire-os-7-framework-amazon-fire/decompiled/jadx/systemui/sources/com/android/server/am/ActivityManagerService.java	throw new SecurityException("Cannot force stop protected package: " + packageName);
/Users/bob/Documents/Codex/2026-08-03-fire-os-7-framework-amazon-fire/decompiled/jadx/systemui/sources/com/android/server/am/ActivityRecord.java	import com.amazon.android.util.VendorPerfStatsCallback;
/Users/bob/Documents/Codex/2026-08-03-fire-os-7-framework-amazon-fire/decompiled/jadx/systemui/sources/com/android/server/am/VendorActiveServicesCallback.java	import com.amazon.fireos.BaseVendorCallback;
/Users/bob/Documents/Codex/2026-08-03-fire-os-7-framework-amazon-fire/decompiled/jadx/systemui/sources/com/android/server/am/VendorActivityDisplayCallback.java	import com.amazon.fireos.BaseVendorCallback;
/Users/bob/Documents/Codex/2026-08-03-fire-os-7-framework-amazon-fire/decompiled/jadx/systemui/sources/com/android/server/am/VendorActivityManagerServiceCallback.java	import com.amazon.fireos.BaseVendorCallback;
/Users/bob/Documents/Codex/2026-08-03-fire-os-7-framework-amazon-fire/decompiled/jadx/systemui/sources/com/android/server/am/VendorActivityManagerServiceCallbackEOL.java	import com.amazon.fireos.BaseVendorCallback;
/Users/bob/Documents/Codex/2026-08-03-fire-os-7-framework-amazon-fire/decompiled/jadx/systemui/sources/com/android/server/am/VendorActivityRecordCallback.java	import com.amazon.fireos.BaseVendorCallback;
/Users/bob/Documents/Codex/2026-08-03-fire-os-7-framework-amazon-fire/decompiled/jadx/systemui/sources/com/android/server/am/VendorActivityStackCallback.java	import com.amazon.fireos.BaseVendorCallback;
/Users/bob/Documents/Codex/2026-08-03-fire-os-7-framework-amazon-fire/decompiled/jadx/systemui/sources/com/android/server/am/VendorActivityStackSupervisorCallback.java	import com.amazon.fireos.BaseVendorCallback;
/Users/bob/Documents/Codex/2026-08-03-fire-os-7-framework-amazon-fire/decompiled/jadx/systemui/sources/com/android/server/am/VendorActivityStarterCallback.java	import com.amazon.fireos.BaseVendorCallback;
/Users/bob/Documents/Codex/2026-08-03-fire-os-7-framework-amazon-fire/decompiled/jadx/systemui/sources/com/android/server/am/VendorProcessRecordCallback.java	import com.amazon.fireos.BaseVendorCallback;
/Users/bob/Documents/Codex/2026-08-03-fire-os-7-framework-amazon-fire/decompiled/jadx/systemui/sources/com/android/server/am/VendorTaskRecordCallback.java	import com.amazon.fireos.BaseVendorCallback;
/Users/bob/Documents/Codex/2026-08-03-fire-os-7-framework-amazon-fire/decompiled/jadx/systemui/sources/com/android/server/audio/VendorAudioServiceCallback.java	import com.amazon.fireos.BaseVendorCallback;
/Users/bob/Documents/Codex/2026-08-03-fire-os-7-framework-amazon-fire/decompiled/jadx/systemui/sources/com/android/server/connectivity/VendorNetworkMonitorCallback.java	import com.amazon.fireos.BaseVendorCallback;
/Users/bob/Documents/Codex/2026-08-03-fire-os-7-framework-amazon-fire/decompiled/jadx/systemui/sources/com/android/server/devicepolicy/VendorDevicePolicyManagerCallback.java	import com.amazon.fireos.BaseVendorCallback;
/Users/bob/Documents/Codex/2026-08-03-fire-os-7-framework-amazon-fire/decompiled/jadx/systemui/sources/com/android/server/display/VendorAutomaticBrightnessControllerCallback.java	import com.amazon.fireos.BaseVendorCallback;
/Users/bob/Documents/Codex/2026-08-03-fire-os-7-framework-amazon-fire/decompiled/jadx/systemui/sources/com/android/server/display/VendorDisplayManagerServiceCallback.java	import com.amazon.fireos.BaseVendorCallback;
/Users/bob/Documents/Codex/2026-08-03-fire-os-7-framework-amazon-fire/decompiled/jadx/systemui/sources/com/android/server/display/VendorDisplayPowerControllerCallback.java	import com.amazon.fireos.BaseVendorCallback;
/Users/bob/Documents/Codex/2026-08-03-fire-os-7-framework-amazon-fire/decompiled/jadx/systemui/sources/com/android/server/display/VendorLogicalDisplayCallback.java	import com.amazon.fireos.BaseVendorCallback;
/Users/bob/Documents/Codex/2026-08-03-fire-os-7-framework-amazon-fire/decompiled/jadx/systemui/sources/com/android/server/display/VendorVirtualDisplayAdapterCallback.java	import com.amazon.fireos.BaseVendorCallback;
/Users/bob/Documents/Codex/2026-08-03-fire-os-7-framework-amazon-fire/decompiled/jadx/systemui/sources/com/android/server/display/VendorWifiDisplayAdapterCallback.java	import com.amazon.fireos.BaseVendorCallback;
/Users/bob/Documents/Codex/2026-08-03-fire-os-7-framework-amazon-fire/decompiled/jadx/systemui/sources/com/android/server/display/VendorWifiDisplayControllerCallback.java	import com.amazon.fireos.BaseVendorCallback;
/Users/bob/Documents/Codex/2026-08-03-fire-os-7-framework-amazon-fire/decompiled/jadx/systemui/sources/com/android/server/input/VendorInputManagerServiceCallback.java	import com.amazon.fireos.BaseVendorCallback;
/Users/bob/Documents/Codex/2026-08-03-fire-os-7-framework-amazon-fire/decompiled/jadx/systemui/sources/com/android/server/locksettings/VendorLockSettingsServiceCallback.java	import com.amazon.fireos.BaseVendorCallback;
/Users/bob/Documents/Codex/2026-08-03-fire-os-7-framework-amazon-fire/decompiled/jadx/systemui/sources/com/android/server/media/VendorMediaSessionCallback.java	import com.amazon.fireos.BaseVendorCallback;
/Users/bob/Documents/Codex/2026-08-03-fire-os-7-framework-amazon-fire/decompiled/jadx/systemui/sources/com/android/server/net/VendorNetworkStatsRecorderCallback.java	import com.amazon.fireos.BaseVendorCallback;
/Users/bob/Documents/Codex/2026-08-03-fire-os-7-framework-amazon-fire/decompiled/jadx/systemui/sources/com/android/server/pm/PackageDexOptimizer.java	protected PackageDexOptimizer(PackageDexOptimizer from) {
/Users/bob/Documents/Codex/2026-08-03-fire-os-7-framework-amazon-fire/decompiled/jadx/systemui/sources/com/android/server/pm/PackageManagerService.java	Slog.w("PackageManager", "Attempted to delete protected package: " + packageName);
/Users/bob/Documents/Codex/2026-08-03-fire-os-7-framework-amazon-fire/decompiled/jadx/systemui/sources/com/android/server/pm/PackageManagerService.java	Slog.w("PackageManager", "Cannot suspend package \"" + packageName + "\": protected package");
/Users/bob/Documents/Codex/2026-08-03-fire-os-7-framework-amazon-fire/decompiled/jadx/systemui/sources/com/android/server/pm/PackageManagerService.java	Slog.w("PackageManager", "Not hiding protected package: " + packageName);
/Users/bob/Documents/Codex/2026-08-03-fire-os-7-framework-amazon-fire/decompiled/jadx/systemui/sources/com/android/server/pm/PackageManagerService.java	throw new SecurityException("Cannot clear data for a protected package: " + packageName);
/Users/bob/Documents/Codex/2026-08-03-fire-os-7-framework-amazon-fire/decompiled/jadx/systemui/sources/com/android/server/pm/VendorBackgroundDexOptServiceCallback.java	import com.amazon.fireos.BaseVendorCallback;
/Users/bob/Documents/Codex/2026-08-03-fire-os-7-framework-amazon-fire/decompiled/jadx/systemui/sources/com/android/server/pm/VendorPackageDexOptimizerCallback.java	import com.amazon.fireos.BaseVendorCallback;
/Users/bob/Documents/Codex/2026-08-03-fire-os-7-framework-amazon-fire/decompiled/jadx/systemui/sources/com/android/server/pm/VendorPackageManagerCallback.java	import com.amazon.fireos.BaseVendorCallback;
/Users/bob/Documents/Codex/2026-08-03-fire-os-7-framework-amazon-fire/decompiled/jadx/systemui/sources/com/android/server/pm/VendorPackageManagerServiceUtilsCallback.java	import com.amazon.fireos.BaseVendorCallback;
/Users/bob/Documents/Codex/2026-08-03-fire-os-7-framework-amazon-fire/decompiled/jadx/systemui/sources/com/android/server/pm/VendorProtectedPackagesCallback.java	import com.amazon.fireos.BaseVendorCallback;
/Users/bob/Documents/Codex/2026-08-03-fire-os-7-framework-amazon-fire/decompiled/jadx/systemui/sources/com/android/server/pm/VendorUserManagerServiceCallback.java	import com.amazon.fireos.BaseVendorCallback;
/Users/bob/Documents/Codex/2026-08-03-fire-os-7-framework-amazon-fire/decompiled/jadx/systemui/sources/com/android/server/pm/VendorUserRestrictionsUtilsCallback.java	import com.amazon.fireos.BaseVendorCallback;
/Users/bob/Documents/Codex/2026-08-03-fire-os-7-framework-amazon-fire/decompiled/jadx/systemui/sources/com/android/server/pm/permission/VendorDefaultPermissionGrantPolicyCallback.java	import com.amazon.fireos.BaseVendorCallback;
/Users/bob/Documents/Codex/2026-08-03-fire-os-7-framework-amazon-fire/decompiled/jadx/systemui/sources/com/android/server/policy/VendorPhoneWindowManagerCallback.java	import com.amazon.fireos.BaseVendorCallback;
/Users/bob/Documents/Codex/2026-08-03-fire-os-7-framework-amazon-fire/decompiled/jadx/systemui/sources/com/android/server/power/VendorNotifierCallback.java	import com.amazon.fireos.BaseVendorCallback;
/Users/bob/Documents/Codex/2026-08-03-fire-os-7-framework-amazon-fire/decompiled/jadx/systemui/sources/com/android/server/power/VendorPowerManagerCallback.java	import com.amazon.fireos.BaseVendorCallback;
/Users/bob/Documents/Codex/2026-08-03-fire-os-7-framework-amazon-fire/decompiled/jadx/systemui/sources/com/android/server/power/VendorWirelessChargerDetectorCallback.java	import com.amazon.fireos.BaseVendorCallback;
/Users/bob/Documents/Codex/2026-08-03-fire-os-7-framework-amazon-fire/decompiled/jadx/systemui/sources/com/android/server/power/batterysaver/VendorBatterySaverControllerCallback.java	import com.amazon.fireos.BaseVendorCallback;
/Users/bob/Documents/Codex/2026-08-03-fire-os-7-framework-amazon-fire/decompiled/jadx/systemui/sources/com/android/server/wm/VendorAccessibilityControllerCallback.java	import com.amazon.fireos.BaseVendorCallback;
/Users/bob/Documents/Codex/2026-08-03-fire-os-7-framework-amazon-fire/decompiled/jadx/systemui/sources/com/android/server/wm/VendorAppTransitionCallback.java	import com.amazon.fireos.BaseVendorCallback;
/Users/bob/Documents/Codex/2026-08-03-fire-os-7-framework-amazon-fire/decompiled/jadx/systemui/sources/com/android/server/wm/VendorDisplayContentCallback.java	import com.amazon.fireos.BaseVendorCallback;
/Users/bob/Documents/Codex/2026-08-03-fire-os-7-framework-amazon-fire/decompiled/jadx/systemui/sources/com/android/server/wm/VendorInputMonitorCallback.java	import com.amazon.fireos.BaseVendorCallback;
/Users/bob/Documents/Codex/2026-08-03-fire-os-7-framework-amazon-fire/decompiled/jadx/systemui/sources/com/android/server/wm/VendorPinnedStackControllerCallback.java	import com.amazon.fireos.BaseVendorCallback;
/Users/bob/Documents/Codex/2026-08-03-fire-os-7-framework-amazon-fire/decompiled/jadx/systemui/sources/com/android/server/wm/VendorScalingConfigurationCallback.java	import com.amazon.fireos.BaseVendorCallback;
/Users/bob/Documents/Codex/2026-08-03-fire-os-7-framework-amazon-fire/decompiled/jadx/systemui/sources/com/android/server/wm/VendorWindowManagerServiceCallback.java	import com.amazon.fireos.BaseVendorCallback;
/Users/bob/Documents/Codex/2026-08-03-fire-os-7-framework-amazon-fire/decompiled/jadx/systemui/sources/com/android/server/wm/VendorWindowStateCallback.java	import com.amazon.fireos.BaseVendorCallback;
/Users/bob/Documents/Codex/2026-08-03-fire-os-7-framework-amazon-fire/decompiled/jadx/systemui/sources/com/android/server/wm/VendorWindowSurfacePlacerCallback.java	import com.amazon.fireos.BaseVendorCallback;
/Users/bob/Documents/Codex/2026-08-03-fire-os-7-framework-amazon-fire/decompiled/jadx/systemui/sources/com/android/systemui/SystemUIApplication.java	import com.amazon.systemui.utils.SystemServiceFilterUtil;
/Users/bob/Documents/Codex/2026-08-03-fire-os-7-framework-amazon-fire/decompiled/jadx/systemui/sources/com/android/systemui/SystemUIFactory.java	import com.amazon.keyguard.AmazonKeyguardUtils;
/Users/bob/Documents/Codex/2026-08-03-fire-os-7-framework-amazon-fire/decompiled/jadx/systemui/sources/com/android/systemui/SystemUIFactory.java	import com.amazon.systemui.qs.AmazonQSTileHost;
/Users/bob/Documents/Codex/2026-08-03-fire-os-7-framework-amazon-fire/decompiled/jadx/systemui/sources/com/android/systemui/SystemUIFactory.java	import com.amazon.systemui.statusbar.AmazonNotificationEntryManager;
/Users/bob/Documents/Codex/2026-08-03-fire-os-7-framework-amazon-fire/decompiled/jadx/systemui/sources/com/android/systemui/SystemUIFactory.java	import com.amazon.systemui.statusbar.phone.AmazonNotificationIconAreaController;
/Users/bob/Documents/Codex/2026-08-03-fire-os-7-framework-amazon-fire/decompiled/jadx/systemui/sources/com/android/systemui/SystemUIFactory.java	import com.amazon.systemui.statusbar.phone.AmazonScrimController;
/Users/bob/Documents/Codex/2026-08-03-fire-os-7-framework-amazon-fire/decompiled/jadx/systemui/sources/com/android/systemui/SystemUIFactory.java	import com.amazon.systemui.statusbar.phone.AmazonStatusBarKeyguardViewManager;
/Users/bob/Documents/Codex/2026-08-03-fire-os-7-framework-amazon-fire/decompiled/jadx/systemui/sources/com/android/systemui/globalactions/GlobalActionsDialog.java	import com.amazon.systemui.policy.AccessibilityGlobalAction;
/Users/bob/Documents/Codex/2026-08-03-fire-os-7-framework-amazon-fire/decompiled/jadx/systemui/sources/com/android/systemui/globalactions/GlobalActionsDialog.java	import com.amazon.systemui.policy.AccessibilityPowerDialogCallback;
/Users/bob/Documents/Codex/2026-08-03-fire-os-7-framework-amazon-fire/decompiled/jadx/systemui/sources/com/android/systemui/keyguard/KeyguardSliceProvider.java	import com.amazon.keyguard.AmazonUserInfoController;
/Users/bob/Documents/Codex/2026-08-03-fire-os-7-framework-amazon-fire/decompiled/jadx/systemui/sources/com/android/systemui/plugins/AmazonDependency.java	import com.amazon.systemui.assist.AmazonAssistManager;
/Users/bob/Documents/Codex/2026-08-03-fire-os-7-framework-amazon-fire/decompiled/jadx/systemui/sources/com/android/systemui/plugins/AmazonDependency.java	import com.amazon.systemui.statusbar.AmazonAppOpsListener;
/Users/bob/Documents/Codex/2026-08-03-fire-os-7-framework-amazon-fire/decompiled/jadx/systemui/sources/com/android/systemui/plugins/AmazonDependency.java	import com.amazon.systemui.statusbar.phone.AmazonStatusBarWindowManager;
/Users/bob/Documents/Codex/2026-08-03-fire-os-7-framework-amazon-fire/decompiled/jadx/systemui/sources/com/android/systemui/plugins/AmazonDependency.java	import com.amazon.systemui.statusbar.policy.AmazonAppOpsManager;
/Users/bob/Documents/Codex/2026-08-03-fire-os-7-framework-amazon-fire/decompiled/jadx/systemui/sources/com/android/systemui/plugins/AmazonDependency.java	import com.amazon.systemui.statusbar.policy.AmazonLocationController;
/Users/bob/Documents/Codex/2026-08-03-fire-os-7-framework-amazon-fire/decompiled/jadx/systemui/sources/com/android/systemui/plugins/AmazonDependency.java	import com.amazon.systemui.statusbar.policy.AmazonUserSwitcherController;
/Users/bob/Documents/Codex/2026-08-03-fire-os-7-framework-amazon-fire/decompiled/jadx/systemui/sources/com/android/systemui/plugins/AmazonDependency.java	import com.amazon.systemui.utils.ToddlerModeManager;
/Users/bob/Documents/Codex/2026-08-03-fire-os-7-framework-amazon-fire/decompiled/jadx/systemui/sources/com/android/systemui/power/PowerUI.java	import com.amazon.systemui.power.AmazonLowPowerChargerUI;
/Users/bob/Documents/Codex/2026-08-03-fire-os-7-framework-amazon-fire/decompiled/jadx/systemui/sources/com/android/systemui/qs/QSPanel.java	@Override // com.amazon.systemui.utils.DemoModeController.DemoModeCallback
/Users/bob/Documents/Codex/2026-08-03-fire-os-7-framework-amazon-fire/decompiled/jadx/systemui/sources/com/android/systemui/qs/QSPanel.java	import com.amazon.systemui.qs.AmazonQSTileHost;
/Users/bob/Documents/Codex/2026-08-03-fire-os-7-framework-amazon-fire/decompiled/jadx/systemui/sources/com/android/systemui/qs/QSPanel.java	import com.amazon.systemui.utils.DemoModeController;
/Users/bob/Documents/Codex/2026-08-03-fire-os-7-framework-amazon-fire/decompiled/jadx/systemui/sources/com/android/systemui/qs/QSTileHost.java	import com.amazon.systemui.qs.tileimpl.AmazonQSFactoryImpl;
/Users/bob/Documents/Codex/2026-08-03-fire-os-7-framework-amazon-fire/decompiled/jadx/systemui/sources/com/android/systemui/qs/TileLayout.java	import com.amazon.keyguard.AmazonUserInfoController;
/Users/bob/Documents/Codex/2026-08-03-fire-os-7-framework-amazon-fire/decompiled/jadx/systemui/sources/com/android/systemui/qs/tiles/AirplaneModeTile.java	@Override // com.amazon.systemui.qs.tileimpl.AmazonQSTileImpl
/Users/bob/Documents/Codex/2026-08-03-fire-os-7-framework-amazon-fire/decompiled/jadx/systemui/sources/com/android/systemui/qs/tiles/AirplaneModeTile.java	import com.amazon.keyguard.AmazonUserInfoController;
/Users/bob/Documents/Codex/2026-08-03-fire-os-7-framework-amazon-fire/decompiled/jadx/systemui/sources/com/android/systemui/qs/tiles/AirplaneModeTile.java	import com.amazon.systemui.qs.tileimpl.AmazonQSTileImpl;
/Users/bob/Documents/Codex/2026-08-03-fire-os-7-framework-amazon-fire/decompiled/jadx/systemui/sources/com/android/systemui/qs/tiles/AirplaneModeTile.java	private static final Intent CHILD_AIRPLANE_INTENT = new Intent("com.amazon.tahoe.action.FREETIME_AIRPLANE_MODE_SETTINGS");
/Users/bob/Documents/Codex/2026-08-03-fire-os-7-framework-amazon-fire/decompiled/jadx/systemui/sources/com/android/systemui/qs/tiles/BatterySaverTile.java	import com.amazon.systemui.qs.tileimpl.AmazonQSTileImpl;
/Users/bob/Documents/Codex/2026-08-03-fire-os-7-framework-amazon-fire/decompiled/jadx/systemui/sources/com/android/systemui/qs/tiles/BluetoothTile.java	@Override // com.amazon.systemui.qs.tileimpl.AmazonQSTileImpl
/Users/bob/Documents/Codex/2026-08-03-fire-os-7-framework-amazon-fire/decompiled/jadx/systemui/sources/com/android/systemui/qs/tiles/BluetoothTile.java	import com.amazon.keyguard.AmazonUserInfoController;
/Users/bob/Documents/Codex/2026-08-03-fire-os-7-framework-amazon-fire/decompiled/jadx/systemui/sources/com/android/systemui/qs/tiles/BluetoothTile.java	import com.amazon.systemui.qs.tileimpl.AmazonQSTileImpl;
/Users/bob/Documents/Codex/2026-08-03-fire-os-7-framework-amazon-fire/decompiled/jadx/systemui/sources/com/android/systemui/qs/tiles/BluetoothTile.java	private static final Intent CHILD_BLUETOOTH_INTENT = new Intent("com.amazon.tahoe.action.FREETIME_BLUETOOTH_SETTINGS");
/Users/bob/Documents/Codex/2026-08-03-fire-os-7-framework-amazon-fire/decompiled/jadx/systemui/sources/com/android/systemui/qs/tiles/DndTile.java	@Override // com.amazon.systemui.qs.tileimpl.AmazonQSTileImpl
/Users/bob/Documents/Codex/2026-08-03-fire-os-7-framework-amazon-fire/decompiled/jadx/systemui/sources/com/android/systemui/qs/tiles/DndTile.java	import com.amazon.systemui.qs.tileimpl.AmazonQSTileImpl;
/Users/bob/Documents/Codex/2026-08-03-fire-os-7-framework-amazon-fire/decompiled/jadx/systemui/sources/com/android/systemui/qs/tiles/RotationLockTile.java	import com.amazon.keyguard.AmazonUserInfoController;
/Users/bob/Documents/Codex/2026-08-03-fire-os-7-framework-amazon-fire/decompiled/jadx/systemui/sources/com/android/systemui/qs/tiles/RotationLockTile.java	import com.amazon.systemui.qs.tileimpl.AmazonQSTileImpl;
/Users/bob/Documents/Codex/2026-08-03-fire-os-7-framework-amazon-fire/decompiled/jadx/systemui/sources/com/android/systemui/qs/tiles/UserDetailView.java	import com.amazon.systemui.statusbar.policy.AmazonUserSwitcherController;
/Users/bob/Documents/Codex/2026-08-03-fire-os-7-framework-amazon-fire/decompiled/jadx/systemui/sources/com/android/systemui/qs/tiles/WifiTile.java	import com.amazon.keyguard.AmazonKeyguardUtils;
/Users/bob/Documents/Codex/2026-08-03-fire-os-7-framework-amazon-fire/decompiled/jadx/systemui/sources/com/android/systemui/qs/tiles/WifiTile.java	import com.amazon.keyguard.AmazonUserInfoController;
/Users/bob/Documents/Codex/2026-08-03-fire-os-7-framework-amazon-fire/decompiled/jadx/systemui/sources/com/android/systemui/qs/tiles/WifiTile.java	import com.amazon.systemui.qs.tileimpl.AmazonQSTileImpl;
/Users/bob/Documents/Codex/2026-08-03-fire-os-7-framework-amazon-fire/decompiled/jadx/systemui/sources/com/android/systemui/qs/tiles/WifiTile.java	private static final Intent CHILD_WIFI_INTENT = new Intent("com.amazon.tahoe.action.FREETIME_WIFI_SETTINGS");
/Users/bob/Documents/Codex/2026-08-03-fire-os-7-framework-amazon-fire/decompiled/jadx/systemui/sources/com/android/systemui/recents/Recents.java	import com.amazon.keyguard.AmazonUserInfoController;
/Users/bob/Documents/Codex/2026-08-03-fire-os-7-framework-amazon-fire/decompiled/jadx/systemui/sources/com/android/systemui/recents/ScreenPinningRequest.java	import com.amazon.systemui.recents.ToddlerModeCheckBox;
/Users/bob/Documents/Codex/2026-08-03-fire-os-7-framework-amazon-fire/decompiled/jadx/systemui/sources/com/android/systemui/recents/views/RecentsView.java	import com.amazon.systemui.recents.events.ui.AmazonStartSplitScreenEvent;
/Users/bob/Documents/Codex/2026-08-03-fire-os-7-framework-amazon-fire/decompiled/jadx/systemui/sources/com/android/systemui/recents/views/RecentsViewTouchHandler.java	import com.amazon.systemui.keyguard.ads.accessibility.AccessibilityUtils;
/Users/bob/Documents/Codex/2026-08-03-fire-os-7-framework-amazon-fire/decompiled/jadx/systemui/sources/com/android/systemui/recents/views/SystemBarScrimViews.java	import com.amazon.systemui.recents.events.ui.AmazonStartSplitScreenEvent;
/Users/bob/Documents/Codex/2026-08-03-fire-os-7-framework-amazon-fire/decompiled/jadx/systemui/sources/com/android/systemui/recents/views/TaskStackView.java	import com.amazon.systemui.recents.events.ui.AmazonStartSplitScreenEvent;
/Users/bob/Documents/Codex/2026-08-03-fire-os-7-framework-amazon-fire/decompiled/jadx/systemui/sources/com/android/systemui/recents/views/TaskStackView.java	import com.amazon.systemui.utils.SplitScreenUtil;
/Users/bob/Documents/Codex/2026-08-03-fire-os-7-framework-amazon-fire/decompiled/jadx/systemui/sources/com/android/systemui/settings/CurrentUserTracker.java	import com.amazon.keyguard.AmazonUserInfoController;
/Users/bob/Documents/Codex/2026-08-03-fire-os-7-framework-amazon-fire/decompiled/jadx/systemui/sources/com/android/systemui/statusbar/KeyguardIndicationController.java	import com.amazon.keyguard.AmazonKeyguardStyleHelper;
/Users/bob/Documents/Codex/2026-08-03-fire-os-7-framework-amazon-fire/decompiled/jadx/systemui/sources/com/android/systemui/statusbar/NotificationEntryManager.java	import com.amazon.systemui.utils.AlexaModeSwitchUtil;
/Users/bob/Documents/Codex/2026-08-03-fire-os-7-framework-amazon-fire/decompiled/jadx/systemui/sources/com/android/systemui/statusbar/phone/KeyguardBottomAreaView.java	@Override // com.amazon.keyguard.AmazonKeyguardUpdateMonitorCallback
/Users/bob/Documents/Codex/2026-08-03-fire-os-7-framework-amazon-fire/decompiled/jadx/systemui/sources/com/android/systemui/statusbar/phone/KeyguardBottomAreaView.java	import com.amazon.keyguard.AmazonKeyguardUpdateMonitor;
/Users/bob/Documents/Codex/2026-08-03-fire-os-7-framework-amazon-fire/decompiled/jadx/systemui/sources/com/android/systemui/statusbar/phone/KeyguardBottomAreaView.java	import com.amazon.keyguard.AmazonKeyguardUpdateMonitorCallback;
/Users/bob/Documents/Codex/2026-08-03-fire-os-7-framework-amazon-fire/decompiled/jadx/systemui/sources/com/android/systemui/statusbar/phone/KeyguardBottomAreaView.java	import com.amazon.keyguard.AmazonKeyguardUtils;
/Users/bob/Documents/Codex/2026-08-03-fire-os-7-framework-amazon-fire/decompiled/jadx/systemui/sources/com/android/systemui/statusbar/phone/KeyguardBottomAreaView.java	import com.amazon.keyguard.AmazonUserInfoController;
/Users/bob/Documents/Codex/2026-08-03-fire-os-7-framework-amazon-fire/decompiled/jadx/systemui/sources/com/android/systemui/statusbar/phone/KeyguardBottomAreaView.java	import com.amazon.keyguard.AmazonViewMediatorCallback;
/Users/bob/Documents/Codex/2026-08-03-fire-os-7-framework-amazon-fire/decompiled/jadx/systemui/sources/com/android/systemui/statusbar/phone/KeyguardBottomAreaView.java	import com.amazon.systemui.keyguard.AmazonKeyguardViewMediator;
/Users/bob/Documents/Codex/2026-08-03-fire-os-7-framework-amazon-fire/decompiled/jadx/systemui/sources/com/android/systemui/statusbar/phone/KeyguardBottomAreaView.java	import com.amazon.systemui.statusbar.phone.AmazonStatusBar;
/Users/bob/Documents/Codex/2026-08-03-fire-os-7-framework-amazon-fire/decompiled/jadx/systemui/sources/com/android/systemui/statusbar/phone/KeyguardBottomAreaView.java	import com.amazon.systemui.utils.AmazonSystemUIMetricsManager;
/Users/bob/Documents/Codex/2026-08-03-fire-os-7-framework-amazon-fire/decompiled/jadx/systemui/sources/com/android/systemui/statusbar/phone/KeyguardBottomAreaView.java	import com.amazon.systemui.utils.KeyguardBottomAreaUtil;
/Users/bob/Documents/Codex/2026-08-03-fire-os-7-framework-amazon-fire/decompiled/jadx/systemui/sources/com/android/systemui/statusbar/phone/KeyguardBottomAreaView.java	import com.amazon.systemui.utils.SearchConstants;
/Users/bob/Documents/Codex/2026-08-03-fire-os-7-framework-amazon-fire/decompiled/jadx/systemui/sources/com/android/systemui/statusbar/phone/KeyguardBottomAreaView.java	import com.amazon.systemui.utils.SmartHomeLauncherHelper;
/Users/bob/Documents/Codex/2026-08-03-fire-os-7-framework-amazon-fire/decompiled/jadx/systemui/sources/com/android/systemui/statusbar/phone/KeyguardBottomAreaView.java	private static final Intent MORE_ADS_INTENT = new Intent("com.amazon.kindle.dtcp.action.LAUNCH_VMA");
/Users/bob/Documents/Codex/2026-08-03-fire-os-7-framework-amazon-fire/decompiled/jadx/systemui/sources/com/android/systemui/statusbar/phone/KeyguardBouncer.java	import com.amazon.keyguard.AmazonAuthenticationController;
/Users/bob/Documents/Codex/2026-08-03-fire-os-7-framework-amazon-fire/decompiled/jadx/systemui/sources/com/android/systemui/statusbar/phone/KeyguardStatusBarView.java	import com.amazon.systemui.AmazonBatteryMeterView;
/Users/bob/Documents/Codex/2026-08-03-fire-os-7-framework-amazon-fire/decompiled/jadx/systemui/sources/com/android/systemui/statusbar/phone/MultiUserSwitch.java	import com.amazon.systemui.statusbar.policy.AmazonUserSwitcherController;
/Users/bob/Documents/Codex/2026-08-03-fire-os-7-framework-amazon-fire/decompiled/jadx/systemui/sources/com/android/systemui/statusbar/phone/NavigationBarFragment.java	import com.amazon.systemui.assist.AmazonAssistManager;
/Users/bob/Documents/Codex/2026-08-03-fire-os-7-framework-amazon-fire/decompiled/jadx/systemui/sources/com/android/systemui/statusbar/phone/NavigationBarFragment.java	import com.amazon.systemui.statusbar.phone.AmazonNavigationBarFragment;
/Users/bob/Documents/Codex/2026-08-03-fire-os-7-framework-amazon-fire/decompiled/jadx/systemui/sources/com/android/systemui/statusbar/phone/NavigationBarFragment.java	import com.amazon.systemui.utils.DemoModeController;
/Users/bob/Documents/Codex/2026-08-03-fire-os-7-framework-amazon-fire/decompiled/jadx/systemui/sources/com/android/systemui/statusbar/phone/NavigationBarFragment.java	import com.amazon.systemui.utils.SmartHomeLauncherHelper;
/Users/bob/Documents/Codex/2026-08-03-fire-os-7-framework-amazon-fire/decompiled/jadx/systemui/sources/com/android/systemui/statusbar/phone/NotificationIconAreaController.java	import com.amazon.systemui.utils.AmazonSystemUIGameModeManager;
/Users/bob/Documents/Codex/2026-08-03-fire-os-7-framework-amazon-fire/decompiled/jadx/systemui/sources/com/android/systemui/statusbar/phone/PanelView.java	import com.amazon.systemui.keyguard.events.AmazonKeyguardEventsDispatcher;
/Users/bob/Documents/Codex/2026-08-03-fire-os-7-framework-amazon-fire/decompiled/jadx/systemui/sources/com/android/systemui/statusbar/phone/StatusBar.java	import com.amazon.systemui.qs.AmazonQSFragment;
/Users/bob/Documents/Codex/2026-08-03-fire-os-7-framework-amazon-fire/decompiled/jadx/systemui/sources/com/android/systemui/statusbar/phone/StatusBar.java	import com.amazon.systemui.statusbar.policy.AmazonHeadsUpManager;
/Users/bob/Documents/Codex/2026-08-03-fire-os-7-framework-amazon-fire/decompiled/jadx/systemui/sources/com/android/systemui/statusbar/phone/StatusBar.java	import com.amazon.systemui.statusbar.policy.AmazonPhoneStatusBarPolicy;
/Users/bob/Documents/Codex/2026-08-03-fire-os-7-framework-amazon-fire/decompiled/jadx/systemui/sources/com/android/systemui/statusbar/phone/StatusBarWindowView.java	import com.amazon.keyguard.AmazonKeyguardUpdateMonitor;
/Users/bob/Documents/Codex/2026-08-03-fire-os-7-framework-amazon-fire/decompiled/jadx/systemui/sources/com/android/systemui/statusbar/phone/StatusBarWindowView.java	import com.amazon.systemui.utils.AmazonSystemUIMetricsManager;
/Users/bob/Documents/Codex/2026-08-03-fire-os-7-framework-amazon-fire/decompiled/jadx/systemui/sources/com/android/systemui/statusbar/phone/StatusBarWindowView.java	import com.amazon.systemui.utils.SearchConstants;
/Users/bob/Documents/Codex/2026-08-03-fire-os-7-framework-amazon-fire/decompiled/jadx/systemui/sources/com/android/systemui/statusbar/policy/KeyguardUserSwitcher.java	import com.amazon.systemui.statusbar.policy.AmazonUserSwitcherController;
/Users/bob/Documents/Codex/2026-08-03-fire-os-7-framework-amazon-fire/decompiled/jadx/systemui/sources/com/android/systemui/statusbar/policy/UserSwitcherController.java	@Override // com.amazon.systemui.utils.DemoModeController.DemoModeCallback
/Users/bob/Documents/Codex/2026-08-03-fire-os-7-framework-amazon-fire/decompiled/jadx/systemui/sources/com/android/systemui/statusbar/policy/UserSwitcherController.java	import com.amazon.systemui.statusbar.policy.AmazonUserSwitcherController;
/Users/bob/Documents/Codex/2026-08-03-fire-os-7-framework-amazon-fire/decompiled/jadx/systemui/sources/com/android/systemui/statusbar/policy/UserSwitcherController.java	import com.amazon.systemui.utils.DemoModeController;
/Users/bob/Documents/Codex/2026-08-03-fire-os-7-framework-amazon-fire/decompiled/jadx/systemui/sources/com/android/systemui/volume/VolumeDialogImpl.java	@Override // com.amazon.systemui.utils.DemoModeController.DemoModeCallback
/Users/bob/Documents/Codex/2026-08-03-fire-os-7-framework-amazon-fire/decompiled/jadx/systemui/sources/com/android/systemui/volume/VolumeDialogImpl.java	import com.amazon.keyguard.AmazonUserInfoController;
/Users/bob/Documents/Codex/2026-08-03-fire-os-7-framework-amazon-fire/decompiled/jadx/systemui/sources/com/android/systemui/volume/VolumeDialogImpl.java	import com.amazon.systemui.utils.DemoModeController;
