key,ps7330,ps7331,changed,focus
CONFIG_64BIT,y,y,false,false
CONFIG_6LOWPAN,not set,not set,false,false
CONFIG_A60810_SUPPORT,not set,not set,false,false
CONFIG_ABX500_CORE,not set,not set,false,false
CONFIG_ACCDET_EINT,not set,not set,false,false
CONFIG_ACCDET_EINT_IRQ,y,y,false,false
CONFIG_ACCDET_PIN_RECOGNIZATION,not set,not set,false,false
CONFIG_ACCDET_PIN_SWAP,not set,not set,false,false
CONFIG_ACCDET_SUPPORT_BI_EINT,not set,not set,false,false
CONFIG_ACCDET_SUPPORT_EINT0,y,y,false,false
CONFIG_ACCDET_SUPPORT_EINT1,not set,not set,false,false
CONFIG_ACCDET_TS3A226AE,y,y,false,false
CONFIG_ACCESSIBILITY,not set,not set,false,false
CONFIG_AD2S1200,not set,not set,false,false
CONFIG_AD2S1210,not set,not set,false,false
CONFIG_AD2S90,not set,not set,false,false
CONFIG_AD5064,not set,not set,false,false
CONFIG_AD525X_DPOT,not set,not set,false,false
CONFIG_AD5360,not set,not set,false,false
CONFIG_AD5380,not set,not set,false,false
CONFIG_AD5421,not set,not set,false,false
CONFIG_AD5446,not set,not set,false,false
CONFIG_AD5449,not set,not set,false,false
CONFIG_AD5504,not set,not set,false,false
CONFIG_AD5624R_SPI,not set,not set,false,false
CONFIG_AD5686,not set,not set,false,false
CONFIG_AD5755,not set,not set,false,false
CONFIG_AD5764,not set,not set,false,false
CONFIG_AD5791,not set,not set,false,false
CONFIG_AD5933,not set,not set,false,false
CONFIG_AD7150,not set,not set,false,false
CONFIG_AD7152,not set,not set,false,false
CONFIG_AD7192,not set,not set,false,false
CONFIG_AD7266,not set,not set,false,false
CONFIG_AD7280,not set,not set,false,false
CONFIG_AD7291,not set,not set,false,false
CONFIG_AD7298,not set,not set,false,false
CONFIG_AD7303,not set,not set,false,false
CONFIG_AD7476,not set,not set,false,false
CONFIG_AD7606,not set,not set,false,false
CONFIG_AD7746,not set,not set,false,false
CONFIG_AD7780,not set,not set,false,false
CONFIG_AD7791,not set,not set,false,false
CONFIG_AD7793,not set,not set,false,false
CONFIG_AD7816,not set,not set,false,false
CONFIG_AD7887,not set,not set,false,false
CONFIG_AD7923,not set,not set,false,false
CONFIG_AD799X,not set,not set,false,false
CONFIG_AD8366,not set,not set,false,false
CONFIG_AD9523,not set,not set,false,false
CONFIG_AD9832,not set,not set,false,false
CONFIG_AD9834,not set,not set,false,false
CONFIG_ADE7753,not set,not set,false,false
CONFIG_ADE7754,not set,not set,false,false
CONFIG_ADE7758,not set,not set,false,false
CONFIG_ADE7759,not set,not set,false,false
CONFIG_ADE7854,not set,not set,false,false
CONFIG_ADF,not set,not set,false,false
CONFIG_ADF4350,not set,not set,false,false
CONFIG_ADFS_FS,not set,not set,false,false
CONFIG_ADIS16060,not set,not set,false,false
CONFIG_ADIS16080,not set,not set,false,false
CONFIG_ADIS16130,not set,not set,false,false
CONFIG_ADIS16136,not set,not set,false,false
CONFIG_ADIS16201,not set,not set,false,false
CONFIG_ADIS16203,not set,not set,false,false
CONFIG_ADIS16204,not set,not set,false,false
CONFIG_ADIS16209,not set,not set,false,false
CONFIG_ADIS16220,not set,not set,false,false
CONFIG_ADIS16240,not set,not set,false,false
CONFIG_ADIS16260,not set,not set,false,false
CONFIG_ADIS16400,not set,not set,false,false
CONFIG_ADIS16480,not set,not set,false,false
CONFIG_ADJD_S311,not set,not set,false,false
CONFIG_ADT7316,not set,not set,false,false
CONFIG_ADVISE_SYSCALLS,y,y,false,false
CONFIG_ADXRS450,not set,not set,false,false
CONFIG_AFFS_FS,not set,not set,false,false
CONFIG_AF_RXRPC,not set,not set,false,false
CONFIG_AIO,y,y,false,false
CONFIG_AK09911,not set,not set,false,false
CONFIG_AK8975,not set,not set,false,false
CONFIG_AL3320A,not set,not set,false,false
CONFIG_ALLOW_DEV_COREDUMP,y,y,false,false
CONFIG_ALTERA_STAPL,not set,not set,false,false
CONFIG_AMAZON,y,y,false,false
CONFIG_AMAZON_BOOTUP_KEEP_WATCHDOG,y,y,false,false
CONFIG_AMAZON_DEBUG_CLK,y,y,false,false
CONFIG_AMAZON_DSP_FRAMEWORK,y,y,false,false
CONFIG_AMAZON_LD,y,y,false,false
CONFIG_AMAZON_LD_SWITCH,y,y,false,false
CONFIG_AMAZON_METRICS_LOG,not set,not set,false,false
CONFIG_AMAZON_MINERVA_METRICS_LOG,not set,not set,false,false
CONFIG_AMAZON_POWEROFF_LOG,not set,not set,false,false
CONFIG_AMAZON_SIGN_OF_LIFE,not set,not set,false,false
CONFIG_AMAZON_SIGN_OF_LIFE_MTK,not set,not set,false,false
CONFIG_AMBA_PL08X,not set,not set,false,false
CONFIG_AMD_PHY,not set,not set,false,false
CONFIG_AMZN,y,y,false,false
CONFIG_AMZN_DRV_TEST,not set,not set,false,false
CONFIG_AMZN_IDME,y,y,false,false
CONFIG_AMZN_INPUT_KEYCOMBO,y,y,false,false
CONFIG_AMZN_METRICS_LOG,y,y,false,false
CONFIG_AMZN_METRICS_LOG_TEST,not set,not set,false,false
CONFIG_AMZN_MINERVA_METRICS_LOG,y,y,false,false
CONFIG_AMZN_POWEROFF_LOG,y,y,false,false
CONFIG_AMZN_RT_TRACE,not set,not set,false,false
CONFIG_AMZN_SIGN_OF_LIFE,y,y,false,false
CONFIG_AMZN_SIGN_OF_LIFE_RTC,y,y,false,false
CONFIG_AMZN_THERMAL_VIRTUAL_SENSOR,y,y,false,false
CONFIG_ANDROID,y,y,false,false
CONFIG_ANDROID_BINDER_DEVICES,"""binder,hwbinder,vndbinder""","""binder,hwbinder,vndbinder""",false,false
CONFIG_ANDROID_BINDER_IPC,y,y,false,false
CONFIG_ANDROID_BINDER_IPC_32BIT,not set,not set,false,false
CONFIG_ANDROID_BINDER_IPC_SELFTEST,not set,not set,false,false
CONFIG_ANDROID_DEFAULT_SETTING,y,y,false,false
CONFIG_ANDROID_INTF_ALARM_DEV,y,y,false,false
CONFIG_ANDROID_LOW_MEMORY_KILLER,y,y,false,false
CONFIG_ANDROID_LOW_MEMORY_KILLER_AUTODETECT_OOM_ADJ_VALUES,y,y,false,false
CONFIG_ANDROID_PARANOID_NETWORK,y,y,false,false
CONFIG_ANDROID_TIMED_GPIO,not set,not set,false,false
CONFIG_ANDROID_TIMED_OUTPUT,y,y,false,false
CONFIG_ANON_INODES,y,y,false,false
CONFIG_APDS9300,not set,not set,false,false
CONFIG_APDS9802ALS,not set,not set,false,false
CONFIG_APDS9960,not set,not set,false,false
CONFIG_AQUANTIA_PHY,not set,not set,false,false
CONFIG_ARCH_BCM_IPROC,not set,not set,false,false
CONFIG_ARCH_BERLIN,not set,not set,false,false
CONFIG_ARCH_DMA_ADDR_T_64BIT,y,y,false,false
CONFIG_ARCH_EXYNOS7,not set,not set,false,false
CONFIG_ARCH_HAS_ATOMIC64_DEC_IF_POSITIVE,y,y,false,false
CONFIG_ARCH_HAS_CACHE_LINE_SIZE,y,y,false,false
CONFIG_ARCH_HAS_ELF_RANDOMIZE,y,y,false,false
CONFIG_ARCH_HAS_GCOV_PROFILE_ALL,y,y,false,false
CONFIG_ARCH_HAS_HOLES_MEMORYMODEL,y,y,false,false
CONFIG_ARCH_HAS_KCOV,y,y,false,false
CONFIG_ARCH_HAS_SG_CHAIN,y,y,false,false
CONFIG_ARCH_HAS_TICK_BROADCAST,y,y,false,false
CONFIG_ARCH_HISI,not set,not set,false,false
CONFIG_ARCH_LAYERSCAPE,not set,not set,false,false
CONFIG_ARCH_MEDIATEK,not set,not set,false,false
CONFIG_ARCH_MMAP_RND_BITS,18,18,false,false
CONFIG_ARCH_MMAP_RND_BITS_MAX,24,24,false,false
CONFIG_ARCH_MMAP_RND_BITS_MIN,18,18,false,false
CONFIG_ARCH_MMAP_RND_COMPAT_BITS,11,11,false,false
CONFIG_ARCH_MMAP_RND_COMPAT_BITS_MAX,16,16,false,false
CONFIG_ARCH_MMAP_RND_COMPAT_BITS_MIN,11,11,false,false
CONFIG_ARCH_MTK_PROJECT,"""trona""","""trona""",false,false
CONFIG_ARCH_NEEDS_CPU_IDLE_COUPLED,not set,not set,false,false
CONFIG_ARCH_PHYS_ADDR_T_64BIT,y,y,false,false
CONFIG_ARCH_QCOM,not set,not set,false,false
CONFIG_ARCH_ROCKCHIP,not set,not set,false,false
CONFIG_ARCH_SEATTLE,not set,not set,false,false
CONFIG_ARCH_SELECT_MEMORY_MODEL,y,y,false,false
CONFIG_ARCH_SPARSEMEM_DEFAULT,y,y,false,false
CONFIG_ARCH_SPARSEMEM_ENABLE,y,y,false,false
CONFIG_ARCH_SPRD,not set,not set,false,false
CONFIG_ARCH_STRATIX10,not set,not set,false,false
CONFIG_ARCH_SUPPORTS_ATOMIC_RMW,y,y,false,false
CONFIG_ARCH_SUPPORTS_DEBUG_PAGEALLOC,y,y,false,false
CONFIG_ARCH_SUSPEND_POSSIBLE,y,y,false,false
CONFIG_ARCH_TEGRA,not set,not set,false,false
CONFIG_ARCH_THUNDER,not set,not set,false,false
CONFIG_ARCH_USE_CMPXCHG_LOCKREF,y,y,false,false
CONFIG_ARCH_VEXPRESS,not set,not set,false,false
CONFIG_ARCH_WANT_COMPAT_IPC_PARSE_VERSION,y,y,false,false
CONFIG_ARCH_WANT_FRAME_POINTERS,y,y,false,false
CONFIG_ARCH_WANT_HUGE_PMD_SHARE,y,y,false,false
CONFIG_ARCH_WANT_OPTIONAL_GPIOLIB,y,y,false,false
CONFIG_ARCH_XGENE,not set,not set,false,false
CONFIG_ARCH_ZYNQMP,not set,not set,false,false
CONFIG_ARM64,y,y,false,true
CONFIG_ARM64_16K_PAGES,not set,not set,false,false
CONFIG_ARM64_4K_PAGES,y,y,false,true
CONFIG_ARM64_64K_PAGES,not set,not set,false,false
CONFIG_ARM64_CRYPTO,y,y,false,false
CONFIG_ARM64_ERRATUM_1024718,y,y,false,false
CONFIG_ARM64_ERRATUM_819472,y,y,false,false
CONFIG_ARM64_ERRATUM_824069,y,y,false,false
CONFIG_ARM64_ERRATUM_826319,y,y,false,false
CONFIG_ARM64_ERRATUM_827319,y,y,false,false
CONFIG_ARM64_ERRATUM_832075,y,y,false,false
CONFIG_ARM64_ERRATUM_843419,y,y,false,false
CONFIG_ARM64_ERRATUM_845719,y,y,false,false
CONFIG_ARM64_ERRATUM_855872,y,y,false,false
CONFIG_ARM64_ERRATUM_855873,y,y,false,false
CONFIG_ARM64_ERRATUM_858921,y,y,false,false
CONFIG_ARM64_HW_AFDBM,y,y,false,false
CONFIG_ARM64_LSE_ATOMICS,not set,not set,false,false
CONFIG_ARM64_MODULE_CMODEL_LARGE,y,y,false,false
CONFIG_ARM64_MODULE_PLTS,y,y,false,false
CONFIG_ARM64_PAN,y,y,false,false
CONFIG_ARM64_PTDUMP,not set,not set,false,false
CONFIG_ARM64_RANDOMIZE_TEXT_OFFSET,not set,not set,false,false
CONFIG_ARM64_SW_TTBR0_PAN,y,y,false,false
CONFIG_ARM64_UAO,y,y,false,false
CONFIG_ARM64_VA_BITS,39,39,false,true
CONFIG_ARM64_VA_BITS_39,y,y,false,false
CONFIG_ARM64_VA_BITS_48,not set,not set,false,false
CONFIG_ARMV8_DEPRECATED,y,y,false,false
CONFIG_ARM_AMBA,y,y,false,false
CONFIG_ARM_ARCH_TIMER,y,y,false,false
CONFIG_ARM_ARCH_TIMER_EVTSTREAM,y,y,false,false
CONFIG_ARM_ARCH_TIMER_VCT_ACCESS,not set,not set,false,false
CONFIG_ARM_BIG_LITTLE_CPUFREQ,not set,not set,false,false
CONFIG_ARM_CCI400_PMU,not set,not set,false,false
CONFIG_ARM_CCI500_PMU,not set,not set,false,false
CONFIG_ARM_CCN,not set,not set,false,false
CONFIG_ARM_CPUIDLE,not set,not set,false,false
CONFIG_ARM_GIC,y,y,false,false
CONFIG_ARM_GIC_V3,y,y,false,false
CONFIG_ARM_KIRKWOOD_CPUFREQ,not set,not set,false,false
CONFIG_ARM_PMU,y,y,false,false
CONFIG_ARM_PSCI_FW,y,y,false,false
CONFIG_ARM_SMMU,not set,not set,false,false
CONFIG_ARM_SP805_WATCHDOG,not set,not set,false,false
CONFIG_ARM_TIMER_SP804,not set,not set,false,false
CONFIG_AS3935,not set,not set,false,false
CONFIG_ASHMEM,y,y,false,false
CONFIG_ASN1,y,y,false,false
CONFIG_ASSOCIATIVE_ARRAY,y,y,false,false
CONFIG_ASYMMETRIC_KEY_TYPE,y,y,false,false
CONFIG_ASYMMETRIC_PUBLIC_KEY_SUBTYPE,y,y,false,false
CONFIG_ASYNC_TX_DMA,not set,not set,false,false
CONFIG_AT803X_PHY,not set,not set,false,false
CONFIG_ATA,not set,not set,false,false
CONFIG_ATALK,not set,not set,false,false
CONFIG_ATA_OVER_ETH,not set,not set,false,false
CONFIG_ATH_CARDS,not set,not set,false,false
CONFIG_ATM,not set,not set,false,false
CONFIG_ATMEL_PIT,not set,not set,false,false
CONFIG_ATOMIC64_SELFTEST,not set,not set,false,false
CONFIG_AUDIT,y,y,false,false
CONFIG_AUDITSYSCALL,y,y,false,false
CONFIG_AUDIT_ARCH_COMPAT_GENERIC,y,y,false,false
CONFIG_AUDIT_COMPAT_GENERIC,y,y,false,false
CONFIG_AUDIT_GENERIC,y,y,false,false
CONFIG_AUDIT_TREE,y,y,false,false
CONFIG_AUDIT_WATCH,y,y,false,false
CONFIG_AUTOFS4_FS,not set,not set,false,false
CONFIG_AUXADC_NEED_POWER_ON,not set,not set,false,false
CONFIG_AUXADC_NOT_CONTROL_APMIXED_BASE,not set,not set,false,false
CONFIG_AUXDISPLAY,not set,not set,false,false
CONFIG_BACKLIGHT_LCD_SUPPORT,not set,not set,false,false
CONFIG_BACKLIGHT_RESUME_SYNC_TO_LCM,y,y,false,false
CONFIG_BACKLIGHT_SUPPORT_LM3697,not set,not set,false,false
CONFIG_BACKLIGHT_SUPPORT_LP8557,not set,not set,false,false
CONFIG_BACKTRACE_SELF_TEST,not set,not set,false,false
CONFIG_BASE_FULL,y,y,false,false
CONFIG_BASE_SMALL,0,0,false,false
CONFIG_BATMAN_ADV,not set,not set,false,false
CONFIG_BATTERY_BQ27XXX,not set,not set,false,false
CONFIG_BATTERY_DS2780,not set,not set,false,false
CONFIG_BATTERY_DS2781,not set,not set,false,false
CONFIG_BATTERY_DS2782,not set,not set,false,false
CONFIG_BATTERY_GAUGE_LTC2941,not set,not set,false,false
CONFIG_BATTERY_MAX17040,not set,not set,false,false
CONFIG_BATTERY_MAX17042,not set,not set,false,false
CONFIG_BATTERY_SBS,not set,not set,false,false
CONFIG_BAT_LOW_TEMP_PROTECT_ENABLE,not set,not set,false,false
CONFIG_BCACHE,not set,not set,false,false
CONFIG_BCM7038_WDT,not set,not set,false,false
CONFIG_BCM7XXX_PHY,not set,not set,false,false
CONFIG_BCM87XX_PHY,not set,not set,false,false
CONFIG_BCMA,not set,not set,false,false
CONFIG_BCMA_POSSIBLE,y,y,false,false
CONFIG_BCM_KONA_USB2_PHY,not set,not set,false,false
CONFIG_BEFS_FS,not set,not set,false,false
CONFIG_BFS_FS,not set,not set,false,false
CONFIG_BH1750,not set,not set,false,false
CONFIG_BIG_KEYS,not set,not set,false,false
CONFIG_BINARY_PRINTF,y,y,false,false
CONFIG_BINFMT_ELF,y,y,false,false
CONFIG_BINFMT_MISC,not set,not set,false,false
CONFIG_BINFMT_SCRIPT,y,y,false,false
CONFIG_BITREVERSE,y,y,false,false
CONFIG_BLK_CGROUP,not set,not set,false,false
CONFIG_BLK_CMDLINE_PARSER,not set,not set,false,false
CONFIG_BLK_DEV,y,y,false,false
CONFIG_BLK_DEV_BSG,not set,not set,false,false
CONFIG_BLK_DEV_BSGLIB,not set,not set,false,false
CONFIG_BLK_DEV_COW_COMMON,not set,not set,false,false
CONFIG_BLK_DEV_CRYPTOLOOP,not set,not set,false,false
CONFIG_BLK_DEV_DM,y,y,false,false
CONFIG_BLK_DEV_DM_BUILTIN,y,y,false,false
CONFIG_BLK_DEV_DRBD,not set,not set,false,false
CONFIG_BLK_DEV_INITRD,y,y,false,false
CONFIG_BLK_DEV_INTEGRITY,not set,not set,false,false
CONFIG_BLK_DEV_IO_TRACE,not set,not set,false,false
CONFIG_BLK_DEV_LOOP,y,y,false,false
CONFIG_BLK_DEV_LOOP_MIN_COUNT,8,8,false,false
CONFIG_BLK_DEV_MD,y,y,false,false
CONFIG_BLK_DEV_NBD,not set,not set,false,false
CONFIG_BLK_DEV_NULL_BLK,not set,not set,false,false
CONFIG_BLK_DEV_RAM,not set,not set,false,false
CONFIG_BLK_DEV_RBD,not set,not set,false,false
CONFIG_BLK_DEV_SD,y,y,false,false
CONFIG_BLK_DEV_SR,not set,not set,false,false
CONFIG_BLOCK,y,y,false,false
CONFIG_BLOCK_COMPAT,y,y,false,false
CONFIG_BMA180,not set,not set,false,false
CONFIG_BMC150_ACCEL,not set,not set,false,false
CONFIG_BMC150_MAGN,not set,not set,false,false
CONFIG_BMG160,not set,not set,false,false
CONFIG_BMP085_I2C,not set,not set,false,false
CONFIG_BMP085_SPI,not set,not set,false,false
CONFIG_BMP280,not set,not set,false,false
CONFIG_BONDING,not set,not set,false,false
CONFIG_BOOT_PRINTK_DELAY,not set,not set,false,false
CONFIG_BOUNCE,not set,not set,false,false
CONFIG_BPF,y,y,false,false
CONFIG_BPF_JIT,not set,not set,false,false
CONFIG_BPF_SYSCALL,not set,not set,false,false
CONFIG_BQL,y,y,false,false
CONFIG_BRANCH_PROFILE_NONE,y,y,false,false
CONFIG_BRCMFMAC,not set,not set,false,false
CONFIG_BRIDGE,y,y,false,false
CONFIG_BRIDGE_IGMP_SNOOPING,y,y,false,false
CONFIG_BRIDGE_NETFILTER,y,y,false,false
CONFIG_BRIDGE_NF_EBTABLES,not set,not set,false,false
CONFIG_BRIDGE_VLAN_FILTERING,not set,not set,false,false
CONFIG_BROADCOM_PHY,not set,not set,false,false
CONFIG_BSD_PROCESS_ACCT,not set,not set,false,false
CONFIG_BT,not set,not set,false,false
CONFIG_BTRFS_FS,not set,not set,false,false
CONFIG_BUG,y,y,false,false
CONFIG_BUILDTIME_EXTABLE_SORT,y,y,false,false
CONFIG_BUILD_ARM64_APPENDED_DTB_IMAGE,y,y,false,false
CONFIG_BUILD_ARM64_APPENDED_DTB_IMAGE_NAMES,"""mediatek/trona_dvt mediatek/trona_evt mediatek/trona_hvt mediatek/trona_proto""","""mediatek/trona_dvt mediatek/trona_evt mediatek/trona_hvt mediatek/trona_proto""",false,false
CONFIG_BUILD_ARM64_APPENDED_KERNEL_IMAGE_NAME,"""Image.gz-dtb""","""Image.gz-dtb""",false,false
CONFIG_BUILD_ARM64_DTB_OVERLAY_IMAGE,not set,not set,false,false
CONFIG_BUILD_BIN2C,y,y,false,false
CONFIG_C2PORT,not set,not set,false,false
CONFIG_C60802_SUPPORT,not set,not set,false,false
CONFIG_CADENCE_WATCHDOG,not set,not set,false,false
CONFIG_CAIF,not set,not set,false,false
CONFIG_CAM_AVDD_SRC_SWITCH,y,y,false,false
CONFIG_CAM_OTP_DATA_USE_IDME,y,y,false,false
CONFIG_CAN,not set,not set,false,false
CONFIG_CAVIUM_ERRATUM_22375,y,y,false,false
CONFIG_CAVIUM_ERRATUM_23154,y,y,false,false
CONFIG_CAVIUM_ERRATUM_27456,y,y,false,false
CONFIG_CC10001_ADC,not set,not set,false,false
CONFIG_CC_OPTIMIZE_FOR_PERFORMANCE,y,y,false,false
CONFIG_CC_OPTIMIZE_FOR_SIZE,not set,not set,false,false
CONFIG_CC_STACKPROTECTOR,y,y,false,false
CONFIG_CC_STACKPROTECTOR_NONE,not set,not set,false,false
CONFIG_CC_STACKPROTECTOR_REGULAR,not set,not set,false,false
CONFIG_CC_STACKPROTECTOR_STRONG,y,y,false,false
CONFIG_CDROM_PKTCDVD,not set,not set,false,false
CONFIG_CEPH_LIB,not set,not set,false,false
CONFIG_CFG80211,y,y,false,false
CONFIG_CFG80211_CERTIFICATION_ONUS,not set,not set,false,false
CONFIG_CFG80211_CRDA_SUPPORT,y,y,false,false
CONFIG_CFG80211_DEBUGFS,not set,not set,false,false
CONFIG_CFG80211_DEFAULT_PS,not set,not set,false,false
CONFIG_CFG80211_DEVELOPER_WARNINGS,y,y,false,false
CONFIG_CFG80211_INTERNAL_REGDB,not set,not set,false,false
CONFIG_CFG80211_REG_DEBUG,not set,not set,false,false
CONFIG_CFG80211_WEXT,not set,not set,false,false
CONFIG_CFS_BANDWIDTH,not set,not set,false,false
CONFIG_CGROUPS,y,y,false,false
CONFIG_CGROUP_CPUACCT,y,y,false,false
CONFIG_CGROUP_DEBUG,y,y,false,false
CONFIG_CGROUP_DEVICE,not set,not set,false,false
CONFIG_CGROUP_FREEZER,y,y,false,false
CONFIG_CGROUP_NET_CLASSID,not set,not set,false,false
CONFIG_CGROUP_NET_PRIO,not set,not set,false,false
CONFIG_CGROUP_PERF,not set,not set,false,false
CONFIG_CGROUP_PIDS,not set,not set,false,false
CONFIG_CGROUP_SCHED,y,y,false,false
CONFIG_CGROUP_SCHEDTUNE,y,y,false,false
CONFIG_CHARGER_BQ2415X,not set,not set,false,false
CONFIG_CHARGER_BQ24190,not set,not set,false,false
CONFIG_CHARGER_BQ24257,not set,not set,false,false
CONFIG_CHARGER_BQ24735,not set,not set,false,false
CONFIG_CHARGER_BQ25890,not set,not set,false,false
CONFIG_CHARGER_GPIO,not set,not set,false,false
CONFIG_CHARGER_HL7005,not set,not set,false,false
CONFIG_CHARGER_IDT_P9415,y,y,false,false
CONFIG_CHARGER_ISP1704,not set,not set,false,false
CONFIG_CHARGER_LP8727,not set,not set,false,false
CONFIG_CHARGER_MANAGER,not set,not set,false,false
CONFIG_CHARGER_MAX8903,not set,not set,false,false
CONFIG_CHARGER_RT9455,not set,not set,false,false
CONFIG_CHARGER_RT9458,not set,not set,false,false
CONFIG_CHARGER_RT9465,not set,not set,false,false
CONFIG_CHARGER_RT9466,not set,not set,false,false
CONFIG_CHARGER_RT9467,not set,not set,false,false
CONFIG_CHARGER_SMB347,not set,not set,false,false
CONFIG_CHECKPOINT_RESTORE,not set,not set,false,false
CONFIG_CHROME_PLATFORMS,not set,not set,false,false
CONFIG_CHR_DEV_OSST,not set,not set,false,false
CONFIG_CHR_DEV_SCH,not set,not set,false,false
CONFIG_CHR_DEV_SG,not set,not set,false,false
CONFIG_CHR_DEV_ST,not set,not set,false,false
CONFIG_CICADA_PHY,not set,not set,false,false
CONFIG_CLATM_CHOOSE_HIGHER_TARGET_TJ,y,y,false,false
CONFIG_CLEANCACHE,not set,not set,false,false
CONFIG_CLKBUF_MT8183_XOWCN_COCLOCK,y,y,false,false
CONFIG_CLKDEV_LOOKUP,y,y,false,false
CONFIG_CLKSRC_OF,y,y,false,false
CONFIG_CLKSRC_PROBE,y,y,false,false
CONFIG_CLK_QORIQ,not set,not set,false,false
CONFIG_CLONE_BACKWARDS,y,y,false,false
CONFIG_CLS_U32_MARK,y,y,false,false
CONFIG_CLS_U32_PERF,y,y,false,false
CONFIG_CLZ_TAB,y,y,false,false
CONFIG_CM32181,not set,not set,false,false
CONFIG_CM3232,not set,not set,false,false
CONFIG_CM3323,not set,not set,false,false
CONFIG_CM36651,not set,not set,false,false
CONFIG_CMA,not set,not set,false,false
CONFIG_CMDLINE,"""console=tty0 console=ttyMT3,921600n1 root=/dev/ram vmalloc=496M slub_max_order=0 slub_debug=O ""","""console=tty0 console=ttyMT3,921600n1 root=/dev/ram vmalloc=496M slub_max_order=0 slub_debug=O """,false,false
CONFIG_CMDLINE_EXTEND,not set,not set,false,false
CONFIG_CMDLINE_FORCE,not set,not set,false,false
CONFIG_CMDLINE_FROM_BOOTLOADER,y,y,false,false
CONFIG_COMEDI,not set,not set,false,false
CONFIG_COMMON_CLK,y,y,false,false
CONFIG_COMMON_CLK_CDCE706,not set,not set,false,false
CONFIG_COMMON_CLK_CDCE925,not set,not set,false,false
CONFIG_COMMON_CLK_MEDIATEK,y,y,false,false
CONFIG_COMMON_CLK_MEDIATEK_NEW,y,y,false,false
CONFIG_COMMON_CLK_MT6739,not set,not set,false,false
CONFIG_COMMON_CLK_MT6757,not set,not set,false,false
CONFIG_COMMON_CLK_MT6758,not set,not set,false,false
CONFIG_COMMON_CLK_MT6759,not set,not set,false,false
CONFIG_COMMON_CLK_MT6763,not set,not set,false,false
CONFIG_COMMON_CLK_MT6775,not set,not set,false,false
CONFIG_COMMON_CLK_MT6799,not set,not set,false,false
CONFIG_COMMON_CLK_MT8167,not set,not set,false,false
CONFIG_COMMON_CLK_MT8183,y,y,false,false
CONFIG_COMMON_CLK_PXA,not set,not set,false,false
CONFIG_COMMON_CLK_SI514,not set,not set,false,false
CONFIG_COMMON_CLK_SI5351,not set,not set,false,false
CONFIG_COMMON_CLK_SI570,not set,not set,false,false
CONFIG_COMMON_CLK_VERSATILE,not set,not set,false,false
CONFIG_COMMON_CLK_XGENE,y,y,false,false
CONFIG_COMMON_CLK_XLNX_CLKWZRD,not set,not set,false,false
CONFIG_COMPACTION,y,y,false,false
CONFIG_COMPAT,y,y,false,false
CONFIG_COMPAT_BINFMT_ELF,y,y,false,false
CONFIG_COMPAT_BRK,y,y,false,false
CONFIG_COMPAT_NETLINK_MESSAGES,y,y,false,false
CONFIG_COMPAT_OLD_SIGACTION,y,y,false,false
CONFIG_COMPILE_TEST,not set,not set,false,false
CONFIG_CONFIGFS_FS,y,y,false,false
CONFIG_CONFIG_MTK_DISABLE_LMK_PROMOTE_PRIORITY,not set,not set,false,false
CONFIG_CONNECTOR,not set,not set,false,false
CONFIG_CONSOLE_LOCK_DURATION_DETECT,y,y,false,false
CONFIG_CONTEXT_SWITCH_TRACER,y,y,false,false
CONFIG_CORDIC,not set,not set,false,false
CONFIG_COREDUMP,y,y,false,false
CONFIG_CORESIGHT,not set,not set,false,false
CONFIG_CORE_DUMP_DEFAULT_ELF_HEADERS,not set,not set,false,false
CONFIG_CP15_BARRIER_EMULATION,y,y,false,false
CONFIG_CPUFREQ_DT,not set,not set,false,false
CONFIG_CPUSETS,y,y,false,false
CONFIG_CPU_BIG_ENDIAN,not set,not set,false,false
CONFIG_CPU_FREQ,y,y,false,false
CONFIG_CPU_FREQ_DEFAULT_GOV_CONSERVATIVE,not set,not set,false,false
CONFIG_CPU_FREQ_DEFAULT_GOV_INTERACTIVE,y,y,false,false
CONFIG_CPU_FREQ_DEFAULT_GOV_ONDEMAND,not set,not set,false,false
CONFIG_CPU_FREQ_DEFAULT_GOV_PERFORMANCE,not set,not set,false,false
CONFIG_CPU_FREQ_DEFAULT_GOV_POWERSAVE,not set,not set,false,false
CONFIG_CPU_FREQ_DEFAULT_GOV_SCHED,not set,not set,false,false
CONFIG_CPU_FREQ_DEFAULT_GOV_SCHEDPLUS,not set,not set,false,false
CONFIG_CPU_FREQ_DEFAULT_GOV_SCHEDUTIL,not set,not set,false,false
CONFIG_CPU_FREQ_DEFAULT_GOV_USERSPACE,not set,not set,false,false
CONFIG_CPU_FREQ_GOV_COMMON,y,y,false,false
CONFIG_CPU_FREQ_GOV_CONSERVATIVE,not set,not set,false,false
CONFIG_CPU_FREQ_GOV_INTERACTIVE,y,y,false,false
CONFIG_CPU_FREQ_GOV_ONDEMAND,y,y,false,false
CONFIG_CPU_FREQ_GOV_PERFORMANCE,y,y,false,false
CONFIG_CPU_FREQ_GOV_POWERSAVE,y,y,false,false
CONFIG_CPU_FREQ_GOV_SCHED,not set,not set,false,false
CONFIG_CPU_FREQ_GOV_SCHEDPLUS,y,y,false,false
CONFIG_CPU_FREQ_GOV_SCHEDUTIL,not set,not set,false,false
CONFIG_CPU_FREQ_GOV_USERSPACE,y,y,false,false
CONFIG_CPU_FREQ_SCHED_ASSIST,not set,not set,false,false
CONFIG_CPU_FREQ_STAT,y,y,false,false
CONFIG_CPU_FREQ_STAT_DETAILS,y,y,false,false
CONFIG_CPU_FREQ_TIMES,y,y,false,false
CONFIG_CPU_IDLE,y,y,false,false
CONFIG_CPU_IDLE_GOV_LADDER,not set,not set,false,false
CONFIG_CPU_IDLE_GOV_MENU,y,y,false,false
CONFIG_CPU_IDLE_GOV_MTK,y,y,false,false
CONFIG_CPU_IDLE_GOV_MTK_MENU,y,y,false,false
CONFIG_CPU_IDLE_MULTIPLE_DRIVERS,y,y,false,false
CONFIG_CPU_PM,y,y,false,false
CONFIG_CPU_RMAP,y,y,false,false
CONFIG_CPU_THERMAL,not set,not set,false,false
CONFIG_CRAMFS,not set,not set,false,false
CONFIG_CRC16,y,y,false,false
CONFIG_CRC32,y,y,false,false
CONFIG_CRC32_BIT,not set,not set,false,false
CONFIG_CRC32_SARWATE,not set,not set,false,false
CONFIG_CRC32_SELFTEST,not set,not set,false,false
CONFIG_CRC32_SLICEBY4,not set,not set,false,false
CONFIG_CRC32_SLICEBY8,y,y,false,false
CONFIG_CRC7,not set,not set,false,false
CONFIG_CRC8,not set,not set,false,false
CONFIG_CRC_CCITT,y,y,false,false
CONFIG_CRC_ITU_T,not set,not set,false,false
CONFIG_CRC_T10DIF,not set,not set,false,false
CONFIG_CROSS_COMPILE,"""aarch64-linux-android-""","""aarch64-linux-android-""",false,false
CONFIG_CROSS_MEMORY_ATTACH,y,y,false,false
CONFIG_CRYPTO,y,y,false,false
CONFIG_CRYPTO_842,not set,not set,false,false
CONFIG_CRYPTO_ABLK_HELPER,y,y,false,false
CONFIG_CRYPTO_AEAD,y,y,false,false
CONFIG_CRYPTO_AEAD2,y,y,false,false
CONFIG_CRYPTO_AES,y,y,false,false
CONFIG_CRYPTO_AES_ARM64_CE,y,y,false,false
CONFIG_CRYPTO_AES_ARM64_CE_BLK,y,y,false,false
CONFIG_CRYPTO_AES_ARM64_CE_CCM,not set,not set,false,false
CONFIG_CRYPTO_AES_ARM64_NEON_BLK,not set,not set,false,false
CONFIG_CRYPTO_AKCIPHER,y,y,false,false
CONFIG_CRYPTO_AKCIPHER2,y,y,false,false
CONFIG_CRYPTO_ALGAPI,y,y,false,false
CONFIG_CRYPTO_ALGAPI2,y,y,false,false
CONFIG_CRYPTO_ANSI_CPRNG,not set,not set,false,false
CONFIG_CRYPTO_ANUBIS,not set,not set,false,false
CONFIG_CRYPTO_ARC4,y,y,false,false
CONFIG_CRYPTO_AUTHENC,y,y,false,false
CONFIG_CRYPTO_BLKCIPHER,y,y,false,false
CONFIG_CRYPTO_BLKCIPHER2,y,y,false,false
CONFIG_CRYPTO_BLOWFISH,not set,not set,false,false
CONFIG_CRYPTO_CAMELLIA,not set,not set,false,false
CONFIG_CRYPTO_CAST5,not set,not set,false,false
CONFIG_CRYPTO_CAST6,not set,not set,false,false
CONFIG_CRYPTO_CBC,y,y,false,false
CONFIG_CRYPTO_CCM,not set,not set,false,false
CONFIG_CRYPTO_CHACHA20,not set,not set,false,false
CONFIG_CRYPTO_CHACHA20POLY1305,not set,not set,false,false
CONFIG_CRYPTO_CMAC,y,y,false,false
CONFIG_CRYPTO_CRC32,not set,not set,false,false
CONFIG_CRYPTO_CRC32C,y,y,false,false
CONFIG_CRYPTO_CRC32_ARM64,not set,not set,false,false
CONFIG_CRYPTO_CRCT10DIF,not set,not set,false,false
CONFIG_CRYPTO_CRYPTD,y,y,false,false
CONFIG_CRYPTO_CTR,y,y,false,false
CONFIG_CRYPTO_CTS,y,y,false,false
CONFIG_CRYPTO_DEFLATE,y,y,false,false
CONFIG_CRYPTO_DES,y,y,false,false
CONFIG_CRYPTO_DEV_DX_CC63P,not set,not set,false,false
CONFIG_CRYPTO_DRBG,y,y,false,false
CONFIG_CRYPTO_DRBG_CTR,not set,not set,false,false
CONFIG_CRYPTO_DRBG_HASH,not set,not set,false,false
CONFIG_CRYPTO_DRBG_HMAC,y,y,false,false
CONFIG_CRYPTO_DRBG_MENU,y,y,false,false
CONFIG_CRYPTO_ECB,y,y,false,false
CONFIG_CRYPTO_ECHAINIV,y,y,false,false
CONFIG_CRYPTO_FCRYPT,not set,not set,false,false
CONFIG_CRYPTO_GCM,y,y,false,false
CONFIG_CRYPTO_GF128MUL,y,y,false,false
CONFIG_CRYPTO_GHASH,y,y,false,false
CONFIG_CRYPTO_GHASH_ARM64_CE,not set,not set,false,false
CONFIG_CRYPTO_HASH,y,y,false,false
CONFIG_CRYPTO_HASH2,y,y,false,false
CONFIG_CRYPTO_HASH_INFO,y,y,false,false
CONFIG_CRYPTO_HEH,y,y,false,false
CONFIG_CRYPTO_HMAC,y,y,false,false
CONFIG_CRYPTO_HW,not set,not set,false,false
CONFIG_CRYPTO_JITTERENTROPY,y,y,false,false
CONFIG_CRYPTO_KEYWRAP,not set,not set,false,false
CONFIG_CRYPTO_KHAZAD,not set,not set,false,false
CONFIG_CRYPTO_LRW,not set,not set,false,false
CONFIG_CRYPTO_LZ4,not set,not set,false,false
CONFIG_CRYPTO_LZ4HC,not set,not set,false,false
CONFIG_CRYPTO_LZ4K,not set,not set,false,false
CONFIG_CRYPTO_LZO,y,y,false,false
CONFIG_CRYPTO_MANAGER,y,y,false,false
CONFIG_CRYPTO_MANAGER2,y,y,false,false
CONFIG_CRYPTO_MANAGER_DISABLE_TESTS,y,y,false,false
CONFIG_CRYPTO_MCRYPTD,not set,not set,false,false
CONFIG_CRYPTO_MD4,not set,not set,false,false
CONFIG_CRYPTO_MD5,y,y,false,false
CONFIG_CRYPTO_MICHAEL_MIC,not set,not set,false,false
CONFIG_CRYPTO_NULL,y,y,false,false
CONFIG_CRYPTO_NULL2,y,y,false,false
CONFIG_CRYPTO_PCBC,not set,not set,false,false
CONFIG_CRYPTO_PCOMP2,y,y,false,false
CONFIG_CRYPTO_PCRYPT,not set,not set,false,false
CONFIG_CRYPTO_POLY1305,not set,not set,false,false
CONFIG_CRYPTO_POLY_HASH_ARM64_CE,y,y,false,false
CONFIG_CRYPTO_RMD128,not set,not set,false,false
CONFIG_CRYPTO_RMD160,not set,not set,false,false
CONFIG_CRYPTO_RMD256,not set,not set,false,false
CONFIG_CRYPTO_RMD320,not set,not set,false,false
CONFIG_CRYPTO_RNG,y,y,false,false
CONFIG_CRYPTO_RNG2,y,y,false,false
CONFIG_CRYPTO_RNG_DEFAULT,y,y,false,false
CONFIG_CRYPTO_RSA,not set,not set,false,false
CONFIG_CRYPTO_SALSA20,not set,not set,false,false
CONFIG_CRYPTO_SEED,not set,not set,false,false
CONFIG_CRYPTO_SEQIV,y,y,false,false
CONFIG_CRYPTO_SERPENT,not set,not set,false,false
CONFIG_CRYPTO_SHA1,y,y,false,false
CONFIG_CRYPTO_SHA1_ARM64_CE,not set,not set,false,false
CONFIG_CRYPTO_SHA256,y,y,false,false
CONFIG_CRYPTO_SHA2_ARM64_CE,y,y,false,false
CONFIG_CRYPTO_SHA512,y,y,false,false
CONFIG_CRYPTO_SPECK,not set,not set,false,false
CONFIG_CRYPTO_SPECK_NEON,not set,not set,false,false
CONFIG_CRYPTO_TEA,not set,not set,false,false
CONFIG_CRYPTO_TEST,not set,not set,false,false
CONFIG_CRYPTO_TGR192,not set,not set,false,false
CONFIG_CRYPTO_TWOFISH,y,y,false,false
CONFIG_CRYPTO_TWOFISH_COMMON,y,y,false,false
CONFIG_CRYPTO_USER,not set,not set,false,false
CONFIG_CRYPTO_USER_API_AEAD,not set,not set,false,false
CONFIG_CRYPTO_USER_API_HASH,not set,not set,false,false
CONFIG_CRYPTO_USER_API_RNG,not set,not set,false,false
CONFIG_CRYPTO_USER_API_SKCIPHER,not set,not set,false,false
CONFIG_CRYPTO_VMAC,not set,not set,false,false
CONFIG_CRYPTO_WORKQUEUE,y,y,false,false
CONFIG_CRYPTO_WP512,not set,not set,false,false
CONFIG_CRYPTO_XCBC,y,y,false,false
CONFIG_CRYPTO_XTS,y,y,false,false
CONFIG_CRYPTO_ZLIB,not set,not set,false,false
CONFIG_CUSE,not set,not set,false,false
CONFIG_CUSTOM_BATTERY_CYCLE_AGING_DATA,not set,not set,false,false
CONFIG_CUSTOM_KERNEL_ACCELEROMETER,y,y,false,false
CONFIG_CUSTOM_KERNEL_ACCELGYRO,not set,not set,false,false
CONFIG_CUSTOM_KERNEL_ACTIVITY_SENSOR,not set,not set,false,false
CONFIG_CUSTOM_KERNEL_ALSPS,y,y,false,false
CONFIG_CUSTOM_KERNEL_BAROMETER,not set,not set,false,false
CONFIG_CUSTOM_KERNEL_BIOMETRIC_SENSOR,not set,not set,false,false
CONFIG_CUSTOM_KERNEL_CAM_CAL_DRV,"""BRCB032GWZ_3 GT24c32a cat24c16""","""BRCB032GWZ_3 GT24c32a cat24c16""",false,false
CONFIG_CUSTOM_KERNEL_GMRV_SENSOR,not set,not set,false,false
CONFIG_CUSTOM_KERNEL_GRAVITY_SENSOR,not set,not set,false,false
CONFIG_CUSTOM_KERNEL_GRV_SENSOR,not set,not set,false,false
CONFIG_CUSTOM_KERNEL_GYROSCOPE,not set,not set,false,false
CONFIG_CUSTOM_KERNEL_HDMI,"""ITE66121""","""ITE66121""",false,false
CONFIG_CUSTOM_KERNEL_IMGSENSOR,"""hi556_mipi_raw gc5035_mipi_raw ov02b_mipi_raw gc02m1tr_mipi_raw hi556sec_mipi_raw gc5035sec_mipi_raw ov02bsec_mipi_raw gc02m1trsec_mipi_raw""","""hi556_mipi_raw gc5035_mipi_raw ov02b_mipi_raw gc02m1tr_mipi_raw hi556sec_mipi_raw gc5035sec_mipi_raw ov02bsec_mipi_raw gc02m1trsec_mipi_raw""",false,false
CONFIG_CUSTOM_KERNEL_LCM,"""ft8201ab_wuxga_dsi_vdo ft8201_wuxga_dsi_vdo nt36523_wuxga_dsi_vdo hx83102_wuxga_dsi_vdo ""","""ft8201ab_wuxga_dsi_vdo ft8201_wuxga_dsi_vdo nt36523_wuxga_dsi_vdo hx83102_wuxga_dsi_vdo """,false,false
CONFIG_CUSTOM_KERNEL_LINEARACCEL_SENSOR,not set,not set,false,false
CONFIG_CUSTOM_KERNEL_MAGNETOMETER,not set,not set,false,false
CONFIG_CUSTOM_KERNEL_ORIENTATION,not set,not set,false,false
CONFIG_CUSTOM_KERNEL_RV_SENSOR,not set,not set,false,false
CONFIG_CUSTOM_KERNEL_SENSORHUB,not set,not set,false,false
CONFIG_CUSTOM_KERNEL_SENSOR_FUSION,not set,not set,false,false
CONFIG_CUSTOM_KERNEL_SIGNIFICANT_MOTION,not set,not set,false,false
CONFIG_CUSTOM_KERNEL_SITUATION,not set,not set,false,false
CONFIG_CUSTOM_KERNEL_STEP_COUNTER,not set,not set,false,false
CONFIG_CUSTOM_KERNEL_UNCALI_ACC_SENSOR,not set,not set,false,false
CONFIG_CUSTOM_KERNEL_UNCALI_GYRO_SENSOR,not set,not set,false,false
CONFIG_CUSTOM_KERNEL_UNCALI_MAG_SENSOR,not set,not set,false,false
CONFIG_CUSTOM_LCM_X,"""0""","""0""",false,false
CONFIG_CUSTOM_LCM_Y,"""0""","""0""",false,false
CONFIG_CXL_BASE,not set,not set,false,false
CONFIG_CXL_EEH,not set,not set,false,false
CONFIG_CXL_KERNEL_API,not set,not set,false,false
CONFIG_D60802_SUPPORT,not set,not set,false,false
CONFIG_DAVICOM_PHY,not set,not set,false,false
CONFIG_DCACHE_WORD_ACCESS,y,y,false,false
CONFIG_DCB,not set,not set,false,false
CONFIG_DDR,not set,not set,false,false
CONFIG_DEBUG_ALIGN_RODATA,not set,not set,false,false
CONFIG_DEBUG_ATOMIC_SLEEP,not set,not set,false,false
CONFIG_DEBUG_BLOCK_EXT_DEVT,not set,not set,false,false
CONFIG_DEBUG_BUGVERBOSE,not set,not set,false,false
CONFIG_DEBUG_CREDENTIALS,not set,not set,false,false
CONFIG_DEBUG_DEVRES,not set,not set,false,false
CONFIG_DEBUG_DRIVER,not set,not set,false,false
CONFIG_DEBUG_FORCE_WEAK_PER_CPU,not set,not set,false,false
CONFIG_DEBUG_FS,y,y,false,false
CONFIG_DEBUG_GPIO,not set,not set,false,false
CONFIG_DEBUG_INFO,not set,not set,false,true
CONFIG_DEBUG_KERNEL,y,y,false,false
CONFIG_DEBUG_KMEMLEAK,not set,not set,false,false
CONFIG_DEBUG_KOBJECT,not set,not set,false,false
CONFIG_DEBUG_LIST,not set,not set,false,false
CONFIG_DEBUG_LOCKING_API_SELFTESTS,not set,not set,false,false
CONFIG_DEBUG_LOCK_ALLOC,not set,not set,false,false
CONFIG_DEBUG_MEMORY_INIT,not set,not set,false,false
CONFIG_DEBUG_MUTEXES,not set,not set,false,false
CONFIG_DEBUG_NOTIFIERS,not set,not set,false,false
CONFIG_DEBUG_OBJECTS,not set,not set,false,false
CONFIG_DEBUG_PAGEALLOC,not set,not set,false,false
CONFIG_DEBUG_PERF_USE_VMALLOC,not set,not set,false,false
CONFIG_DEBUG_PER_CPU_MAPS,not set,not set,false,false
CONFIG_DEBUG_PINCTRL,not set,not set,false,false
CONFIG_DEBUG_PI_LIST,not set,not set,false,false
CONFIG_DEBUG_PREEMPT,not set,not set,false,false
CONFIG_DEBUG_RODATA,y,y,false,false
CONFIG_DEBUG_RT_MUTEXES,not set,not set,false,false
CONFIG_DEBUG_SECTION_MISMATCH,not set,not set,false,false
CONFIG_DEBUG_SET_MODULE_RONX,y,y,false,false
CONFIG_DEBUG_SG,not set,not set,false,false
CONFIG_DEBUG_SHIRQ,not set,not set,false,false
CONFIG_DEBUG_SPINLOCK,not set,not set,false,false
CONFIG_DEBUG_STACK_USAGE,not set,not set,false,false
CONFIG_DEBUG_TIMEKEEPING,not set,not set,false,false
CONFIG_DEBUG_VM,not set,not set,false,false
CONFIG_DEBUG_WW_MUTEX_SLOWPATH,not set,not set,false,false
CONFIG_DECNET,not set,not set,false,false
CONFIG_DECOMPRESS_BZIP2,y,y,false,false
CONFIG_DECOMPRESS_GZIP,y,y,false,false
CONFIG_DECOMPRESS_LZ4,y,y,false,false
CONFIG_DECOMPRESS_LZMA,y,y,false,false
CONFIG_DECOMPRESS_LZO,y,y,false,false
CONFIG_DECOMPRESS_XZ,y,y,false,false
CONFIG_DEFAULT_CFQ,y,y,false,false
CONFIG_DEFAULT_DEADLINE,not set,not set,false,false
CONFIG_DEFAULT_HOSTNAME,"""(none)""","""(none)""",false,false
CONFIG_DEFAULT_IOSCHED,"""cfq""","""cfq""",false,false
CONFIG_DEFAULT_MMAP_MIN_ADDR,4096,4096,false,false
CONFIG_DEFAULT_NOOP,not set,not set,false,false
CONFIG_DEFAULT_SECURITY,"""selinux""","""selinux""",false,false
CONFIG_DEFAULT_SECURITY_DAC,not set,not set,false,false
CONFIG_DEFAULT_SECURITY_SELINUX,y,y,false,false
CONFIG_DEFAULT_TCP_CONG,"""cubic""","""cubic""",false,false
CONFIG_DEFCONFIG_LIST,"""/lib/modules/$UNAME_RELEASE/.config""","""/lib/modules/$UNAME_RELEASE/.config""",false,false
CONFIG_DETECT_HUNG_TASK,not set,not set,false,false
CONFIG_DEVFREQ_GOV_PERFORMANCE,not set,not set,false,false
CONFIG_DEVFREQ_GOV_POWERSAVE,not set,not set,false,false
CONFIG_DEVFREQ_GOV_SIMPLE_ONDEMAND,not set,not set,false,false
CONFIG_DEVFREQ_GOV_USERSPACE,not set,not set,false,false
CONFIG_DEVKMEM,not set,not set,false,false
CONFIG_DEVMEM,not set,not set,false,false
CONFIG_DEVPTS_MULTIPLE_INSTANCES,not set,not set,false,false
CONFIG_DEVTMPFS,not set,not set,false,false
CONFIG_DGAP,not set,not set,false,false
CONFIG_DHT11,not set,not set,false,false
CONFIG_DIS_CHECK_BATTERY,not set,not set,false,false
CONFIG_DLM,not set,not set,false,false
CONFIG_DMADEVICES,y,y,false,false
CONFIG_DMADEVICES_DEBUG,not set,not set,false,false
CONFIG_DMATEST,not set,not set,false,false
CONFIG_DMAUSER_PAGES,not set,not set,false,false
CONFIG_DMA_API_DEBUG,not set,not set,false,false
CONFIG_DMA_ENGINE,y,y,false,false
CONFIG_DMA_MTK_UART,y,y,false,false
CONFIG_DMA_OF,y,y,false,false
CONFIG_DMA_SHARED_BUFFER,y,y,false,false
CONFIG_DMA_VIRTUAL_CHANNELS,y,y,false,false
CONFIG_DM_ANDROID_VERITY,y,y,false,false
CONFIG_DM_ANDROID_VERITY_AT_MOST_ONCE_DEFAULT_ENABLED,not set,not set,false,false
CONFIG_DM_BUFIO,y,y,false,false
CONFIG_DM_CACHE,not set,not set,false,false
CONFIG_DM_CRYPT,y,y,false,false
CONFIG_DM_DEBUG,not set,not set,false,false
CONFIG_DM_DELAY,not set,not set,false,false
CONFIG_DM_ERA,not set,not set,false,false
CONFIG_DM_FLAKEY,not set,not set,false,false
CONFIG_DM_LOG_WRITES,not set,not set,false,false
CONFIG_DM_MIRROR,not set,not set,false,false
CONFIG_DM_MQ_DEFAULT,not set,not set,false,false
CONFIG_DM_MULTIPATH,not set,not set,false,false
CONFIG_DM_RAID,not set,not set,false,false
CONFIG_DM_SNAPSHOT,not set,not set,false,false
CONFIG_DM_SWITCH,not set,not set,false,false
CONFIG_DM_THIN_PROVISIONING,not set,not set,false,false
CONFIG_DM_UEVENT,y,y,false,false
CONFIG_DM_VERITY,y,y,false,false
CONFIG_DM_VERITY_AVB,not set,not set,false,false
CONFIG_DM_VERITY_FEC,y,y,false,false
CONFIG_DM_VERITY_HASH_PREFETCH_MIN_SIZE,128,128,false,false
CONFIG_DM_VERITY_HASH_PREFETCH_MIN_SIZE_128,y,y,false,false
CONFIG_DM_ZERO,not set,not set,false,false
CONFIG_DNOTIFY,y,y,false,false
CONFIG_DNS_RESOLVER,not set,not set,false,false
CONFIG_DP83848_PHY,not set,not set,false,false
CONFIG_DP83867_PHY,not set,not set,false,false
CONFIG_DQL,y,y,false,false
CONFIG_DRAGONRISE_FF,not set,not set,false,false
CONFIG_DRM,not set,not set,false,false
CONFIG_DS1682,not set,not set,false,false
CONFIG_DST_CACHE,y,y,false,false
CONFIG_DTC,y,y,false,false
CONFIG_DUAL_ROLE_USB_INTF,y,y,false,false
CONFIG_DUMMY,not set,not set,false,false
CONFIG_DUMMY_IRQ,not set,not set,false,false
CONFIG_DW_DMAC,not set,not set,false,false
CONFIG_DW_WATCHDOG,not set,not set,false,false
CONFIG_DYNAMIC_DEBUG,y,y,false,false
CONFIG_E60802_SUPPORT,not set,not set,false,false
CONFIG_ECHO,not set,not set,false,false
CONFIG_ECRYPT_FS,not set,not set,false,false
CONFIG_EDAC,not set,not set,false,false
CONFIG_EDAC_SUPPORT,y,y,false,false
CONFIG_EEPROM_93CX6,not set,not set,false,false
CONFIG_EEPROM_93XX46,not set,not set,false,false
CONFIG_EEPROM_AT24,not set,not set,false,false
CONFIG_EEPROM_AT25,not set,not set,false,false
CONFIG_EEPROM_LEGACY,not set,not set,false,false
CONFIG_EEPROM_MAX6875,not set,not set,false,false
CONFIG_EFI,not set,not set,false,false
CONFIG_EFI_PARTITION,y,y,false,false
CONFIG_EFS_FS,not set,not set,false,false
CONFIG_ELF_CORE,y,y,false,false
CONFIG_EMBEDDED,y,y,false,false
CONFIG_EM_TIMER_STI,not set,not set,false,false
CONFIG_ENABLE_BATTERY_OVERHEAT_SHUTDOWN,not set,not set,false,false
CONFIG_ENABLE_DEFAULT_TRACERS,y,y,false,false
CONFIG_ENABLE_MUST_CHECK,y,y,false,false
CONFIG_ENABLE_WARN_DEPRECATED,y,y,false,false
CONFIG_ENCLOSURE_SERVICES,not set,not set,false,false
CONFIG_ENCRYPTED_KEYS,y,y,false,false
CONFIG_EPOLL,y,y,false,false
CONFIG_EQUALIZER,not set,not set,false,false
CONFIG_ETHERNET,not set,not set,false,false
CONFIG_EVENTFD,y,y,false,false
CONFIG_EVENT_TRACING,y,y,false,false
CONFIG_EVM,not set,not set,false,false
CONFIG_EXPERT,y,y,false,false
CONFIG_EXT2_FS,not set,not set,false,false
CONFIG_EXT3_FS,not set,not set,false,false
CONFIG_EXT4_DEBUG,not set,not set,false,false
CONFIG_EXT4_ENCRYPTION,y,y,false,false
CONFIG_EXT4_FS,y,y,false,false
CONFIG_EXT4_FS_ENCRYPTION,y,y,false,false
CONFIG_EXT4_FS_POSIX_ACL,not set,not set,false,false
CONFIG_EXT4_FS_SECURITY,y,y,false,false
CONFIG_EXT4_USE_FOR_EXT2,y,y,false,false
CONFIG_EXTCON,not set,not set,false,false
CONFIG_EXTRA_FIRMWARE,"""""","""""",false,false
CONFIG_EXTREME_LOW_RAM,not set,not set,false,false
CONFIG_EZX_PCAP,not set,not set,false,false
CONFIG_F2FS_FS,not set,not set,false,false
CONFIG_FADE_IN_OUT_FEATURE_FOR_CABC,y,y,false,false
CONFIG_FAILSLAB,not set,not set,false,false
CONFIG_FAIL_FUTEX,not set,not set,false,false
CONFIG_FAIL_IO_TIMEOUT,not set,not set,false,false
CONFIG_FAIL_MAKE_REQUEST,not set,not set,false,false
CONFIG_FAIL_MMC_REQUEST,not set,not set,false,false
CONFIG_FAIL_PAGE_ALLOC,not set,not set,false,false
CONFIG_FAIR_GROUP_SCHED,y,y,false,false
CONFIG_FANOTIFY,not set,not set,false,false
CONFIG_FAST_CIRQ_CLONE_FLUSH,y,y,false,false
CONFIG_FAT_DEFAULT_CODEPAGE,437,437,false,false
CONFIG_FAT_DEFAULT_IOCHARSET,"""iso8859-1""","""iso8859-1""",false,false
CONFIG_FAT_FS,y,y,false,false
CONFIG_FAULT_INJECTION,y,y,false,false
CONFIG_FAULT_INJECTION_DEBUG_FS,not set,not set,false,false
CONFIG_FB,y,y,false,false
CONFIG_FB_ARMCLCD,not set,not set,false,false
CONFIG_FB_AUO_K190X,not set,not set,false,false
CONFIG_FB_BACKLIGHT,not set,not set,false,false
CONFIG_FB_BOOT_VESA_SUPPORT,not set,not set,false,false
CONFIG_FB_BROADSHEET,not set,not set,false,false
CONFIG_FB_CFB_COPYAREA,y,y,false,false
CONFIG_FB_CFB_FILLRECT,y,y,false,false
CONFIG_FB_CFB_IMAGEBLIT,y,y,false,false
CONFIG_FB_CFB_REV_PIXELS_IN_BYTE,not set,not set,false,false
CONFIG_FB_CMDLINE,y,y,false,false
CONFIG_FB_DDC,not set,not set,false,false
CONFIG_FB_FOREIGN_ENDIAN,not set,not set,false,false
CONFIG_FB_IBM_GXT4500,not set,not set,false,false
CONFIG_FB_MACMODES,not set,not set,false,false
CONFIG_FB_METRONOME,not set,not set,false,false
CONFIG_FB_MODE_HELPERS,y,y,false,false
CONFIG_FB_OPENCORES,not set,not set,false,false
CONFIG_FB_S1D13XXX,not set,not set,false,false
CONFIG_FB_SIMPLE,not set,not set,false,false
CONFIG_FB_SMSCUFX,not set,not set,false,false
CONFIG_FB_SSD1307,not set,not set,false,false
CONFIG_FB_SVGALIB,not set,not set,false,false
CONFIG_FB_SYS_COPYAREA,not set,not set,false,false
CONFIG_FB_SYS_FILLRECT,not set,not set,false,false
CONFIG_FB_SYS_FOPS,not set,not set,false,false
CONFIG_FB_SYS_IMAGEBLIT,not set,not set,false,false
CONFIG_FB_TFT,not set,not set,false,false
CONFIG_FB_TILEBLITTING,y,y,false,false
CONFIG_FB_UDL,not set,not set,false,false
CONFIG_FB_VIRTUAL,not set,not set,false,false
CONFIG_FENCE_TRACE,not set,not set,false,false
CONFIG_FHANDLE,not set,not set,false,false
CONFIG_FIB_RULES,y,y,false,false
CONFIG_FILE_LOCKING,y,y,false,false
CONFIG_FIQ_DEBUGGER,not set,not set,false,false
CONFIG_FIQ_WATCHDOG,not set,not set,false,false
CONFIG_FIRMWARE_EDID,not set,not set,false,false
CONFIG_FIRMWARE_IN_KERNEL,y,y,false,false
CONFIG_FIRMWARE_MEMMAP,not set,not set,false,false
CONFIG_FIXED_PHY,not set,not set,false,false
CONFIG_FIX_EARLYCON_MEM,y,y,false,false
CONFIG_FMC,not set,not set,false,false
CONFIG_FONT_8x16,y,y,false,false
CONFIG_FONT_AUTOSELECT,y,y,false,false
CONFIG_FONT_SUPPORT,y,y,false,false
CONFIG_FORCE_MAX_ZONEORDER,11,11,false,false
CONFIG_FOUR_KEY_HEADSET,not set,not set,false,false
CONFIG_FPGA,not set,not set,false,false
CONFIG_FPGA_EARLY_PORTING,not set,not set,false,false
CONFIG_FRAME_POINTER,y,y,false,false
CONFIG_FRAME_WARN,2800,2800,false,false
CONFIG_FREEZER,y,y,false,false
CONFIG_FRONTSWAP,not set,not set,false,false
CONFIG_FSCACHE,not set,not set,false,false
CONFIG_FSL_EDMA,not set,not set,false,false
CONFIG_FSL_MC_BUS,not set,not set,false,false
CONFIG_FSNOTIFY,y,y,false,false
CONFIG_FS_DAX,not set,not set,false,false
CONFIG_FS_ENCRYPTION,not set,not set,false,false
CONFIG_FS_MBCACHE,y,y,false,false
CONFIG_FS_POSIX_ACL,not set,not set,false,false
CONFIG_FTRACE,y,y,false,false
CONFIG_FTRACE_SYSCALLS,not set,not set,false,false
CONFIG_FUNCTION_TRACER,not set,not set,false,false
CONFIG_FUSB251,y,y,false,false
CONFIG_FUSE_FS,y,y,false,false
CONFIG_FUSE_IO_LOG,y,y,false,false
CONFIG_FUTEX,y,y,false,true
CONFIG_FW_LOADER,y,y,false,false
CONFIG_FW_LOADER_USER_HELPER,y,y,false,false
CONFIG_FW_LOADER_USER_HELPER_FALLBACK,y,y,false,false
CONFIG_GAMEPORT,not set,not set,false,false
CONFIG_GATOR,m,m,false,false
CONFIG_GCOV_KERNEL,not set,not set,false,false
CONFIG_GENERIC_ADC_BATTERY,not set,not set,false,false
CONFIG_GENERIC_ALLOCATOR,y,y,false,false
CONFIG_GENERIC_BUG,y,y,false,false
CONFIG_GENERIC_BUG_RELATIVE_POINTERS,y,y,false,false
CONFIG_GENERIC_CALIBRATE_DELAY,y,y,false,false
CONFIG_GENERIC_CLOCKEVENTS,y,y,false,false
CONFIG_GENERIC_CLOCKEVENTS_BROADCAST,y,y,false,false
CONFIG_GENERIC_CPU_AUTOPROBE,y,y,false,false
CONFIG_GENERIC_CPU_DEVICES,not set,not set,false,false
CONFIG_GENERIC_CSUM,y,y,false,false
CONFIG_GENERIC_EARLY_IOREMAP,y,y,false,false
CONFIG_GENERIC_HWEIGHT,y,y,false,false
CONFIG_GENERIC_IDLE_POLL_SETUP,y,y,false,false
CONFIG_GENERIC_IO,y,y,false,false
CONFIG_GENERIC_IRQ_MIGRATION,y,y,false,false
CONFIG_GENERIC_IRQ_PROBE,y,y,false,false
CONFIG_GENERIC_IRQ_SHOW,y,y,false,false
CONFIG_GENERIC_IRQ_SHOW_LEVEL,y,y,false,false
CONFIG_GENERIC_NET_UTILS,y,y,false,false
CONFIG_GENERIC_PCI_IOMAP,y,y,false,false
CONFIG_GENERIC_PHY,not set,not set,false,false
CONFIG_GENERIC_PINCONF,y,y,false,false
CONFIG_GENERIC_SCHED_CLOCK,y,y,false,false
CONFIG_GENERIC_SMP_IDLE_THREAD,y,y,false,false
CONFIG_GENERIC_STRNCPY_FROM_USER,y,y,false,false
CONFIG_GENERIC_STRNLEN_USER,y,y,false,false
CONFIG_GENERIC_TIME_VSYSCALL,y,y,false,false
CONFIG_GFS2_FS,not set,not set,false,false
CONFIG_GOLDFISH,not set,not set,false,false
CONFIG_GP2AP020A00F,not set,not set,false,false
CONFIG_GPIOLIB,y,y,false,false
CONFIG_GPIO_74X164,not set,not set,false,false
CONFIG_GPIO_74XX_MMIO,not set,not set,false,false
CONFIG_GPIO_ADNP,not set,not set,false,false
CONFIG_GPIO_ADP5588,not set,not set,false,false
CONFIG_GPIO_ALTERA,not set,not set,false,false
CONFIG_GPIO_DEVRES,y,y,false,false
CONFIG_GPIO_DWAPB,not set,not set,false,false
CONFIG_GPIO_GENERIC_PLATFORM,not set,not set,false,false
CONFIG_GPIO_GRGPIO,not set,not set,false,false
CONFIG_GPIO_MAX7300,not set,not set,false,false
CONFIG_GPIO_MAX7301,not set,not set,false,false
CONFIG_GPIO_MAX732X,not set,not set,false,false
CONFIG_GPIO_MC33880,not set,not set,false,false
CONFIG_GPIO_MCP23S08,not set,not set,false,false
CONFIG_GPIO_PCA953X,not set,not set,false,false
CONFIG_GPIO_PCF857X,not set,not set,false,false
CONFIG_GPIO_PL061,not set,not set,false,false
CONFIG_GPIO_SX150X,not set,not set,false,false
CONFIG_GPIO_SYSCON,not set,not set,false,false
CONFIG_GPIO_SYSFS,not set,not set,false,false
CONFIG_GPIO_WATCHDOG,not set,not set,false,false
CONFIG_GPIO_XGENE,not set,not set,false,false
CONFIG_GPIO_XILINX,not set,not set,false,false
CONFIG_GPIO_ZX,not set,not set,false,false
CONFIG_GPS,y,y,false,false
CONFIG_GREENASIA_FF,not set,not set,false,false
CONFIG_GS_FPGABOOT,not set,not set,false,false
CONFIG_HAMRADIO,not set,not set,false,false
CONFIG_HANDLE_DOMAIN_IRQ,y,y,false,false
CONFIG_HARDENED_USERCOPY,y,y,false,false
CONFIG_HARDENED_USERCOPY_PAGESPAN,not set,not set,false,false
CONFIG_HARDIRQS_SW_RESEND,y,y,false,false
CONFIG_HAS_DMA,y,y,false,false
CONFIG_HAS_IOMEM,y,y,false,false
CONFIG_HAVE_64BIT_ALIGNED_ACCESS,not set,not set,false,false
CONFIG_HAVE_ALIGNED_STRUCT_PAGE,y,y,false,false
CONFIG_HAVE_AOUT,not set,not set,false,false
CONFIG_HAVE_ARCH_AUDITSYSCALL,y,y,false,false
CONFIG_HAVE_ARCH_BITREVERSE,y,y,false,false
CONFIG_HAVE_ARCH_HARDENED_USERCOPY,y,y,false,false
CONFIG_HAVE_ARCH_HUGE_VMAP,y,y,false,false
CONFIG_HAVE_ARCH_JUMP_LABEL,y,y,false,false
CONFIG_HAVE_ARCH_KASAN,y,y,false,false
CONFIG_HAVE_ARCH_KGDB,y,y,false,false
CONFIG_HAVE_ARCH_MMAP_RND_BITS,y,y,false,false
CONFIG_HAVE_ARCH_MMAP_RND_COMPAT_BITS,y,y,false,false
CONFIG_HAVE_ARCH_PFN_VALID,y,y,false,false
CONFIG_HAVE_ARCH_SECCOMP_FILTER,y,y,false,false
CONFIG_HAVE_ARCH_TRACEHOOK,y,y,false,false
CONFIG_HAVE_ARCH_TRANSPARENT_HUGEPAGE,y,y,false,false
CONFIG_HAVE_ARM_SMCCC,y,y,false,false
CONFIG_HAVE_BOOTMEM_INFO_NODE,not set,not set,false,false
CONFIG_HAVE_BPF_JIT,y,y,false,false
CONFIG_HAVE_CC_STACKPROTECTOR,y,y,false,false
CONFIG_HAVE_CLK,y,y,false,false
CONFIG_HAVE_CLK_PREPARE,y,y,false,false
CONFIG_HAVE_CMPXCHG_DOUBLE,y,y,false,false
CONFIG_HAVE_CMPXCHG_LOCAL,y,y,false,false
CONFIG_HAVE_CONTEXT_TRACKING,y,y,false,false
CONFIG_HAVE_C_RECORDMCOUNT,y,y,false,false
CONFIG_HAVE_DEBUG_BUGVERBOSE,y,y,false,false
CONFIG_HAVE_DEBUG_KMEMLEAK,y,y,false,false
CONFIG_HAVE_DMA_API_DEBUG,y,y,false,false
CONFIG_HAVE_DMA_ATTRS,y,y,false,false
CONFIG_HAVE_DMA_CONTIGUOUS,y,y,false,false
CONFIG_HAVE_DYNAMIC_FTRACE,y,y,false,false
CONFIG_HAVE_EBPF_JIT,y,y,false,false
CONFIG_HAVE_EFFICIENT_UNALIGNED_ACCESS,y,y,false,false
CONFIG_HAVE_FTRACE_MCOUNT_RECORD,y,y,false,false
CONFIG_HAVE_FUNCTION_GRAPH_TRACER,y,y,false,false
CONFIG_HAVE_FUNCTION_TRACER,y,y,false,false
CONFIG_HAVE_GENERIC_DMA_COHERENT,y,y,false,false
CONFIG_HAVE_GENERIC_RCU_GUP,y,y,false,false
CONFIG_HAVE_HARDENED_USERCOPY_ALLOCATOR,y,y,false,false
CONFIG_HAVE_HW_BREAKPOINT,y,y,false,false
CONFIG_HAVE_IRQ_TIME_ACCOUNTING,y,y,false,false
CONFIG_HAVE_MEMBLOCK,y,y,false,false
CONFIG_HAVE_MEMORY_PRESENT,y,y,false,false
CONFIG_HAVE_MOD_ARCH_SPECIFIC,y,y,false,false
CONFIG_HAVE_NET_DSA,y,y,false,false
CONFIG_HAVE_PATA_PLATFORM,y,y,false,false
CONFIG_HAVE_PERF_EVENTS,y,y,false,false
CONFIG_HAVE_PERF_REGS,y,y,false,false
CONFIG_HAVE_PERF_USER_STACK_DUMP,y,y,false,false
CONFIG_HAVE_RCU_TABLE_FREE,y,y,false,false
CONFIG_HAVE_SYSCALL_TRACEPOINTS,y,y,false,false
CONFIG_HAVE_UID16,y,y,false,false
CONFIG_HAVE_VIRT_CPU_ACCOUNTING_GEN,y,y,false,false
CONFIG_HDC100X,not set,not set,false,false
CONFIG_HEADERS_CHECK,not set,not set,false,false
CONFIG_HEADSET_SUPPORT_FIVE_POLE,not set,not set,false,false
CONFIG_HEADSET_TRI_KEY_CDD,not set,not set,false,false
CONFIG_HFSPLUS_FS,not set,not set,false,false
CONFIG_HFS_FS,not set,not set,false,false
CONFIG_HI8435,not set,not set,false,false
CONFIG_HID,y,y,false,false
CONFIG_HIDRAW,y,y,false,false
CONFIG_HID_A4TECH,y,y,false,false
CONFIG_HID_ACRUX,not set,not set,false,false
CONFIG_HID_AMAZON_ASPEN,y,y,false,false
CONFIG_HID_APPLE,y,y,false,false
CONFIG_HID_APPLEIR,not set,not set,false,false
CONFIG_HID_AUREAL,not set,not set,false,false
CONFIG_HID_BATTERY_STRENGTH,not set,not set,false,false
CONFIG_HID_BELKIN,y,y,false,false
CONFIG_HID_BETOP_FF,not set,not set,false,false
CONFIG_HID_CHERRY,y,y,false,false
CONFIG_HID_CHICONY,y,y,false,false
CONFIG_HID_CORSAIR,not set,not set,false,false
CONFIG_HID_CP2112,not set,not set,false,false
CONFIG_HID_CYPRESS,y,y,false,false
CONFIG_HID_DRAGONRISE,y,y,false,false
CONFIG_HID_ELECOM,y,y,false,false
CONFIG_HID_ELO,not set,not set,false,false
CONFIG_HID_EMS_FF,not set,not set,false,false
CONFIG_HID_EZKEY,y,y,false,false
CONFIG_HID_GEMBIRD,not set,not set,false,false
CONFIG_HID_GENERIC,y,y,false,false
CONFIG_HID_GFRM,y,y,false,false
CONFIG_HID_GREENASIA,y,y,false,false
CONFIG_HID_GT683R,not set,not set,false,false
CONFIG_HID_GYRATION,y,y,false,false
CONFIG_HID_HOLTEK,not set,not set,false,false
CONFIG_HID_ICADE,y,y,false,false
CONFIG_HID_KAWARTHA,y,y,false,false
CONFIG_HID_KENSINGTON,y,y,false,false
CONFIG_HID_KEYTOUCH,not set,not set,false,false
CONFIG_HID_KYE,y,y,false,false
CONFIG_HID_LAB126,y,y,false,false
CONFIG_HID_LCPOWER,not set,not set,false,false
CONFIG_HID_LENOVO,y,y,false,false
CONFIG_HID_LOGITECH,y,y,false,false
CONFIG_HID_LOGITECH_DJ,not set,not set,false,false
CONFIG_HID_LOGITECH_HIDPP,y,y,false,false
CONFIG_HID_MAGICMOUSE,y,y,false,false
CONFIG_HID_MICROSOFT,y,y,false,false
CONFIG_HID_MONTEREY,y,y,false,false
CONFIG_HID_MULTITOUCH,not set,not set,false,false
CONFIG_HID_NTRIG,not set,not set,false,false
CONFIG_HID_ORTEK,not set,not set,false,false
CONFIG_HID_PANTHERLORD,y,y,false,false
CONFIG_HID_PENMOUNT,not set,not set,false,false
CONFIG_HID_PETALYNX,y,y,false,false
CONFIG_HID_PICOLCD,not set,not set,false,false
CONFIG_HID_PID,not set,not set,false,false
CONFIG_HID_PLANTRONICS,not set,not set,false,false
CONFIG_HID_PRIMAX,not set,not set,false,false
CONFIG_HID_PRODIKEYS,not set,not set,false,false
CONFIG_HID_RMI,not set,not set,false,false
CONFIG_HID_ROCCAT,not set,not set,false,false
CONFIG_HID_SAITEK,not set,not set,false,false
CONFIG_HID_SAMSUNG,y,y,false,false
CONFIG_HID_SENSOR_HUB,not set,not set,false,false
CONFIG_HID_SMARTJOYPLUS,y,y,false,false
CONFIG_HID_SONY,y,y,false,false
CONFIG_HID_SPEEDLINK,not set,not set,false,false
CONFIG_HID_STEELSERIES,not set,not set,false,false
CONFIG_HID_SUNPLUS,y,y,false,false
CONFIG_HID_THINGM,not set,not set,false,false
CONFIG_HID_THRUSTMASTER,y,y,false,false
CONFIG_HID_TIVO,y,y,false,false
CONFIG_HID_TOPSEED,y,y,false,false
CONFIG_HID_TWINHAN,y,y,false,false
CONFIG_HID_UCLOGIC,not set,not set,false,false
CONFIG_HID_WACOM,not set,not set,false,false
CONFIG_HID_WALTOP,not set,not set,false,false
CONFIG_HID_WIIMOTE,not set,not set,false,false
CONFIG_HID_XINMO,not set,not set,false,false
CONFIG_HID_ZEROPLUS,y,y,false,false
CONFIG_HID_ZYDACRON,not set,not set,false,false
CONFIG_HIE,not set,not set,false,false
CONFIG_HIGH_BATTERY_VOLTAGE_SUPPORT,not set,not set,false,false
CONFIG_HIGH_RES_TIMERS,y,y,false,false
CONFIG_HMC6352,not set,not set,false,false
CONFIG_HMP_FREQUENCY_INVARIANT_SCALE,not set,not set,false,false
CONFIG_HMP_TRACER,y,y,false,false
CONFIG_HMX_DB,not set,not set,false,false
CONFIG_HOSTAP,not set,not set,false,false
CONFIG_HOTPLUG_CPU,y,y,false,false
CONFIG_HPFS_FS,not set,not set,false,false
CONFIG_HSI,not set,not set,false,false
CONFIG_HSR,not set,not set,false,false
CONFIG_HTC_I2CPLD,not set,not set,false,false
CONFIG_HTC_PASIC3,not set,not set,false,false
CONFIG_HTU21,not set,not set,false,false
CONFIG_HUGETLBFS,not set,not set,false,false
CONFIG_HUGETLB_PAGE,not set,not set,false,false
CONFIG_HVC_DCC,not set,not set,false,false
CONFIG_HWMON,not set,not set,false,false
CONFIG_HWZRAM_DEBUG,not set,not set,false,false
CONFIG_HWZRAM_DRV,not set,not set,false,false
CONFIG_HWZRAM_IMPL,not set,not set,false,false
CONFIG_HW_PERF_EVENTS,y,y,false,false
CONFIG_HW_RANDOM,not set,not set,false,false
CONFIG_HZ,250,250,false,false
CONFIG_HZ_100,not set,not set,false,false
CONFIG_HZ_1000,not set,not set,false,false
CONFIG_HZ_250,y,y,false,false
CONFIG_HZ_300,not set,not set,false,false
CONFIG_HZ_PERIODIC,not set,not set,false,false
CONFIG_I2C,y,y,false,false
CONFIG_I2C_BOARDINFO,y,y,false,false
CONFIG_I2C_CADENCE,not set,not set,false,false
CONFIG_I2C_CBUS_GPIO,not set,not set,false,false
CONFIG_I2C_CHARDEV,not set,not set,false,false
CONFIG_I2C_COMPAT,y,y,false,false
CONFIG_I2C_DEBUG_ALGO,not set,not set,false,false
CONFIG_I2C_DEBUG_BUS,not set,not set,false,false
CONFIG_I2C_DEBUG_CORE,not set,not set,false,false
CONFIG_I2C_DESIGNWARE_PLATFORM,not set,not set,false,false
CONFIG_I2C_DIOLAN_U2C,not set,not set,false,false
CONFIG_I2C_EMEV2,not set,not set,false,false
CONFIG_I2C_GPIO,not set,not set,false,false
CONFIG_I2C_HELPER_AUTO,y,y,false,false
CONFIG_I2C_HID,not set,not set,false,false
CONFIG_I2C_MTK,y,y,false,false
CONFIG_I2C_MUX,not set,not set,false,false
CONFIG_I2C_NOMADIK,not set,not set,false,false
CONFIG_I2C_OCORES,not set,not set,false,false
CONFIG_I2C_PARPORT_LIGHT,not set,not set,false,false
CONFIG_I2C_PCA_PLATFORM,not set,not set,false,false
CONFIG_I2C_PXA_PCI,not set,not set,false,false
CONFIG_I2C_RK3X,not set,not set,false,false
CONFIG_I2C_ROBOTFUZZ_OSIF,not set,not set,false,false
CONFIG_I2C_SIMTEC,not set,not set,false,false
CONFIG_I2C_SLAVE,not set,not set,false,false
CONFIG_I2C_STUB,not set,not set,false,false
CONFIG_I2C_TAOS_EVM,not set,not set,false,false
CONFIG_I2C_TINY_USB,not set,not set,false,false
CONFIG_I2C_XILINX,not set,not set,false,false
CONFIG_ICPLUS_PHY,not set,not set,false,false
CONFIG_ICS932S401,not set,not set,false,false
CONFIG_IDLE_PAGE_TRACKING,not set,not set,false,false
CONFIG_IDME,not set,not set,false,false
CONFIG_IEEE802154,not set,not set,false,false
CONFIG_IFB,y,y,false,false
CONFIG_IIO,y,y,false,false
CONFIG_IIO_BUFFER,not set,not set,false,false
CONFIG_IIO_SIMPLE_DUMMY,not set,not set,false,false
CONFIG_IIO_SSP_SENSORHUB,not set,not set,false,false
CONFIG_IIO_ST_ACCEL_3AXIS,not set,not set,false,false
CONFIG_IIO_ST_GYRO_3AXIS,not set,not set,false,false
CONFIG_IIO_ST_MAGN_3AXIS,not set,not set,false,false
CONFIG_IIO_ST_PRESS,not set,not set,false,false
CONFIG_IIO_TRIGGER,not set,not set,false,false
CONFIG_IKCONFIG,y,y,false,true
CONFIG_IKCONFIG_PROC,y,y,false,false
CONFIG_ILLEGAL_POINTER_VALUE,0xdead000000000000,0xdead000000000000,false,false
CONFIG_IMA,not set,not set,false,false
CONFIG_IMGSENSOR_MAIN,"""hi556_mipi_raw hi556sec_mipi_raw gc5035_mipi_raw gc5035sec_mipi_raw""","""hi556_mipi_raw hi556sec_mipi_raw gc5035_mipi_raw gc5035sec_mipi_raw""",false,false
CONFIG_IMGSENSOR_MAIN2,"""""","""""",false,false
CONFIG_IMGSENSOR_SUB,"""ov02b_mipi_raw ov02bsec_mipi_raw gc02m1tr_mipi_raw gc02m1trsec_mipi_raw""","""ov02b_mipi_raw ov02bsec_mipi_raw gc02m1tr_mipi_raw gc02m1trsec_mipi_raw""",false,false
CONFIG_IMGSENSOR_SUB2,"""""","""""",false,false
CONFIG_IMG_DTB,not set,not set,false,false
CONFIG_IMG_GZ_DTB,y,y,false,false
CONFIG_INET,y,y,false,false
CONFIG_INET6_AH,y,y,false,false
CONFIG_INET6_ESP,y,y,false,false
CONFIG_INET6_IPCOMP,y,y,false,false
CONFIG_INET6_TUNNEL,y,y,false,false
CONFIG_INET6_XFRM_MODE_BEET,y,y,false,false
CONFIG_INET6_XFRM_MODE_ROUTEOPTIMIZATION,y,y,false,false
CONFIG_INET6_XFRM_MODE_TRANSPORT,y,y,false,false
CONFIG_INET6_XFRM_MODE_TUNNEL,y,y,false,false
CONFIG_INET6_XFRM_TUNNEL,y,y,false,false
CONFIG_INET_AH,y,y,false,false
CONFIG_INET_DIAG,y,y,false,false
CONFIG_INET_DIAG_DESTROY,y,y,false,false
CONFIG_INET_ESP,y,y,false,false
CONFIG_INET_IPCOMP,y,y,false,false
CONFIG_INET_LRO,not set,not set,false,false
CONFIG_INET_TCP_DIAG,y,y,false,false
CONFIG_INET_TUNNEL,y,y,false,false
CONFIG_INET_UDP_DIAG,not set,not set,false,false
CONFIG_INET_XFRM_MODE_BEET,y,y,false,false
CONFIG_INET_XFRM_MODE_TRANSPORT,y,y,false,false
CONFIG_INET_XFRM_MODE_TUNNEL,y,y,false,false
CONFIG_INET_XFRM_TUNNEL,y,y,false,false
CONFIG_INITRAMFS_SOURCE,"""""","""""",false,false
CONFIG_INIT_ENV_ARG_LIMIT,32,32,false,false
CONFIG_INOTIFY_USER,y,y,false,false
CONFIG_INPUT,y,y,false,false
CONFIG_INPUT_AD714X,not set,not set,false,false
CONFIG_INPUT_ADXL34X,not set,not set,false,false
CONFIG_INPUT_AMZN_KEYCOMBO,not set,not set,false,false
CONFIG_INPUT_ATI_REMOTE2,not set,not set,false,false
CONFIG_INPUT_BMA150,not set,not set,false,false
CONFIG_INPUT_CM109,not set,not set,false,false
CONFIG_INPUT_CMA3000,not set,not set,false,false
CONFIG_INPUT_DRV260X_HAPTICS,not set,not set,false,false
CONFIG_INPUT_DRV2665_HAPTICS,not set,not set,false,false
CONFIG_INPUT_DRV2667_HAPTICS,not set,not set,false,false
CONFIG_INPUT_E3X0_BUTTON,not set,not set,false,false
CONFIG_INPUT_EVBUG,not set,not set,false,false
CONFIG_INPUT_EVDEV,y,y,false,false
CONFIG_INPUT_FF_MEMLESS,y,y,false,false
CONFIG_INPUT_GP2A,not set,not set,false,false
CONFIG_INPUT_GPIO,not set,not set,false,false
CONFIG_INPUT_GPIO_BEEPER,not set,not set,false,false
CONFIG_INPUT_GPIO_ROTARY_ENCODER,not set,not set,false,false
CONFIG_INPUT_GPIO_TILT_POLLED,not set,not set,false,false
CONFIG_INPUT_HALL_SENSOR,y,y,false,false
CONFIG_INPUT_IMS_PCU,not set,not set,false,false
CONFIG_INPUT_JOYDEV,not set,not set,false,false
CONFIG_INPUT_JOYSTICK,y,y,false,false
CONFIG_INPUT_KEYBOARD,y,y,false,false
CONFIG_INPUT_KEYCHORD,not set,not set,false,false
CONFIG_INPUT_KEYCOMBO,y,y,false,false
CONFIG_INPUT_KEYRESET,not set,not set,false,false
CONFIG_INPUT_KEYSPAN_REMOTE,not set,not set,false,false
CONFIG_INPUT_KXTJ9,not set,not set,false,false
CONFIG_INPUT_LEDS,y,y,false,false
CONFIG_INPUT_MATRIXKMAP,not set,not set,false,false
CONFIG_INPUT_MISC,y,y,false,false
CONFIG_INPUT_MMA8450,not set,not set,false,false
CONFIG_INPUT_MOUSE,not set,not set,false,false
CONFIG_INPUT_MOUSEDEV,not set,not set,false,false
CONFIG_INPUT_MPU3050,not set,not set,false,false
CONFIG_INPUT_PCF8574,not set,not set,false,false
CONFIG_INPUT_POLLDEV,not set,not set,false,false
CONFIG_INPUT_POWERMATE,not set,not set,false,false
CONFIG_INPUT_REGULATOR_HAPTIC,not set,not set,false,false
CONFIG_INPUT_SPARSEKMAP,not set,not set,false,false
CONFIG_INPUT_TABLET,not set,not set,false,false
CONFIG_INPUT_TOUCHSCREEN,y,y,false,false
CONFIG_INPUT_UINPUT,y,y,false,false
CONFIG_INPUT_YEALINK,not set,not set,false,false
CONFIG_INTEGRITY,y,y,false,false
CONFIG_INTEGRITY_ASYMMETRIC_KEYS,y,y,false,false
CONFIG_INTEGRITY_AUDIT,y,y,false,false
CONFIG_INTEGRITY_SIGNATURE,not set,not set,false,false
CONFIG_INTEL_IDMA64,not set,not set,false,false
CONFIG_INTEL_SOC_PMIC,not set,not set,false,false
CONFIG_INTEL_TH,not set,not set,false,false
CONFIG_INTERVAL_TREE_TEST,not set,not set,false,false
CONFIG_INV_MPU6050_IIO,not set,not set,false,false
CONFIG_IOMMU_API,y,y,false,false
CONFIG_IOMMU_DMA,y,y,false,false
CONFIG_IOMMU_HELPER,y,y,false,false
CONFIG_IOMMU_IOVA,y,y,false,false
CONFIG_IOMMU_IO_PGTABLE_ARMV7S,not set,not set,false,false
CONFIG_IOMMU_IO_PGTABLE_LPAE,not set,not set,false,false
CONFIG_IOMMU_SUPPORT,y,y,false,false
CONFIG_ION,y,y,false,false
CONFIG_ION_DUMMY,not set,not set,false,false
CONFIG_ION_TEST,not set,not set,false,false
CONFIG_IOSCHED_CFQ,y,y,false,false
CONFIG_IOSCHED_DEADLINE,y,y,false,false
CONFIG_IOSCHED_NOOP,y,y,false,false
CONFIG_IP6_NF_FILTER,y,y,false,false
CONFIG_IP6_NF_IPTABLES,y,y,false,false
CONFIG_IP6_NF_MANGLE,y,y,false,false
CONFIG_IP6_NF_MATCH_AH,not set,not set,false,false
CONFIG_IP6_NF_MATCH_EUI64,not set,not set,false,false
CONFIG_IP6_NF_MATCH_FRAG,y,y,false,false
CONFIG_IP6_NF_MATCH_HL,not set,not set,false,false
CONFIG_IP6_NF_MATCH_IPV6HEADER,y,y,false,false
CONFIG_IP6_NF_MATCH_MH,not set,not set,false,false
CONFIG_IP6_NF_MATCH_OPTS,not set,not set,false,false
CONFIG_IP6_NF_MATCH_RPFILTER,y,y,false,false
CONFIG_IP6_NF_MATCH_RT,not set,not set,false,false
CONFIG_IP6_NF_NAT,not set,not set,false,false
CONFIG_IP6_NF_RAW,y,y,false,false
CONFIG_IP6_NF_SECURITY,not set,not set,false,false
CONFIG_IP6_NF_TARGET_HL,y,y,false,false
CONFIG_IP6_NF_TARGET_REJECT,y,y,false,false
CONFIG_IP6_NF_TARGET_SYNPROXY,not set,not set,false,false
CONFIG_IPACK_BUS,not set,not set,false,false
CONFIG_IPMI_HANDLER,not set,not set,false,false
CONFIG_IPV6,y,y,false,false
CONFIG_IPV6_GRE,not set,not set,false,false
CONFIG_IPV6_ILA,not set,not set,false,false
CONFIG_IPV6_MIP6,y,y,false,false
CONFIG_IPV6_MROUTE,y,y,false,false
CONFIG_IPV6_MROUTE_MULTIPLE_TABLES,not set,not set,false,false
CONFIG_IPV6_MULTIPLE_TABLES,y,y,false,false
CONFIG_IPV6_NDISC_NODETYPE,y,y,false,false
CONFIG_IPV6_OPTIMISTIC_DAD,y,y,false,false
CONFIG_IPV6_PIMSM_V2,y,y,false,false
CONFIG_IPV6_ROUTER_PREF,y,y,false,false
CONFIG_IPV6_ROUTE_INFO,y,y,false,false
CONFIG_IPV6_SIT,y,y,false,false
CONFIG_IPV6_SIT_6RD,y,y,false,false
CONFIG_IPV6_SUBTREES,y,y,false,false
CONFIG_IPV6_TUNNEL,y,y,false,false
CONFIG_IPV6_VTI,y,y,false,false
CONFIG_IPVLAN,not set,not set,false,false
CONFIG_IPX,not set,not set,false,false
CONFIG_IP_ADVANCED_ROUTER,y,y,false,false
CONFIG_IP_DCCP,not set,not set,false,false
CONFIG_IP_FIB_TRIE_STATS,not set,not set,false,false
CONFIG_IP_MROUTE,y,y,false,false
CONFIG_IP_MROUTE_MULTIPLE_TABLES,y,y,false,false
CONFIG_IP_MULTICAST,y,y,false,false
CONFIG_IP_MULTIPLE_TABLES,y,y,false,false
CONFIG_IP_NF_ARPFILTER,y,y,false,false
CONFIG_IP_NF_ARPTABLES,y,y,false,false
CONFIG_IP_NF_ARP_MANGLE,y,y,false,false
CONFIG_IP_NF_FILTER,y,y,false,false
CONFIG_IP_NF_IPTABLES,y,y,false,false
CONFIG_IP_NF_MANGLE,y,y,false,false
CONFIG_IP_NF_MATCH_AH,y,y,false,false
CONFIG_IP_NF_MATCH_ECN,y,y,false,false
CONFIG_IP_NF_MATCH_RPFILTER,not set,not set,false,false
CONFIG_IP_NF_MATCH_TTL,y,y,false,false
CONFIG_IP_NF_NAT,y,y,false,false
CONFIG_IP_NF_RAW,y,y,false,false
CONFIG_IP_NF_SECURITY,y,y,false,false
CONFIG_IP_NF_TARGET_CLUSTERIP,not set,not set,false,false
CONFIG_IP_NF_TARGET_ECN,not set,not set,false,false
CONFIG_IP_NF_TARGET_MASQUERADE,y,y,false,false
CONFIG_IP_NF_TARGET_NETMAP,y,y,false,false
CONFIG_IP_NF_TARGET_REDIRECT,y,y,false,false
CONFIG_IP_NF_TARGET_REJECT,y,y,false,false
CONFIG_IP_NF_TARGET_SYNPROXY,not set,not set,false,false
CONFIG_IP_NF_TARGET_TTL,not set,not set,false,false
CONFIG_IP_PIMSM_V1,y,y,false,false
CONFIG_IP_PIMSM_V2,y,y,false,false
CONFIG_IP_PNP,y,y,false,false
CONFIG_IP_PNP_BOOTP,y,y,false,false
CONFIG_IP_PNP_DHCP,y,y,false,false
CONFIG_IP_PNP_RARP,not set,not set,false,false
CONFIG_IP_ROUTE_CLASSID,y,y,false,false
CONFIG_IP_ROUTE_MULTIPATH,not set,not set,false,false
CONFIG_IP_ROUTE_VERBOSE,not set,not set,false,false
CONFIG_IP_SCTP,not set,not set,false,false
CONFIG_IP_SET,not set,not set,false,false
CONFIG_IP_VS,not set,not set,false,false
CONFIG_IRDA,not set,not set,false,false
CONFIG_IRQCHIP,y,y,false,false
CONFIG_IRQSOFF_TRACER,not set,not set,false,false
CONFIG_IRQ_DOMAIN,y,y,false,false
CONFIG_IRQ_DOMAIN_DEBUG,y,y,false,false
CONFIG_IRQ_DOMAIN_HIERARCHY,y,y,false,false
CONFIG_IRQ_FORCED_THREADING,y,y,false,false
CONFIG_IRQ_TIME_ACCOUNTING,not set,not set,false,false
CONFIG_IRQ_WORK,y,y,false,false
CONFIG_ISDN,not set,not set,false,false
CONFIG_ISL29003,not set,not set,false,false
CONFIG_ISL29020,not set,not set,false,false
CONFIG_ISL29125,not set,not set,false,false
CONFIG_ISO9660_FS,y,y,false,false
CONFIG_ITG3200,not set,not set,false,false
CONFIG_JBD2,y,y,false,false
CONFIG_JBD2_DEBUG,not set,not set,false,false
CONFIG_JFS_FS,not set,not set,false,false
CONFIG_JOLIET,y,y,false,false
CONFIG_JOYSTICK_A3D,not set,not set,false,false
CONFIG_JOYSTICK_ADI,not set,not set,false,false
CONFIG_JOYSTICK_ANALOG,not set,not set,false,false
CONFIG_JOYSTICK_AS5011,not set,not set,false,false
CONFIG_JOYSTICK_COBRA,not set,not set,false,false
CONFIG_JOYSTICK_GF2K,not set,not set,false,false
CONFIG_JOYSTICK_GRIP,not set,not set,false,false
CONFIG_JOYSTICK_GRIP_MP,not set,not set,false,false
CONFIG_JOYSTICK_GUILLEMOT,not set,not set,false,false
CONFIG_JOYSTICK_IFORCE,not set,not set,false,false
CONFIG_JOYSTICK_INTERACT,not set,not set,false,false
CONFIG_JOYSTICK_JOYDUMP,not set,not set,false,false
CONFIG_JOYSTICK_MAGELLAN,not set,not set,false,false
CONFIG_JOYSTICK_SIDEWINDER,not set,not set,false,false
CONFIG_JOYSTICK_SPACEBALL,not set,not set,false,false
CONFIG_JOYSTICK_SPACEORB,not set,not set,false,false
CONFIG_JOYSTICK_STINGER,not set,not set,false,false
CONFIG_JOYSTICK_TMDC,not set,not set,false,false
CONFIG_JOYSTICK_TWIDJOY,not set,not set,false,false
CONFIG_JOYSTICK_WARRIOR,not set,not set,false,false
CONFIG_JOYSTICK_XPAD,y,y,false,false
CONFIG_JOYSTICK_XPAD_FF,y,y,false,false
CONFIG_JOYSTICK_XPAD_LEDS,y,y,false,false
CONFIG_JOYSTICK_ZHENHUA,not set,not set,false,false
CONFIG_JSA1212,not set,not set,false,false
CONFIG_JUMP_LABEL,not set,not set,false,false
CONFIG_KALLSYMS,y,y,false,true
CONFIG_KALLSYMS_ALL,not set,not set,false,true
CONFIG_KASAN,not set,not set,false,false
CONFIG_KCOV,not set,not set,false,false
CONFIG_KERNEL_MODE_NEON,y,y,false,false
CONFIG_KERNFS,y,y,false,false
CONFIG_KEYBOARD_ADP5588,not set,not set,false,false
CONFIG_KEYBOARD_ADP5589,not set,not set,false,false
CONFIG_KEYBOARD_ATKBD,not set,not set,false,false
CONFIG_KEYBOARD_BCM,not set,not set,false,false
CONFIG_KEYBOARD_CAP11XX,not set,not set,false,false
CONFIG_KEYBOARD_GPIO,not set,not set,false,false
CONFIG_KEYBOARD_GPIO_POLLED,not set,not set,false,false
CONFIG_KEYBOARD_HID,not set,not set,false,false
CONFIG_KEYBOARD_LKKBD,not set,not set,false,false
CONFIG_KEYBOARD_LM8323,not set,not set,false,false
CONFIG_KEYBOARD_LM8333,not set,not set,false,false
CONFIG_KEYBOARD_MATRIX,not set,not set,false,false
CONFIG_KEYBOARD_MAX7359,not set,not set,false,false
CONFIG_KEYBOARD_MCS,not set,not set,false,false
CONFIG_KEYBOARD_MPR121,not set,not set,false,false
CONFIG_KEYBOARD_MTK,y,y,false,false
CONFIG_KEYBOARD_MTK_PMIC,not set,not set,false,false
CONFIG_KEYBOARD_NEWTON,not set,not set,false,false
CONFIG_KEYBOARD_OMAP4,not set,not set,false,false
CONFIG_KEYBOARD_OPENCORES,not set,not set,false,false
CONFIG_KEYBOARD_QT1070,not set,not set,false,false
CONFIG_KEYBOARD_QT2160,not set,not set,false,false
CONFIG_KEYBOARD_SAMSUNG,not set,not set,false,false
CONFIG_KEYBOARD_STOWAWAY,not set,not set,false,false
CONFIG_KEYBOARD_SUNKBD,not set,not set,false,false
CONFIG_KEYBOARD_TCA6416,not set,not set,false,false
CONFIG_KEYBOARD_TCA8418,not set,not set,false,false
CONFIG_KEYBOARD_XTKBD,not set,not set,false,false
CONFIG_KEYS,y,y,false,false
CONFIG_KEYS_COMPAT,y,y,false,false
CONFIG_KGDB,not set,not set,false,false
CONFIG_KMX61,not set,not set,false,false
CONFIG_KPD_ACCESS_PMIC_REGMAP,not set,not set,false,false
CONFIG_KPD_PMIC_LPRST_TD,2,2,false,false
CONFIG_KPD_PWRKEY_USE_EINT,not set,not set,false,false
CONFIG_KPD_PWRKEY_USE_PMIC,y,y,false,false
CONFIG_KPD_VOLUME_KEY_SWAP,y,y,false,false
CONFIG_KSM,not set,not set,false,false
CONFIG_KXCJK1013,not set,not set,false,false
CONFIG_KXSD9,not set,not set,false,false
CONFIG_L2TP,not set,not set,false,false
CONFIG_LAPB,not set,not set,false,false
CONFIG_LATTICE_ECP3_CONFIG,not set,not set,false,false
CONFIG_LCM_HEIGHT,"""1920""","""1920""",false,false
CONFIG_LCM_PMIC_MULTI_VOLTAGE,y,y,false,false
CONFIG_LCM_WIDTH,"""1200""","""1200""",false,false
CONFIG_LEDS_BCM6328,not set,not set,false,false
CONFIG_LEDS_BCM6358,not set,not set,false,false
CONFIG_LEDS_BD2802,not set,not set,false,false
CONFIG_LEDS_BLINKM,not set,not set,false,false
CONFIG_LEDS_CLASS,y,y,false,false
CONFIG_LEDS_CLASS_FLASH,not set,not set,false,false
CONFIG_LEDS_DAC124S085,not set,not set,false,false
CONFIG_LEDS_GPIO,not set,not set,false,false
CONFIG_LEDS_LM3530,not set,not set,false,false
CONFIG_LEDS_LM355x,not set,not set,false,false
CONFIG_LEDS_LM3642,not set,not set,false,false
CONFIG_LEDS_LP3944,not set,not set,false,false
CONFIG_LEDS_LP5521,not set,not set,false,false
CONFIG_LEDS_LP5523,not set,not set,false,false
CONFIG_LEDS_LP5562,not set,not set,false,false
CONFIG_LEDS_LP8501,not set,not set,false,false
CONFIG_LEDS_LP8860,not set,not set,false,false
CONFIG_LEDS_LT3593,not set,not set,false,false
CONFIG_LEDS_PCA9532,not set,not set,false,false
CONFIG_LEDS_PCA955X,not set,not set,false,false
CONFIG_LEDS_PCA963X,not set,not set,false,false
CONFIG_LEDS_REGULATOR,not set,not set,false,false
CONFIG_LEDS_SYSCON,not set,not set,false,false
CONFIG_LEDS_TCA6507,not set,not set,false,false
CONFIG_LEDS_TLC591XX,not set,not set,false,false
CONFIG_LEDS_TRIGGERS,y,y,false,false
CONFIG_LEDS_TRIGGER_BACKLIGHT,not set,not set,false,false
CONFIG_LEDS_TRIGGER_CAMERA,not set,not set,false,false
CONFIG_LEDS_TRIGGER_CPU,not set,not set,false,false
CONFIG_LEDS_TRIGGER_DEFAULT_ON,not set,not set,false,false
CONFIG_LEDS_TRIGGER_GPIO,not set,not set,false,false
CONFIG_LEDS_TRIGGER_HEARTBEAT,not set,not set,false,false
CONFIG_LEDS_TRIGGER_ONESHOT,not set,not set,false,false
CONFIG_LEDS_TRIGGER_TIMER,y,y,false,false
CONFIG_LEDS_TRIGGER_TRANSIENT,not set,not set,false,false
CONFIG_LEGACY_PTYS,y,y,false,false
CONFIG_LEGACY_PTY_COUNT,16,16,false,false
CONFIG_LIB80211,not set,not set,false,false
CONFIG_LIBCRC32C,y,y,false,false
CONFIG_LIBERTAS,not set,not set,false,false
CONFIG_LIBFDT,y,y,false,false
CONFIG_LIBNVDIMM,not set,not set,false,false
CONFIG_LIDAR_LITE_V2,not set,not set,false,false
CONFIG_LIGHTNESS_MAPPING_VALUE,255,255,false,false
CONFIG_LIS3L02DQ,not set,not set,false,false
CONFIG_LKDTM,not set,not set,false,false
CONFIG_LLC,y,y,false,false
CONFIG_LLC2,not set,not set,false,false
CONFIG_LOAD_SWITCH_RT9750,not set,not set,false,false
CONFIG_LOCALVERSION,"""""","""""",false,false
CONFIG_LOCALVERSION_AUTO,not set,not set,false,false
CONFIG_LOCKDEP_SUPPORT,y,y,false,false
CONFIG_LOCKUP_DETECTOR,not set,not set,false,false
CONFIG_LOCK_SPIN_ON_OWNER,y,y,false,false
CONFIG_LOCK_STAT,not set,not set,false,false
CONFIG_LOCK_TORTURE_TEST,not set,not set,false,false
CONFIG_LOGFS,not set,not set,false,false
CONFIG_LOGIG940_FF,not set,not set,false,false
CONFIG_LOGIRUMBLEPAD2_FF,not set,not set,false,false
CONFIG_LOGITECH_FF,not set,not set,false,false
CONFIG_LOGIWHEELS_FF,not set,not set,false,false
CONFIG_LOGO,y,y,false,false
CONFIG_LOGO_LINUX_CLUT224,y,y,false,false
CONFIG_LOGO_LINUX_MONO,y,y,false,false
CONFIG_LOGO_LINUX_VGA16,y,y,false,false
CONFIG_LOG_BUF_SHIFT,19,19,false,false
CONFIG_LOG_CPU_MAX_BUF_SHIFT,12,12,false,false
CONFIG_LOG_TOO_MUCH_DETECT_COUNT,0xC8,0xC8,false,false
CONFIG_LOG_TOO_MUCH_DETECT_GAP,1,1,false,false
CONFIG_LOG_TOO_MUCH_WARNING,y,y,false,false
CONFIG_LSI_ET1011C_PHY,not set,not set,false,false
CONFIG_LSM6DSMTR,not set,not set,false,false
CONFIG_LSM_MMAP_MIN_ADDR,32768,32768,false,false
CONFIG_LTE_GDM724X,not set,not set,false,false
CONFIG_LTR501,not set,not set,false,false
CONFIG_LUSTRE_FS,not set,not set,false,false
CONFIG_LWTUNNEL,not set,not set,false,false
CONFIG_LXT_PHY,not set,not set,false,false
CONFIG_LZ4K,not set,not set,false,false
CONFIG_LZ4_COMPRESS,y,y,false,false
CONFIG_LZ4_DECOMPRESS,y,y,false,false
CONFIG_LZO_COMPRESS,y,y,false,false
CONFIG_LZO_DECOMPRESS,y,y,false,false
CONFIG_M62332,not set,not set,false,false
CONFIG_MAC80211,not set,not set,false,false
CONFIG_MAC80211_STA_HASH_MAX_SIZE,0,0,false,false
CONFIG_MACH_KIBOPLUS,not set,not set,false,false
CONFIG_MACH_MT6739,not set,not set,false,false
CONFIG_MACH_MT6757,not set,not set,false,false
CONFIG_MACH_MT6758,not set,not set,false,false
CONFIG_MACH_MT6759,not set,not set,false,false
CONFIG_MACH_MT6763,not set,not set,false,false
CONFIG_MACH_MT6775,not set,not set,false,false
CONFIG_MACH_MT6799,not set,not set,false,false
CONFIG_MACH_MT8167,not set,not set,false,false
CONFIG_MACH_MT8183,y,y,false,false
CONFIG_MACVLAN,not set,not set,false,false
CONFIG_MAG3110,not set,not set,false,false
CONFIG_MAGIC_SYSRQ,y,y,false,false
CONFIG_MAGIC_SYSRQ_DEFAULT_ENABLE,0x1,0x1,false,false
CONFIG_MAGIC_SYSRQ_WD_TEST,not set,not set,false,false
CONFIG_MAILBOX,not set,not set,false,false
CONFIG_MARVELL_PHY,not set,not set,false,false
CONFIG_MAX1027,not set,not set,false,false
CONFIG_MAX1363,not set,not set,false,false
CONFIG_MAX517,not set,not set,false,false
CONFIG_MAX5821,not set,not set,false,false
CONFIG_MAX63XX_WATCHDOG,not set,not set,false,false
CONFIG_MCB,not set,not set,false,false
CONFIG_MCP320X,not set,not set,false,false
CONFIG_MCP3422,not set,not set,false,false
CONFIG_MCP4531,not set,not set,false,false
CONFIG_MCP4725,not set,not set,false,false
CONFIG_MCP4922,not set,not set,false,false
CONFIG_MD,y,y,false,false
CONFIG_MDIO_BCM_UNIMAC,not set,not set,false,false
CONFIG_MDIO_BITBANG,not set,not set,false,false
CONFIG_MDIO_BUS_MUX_GPIO,not set,not set,false,false
CONFIG_MDIO_BUS_MUX_MMIOREG,not set,not set,false,false
CONFIG_MDIO_OCTEON,not set,not set,false,false
CONFIG_MDUMP,y,y,false,false
CONFIG_MDUMP_BUFFER_ADDRESS,0x6ffc0000,0x6ffc0000,false,false
CONFIG_MDUMP_COMPRESS,not set,not set,false,false
CONFIG_MD_AUTODETECT,y,y,false,false
CONFIG_MD_FAULTY,not set,not set,false,false
CONFIG_MD_LINEAR,y,y,false,false
CONFIG_MD_MULTIPATH,not set,not set,false,false
CONFIG_MD_RAID0,not set,not set,false,false
CONFIG_MD_RAID1,not set,not set,false,false
CONFIG_MD_RAID10,not set,not set,false,false
CONFIG_MD_RAID456,not set,not set,false,false
CONFIG_MEDIATEK_CHARGING_SOLUTION,not set,not set,false,false
CONFIG_MEDIATEK_SOLUTION,y,y,false,false
CONFIG_MEDIATEK_WATCHDOG,y,y,false,false
CONFIG_MEDIA_SUPPORT,not set,not set,false,false
CONFIG_MEMBARRIER,y,y,false,false
CONFIG_MEMCG,not set,not set,false,false
CONFIG_MEMORY,not set,not set,false,false
CONFIG_MEMORY_STATE_TIME,not set,not set,false,false
CONFIG_MEMSTICK,not set,not set,false,false
CONFIG_MEMTEST,not set,not set,false,false
CONFIG_MEN_A21_WDT,not set,not set,false,false
CONFIG_MESSAGE_LOGLEVEL_DEFAULT,4,4,false,false
CONFIG_MFD_88PM800,not set,not set,false,false
CONFIG_MFD_88PM805,not set,not set,false,false
CONFIG_MFD_88PM860X,not set,not set,false,false
CONFIG_MFD_AAT2870_CORE,not set,not set,false,false
CONFIG_MFD_ARIZONA_I2C,not set,not set,false,false
CONFIG_MFD_ARIZONA_SPI,not set,not set,false,false
CONFIG_MFD_AS3711,not set,not set,false,false
CONFIG_MFD_AS3722,not set,not set,false,false
CONFIG_MFD_ATMEL_FLEXCOM,not set,not set,false,false
CONFIG_MFD_ATMEL_HLCDC,not set,not set,false,false
CONFIG_MFD_AXP20X,not set,not set,false,false
CONFIG_MFD_BCM590XX,not set,not set,false,false
CONFIG_MFD_CORE,y,y,false,false
CONFIG_MFD_DA9052_I2C,not set,not set,false,false
CONFIG_MFD_DA9052_SPI,not set,not set,false,false
CONFIG_MFD_DA9055,not set,not set,false,false
CONFIG_MFD_DA9062,not set,not set,false,false
CONFIG_MFD_DA9063,not set,not set,false,false
CONFIG_MFD_DA9150,not set,not set,false,false
CONFIG_MFD_DLN2,not set,not set,false,false
CONFIG_MFD_HI6421_PMIC,not set,not set,false,false
CONFIG_MFD_KEMPLD,not set,not set,false,false
CONFIG_MFD_LM3533,not set,not set,false,false
CONFIG_MFD_LP3943,not set,not set,false,false
CONFIG_MFD_LP8788,not set,not set,false,false
CONFIG_MFD_MAX14577,not set,not set,false,false
CONFIG_MFD_MAX77686,not set,not set,false,false
CONFIG_MFD_MAX77693,not set,not set,false,false
CONFIG_MFD_MAX77843,not set,not set,false,false
CONFIG_MFD_MAX8907,not set,not set,false,false
CONFIG_MFD_MAX8925,not set,not set,false,false
CONFIG_MFD_MAX8997,not set,not set,false,false
CONFIG_MFD_MAX8998,not set,not set,false,false
CONFIG_MFD_MC13XXX_I2C,not set,not set,false,false
CONFIG_MFD_MC13XXX_SPI,not set,not set,false,false
CONFIG_MFD_MENF21BMC,not set,not set,false,false
CONFIG_MFD_MT6370_PMU,y,y,false,false
CONFIG_MFD_MT6397,not set,not set,false,false
CONFIG_MFD_PALMAS,not set,not set,false,false
CONFIG_MFD_PCF50633,not set,not set,false,false
CONFIG_MFD_RC5T583,not set,not set,false,false
CONFIG_MFD_RETU,not set,not set,false,false
CONFIG_MFD_RK808,not set,not set,false,false
CONFIG_MFD_RN5T618,not set,not set,false,false
CONFIG_MFD_RT5033,not set,not set,false,false
CONFIG_MFD_RT5081_PMU,not set,not set,false,false
CONFIG_MFD_RTSX_USB,not set,not set,false,false
CONFIG_MFD_SEC_CORE,not set,not set,false,false
CONFIG_MFD_SI476X_CORE,not set,not set,false,false
CONFIG_MFD_SKY81452,not set,not set,false,false
CONFIG_MFD_SM501,not set,not set,false,false
CONFIG_MFD_SMSC,not set,not set,false,false
CONFIG_MFD_STMPE,not set,not set,false,false
CONFIG_MFD_SYSCON,y,y,false,false
CONFIG_MFD_TC3589X,not set,not set,false,false
CONFIG_MFD_TI_AM335X_TSCADC,not set,not set,false,false
CONFIG_MFD_TMIO,not set,not set,false,false
CONFIG_MFD_TPS65090,not set,not set,false,false
CONFIG_MFD_TPS65217,not set,not set,false,false
CONFIG_MFD_TPS65218,not set,not set,false,false
CONFIG_MFD_TPS6586X,not set,not set,false,false
CONFIG_MFD_TPS65910,not set,not set,false,false
CONFIG_MFD_TPS65912,not set,not set,false,false
CONFIG_MFD_TPS65912_I2C,not set,not set,false,false
CONFIG_MFD_TPS65912_SPI,not set,not set,false,false
CONFIG_MFD_TPS80031,not set,not set,false,false
CONFIG_MFD_VIPERBOARD,not set,not set,false,false
CONFIG_MFD_WL1273_CORE,not set,not set,false,false
CONFIG_MFD_WM831X_I2C,not set,not set,false,false
CONFIG_MFD_WM831X_SPI,not set,not set,false,false
CONFIG_MFD_WM8350_I2C,not set,not set,false,false
CONFIG_MFD_WM8400,not set,not set,false,false
CONFIG_MFD_WM8994,not set,not set,false,false
CONFIG_MICREL_KS8995MA,not set,not set,false,false
CONFIG_MICREL_PHY,not set,not set,false,false
CONFIG_MICROCHIP_PHY,not set,not set,false,false
CONFIG_MIGRATION,y,y,false,false
CONFIG_MII,y,y,false,false
CONFIG_MINIX_FS,not set,not set,false,false
CONFIG_MISC_FILESYSTEMS,y,y,false,false
CONFIG_MLX90614,not set,not set,false,false
CONFIG_MMA8452,not set,not set,false,false
CONFIG_MMA9551,not set,not set,false,false
CONFIG_MMA9553,not set,not set,false,false
CONFIG_MMC,y,y,false,false
CONFIG_MMC35240,not set,not set,false,false
CONFIG_MMC_ARMMMCI,not set,not set,false,false
CONFIG_MMC_ASYNC_SUSPEND_RESUME,y,y,false,false
CONFIG_MMC_BLOCK,y,y,false,false
CONFIG_MMC_BLOCK_BOUNCE,y,y,false,false
CONFIG_MMC_BLOCK_IO_LOG,y,y,false,false
CONFIG_MMC_BLOCK_MINORS,32,32,false,false
CONFIG_MMC_DEBUG,not set,not set,false,false
CONFIG_MMC_DW,not set,not set,false,false
CONFIG_MMC_EMBEDDED_SDIO,not set,not set,false,false
CONFIG_MMC_FFU,not set,not set,false,false
CONFIG_MMC_MTK,not set,not set,false,false
CONFIG_MMC_MTK_COMM_SDIO,not set,not set,false,false
CONFIG_MMC_MTK_PRO,y,y,false,false
CONFIG_MMC_MTK_SDIO,not set,not set,false,false
CONFIG_MMC_PARANOID_SD_INIT,not set,not set,false,false
CONFIG_MMC_SAMSUNG_SMART,y,y,false,false
CONFIG_MMC_SDHCI,not set,not set,false,false
CONFIG_MMC_SIMULATE_MAX_SPEED,not set,not set,false,false
CONFIG_MMC_SPI,not set,not set,false,false
CONFIG_MMC_TEST,not set,not set,false,false
CONFIG_MMC_USDHI6ROL0,not set,not set,false,false
CONFIG_MMC_USHC,not set,not set,false,false
CONFIG_MMC_VUB300,not set,not set,false,false
CONFIG_MMPROFILE,not set,not set,false,false
CONFIG_MMU,y,y,false,false
CONFIG_MODULES,y,y,false,false
CONFIG_MODULES_TREE_LOOKUP,y,y,false,false
CONFIG_MODULES_USE_ELF_RELA,y,y,false,false
CONFIG_MODULE_COMPRESS,not set,not set,false,false
CONFIG_MODULE_FORCE_LOAD,not set,not set,false,false
CONFIG_MODULE_FORCE_UNLOAD,not set,not set,false,false
CONFIG_MODULE_SIG,not set,not set,false,false
CONFIG_MODULE_SRCVERSION_ALL,y,y,false,false
CONFIG_MODULE_UNLOAD,y,y,false,false
CONFIG_MODVERSIONS,y,y,false,false
CONFIG_MOISTURE_EXTERNAL_SUPPORT,not set,not set,false,false
CONFIG_MOISTURE_INTERNAL_SUPPORT,not set,not set,false,false
CONFIG_MOST,not set,not set,false,false
CONFIG_MPILIB,y,y,false,false
CONFIG_MPL115,not set,not set,false,false
CONFIG_MPL3115,not set,not set,false,false
CONFIG_MPLS,not set,not set,false,false
CONFIG_MS5611,not set,not set,false,false
CONFIG_MS5637,not set,not set,false,false
CONFIG_MSDOS_FS,y,y,false,false
CONFIG_MSDOS_PARTITION,y,y,false,false
CONFIG_MT6370_PMU_BLED,y,y,false,false
CONFIG_MT6370_PMU_CHARGER,y,y,false,false
CONFIG_MT6370_PMU_CHARGER_TYPE_DETECT,y,y,false,false
CONFIG_MT6370_PMU_DSV,y,y,false,false
CONFIG_MT6370_PMU_FLED,y,y,false,false
CONFIG_MT6370_PMU_IAICR_CALIBRATION,y,y,false,false
CONFIG_MT6370_PMU_LDO,y,y,false,false
CONFIG_MT6370_PMU_RGBLED,not set,not set,false,false
CONFIG_MT6370_SUPPORT_SYSCORE,y,y,false,false
CONFIG_MT8183_QUERY_PCB_ID,y,y,false,false
CONFIG_MT8183_QUERY_PCB_ID_METHOD,not set,not set,false,false
CONFIG_MTD,not set,not set,false,false
CONFIG_MTK_AAL_SUPPORT,not set,not set,false,false
CONFIG_MTK_AB_OTA_UPDATER,not set,not set,false,false
CONFIG_MTK_ACAO_SUPPORT,y,y,false,false
CONFIG_MTK_ACCDET,y,y,false,false
CONFIG_MTK_ACCELHUB,not set,not set,false,false
CONFIG_MTK_ACTIVITYHUB,not set,not set,false,false
CONFIG_MTK_ADDITIONAL_BATTERY_TABLE,y,y,false,false
CONFIG_MTK_AEE_AED,y,y,false,false
CONFIG_MTK_AEE_FEATURE,y,y,false,false
CONFIG_MTK_AEE_IPANIC,y,y,false,false
CONFIG_MTK_AEE_MRDUMP,y,y,false,false
CONFIG_MTK_AEE_POWERKEY_HANG_DETECT,not set,not set,false,false
CONFIG_MTK_AEE_SAVE_DEBUGINFO_RESERVED_BUFFER,not set,not set,false,false
CONFIG_MTK_AEE_UT,not set,not set,false,false
CONFIG_MTK_AKM09911,not set,not set,false,false
CONFIG_MTK_AKM09911_NEW,not set,not set,false,false
CONFIG_MTK_AKM09915_NEW,not set,not set,false,false
CONFIG_MTK_AKM09918,y,y,false,false
CONFIG_MTK_ALSPSHUB,not set,not set,false,false
CONFIG_MTK_ANSWER_CALL_HUB,not set,not set,false,false
CONFIG_MTK_ARCHCOUNTER_TIMESYNC,y,y,false,false
CONFIG_MTK_ATF_LOGGER,y,y,false,false
CONFIG_MTK_AUDIO_SCP_SPKPROTECT_SUPPORT,not set,not set,false,false
CONFIG_MTK_AUDIO_TUNNELING_SUPPORT,not set,not set,false,false
CONFIG_MTK_AURISYS_PHONE_CALL_SUPPORT,not set,not set,false,false
CONFIG_MTK_AUTO_DETECT_ACCELEROMETER,not set,not set,false,false
CONFIG_MTK_AUTO_DETECT_ACCELGYRO,not set,not set,false,false
CONFIG_MTK_AUTO_DETECT_ALSPS,not set,not set,false,false
CONFIG_MTK_AUTO_DETECT_MAGNETOMETER,not set,not set,false,false
CONFIG_MTK_AUXADC,y,y,false,false
CONFIG_MTK_AUXADC_INTF,y,y,false,false
CONFIG_MTK_BAROHUB,not set,not set,false,false
CONFIG_MTK_BASE_POWER,y,y,false,false
CONFIG_MTK_BATTERY_LIFETIME_DATA_SUPPORT,not set,not set,false,false
CONFIG_MTK_BATTERY_PROTECT,not set,not set,false,false
CONFIG_MTK_BATTERY_THROTTLING,not set,not set,false,false
CONFIG_MTK_BIF_SUPPORT,not set,not set,false,false
CONFIG_MTK_BLK_RW_PROFILING,not set,not set,false,false
CONFIG_MTK_BLOCK_TAG,y,y,false,false
CONFIG_MTK_BMA2XX,y,y,false,false
CONFIG_MTK_BMI160GY_I2C,not set,not set,false,false
CONFIG_MTK_BMI160GY_SPI,not set,not set,false,false
CONFIG_MTK_BMI160_I2C,not set,not set,false,false
CONFIG_MTK_BMI160_SPI,not set,not set,false,false
CONFIG_MTK_BMP280_NEW,not set,not set,false,false
CONFIG_MTK_BOOT,y,y,false,false
CONFIG_MTK_BOOT_REASON,y,y,false,false
CONFIG_MTK_BOUNCING_CHECK,y,y,false,false
CONFIG_MTK_BQ24160_SUPPORT,not set,not set,false,false
CONFIG_MTK_BQ24196_SUPPORT,not set,not set,false,false
CONFIG_MTK_BQ24296_SUPPORT,not set,not set,false,false
CONFIG_MTK_BQ24297_SUPPORT,not set,not set,false,false
CONFIG_MTK_BQ25890_SUPPORT,not set,not set,false,false
CONFIG_MTK_BQ25896_SUPPORT,not set,not set,false,false
CONFIG_MTK_BQ25898_DUAL_SUPPORT,not set,not set,false,false
CONFIG_MTK_BTIF,y,y,false,false
CONFIG_MTK_CACHE_DUMP,y,y,false,false
CONFIG_MTK_CACHE_FLUSH_BY_SF,y,y,false,false
CONFIG_MTK_CACHE_FLUSH_RANGE_PARALLEL,not set,not set,false,false
CONFIG_MTK_CAMERA_ISP,y,y,false,false
CONFIG_MTK_CAMERA_ISP_DPE_SUPPORT,y,y,false,false
CONFIG_MTK_CAMERA_ISP_EAF_SUPPORT,not set,not set,false,false
CONFIG_MTK_CAMERA_ISP_FD_SUPPORT,y,y,false,false
CONFIG_MTK_CAMERA_ISP_GEPF_SUPPORT,not set,not set,false,false
CONFIG_MTK_CAMERA_ISP_MFB_SUPPORT,y,y,false,false
CONFIG_MTK_CAMERA_ISP_OWE_SUPPORT,y,y,false,false
CONFIG_MTK_CAMERA_ISP_RSC_SUPPORT,y,y,false,false
CONFIG_MTK_CAMERA_ISP_TSF_SUPPORT,y,y,false,false
CONFIG_MTK_CAMERA_ISP_WPE_SUPPORT,y,y,false,false
CONFIG_MTK_CAM_CAL,y,y,false,false
CONFIG_MTK_CAM_SECURITY_SUPPORT,not set,not set,false,false
CONFIG_MTK_CCCI_DEVICES,y,y,false,false
CONFIG_MTK_CCU,y,y,false,false
CONFIG_MTK_CHARGER_INTERFACE,not set,not set,false,false
CONFIG_MTK_CHIP,y,y,false,false
CONFIG_MTK_CM36558,not set,not set,false,false
CONFIG_MTK_CM36652,not set,not set,false,false
CONFIG_MTK_CM36652_NEW,not set,not set,false,false
CONFIG_MTK_CMC306A_NEW,not set,not set,false,false
CONFIG_MTK_CMDQ,y,y,false,false
CONFIG_MTK_CMDQ_TAB,y,y,false,false
CONFIG_MTK_CM_MGR,y,y,false,false
CONFIG_MTK_COMBO,y,y,false,false
CONFIG_MTK_COMBO_ANT,not set,not set,false,false
CONFIG_MTK_COMBO_BT,y,y,false,false
CONFIG_MTK_COMBO_CHIP,"""CONSYS_6771""","""CONSYS_6771""",false,false
CONFIG_MTK_COMBO_CHIP_CONSYS_6739,not set,not set,false,false
CONFIG_MTK_COMBO_CHIP_CONSYS_6757,not set,not set,false,false
CONFIG_MTK_COMBO_CHIP_CONSYS_6758,not set,not set,false,false
CONFIG_MTK_COMBO_CHIP_CONSYS_6759,not set,not set,false,false
CONFIG_MTK_COMBO_CHIP_CONSYS_6763,not set,not set,false,false
CONFIG_MTK_COMBO_CHIP_CONSYS_6771,y,y,false,false
CONFIG_MTK_COMBO_CHIP_CONSYS_6775,not set,not set,false,false
CONFIG_MTK_COMBO_CHIP_CONSYS_8167,not set,not set,false,false
CONFIG_MTK_COMBO_CHIP_MT6620,not set,not set,false,false
CONFIG_MTK_COMBO_CHIP_MT6628,not set,not set,false,false
CONFIG_MTK_COMBO_CHIP_MT6630,not set,not set,false,false
CONFIG_MTK_COMBO_CHIP_MT6632,not set,not set,false,false
CONFIG_MTK_COMBO_CHIP_MT7668,not set,not set,false,false
CONFIG_MTK_COMBO_COMM,not set,not set,false,false
CONFIG_MTK_COMBO_GPS,not set,not set,false,false
CONFIG_MTK_COMBO_PLAT_PATH,"""""","""""",false,false
CONFIG_MTK_COMBO_WIFI,y,y,false,false
CONFIG_MTK_COMMON_EMI,not set,not set,false,false
CONFIG_MTK_CONN_LTE_IDC_SUPPORT,not set,not set,false,false
CONFIG_MTK_CONN_MD,not set,not set,false,false
CONFIG_MTK_CONN_MT3337_CHIP_SUPPORT,not set,not set,false,false
CONFIG_MTK_CONSUMER_PARTIAL_UPDATE_SUPPORT,not set,not set,false,false
CONFIG_MTK_CPU_AFFINITY,y,y,false,false
CONFIG_MTK_CPU_CTRL_CFP,not set,not set,false,false
CONFIG_MTK_CPU_HOTPLUG_DEBUG_0,y,y,false,false
CONFIG_MTK_CPU_HOTPLUG_DEBUG_1,not set,not set,false,false
CONFIG_MTK_CPU_HOTPLUG_DEBUG_2,y,y,false,false
CONFIG_MTK_CPU_HOTPLUG_DEBUG_3,y,y,false,false
CONFIG_MTK_CPU_STRESS,not set,not set,false,false
CONFIG_MTK_CPU_TOPOLOGY,y,y,false,false
CONFIG_MTK_CQDMA,y,y,false,false
CONFIG_MTK_DA228,y,y,false,false
CONFIG_MTK_DEBUG_LATCH,y,y,false,false
CONFIG_MTK_DEBUG_PREEMPT,not set,not set,false,false
CONFIG_MTK_DEBUG_TRACER,not set,not set,false,false
CONFIG_MTK_DEVAPC_DRIVER,y,y,false,false
CONFIG_MTK_DEVICE_ORIENTATION_HUB,not set,not set,false,false
CONFIG_MTK_DFD_INTERNAL_DUMP,not set,not set,false,false
CONFIG_MTK_DHCPV6C_WIFI,y,y,false,false
CONFIG_MTK_DISABLE_GAUGE,not set,not set,false,false
CONFIG_MTK_DISABLE_POWER_ON_OFF_VOLTAGE_LIMITATION,not set,not set,false,false
CONFIG_MTK_DM_VERITY_OFF,not set,not set,false,false
CONFIG_MTK_DO,not set,not set,false,false
CONFIG_MTK_DRAMC,y,y,false,false
CONFIG_MTK_DRAMC_PASR,y,y,false,false
CONFIG_MTK_DRAM_LOG_STORE,y,y,false,false
CONFIG_MTK_DRAM_LOG_STORE_ADDR,0x0011DF00,0x0011DF00,false,false
CONFIG_MTK_DRAM_LOG_STORE_SIZE,0x100,0x100,false,false
CONFIG_MTK_DRE30_SUPPORT,not set,not set,false,false
CONFIG_MTK_DRM_KEY_MNG_SUPPORT,y,y,false,false
CONFIG_MTK_DTBO_FEATURE,not set,not set,false,false
CONFIG_MTK_DUAL_CHARGER_SUPPORT,not set,not set,false,false
CONFIG_MTK_DUAL_DISPLAY_SUPPORT,0,0,false,false
CONFIG_MTK_DUAL_INPUT_CHARGER_SUPPORT,not set,not set,false,false
CONFIG_MTK_DUM_CHAR,not set,not set,false,false
CONFIG_MTK_DYNAMIC_BOOST,y,y,false,false
CONFIG_MTK_DYNAMIC_FPS_FRAMEWORK_SUPPORT,y,y,false,false
CONFIG_MTK_ECCCI_DRIVER,not set,not set,false,false
CONFIG_MTK_EINT_MULTI_TRIGGER_DESIGN,y,y,false,false
CONFIG_MTK_EMI,y,y,false,false
CONFIG_MTK_EMI_BWL,not set,not set,false,false
CONFIG_MTK_EMI_MBW,not set,not set,false,false
CONFIG_MTK_EMI_MPU,not set,not set,false,false
CONFIG_MTK_EMMC_CACHE,y,y,false,false
CONFIG_MTK_EMMC_CQ_SUPPORT,y,y,false,false
CONFIG_MTK_EMMC_SUPPORT,y,y,false,false
CONFIG_MTK_EMMC_SUPPORT_OTP,not set,not set,false,false
CONFIG_MTK_ENABLE_AGO,not set,not set,false,false
CONFIG_MTK_ENABLE_GENIEZONE,not set,not set,false,false
CONFIG_MTK_ENABLE_GMO,not set,not set,false,false
CONFIG_MTK_ENG_BUILD,not set,not set,false,false
CONFIG_MTK_EPL2182,not set,not set,false,false
CONFIG_MTK_ES_REG,y,y,false,false
CONFIG_MTK_EXTBUCK,not set,not set,false,false
CONFIG_MTK_EXTERNAL_CHARGER_TYPE_DETECT,y,y,false,false
CONFIG_MTK_FAN5405_SUPPORT,not set,not set,false,false
CONFIG_MTK_FB,y,y,false,false
CONFIG_MTK_FB_SUPPORT_ASSERTION_LAYER,y,y,false,false
CONFIG_MTK_FINGERPRINT_SUPPORT,not set,not set,false,false
CONFIG_MTK_FIQ_CACHE,not set,not set,false,false
CONFIG_MTK_FLASHLIGHT,not set,not set,false,false
CONFIG_MTK_FLAT_HUB,not set,not set,false,false
CONFIG_MTK_FMRADIO,not set,not set,false,false
CONFIG_MTK_FPSGO,not set,not set,false,false
CONFIG_MTK_FREQ_HOPPING,y,y,false,false
CONFIG_MTK_FTRACE_DEFAULT_ENABLE,not set,not set,false,false
CONFIG_MTK_GAMEROTVECHUB,not set,not set,false,false
CONFIG_MTK_GAUGE_VERSION,30,30,false,false
CONFIG_MTK_GIC_EXT,y,y,false,false
CONFIG_MTK_GIC_V3_EXT,y,y,false,false
CONFIG_MTK_GLGHUB,not set,not set,false,false
CONFIG_MTK_GMAGROTVECHUB,not set,not set,false,false
CONFIG_MTK_GMO_RAM_OPTIMIZE,not set,not set,false,false
CONFIG_MTK_GPIO,not set,not set,false,false
CONFIG_MTK_GPIOLIB_STAND,not set,not set,false,false
CONFIG_MTK_GPS,y,y,false,false
CONFIG_MTK_GPS_SUPPORT,not set,not set,false,false
CONFIG_MTK_GPT_SCHEME_SUPPORT,y,y,false,false
CONFIG_MTK_GPU_COMMON_DVFS_SUPPORT,y,y,false,false
CONFIG_MTK_GPU_R5P0,not set,not set,false,false
CONFIG_MTK_GPU_SPM_DVFS_SUPPORT,not set,not set,false,false
CONFIG_MTK_GPU_SUPPORT,y,y,false,false
CONFIG_MTK_GPU_VERSION,"""mali bifrost r14p0""","""mali bifrost r14p0""",false,false
CONFIG_MTK_GRAVITYHUB,not set,not set,false,false
CONFIG_MTK_GROUP_ENABLE_VERITY,y,y,false,false
CONFIG_MTK_GYROHUB,not set,not set,false,false
CONFIG_MTK_HDMI_3D_SUPPORT,not set,not set,false,false
CONFIG_MTK_HDMI_SUPPORT,not set,not set,false,false
CONFIG_MTK_HDMI_TDM,not set,not set,false,false
CONFIG_MTK_HP_ANASWITCH,not set,not set,false,false
CONFIG_MTK_HWMON,y,y,false,false
CONFIG_MTK_HW_FDE,y,y,false,false
CONFIG_MTK_HW_FDE_AES,not set,not set,false,false
CONFIG_MTK_ICCS_SUPPORT,not set,not set,false,false
CONFIG_MTK_ICE_DEBUG,not set,not set,false,false
CONFIG_MTK_IDLE_BALANCE_ENHANCEMENT,y,y,false,false
CONFIG_MTK_IMGSENSOR,y,y,false,false
CONFIG_MTK_INPKHUB,not set,not set,false,false
CONFIG_MTK_IN_HOUSE_TEE_SUPPORT,y,y,false,false
CONFIG_MTK_ION,y,y,false,false
CONFIG_MTK_ION_CACHE_OPTIMIZATION,not set,not set,false,false
CONFIG_MTK_IO_BOOST,y,y,false,false
CONFIG_MTK_IPV6_VZW,not set,not set,false,false
CONFIG_MTK_IRIS_SUPPORT,not set,not set,false,false
CONFIG_MTK_IRQ_NEW_DESIGN,y,y,false,false
CONFIG_MTK_IRTX_PWM_SUPPORT,not set,not set,false,false
CONFIG_MTK_IR_LEARNING_SUPPORT,not set,not set,false,false
CONFIG_MTK_ITG1010,not set,not set,false,false
CONFIG_MTK_JEITA_STANDARD_SUPPORT,not set,not set,false,false
CONFIG_MTK_JPEG,y,y,false,false
CONFIG_MTK_KERNEL_GEOFENCE,not set,not set,false,false
CONFIG_MTK_KERNEL_MARKER,not set,not set,false,false
CONFIG_MTK_KERNEL_POWER_OFF_CHARGING,y,y,false,false
CONFIG_MTK_L2C_PARITY_CHECK,not set,not set,false,false
CONFIG_MTK_LASTBUS,not set,not set,false,false
CONFIG_MTK_LASTBUS_V2,not set,not set,false,false
CONFIG_MTK_LASTPC,y,y,false,false
CONFIG_MTK_LASTPC_V2,not set,not set,false,false
CONFIG_MTK_LATE_MOUNT,not set,not set,false,false
CONFIG_MTK_LCM,y,y,false,false
CONFIG_MTK_LCM_DEVICE_TREE_SUPPORT,not set,not set,false,false
CONFIG_MTK_LCM_PHYSICAL_ROTATION,"""0""","""0""",false,false
CONFIG_MTK_LCM_PHYSICAL_ROTATION_HW,not set,not set,false,false
CONFIG_MTK_LDVT,not set,not set,false,false
CONFIG_MTK_LEDS,y,y,false,false
CONFIG_MTK_LENS,not set,not set,false,false
CONFIG_MTK_LENS_AD5820AF_SUPPORT,not set,not set,false,false
CONFIG_MTK_LENS_AD5823AF_SUPPORT,not set,not set,false,false
CONFIG_MTK_LENS_AD5823_SUPPORT,not set,not set,false,false
CONFIG_MTK_LENS_AK7345AF_SUPPORT,not set,not set,false,false
CONFIG_MTK_LENS_AK7371AF_SUPPORT,not set,not set,false,false
CONFIG_MTK_LENS_BU63165AF_SUPPORT,not set,not set,false,false
CONFIG_MTK_LENS_BU63169AF_SUPPORT,not set,not set,false,false
CONFIG_MTK_LENS_BU6424AF_SUPPORT,not set,not set,false,false
CONFIG_MTK_LENS_BU6429AF_SUPPORT,not set,not set,false,false
CONFIG_MTK_LENS_BU64745GWZAF_SUPPORT,not set,not set,false,false
CONFIG_MTK_LENS_DUMMYLENS_SUPPORT,not set,not set,false,false
CONFIG_MTK_LENS_DW9714AF_SUPPORT,not set,not set,false,false
CONFIG_MTK_LENS_DW9714A_SUPPORT,not set,not set,false,false
CONFIG_MTK_LENS_DW9718AF_SUPPORT,not set,not set,false,false
CONFIG_MTK_LENS_DW9718SAF_SUPPORT,not set,not set,false,false
CONFIG_MTK_LENS_DW9800WAF_SUPPORT,not set,not set,false,false
CONFIG_MTK_LENS_DW9814AF_SUPPORT,not set,not set,false,false
CONFIG_MTK_LENS_FM50AF_SUPPORT,not set,not set,false,false
CONFIG_MTK_LENS_GAF001AF_SUPPORT,not set,not set,false,false
CONFIG_MTK_LENS_GAF002AF_SUPPORT,not set,not set,false,false
CONFIG_MTK_LENS_GAF008AF_SUPPORT,not set,not set,false,false
CONFIG_MTK_LENS_GT9769TAF_SUPPORT,not set,not set,false,false
CONFIG_MTK_LENS_GT9769TAF_TEST_SUPPORT,not set,not set,false,false
CONFIG_MTK_LENS_LC898122AF_SUPPORT,not set,not set,false,false
CONFIG_MTK_LENS_LC898212AF_SUPPORT,not set,not set,false,false
CONFIG_MTK_LENS_LC898212XDAF_SUPPORT,not set,not set,false,false
CONFIG_MTK_LENS_LC898214AF_SUPPORT,not set,not set,false,false
CONFIG_MTK_LENS_MT9P017AF_SUPPORT,not set,not set,false,false
CONFIG_MTK_LENS_OV5645AF_SUPPORT,not set,not set,false,false
CONFIG_MTK_LENS_OV8825AF_SUPPORT,not set,not set,false,false
CONFIG_MTK_LENS_SENSORDRIVE_SUPPORT,not set,not set,false,false
CONFIG_MTK_LENS_USE_MODULE,not set,not set,false,false
CONFIG_MTK_LENS_WV511AAF_SUPPORT,not set,not set,false,false
CONFIG_MTK_LINEARACCHUB,not set,not set,false,false
CONFIG_MTK_LIS3DH_NEW,not set,not set,false,false
CONFIG_MTK_LM_MODE,y,y,false,false
CONFIG_MTK_LOAD_BALANCE_ENHANCEMENT,not set,not set,false,false
CONFIG_MTK_LOAD_TRACKER,y,y,false,false
CONFIG_MTK_LSM6DS3HG,not set,not set,false,false
CONFIG_MTK_LSM6DS3HGY,not set,not set,false,false
CONFIG_MTK_LTR303,not set,not set,false,false
CONFIG_MTK_LTR578,not set,not set,false,false
CONFIG_MTK_LTRX130A_DUAL,y,y,false,false
CONFIG_MTK_M4U,y,y,false,false
CONFIG_MTK_MAGHUB,not set,not set,false,false
CONFIG_MTK_MC3433,not set,not set,false,false
CONFIG_MTK_MD_DIRECT_TETHERING_SUPPORT,not set,not set,false,false
CONFIG_MTK_MEM,y,y,false,false
CONFIG_MTK_MEMCFG,y,y,false,false
CONFIG_MTK_MERGE_INTERFACE_SUPPORT,not set,not set,false,false
CONFIG_MTK_MET_MEM_ALLOC,not set,not set,false,false
CONFIG_MTK_MLOG,y,y,false,false
CONFIG_MTK_MMPROFILE_SUPPORT,not set,not set,false,false
CONFIG_MTK_MOTION_DETECT_HUB,not set,not set,false,false
CONFIG_MTK_MPU6050G,not set,not set,false,false
CONFIG_MTK_MPU6050GY,not set,not set,false,false
CONFIG_MTK_MRDUMP_KEY,y,y,false,false
CONFIG_MTK_MT6306_GPIO_SUPPORT,not set,not set,false,false
CONFIG_MTK_MT6381,not set,not set,false,false
CONFIG_MTK_MUSB_CARPLAY_SUPPORT,not set,not set,false,false
CONFIG_MTK_MUSB_DRV_36BIT,not set,not set,false,false
CONFIG_MTK_MUSB_PORT0_LOWPOWER_MODE,not set,not set,false,false
CONFIG_MTK_MUSB_SW_WITCH_MODE,not set,not set,false,false
CONFIG_MTK_NCP1854_SUPPORT,not set,not set,false,false
CONFIG_MTK_NET_CCMNI,not set,not set,false,false
CONFIG_MTK_NET_LOGGING,not set,not set,false,false
CONFIG_MTK_NET_RFC7217,not set,not set,false,false
CONFIG_MTK_NFC_SUPPORT,not set,not set,false,false
CONFIG_MTK_NOISE_LEVEL_SUPPORT,y,y,false,false
CONFIG_MTK_NXP_TFA9890,not set,not set,false,false
CONFIG_MTK_OD_SUPPORT,not set,not set,false,false
CONFIG_MTK_ORIENTHUB,not set,not set,false,false
CONFIG_MTK_OVERLAY_ENGINE_SUPPORT,not set,not set,false,false
CONFIG_MTK_PASSPOINT_R1_SUPPORT,not set,not set,false,false
CONFIG_MTK_PASSPOINT_R2_SUPPORT,not set,not set,false,false
CONFIG_MTK_PERFMGR_TOUCH_BOOST,y,y,false,false
CONFIG_MTK_PICKUPHUB,not set,not set,false,false
CONFIG_MTK_PID_MAP,y,y,false,false
CONFIG_MTK_PLATFORM,"""mt8183""","""mt8183""",false,false
CONFIG_MTK_PLAT_SRAM_FLAG,not set,not set,false,false
CONFIG_MTK_PMIC,not set,not set,false,false
CONFIG_MTK_PMIC_CHIP_MT6313,not set,not set,false,false
CONFIG_MTK_PMIC_CHIP_MT6335,not set,not set,false,false
CONFIG_MTK_PMIC_CHIP_MT6336,not set,not set,false,false
CONFIG_MTK_PMIC_CHIP_MT6337,not set,not set,false,false
CONFIG_MTK_PMIC_CHIP_MT6353,not set,not set,false,false
CONFIG_MTK_PMIC_CHIP_MT6355,not set,not set,false,false
CONFIG_MTK_PMIC_CHIP_MT6356,not set,not set,false,false
CONFIG_MTK_PMIC_CHIP_MT6357,not set,not set,false,false
CONFIG_MTK_PMIC_CHIP_MT6358,y,y,false,false
CONFIG_MTK_PMIC_COMMON,y,y,false,false
CONFIG_MTK_PMIC_NEW_ARCH,y,y,false,false
CONFIG_MTK_PMIC_WRAP_HAL,y,y,false,false
CONFIG_MTK_POWER_EXT_DETECT,not set,not set,false,false
CONFIG_MTK_PQ_COLOR_MODE,"""DISP""","""DISP""",false,false
CONFIG_MTK_PRINTK_UART_CONSOLE,not set,not set,false,false
CONFIG_MTK_PSCI,y,y,false,false
CONFIG_MTK_PUMP_EXPRESS_PLUS_20_SUPPORT,not set,not set,false,false
CONFIG_MTK_PUMP_EXPRESS_PLUS_30_SUPPORT,not set,not set,false,false
CONFIG_MTK_PUMP_EXPRESS_PLUS_SUPPORT,not set,not set,false,false
CONFIG_MTK_PUMP_EXPRESS_SUPPORT,not set,not set,false,false
CONFIG_MTK_PWM,y,y,false,false
CONFIG_MTK_QOS_SUPPORT,y,y,false,false
CONFIG_MTK_RAM_CONSOLE,y,y,false,false
CONFIG_MTK_RAM_CONSOLE_ADDR,0x0011D000,0x0011D000,false,false
CONFIG_MTK_RAM_CONSOLE_DRAM_ADDR,0x54400000,0x54400000,false,false
CONFIG_MTK_RAM_CONSOLE_DRAM_SIZE,0x10000,0x10000,false,false
CONFIG_MTK_RAM_CONSOLE_SIZE,0x800,0x800,false,false
CONFIG_MTK_RAM_CONSOLE_USING_DRAM,not set,not set,false,false
CONFIG_MTK_RAM_CONSOLE_USING_SRAM,y,y,false,false
CONFIG_MTK_ROOT_TRACE,not set,not set,false,false
CONFIG_MTK_ROTATVECHUB,not set,not set,false,false
CONFIG_MTK_ROUND_CORNER_SUPPORT,not set,not set,false,false
CONFIG_MTK_RT9466_SUPPORT,not set,not set,false,false
CONFIG_MTK_RT9468_SUPPORT,not set,not set,false,false
CONFIG_MTK_RTC,y,y,false,false
CONFIG_MTK_RT_THROTTLE_MON,not set,not set,false,false
CONFIG_MTK_SCHED_BOOST,y,y,false,false
CONFIG_MTK_SCHED_CPULOAD,y,y,false,false
CONFIG_MTK_SCHED_EAS_PLUS,y,y,false,false
CONFIG_MTK_SCHED_EAS_POWER_SUPPORT,y,y,false,false
CONFIG_MTK_SCHED_INTEROP,y,y,false,false
CONFIG_MTK_SCHED_MONITOR,not set,not set,false,false
CONFIG_MTK_SCHED_RQAVG_KS,y,y,false,false
CONFIG_MTK_SCHED_RQAVG_US,y,y,false,false
CONFIG_MTK_SCHED_SYSHINT,not set,not set,false,false
CONFIG_MTK_SCHED_TRACE,not set,not set,false,false
CONFIG_MTK_SCHED_TRACERS,y,y,false,false
CONFIG_MTK_SCHED_VIP_TASKS,y,y,false,false
CONFIG_MTK_SECURITY_SW_SUPPORT,y,y,false,false
CONFIG_MTK_SEC_MODEM_NVRAM_ANTI_CLONE,not set,not set,false,false
CONFIG_MTK_SEC_VIDEO_PATH_SUPPORT,y,y,false,false
CONFIG_MTK_SELINUX_AEE_WARNING,not set,not set,false,false
CONFIG_MTK_SENSORS_1_0,y,y,false,false
CONFIG_MTK_SENSOR_SUPPORT,y,y,false,false
CONFIG_MTK_SERIAL,not set,not set,false,false
CONFIG_MTK_SHARED_SDCARD,y,y,false,false
CONFIG_MTK_SIB_USB_SWITCH,y,y,false,false
CONFIG_MTK_SIM_LOCK_POWER_ON_WRITE_PROTECT,not set,not set,false,false
CONFIG_MTK_SMARTPA_SOUND,not set,not set,false,false
CONFIG_MTK_SMART_BATTERY,y,y,false,false
CONFIG_MTK_SMI_EXT,y,y,false,false
CONFIG_MTK_SMI_VARIANT,not set,not set,false,false
CONFIG_MTK_SND_SOC_CODEC,"""mt6358""","""mt6358""",false,false
CONFIG_MTK_SND_SOC_NEW_ARCH,y,y,false,false
CONFIG_MTK_SPEAKER,not set,not set,false,false
CONFIG_MTK_SPI,not set,not set,false,false
CONFIG_MTK_SPKGPIO_REWORK,not set,not set,false,false
CONFIG_MTK_ST480,not set,not set,false,false
CONFIG_MTK_STATHUB,not set,not set,false,false
CONFIG_MTK_STEPSIGNHUB,not set,not set,false,false
CONFIG_MTK_STK3X1X_DUAL,y,y,false,false
CONFIG_MTK_STK3X1X_NEW,not set,not set,false,false
CONFIG_MTK_STK8BAXX,y,y,false,false
CONFIG_MTK_SWCHR_SUPPORT,y,y,false,false
CONFIG_MTK_SWITCH_INPUT_OUTPUT_CURRENT_SUPPORT,not set,not set,false,false
CONFIG_MTK_SYNC,y,y,false,false
CONFIG_MTK_SYSENV,y,y,false,false
CONFIG_MTK_SYSIRQ,y,y,false,false
CONFIG_MTK_SYSTRACKER,y,y,false,false
CONFIG_MTK_SYSTRACKER_V2,y,y,false,false
CONFIG_MTK_SYS_CIRQ,y,y,false,false
CONFIG_MTK_TEST_XHCI,not set,not set,false,false
CONFIG_MTK_THERMAL_PA_VIA_ATCMD,y,y,false,false
CONFIG_MTK_TILTDETECTHUB,not set,not set,false,false
CONFIG_MTK_TIMER_ACCURACY_TEST,not set,not set,false,false
CONFIG_MTK_TIMER_TIMESYNC,y,y,false,false
CONFIG_MTK_TINYSYS_SCP_SUPPORT,not set,not set,false,false
CONFIG_MTK_TINYSYS_SSPM_PLT_SUPPORT,not set,not set,false,false
CONFIG_MTK_TINYSYS_SSPM_SUPPORT,y,y,false,false
CONFIG_MTK_TRNG_DRIVER,y,y,false,false
CONFIG_MTK_UAC_POWER_SAVING,y,y,false,false
CONFIG_MTK_UART_USB_SWITCH,not set,not set,false,false
CONFIG_MTK_UNCALI_ACCHUB,not set,not set,false,false
CONFIG_MTK_UNCALI_GYROHUB,not set,not set,false,false
CONFIG_MTK_UNCALI_MAGHUB,not set,not set,false,false
CONFIG_MTK_UNIFY_POWER,y,y,false,false
CONFIG_MTK_USB2JTAG_SUPPORT,not set,not set,false,false
CONFIG_MTK_USBFSH,not set,not set,false,false
CONFIG_MTK_USER_SPACE_GLOBAL_CPUSET,y,y,false,false
CONFIG_MTK_USE_AGING_ZCV,y,y,false,false
CONFIG_MTK_USE_RESERVED_EXT_MEM,not set,not set,false,false
CONFIG_MTK_VIBRATOR,not set,not set,false,false
CONFIG_MTK_VIDEOCODEC_DRIVER,y,y,false,false
CONFIG_MTK_VIDEOX,not set,not set,false,false
CONFIG_MTK_VOW_BARGE_IN_SUPPORT,not set,not set,false,false
CONFIG_MTK_VOW_SUPPORT,not set,not set,false,false
CONFIG_MTK_VPU_SUPPORT,y,y,false,false
CONFIG_MTK_WAKEHUB,not set,not set,false,false
CONFIG_MTK_WAPI_SUPPORT,not set,not set,false,false
CONFIG_MTK_WATCHPOINT,not set,not set,false,false
CONFIG_MTK_WIFI_MCC_SUPPORT,y,y,false,false
CONFIG_MTK_WIRELESS_CHARGER_SUPPORT,not set,not set,false,false
CONFIG_MTK_WLAN_ANT_SWITCH,y,y,false,false
CONFIG_MTK_WLAN_PWR_LIMIT_COUNTRY,y,y,false,false
CONFIG_MTK_WPA3_SUPPORT,ABSENT,y,true,false
CONFIG_MTK_WQ_DEBUG,not set,not set,false,false
CONFIG_MTPROF,y,y,false,false
CONFIG_MT_SND_SOC_6797,not set,not set,false,false
CONFIG_MT_TRUSTY_DEBUGFS,not set,not set,false,false
CONFIG_MU3_PHY,y,y,false,false
CONFIG_MULTIUSER,y,y,false,false
CONFIG_MUTEX_SPIN_ON_OWNER,y,y,false,false
CONFIG_MWIFIEX,not set,not set,false,false
CONFIG_MXC4005,not set,not set,false,false
CONFIG_NAMESPACES,not set,not set,false,false
CONFIG_NANOHUB,not set,not set,false,false
CONFIG_NATIONAL_PHY,not set,not set,false,false
CONFIG_NAU7802,not set,not set,false,false
CONFIG_NEED_DMA_MAP_STATE,y,y,false,false
CONFIG_NEED_SG_DMA_LENGTH,y,y,false,false
CONFIG_NET,y,y,false,false
CONFIG_NETCONSOLE,not set,not set,false,false
CONFIG_NETDEVICES,y,y,false,false
CONFIG_NETFILTER,y,y,false,false
CONFIG_NETFILTER_ADVANCED,y,y,false,false
CONFIG_NETFILTER_DEBUG,not set,not set,false,false
CONFIG_NETFILTER_INGRESS,y,y,false,false
CONFIG_NETFILTER_NETLINK,y,y,false,false
CONFIG_NETFILTER_NETLINK_ACCT,not set,y,true,false
CONFIG_NETFILTER_NETLINK_GLUE_CT,not set,not set,false,false
CONFIG_NETFILTER_NETLINK_LOG,y,y,false,false
CONFIG_NETFILTER_NETLINK_QUEUE,y,y,false,false
CONFIG_NETFILTER_XTABLES,y,y,false,false
CONFIG_NETFILTER_XT_CONNMARK,y,y,false,false
CONFIG_NETFILTER_XT_MARK,y,y,false,false
CONFIG_NETFILTER_XT_MATCH_ADDRTYPE,not set,not set,false,false
CONFIG_NETFILTER_XT_MATCH_BPF,not set,not set,false,false
CONFIG_NETFILTER_XT_MATCH_CGROUP,not set,not set,false,false
CONFIG_NETFILTER_XT_MATCH_CLUSTER,not set,not set,false,false
CONFIG_NETFILTER_XT_MATCH_COMMENT,y,y,false,false
CONFIG_NETFILTER_XT_MATCH_CONNBYTES,y,y,false,false
CONFIG_NETFILTER_XT_MATCH_CONNLABEL,not set,not set,false,false
CONFIG_NETFILTER_XT_MATCH_CONNLIMIT,y,y,false,false
CONFIG_NETFILTER_XT_MATCH_CONNMARK,y,y,false,false
CONFIG_NETFILTER_XT_MATCH_CONNTRACK,y,y,false,false
CONFIG_NETFILTER_XT_MATCH_CPU,not set,not set,false,false
CONFIG_NETFILTER_XT_MATCH_DCCP,not set,not set,false,false
CONFIG_NETFILTER_XT_MATCH_DEVGROUP,not set,not set,false,false
CONFIG_NETFILTER_XT_MATCH_DSCP,not set,not set,false,false
CONFIG_NETFILTER_XT_MATCH_ECN,y,y,false,false
CONFIG_NETFILTER_XT_MATCH_ESP,not set,not set,false,false
CONFIG_NETFILTER_XT_MATCH_HASHLIMIT,y,y,false,false
CONFIG_NETFILTER_XT_MATCH_HELPER,y,y,false,false
CONFIG_NETFILTER_XT_MATCH_HL,y,y,false,false
CONFIG_NETFILTER_XT_MATCH_IPCOMP,not set,not set,false,false
CONFIG_NETFILTER_XT_MATCH_IPRANGE,y,y,false,false
CONFIG_NETFILTER_XT_MATCH_L2TP,not set,not set,false,false
CONFIG_NETFILTER_XT_MATCH_LENGTH,y,y,false,false
CONFIG_NETFILTER_XT_MATCH_LIMIT,y,y,false,false
CONFIG_NETFILTER_XT_MATCH_MAC,y,y,false,false
CONFIG_NETFILTER_XT_MATCH_MARK,y,y,false,false
CONFIG_NETFILTER_XT_MATCH_MULTIPORT,y,y,false,false
CONFIG_NETFILTER_XT_MATCH_NFACCT,not set,not set,false,false
CONFIG_NETFILTER_XT_MATCH_OSF,not set,not set,false,false
CONFIG_NETFILTER_XT_MATCH_OWNER,not set,not set,false,false
CONFIG_NETFILTER_XT_MATCH_PHYSDEV,y,y,false,false
CONFIG_NETFILTER_XT_MATCH_PKTTYPE,y,y,false,false
CONFIG_NETFILTER_XT_MATCH_POLICY,y,y,false,false
CONFIG_NETFILTER_XT_MATCH_QTAGUID,y,y,false,false
CONFIG_NETFILTER_XT_MATCH_QUOTA,y,y,false,false
CONFIG_NETFILTER_XT_MATCH_QUOTA2,y,y,false,false
CONFIG_NETFILTER_XT_MATCH_QUOTA2_LOG,y,y,false,false
CONFIG_NETFILTER_XT_MATCH_RATEEST,not set,not set,false,false
CONFIG_NETFILTER_XT_MATCH_REALM,y,y,false,false
CONFIG_NETFILTER_XT_MATCH_RECENT,y,y,false,false
CONFIG_NETFILTER_XT_MATCH_SCTP,not set,not set,false,false
CONFIG_NETFILTER_XT_MATCH_SOCKET,y,y,false,false
CONFIG_NETFILTER_XT_MATCH_STATE,y,y,false,false
CONFIG_NETFILTER_XT_MATCH_STATISTIC,y,y,false,false
CONFIG_NETFILTER_XT_MATCH_STRING,y,y,false,false
CONFIG_NETFILTER_XT_MATCH_TCPMSS,y,y,false,false
CONFIG_NETFILTER_XT_MATCH_TIME,y,y,false,false
CONFIG_NETFILTER_XT_MATCH_U32,y,y,false,false
CONFIG_NETFILTER_XT_NAT,y,y,false,false
CONFIG_NETFILTER_XT_TARGET_AUDIT,not set,not set,false,false
CONFIG_NETFILTER_XT_TARGET_CHECKSUM,not set,not set,false,false
CONFIG_NETFILTER_XT_TARGET_CLASSIFY,y,y,false,false
CONFIG_NETFILTER_XT_TARGET_CONNMARK,y,y,false,false
CONFIG_NETFILTER_XT_TARGET_CONNSECMARK,y,y,false,false
CONFIG_NETFILTER_XT_TARGET_CT,not set,not set,false,false
CONFIG_NETFILTER_XT_TARGET_DSCP,not set,not set,false,false
CONFIG_NETFILTER_XT_TARGET_HL,y,y,false,false
CONFIG_NETFILTER_XT_TARGET_HMARK,not set,not set,false,false
CONFIG_NETFILTER_XT_TARGET_IDLETIMER,y,y,false,false
CONFIG_NETFILTER_XT_TARGET_LED,not set,not set,false,false
CONFIG_NETFILTER_XT_TARGET_LOG,not set,not set,false,false
CONFIG_NETFILTER_XT_TARGET_MARK,y,y,false,false
CONFIG_NETFILTER_XT_TARGET_NETMAP,y,y,false,false
CONFIG_NETFILTER_XT_TARGET_NFLOG,y,y,false,false
CONFIG_NETFILTER_XT_TARGET_NFQUEUE,y,y,false,false
CONFIG_NETFILTER_XT_TARGET_NOTRACK,not set,not set,false,false
CONFIG_NETFILTER_XT_TARGET_RATEEST,not set,not set,false,false
CONFIG_NETFILTER_XT_TARGET_REDIRECT,y,y,false,false
CONFIG_NETFILTER_XT_TARGET_SECMARK,y,y,false,false
CONFIG_NETFILTER_XT_TARGET_TCPMSS,y,y,false,false
CONFIG_NETFILTER_XT_TARGET_TCPOPTSTRIP,not set,not set,false,false
CONFIG_NETFILTER_XT_TARGET_TEE,not set,not set,false,false
CONFIG_NETFILTER_XT_TARGET_TPROXY,y,y,false,false
CONFIG_NETFILTER_XT_TARGET_TRACE,y,y,false,false
CONFIG_NETLABEL,not set,not set,false,false
CONFIG_NETLINK_DIAG,not set,not set,false,false
CONFIG_NETPOLL,not set,not set,false,false
CONFIG_NETWORK_FILESYSTEMS,not set,not set,false,false
CONFIG_NETWORK_PHY_TIMESTAMPING,not set,not set,false,false
CONFIG_NETWORK_SECMARK,y,y,false,false
CONFIG_NET_9P,not set,not set,false,false
CONFIG_NET_ACT_BPF,not set,not set,false,false
CONFIG_NET_ACT_CONNMARK,not set,not set,false,false
CONFIG_NET_ACT_CSUM,not set,not set,false,false
CONFIG_NET_ACT_GACT,not set,not set,false,false
CONFIG_NET_ACT_IPT,y,y,false,false
CONFIG_NET_ACT_MIRRED,y,y,false,false
CONFIG_NET_ACT_NAT,not set,not set,false,false
CONFIG_NET_ACT_PEDIT,not set,not set,false,false
CONFIG_NET_ACT_POLICE,y,y,false,false
CONFIG_NET_ACT_SIMP,not set,not set,false,false
CONFIG_NET_ACT_SKBEDIT,not set,not set,false,false
CONFIG_NET_ACT_VLAN,not set,not set,false,false
CONFIG_NET_CLS,y,y,false,false
CONFIG_NET_CLS_ACT,y,y,false,false
CONFIG_NET_CLS_BASIC,not set,not set,false,false
CONFIG_NET_CLS_BPF,not set,not set,false,false
CONFIG_NET_CLS_CGROUP,not set,not set,false,false
CONFIG_NET_CLS_FLOW,y,y,false,false
CONFIG_NET_CLS_FLOWER,not set,not set,false,false
CONFIG_NET_CLS_FW,y,y,false,false
CONFIG_NET_CLS_IND,y,y,false,false
CONFIG_NET_CLS_ROUTE4,not set,not set,false,false
CONFIG_NET_CLS_RSVP,not set,not set,false,false
CONFIG_NET_CLS_RSVP6,not set,not set,false,false
CONFIG_NET_CLS_TCINDEX,not set,not set,false,false
CONFIG_NET_CLS_U32,y,y,false,false
CONFIG_NET_CORE,y,y,false,false
CONFIG_NET_DROP_MONITOR,not set,not set,false,false
CONFIG_NET_DSA,not set,not set,false,false
CONFIG_NET_DSA_MV88E6XXX,not set,not set,false,false
CONFIG_NET_DSA_MV88E6XXX_NEED_PPU,not set,not set,false,false
CONFIG_NET_EMATCH,y,y,false,false
CONFIG_NET_EMATCH_CMP,not set,not set,false,false
CONFIG_NET_EMATCH_META,not set,not set,false,false
CONFIG_NET_EMATCH_NBYTE,not set,not set,false,false
CONFIG_NET_EMATCH_STACK,32,32,false,false
CONFIG_NET_EMATCH_TEXT,not set,not set,false,false
CONFIG_NET_EMATCH_U32,y,y,false,false
CONFIG_NET_FLOW_LIMIT,y,y,false,false
CONFIG_NET_FOU,not set,not set,false,false
CONFIG_NET_FOU_IP_TUNNELS,not set,not set,false,false
CONFIG_NET_INGRESS,y,y,false,false
CONFIG_NET_IPGRE_DEMUX,not set,not set,false,false
CONFIG_NET_IPIP,y,y,false,false
CONFIG_NET_IPVTI,y,y,false,false
CONFIG_NET_IP_TUNNEL,y,y,false,false
CONFIG_NET_KEY,y,y,false,false
CONFIG_NET_KEY_MIGRATE,not set,not set,false,false
CONFIG_NET_L3_MASTER_DEV,not set,not set,false,false
CONFIG_NET_PKTGEN,not set,not set,false,false
CONFIG_NET_POLL_CONTROLLER,not set,not set,false,false
CONFIG_NET_PTP_CLASSIFY,not set,not set,false,false
CONFIG_NET_RX_BUSY_POLL,y,y,false,false
CONFIG_NET_SCHED,y,y,false,false
CONFIG_NET_SCH_CBQ,not set,not set,false,false
CONFIG_NET_SCH_CHOKE,not set,not set,false,false
CONFIG_NET_SCH_CODEL,not set,not set,false,false
CONFIG_NET_SCH_DRR,not set,not set,false,false
CONFIG_NET_SCH_DSMARK,not set,not set,false,false
CONFIG_NET_SCH_FIFO,y,y,false,false
CONFIG_NET_SCH_FQ,not set,not set,false,false
CONFIG_NET_SCH_FQ_CODEL,not set,not set,false,false
CONFIG_NET_SCH_GRED,not set,not set,false,false
CONFIG_NET_SCH_HFSC,not set,not set,false,false
CONFIG_NET_SCH_HHF,not set,not set,false,false
CONFIG_NET_SCH_HTB,y,y,false,false
CONFIG_NET_SCH_INGRESS,y,y,false,false
CONFIG_NET_SCH_MQPRIO,not set,not set,false,false
CONFIG_NET_SCH_MULTIQ,not set,not set,false,false
CONFIG_NET_SCH_NETEM,not set,not set,false,false
CONFIG_NET_SCH_PIE,not set,not set,false,false
CONFIG_NET_SCH_PLUG,not set,not set,false,false
CONFIG_NET_SCH_PRIO,not set,not set,false,false
CONFIG_NET_SCH_QFQ,not set,not set,false,false
CONFIG_NET_SCH_RED,not set,not set,false,false
CONFIG_NET_SCH_SFB,not set,not set,false,false
CONFIG_NET_SCH_SFQ,not set,not set,false,false
CONFIG_NET_SCH_TBF,not set,not set,false,false
CONFIG_NET_SCH_TEQL,not set,not set,false,false
CONFIG_NET_SWITCHDEV,not set,not set,false,false
CONFIG_NET_TEAM,not set,not set,false,false
CONFIG_NET_UDP_TUNNEL,not set,not set,false,false
CONFIG_NEW_LEDS,y,y,false,false
CONFIG_NFC,not set,not set,false,false
CONFIG_NFC_CHIP_SUPPORT,not set,not set,false,false
CONFIG_NF_CONNTRACK,y,y,false,false
CONFIG_NF_CONNTRACK_AMANDA,y,y,false,false
CONFIG_NF_CONNTRACK_BROADCAST,y,y,false,false
CONFIG_NF_CONNTRACK_EVENTS,y,y,false,false
CONFIG_NF_CONNTRACK_FTP,y,y,false,false
CONFIG_NF_CONNTRACK_H323,y,y,false,false
CONFIG_NF_CONNTRACK_IPV4,y,y,false,false
CONFIG_NF_CONNTRACK_IPV6,y,y,false,false
CONFIG_NF_CONNTRACK_IRC,y,y,false,false
CONFIG_NF_CONNTRACK_MARK,y,y,false,false
CONFIG_NF_CONNTRACK_NETBIOS_NS,y,y,false,false
CONFIG_NF_CONNTRACK_PPTP,y,y,false,false
CONFIG_NF_CONNTRACK_PROCFS,y,y,false,false
CONFIG_NF_CONNTRACK_PROC_COMPAT,y,y,false,false
CONFIG_NF_CONNTRACK_SANE,y,y,false,false
CONFIG_NF_CONNTRACK_SECMARK,y,y,false,false
CONFIG_NF_CONNTRACK_SIP,not set,not set,false,false
CONFIG_NF_CONNTRACK_SNMP,not set,not set,false,false
CONFIG_NF_CONNTRACK_TFTP,y,y,false,false
CONFIG_NF_CONNTRACK_TIMEOUT,not set,not set,false,false
CONFIG_NF_CONNTRACK_TIMESTAMP,not set,y,true,false
CONFIG_NF_CT_NETLINK,y,y,false,false
CONFIG_NF_CT_NETLINK_TIMEOUT,not set,not set,false,false
CONFIG_NF_CT_PROTO_DCCP,y,y,false,false
CONFIG_NF_CT_PROTO_GRE,y,y,false,false
CONFIG_NF_CT_PROTO_SCTP,y,y,false,false
CONFIG_NF_CT_PROTO_UDPLITE,y,y,false,false
CONFIG_NF_DEFRAG_IPV4,y,y,false,false
CONFIG_NF_DEFRAG_IPV6,y,y,false,false
CONFIG_NF_DUP_IPV4,not set,not set,false,false
CONFIG_NF_DUP_IPV6,not set,not set,false,false
CONFIG_NF_LOG_ARP,not set,not set,false,false
CONFIG_NF_LOG_IPV4,not set,not set,false,false
CONFIG_NF_LOG_IPV6,not set,not set,false,false
CONFIG_NF_NAT,y,y,false,false
CONFIG_NF_NAT_AMANDA,y,y,false,false
CONFIG_NF_NAT_FTP,y,y,false,false
CONFIG_NF_NAT_H323,y,y,false,false
CONFIG_NF_NAT_IPV4,y,y,false,false
CONFIG_NF_NAT_IPV6,not set,not set,false,false
CONFIG_NF_NAT_IRC,y,y,false,false
CONFIG_NF_NAT_MASQUERADE_IPV4,y,y,false,false
CONFIG_NF_NAT_NEEDED,y,y,false,false
CONFIG_NF_NAT_PPTP,y,y,false,false
CONFIG_NF_NAT_PROTO_DCCP,y,y,false,false
CONFIG_NF_NAT_PROTO_GRE,y,y,false,false
CONFIG_NF_NAT_PROTO_SCTP,y,y,false,false
CONFIG_NF_NAT_PROTO_UDPLITE,y,y,false,false
CONFIG_NF_NAT_REDIRECT,y,y,false,false
CONFIG_NF_NAT_SIP,not set,not set,false,false
CONFIG_NF_NAT_TFTP,y,y,false,false
CONFIG_NF_REJECT_IPV4,y,y,false,false
CONFIG_NF_REJECT_IPV6,y,y,false,false
CONFIG_NF_TABLES,not set,not set,false,false
CONFIG_NILFS2_FS,not set,not set,false,false
CONFIG_NL80211_TESTMODE,y,y,false,false
CONFIG_NLATTR,y,y,false,false
CONFIG_NLMON,not set,not set,false,false
CONFIG_NLS,y,y,false,false
CONFIG_NLS_ASCII,y,y,false,false
CONFIG_NLS_CODEPAGE_1250,not set,not set,false,false
CONFIG_NLS_CODEPAGE_1251,not set,not set,false,false
CONFIG_NLS_CODEPAGE_437,y,y,false,false
CONFIG_NLS_CODEPAGE_737,not set,not set,false,false
CONFIG_NLS_CODEPAGE_775,not set,not set,false,false
CONFIG_NLS_CODEPAGE_850,not set,not set,false,false
CONFIG_NLS_CODEPAGE_852,not set,not set,false,false
CONFIG_NLS_CODEPAGE_855,not set,not set,false,false
CONFIG_NLS_CODEPAGE_857,not set,not set,false,false
CONFIG_NLS_CODEPAGE_860,not set,not set,false,false
CONFIG_NLS_CODEPAGE_861,not set,not set,false,false
CONFIG_NLS_CODEPAGE_862,not set,not set,false,false
CONFIG_NLS_CODEPAGE_863,not set,not set,false,false
CONFIG_NLS_CODEPAGE_864,not set,not set,false,false
CONFIG_NLS_CODEPAGE_865,not set,not set,false,false
CONFIG_NLS_CODEPAGE_866,not set,not set,false,false
CONFIG_NLS_CODEPAGE_869,not set,not set,false,false
CONFIG_NLS_CODEPAGE_874,not set,not set,false,false
CONFIG_NLS_CODEPAGE_932,not set,not set,false,false
CONFIG_NLS_CODEPAGE_936,not set,not set,false,false
CONFIG_NLS_CODEPAGE_949,not set,not set,false,false
CONFIG_NLS_CODEPAGE_950,y,y,false,false
CONFIG_NLS_DEFAULT,"""iso8859-1""","""iso8859-1""",false,false
CONFIG_NLS_ISO8859_1,y,y,false,false
CONFIG_NLS_ISO8859_13,not set,not set,false,false
CONFIG_NLS_ISO8859_14,not set,not set,false,false
CONFIG_NLS_ISO8859_15,not set,not set,false,false
CONFIG_NLS_ISO8859_2,not set,not set,false,false
CONFIG_NLS_ISO8859_3,not set,not set,false,false
CONFIG_NLS_ISO8859_4,not set,not set,false,false
CONFIG_NLS_ISO8859_5,not set,not set,false,false
CONFIG_NLS_ISO8859_6,not set,not set,false,false
CONFIG_NLS_ISO8859_7,not set,not set,false,false
CONFIG_NLS_ISO8859_8,not set,not set,false,false
CONFIG_NLS_ISO8859_9,not set,not set,false,false
CONFIG_NLS_KOI8_R,not set,not set,false,false
CONFIG_NLS_KOI8_U,not set,not set,false,false
CONFIG_NLS_MAC_CELTIC,not set,not set,false,false
CONFIG_NLS_MAC_CENTEURO,not set,not set,false,false
CONFIG_NLS_MAC_CROATIAN,not set,not set,false,false
CONFIG_NLS_MAC_CYRILLIC,not set,not set,false,false
CONFIG_NLS_MAC_GAELIC,not set,not set,false,false
CONFIG_NLS_MAC_GREEK,not set,not set,false,false
CONFIG_NLS_MAC_ICELAND,not set,not set,false,false
CONFIG_NLS_MAC_INUIT,not set,not set,false,false
CONFIG_NLS_MAC_ROMAN,not set,not set,false,false
CONFIG_NLS_MAC_ROMANIAN,not set,not set,false,false
CONFIG_NLS_MAC_TURKISH,not set,not set,false,false
CONFIG_NLS_UTF8,y,y,false,false
CONFIG_NOP_TRACER,y,y,false,false
CONFIG_NOP_USB_XCEIV,y,y,false,false
CONFIG_NORMALIZE_PANEL_BRIGHTNESS_SUPPORT,y,y,false,false
CONFIG_NOTIFIER_ERROR_INJECTION,not set,not set,false,false
CONFIG_NO_BOOTMEM,y,y,false,false
CONFIG_NO_HZ,y,y,false,false
CONFIG_NO_HZ_COMMON,y,y,false,false
CONFIG_NO_HZ_FULL,not set,not set,false,false
CONFIG_NO_HZ_IDLE,y,y,false,false
CONFIG_NO_IOPORT_MAP,y,y,false,false
CONFIG_NR_CPUS,8,8,false,false
CONFIG_NTFS_FS,not set,not set,false,false
CONFIG_NVM,not set,not set,false,false
CONFIG_NVMEM,not set,not set,false,false
CONFIG_N_GSM,not set,not set,false,false
CONFIG_OCFS2_FS,not set,not set,false,false
CONFIG_OF,y,y,false,false
CONFIG_OF_ADDRESS,y,y,false,false
CONFIG_OF_EARLY_FLATTREE,y,y,false,false
CONFIG_OF_FLATTREE,y,y,false,false
CONFIG_OF_GPIO,y,y,false,false
CONFIG_OF_IOMMU,y,y,false,false
CONFIG_OF_IRQ,y,y,false,false
CONFIG_OF_MDIO,y,y,false,false
CONFIG_OF_NET,y,y,false,false
CONFIG_OF_OVERLAY,not set,not set,false,false
CONFIG_OF_RESERVED_MEM,y,y,false,false
CONFIG_OF_UNITTEST,not set,not set,false,false
CONFIG_OID_REGISTRY,y,y,false,false
CONFIG_OLD_SIGSUSPEND3,y,y,false,false
CONFIG_OMFS_FS,not set,not set,false,false
CONFIG_ONEKEY_REBOOT_NORMAL_MODE,y,y,false,false
CONFIG_ONEKEY_REBOOT_OTHER_MODE,y,y,false,false
CONFIG_OPENVSWITCH,not set,not set,false,false
CONFIG_OPT3001,not set,not set,false,false
CONFIG_OVERLAY_FS,not set,not set,false,false
CONFIG_PA12203001,not set,not set,false,false
CONFIG_PACKET,y,y,false,false
CONFIG_PACKET_DIAG,not set,not set,false,false
CONFIG_PAGE_EXTENSION,not set,not set,false,false
CONFIG_PAGE_OWNER,not set,not set,false,false
CONFIG_PANIC_ON_OOPS,y,y,false,false
CONFIG_PANIC_ON_OOPS_VALUE,1,1,false,false
CONFIG_PANIC_ON_RT_THROTTLING,not set,not set,false,false
CONFIG_PANIC_TIMEOUT,1,1,false,false
CONFIG_PANTHERLORD_FF,not set,not set,false,false
CONFIG_PARPORT,not set,not set,false,false
CONFIG_PARTITION_ADVANCED,not set,not set,false,false
CONFIG_PCI,not set,not set,false,false
CONFIG_PCI_DOMAINS,not set,not set,false,false
CONFIG_PCI_DOMAINS_GENERIC,not set,not set,false,false
CONFIG_PCI_SYSCALL,not set,not set,false,false
CONFIG_PDA_POWER,not set,not set,false,false
CONFIG_PERCPU_TEST,not set,not set,false,false
CONFIG_PERF_EVENTS,y,y,false,false
CONFIG_PERF_USE_VMALLOC,y,y,false,false
CONFIG_PERSISTENT_KEYRINGS,not set,not set,false,false
CONFIG_PGTABLE_LEVELS,3,3,false,false
CONFIG_PGTABLE_MAPPING,y,y,false,false
CONFIG_PHONET,not set,not set,false,false
CONFIG_PHYLIB,y,y,false,false
CONFIG_PHYS_ADDR_T_64BIT,y,y,false,false
CONFIG_PHY_MTK_PCIE,not set,not set,false,false
CONFIG_PHY_MTK_SOLUTION,not set,not set,false,false
CONFIG_PHY_MTK_SSUSB,not set,not set,false,false
CONFIG_PHY_PXA_28NM_HSIC,not set,not set,false,false
CONFIG_PHY_PXA_28NM_USB2,not set,not set,false,false
CONFIG_PHY_XGENE,not set,not set,false,false
CONFIG_PID_IN_CONTEXTIDR,not set,not set,false,false
CONFIG_PINCONF,y,y,false,false
CONFIG_PINCTRL,y,y,false,false
CONFIG_PINCTRL_AMD,not set,not set,false,false
CONFIG_PINCTRL_MT8183,y,y,false,false
CONFIG_PINCTRL_MTK_COMMON,y,y,false,false
CONFIG_PINCTRL_SINGLE,not set,not set,false,false
CONFIG_PINMUX,y,y,false,false
CONFIG_PKCS7_MESSAGE_PARSER,not set,not set,false,false
CONFIG_PL330_DMA,not set,not set,false,false
CONFIG_PM,y,y,false,false
CONFIG_PMIC_ADP5520,not set,not set,false,false
CONFIG_PMIC_DA903X,not set,not set,false,false
CONFIG_PM_AUTOSLEEP,y,y,false,false
CONFIG_PM_CLK,y,y,false,false
CONFIG_PM_DEBUG,not set,not set,false,false
CONFIG_PM_DEVFREQ,y,y,false,false
CONFIG_PM_DEVFREQ_EVENT,not set,not set,false,false
CONFIG_PM_SLEEP,y,y,false,false
CONFIG_PM_SLEEP_SMP,y,y,false,false
CONFIG_PM_WAKELOCKS,y,y,false,false
CONFIG_PM_WAKELOCKS_GC,y,y,false,false
CONFIG_PM_WAKELOCKS_LIMIT,100,100,false,false
CONFIG_POSIX_MQUEUE,not set,not set,false,false
CONFIG_POWERCAP,not set,not set,false,false
CONFIG_POWER_AVS,not set,not set,false,false
CONFIG_POWER_EXT,not set,not set,false,false
CONFIG_POWER_RESET,y,y,false,false
CONFIG_POWER_RESET_GPIO,not set,not set,false,false
CONFIG_POWER_RESET_GPIO_RESTART,not set,not set,false,false
CONFIG_POWER_RESET_LTC2952,not set,not set,false,false
CONFIG_POWER_RESET_RESTART,not set,not set,false,false
CONFIG_POWER_RESET_SYSCON,not set,not set,false,false
CONFIG_POWER_RESET_SYSCON_POWEROFF,not set,not set,false,false
CONFIG_POWER_RESET_XGENE,not set,not set,false,false
CONFIG_POWER_SUPPLY,y,y,false,false
CONFIG_POWER_SUPPLY_DEBUG,not set,not set,false,false
CONFIG_PPP,y,y,false,false
CONFIG_PPPOE,y,y,false,false
CONFIG_PPPOLAC,y,y,false,false
CONFIG_PPPOPNS,y,y,false,false
CONFIG_PPP_ASYNC,y,y,false,false
CONFIG_PPP_BSDCOMP,y,y,false,false
CONFIG_PPP_DEFLATE,y,y,false,false
CONFIG_PPP_FILTER,y,y,false,false
CONFIG_PPP_MPPE,y,y,false,false
CONFIG_PPP_MULTILINK,y,y,false,false
CONFIG_PPP_SYNC_TTY,y,y,false,false
CONFIG_PPS,not set,not set,false,false
CONFIG_PREEMPT,y,y,false,true
CONFIG_PREEMPTIRQ_EVENTS,not set,not set,false,false
CONFIG_PREEMPT_COUNT,y,y,false,false
CONFIG_PREEMPT_NONE,not set,not set,false,false
CONFIG_PREEMPT_RCU,y,y,false,false
CONFIG_PREEMPT_TRACER,not set,not set,false,false
CONFIG_PREEMPT_VOLUNTARY,not set,not set,false,false
CONFIG_PREVENT_FIRMWARE_BUILD,y,y,false,false
CONFIG_PRINTK,y,y,false,false
CONFIG_PRINTK_MT_PREFIX,y,y,false,false
CONFIG_PRINTK_TIME,y,y,false,false
CONFIG_PRINT_QUOTA_WARNING,y,y,false,false
CONFIG_PRISM2_USB,not set,not set,false,false
CONFIG_PROBE_EVENTS,not set,not set,false,false
CONFIG_PROC_CHILDREN,not set,not set,false,false
CONFIG_PROC_FS,y,y,false,false
CONFIG_PROC_KCORE,not set,not set,false,false
CONFIG_PROC_PAGE_MONITOR,y,y,false,false
CONFIG_PROC_PID_CPUSET,y,y,false,false
CONFIG_PROC_SYSCTL,y,y,false,false
CONFIG_PROC_UID,y,y,false,false
CONFIG_PROFILE_ALL_BRANCHES,not set,not set,false,false
CONFIG_PROFILE_ANNOTATED_BRANCHES,not set,not set,false,false
CONFIG_PROFILE_CPU,y,y,false,false
CONFIG_PROFILING,y,y,false,false
CONFIG_PROJECT_PHY,y,y,false,false
CONFIG_PROVE_LOCKING,not set,not set,false,false
CONFIG_PROVE_RCU,not set,not set,false,false
CONFIG_PSTORE,y,y,false,false
CONFIG_PSTORE_CONSOLE,y,y,false,false
CONFIG_PSTORE_CONSOLE_SIZE,0x40000,0x40000,false,false
CONFIG_PSTORE_MEM_ADDR,0x54410000,0x54410000,false,false
CONFIG_PSTORE_MEM_SIZE,0xe0000,0xe0000,false,false
CONFIG_PSTORE_PMSG,y,y,false,false
CONFIG_PSTORE_PMSG_SIZE,0x10000,0x10000,false,false
CONFIG_PSTORE_RAM,y,y,false,false
CONFIG_PTP_1588_CLOCK,not set,not set,false,false
CONFIG_PUBLIC_KEY_ALGO_RSA,y,y,false,false
CONFIG_PWM,not set,not set,false,false
CONFIG_QFMT_V1,not set,not set,false,false
CONFIG_QFMT_V2,y,y,false,false
CONFIG_QNX4FS_FS,not set,not set,false,false
CONFIG_QNX6FS_FS,not set,not set,false,false
CONFIG_QSEMI_PHY,not set,not set,false,false
CONFIG_QUOTA,y,y,false,false
CONFIG_QUOTACTL,y,y,false,false
CONFIG_QUOTA_DEBUG,not set,not set,false,false
CONFIG_QUOTA_NETLINK_INTERFACE,y,y,false,false
CONFIG_QUOTA_TREE,y,y,false,false
CONFIG_R3964,not set,not set,false,false
CONFIG_R8188EU,not set,not set,false,false
CONFIG_R8712U,not set,not set,false,false
CONFIG_RAID_ATTRS,not set,not set,false,false
CONFIG_RANDOM32_SELFTEST,not set,not set,false,false
CONFIG_RANDOMIZE_BASE,y,y,false,true
CONFIG_RANDOMIZE_MODULE_REGION_FULL,y,y,false,false
CONFIG_RAS,not set,not set,false,false
CONFIG_RATIONAL,y,y,false,false
CONFIG_RAWFS_FS,not set,not set,false,false
CONFIG_RAW_DRIVER,not set,not set,false,false
CONFIG_RBTREE_TEST,not set,not set,false,false
CONFIG_RCU_CPU_STALL_TIMEOUT,60,60,false,false
CONFIG_RCU_EQS_DEBUG,not set,not set,false,false
CONFIG_RCU_EXPEDITE_BOOT,not set,not set,false,false
CONFIG_RCU_EXPERT,not set,not set,false,false
CONFIG_RCU_STALL_COMMON,y,y,false,false
CONFIG_RCU_TORTURE_TEST,not set,not set,false,false
CONFIG_RCU_TRACE,not set,not set,false,false
CONFIG_RDS,not set,not set,false,false
CONFIG_RD_BZIP2,y,y,false,false
CONFIG_RD_GZIP,y,y,false,false
CONFIG_RD_LZ4,y,y,false,false
CONFIG_RD_LZMA,y,y,false,false
CONFIG_RD_LZO,y,y,false,false
CONFIG_RD_XZ,y,y,false,false
CONFIG_READABLE_ASM,not set,not set,false,false
CONFIG_REALTEK_PHY,not set,not set,false,false
CONFIG_REED_SOLOMON,y,y,false,false
CONFIG_REED_SOLOMON_DEC8,y,y,false,false
CONFIG_REED_SOLOMON_ENC8,y,y,false,false
CONFIG_REGMAP,y,y,false,false
CONFIG_REGMAP_I2C,y,y,false,false
CONFIG_REGMAP_MMIO,y,y,false,false
CONFIG_REGMAP_SPI,y,y,false,false
CONFIG_REGULATOR,y,y,false,false
CONFIG_REGULATOR_ACT8865,not set,not set,false,false
CONFIG_REGULATOR_AD5398,not set,not set,false,false
CONFIG_REGULATOR_ANATOP,not set,not set,false,false
CONFIG_REGULATOR_DA9210,not set,not set,false,false
CONFIG_REGULATOR_DA9211,not set,not set,false,false
CONFIG_REGULATOR_DEBUG,not set,not set,false,false
CONFIG_REGULATOR_FAN53555,not set,not set,false,false
CONFIG_REGULATOR_FIXED_VOLTAGE,not set,not set,false,false
CONFIG_REGULATOR_GPIO,not set,not set,false,false
CONFIG_REGULATOR_ISL6271A,not set,not set,false,false
CONFIG_REGULATOR_ISL9305,not set,not set,false,false
CONFIG_REGULATOR_LP3971,not set,not set,false,false
CONFIG_REGULATOR_LP3972,not set,not set,false,false
CONFIG_REGULATOR_LP872X,not set,not set,false,false
CONFIG_REGULATOR_LP8755,not set,not set,false,false
CONFIG_REGULATOR_LTC3589,not set,not set,false,false
CONFIG_REGULATOR_MAX1586,not set,not set,false,false
CONFIG_REGULATOR_MAX8649,not set,not set,false,false
CONFIG_REGULATOR_MAX8660,not set,not set,false,false
CONFIG_REGULATOR_MAX8952,not set,not set,false,false
CONFIG_REGULATOR_MAX8973,not set,not set,false,false
CONFIG_REGULATOR_MT6311,not set,not set,false,false
CONFIG_REGULATOR_MTK,not set,not set,false,false
CONFIG_REGULATOR_PFUZE100,not set,not set,false,false
CONFIG_REGULATOR_TPS51632,not set,not set,false,false
CONFIG_REGULATOR_TPS62360,not set,not set,false,false
CONFIG_REGULATOR_TPS65023,not set,not set,false,false
CONFIG_REGULATOR_TPS6507X,not set,not set,false,false
CONFIG_REGULATOR_TPS6524X,not set,not set,false,false
CONFIG_REGULATOR_USERSPACE_CONSUMER,not set,not set,false,false
CONFIG_REGULATOR_VIRTUAL_CONSUMER,not set,not set,false,false
CONFIG_REG_MONITOR_DRIVER,not set,not set,false,false
CONFIG_REISERFS_FS,not set,not set,false,false
CONFIG_RELAY,not set,not set,false,false
CONFIG_RELOCATABLE,y,y,false,false
CONFIG_RESET_CONTROLLER,y,y,false,false
CONFIG_RFKILL,not set,not set,false,false
CONFIG_RFKILL_REGULATOR,not set,not set,false,false
CONFIG_RFS_ACCEL,y,y,false,false
CONFIG_RING_BUFFER,y,y,false,false
CONFIG_RING_BUFFER_BENCHMARK,not set,not set,false,false
CONFIG_RING_BUFFER_STARTUP_TEST,not set,not set,false,false
CONFIG_ROMFS_FS,not set,not set,false,false
CONFIG_RPMB,y,y,false,false
CONFIG_RPMB_INTF_DEV,not set,not set,false,false
CONFIG_RPMB_SIM,not set,not set,false,false
CONFIG_RPR0521,not set,not set,false,false
CONFIG_RPS,y,y,false,false
CONFIG_RTC_CLASS,y,y,false,false
CONFIG_RTC_DEBUG,not set,not set,false,false
CONFIG_RTC_DRV_ABB5ZES3,not set,not set,false,false
CONFIG_RTC_DRV_ABX80X,not set,not set,false,false
CONFIG_RTC_DRV_BQ32K,not set,not set,false,false
CONFIG_RTC_DRV_BQ4802,not set,not set,false,false
CONFIG_RTC_DRV_DS1286,not set,not set,false,false
CONFIG_RTC_DRV_DS1305,not set,not set,false,false
CONFIG_RTC_DRV_DS1307,not set,not set,false,false
CONFIG_RTC_DRV_DS1343,not set,not set,false,false
CONFIG_RTC_DRV_DS1347,not set,not set,false,false
CONFIG_RTC_DRV_DS1374,not set,not set,false,false
CONFIG_RTC_DRV_DS1390,not set,not set,false,false
CONFIG_RTC_DRV_DS1511,not set,not set,false,false
CONFIG_RTC_DRV_DS1553,not set,not set,false,false
CONFIG_RTC_DRV_DS1672,not set,not set,false,false
CONFIG_RTC_DRV_DS1685_FAMILY,not set,not set,false,false
CONFIG_RTC_DRV_DS1742,not set,not set,false,false
CONFIG_RTC_DRV_DS2404,not set,not set,false,false
CONFIG_RTC_DRV_DS3232,not set,not set,false,false
CONFIG_RTC_DRV_DS3234,not set,not set,false,false
CONFIG_RTC_DRV_EM3027,not set,not set,false,false
CONFIG_RTC_DRV_FM3130,not set,not set,false,false
CONFIG_RTC_DRV_HID_SENSOR_TIME,not set,not set,false,false
CONFIG_RTC_DRV_HYM8563,not set,not set,false,false
CONFIG_RTC_DRV_ISL12022,not set,not set,false,false
CONFIG_RTC_DRV_ISL12057,not set,not set,false,false
CONFIG_RTC_DRV_ISL1208,not set,not set,false,false
CONFIG_RTC_DRV_M41T80,not set,not set,false,false
CONFIG_RTC_DRV_M41T93,not set,not set,false,false
CONFIG_RTC_DRV_M41T94,not set,not set,false,false
CONFIG_RTC_DRV_M48T35,not set,not set,false,false
CONFIG_RTC_DRV_M48T59,not set,not set,false,false
CONFIG_RTC_DRV_M48T86,not set,not set,false,false
CONFIG_RTC_DRV_MAX6900,not set,not set,false,false
CONFIG_RTC_DRV_MAX6902,not set,not set,false,false
CONFIG_RTC_DRV_MCP795,not set,not set,false,false
CONFIG_RTC_DRV_MSM6242,not set,not set,false,false
CONFIG_RTC_DRV_PCF2123,not set,not set,false,false
CONFIG_RTC_DRV_PCF2127,not set,not set,false,false
CONFIG_RTC_DRV_PCF85063,not set,not set,false,false
CONFIG_RTC_DRV_PCF8523,not set,not set,false,false
CONFIG_RTC_DRV_PCF8563,not set,not set,false,false
CONFIG_RTC_DRV_PCF8583,not set,not set,false,false
CONFIG_RTC_DRV_PL030,not set,not set,false,false
CONFIG_RTC_DRV_PL031,not set,not set,false,false
CONFIG_RTC_DRV_R9701,not set,not set,false,false
CONFIG_RTC_DRV_RP5C01,not set,not set,false,false
CONFIG_RTC_DRV_RS5C348,not set,not set,false,false
CONFIG_RTC_DRV_RS5C372,not set,not set,false,false
CONFIG_RTC_DRV_RV3029C2,not set,not set,false,false
CONFIG_RTC_DRV_RV8803,not set,not set,false,false
CONFIG_RTC_DRV_RX4581,not set,not set,false,false
CONFIG_RTC_DRV_RX8025,not set,not set,false,false
CONFIG_RTC_DRV_RX8581,not set,not set,false,false
CONFIG_RTC_DRV_S35390A,not set,not set,false,false
CONFIG_RTC_DRV_SNVS,not set,not set,false,false
CONFIG_RTC_DRV_STK17TA8,not set,not set,false,false
CONFIG_RTC_DRV_TEST,not set,not set,false,false
CONFIG_RTC_DRV_V3020,not set,not set,false,false
CONFIG_RTC_DRV_X1205,not set,not set,false,false
CONFIG_RTC_DRV_ZYNQMP,not set,not set,false,false
CONFIG_RTC_HCTOSYS,y,y,false,false
CONFIG_RTC_HCTOSYS_DEVICE,"""rtc0""","""rtc0""",false,false
CONFIG_RTC_INTF_DEV,y,y,false,false
CONFIG_RTC_INTF_DEV_UIE_EMUL,not set,not set,false,false
CONFIG_RTC_INTF_PROC,y,y,false,false
CONFIG_RTC_INTF_SYSFS,y,y,false,false
CONFIG_RTC_LIB,y,y,false,false
CONFIG_RTC_SYSTOHC,not set,not set,false,false
CONFIG_RTLLIB,not set,not set,false,false
CONFIG_RT_FLASHLIGHT,not set,not set,false,false
CONFIG_RT_GROUP_SCHED,y,y,false,false
CONFIG_RT_MUTEXES,y,y,false,true
CONFIG_RT_REGMAP,y,y,false,false
CONFIG_RWSEM_SPIN_ON_OWNER,y,y,false,false
CONFIG_RWSEM_XCHGADD_ALGORITHM,y,y,false,false
CONFIG_SAMPLES,not set,not set,false,false
CONFIG_SCHEDSTATS,y,y,false,false
CONFIG_SCHED_AUTOGROUP,not set,not set,false,false
CONFIG_SCHED_DEBUG,y,y,false,false
CONFIG_SCHED_HMP,y,y,false,false
CONFIG_SCHED_HMP_PLUS,y,y,false,false
CONFIG_SCHED_HMP_PRIO_FILTER,y,y,false,false
CONFIG_SCHED_HMP_PRIO_FILTER_VAL,5,5,false,false
CONFIG_SCHED_HRTICK,y,y,false,false
CONFIG_SCHED_INFO,y,y,false,false
CONFIG_SCHED_MC,y,y,false,false
CONFIG_SCHED_SMT,not set,not set,false,false
CONFIG_SCHED_STACK_END_CHECK,not set,not set,false,false
CONFIG_SCHED_TRACER,not set,not set,false,false
CONFIG_SCHED_TUNE,y,y,false,false
CONFIG_SCHED_WALT,y,y,false,false
CONFIG_SCSI,y,y,false,false
CONFIG_SCSI_CONSTANTS,not set,not set,false,false
CONFIG_SCSI_DH,not set,not set,false,false
CONFIG_SCSI_DMA,y,y,false,false
CONFIG_SCSI_FC_ATTRS,not set,not set,false,false
CONFIG_SCSI_ISCSI_ATTRS,not set,not set,false,false
CONFIG_SCSI_LOGGING,not set,not set,false,false
CONFIG_SCSI_LOWLEVEL,not set,not set,false,false
CONFIG_SCSI_LOWLEVEL_PCMCIA,not set,not set,false,false
CONFIG_SCSI_MOD,y,y,false,false
CONFIG_SCSI_MQ_DEFAULT,not set,not set,false,false
CONFIG_SCSI_NETLINK,not set,not set,false,false
CONFIG_SCSI_OSD_INITIATOR,not set,not set,false,false
CONFIG_SCSI_PROC_FS,y,y,false,false
CONFIG_SCSI_SAS_ATTRS,not set,not set,false,false
CONFIG_SCSI_SAS_LIBSAS,not set,not set,false,false
CONFIG_SCSI_SCAN_ASYNC,y,y,false,false
CONFIG_SCSI_SPI_ATTRS,not set,not set,false,false
CONFIG_SCSI_SRP_ATTRS,not set,not set,false,false
CONFIG_SDCARD_FS,y,y,false,false
CONFIG_SDIO_UART,not set,not set,false,false
CONFIG_SECCOMP,y,y,false,true
CONFIG_SECCOMP_FILTER,y,y,false,false
CONFIG_SECTION_MISMATCH_WARN_ONLY,not set,not set,false,false
CONFIG_SECURITY,y,y,false,false
CONFIG_SECURITYFS,not set,not set,false,false
CONFIG_SECURITY_APPARMOR,not set,not set,false,false
CONFIG_SECURITY_DMESG_RESTRICT,not set,not set,false,false
CONFIG_SECURITY_NETWORK,y,y,false,false
CONFIG_SECURITY_NETWORK_XFRM,not set,not set,false,false
CONFIG_SECURITY_PATH,not set,not set,false,false
CONFIG_SECURITY_PERF_EVENTS_RESTRICT,y,y,false,false
CONFIG_SECURITY_SELINUX,y,y,false,true
CONFIG_SECURITY_SELINUX_AVC_STATS,y,y,false,false
CONFIG_SECURITY_SELINUX_BOOTPARAM,y,y,false,false
CONFIG_SECURITY_SELINUX_BOOTPARAM_VALUE,1,1,false,false
CONFIG_SECURITY_SELINUX_CHECKREQPROT_VALUE,0,0,false,false
CONFIG_SECURITY_SELINUX_DEVELOP,y,y,false,false
CONFIG_SECURITY_SELINUX_DISABLE,not set,not set,false,false
CONFIG_SECURITY_SELINUX_KERN_PERMISSIVE,not set,not set,false,false
CONFIG_SECURITY_SELINUX_POLICYDB_VERSION_MAX,not set,not set,false,false
CONFIG_SECURITY_SMACK,not set,not set,false,false
CONFIG_SECURITY_TOMOYO,not set,not set,false,false
CONFIG_SECURITY_YAMA,not set,not set,false,false
CONFIG_SELECT_MEMORY_MODEL,y,y,false,false
CONFIG_SENSORS_APDS990X,not set,not set,false,false
CONFIG_SENSORS_BH1770,not set,not set,false,false
CONFIG_SENSORS_BH1780,not set,not set,false,false
CONFIG_SENSORS_HMC5843_I2C,not set,not set,false,false
CONFIG_SENSORS_HMC5843_SPI,not set,not set,false,false
CONFIG_SENSORS_ISL29018,not set,not set,false,false
CONFIG_SENSORS_ISL29028,not set,not set,false,false
CONFIG_SENSORS_LIS3LV02D,not set,not set,false,false
CONFIG_SENSORS_LIS3_I2C,not set,not set,false,false
CONFIG_SENSORS_LIS3_SPI,not set,not set,false,false
CONFIG_SENSORS_TSL2550,not set,not set,false,false
CONFIG_SENSORS_TSL2563,not set,not set,false,false
CONFIG_SERIAL_8250,y,y,false,false
CONFIG_SERIAL_8250_CONSOLE,y,y,false,false
CONFIG_SERIAL_8250_DEPRECATED_OPTIONS,y,y,false,false
CONFIG_SERIAL_8250_DMA,y,y,false,false
CONFIG_SERIAL_8250_DW,not set,not set,false,false
CONFIG_SERIAL_8250_EXTENDED,not set,not set,false,false
CONFIG_SERIAL_8250_FSL,y,y,false,false
CONFIG_SERIAL_8250_INGENIC,not set,not set,false,false
CONFIG_SERIAL_8250_MT6577,y,y,false,false
CONFIG_SERIAL_8250_NR_UARTS,3,3,false,false
CONFIG_SERIAL_8250_RT288X,not set,not set,false,false
CONFIG_SERIAL_8250_RUNTIME_UARTS,3,3,false,false
CONFIG_SERIAL_ALTERA_JTAGUART,not set,not set,false,false
CONFIG_SERIAL_ALTERA_UART,not set,not set,false,false
CONFIG_SERIAL_AMBA_PL010,not set,not set,false,false
CONFIG_SERIAL_AMBA_PL011,not set,not set,false,false
CONFIG_SERIAL_ARC,not set,not set,false,false
CONFIG_SERIAL_CONEXANT_DIGICOLOR,not set,not set,false,false
CONFIG_SERIAL_CORE,y,y,false,false
CONFIG_SERIAL_CORE_CONSOLE,y,y,false,false
CONFIG_SERIAL_EARLYCON,y,y,false,false
CONFIG_SERIAL_EARLYCON_ARM_SEMIHOST,not set,not set,false,false
CONFIG_SERIAL_FSL_LPUART,not set,not set,false,false
CONFIG_SERIAL_IFX6X60,not set,not set,false,false
CONFIG_SERIAL_MAX3100,not set,not set,false,false
CONFIG_SERIAL_MAX310X,not set,not set,false,false
CONFIG_SERIAL_MTK_EARLY_CONSOLE,not set,not set,false,false
CONFIG_SERIAL_NONSTANDARD,not set,not set,false,false
CONFIG_SERIAL_OF_PLATFORM,not set,not set,false,false
CONFIG_SERIAL_SC16IS7XX,not set,not set,false,false
CONFIG_SERIAL_SCCNXP,not set,not set,false,false
CONFIG_SERIAL_UARTLITE,not set,not set,false,false
CONFIG_SERIAL_XILINX_PS_UART,not set,not set,false,false
CONFIG_SERIO,not set,not set,false,false
CONFIG_SETEND_EMULATION,y,y,false,false
CONFIG_SGETMASK_SYSCALL,not set,not set,false,false
CONFIG_SG_SPLIT,not set,not set,false,false
CONFIG_SHMEM,y,y,false,false
CONFIG_SH_TIMER_CMT,not set,not set,false,false
CONFIG_SH_TIMER_MTU2,not set,not set,false,false
CONFIG_SH_TIMER_TMU,not set,not set,false,false
CONFIG_SI7005,not set,not set,false,false
CONFIG_SI7020,not set,not set,false,false
CONFIG_SIGNALFD,y,y,false,false
CONFIG_SILENT_OTA,not set,not set,false,false
CONFIG_SINGLE_PANEL_OUTPUT,not set,not set,false,false
CONFIG_SKIP_CHECK_BATON,y,y,false,false
CONFIG_SLAB,not set,not set,false,false
CONFIG_SLHC,y,y,false,false
CONFIG_SLIP,not set,not set,false,false
CONFIG_SLOB,not set,not set,false,false
CONFIG_SLUB,y,y,false,false
CONFIG_SLUB_CPU_PARTIAL,y,y,false,false
CONFIG_SLUB_DEBUG,not set,not set,false,false
CONFIG_SLUB_STATS,not set,not set,false,false
CONFIG_SMARTJOYPLUS_FF,not set,not set,false,false
CONFIG_SMP,y,y,false,false
CONFIG_SMSC_PHY,not set,not set,false,false
CONFIG_SND,y,y,false,false
CONFIG_SND_ALOOP,not set,not set,false,false
CONFIG_SND_ATMEL_SOC,not set,not set,false,false
CONFIG_SND_BCD2000,not set,not set,false,false
CONFIG_SND_DEBUG,y,y,false,false
CONFIG_SND_DEBUG_VERBOSE,y,y,false,false
CONFIG_SND_DESIGNWARE_I2S,not set,not set,false,false
CONFIG_SND_DRIVERS,y,y,false,false
CONFIG_SND_DUMMY,not set,not set,false,false
CONFIG_SND_DYNAMIC_MINORS,y,y,false,false
CONFIG_SND_EMU10K1_SEQ,not set,not set,false,false
CONFIG_SND_HDA_PREALLOC_SIZE,64,64,false,false
CONFIG_SND_HRTIMER,y,y,false,false
CONFIG_SND_HWDEP,y,y,false,false
CONFIG_SND_JACK,y,y,false,false
CONFIG_SND_MAX_CARDS,32,32,false,false
CONFIG_SND_MIXER_OSS,not set,not set,false,false
CONFIG_SND_MPU401,not set,not set,false,false
CONFIG_SND_MTPAV,not set,not set,false,false
CONFIG_SND_OPL3_LIB_SEQ,not set,not set,false,false
CONFIG_SND_OPL4_LIB_SEQ,not set,not set,false,false
CONFIG_SND_OSSEMUL,y,y,false,false
CONFIG_SND_PCM,y,y,false,false
CONFIG_SND_PCM_OSS,not set,not set,false,false
CONFIG_SND_PCM_TIMER,y,y,false,false
CONFIG_SND_PCM_XRUN_DEBUG,y,y,false,false
CONFIG_SND_PROC_FS,y,y,false,false
CONFIG_SND_RAWMIDI,y,y,false,false
CONFIG_SND_RAWMIDI_SEQ,y,y,false,false
CONFIG_SND_SBAWE_SEQ,not set,not set,false,false
CONFIG_SND_SEQUENCER,y,y,false,false
CONFIG_SND_SEQUENCER_OSS,y,y,false,false
CONFIG_SND_SEQ_DUMMY,y,y,false,false
CONFIG_SND_SEQ_HRTIMER_DEFAULT,y,y,false,false
CONFIG_SND_SERIAL_U16550,not set,not set,false,false
CONFIG_SND_SIMPLE_CARD,not set,not set,false,false
CONFIG_SND_SOC,y,y,false,false
CONFIG_SND_SOC_AC97_CODEC,not set,not set,false,false
CONFIG_SND_SOC_ADAU1701,not set,not set,false,false
CONFIG_SND_SOC_AK4104,not set,not set,false,false
CONFIG_SND_SOC_AK4554,not set,not set,false,false
CONFIG_SND_SOC_AK4613,not set,not set,false,false
CONFIG_SND_SOC_AK4642,not set,not set,false,false
CONFIG_SND_SOC_AK5386,not set,not set,false,false
CONFIG_SND_SOC_ALC5623,not set,not set,false,false
CONFIG_SND_SOC_CS35L32,not set,not set,false,false
CONFIG_SND_SOC_CS4265,not set,not set,false,false
CONFIG_SND_SOC_CS4270,not set,not set,false,false
CONFIG_SND_SOC_CS4271_I2C,not set,not set,false,false
CONFIG_SND_SOC_CS4271_SPI,not set,not set,false,false
CONFIG_SND_SOC_CS42L51_I2C,not set,not set,false,false
CONFIG_SND_SOC_CS42L52,not set,not set,false,false
CONFIG_SND_SOC_CS42L56,not set,not set,false,false
CONFIG_SND_SOC_CS42L73,not set,not set,false,false
CONFIG_SND_SOC_CS42XX8_I2C,not set,not set,false,false
CONFIG_SND_SOC_CS4349,not set,not set,false,false
CONFIG_SND_SOC_ES8328,not set,not set,false,false
CONFIG_SND_SOC_FSL_ASRC,not set,not set,false,false
CONFIG_SND_SOC_FSL_ESAI,not set,not set,false,false
CONFIG_SND_SOC_FSL_SAI,not set,not set,false,false
CONFIG_SND_SOC_FSL_SPDIF,not set,not set,false,false
CONFIG_SND_SOC_FSL_SSI,not set,not set,false,false
CONFIG_SND_SOC_GTM601,not set,not set,false,false
CONFIG_SND_SOC_I2C_AND_SPI,y,y,false,false
CONFIG_SND_SOC_IMX_AUDMUX,not set,not set,false,false
CONFIG_SND_SOC_MAX98926,not set,not set,false,false
CONFIG_SND_SOC_MT6358_DL_LR_SWAP,y,y,false,false
CONFIG_SND_SOC_MTK_BTCVSD,y,y,false,false
CONFIG_SND_SOC_PCM1681,not set,not set,false,false
CONFIG_SND_SOC_PCM1792A,not set,not set,false,false
CONFIG_SND_SOC_PCM512x_I2C,not set,not set,false,false
CONFIG_SND_SOC_PCM512x_SPI,not set,not set,false,false
CONFIG_SND_SOC_RT5509,y,y,false,false
CONFIG_SND_SOC_RT551X,not set,not set,false,false
CONFIG_SND_SOC_RT551X_CHECK,y,y,false,false
CONFIG_SND_SOC_RT551X_PINCTRL,y,y,false,false
CONFIG_SND_SOC_RT551X_SPI,not set,not set,false,false
CONFIG_SND_SOC_RT551X_TEST_ONLY,not set,not set,false,false
CONFIG_SND_SOC_RT5631,not set,not set,false,false
CONFIG_SND_SOC_RT5677_SPI,not set,not set,false,false
CONFIG_SND_SOC_SGTL5000,not set,not set,false,false
CONFIG_SND_SOC_SIRF_AUDIO_CODEC,not set,not set,false,false
CONFIG_SND_SOC_SPDIF,not set,not set,false,false
CONFIG_SND_SOC_SSM2602_I2C,not set,not set,false,false
CONFIG_SND_SOC_SSM2602_SPI,not set,not set,false,false
CONFIG_SND_SOC_SSM4567,not set,not set,false,false
CONFIG_SND_SOC_STA32X,not set,not set,false,false
CONFIG_SND_SOC_STA350,not set,not set,false,false
CONFIG_SND_SOC_STI_SAS,not set,not set,false,false
CONFIG_SND_SOC_TAS2552,not set,not set,false,false
CONFIG_SND_SOC_TAS5086,not set,not set,false,false
CONFIG_SND_SOC_TAS571X,not set,not set,false,false
CONFIG_SND_SOC_TFA9879,not set,not set,false,false
CONFIG_SND_SOC_TLV320AIC23_I2C,not set,not set,false,false
CONFIG_SND_SOC_TLV320AIC23_SPI,not set,not set,false,false
CONFIG_SND_SOC_TLV320AIC31XX,not set,not set,false,false
CONFIG_SND_SOC_TLV320AIC3X,not set,not set,false,false
CONFIG_SND_SOC_TPA6130A2,not set,not set,false,false
CONFIG_SND_SOC_TS3A227E,not set,not set,false,false
CONFIG_SND_SOC_WM8510,not set,not set,false,false
CONFIG_SND_SOC_WM8523,not set,not set,false,false
CONFIG_SND_SOC_WM8580,not set,not set,false,false
CONFIG_SND_SOC_WM8711,not set,not set,false,false
CONFIG_SND_SOC_WM8728,not set,not set,false,false
CONFIG_SND_SOC_WM8731,not set,not set,false,false
CONFIG_SND_SOC_WM8737,not set,not set,false,false
CONFIG_SND_SOC_WM8741,not set,not set,false,false
CONFIG_SND_SOC_WM8750,not set,not set,false,false
CONFIG_SND_SOC_WM8753,not set,not set,false,false
CONFIG_SND_SOC_WM8770,not set,not set,false,false
CONFIG_SND_SOC_WM8776,not set,not set,false,false
CONFIG_SND_SOC_WM8804_I2C,not set,not set,false,false
CONFIG_SND_SOC_WM8804_SPI,not set,not set,false,false
CONFIG_SND_SOC_WM8903,not set,not set,false,false
CONFIG_SND_SOC_WM8962,not set,not set,false,false
CONFIG_SND_SOC_WM8978,not set,not set,false,false
CONFIG_SND_SOC_XTFPGA_I2S,not set,not set,false,false
CONFIG_SND_SPI,not set,not set,false,false
CONFIG_SND_SUN4I_CODEC,not set,not set,false,false
CONFIG_SND_SUPPORT_OLD_API,y,y,false,false
CONFIG_SND_TIMER,y,y,false,false
CONFIG_SND_USB,y,y,false,false
CONFIG_SND_USB_6FIRE,not set,not set,false,false
CONFIG_SND_USB_AUDIO,y,y,false,false
CONFIG_SND_USB_CAIAQ,not set,not set,false,false
CONFIG_SND_USB_HIFACE,not set,not set,false,false
CONFIG_SND_USB_POD,not set,not set,false,false
CONFIG_SND_USB_PODHD,not set,not set,false,false
CONFIG_SND_USB_TONEPORT,not set,not set,false,false
CONFIG_SND_USB_UA101,not set,not set,false,false
CONFIG_SND_USB_VARIAX,not set,not set,false,false
CONFIG_SND_VERBOSE_PRINTK,y,y,false,false
CONFIG_SND_VERBOSE_PROCFS,y,y,false,false
CONFIG_SND_VIRMIDI,not set,not set,false,false
CONFIG_SOC_BY_AUXADC,not set,not set,false,false
CONFIG_SOC_BY_HW_FG,not set,not set,false,false
CONFIG_SOC_BY_SW_FG,not set,not set,false,false
CONFIG_SOC_TI,not set,not set,false,false
CONFIG_SOFT_WATCHDOG,not set,not set,false,false
CONFIG_SONY_FF,not set,not set,false,false
CONFIG_SOUND,y,y,false,false
CONFIG_SOUND_OSS_CORE,y,y,false,false
CONFIG_SOUND_OSS_CORE_PRECLAIM,y,y,false,false
CONFIG_SOUND_PRIME,y,y,false,false
CONFIG_SPARSEMEM,y,y,false,false
CONFIG_SPARSEMEM_EXTREME,y,y,false,false
CONFIG_SPARSEMEM_MANUAL,y,y,false,false
CONFIG_SPARSEMEM_VMEMMAP,y,y,false,false
CONFIG_SPARSEMEM_VMEMMAP_ENABLE,y,y,false,false
CONFIG_SPARSE_IRQ,y,y,false,false
CONFIG_SPARSE_RCU_POINTER,not set,not set,false,false
CONFIG_SPECIFY_IMGSENSOR,y,y,false,false
CONFIG_SPI,y,y,false,false
CONFIG_SPI_ALTERA,not set,not set,false,false
CONFIG_SPI_BITBANG,not set,not set,false,false
CONFIG_SPI_CADENCE,not set,not set,false,false
CONFIG_SPI_DEBUG,not set,not set,false,false
CONFIG_SPI_DESIGNWARE,not set,not set,false,false
CONFIG_SPI_FSL_SPI,not set,not set,false,false
CONFIG_SPI_GPIO,not set,not set,false,false
CONFIG_SPI_MASTER,y,y,false,false
CONFIG_SPI_MT65XX,y,y,false,false
CONFIG_SPI_OC_TINY,not set,not set,false,false
CONFIG_SPI_PL022,not set,not set,false,false
CONFIG_SPI_PXA2XX_PCI,not set,not set,false,false
CONFIG_SPI_ROCKCHIP,not set,not set,false,false
CONFIG_SPI_SC18IS602,not set,not set,false,false
CONFIG_SPI_SPIDEV,not set,not set,false,false
CONFIG_SPI_TLE62X0,not set,not set,false,false
CONFIG_SPI_XCOMM,not set,not set,false,false
CONFIG_SPI_XILINX,not set,not set,false,false
CONFIG_SPI_ZYNQMP_GQSPI,not set,not set,false,false
CONFIG_SPLIT_PTLOCK_CPUS,4,4,false,false
CONFIG_SPMI,not set,not set,false,false
CONFIG_SQUASHFS,not set,not set,false,false
CONFIG_SRAM,not set,not set,false,false
CONFIG_SRCU,y,y,false,false
CONFIG_SSB,not set,not set,false,false
CONFIG_SSB_POSSIBLE,y,y,false,false
CONFIG_SSUSB_DRV,not set,not set,false,false
CONFIG_SSUSB_MTK_TEST_XHCI,not set,not set,false,false
CONFIG_SSUSB_MTK_XHCI,not set,not set,false,false
CONFIG_SSUSB_MU3_PHY,not set,not set,false,false
CONFIG_STACKTRACE,y,y,false,false
CONFIG_STACKTRACE_SUPPORT,y,y,false,false
CONFIG_STACK_TRACER,not set,not set,false,false
CONFIG_STAGING,y,y,false,false
CONFIG_STAGING_BOARD,not set,not set,false,false
CONFIG_STAGING_MEDIA,not set,not set,false,false
CONFIG_STANDALONE,y,y,false,false
CONFIG_STE10XP,not set,not set,false,false
CONFIG_STE_MODEM_RPROC,not set,not set,false,false
CONFIG_STK3310,not set,not set,false,false
CONFIG_STK8312,not set,not set,false,false
CONFIG_STM,not set,not set,false,false
CONFIG_STM_DUMMY,not set,not set,false,false
CONFIG_STM_SOURCE_CONSOLE,not set,not set,false,false
CONFIG_STP,y,y,false,false
CONFIG_STRICT_DEVMEM,not set,not set,false,false
CONFIG_STRIP_ASM_SYMS,not set,not set,false,false
CONFIG_SUNXI_SRAM,not set,not set,false,false
CONFIG_SUPPORT_DFS_CHANNEL,y,y,false,false
CONFIG_SUPPORT_VO_ENTERPRISE,y,y,false,false
CONFIG_SUSPEND,y,y,false,false
CONFIG_SUSPEND_FREEZER,y,y,false,false
CONFIG_SUSPEND_SKIP_SYNC,not set,not set,false,false
CONFIG_SWAP,y,y,false,false
CONFIG_SWCHR_POWER_PATH,not set,not set,false,false
CONFIG_SWIOTLB,y,y,false,false
CONFIG_SWITCH,y,y,false,false
CONFIG_SWITCH_GPIO,not set,not set,false,false
CONFIG_SWITCH_USB_RT8973,not set,not set,false,false
CONFIG_SWP_EMULATION,y,y,false,false
CONFIG_SW_SYNC,y,y,false,false
CONFIG_SW_SYNC64,not set,not set,false,false
CONFIG_SW_SYNC_USER,y,y,false,false
CONFIG_SX9500,not set,not set,false,false
CONFIG_SYNC,y,y,false,false
CONFIG_SYN_COOKIES,y,y,false,false
CONFIG_SYSCTL,y,y,false,false
CONFIG_SYSCTL_EXCEPTION_TRACE,y,y,false,false
CONFIG_SYSCTL_SYSCALL,y,y,false,false
CONFIG_SYSFS,y,y,false,false
CONFIG_SYSFS_DEPRECATED,not set,not set,false,false
CONFIG_SYSFS_SYSCALL,y,y,false,false
CONFIG_SYSTEM_AS_ROOT,y,y,false,false
CONFIG_SYSTEM_DATA_VERIFICATION,not set,not set,false,false
CONFIG_SYSTEM_TRUSTED_KEYRING,y,y,false,false
CONFIG_SYSTEM_TRUSTED_KEYS,"""certs/amazon_verity.x509.pem""","""certs/amazon_verity.x509.pem""",false,false
CONFIG_SYSVIPC,not set,not set,false,false
CONFIG_SYSV_FS,not set,not set,false,false
CONFIG_SYS_HYPERVISOR,not set,not set,false,false
CONFIG_SYS_SUPPORTS_HUGETLBFS,y,y,false,false
CONFIG_T5403,not set,not set,false,false
CONFIG_TARGET_COPY_OUT_ODM,not set,not set,false,false
CONFIG_TARGET_CORE,not set,not set,false,false
CONFIG_TASKSTATS,y,y,false,false
CONFIG_TASKS_RCU,not set,not set,false,false
CONFIG_TASK_DELAY_ACCT,not set,not set,false,false
CONFIG_TASK_IO_ACCOUNTING,y,y,false,false
CONFIG_TASK_XACCT,y,y,false,false
CONFIG_TCG_TPM,not set,not set,false,false
CONFIG_TCPC_CLASS,y,y,false,false
CONFIG_TCPC_MT6370,y,y,false,false
CONFIG_TCPC_RT1711,not set,not set,false,false
CONFIG_TCPC_RT1711H,not set,not set,false,false
CONFIG_TCPC_RT5081,not set,not set,false,false
CONFIG_TCP_CONG_ADVANCED,not set,not set,false,false
CONFIG_TCP_CONG_CUBIC,y,y,false,false
CONFIG_TCP_MD5SIG,not set,not set,false,false
CONFIG_TCS3414,not set,not set,false,false
CONFIG_TCS3472,not set,not set,false,false
CONFIG_TEE,not set,not set,false,false
CONFIG_TEGRA_AHB,not set,not set,false,false
CONFIG_TERANETICS_PHY,not set,not set,false,false
CONFIG_TEST_BPF,not set,not set,false,false
CONFIG_TEST_FIRMWARE,not set,not set,false,false
CONFIG_TEST_HASH,not set,not set,false,false
CONFIG_TEST_HEXDUMP,not set,not set,false,false
CONFIG_TEST_KSTRTOX,not set,not set,false,false
CONFIG_TEST_LIST_SORT,not set,not set,false,false
CONFIG_TEST_LKM,not set,not set,false,false
CONFIG_TEST_POWER,not set,not set,false,false
CONFIG_TEST_PRINTF,not set,not set,false,false
CONFIG_TEST_RHASHTABLE,not set,not set,false,false
CONFIG_TEST_STATIC_KEYS,not set,not set,false,false
CONFIG_TEST_STRING_HELPERS,not set,not set,false,false
CONFIG_TEST_UDELAY,not set,not set,false,false
CONFIG_TEST_USER_COPY,not set,not set,false,false
CONFIG_TEXTSEARCH,y,y,false,false
CONFIG_TEXTSEARCH_BM,y,y,false,false
CONFIG_TEXTSEARCH_FSM,y,y,false,false
CONFIG_TEXTSEARCH_KMP,y,y,false,false
CONFIG_THERMAL,y,y,false,false
CONFIG_THERMAL_BACKWARD_COMPATIBLE,y,y,false,false
CONFIG_THERMAL_BTS_AMP,y,y,false,false
CONFIG_THERMAL_DEFAULT_GOV_BACKWARD_COMPATIBLE,y,y,false,false
CONFIG_THERMAL_DEFAULT_GOV_FAIR_SHARE,not set,not set,false,false
CONFIG_THERMAL_DEFAULT_GOV_POWER_ALLOCATOR,not set,not set,false,false
CONFIG_THERMAL_DEFAULT_GOV_STEP_WISE,not set,not set,false,false
CONFIG_THERMAL_DEFAULT_GOV_USER_SPACE,not set,not set,false,false
CONFIG_THERMAL_DEFAULT_GOV_VIRTUAL_SENSOR,not set,not set,false,false
CONFIG_THERMAL_EMULATION,not set,not set,false,false
CONFIG_THERMAL_FOD,y,y,false,false
CONFIG_THERMAL_GOV_BANG_BANG,not set,not set,false,false
CONFIG_THERMAL_GOV_FAIR_SHARE,not set,not set,false,false
CONFIG_THERMAL_GOV_POWER_ALLOCATOR,not set,not set,false,false
CONFIG_THERMAL_GOV_STEP_WISE,not set,not set,false,false
CONFIG_THERMAL_GOV_USER_SPACE,not set,not set,false,false
CONFIG_THERMAL_GOV_VIRTUAL_SENSOR,not set,not set,false,false
CONFIG_THERMAL_OF,y,y,false,false
CONFIG_THERMAL_SHUTDOWN_LAST_KMESG,y,y,false,false
CONFIG_THERMAL_WRITABLE_TRIPS,y,y,false,false
CONFIG_THREAD_INFO_IN_TASK,y,y,false,true
CONFIG_THRUSTMASTER_FF,not set,not set,false,false
CONFIG_TICK_CPU_ACCOUNTING,y,y,false,false
CONFIG_TICK_ONESHOT,y,y,false,false
CONFIG_TIMERFD,y,y,false,false
CONFIG_TIMER_STATS,not set,not set,false,false
CONFIG_TIPC,not set,not set,false,false
CONFIG_TI_ADC081C,not set,not set,false,false
CONFIG_TI_ADC128S052,not set,not set,false,false
CONFIG_TI_DAC7512,not set,not set,false,false
CONFIG_TI_ST,not set,not set,false,false
CONFIG_TMP006,not set,not set,false,false
CONFIG_TMPFS,y,y,false,false
CONFIG_TMPFS_POSIX_ACL,not set,not set,false,false
CONFIG_TMPFS_XATTR,not set,not set,false,false
CONFIG_TORTURE_TEST,not set,not set,false,false
CONFIG_TOUCHSCREEN_AD7877,not set,not set,false,false
CONFIG_TOUCHSCREEN_AD7879,not set,not set,false,false
CONFIG_TOUCHSCREEN_ADS7846,not set,not set,false,false
CONFIG_TOUCHSCREEN_AR1021_I2C,not set,not set,false,false
CONFIG_TOUCHSCREEN_ATMEL_MXT,not set,not set,false,false
CONFIG_TOUCHSCREEN_AUO_PIXCIR,not set,not set,false,false
CONFIG_TOUCHSCREEN_BU21013,not set,not set,false,false
CONFIG_TOUCHSCREEN_CHIPONE_ICN8318,not set,not set,false,false
CONFIG_TOUCHSCREEN_CY8CTMG110,not set,not set,false,false
CONFIG_TOUCHSCREEN_CYTTSP4_CORE,not set,not set,false,false
CONFIG_TOUCHSCREEN_CYTTSP_CORE,not set,not set,false,false
CONFIG_TOUCHSCREEN_DUAL_POWER,not set,not set,false,false
CONFIG_TOUCHSCREEN_DYNAPRO,not set,not set,false,false
CONFIG_TOUCHSCREEN_EDT_FT5X06,not set,not set,false,false
CONFIG_TOUCHSCREEN_EETI,not set,not set,false,false
CONFIG_TOUCHSCREEN_EGALAX,not set,not set,false,false
CONFIG_TOUCHSCREEN_ELAN,not set,not set,false,false
CONFIG_TOUCHSCREEN_ELO,not set,not set,false,false
CONFIG_TOUCHSCREEN_FT5X26,not set,not set,false,false
CONFIG_TOUCHSCREEN_FT5X26_WUXGA,not set,not set,false,false
CONFIG_TOUCHSCREEN_FT6236,not set,not set,false,false
CONFIG_TOUCHSCREEN_FTS,y,y,false,false
CONFIG_TOUCHSCREEN_FTS_8201AB,not set,not set,false,false
CONFIG_TOUCHSCREEN_FTS_DIRECTORY,"""focaltech_touch""","""focaltech_touch""",false,false
CONFIG_TOUCHSCREEN_FUJITSU,not set,not set,false,false
CONFIG_TOUCHSCREEN_GOODIX,not set,not set,false,false
CONFIG_TOUCHSCREEN_GT9XX,not set,not set,false,false
CONFIG_TOUCHSCREEN_GUNZE,not set,not set,false,false
CONFIG_TOUCHSCREEN_HAMPSHIRE,not set,not set,false,false
CONFIG_TOUCHSCREEN_HIMAX_CHIPSET,y,y,false,false
CONFIG_TOUCHSCREEN_HIMAX_COMMON,y,y,false,false
CONFIG_TOUCHSCREEN_HIMAX_DEBUG,y,y,false,false
CONFIG_TOUCHSCREEN_HIMAX_EMBEDDED_FIRMWARE,not set,not set,false,false
CONFIG_TOUCHSCREEN_HIMAX_IC_HX83102,y,y,false,false
CONFIG_TOUCHSCREEN_HIMAX_IC_HX83103,not set,not set,false,false
CONFIG_TOUCHSCREEN_HIMAX_IC_HX83106,not set,not set,false,false
CONFIG_TOUCHSCREEN_HIMAX_IC_HX83111,not set,not set,false,false
CONFIG_TOUCHSCREEN_HIMAX_IC_HX83112,not set,not set,false,false
CONFIG_TOUCHSCREEN_HIMAX_IC_HX83113,not set,not set,false,false
CONFIG_TOUCHSCREEN_HIMAX_IC_HX83191,not set,not set,false,false
CONFIG_TOUCHSCREEN_HIMAX_IC_HX83192,not set,not set,false,false
CONFIG_TOUCHSCREEN_HIMAX_INCELL,y,y,false,false
CONFIG_TOUCHSCREEN_HIMAX_INSPECT,y,y,false,false
CONFIG_TOUCHSCREEN_HIMAX_ONCELL,not set,not set,false,false
CONFIG_TOUCHSCREEN_ILI210X,not set,not set,false,false
CONFIG_TOUCHSCREEN_IMX6UL_TSC,not set,not set,false,false
CONFIG_TOUCHSCREEN_INEXIO,not set,not set,false,false
CONFIG_TOUCHSCREEN_MAX11801,not set,not set,false,false
CONFIG_TOUCHSCREEN_MCS5000,not set,not set,false,false
CONFIG_TOUCHSCREEN_MK712,not set,not set,false,false
CONFIG_TOUCHSCREEN_MMS114,not set,not set,false,false
CONFIG_TOUCHSCREEN_MTK,y,y,false,false
CONFIG_TOUCHSCREEN_MTK_FT5726,not set,not set,false,false
CONFIG_TOUCHSCREEN_MTK_GSLX680,not set,not set,false,false
CONFIG_TOUCHSCREEN_MTK_GT1151,not set,not set,false,false
CONFIG_TOUCHSCREEN_MTK_GT5688,not set,not set,false,false
CONFIG_TOUCHSCREEN_MTK_GT911,not set,not set,false,false
CONFIG_TOUCHSCREEN_MTK_GT9XX_LM,not set,not set,false,false
CONFIG_TOUCHSCREEN_MTK_NT36xxx,not set,not set,false,false
CONFIG_TOUCHSCREEN_MTOUCH,not set,not set,false,false
CONFIG_TOUCHSCREEN_NT36523,y,y,false,false
CONFIG_TOUCHSCREEN_PENMOUNT,not set,not set,false,false
CONFIG_TOUCHSCREEN_PHYSICAL_ROTATION_WITH_LCM,y,y,false,false
CONFIG_TOUCHSCREEN_PIXCIR,not set,not set,false,false
CONFIG_TOUCHSCREEN_PROPERTIES,y,y,false,false
CONFIG_TOUCHSCREEN_ROHM_BU21023,not set,not set,false,false
CONFIG_TOUCHSCREEN_ST1232,not set,not set,false,false
CONFIG_TOUCHSCREEN_SX8654,not set,not set,false,false
CONFIG_TOUCHSCREEN_SYNAPTICS_DSX_TD4322,not set,not set,false,false
CONFIG_TOUCHSCREEN_SYNAPTICS_I2C_RMI4,not set,not set,false,false
CONFIG_TOUCHSCREEN_TOUCHIT213,not set,not set,false,false
CONFIG_TOUCHSCREEN_TOUCHRIGHT,not set,not set,false,false
CONFIG_TOUCHSCREEN_TOUCHWIN,not set,not set,false,false
CONFIG_TOUCHSCREEN_TPS6507X,not set,not set,false,false
CONFIG_TOUCHSCREEN_TSC2004,not set,not set,false,false
CONFIG_TOUCHSCREEN_TSC2005,not set,not set,false,false
CONFIG_TOUCHSCREEN_TSC2007,not set,not set,false,false
CONFIG_TOUCHSCREEN_TSC_SERIO,not set,not set,false,false
CONFIG_TOUCHSCREEN_USB_COMPOSITE,not set,not set,false,false
CONFIG_TOUCHSCREEN_WACOM_I2C,not set,not set,false,false
CONFIG_TOUCHSCREEN_WACOM_W8001,not set,not set,false,false
CONFIG_TOUCHSCREEN_WDT87XX_I2C,not set,not set,false,false
CONFIG_TOUCHSCREEN_ZFORCE,not set,not set,false,false
CONFIG_TOUCH_BOOST,not set,not set,false,false
CONFIG_TPS6105X,not set,not set,false,false
CONFIG_TPS65010,not set,not set,false,false
CONFIG_TPS6507X,not set,not set,false,false
CONFIG_TRACEPOINTS,y,y,false,false
CONFIG_TRACEPOINT_BENCHMARK,not set,not set,false,false
CONFIG_TRACER_MAX_TRACE,y,y,false,false
CONFIG_TRACER_SNAPSHOT,y,y,false,false
CONFIG_TRACER_SNAPSHOT_PER_CPU_SWAP,not set,not set,false,false
CONFIG_TRACE_CLOCK,y,y,false,false
CONFIG_TRACE_ENUM_MAP_FILE,not set,not set,false,false
CONFIG_TRACE_IRQFLAGS_SUPPORT,y,y,false,false
CONFIG_TRACE_SINK,not set,not set,false,false
CONFIG_TRACING,y,y,false,false
CONFIG_TRACING_EVENTS_GPIO,y,y,false,false
CONFIG_TRACING_SUPPORT,y,y,false,false
CONFIG_TRANSPARENT_HUGEPAGE,not set,not set,false,false
CONFIG_TREE_RCU_TRACE,not set,not set,false,false
CONFIG_TRUSTKERNEL_TEE_FP_SUPPORT,not set,not set,false,false
CONFIG_TRUSTKERNEL_TEE_RPMB_SUPPORT,not set,not set,false,false
CONFIG_TRUSTKERNEL_TEE_SUPPORT,not set,not set,false,false
CONFIG_TRUSTONIC_TEE_SUPPORT,not set,not set,false,false
CONFIG_TRUSTY,not set,not set,false,false
CONFIG_TS3A225E_ACCDET,not set,not set,false,false
CONFIG_TSL2583,not set,not set,false,false
CONFIG_TSL2x7x,not set,not set,false,false
CONFIG_TSL4531,not set,not set,false,false
CONFIG_TSYS01,not set,not set,false,false
CONFIG_TSYS02D,not set,not set,false,false
CONFIG_TTY,y,y,false,false
CONFIG_TTY_PRINTK,not set,not set,false,false
CONFIG_TUN,y,y,false,false
CONFIG_TUN_VNET_CROSS_LE,not set,not set,false,false
CONFIG_TWL4030_CORE,not set,not set,false,false
CONFIG_TWL6040_CORE,not set,not set,false,false
CONFIG_TWOKEY_REBOOT_NORMAL_MODE,y,y,false,false
CONFIG_TWOKEY_REBOOT_OTHER_MODE,not set,not set,false,false
CONFIG_U3_PHY_AHB_SUPPORT,y,y,false,false
CONFIG_U3_PHY_GPIO_SUPPORT,not set,not set,false,false
CONFIG_U3_PHY_SMT_LOOP_BACK_SUPPORT,y,y,false,false
CONFIG_UDF_FS,not set,not set,false,false
CONFIG_UEVENT_HELPER,y,y,false,false
CONFIG_UEVENT_HELPER_PATH,"""""","""""",false,false
CONFIG_UFS_FS,not set,not set,false,false
CONFIG_UHID,y,y,false,false
CONFIG_UID16,y,y,false,false
CONFIG_UID_SYS_STATS,y,y,false,false
CONFIG_UID_SYS_STATS_DEBUG,not set,not set,false,false
CONFIG_UIO,not set,not set,false,false
CONFIG_UNINLINE_SPIN_UNLOCK,y,y,false,false
CONFIG_UNIX,y,y,false,false
CONFIG_UNIX98_PTYS,y,y,false,false
CONFIG_UNIX_DIAG,not set,not set,false,false
CONFIG_UNIX_SCM,y,y,false,false
CONFIG_UNMAP_KERNEL_AT_EL0,y,y,false,false
CONFIG_UNUSED_SYMBOLS,not set,not set,false,false
CONFIG_UPROBES,not set,not set,false,false
CONFIG_US5182D,not set,not set,false,false
CONFIG_USB,y,y,false,false
CONFIG_USBIF_COMPLIANCE,not set,not set,false,false
CONFIG_USBIP_CORE,not set,not set,false,false
CONFIG_USBPCWATCHDOG,not set,not set,false,false
CONFIG_USB_ACM,not set,not set,false,false
CONFIG_USB_ADUTUX,not set,not set,false,false
CONFIG_USB_ALI_M5632,not set,not set,false,false
CONFIG_USB_AMAZON_DOCK,not set,not set,false,false
CONFIG_USB_AN2720,not set,not set,false,false
CONFIG_USB_ANNOUNCE_NEW_DEVICES,y,y,false,false
CONFIG_USB_APPLEDISPLAY,not set,not set,false,false
CONFIG_USB_ARCH_HAS_HCD,y,y,false,false
CONFIG_USB_ARMLINUX,y,y,false,false
CONFIG_USB_AUDIO,not set,not set,false,false
CONFIG_USB_BDC_UDC,not set,not set,false,false
CONFIG_USB_BELKIN,y,y,false,false
CONFIG_USB_C67X00_HCD,not set,not set,false,false
CONFIG_USB_CATC,not set,not set,false,false
CONFIG_USB_CDC_COMPOSITE,not set,not set,false,false
CONFIG_USB_CHIPIDEA,not set,not set,false,false
CONFIG_USB_COMMON,y,y,false,false
CONFIG_USB_CONFIGFS,y,y,false,false
CONFIG_USB_CONFIGFS_ACM,y,y,false,false
CONFIG_USB_CONFIGFS_ECM,not set,not set,false,false
CONFIG_USB_CONFIGFS_ECM_SUBSET,not set,not set,false,false
CONFIG_USB_CONFIGFS_EEM,not set,not set,false,false
CONFIG_USB_CONFIGFS_F_ACC,y,y,false,false
CONFIG_USB_CONFIGFS_F_AUDIO_SRC,y,y,false,false
CONFIG_USB_CONFIGFS_F_FS,y,y,false,false
CONFIG_USB_CONFIGFS_F_HID,y,y,false,false
CONFIG_USB_CONFIGFS_F_LB_SS,not set,not set,false,false
CONFIG_USB_CONFIGFS_F_MIDI,y,y,false,false
CONFIG_USB_CONFIGFS_F_MTP,y,y,false,false
CONFIG_USB_CONFIGFS_F_PRINTER,not set,not set,false,false
CONFIG_USB_CONFIGFS_F_PTP,y,y,false,false
CONFIG_USB_CONFIGFS_F_UAC1,not set,not set,false,false
CONFIG_USB_CONFIGFS_F_UAC2,not set,not set,false,false
CONFIG_USB_CONFIGFS_MASS_STORAGE,y,y,false,false
CONFIG_USB_CONFIGFS_NCM,not set,not set,false,false
CONFIG_USB_CONFIGFS_OBEX,not set,not set,false,false
CONFIG_USB_CONFIGFS_RNDIS,y,y,false,false
CONFIG_USB_CONFIGFS_SERIAL,y,y,false,false
CONFIG_USB_CONFIGFS_UEVENT,y,y,false,false
CONFIG_USB_CYPRESS_CY7C63,not set,not set,false,false
CONFIG_USB_CYTHERM,not set,not set,false,false
CONFIG_USB_C_SWITCH,y,y,false,false
CONFIG_USB_C_SWITCH_ANX7418,not set,not set,false,false
CONFIG_USB_C_SWITCH_FUSB302,not set,not set,false,false
CONFIG_USB_C_SWITCH_MT6336,not set,not set,false,false
CONFIG_USB_C_SWITCH_SII70XX,not set,not set,false,false
CONFIG_USB_C_SWITCH_SII70XX_MHL_MODE,not set,not set,false,false
CONFIG_USB_C_SWITCH_U3_MUX,not set,not set,false,false
CONFIG_USB_DEFAULT_PERSIST,y,y,false,false
CONFIG_USB_DUMMY_HCD,not set,not set,false,false
CONFIG_USB_DWC2,not set,not set,false,false
CONFIG_USB_DWC3,not set,not set,false,false
CONFIG_USB_DYNAMIC_MINORS,not set,not set,false,false
CONFIG_USB_EHCI_HCD,not set,not set,false,false
CONFIG_USB_EHSET_TEST_FIXTURE,not set,not set,false,false
CONFIG_USB_EMI26,not set,not set,false,false
CONFIG_USB_EMI62,not set,not set,false,false
CONFIG_USB_EPSON2888,not set,not set,false,false
CONFIG_USB_ETH,not set,not set,false,false
CONFIG_USB_EZUSB_FX2,not set,not set,false,false
CONFIG_USB_FOTG210_HCD,not set,not set,false,false
CONFIG_USB_FOTG210_UDC,not set,not set,false,false
CONFIG_USB_FTDI_ELAN,not set,not set,false,false
CONFIG_USB_FUNCTIONFS,not set,not set,false,false
CONFIG_USB_F_ACC,y,y,false,false
CONFIG_USB_F_ACM,y,y,false,false
CONFIG_USB_F_AUDIO_SRC,y,y,false,false
CONFIG_USB_F_FS,y,y,false,false
CONFIG_USB_F_HID,y,y,false,false
CONFIG_USB_F_MASS_STORAGE,y,y,false,false
CONFIG_USB_F_MIDI,y,y,false,false
CONFIG_USB_F_MTP,y,y,false,false
CONFIG_USB_F_PTP,y,y,false,false
CONFIG_USB_F_RNDIS,y,y,false,false
CONFIG_USB_F_SERIAL,y,y,false,false
CONFIG_USB_GADGET,y,y,false,false
CONFIG_USB_GADGETFS,not set,not set,false,false
CONFIG_USB_GADGET_DEBUG,not set,not set,false,false
CONFIG_USB_GADGET_DEBUG_FILES,not set,not set,false,false
CONFIG_USB_GADGET_DEBUG_FS,not set,not set,false,false
CONFIG_USB_GADGET_STORAGE_NUM_BUFFERS,2,2,false,false
CONFIG_USB_GADGET_VBUS_DRAW,500,500,false,false
CONFIG_USB_GADGET_XILINX,not set,not set,false,false
CONFIG_USB_GPIO_VBUS,not set,not set,false,false
CONFIG_USB_GR_UDC,not set,not set,false,false
CONFIG_USB_G_ACM_MS,not set,not set,false,false
CONFIG_USB_G_ANDROID,not set,not set,false,false
CONFIG_USB_G_DBGP,not set,not set,false,false
CONFIG_USB_G_HID,not set,not set,false,false
CONFIG_USB_G_MULTI,not set,not set,false,false
CONFIG_USB_G_NCM,not set,not set,false,false
CONFIG_USB_G_PRINTER,not set,not set,false,false
CONFIG_USB_G_SERIAL,not set,not set,false,false
CONFIG_USB_HCD_TEST_MODE,not set,not set,false,false
CONFIG_USB_HID,y,y,false,false
CONFIG_USB_HIDDEV,not set,not set,false,false
CONFIG_USB_HSIC_USB3503,not set,not set,false,false
CONFIG_USB_IDMOUSE,not set,not set,false,false
CONFIG_USB_IOWARRIOR,not set,not set,false,false
CONFIG_USB_IPHETH,not set,not set,false,false
CONFIG_USB_ISIGHTFW,not set,not set,false,false
CONFIG_USB_ISP116X_HCD,not set,not set,false,false
CONFIG_USB_ISP1301,not set,not set,false,false
CONFIG_USB_ISP1362_HCD,not set,not set,false,false
CONFIG_USB_ISP1760,not set,not set,false,false
CONFIG_USB_KAWETH,not set,not set,false,false
CONFIG_USB_KC2190,not set,not set,false,false
CONFIG_USB_LAN78XX,not set,not set,false,false
CONFIG_USB_LCD,not set,not set,false,false
CONFIG_USB_LD,not set,not set,false,false
CONFIG_USB_LED,not set,not set,false,false
CONFIG_USB_LED_TRIG,not set,not set,false,false
CONFIG_USB_LEGOTOWER,not set,not set,false,false
CONFIG_USB_LIBCOMPOSITE,y,y,false,false
CONFIG_USB_LINK_LAYER_TEST,not set,not set,false,false
CONFIG_USB_M66592,not set,not set,false,false
CONFIG_USB_MASS_STORAGE,not set,not set,false,false
CONFIG_USB_MAX3421_HCD,not set,not set,false,false
CONFIG_USB_MDC800,not set,not set,false,false
CONFIG_USB_MICROTEK,not set,not set,false,false
CONFIG_USB_MIDI_GADGET,not set,not set,false,false
CONFIG_USB_MON,not set,not set,false,false
CONFIG_USB_MTK_DUALMODE,y,y,false,false
CONFIG_USB_MTK_HDRC,not set,not set,false,false
CONFIG_USB_MTK_IDDIG,y,y,false,false
CONFIG_USB_MTK_OTG,not set,not set,false,false
CONFIG_USB_MTK_OTG_SWITCH,not set,not set,false,false
CONFIG_USB_MU3D_DEFAULT_U2_MODE,y,y,false,false
CONFIG_USB_MU3D_DRV,y,y,false,false
CONFIG_USB_MU3D_DRV_36BIT,not set,not set,false,false
CONFIG_USB_MU3D_DVT,not set,not set,false,false
CONFIG_USB_MU3D_PIO_ONLY,not set,not set,false,false
CONFIG_USB_MUSB_HDRC,not set,not set,false,false
CONFIG_USB_MV_U3D,not set,not set,false,false
CONFIG_USB_MV_UDC,not set,not set,false,false
CONFIG_USB_NET2272,not set,not set,false,false
CONFIG_USB_NET_AX88179_178A,y,y,false,false
CONFIG_USB_NET_AX8817X,y,y,false,false
CONFIG_USB_NET_CDCETHER,y,y,false,false
CONFIG_USB_NET_CDC_EEM,y,y,false,false
CONFIG_USB_NET_CDC_MBIM,y,y,false,false
CONFIG_USB_NET_CDC_NCM,y,y,false,false
CONFIG_USB_NET_CDC_SUBSET,y,y,false,false
CONFIG_USB_NET_CDC_SUBSET_ENABLE,y,y,false,false
CONFIG_USB_NET_CH9200,not set,not set,false,false
CONFIG_USB_NET_CX82310_ETH,not set,not set,false,false
CONFIG_USB_NET_DM9601,y,y,false,false
CONFIG_USB_NET_DRIVERS,y,y,false,false
CONFIG_USB_NET_GL620A,not set,not set,false,false
CONFIG_USB_NET_HUAWEI_CDC_NCM,not set,not set,false,false
CONFIG_USB_NET_INT51X1,not set,not set,false,false
CONFIG_USB_NET_KALMIA,not set,not set,false,false
CONFIG_USB_NET_MCS7830,not set,not set,false,false
CONFIG_USB_NET_NET1080,y,y,false,false
CONFIG_USB_NET_PLUSB,not set,not set,false,false
CONFIG_USB_NET_QMI_WWAN,not set,not set,false,false
CONFIG_USB_NET_RNDIS_HOST,y,y,false,false
CONFIG_USB_NET_RNDIS_WLAN,not set,not set,false,false
CONFIG_USB_NET_SMSC75XX,not set,not set,false,false
CONFIG_USB_NET_SMSC95XX,not set,not set,false,false
CONFIG_USB_NET_SR9700,not set,not set,false,false
CONFIG_USB_NET_SR9800,not set,not set,false,false
CONFIG_USB_NET_ZAURUS,y,y,false,false
CONFIG_USB_OHCI_HCD,not set,not set,false,false
CONFIG_USB_OHCI_LITTLE_ENDIAN,y,y,false,false
CONFIG_USB_OTG,not set,not set,false,false
CONFIG_USB_OTG_BLACKLIST_HUB,not set,not set,false,false
CONFIG_USB_OTG_WAKELOCK,not set,not set,false,false
CONFIG_USB_OTG_WHITELIST,not set,not set,false,false
CONFIG_USB_OXU210HP_HCD,not set,not set,false,false
CONFIG_USB_PEGASUS,not set,not set,false,false
CONFIG_USB_PHY,y,y,false,false
CONFIG_USB_POWER_DELIVERY,not set,not set,false,false
CONFIG_USB_PRINTER,not set,not set,false,false
CONFIG_USB_PXA27X,not set,not set,false,false
CONFIG_USB_R8A66597,not set,not set,false,false
CONFIG_USB_R8A66597_HCD,not set,not set,false,false
CONFIG_USB_RIO500,not set,not set,false,false
CONFIG_USB_RTL8150,not set,not set,false,false
CONFIG_USB_RTL8152,not set,not set,false,false
CONFIG_USB_SERIAL,not set,not set,false,false
CONFIG_USB_SEVSEG,not set,not set,false,false
CONFIG_USB_SIERRA_NET,not set,not set,false,false
CONFIG_USB_SL811_HCD,not set,not set,false,false
CONFIG_USB_STORAGE,y,y,false,false
CONFIG_USB_STORAGE_ALAUDA,y,y,false,false
CONFIG_USB_STORAGE_CYPRESS_ATACB,y,y,false,false
CONFIG_USB_STORAGE_DATAFAB,y,y,false,false
CONFIG_USB_STORAGE_DEBUG,not set,not set,false,false
CONFIG_USB_STORAGE_ENE_UB6250,not set,not set,false,false
CONFIG_USB_STORAGE_FREECOM,y,y,false,false
CONFIG_USB_STORAGE_ISD200,y,y,false,false
CONFIG_USB_STORAGE_JUMPSHOT,y,y,false,false
CONFIG_USB_STORAGE_KARMA,y,y,false,false
CONFIG_USB_STORAGE_ONETOUCH,y,y,false,false
CONFIG_USB_STORAGE_REALTEK,not set,not set,false,false
CONFIG_USB_STORAGE_SDDR09,y,y,false,false
CONFIG_USB_STORAGE_SDDR55,y,y,false,false
CONFIG_USB_STORAGE_USBAT,y,y,false,false
CONFIG_USB_SUPPORT,y,y,false,false
CONFIG_USB_SWITCH_FSA9480,not set,not set,false,false
CONFIG_USB_TEST,not set,not set,false,false
CONFIG_USB_TMC,not set,not set,false,false
CONFIG_USB_TRANCEVIBRATOR,y,y,false,false
CONFIG_USB_UAS,not set,not set,false,false
CONFIG_USB_ULPI,not set,not set,false,false
CONFIG_USB_ULPI_BUS,not set,not set,false,false
CONFIG_USB_USBNET,y,y,false,false
CONFIG_USB_U_ETHER,y,y,false,false
CONFIG_USB_U_SERIAL,y,y,false,false
CONFIG_USB_VBUS_GPIO,not set,not set,false,false
CONFIG_USB_VL600,not set,not set,false,false
CONFIG_USB_WDM,y,y,false,false
CONFIG_USB_WUSB_CBAF,not set,not set,false,false
CONFIG_USB_XHCI_HCD,y,y,false,false
CONFIG_USB_XHCI_MTK,y,y,false,false
CONFIG_USB_XHCI_MTK_SUSPEND_SUPPORT,not set,not set,false,false
CONFIG_USB_XHCI_PLATFORM,not set,not set,false,false
CONFIG_USB_YUREX,not set,not set,false,false
CONFIG_USB_ZD1201,not set,not set,false,false
CONFIG_USB_ZERO,not set,not set,false,false
CONFIG_USELIB,not set,not set,false,false
CONFIG_USERFAULTFD,not set,not set,false,false
CONFIG_USER_BUILD,y,y,false,false
CONFIG_UWB,not set,not set,false,false
CONFIG_VCNL4000,not set,not set,false,false
CONFIG_VETH,not set,not set,false,false
CONFIG_VEXPRESS_CONFIG,not set,not set,false,false
CONFIG_VF610_ADC,not set,not set,false,false
CONFIG_VFAT_FS,y,y,false,false
CONFIG_VFIO,not set,not set,false,false
CONFIG_VGASTATE,not set,not set,false,false
CONFIG_VIRTIO_MMIO,not set,not set,false,false
CONFIG_VIRTUALIZATION,not set,not set,false,false
CONFIG_VIRTUAL_SENSOR_THERMAL,not set,not set,false,false
CONFIG_VIRT_CPU_ACCOUNTING_GEN,not set,not set,false,false
CONFIG_VIRT_DRIVERS,not set,not set,false,false
CONFIG_VITESSE_PHY,not set,not set,false,false
CONFIG_VLAN_8021Q,y,y,false,false
CONFIG_VLAN_8021Q_GVRP,not set,not set,false,false
CONFIG_VLAN_8021Q_MVRP,not set,not set,false,false
CONFIG_VM_EVENT_COUNTERS,y,y,false,false
CONFIG_VSOCKETS,not set,not set,false,false
CONFIG_VS_BACKLIGHT_COOLER,not set,not set,false,false
CONFIG_VS_BCCT_COOLER,not set,not set,false,false
CONFIG_VT,not set,not set,false,false
CONFIG_VXFS_FS,not set,not set,false,false
CONFIG_VXLAN,not set,not set,false,false
CONFIG_VZ89X,not set,not set,false,false
CONFIG_W1,not set,not set,false,false
CONFIG_WAKELOCK,y,y,false,false
CONFIG_WAN,not set,not set,false,false
CONFIG_WATCHDOG,y,y,false,false
CONFIG_WATCHDOG_CORE,y,y,false,false
CONFIG_WATCHDOG_NOWAYOUT,not set,not set,false,false
CONFIG_WEXT_CORE,y,y,false,false
CONFIG_WEXT_PRIV,y,y,false,false
CONFIG_WEXT_PROC,y,y,false,false
CONFIG_WILC1000_DRIVER,not set,not set,false,false
CONFIG_WIMAX,not set,not set,false,false
CONFIG_WIMAX_GDM72XX,not set,not set,false,false
CONFIG_WIRELESS,y,y,false,false
CONFIG_WIRELESS_EXT,y,y,false,false
CONFIG_WLAN,y,y,false,false
CONFIG_WL_MEDIATEK,not set,not set,false,false
CONFIG_WL_TI,not set,not set,false,false
CONFIG_WQ_POWER_EFFICIENT_DEFAULT,y,y,false,false
CONFIG_X25,not set,not set,false,false
CONFIG_X509_CERTIFICATE_PARSER,y,y,false,false
CONFIG_XEN,not set,not set,false,false
CONFIG_XFRM,y,y,false,false
CONFIG_XFRM_ALGO,y,y,false,false
CONFIG_XFRM_IPCOMP,y,y,false,false
CONFIG_XFRM_MIGRATE,y,y,false,false
CONFIG_XFRM_STATISTICS,not set,not set,false,false
CONFIG_XFRM_SUB_POLICY,y,y,false,false
CONFIG_XFRM_USER,y,y,false,false
CONFIG_XFS_FS,not set,not set,false,false
CONFIG_XILINX_WATCHDOG,not set,not set,false,false
CONFIG_XILLYBUS,not set,not set,false,false
CONFIG_XPS,y,y,false,false
CONFIG_XZ_DEC,y,y,false,false
CONFIG_XZ_DEC_ARM,y,y,false,false
CONFIG_XZ_DEC_ARMTHUMB,y,y,false,false
CONFIG_XZ_DEC_BCJ,y,y,false,false
CONFIG_XZ_DEC_IA64,y,y,false,false
CONFIG_XZ_DEC_POWERPC,y,y,false,false
CONFIG_XZ_DEC_SPARC,y,y,false,false
CONFIG_XZ_DEC_TEST,not set,not set,false,false
CONFIG_XZ_DEC_X86,y,y,false,false
CONFIG_ZBUD,not set,not set,false,false
CONFIG_ZEROPLUS_FF,not set,not set,false,false
CONFIG_ZISOFS,y,y,false,false
CONFIG_ZLIB_DEFLATE,y,y,false,false
CONFIG_ZLIB_INFLATE,y,y,false,false
CONFIG_ZONE_DMA,y,y,false,false
CONFIG_ZONE_DMA_FLAG,1,1,false,false
CONFIG_ZONE_MOVABLE_CMA,not set,not set,false,false
CONFIG_ZPOOL,not set,not set,false,false
CONFIG_ZRAM,y,y,false,false
CONFIG_ZRAM_LZ4K_COMPRESS,not set,not set,false,false
CONFIG_ZRAM_LZ4_COMPRESS,y,y,false,false
CONFIG_ZSMALLOC,y,y,false,false
CONFIG_ZSMALLOC_STAT,not set,not set,false,false
