class_number	class_name	descriptor	start_line	end_line	direct_methods	virtual_methods
0	R.attr	Landroid/arch/core/R$attr;	2	11	1	0
1	R.bool	Landroid/arch/core/R$bool;	12	20	1	0
2	R.color	Landroid/arch/core/R$color;	21	29	1	0
3	R.dimen	Landroid/arch/core/R$dimen;	30	38	1	0
4	R.drawable	Landroid/arch/core/R$drawable;	39	47	1	0
5	R.id	Landroid/arch/core/R$id;	48	56	1	0
6	R.integer	Landroid/arch/core/R$integer;	57	65	1	0
7	R.layout	Landroid/arch/core/R$layout;	66	74	1	0
8	R.menu	Landroid/arch/core/R$menu;	75	83	1	0
9	R.mipmap	Landroid/arch/core/R$mipmap;	84	92	1	0
10	R.plurals	Landroid/arch/core/R$plurals;	93	101	1	0
11	R.raw	Landroid/arch/core/R$raw;	102	110	1	0
12	R.string	Landroid/arch/core/R$string;	111	119	1	0
13	R.style	Landroid/arch/core/R$style;	120	128	1	0
14	R.styleable	Landroid/arch/core/R$styleable;	129	163	2	0
15	R.xml	Landroid/arch/core/R$xml;	164	172	1	0
16	R	Landroid/arch/core/R;	173	181	1	0
17	ArchTaskExecutor.1	Landroid/arch/core/executor/ArchTaskExecutor$1;	182	200	1	1
18	ArchTaskExecutor.2	Landroid/arch/core/executor/ArchTaskExecutor$2;	201	219	1	1
19	TaskExecutor	Landroid/arch/core/executor/TaskExecutor;	220	252	1	4
20	SafeIterableMap.1	Landroid/arch/core/internal/SafeIterableMap$1;	253	255	0	0
21	SafeIterableMap.Entry	Landroid/arch/core/internal/SafeIterableMap$Entry;	256	360	1	6
22	SafeIterableMap.SupportRemove	Landroid/arch/core/internal/SafeIterableMap$SupportRemove;	361	367	0	1
23	SafeIterableMap	Landroid/arch/core/internal/SafeIterableMap;	368	708	2	13
24	Function	Landroid/arch/core/util/Function;	709	715	0	1
25	ClassesInfoCache.CallbackInfo	Landroid/arch/lifecycle/ClassesInfoCache$CallbackInfo;	716	797	2	1
26	ClassesInfoCache.MethodReference	Landroid/arch/lifecycle/ClassesInfoCache$MethodReference;	798	925	1	3
27	ClassesInfoCache	Landroid/arch/lifecycle/ClassesInfoCache;	926	1213	5	2
28	FullLifecycleObserverAdapter.1	Landroid/arch/lifecycle/FullLifecycleObserverAdapter$1;	1214	1291	1	0
29	GeneratedAdapter	Landroid/arch/lifecycle/GeneratedAdapter;	1292	1298	0	1
30	Lifecycle.Event	Landroid/arch/lifecycle/Lifecycle$Event;	1299	1385	4	0
31	Lifecycle.State	Landroid/arch/lifecycle/Lifecycle$State;	1386	1469	4	1
32	Lifecycle	Landroid/arch/lifecycle/Lifecycle;	1470	1487	1	3
33	LifecycleObserver	Landroid/arch/lifecycle/LifecycleObserver;	1488	1490	0	0
34	LifecycleOwner	Landroid/arch/lifecycle/LifecycleOwner;	1491	1497	0	1
35	LifecycleRegistry.1	Landroid/arch/lifecycle/LifecycleRegistry$1;	1498	1620	1	0
36	LifecycleRegistry.ObserverWithState	Landroid/arch/lifecycle/LifecycleRegistry$ObserverWithState;	1621	1656	1	1
37	Lifecycling	Landroid/arch/lifecycle/Lifecycling;	1657	1967	9	0
38	LiveData.1	Landroid/arch/lifecycle/LiveData$1;	1968	2009	1	1
39	LiveData.ObserverWrapper	Landroid/arch/lifecycle/LiveData$ObserverWrapper;	2010	2099	1	4
40	LiveData	Landroid/arch/lifecycle/LiveData;	2100	2520	12	12
41	MethodCallsLogger	Landroid/arch/lifecycle/MethodCallsLogger;	2521	2567	1	1
42	Observer	Landroid/arch/lifecycle/Observer;	2568	2574	0	1
43	OnLifecycleEvent	Landroid/arch/lifecycle/OnLifecycleEvent;	2575	2581	0	1
44	R.attr	Landroid/arch/lifecycle/R$attr;	2582	2590	1	0
45	R.bool	Landroid/arch/lifecycle/R$bool;	2591	2599	1	0
46	R.color	Landroid/arch/lifecycle/R$color;	2600	2608	1	0
47	R.dimen	Landroid/arch/lifecycle/R$dimen;	2609	2617	1	0
48	R.drawable	Landroid/arch/lifecycle/R$drawable;	2618	2626	1	0
49	R.id	Landroid/arch/lifecycle/R$id;	2627	2635	1	0
50	R.integer	Landroid/arch/lifecycle/R$integer;	2636	2644	1	0
51	R.layout	Landroid/arch/lifecycle/R$layout;	2645	2653	1	0
52	R.menu	Landroid/arch/lifecycle/R$menu;	2654	2662	1	0
53	R.mipmap	Landroid/arch/lifecycle/R$mipmap;	2663	2671	1	0
54	R.plurals	Landroid/arch/lifecycle/R$plurals;	2672	2680	1	0
55	R.raw	Landroid/arch/lifecycle/R$raw;	2681	2689	1	0
56	R.string	Landroid/arch/lifecycle/R$string;	2690	2698	1	0
57	R.style	Landroid/arch/lifecycle/R$style;	2699	2707	1	0
58	R.styleable	Landroid/arch/lifecycle/R$styleable;	2708	2742	2	0
59	R.xml	Landroid/arch/lifecycle/R$xml;	2743	2751	1	0
60	R	Landroid/arch/lifecycle/R;	2752	2760	1	0
61	ReportFragment.ActivityInitializationListener	Landroid/arch/lifecycle/ReportFragment$ActivityInitializationListener;	2761	2773	0	3
62	ReportFragment	Landroid/arch/lifecycle/ReportFragment;	2774	2954	7	7
63	ViewModel	Landroid/arch/lifecycle/ViewModel;	2955	2967	1	1
64	ViewModelProvider.Factory	Landroid/arch/lifecycle/ViewModelProvider$Factory;	2968	2974	0	1
65	ViewModelProvider	Landroid/arch/lifecycle/ViewModelProvider;	2975	3046	2	2
66	ViewModelStore	Landroid/arch/lifecycle/ViewModelStore;	3047	3112	1	3
67	ViewModelStoreOwner	Landroid/arch/lifecycle/ViewModelStoreOwner;	3113	3119	0	1
68	R.attr	Landroid/arch/lifecycle/livedata/core/R$attr;	3120	3128	1	0
69	R.bool	Landroid/arch/lifecycle/livedata/core/R$bool;	3129	3137	1	0
70	R.color	Landroid/arch/lifecycle/livedata/core/R$color;	3138	3146	1	0
71	R.dimen	Landroid/arch/lifecycle/livedata/core/R$dimen;	3147	3155	1	0
72	R.drawable	Landroid/arch/lifecycle/livedata/core/R$drawable;	3156	3164	1	0
73	R.id	Landroid/arch/lifecycle/livedata/core/R$id;	3165	3173	1	0
74	R.integer	Landroid/arch/lifecycle/livedata/core/R$integer;	3174	3182	1	0
75	R.layout	Landroid/arch/lifecycle/livedata/core/R$layout;	3183	3191	1	0
76	R.menu	Landroid/arch/lifecycle/livedata/core/R$menu;	3192	3200	1	0
77	R.mipmap	Landroid/arch/lifecycle/livedata/core/R$mipmap;	3201	3209	1	0
78	R.plurals	Landroid/arch/lifecycle/livedata/core/R$plurals;	3210	3218	1	0
79	R.raw	Landroid/arch/lifecycle/livedata/core/R$raw;	3219	3227	1	0
80	R.string	Landroid/arch/lifecycle/livedata/core/R$string;	3228	3236	1	0
81	R.style	Landroid/arch/lifecycle/livedata/core/R$style;	3237	3245	1	0
82	R.styleable	Landroid/arch/lifecycle/livedata/core/R$styleable;	3246	3280	2	0
83	R.xml	Landroid/arch/lifecycle/livedata/core/R$xml;	3281	3289	1	0
84	R	Landroid/arch/lifecycle/livedata/core/R;	3290	3298	1	0
85	R.attr	Landroid/arch/lifecycle/viewmodel/R$attr;	3299	3307	1	0
86	R.bool	Landroid/arch/lifecycle/viewmodel/R$bool;	3308	3316	1	0
87	R.color	Landroid/arch/lifecycle/viewmodel/R$color;	3317	3325	1	0
88	R.dimen	Landroid/arch/lifecycle/viewmodel/R$dimen;	3326	3334	1	0
89	R.drawable	Landroid/arch/lifecycle/viewmodel/R$drawable;	3335	3343	1	0
90	R.id	Landroid/arch/lifecycle/viewmodel/R$id;	3344	3352	1	0
91	R.integer	Landroid/arch/lifecycle/viewmodel/R$integer;	3353	3361	1	0
92	R.layout	Landroid/arch/lifecycle/viewmodel/R$layout;	3362	3370	1	0
93	R.menu	Landroid/arch/lifecycle/viewmodel/R$menu;	3371	3379	1	0
94	R.mipmap	Landroid/arch/lifecycle/viewmodel/R$mipmap;	3380	3388	1	0
95	R.plurals	Landroid/arch/lifecycle/viewmodel/R$plurals;	3389	3397	1	0
96	R.raw	Landroid/arch/lifecycle/viewmodel/R$raw;	3398	3406	1	0
97	R.string	Landroid/arch/lifecycle/viewmodel/R$string;	3407	3415	1	0
98	R.style	Landroid/arch/lifecycle/viewmodel/R$style;	3416	3424	1	0
99	R.styleable	Landroid/arch/lifecycle/viewmodel/R$styleable;	3425	3459	2	0
100	R.xml	Landroid/arch/lifecycle/viewmodel/R$xml;	3460	3468	1	0
101	R	Landroid/arch/lifecycle/viewmodel/R;	3469	3477	1	0
102	-..Lambda.ApfFilter.UV1wDVoVlbcxpr8zevj_aMFtUGw	Landroid/net/apf/-$$Lambda$ApfFilter$UV1wDVoVlbcxpr8zevj_aMFtUGw;	3478	3503	2	1
103	ApfCapabilities	Landroid/net/apf/ApfCapabilities;	3504	3567	1	2
104	ApfFilter.1	Landroid/net/apf/ApfFilter$1;	3568	3605	1	1
105	ApfFilter.2	Landroid/net/apf/ApfFilter$2;	3606	3674	1	0
106	ApfFilter.ApfConfiguration	Landroid/net/apf/ApfFilter$ApfConfiguration;	3675	3683	1	0
107	ApfFilter.Counter	Landroid/net/apf/ApfFilter$Counter;	3684	3954	5	1
108	ApfFilter.InvalidRaException	Landroid/net/apf/ApfFilter$InvalidRaException;	3955	3964	1	0
109	ApfFilter.ProcessRaResult	Landroid/net/apf/ApfFilter$ProcessRaResult;	3965	4043	4	0
110	ApfFilter.Ra	Landroid/net/apf/ApfFilter$Ra;	4044	4863	6	7
111	ApfFilter.ReceiveThread	Landroid/net/apf/ApfFilter$ReceiveThread;	4864	5081	3	2
112	ApfFilter	Landroid/net/apf/ApfFilter;	5082	6863	29	10
113	ApfGenerator.ExtendedOpcodes	Landroid/net/apf/ApfGenerator$ExtendedOpcodes;	6864	6950	4	0
114	ApfGenerator.IllegalInstructionException	Landroid/net/apf/ApfGenerator$IllegalInstructionException;	6951	6959	1	0
115	ApfGenerator.Instruction	Landroid/net/apf/ApfGenerator$Instruction;	6960	7409	8	9
116	ApfGenerator.Opcodes	Landroid/net/apf/ApfGenerator$Opcodes;	7410	7638	4	0
117	ApfGenerator.Register	Landroid/net/apf/ApfGenerator$Register;	7639	7692	4	0
118	ApfGenerator	Landroid/net/apf/ApfGenerator;	7693	8419	8	43
119	DhcpClient.DhcpHaveLeaseState	Landroid/net/dhcp/DhcpClient$DhcpHaveLeaseState;	8420	8499	1	2
120	DhcpClient.DhcpState	Landroid/net/dhcp/DhcpClient$DhcpState;	8500	8600	1	3
121	DhcpClient.LoggingState	Landroid/net/dhcp/DhcpClient$LoggingState;	8601	8715	3	4
122	DhcpClient.ReceiveThread	Landroid/net/dhcp/DhcpClient$ReceiveThread;	8716	8851	1	2
123	DhcpClient.StoppedState	Landroid/net/dhcp/DhcpClient$StoppedState;	8852	8897	1	1
124	DhcpClient	Landroid/net/dhcp/DhcpClient;	8898	10218	68	7
125	DhcpPacket.ParseException	Landroid/net/dhcp/DhcpPacket$ParseException;	10219	10232	1	0
126	DhcpPacket	Landroid/net/dhcp/DhcpPacket;	10233	12235	26	10
127	VendorDhcpClientCallback	Landroid/net/dhcp/VendorDhcpClientCallback;	12236	12315	5	3
128	VendorDhcpPacketCallback	Landroid/net/dhcp/VendorDhcpPacketCallback;	12316	12370	4	2
129	ResolvUtil.1	Landroid/net/dns/ResolvUtil$1;	12371	12391	1	1
130	ResolvUtil	Landroid/net/dns/ResolvUtil;	12392	12465	5	0
131	-..Lambda.IpClient.3.97DqfCdvF_DK1fYMrSYfnetT_aU	Landroid/net/ip/-$$Lambda$IpClient$3$97DqfCdvF_DK1fYMrSYfnetT_aU;	12466	12490	1	1
132	-..Lambda.IpClient.GdLECAc1sQEo2Jjde3Y4ykVjDBg	Landroid/net/ip/-$$Lambda$IpClient$GdLECAc1sQEo2Jjde3Y4ykVjDBg;	12491	12516	2	1
133	-..Lambda.IpClient.InitialConfiguration.-qxDAAo5wjq2G7x-F8gQeNSxIxY	Landroid/net/ip/-$$Lambda$IpClient$InitialConfiguration$-qxDAAo5wjq2G7x-F8gQeNSxIxY;	12517	12542	2	1
134	-..Lambda.IpClient.InitialConfiguration.Id7yPLmMAQz0Sm1dnrJVkXkUQNQ	Landroid/net/ip/-$$Lambda$IpClient$InitialConfiguration$Id7yPLmMAQz0Sm1dnrJVkXkUQNQ;	12543	12564	1	1
135	-..Lambda.IpClient.InitialConfiguration.UHB1S125oVRRJ33BRbWLXqGk32M	Landroid/net/ip/-$$Lambda$IpClient$InitialConfiguration$UHB1S125oVRRJ33BRbWLXqGk32M;	12565	12586	1	1
136	-..Lambda.IpClient.InitialConfiguration.Vb5KM9_T-c7Jv1Lqbet5CRNEyjU	Landroid/net/ip/-$$Lambda$IpClient$InitialConfiguration$Vb5KM9_T-c7Jv1Lqbet5CRNEyjU;	12587	12608	1	1
137	-..Lambda.IpClient.InitialConfiguration.WB134Aq_hrEPp-6UsNJgWvtMzBM	Landroid/net/ip/-$$Lambda$IpClient$InitialConfiguration$WB134Aq_hrEPp-6UsNJgWvtMzBM;	12609	12634	2	1
138	-..Lambda.IpClient.InitialConfiguration.Yj_oETEniyWPwMk9O1x-JZIJoNo	Landroid/net/ip/-$$Lambda$IpClient$InitialConfiguration$Yj_oETEniyWPwMk9O1x-JZIJoNo;	12635	12656	1	1
139	-..Lambda.IpClient.InitialConfiguration.YwpJbnxCjWZ5CZ7ycLj8DIoOSd8	Landroid/net/ip/-$$Lambda$IpClient$InitialConfiguration$YwpJbnxCjWZ5CZ7ycLj8DIoOSd8;	12657	12682	2	1
140	-..Lambda.IpClient.InitialConfiguration.guZQ276VyezHQuIEE0CG9osvUes	Landroid/net/ip/-$$Lambda$IpClient$InitialConfiguration$guZQ276VyezHQuIEE0CG9osvUes;	12683	12704	1	1
141	-..Lambda.IpClient.InitialConfiguration.gxc5co5uJUOrlWJ8HYqcngxR5gI	Landroid/net/ip/-$$Lambda$IpClient$InitialConfiguration$gxc5co5uJUOrlWJ8HYqcngxR5gI;	12705	12730	2	1
142	-..Lambda.IpClient.JsVbJ5mpbRjwJuW_A3bDJMqYpF0	Landroid/net/ip/-$$Lambda$IpClient$JsVbJ5mpbRjwJuW_A3bDJMqYpF0;	12731	12755	2	1
143	-..Lambda.IpClient.RunningState.62CnAIrZ9p4JQ9DgmmpMjXifdaw	Landroid/net/ip/-$$Lambda$IpClient$RunningState$62CnAIrZ9p4JQ9DgmmpMjXifdaw;	12756	12776	1	1
144	-..Lambda.IpClient.avmS8r0wlmaRuIXDbDPiQFTUPlA	Landroid/net/ip/-$$Lambda$IpClient$avmS8r0wlmaRuIXDbDPiQFTUPlA;	12777	12797	1	1
145	ConnectivityPacketTracker	Landroid/net/ip/ConnectivityPacketTracker;	12798	12905	6	2
146	InterfaceController	Landroid/net/ip/InterfaceController;	12906	13163	2	10
147	IpClient.2	Landroid/net/ip/IpClient$2;	13164	13186	1	1
148	IpClient.3	Landroid/net/ip/IpClient$3;	13187	13334	3	2
149	IpClient.5	Landroid/net/ip/IpClient$5;	13335	13367	1	0
150	IpClient.Callback	Landroid/net/ip/IpClient$Callback;	13368	13429	1	13
151	IpClient.Dependencies	Landroid/net/ip/IpClient$Dependencies;	13430	13462	1	3
152	IpClient.InitialConfiguration	Landroid/net/ip/IpClient$InitialConfiguration;	13463	13859	17	3
153	IpClient.MessageHandlingLogger	Landroid/net/ip/IpClient$MessageHandlingLogger;	13860	13922	2	3
154	IpClient.ProvisioningConfiguration.Builder	Landroid/net/ip/IpClient$ProvisioningConfiguration$Builder;	13923	14079	1	15
155	IpClient.ProvisioningConfiguration	Landroid/net/ip/IpClient$ProvisioningConfiguration;	14080	14410	2	2
156	IpClient.RunningState	Landroid/net/ip/IpClient$RunningState;	14411	15105	5	3
157	IpClient.StartedState	Landroid/net/ip/IpClient$StartedState;	15106	15263	1	4
158	IpClient.StoppedState	Landroid/net/ip/IpClient$StoppedState;	15264	15393	1	2
159	IpClient.StoppingState	Landroid/net/ip/IpClient$StoppingState;	15394	15475	1	2
160	IpClient	Landroid/net/ip/IpClient;	15476	17539	85	17
161	IpNeighborMonitor.NeighborEvent	Landroid/net/ip/IpNeighborMonitor$NeighborEvent;	17540	17678	1	3
162	IpNeighborMonitor.NeighborEventConsumer	Landroid/net/ip/IpNeighborMonitor$NeighborEventConsumer;	17679	17685	0	1
163	IpReachabilityMonitor.1	Landroid/net/ip/IpReachabilityMonitor$1;	17686	17711	1	1
164	IpReachabilityMonitor.Callback	Landroid/net/ip/IpReachabilityMonitor$Callback;	17712	17718	0	1
165	IpReachabilityMonitor.Dependencies	Landroid/net/ip/IpReachabilityMonitor$Dependencies;	17719	17751	1	1
166	IpReachabilityMonitor	Landroid/net/ip/IpReachabilityMonitor;	17752	18381	12	5
167	RouterAdvertisementDaemon.1	Landroid/net/ip/RouterAdvertisementDaemon$1;	18382	18384	0	0
168	RouterAdvertisementDaemon.DeprecatedInfoTracker	Landroid/net/ip/RouterAdvertisementDaemon$DeprecatedInfoTracker;	18385	18589	5	7
169	RouterAdvertisementDaemon.MulticastTransmitter	Landroid/net/ip/RouterAdvertisementDaemon$MulticastTransmitter;	18590	18732	4	2
170	RouterAdvertisementDaemon.RaParams	Landroid/net/ip/RouterAdvertisementDaemon$RaParams;	18733	18842	3	0
171	RouterAdvertisementDaemon.UnicastResponder	Landroid/net/ip/RouterAdvertisementDaemon$UnicastResponder;	18843	18932	2	1
172	RouterAdvertisementDaemon	Landroid/net/ip/RouterAdvertisementDaemon;	18933	19836	29	3
173	VendorIpManagerCallback	Landroid/net/ip/VendorIpManagerCallback;	19837	19872	3	1
174	NetlinkConstants	Landroid/net/netlink/NetlinkConstants;	19873	20022	7	0
175	NetlinkMessage	Landroid/net/netlink/NetlinkMessage;	20023	20137	2	2
176	NetlinkSocket	Landroid/net/netlink/NetlinkSocket;	20138	20346	7	0
177	StructNdMsg	Landroid/net/netlink/StructNdMsg;	20347	20719	8	4
178	StructNdaCacheInfo	Landroid/net/netlink/StructNdaCacheInfo;	20720	20866	5	4
179	StructNfGenMsg	Landroid/net/netlink/StructNfGenMsg;	20867	20901	1	1
180	StructNlAttr	Landroid/net/netlink/StructNlAttr;	20902	21336	13	6
181	StructNlMsgErr	Landroid/net/netlink/StructNlMsgErr;	21337	21432	3	2
182	StructNlMsgHdr	Landroid/net/netlink/StructNlMsgHdr;	21433	21701	4	2
183	-..Lambda.MultinetworkPolicyTracker.0siHK6f4lHJz8hbdHbT6G4Kp-V4	Landroid/net/util/-$$Lambda$MultinetworkPolicyTracker$0siHK6f4lHJz8hbdHbT6G4Kp-V4;	21702	21726	1	1
184	-..Lambda.PacketReader.-RaxjKALPlkYUks1uxbxyNPwpGI	Landroid/net/util/-$$Lambda$PacketReader$-RaxjKALPlkYUks1uxbxyNPwpGI;	21727	21747	1	1
185	-..Lambda.PacketReader.RiHx8K3BsykombzgqtYo5whFO_U	Landroid/net/util/-$$Lambda$PacketReader$RiHx8K3BsykombzgqtYo5whFO_U;	21748	21768	1	1
186	ConnectivityPacketSummary	Landroid/net/util/ConnectivityPacketSummary;	21769	22821	19	1
187	InterfaceParams	Landroid/net/util/InterfaceParams;	22822	22940	5	1
188	InterfaceSet	Landroid/net/util/InterfaceSet;	22941	23011	1	2
189	MultinetworkPolicyTracker.1	Landroid/net/util/MultinetworkPolicyTracker$1;	23012	23033	1	1
190	MultinetworkPolicyTracker.SettingObserver	Landroid/net/util/MultinetworkPolicyTracker$SettingObserver;	23034	23086	1	2
191	MultinetworkPolicyTracker	Landroid/net/util/MultinetworkPolicyTracker;	23087	23375	6	11
192	NetdService.NetdCommand	Landroid/net/util/NetdService$NetdCommand;	23376	23382	0	1
193	NetdService	Landroid/net/util/NetdService;	23383	23487	6	0
194	NetworkConstants	Landroid/net/util/NetworkConstants;	23488	23556	6	0
195	PacketReader.1	Landroid/net/util/PacketReader$1;	23557	23590	1	1
196	PacketReader	Landroid/net/util/PacketReader;	23591	23941	13	11
197	PrefixUtils	Landroid/net/util/PrefixUtils;	23942	24074	8	0
198	SharedLog.Category	Landroid/net/util/SharedLog$Category;	24075	24139	4	0
199	SharedLog	Landroid/net/util/SharedLog;	24140	24362	6	9
200	Stopwatch	Landroid/net/util/Stopwatch;	24363	24473	1	7
201	VersionedBroadcastListener.IntentCallback	Landroid/net/util/VersionedBroadcastListener$IntentCallback;	24474	24480	0	1
202	VersionedBroadcastListener.Receiver	Landroid/net/util/VersionedBroadcastListener$Receiver;	24481	24520	1	1
203	VersionedBroadcastListener	Landroid/net/util/VersionedBroadcastListener;	24521	24601	1	2
204	AnimRes	Landroid/support/annotation/AnimRes;	24602	24604	0	0
205	AnimatorRes	Landroid/support/annotation/AnimatorRes;	24605	24607	0	0
206	AnyRes	Landroid/support/annotation/AnyRes;	24608	24610	0	0
207	AnyThread	Landroid/support/annotation/AnyThread;	24611	24613	0	0
208	ArrayRes	Landroid/support/annotation/ArrayRes;	24614	24616	0	0
209	AttrRes	Landroid/support/annotation/AttrRes;	24617	24619	0	0
210	BinderThread	Landroid/support/annotation/BinderThread;	24620	24622	0	0
211	BoolRes	Landroid/support/annotation/BoolRes;	24623	24625	0	0
212	CallSuper	Landroid/support/annotation/CallSuper;	24626	24628	0	0
213	CheckResult	Landroid/support/annotation/CheckResult;	24629	24635	0	1
214	ColorInt	Landroid/support/annotation/ColorInt;	24636	24638	0	0
215	ColorLong	Landroid/support/annotation/ColorLong;	24639	24641	0	0
216	ColorRes	Landroid/support/annotation/ColorRes;	24642	24644	0	0
217	DimenRes	Landroid/support/annotation/DimenRes;	24645	24647	0	0
218	Dimension	Landroid/support/annotation/Dimension;	24648	24654	0	1
219	DrawableRes	Landroid/support/annotation/DrawableRes;	24655	24657	0	0
220	FloatRange	Landroid/support/annotation/FloatRange;	24658	24673	0	4
221	FontRes	Landroid/support/annotation/FontRes;	24674	24676	0	0
222	FractionRes	Landroid/support/annotation/FractionRes;	24677	24679	0	0
223	GuardedBy	Landroid/support/annotation/GuardedBy;	24680	24686	0	1
224	HalfFloat	Landroid/support/annotation/HalfFloat;	24687	24689	0	0
225	IdRes	Landroid/support/annotation/IdRes;	24690	24692	0	0
226	IntDef	Landroid/support/annotation/IntDef;	24693	24702	0	2
227	IntRange	Landroid/support/annotation/IntRange;	24703	24712	0	2
228	IntegerRes	Landroid/support/annotation/IntegerRes;	24713	24715	0	0
229	InterpolatorRes	Landroid/support/annotation/InterpolatorRes;	24716	24718	0	0
230	Keep	Landroid/support/annotation/Keep;	24719	24721	0	0
231	LayoutRes	Landroid/support/annotation/LayoutRes;	24722	24724	0	0
232	LongDef	Landroid/support/annotation/LongDef;	24725	24734	0	2
233	MainThread	Landroid/support/annotation/MainThread;	24735	24737	0	0
234	MenuRes	Landroid/support/annotation/MenuRes;	24738	24740	0	0
235	NavigationRes	Landroid/support/annotation/NavigationRes;	24741	24743	0	0
236	NonNull	Landroid/support/annotation/NonNull;	24744	24746	0	0
237	Nullable	Landroid/support/annotation/Nullable;	24747	24749	0	0
238	PluralsRes	Landroid/support/annotation/PluralsRes;	24750	24752	0	0
239	Px	Landroid/support/annotation/Px;	24753	24755	0	0
240	RawRes	Landroid/support/annotation/RawRes;	24756	24758	0	0
241	RequiresApi	Landroid/support/annotation/RequiresApi;	24759	24768	0	2
242	RequiresFeature	Landroid/support/annotation/RequiresFeature;	24769	24778	0	2
243	RequiresPermission.Read	Landroid/support/annotation/RequiresPermission$Read;	24779	24785	0	1
244	RequiresPermission.Write	Landroid/support/annotation/RequiresPermission$Write;	24786	24792	0	1
245	RequiresPermission	Landroid/support/annotation/RequiresPermission;	24793	24808	0	4
246	RestrictTo.Scope	Landroid/support/annotation/RestrictTo$Scope;	24809	24878	4	0
247	RestrictTo	Landroid/support/annotation/RestrictTo;	24879	24885	0	1
248	Size	Landroid/support/annotation/Size;	24886	24901	0	4
249	StringDef	Landroid/support/annotation/StringDef;	24902	24908	0	1
250	StringRes	Landroid/support/annotation/StringRes;	24909	24911	0	0
251	StyleRes	Landroid/support/annotation/StyleRes;	24912	24914	0	0
252	StyleableRes	Landroid/support/annotation/StyleableRes;	24915	24917	0	0
253	TransitionRes	Landroid/support/annotation/TransitionRes;	24918	24920	0	0
254	UiThread	Landroid/support/annotation/UiThread;	24921	24923	0	0
255	VisibleForTesting	Landroid/support/annotation/VisibleForTesting;	24924	24930	0	1
256	WorkerThread	Landroid/support/annotation/WorkerThread;	24931	24933	0	0
257	XmlRes	Landroid/support/annotation/XmlRes;	24934	24936	0	0
258	R.attr	Landroid/support/asynclayoutinflater/R$attr;	24937	24945	1	0
259	R.bool	Landroid/support/asynclayoutinflater/R$bool;	24946	24954	1	0
260	R.color	Landroid/support/asynclayoutinflater/R$color;	24955	24963	1	0
261	R.dimen	Landroid/support/asynclayoutinflater/R$dimen;	24964	24972	1	0
262	R.drawable	Landroid/support/asynclayoutinflater/R$drawable;	24973	24981	1	0
263	R.id	Landroid/support/asynclayoutinflater/R$id;	24982	24990	1	0
264	R.integer	Landroid/support/asynclayoutinflater/R$integer;	24991	24999	1	0
265	R.layout	Landroid/support/asynclayoutinflater/R$layout;	25000	25008	1	0
266	R.menu	Landroid/support/asynclayoutinflater/R$menu;	25009	25017	1	0
267	R.mipmap	Landroid/support/asynclayoutinflater/R$mipmap;	25018	25026	1	0
268	R.plurals	Landroid/support/asynclayoutinflater/R$plurals;	25027	25035	1	0
269	R.raw	Landroid/support/asynclayoutinflater/R$raw;	25036	25044	1	0
270	R.string	Landroid/support/asynclayoutinflater/R$string;	25045	25053	1	0
271	R.style	Landroid/support/asynclayoutinflater/R$style;	25054	25062	1	0
272	R.styleable	Landroid/support/asynclayoutinflater/R$styleable;	25063	25097	2	0
273	R.xml	Landroid/support/asynclayoutinflater/R$xml;	25098	25106	1	0
274	R	Landroid/support/asynclayoutinflater/R;	25107	25115	1	0
275	R.attr	Landroid/support/compat/R$attr;	25116	25124	1	0
276	R.bool	Landroid/support/compat/R$bool;	25125	25133	1	0
277	R.color	Landroid/support/compat/R$color;	25134	25142	1	0
278	R.dimen	Landroid/support/compat/R$dimen;	25143	25151	1	0
279	R.drawable	Landroid/support/compat/R$drawable;	25152	25160	1	0
280	R.id	Landroid/support/compat/R$id;	25161	25169	1	0
281	R.integer	Landroid/support/compat/R$integer;	25170	25178	1	0
282	R.layout	Landroid/support/compat/R$layout;	25179	25187	1	0
283	R.menu	Landroid/support/compat/R$menu;	25188	25196	1	0
284	R.mipmap	Landroid/support/compat/R$mipmap;	25197	25205	1	0
285	R.plurals	Landroid/support/compat/R$plurals;	25206	25214	1	0
286	R.raw	Landroid/support/compat/R$raw;	25215	25223	1	0
287	R.string	Landroid/support/compat/R$string;	25224	25232	1	0
288	R.style	Landroid/support/compat/R$style;	25233	25241	1	0
289	R.styleable	Landroid/support/compat/R$styleable;	25242	25276	2	0
290	R.xml	Landroid/support/compat/R$xml;	25277	25285	1	0
291	R	Landroid/support/compat/R;	25286	25294	1	0
292	R.attr	Landroid/support/coordinatorlayout/R$attr;	25295	25303	1	0
293	R.bool	Landroid/support/coordinatorlayout/R$bool;	25304	25312	1	0
294	R.color	Landroid/support/coordinatorlayout/R$color;	25313	25321	1	0
295	R.dimen	Landroid/support/coordinatorlayout/R$dimen;	25322	25330	1	0
296	R.drawable	Landroid/support/coordinatorlayout/R$drawable;	25331	25339	1	0
297	R.id	Landroid/support/coordinatorlayout/R$id;	25340	25348	1	0
298	R.integer	Landroid/support/coordinatorlayout/R$integer;	25349	25357	1	0
299	R.layout	Landroid/support/coordinatorlayout/R$layout;	25358	25366	1	0
300	R.menu	Landroid/support/coordinatorlayout/R$menu;	25367	25375	1	0
301	R.mipmap	Landroid/support/coordinatorlayout/R$mipmap;	25376	25384	1	0
302	R.plurals	Landroid/support/coordinatorlayout/R$plurals;	25385	25393	1	0
303	R.raw	Landroid/support/coordinatorlayout/R$raw;	25394	25402	1	0
304	R.string	Landroid/support/coordinatorlayout/R$string;	25403	25411	1	0
305	R.style	Landroid/support/coordinatorlayout/R$style;	25412	25420	1	0
306	R.styleable	Landroid/support/coordinatorlayout/R$styleable;	25421	25455	2	0
307	R.xml	Landroid/support/coordinatorlayout/R$xml;	25456	25464	1	0
308	R	Landroid/support/coordinatorlayout/R;	25465	25473	1	0
309	R.attr	Landroid/support/coreui/R$attr;	25474	25482	1	0
310	R.bool	Landroid/support/coreui/R$bool;	25483	25491	1	0
311	R.color	Landroid/support/coreui/R$color;	25492	25500	1	0
312	R.dimen	Landroid/support/coreui/R$dimen;	25501	25509	1	0
313	R.drawable	Landroid/support/coreui/R$drawable;	25510	25518	1	0
314	R.id	Landroid/support/coreui/R$id;	25519	25527	1	0
315	R.integer	Landroid/support/coreui/R$integer;	25528	25536	1	0
316	R.layout	Landroid/support/coreui/R$layout;	25537	25545	1	0
317	R.menu	Landroid/support/coreui/R$menu;	25546	25554	1	0
318	R.mipmap	Landroid/support/coreui/R$mipmap;	25555	25563	1	0
319	R.plurals	Landroid/support/coreui/R$plurals;	25564	25572	1	0
320	R.raw	Landroid/support/coreui/R$raw;	25573	25581	1	0
321	R.string	Landroid/support/coreui/R$string;	25582	25590	1	0
322	R.style	Landroid/support/coreui/R$style;	25591	25599	1	0
323	R.styleable	Landroid/support/coreui/R$styleable;	25600	25634	2	0
324	R.xml	Landroid/support/coreui/R$xml;	25635	25643	1	0
325	R	Landroid/support/coreui/R;	25644	25652	1	0
326	R.attr	Landroid/support/coreutils/R$attr;	25653	25661	1	0
327	R.bool	Landroid/support/coreutils/R$bool;	25662	25670	1	0
328	R.color	Landroid/support/coreutils/R$color;	25671	25679	1	0
329	R.dimen	Landroid/support/coreutils/R$dimen;	25680	25688	1	0
330	R.drawable	Landroid/support/coreutils/R$drawable;	25689	25697	1	0
331	R.id	Landroid/support/coreutils/R$id;	25698	25706	1	0
332	R.integer	Landroid/support/coreutils/R$integer;	25707	25715	1	0
333	R.layout	Landroid/support/coreutils/R$layout;	25716	25724	1	0
334	R.menu	Landroid/support/coreutils/R$menu;	25725	25733	1	0
335	R.mipmap	Landroid/support/coreutils/R$mipmap;	25734	25742	1	0
336	R.plurals	Landroid/support/coreutils/R$plurals;	25743	25751	1	0
337	R.raw	Landroid/support/coreutils/R$raw;	25752	25760	1	0
338	R.string	Landroid/support/coreutils/R$string;	25761	25769	1	0
339	R.style	Landroid/support/coreutils/R$style;	25770	25778	1	0
340	R.styleable	Landroid/support/coreutils/R$styleable;	25779	25813	2	0
341	R.xml	Landroid/support/coreutils/R$xml;	25814	25822	1	0
342	R	Landroid/support/coreutils/R;	25823	25831	1	0
343	R.attr	Landroid/support/cursoradapter/R$attr;	25832	25840	1	0
344	R.bool	Landroid/support/cursoradapter/R$bool;	25841	25849	1	0
345	R.color	Landroid/support/cursoradapter/R$color;	25850	25858	1	0
346	R.dimen	Landroid/support/cursoradapter/R$dimen;	25859	25867	1	0
347	R.drawable	Landroid/support/cursoradapter/R$drawable;	25868	25876	1	0
348	R.id	Landroid/support/cursoradapter/R$id;	25877	25885	1	0
349	R.integer	Landroid/support/cursoradapter/R$integer;	25886	25894	1	0
350	R.layout	Landroid/support/cursoradapter/R$layout;	25895	25903	1	0
351	R.menu	Landroid/support/cursoradapter/R$menu;	25904	25912	1	0
352	R.mipmap	Landroid/support/cursoradapter/R$mipmap;	25913	25921	1	0
353	R.plurals	Landroid/support/cursoradapter/R$plurals;	25922	25930	1	0
354	R.raw	Landroid/support/cursoradapter/R$raw;	25931	25939	1	0
355	R.string	Landroid/support/cursoradapter/R$string;	25940	25948	1	0
356	R.style	Landroid/support/cursoradapter/R$style;	25949	25957	1	0
357	R.styleable	Landroid/support/cursoradapter/R$styleable;	25958	25992	2	0
358	R.xml	Landroid/support/cursoradapter/R$xml;	25993	26001	1	0
359	R	Landroid/support/cursoradapter/R;	26002	26010	1	0
360	R.attr	Landroid/support/customview/R$attr;	26011	26019	1	0
361	R.bool	Landroid/support/customview/R$bool;	26020	26028	1	0
362	R.color	Landroid/support/customview/R$color;	26029	26037	1	0
363	R.dimen	Landroid/support/customview/R$dimen;	26038	26046	1	0
364	R.drawable	Landroid/support/customview/R$drawable;	26047	26055	1	0
365	R.id	Landroid/support/customview/R$id;	26056	26064	1	0
366	R.integer	Landroid/support/customview/R$integer;	26065	26073	1	0
367	R.layout	Landroid/support/customview/R$layout;	26074	26082	1	0
368	R.menu	Landroid/support/customview/R$menu;	26083	26091	1	0
369	R.mipmap	Landroid/support/customview/R$mipmap;	26092	26100	1	0
370	R.plurals	Landroid/support/customview/R$plurals;	26101	26109	1	0
371	R.raw	Landroid/support/customview/R$raw;	26110	26118	1	0
372	R.string	Landroid/support/customview/R$string;	26119	26127	1	0
373	R.style	Landroid/support/customview/R$style;	26128	26136	1	0
374	R.styleable	Landroid/support/customview/R$styleable;	26137	26171	2	0
375	R.xml	Landroid/support/customview/R$xml;	26172	26180	1	0
376	R	Landroid/support/customview/R;	26181	26189	1	0
377	CoordinatorLayout.AttachedBehavior	Landroid/support/design/widget/CoordinatorLayout$AttachedBehavior;	26190	26196	0	1
378	CoordinatorLayout.Behavior	Landroid/support/design/widget/CoordinatorLayout$Behavior;	26197	26414	4	29
379	CoordinatorLayout.DefaultBehavior	Landroid/support/design/widget/CoordinatorLayout$DefaultBehavior;	26415	26421	0	1
380	CoordinatorLayout.DispatchChangeEvent	Landroid/support/design/widget/CoordinatorLayout$DispatchChangeEvent;	26422	26424	0	0
381	CoordinatorLayout.HierarchyChangeListener	Landroid/support/design/widget/CoordinatorLayout$HierarchyChangeListener;	26425	26473	1	2
382	CoordinatorLayout.LayoutParams	Landroid/support/design/widget/CoordinatorLayout$LayoutParams;	26474	27080	8	19
383	CoordinatorLayout.OnPreDrawListener	Landroid/support/design/widget/CoordinatorLayout$OnPreDrawListener;	27081	27103	1	1
384	CoordinatorLayout.SavedState.1	Landroid/support/design/widget/CoordinatorLayout$SavedState$1;	27104	27157	1	6
385	CoordinatorLayout.ViewElevationComparator	Landroid/support/design/widget/CoordinatorLayout$ViewElevationComparator;	27158	27194	1	2
386	R.attr	Landroid/support/documentfile/R$attr;	27195	27203	1	0
387	R.bool	Landroid/support/documentfile/R$bool;	27204	27212	1	0
388	R.color	Landroid/support/documentfile/R$color;	27213	27221	1	0
389	R.dimen	Landroid/support/documentfile/R$dimen;	27222	27230	1	0
390	R.drawable	Landroid/support/documentfile/R$drawable;	27231	27239	1	0
391	R.id	Landroid/support/documentfile/R$id;	27240	27248	1	0
392	R.integer	Landroid/support/documentfile/R$integer;	27249	27257	1	0
393	R.layout	Landroid/support/documentfile/R$layout;	27258	27266	1	0
394	R.menu	Landroid/support/documentfile/R$menu;	27267	27275	1	0
395	R.mipmap	Landroid/support/documentfile/R$mipmap;	27276	27284	1	0
396	R.plurals	Landroid/support/documentfile/R$plurals;	27285	27293	1	0
397	R.raw	Landroid/support/documentfile/R$raw;	27294	27302	1	0
398	R.string	Landroid/support/documentfile/R$string;	27303	27311	1	0
399	R.style	Landroid/support/documentfile/R$style;	27312	27320	1	0
400	R.styleable	Landroid/support/documentfile/R$styleable;	27321	27355	2	0
401	R.xml	Landroid/support/documentfile/R$xml;	27356	27364	1	0
402	R	Landroid/support/documentfile/R;	27365	27373	1	0
403	R.attr	Landroid/support/drawerlayout/R$attr;	27374	27382	1	0
404	R.bool	Landroid/support/drawerlayout/R$bool;	27383	27391	1	0
405	R.color	Landroid/support/drawerlayout/R$color;	27392	27400	1	0
406	R.dimen	Landroid/support/drawerlayout/R$dimen;	27401	27409	1	0
407	R.drawable	Landroid/support/drawerlayout/R$drawable;	27410	27418	1	0
408	R.id	Landroid/support/drawerlayout/R$id;	27419	27427	1	0
409	R.integer	Landroid/support/drawerlayout/R$integer;	27428	27436	1	0
410	R.layout	Landroid/support/drawerlayout/R$layout;	27437	27445	1	0
411	R.menu	Landroid/support/drawerlayout/R$menu;	27446	27454	1	0
412	R.mipmap	Landroid/support/drawerlayout/R$mipmap;	27455	27463	1	0
413	R.plurals	Landroid/support/drawerlayout/R$plurals;	27464	27472	1	0
414	R.raw	Landroid/support/drawerlayout/R$raw;	27473	27481	1	0
415	R.string	Landroid/support/drawerlayout/R$string;	27482	27490	1	0
416	R.style	Landroid/support/drawerlayout/R$style;	27491	27499	1	0
417	R.styleable	Landroid/support/drawerlayout/R$styleable;	27500	27534	2	0
418	R.xml	Landroid/support/drawerlayout/R$xml;	27535	27543	1	0
419	R	Landroid/support/drawerlayout/R;	27544	27552	1	0
420	R.attr	Landroid/support/fragment/R$attr;	27553	27561	1	0
421	R.bool	Landroid/support/fragment/R$bool;	27562	27570	1	0
422	R.color	Landroid/support/fragment/R$color;	27571	27579	1	0
423	R.dimen	Landroid/support/fragment/R$dimen;	27580	27588	1	0
424	R.drawable	Landroid/support/fragment/R$drawable;	27589	27597	1	0
425	R.id	Landroid/support/fragment/R$id;	27598	27606	1	0
426	R.integer	Landroid/support/fragment/R$integer;	27607	27615	1	0
427	R.layout	Landroid/support/fragment/R$layout;	27616	27624	1	0
428	R.menu	Landroid/support/fragment/R$menu;	27625	27633	1	0
429	R.mipmap	Landroid/support/fragment/R$mipmap;	27634	27642	1	0
430	R.plurals	Landroid/support/fragment/R$plurals;	27643	27651	1	0
431	R.raw	Landroid/support/fragment/R$raw;	27652	27660	1	0
432	R.string	Landroid/support/fragment/R$string;	27661	27669	1	0
433	R.style	Landroid/support/fragment/R$style;	27670	27678	1	0
434	R.styleable	Landroid/support/fragment/R$styleable;	27679	27713	2	0
435	R.xml	Landroid/support/fragment/R$xml;	27714	27722	1	0
436	R	Landroid/support/fragment/R;	27723	27731	1	0
437	R.attr	Landroid/support/interpolator/R$attr;	27732	27740	1	0
438	R.bool	Landroid/support/interpolator/R$bool;	27741	27749	1	0
439	R.color	Landroid/support/interpolator/R$color;	27750	27758	1	0
440	R.dimen	Landroid/support/interpolator/R$dimen;	27759	27767	1	0
441	R.drawable	Landroid/support/interpolator/R$drawable;	27768	27776	1	0
442	R.id	Landroid/support/interpolator/R$id;	27777	27785	1	0
443	R.integer	Landroid/support/interpolator/R$integer;	27786	27794	1	0
444	R.layout	Landroid/support/interpolator/R$layout;	27795	27803	1	0
445	R.menu	Landroid/support/interpolator/R$menu;	27804	27812	1	0
446	R.mipmap	Landroid/support/interpolator/R$mipmap;	27813	27821	1	0
447	R.plurals	Landroid/support/interpolator/R$plurals;	27822	27830	1	0
448	R.raw	Landroid/support/interpolator/R$raw;	27831	27839	1	0
449	R.string	Landroid/support/interpolator/R$string;	27840	27848	1	0
450	R.style	Landroid/support/interpolator/R$style;	27849	27857	1	0
451	R.styleable	Landroid/support/interpolator/R$styleable;	27858	27892	2	0
452	R.xml	Landroid/support/interpolator/R$xml;	27893	27901	1	0
453	R	Landroid/support/interpolator/R;	27902	27910	1	0
454	R.attr	Landroid/support/loader/R$attr;	27911	27919	1	0
455	R.bool	Landroid/support/loader/R$bool;	27920	27928	1	0
456	R.color	Landroid/support/loader/R$color;	27929	27937	1	0
457	R.dimen	Landroid/support/loader/R$dimen;	27938	27946	1	0
458	R.drawable	Landroid/support/loader/R$drawable;	27947	27955	1	0
459	R.id	Landroid/support/loader/R$id;	27956	27964	1	0
460	R.integer	Landroid/support/loader/R$integer;	27965	27973	1	0
461	R.layout	Landroid/support/loader/R$layout;	27974	27982	1	0
462	R.menu	Landroid/support/loader/R$menu;	27983	27991	1	0
463	R.mipmap	Landroid/support/loader/R$mipmap;	27992	28000	1	0
464	R.plurals	Landroid/support/loader/R$plurals;	28001	28009	1	0
465	R.raw	Landroid/support/loader/R$raw;	28010	28018	1	0
466	R.string	Landroid/support/loader/R$string;	28019	28027	1	0
467	R.style	Landroid/support/loader/R$style;	28028	28036	1	0
468	R.styleable	Landroid/support/loader/R$styleable;	28037	28071	2	0
469	R.xml	Landroid/support/loader/R$xml;	28072	28080	1	0
470	R	Landroid/support/loader/R;	28081	28089	1	0
471	R.attr	Landroid/support/localbroadcastmanager/R$attr;	28090	28098	1	0
472	R.bool	Landroid/support/localbroadcastmanager/R$bool;	28099	28107	1	0
473	R.color	Landroid/support/localbroadcastmanager/R$color;	28108	28116	1	0
474	R.dimen	Landroid/support/localbroadcastmanager/R$dimen;	28117	28125	1	0
475	R.drawable	Landroid/support/localbroadcastmanager/R$drawable;	28126	28134	1	0
476	R.id	Landroid/support/localbroadcastmanager/R$id;	28135	28143	1	0
477	R.integer	Landroid/support/localbroadcastmanager/R$integer;	28144	28152	1	0
478	R.layout	Landroid/support/localbroadcastmanager/R$layout;	28153	28161	1	0
479	R.menu	Landroid/support/localbroadcastmanager/R$menu;	28162	28170	1	0
480	R.mipmap	Landroid/support/localbroadcastmanager/R$mipmap;	28171	28179	1	0
481	R.plurals	Landroid/support/localbroadcastmanager/R$plurals;	28180	28188	1	0
482	R.raw	Landroid/support/localbroadcastmanager/R$raw;	28189	28197	1	0
483	R.string	Landroid/support/localbroadcastmanager/R$string;	28198	28206	1	0
484	R.style	Landroid/support/localbroadcastmanager/R$style;	28207	28215	1	0
485	R.styleable	Landroid/support/localbroadcastmanager/R$styleable;	28216	28250	2	0
486	R.xml	Landroid/support/localbroadcastmanager/R$xml;	28251	28259	1	0
487	R	Landroid/support/localbroadcastmanager/R;	28260	28268	1	0
488	R.attr	Landroid/support/mediacompat/R$attr;	28269	28277	1	0
489	R.bool	Landroid/support/mediacompat/R$bool;	28278	28286	1	0
490	R.color	Landroid/support/mediacompat/R$color;	28287	28295	1	0
491	R.dimen	Landroid/support/mediacompat/R$dimen;	28296	28304	1	0
492	R.drawable	Landroid/support/mediacompat/R$drawable;	28305	28313	1	0
493	R.id	Landroid/support/mediacompat/R$id;	28314	28322	1	0
494	R.integer	Landroid/support/mediacompat/R$integer;	28323	28331	1	0
495	R.layout	Landroid/support/mediacompat/R$layout;	28332	28340	1	0
496	R.menu	Landroid/support/mediacompat/R$menu;	28341	28349	1	0
497	R.mipmap	Landroid/support/mediacompat/R$mipmap;	28350	28358	1	0
498	R.plurals	Landroid/support/mediacompat/R$plurals;	28359	28367	1	0
499	R.raw	Landroid/support/mediacompat/R$raw;	28368	28376	1	0
500	R.string	Landroid/support/mediacompat/R$string;	28377	28385	1	0
501	R.style	Landroid/support/mediacompat/R$style;	28386	28394	1	0
502	R.styleable	Landroid/support/mediacompat/R$styleable;	28395	28429	2	0
503	R.xml	Landroid/support/mediacompat/R$xml;	28430	28438	1	0
504	R	Landroid/support/mediacompat/R;	28439	28447	1	0
505	Rating2.StarStyle	Landroid/support/mediacompat/Rating2$StarStyle;	28448	28450	0	0
506	Rating2.Style	Landroid/support/mediacompat/Rating2$Style;	28451	28453	0	0
507	Rating2	Landroid/support/mediacompat/Rating2;	28454	28769	7	10
508	R.attr	Landroid/support/print/R$attr;	28770	28778	1	0
509	R.bool	Landroid/support/print/R$bool;	28779	28787	1	0
510	R.color	Landroid/support/print/R$color;	28788	28796	1	0
511	R.dimen	Landroid/support/print/R$dimen;	28797	28805	1	0
512	R.drawable	Landroid/support/print/R$drawable;	28806	28814	1	0
513	R.id	Landroid/support/print/R$id;	28815	28823	1	0
514	R.integer	Landroid/support/print/R$integer;	28824	28832	1	0
515	R.layout	Landroid/support/print/R$layout;	28833	28841	1	0
516	R.menu	Landroid/support/print/R$menu;	28842	28850	1	0
517	R.mipmap	Landroid/support/print/R$mipmap;	28851	28859	1	0
518	R.plurals	Landroid/support/print/R$plurals;	28860	28868	1	0
519	R.raw	Landroid/support/print/R$raw;	28869	28877	1	0
520	R.string	Landroid/support/print/R$string;	28878	28886	1	0
521	R.style	Landroid/support/print/R$style;	28887	28895	1	0
522	R.styleable	Landroid/support/print/R$styleable;	28896	28930	2	0
523	R.xml	Landroid/support/print/R$xml;	28931	28939	1	0
524	R	Landroid/support/print/R;	28940	28948	1	0
525	R.attr	Landroid/support/slidingpanelayout/R$attr;	28949	28957	1	0
526	R.bool	Landroid/support/slidingpanelayout/R$bool;	28958	28966	1	0
527	R.color	Landroid/support/slidingpanelayout/R$color;	28967	28975	1	0
528	R.dimen	Landroid/support/slidingpanelayout/R$dimen;	28976	28984	1	0
529	R.drawable	Landroid/support/slidingpanelayout/R$drawable;	28985	28993	1	0
530	R.id	Landroid/support/slidingpanelayout/R$id;	28994	29002	1	0
531	R.integer	Landroid/support/slidingpanelayout/R$integer;	29003	29011	1	0
532	R.layout	Landroid/support/slidingpanelayout/R$layout;	29012	29020	1	0
533	R.menu	Landroid/support/slidingpanelayout/R$menu;	29021	29029	1	0
534	R.mipmap	Landroid/support/slidingpanelayout/R$mipmap;	29030	29038	1	0
535	R.plurals	Landroid/support/slidingpanelayout/R$plurals;	29039	29047	1	0
536	R.raw	Landroid/support/slidingpanelayout/R$raw;	29048	29056	1	0
537	R.string	Landroid/support/slidingpanelayout/R$string;	29057	29065	1	0
538	R.style	Landroid/support/slidingpanelayout/R$style;	29066	29074	1	0
539	R.styleable	Landroid/support/slidingpanelayout/R$styleable;	29075	29109	2	0
540	R.xml	Landroid/support/slidingpanelayout/R$xml;	29110	29118	1	0
541	R	Landroid/support/slidingpanelayout/R;	29119	29127	1	0
542	R.attr	Landroid/support/swiperefreshlayout/R$attr;	29128	29136	1	0
543	R.bool	Landroid/support/swiperefreshlayout/R$bool;	29137	29145	1	0
544	R.color	Landroid/support/swiperefreshlayout/R$color;	29146	29154	1	0
545	R.dimen	Landroid/support/swiperefreshlayout/R$dimen;	29155	29163	1	0
546	R.drawable	Landroid/support/swiperefreshlayout/R$drawable;	29164	29172	1	0
547	R.id	Landroid/support/swiperefreshlayout/R$id;	29173	29181	1	0
548	R.integer	Landroid/support/swiperefreshlayout/R$integer;	29182	29190	1	0
549	R.layout	Landroid/support/swiperefreshlayout/R$layout;	29191	29199	1	0
550	R.menu	Landroid/support/swiperefreshlayout/R$menu;	29200	29208	1	0
551	R.mipmap	Landroid/support/swiperefreshlayout/R$mipmap;	29209	29217	1	0
552	R.plurals	Landroid/support/swiperefreshlayout/R$plurals;	29218	29226	1	0
553	R.raw	Landroid/support/swiperefreshlayout/R$raw;	29227	29235	1	0
554	R.string	Landroid/support/swiperefreshlayout/R$string;	29236	29244	1	0
555	R.style	Landroid/support/swiperefreshlayout/R$style;	29245	29253	1	0
556	R.styleable	Landroid/support/swiperefreshlayout/R$styleable;	29254	29288	2	0
557	R.xml	Landroid/support/swiperefreshlayout/R$xml;	29289	29297	1	0
558	R	Landroid/support/swiperefreshlayout/R;	29298	29306	1	0
559	DragAndDropPermissionsCompat	Landroid/support/v13/view/DragAndDropPermissionsCompat;	29307	29350	2	1
560	DragStartHelper.1	Landroid/support/v13/view/DragStartHelper$1;	29351	29372	1	1
561	DragStartHelper.2	Landroid/support/v13/view/DragStartHelper$2;	29373	29394	1	1
562	DragStartHelper.OnDragStartListener	Landroid/support/v13/view/DragStartHelper$OnDragStartListener;	29395	29401	0	1
563	DragStartHelper	Landroid/support/v13/view/DragStartHelper;	29402	29539	1	5
564	EditorInfoCompat	Landroid/support/v13/view/inputmethod/EditorInfoCompat;	29540	29611	4	0
565	InputConnectionCompat.1	Landroid/support/v13/view/inputmethod/InputConnectionCompat$1;	29612	29639	1	1
566	InputConnectionCompat.2	Landroid/support/v13/view/inputmethod/InputConnectionCompat$2;	29640	29665	1	1
567	InputConnectionCompat.OnCommitContentListener	Landroid/support/v13/view/inputmethod/InputConnectionCompat$OnCommitContentListener;	29666	29672	0	1
568	InputConnectionCompat	Landroid/support/v13/view/inputmethod/InputConnectionCompat;	29673	29849	4	0
569	InputContentInfoCompat.InputContentInfoCompatImpl	Landroid/support/v13/view/inputmethod/InputContentInfoCompat$InputContentInfoCompatImpl;	29850	29871	0	6
570	InputContentInfoCompat	Landroid/support/v13/view/inputmethod/InputContentInfoCompat;	29872	29971	3	6
571	R.attr	Landroid/support/v4/R$attr;	29972	29980	1	0
572	R.bool	Landroid/support/v4/R$bool;	29981	29989	1	0
573	R.color	Landroid/support/v4/R$color;	29990	29998	1	0
574	R.dimen	Landroid/support/v4/R$dimen;	29999	30007	1	0
575	R.drawable	Landroid/support/v4/R$drawable;	30008	30016	1	0
576	R.id	Landroid/support/v4/R$id;	30017	30025	1	0
577	R.integer	Landroid/support/v4/R$integer;	30026	30034	1	0
578	R.layout	Landroid/support/v4/R$layout;	30035	30043	1	0
579	R.menu	Landroid/support/v4/R$menu;	30044	30052	1	0
580	R.mipmap	Landroid/support/v4/R$mipmap;	30053	30061	1	0
581	R.plurals	Landroid/support/v4/R$plurals;	30062	30070	1	0
582	R.raw	Landroid/support/v4/R$raw;	30071	30079	1	0
583	R.string	Landroid/support/v4/R$string;	30080	30088	1	0
584	R.style	Landroid/support/v4/R$style;	30089	30097	1	0
585	R.styleable	Landroid/support/v4/R$styleable;	30098	30132	2	0
586	R.xml	Landroid/support/v4/R$xml;	30133	30141	1	0
587	R	Landroid/support/v4/R;	30142	30150	1	0
588	AccessibilityServiceInfoCompat	Landroid/support/v4/accessibilityservice/AccessibilityServiceInfoCompat;	30151	30302	6	0
589	ActionBarDrawerToggle.Delegate	Landroid/support/v4/app/ActionBarDrawerToggle$Delegate;	30303	30315	0	3
590	ActionBarDrawerToggle.DelegateProvider	Landroid/support/v4/app/ActionBarDrawerToggle$DelegateProvider;	30316	30322	0	1
591	ActionBarDrawerToggle.SetIndicatorInfo	Landroid/support/v4/app/ActionBarDrawerToggle$SetIndicatorInfo;	30323	30396	1	0
592	ActionBarDrawerToggle.SlideDrawable	Landroid/support/v4/app/ActionBarDrawerToggle$SlideDrawable;	30397	30511	1	4
593	ActivityCompat.1	Landroid/support/v4/app/ActivityCompat$1;	30512	30569	1	1
594	ActivityCompat.OnRequestPermissionsResultCallback	Landroid/support/v4/app/ActivityCompat$OnRequestPermissionsResultCallback;	30570	30576	0	1
595	ActivityCompat.PermissionCompatDelegate	Landroid/support/v4/app/ActivityCompat$PermissionCompatDelegate;	30577	30586	0	2
596	ActivityCompat.RequestPermissionsRequestCodeValidator	Landroid/support/v4/app/ActivityCompat$RequestPermissionsRequestCodeValidator;	30587	30593	0	1
597	ActivityCompat.SharedElementCallback21Impl	Landroid/support/v4/app/ActivityCompat$SharedElementCallback21Impl;	30594	30666	1	6
598	ActivityManagerCompat	Landroid/support/v4/app/ActivityManagerCompat;	30667	30688	2	0
599	ActivityOptionsCompat	Landroid/support/v4/app/ActivityOptionsCompat;	30689	30859	9	5
600	AlarmManagerCompat	Landroid/support/v4/app/AlarmManagerCompat;	30860	30925	5	0
601	AppComponentFactory	Landroid/support/v4/app/AppComponentFactory;	30926	31105	1	10
602	AppLaunchChecker	Landroid/support/v4/app/AppLaunchChecker;	31106	31175	3	0
603	AppOpsManagerCompat	Landroid/support/v4/app/AppOpsManagerCompat;	31176	31268	6	0
604	BackStackRecord.Op	Landroid/support/v4/app/BackStackRecord$Op;	31269	31288	2	0
605	BackStackState.1	Landroid/support/v4/app/BackStackState$1;	31289	31326	1	4
606	BackStackState	Landroid/support/v4/app/BackStackState;	31327	31751	3	3
607	BundleCompat.BundleCompatBaseImpl	Landroid/support/v4/app/BundleCompat$BundleCompatBaseImpl;	31752	31849	3	0
608	BundleCompat	Landroid/support/v4/app/BundleCompat;	31850	31885	3	0
609	CoreComponentFactory.CompatWrapped	Landroid/support/v4/app/CoreComponentFactory$CompatWrapped;	31886	31892	0	1
610	CoreComponentFactory	Landroid/support/v4/app/CoreComponentFactory;	31893	31964	2	5
611	Fragment.1	Landroid/support/v4/app/Fragment$1;	31965	31985	1	1
612	Fragment.AnimationInfo	Landroid/support/v4/app/Fragment$AnimationInfo;	31986	32128	17	0
613	Fragment.InstantiationException	Landroid/support/v4/app/Fragment$InstantiationException;	32129	32139	1	0
614	Fragment.OnStartEnterTransitionListener	Landroid/support/v4/app/Fragment$OnStartEnterTransitionListener;	32140	32149	0	2
615	Fragment.SavedState.1	Landroid/support/v4/app/Fragment$SavedState$1;	32150	32188	1	4
616	Fragment.SavedState	Landroid/support/v4/app/Fragment$SavedState;	32189	32243	3	2
617	FragmentActivity.1	Landroid/support/v4/app/FragmentActivity$1;	32244	32289	1	1
618	FragmentActivity.NonConfigurationInstances	Landroid/support/v4/app/FragmentActivity$NonConfigurationInstances;	32290	32298	1	0
619	FragmentContainer	Landroid/support/v4/app/FragmentContainer;	32299	32320	1	3
620	FragmentController	Landroid/support/v4/app/FragmentController;	32321	32764	2	40
621	FragmentManager.BackStackEntry	Landroid/support/v4/app/FragmentManager$BackStackEntry;	32765	32786	0	6
622	FragmentManager.FragmentLifecycleCallbacks	Landroid/support/v4/app/FragmentManager$FragmentLifecycleCallbacks;	32787	32851	1	14
623	FragmentManager.OnBackStackChangedListener	Landroid/support/v4/app/FragmentManager$OnBackStackChangedListener;	32852	32858	0	1
624	FragmentManager	Landroid/support/v4/app/FragmentManager;	32859	32954	2	25
625	FragmentManagerImpl.1	Landroid/support/v4/app/FragmentManagerImpl$1;	32955	32976	1	1
626	FragmentManagerImpl.2.1	Landroid/support/v4/app/FragmentManagerImpl$2$1;	32977	33029	1	1
627	FragmentManagerImpl.3	Landroid/support/v4/app/FragmentManagerImpl$3;	33030	33092	1	1
628	FragmentManagerImpl.4	Landroid/support/v4/app/FragmentManagerImpl$4;	33093	33136	1	1
629	FragmentManagerImpl.AnimateOnHWLayerIfNeededListener.1	Landroid/support/v4/app/FragmentManagerImpl$AnimateOnHWLayerIfNeededListener$1;	33137	33162	1	1
630	FragmentManagerImpl.AnimationListenerWrapper	Landroid/support/v4/app/FragmentManagerImpl$AnimationListenerWrapper;	33163	33216	2	3
631	FragmentManagerImpl.AnimationOrAnimator	Landroid/support/v4/app/FragmentManagerImpl$AnimationOrAnimator;	33217	33264	4	0
632	FragmentManagerImpl.AnimatorOnHWLayerIfNeededListener	Landroid/support/v4/app/FragmentManagerImpl$AnimatorOnHWLayerIfNeededListener;	33265	33303	1	2
633	FragmentManagerImpl.EndViewTransitionAnimator	Landroid/support/v4/app/FragmentManagerImpl$EndViewTransitionAnimator;	33304	33377	1	3
634	FragmentManagerImpl.FragmentLifecycleCallbacksHolder	Landroid/support/v4/app/FragmentManagerImpl$FragmentLifecycleCallbacksHolder;	33378	33391	1	0
635	FragmentManagerImpl.FragmentTag	Landroid/support/v4/app/FragmentManagerImpl$FragmentTag;	33392	33412	2	0
636	FragmentManagerImpl.OpGenerator	Landroid/support/v4/app/FragmentManagerImpl$OpGenerator;	33413	33419	0	1
637	FragmentManagerNonConfig	Landroid/support/v4/app/FragmentManagerNonConfig;	33420	33456	1	3
638	FragmentManagerState.1	Landroid/support/v4/app/FragmentManagerState$1;	33457	33494	1	4
639	FragmentManagerState	Landroid/support/v4/app/FragmentManagerState;	33495	33587	3	2
640	FragmentState.1	Landroid/support/v4/app/FragmentState$1;	33588	33625	1	4
641	FragmentState	Landroid/support/v4/app/FragmentState;	33626	33962	3	3
642	FragmentTabHost.DummyTabFactory	Landroid/support/v4/app/FragmentTabHost$DummyTabFactory;	33963	33988	1	1
643	FragmentTabHost.SavedState.1	Landroid/support/v4/app/FragmentTabHost$SavedState$1;	33989	34026	1	4
644	FragmentTabHost.SavedState	Landroid/support/v4/app/FragmentTabHost$SavedState;	34027	34097	3	2
645	FragmentTabHost.TabInfo	Landroid/support/v4/app/FragmentTabHost$TabInfo;	34098	34113	1	0
646	FragmentTabHost	Landroid/support/v4/app/FragmentTabHost;	34114	34598	7	10
647	FragmentTransaction	Landroid/support/v4/app/FragmentTransaction;	34599	34700	1	31
648	FragmentTransition.1	Landroid/support/v4/app/FragmentTransition$1;	34701	34722	1	1
649	FragmentTransition.2	Landroid/support/v4/app/FragmentTransition$2;	34723	34811	1	1
650	FragmentTransition.3	Landroid/support/v4/app/FragmentTransition$3;	34812	34862	1	1
651	FragmentTransition.4	Landroid/support/v4/app/FragmentTransition$4;	34863	34962	1	1
652	FragmentTransition.FragmentContainerTransition	Landroid/support/v4/app/FragmentTransition$FragmentContainerTransition;	34963	34971	1	0
653	FragmentTransition	Landroid/support/v4/app/FragmentTransition;	34972	36654	37	0
654	FragmentTransitionCompat21.1	Landroid/support/v4/app/FragmentTransitionCompat21$1;	36655	36675	1	1
655	FragmentTransitionCompat21.2	Landroid/support/v4/app/FragmentTransitionCompat21$2;	36676	36738	1	5
656	FragmentTransitionCompat21.3	Landroid/support/v4/app/FragmentTransitionCompat21$3;	36739	36818	1	5
657	FragmentTransitionCompat21.4	Landroid/support/v4/app/FragmentTransitionCompat21$4;	36819	36851	1	1
658	FragmentTransitionImpl.1	Landroid/support/v4/app/FragmentTransitionImpl$1;	36852	36911	1	1
659	FragmentTransitionImpl.2	Landroid/support/v4/app/FragmentTransitionImpl$2;	36912	36956	1	1
660	FragmentTransitionImpl.3	Landroid/support/v4/app/FragmentTransitionImpl$3;	36957	37001	1	1
661	FragmentTransitionImpl	Landroid/support/v4/app/FragmentTransitionImpl;	37002	37349	5	23
662	FrameMetricsAggregator.1	Landroid/support/v4/app/FrameMetricsAggregator$1;	37350	37352	0	0
663	FrameMetricsAggregator.FrameMetricsApi24Impl.1	Landroid/support/v4/app/FrameMetricsAggregator$FrameMetricsApi24Impl$1;	37353	37541	1	1
664	FrameMetricsAggregator.FrameMetricsBaseImpl	Landroid/support/v4/app/FrameMetricsAggregator$FrameMetricsBaseImpl;	37542	37582	2	5
665	FrameMetricsAggregator.MetricType	Landroid/support/v4/app/FrameMetricsAggregator$MetricType;	37583	37585	0	0
666	FrameMetricsAggregator	Landroid/support/v4/app/FrameMetricsAggregator;	37586	37667	2	5
667	INotificationSideChannel	Landroid/support/v4/app/INotificationSideChannel;	37668	37680	0	3
668	JobIntentService.CommandProcessor	Landroid/support/v4/app/JobIntentService$CommandProcessor;	37681	37753	1	6
669	JobIntentService.CompatJobEngine	Landroid/support/v4/app/JobIntentService$CompatJobEngine;	37754	37763	0	2
670	JobIntentService.GenericWorkItem	Landroid/support/v4/app/JobIntentService$GenericWorkItem;	37764	37773	0	2
671	JobIntentService.WorkEnqueuer	Landroid/support/v4/app/JobIntentService$WorkEnqueuer;	37774	37838	1	5
672	JobIntentService	Landroid/support/v4/app/JobIntentService;	37839	38193	5	12
673	ListFragment.1	Landroid/support/v4/app/ListFragment$1;	38194	38221	1	1
674	ListFragment.2	Landroid/support/v4/app/ListFragment$2;	38222	38248	1	1
675	LoaderManager.LoaderCallbacks	Landroid/support/v4/app/LoaderManager$LoaderCallbacks;	38249	38261	0	3
676	LoaderManager	Landroid/support/v4/app/LoaderManager;	38262	38311	3	7
677	NavUtils	Landroid/support/v4/app/NavUtils;	38312	38567	9	0
678	NotificationBuilderWithBuilderAccessor	Landroid/support/v4/app/NotificationBuilderWithBuilderAccessor;	38568	38574	0	1
679	NotificationCompat.Action.Builder	Landroid/support/v4/app/NotificationCompat$Action$Builder;	38575	38792	3	8
680	NotificationCompat.Action.Extender	Landroid/support/v4/app/NotificationCompat$Action$Extender;	38793	38799	0	1
681	NotificationCompat.Action.SemanticAction	Landroid/support/v4/app/NotificationCompat$Action$SemanticAction;	38800	38802	0	0
682	NotificationCompat.Action	Landroid/support/v4/app/NotificationCompat$Action;	38803	38920	2	9
683	NotificationCompat.BadgeIconType	Landroid/support/v4/app/NotificationCompat$BadgeIconType;	38921	38923	0	0
684	NotificationCompat.Builder	Landroid/support/v4/app/NotificationCompat$Builder;	38924	39735	5	63
685	NotificationCompat.CarExtender.UnreadConversation.Builder	Landroid/support/v4/app/NotificationCompat$CarExtender$UnreadConversation$Builder;	39736	39815	1	5
686	NotificationCompat.CarExtender.UnreadConversation	Landroid/support/v4/app/NotificationCompat$CarExtender$UnreadConversation;	39816	39894	1	7
687	NotificationCompat.Extender	Landroid/support/v4/app/NotificationCompat$Extender;	39895	39901	0	1
688	NotificationCompat.GroupAlertBehavior	Landroid/support/v4/app/NotificationCompat$GroupAlertBehavior;	39902	39904	0	0
689	NotificationCompat.MessagingStyle.Message	Landroid/support/v4/app/NotificationCompat$MessagingStyle$Message;	39905	40235	6	8
690	NotificationCompat.NotificationVisibility	Landroid/support/v4/app/NotificationCompat$NotificationVisibility;	40236	40238	0	0
691	NotificationCompat.StreamType	Landroid/support/v4/app/NotificationCompat$StreamType;	40239	40241	0	0
692	NotificationCompat.Style	Landroid/support/v4/app/NotificationCompat$Style;	40242	40942	6	11
693	NotificationCompat	Landroid/support/v4/app/NotificationCompat;	40943	41439	18	0
694	NotificationCompatExtras	Landroid/support/v4/app/NotificationCompatExtras;	41440	41448	1	0
695	NotificationCompatJellybean	Landroid/support/v4/app/NotificationCompatJellybean;	41449	42101	17	0
696	NotificationCompatSideChannelService	Landroid/support/v4/app/NotificationCompatSideChannelService;	42102	42181	1	5
697	NotificationManagerCompat.ServiceConnectedEvent	Landroid/support/v4/app/NotificationManagerCompat$ServiceConnectedEvent;	42182	42195	1	0
698	NotificationManagerCompat.SideChannelManager.ListenerRecord	Landroid/support/v4/app/NotificationManagerCompat$SideChannelManager$ListenerRecord;	42196	42216	1	0
699	NotificationManagerCompat.SideChannelManager	Landroid/support/v4/app/NotificationManagerCompat$SideChannelManager;	42217	42908	10	4
700	NotificationManagerCompat.Task	Landroid/support/v4/app/NotificationManagerCompat$Task;	42909	42915	0	1
701	NotificationManagerCompat	Landroid/support/v4/app/NotificationManagerCompat;	42916	43243	6	7
702	OneShotPreDrawListener	Landroid/support/v4/app/OneShotPreDrawListener;	43244	43334	2	4
703	Person.1	Landroid/support/v4/app/Person$1;	43335	43337	0	0
704	Person.Builder	Landroid/support/v4/app/Person$Builder;	43338	43476	9	7
705	Person	Landroid/support/v4/app/Person;	43477	43803	10	9
706	RemoteInput.Builder	Landroid/support/v4/app/RemoteInput$Builder;	43804	43902	1	7
707	RemoteInput	Landroid/support/v4/app/RemoteInput;	43903	44381	9	7
708	ServiceCompat.StopForegroundFlags	Landroid/support/v4/app/ServiceCompat$StopForegroundFlags;	44382	44384	0	0
709	ServiceCompat	Landroid/support/v4/app/ServiceCompat;	44385	44412	2	0
710	ShareCompat.IntentBuilder	Landroid/support/v4/app/ShareCompat$IntentBuilder;	44413	44917	4	21
711	ShareCompat.IntentReader	Landroid/support/v4/app/ShareCompat$IntentReader;	44918	45372	3	18
712	ShareCompat	Landroid/support/v4/app/ShareCompat;	45373	45497	5	0
713	SharedElementCallback.OnSharedElementsReadyListener	Landroid/support/v4/app/SharedElementCallback$OnSharedElementsReadyListener;	45498	45504	0	1
714	SharedElementCallback	Landroid/support/v4/app/SharedElementCallback;	45505	45770	2	7
715	SuperNotCalledException	Landroid/support/v4/app/SuperNotCalledException;	45771	45781	1	0
716	SupportActivity.ExtraData	Landroid/support/v4/app/SupportActivity$ExtraData;	45782	45790	1	0
717	TaskStackBuilder.SupportParentable	Landroid/support/v4/app/TaskStackBuilder$SupportParentable;	45791	45797	0	1
718	TaskStackBuilder	Landroid/support/v4/app/TaskStackBuilder;	45798	46139	3	14
719	ContentResolverCompat	Landroid/support/v4/content/ContentResolverCompat;	46140	46191	2	0
720	ContextCompat.LegacyServiceMapHolder	Landroid/support/v4/content/ContextCompat$LegacyServiceMapHolder;	46192	46482	2	0
721	ContextCompat	Landroid/support/v4/content/ContextCompat;	46483	46901	22	0
722	FileProvider.PathStrategy	Landroid/support/v4/content/FileProvider$PathStrategy;	46902	46911	0	2
723	FileProvider	Landroid/support/v4/content/FileProvider;	46912	47365	9	8
724	IntentCompat	Landroid/support/v4/content/IntentCompat;	47366	47389	2	0
725	Loader.ForceLoadContentObserver	Landroid/support/v4/content/Loader$ForceLoadContentObserver;	47390	47418	1	2
726	Loader.OnLoadCanceledListener	Landroid/support/v4/content/Loader$OnLoadCanceledListener;	47419	47425	0	1
727	Loader.OnLoadCompleteListener	Landroid/support/v4/content/Loader$OnLoadCompleteListener;	47426	47432	0	1
728	Loader	Landroid/support/v4/content/Loader;	47433	47859	1	30
729	LocalBroadcastManager.1	Landroid/support/v4/content/LocalBroadcastManager$1;	47860	47887	1	1
730	LocalBroadcastManager.BroadcastRecord	Landroid/support/v4/content/LocalBroadcastManager$BroadcastRecord;	47888	47901	1	0
731	LocalBroadcastManager.ReceiverRecord	Landroid/support/v4/content/LocalBroadcastManager$ReceiverRecord;	47902	47949	1	1
732	LocalBroadcastManager	Landroid/support/v4/content/LocalBroadcastManager;	47950	48474	5	4
733	MimeTypeFilter	Landroid/support/v4/content/MimeTypeFilter;	48475	48647	6	0
734	ModernAsyncTask.1	Landroid/support/v4/content/ModernAsyncTask$1;	48648	48684	1	1
735	ModernAsyncTask.3	Landroid/support/v4/content/ModernAsyncTask$3;	48685	48734	1	1
736	ModernAsyncTask.4	Landroid/support/v4/content/ModernAsyncTask$4;	48735	48767	1	0
737	ModernAsyncTask.AsyncTaskResult	Landroid/support/v4/content/ModernAsyncTask$AsyncTaskResult;	48768	48781	1	0
738	ModernAsyncTask.InternalHandler	Landroid/support/v4/content/ModernAsyncTask$InternalHandler;	48782	48824	1	1
739	ModernAsyncTask.Status	Landroid/support/v4/content/ModernAsyncTask$Status;	48825	48882	4	0
740	ModernAsyncTask.WorkerRunnable	Landroid/support/v4/content/ModernAsyncTask$WorkerRunnable;	48883	48891	1	0
741	ModernAsyncTask	Landroid/support/v4/content/ModernAsyncTask;	48892	49187	7	17
742	PermissionChecker.PermissionResult	Landroid/support/v4/content/PermissionChecker$PermissionResult;	49188	49190	0	0
743	PermissionChecker	Landroid/support/v4/content/PermissionChecker;	49191	49287	5	0
744	SharedPreferencesCompat.EditorCompat.Helper	Landroid/support/v4/content/SharedPreferencesCompat$EditorCompat$Helper;	49288	49306	1	1
745	SharedPreferencesCompat.EditorCompat	Landroid/support/v4/content/SharedPreferencesCompat$EditorCompat;	49307	49341	2	1
746	SharedPreferencesCompat	Landroid/support/v4/content/SharedPreferencesCompat;	49342	49350	1	0
747	WakefulBroadcastReceiver	Landroid/support/v4/content/WakefulBroadcastReceiver;	49351	49474	4	0
748	ActivityInfoCompat	Landroid/support/v4/content/pm/ActivityInfoCompat;	49475	49483	1	0
749	PackageInfoCompat	Landroid/support/v4/content/pm/PackageInfoCompat;	49484	49507	2	0
750	PermissionInfoCompat.Protection	Landroid/support/v4/content/pm/PermissionInfoCompat$Protection;	49508	49510	0	0
751	PermissionInfoCompat.ProtectionFlags	Landroid/support/v4/content/pm/PermissionInfoCompat$ProtectionFlags;	49511	49513	0	0
752	PermissionInfoCompat	Landroid/support/v4/content/pm/PermissionInfoCompat;	49514	49552	3	0
753	ShortcutInfoCompat.1	Landroid/support/v4/content/pm/ShortcutInfoCompat$1;	49553	49555	0	0
754	ShortcutInfoCompat.Builder	Landroid/support/v4/content/pm/ShortcutInfoCompat$Builder;	49556	49687	1	9
755	ShortcutInfoCompat	Landroid/support/v4/content/pm/ShortcutInfoCompat;	49688	49883	2	9
756	ShortcutManagerCompat.1	Landroid/support/v4/content/pm/ShortcutManagerCompat$1;	49884	49912	1	1
757	ShortcutManagerCompat	Landroid/support/v4/content/pm/ShortcutManagerCompat;	49913	50051	4	0
758	ConfigurationHelper	Landroid/support/v4/content/res/ConfigurationHelper;	50052	50079	2	0
759	FontResourcesParserCompat.FamilyResourceEntry	Landroid/support/v4/content/res/FontResourcesParserCompat$FamilyResourceEntry;	50080	50082	0	0
760	FontResourcesParserCompat.FetchStrategy	Landroid/support/v4/content/res/FontResourcesParserCompat$FetchStrategy;	50083	50085	0	0
761	FontResourcesParserCompat.FontFileResourceEntry	Landroid/support/v4/content/res/FontResourcesParserCompat$FontFileResourceEntry;	50086	50149	1	6
762	FontResourcesParserCompat	Landroid/support/v4/content/res/FontResourcesParserCompat;	50150	50479	8	0
763	ResourcesCompat.FontCallback.1	Landroid/support/v4/content/res/ResourcesCompat$FontCallback$1;	50480	50505	1	1
764	ResourcesCompat.FontCallback.2	Landroid/support/v4/content/res/ResourcesCompat$FontCallback$2;	50506	50531	1	1
765	ResourcesCompat.FontCallback	Landroid/support/v4/content/res/ResourcesCompat$FontCallback;	50532	50578	1	4
766	ResourcesCompat	Landroid/support/v4/content/res/ResourcesCompat;	50579	50951	10	0
767	TypedArrayUtils	Landroid/support/v4/content/res/TypedArrayUtils;	50952	51170	18	0
768	CursorWindowCompat	Landroid/support/v4/database/CursorWindowCompat;	51171	51199	1	1
769	DatabaseUtilsCompat	Landroid/support/v4/database/DatabaseUtilsCompat;	51200	51259	3	0
770	SQLiteCursorCompat	Landroid/support/v4/database/sqlite/SQLiteCursorCompat;	51260	51279	1	1
771	BitmapCompat	Landroid/support/v4/graphics/BitmapCompat;	51280	51327	4	0
772	ColorUtils	Landroid/support/v4/graphics/ColorUtils;	51328	52420	30	0
773	PaintCompat	Landroid/support/v4/graphics/PaintCompat;	52421	52570	4	0
774	PathParser.ExtractFloatResult	Landroid/support/v4/graphics/PathParser$ExtractFloatResult;	52571	52579	1	0
775	PathParser.PathDataNode	Landroid/support/v4/graphics/PathParser$PathDataNode;	52580	53563	6	1
776	PathParser	Landroid/support/v4/graphics/PathParser;	53564	53935	11	0
777	PathSegment	Landroid/support/v4/graphics/PathSegment;	53936	54119	1	7
778	PathUtils	Landroid/support/v4/graphics/PathUtils;	54120	54178	3	0
779	TypefaceCompat	Landroid/support/v4/graphics/TypefaceCompat;	54179	54368	7	0
780	TypefaceCompatBaseImpl.StyleExtractor	Landroid/support/v4/graphics/TypefaceCompatBaseImpl$StyleExtractor;	54369	54378	0	2
781	TypefaceCompatBaseImpl	Landroid/support/v4/graphics/TypefaceCompatBaseImpl;	54379	54568	3	5
782	TypefaceCompatUtil	Landroid/support/v4/graphics/TypefaceCompatUtil;	54569	54852	8	0
783	DrawableCompat	Landroid/support/v4/graphics/drawable/DrawableCompat;	54853	55234	19	0
784	IconCompat.IconType	Landroid/support/v4/graphics/drawable/IconCompat$IconType;	55235	55237	0	0
785	RoundedBitmapDrawable	Landroid/support/v4/graphics/drawable/RoundedBitmapDrawable;	55238	55874	4	28
786	RoundedBitmapDrawableFactory	Landroid/support/v4/graphics/drawable/RoundedBitmapDrawableFactory;	55875	55946	4	0
787	TintAwareDrawable	Landroid/support/v4/graphics/drawable/TintAwareDrawable;	55947	55959	0	3
788	WrappedDrawable	Landroid/support/v4/graphics/drawable/WrappedDrawable;	55960	55969	0	2
789	WrappedDrawableApi14.DrawableWrapperState	Landroid/support/v4/graphics/drawable/WrappedDrawableApi14$DrawableWrapperState;	55970	56044	1	4
790	DisplayManagerCompat	Landroid/support/v4/hardware/display/DisplayManagerCompat;	56045	56189	3	3
791	FingerprintManagerCompat.1	Landroid/support/v4/hardware/fingerprint/FingerprintManagerCompat$1;	56190	56248	1	4
792	FingerprintManagerCompat.AuthenticationCallback	Landroid/support/v4/hardware/fingerprint/FingerprintManagerCompat$AuthenticationCallback;	56249	56273	1	4
793	FingerprintManagerCompat.AuthenticationResult	Landroid/support/v4/hardware/fingerprint/FingerprintManagerCompat$AuthenticationResult;	56274	56292	1	1
794	FingerprintManagerCompat.CryptoObject	Landroid/support/v4/hardware/fingerprint/FingerprintManagerCompat$CryptoObject;	56293	56356	3	3
795	FingerprintManagerCompat	Landroid/support/v4/hardware/fingerprint/FingerprintManagerCompat;	56357	56553	6	3
796	SupportMenu	Landroid/support/v4/internal/view/SupportMenu;	56554	56560	0	1
797	SupportMenuItem	Landroid/support/v4/internal/view/SupportMenuItem;	56561	56633	0	23
798	MathUtils	Landroid/support/v4/math/MathUtils;	56634	56673	4	0
799	AudioAttributesCompat.1	Landroid/support/v4/media/AudioAttributesCompat$1;	56674	56676	0	0
800	AudioAttributesCompat.AttributeContentType	Landroid/support/v4/media/AudioAttributesCompat$AttributeContentType;	56677	56679	0	0
801	AudioAttributesCompat.AttributeUsage	Landroid/support/v4/media/AudioAttributesCompat$AttributeUsage;	56680	56682	0	0
802	AudioAttributesCompat.AudioManagerHidden	Landroid/support/v4/media/AudioAttributesCompat$AudioManagerHidden;	56683	56691	1	0
803	AudioAttributesCompat.Builder	Landroid/support/v4/media/AudioAttributesCompat$Builder;	56692	56889	2	5
804	AudioAttributesCompat	Landroid/support/v4/media/AudioAttributesCompat;	56890	57634	13	11
805	AudioAttributesCompatApi21.Wrapper	Landroid/support/v4/media/AudioAttributesCompatApi21$Wrapper;	57635	57666	2	1
806	AudioAttributesCompatApi21	Landroid/support/v4/media/AudioAttributesCompatApi21;	57667	57714	2	0
807	AudioFocusHandler.1	Landroid/support/v4/media/AudioFocusHandler$1;	57715	57717	0	0
808	AudioFocusHandler.AudioFocusHandlerImpl	Landroid/support/v4/media/AudioFocusHandler$AudioFocusHandlerImpl;	57718	57736	0	5
809	AudioFocusHandler.AudioFocusHandlerImplBase.AudioFocusListener	Landroid/support/v4/media/AudioFocusHandler$AudioFocusHandlerImplBase$AudioFocusListener;	57737	57931	2	1
810	AudioFocusHandler.AudioFocusHandlerImplBase.NoisyIntentReceiver	Landroid/support/v4/media/AudioFocusHandler$AudioFocusHandlerImplBase$NoisyIntentReceiver;	57932	58034	2	1
811	AudioFocusHandler	Landroid/support/v4/media/AudioFocusHandler;	58035	58093	1	5
812	BaseMediaPlayer.BuffState	Landroid/support/v4/media/BaseMediaPlayer$BuffState;	58094	58096	0	0
813	BaseMediaPlayer.PlayerEventCallback	Landroid/support/v4/media/BaseMediaPlayer$PlayerEventCallback;	58097	58129	1	6
814	BaseMediaPlayer.PlayerState	Landroid/support/v4/media/BaseMediaPlayer$PlayerState;	58130	58132	0	0
815	BaseMediaPlayer	Landroid/support/v4/media/BaseMediaPlayer;	58133	58233	1	26
816	DataSourceDesc.1	Landroid/support/v4/media/DataSourceDesc$1;	58234	58236	0	0
817	DataSourceDesc.Builder	Landroid/support/v4/media/DataSourceDesc$Builder;	58237	58586	3	9
818	DataSourceDesc	Landroid/support/v4/media/DataSourceDesc;	58587	58853	26	12
819	IMediaController2	Landroid/support/v4/media/IMediaController2;	58854	58926	0	23
820	IMediaSession2	Landroid/support/v4/media/IMediaSession2;	58927	59050	0	40
821	Media2DataSource	Landroid/support/v4/media/Media2DataSource;	59051	59065	1	2
822	MediaBrowser2ImplLegacy.1	Landroid/support/v4/media/MediaBrowser2ImplLegacy$1;	59066	59111	1	1
823	MediaBrowser2ImplLegacy.2	Landroid/support/v4/media/MediaBrowser2ImplLegacy$2;	59112	59173	1	1
824	MediaBrowser2ImplLegacy.3.1	Landroid/support/v4/media/MediaBrowser2ImplLegacy$3$1;	59174	59217	1	1
825	MediaBrowser2ImplLegacy.3.2	Landroid/support/v4/media/MediaBrowser2ImplLegacy$3$2;	59218	59256	1	1
826	MediaBrowser2ImplLegacy.4.1	Landroid/support/v4/media/MediaBrowser2ImplLegacy$4$1;	59257	59304	1	1
827	MediaBrowser2ImplLegacy.5.1	Landroid/support/v4/media/MediaBrowser2ImplLegacy$5$1;	59305	59361	1	1
828	MediaBrowser2ImplLegacy.5.2	Landroid/support/v4/media/MediaBrowser2ImplLegacy$5$2;	59362	59412	1	1
829	MediaBrowser2ImplLegacy.GetChildrenCallback.1	Landroid/support/v4/media/MediaBrowser2ImplLegacy$GetChildrenCallback$1;	59413	59484	1	1
830	MediaBrowser2ImplLegacy.GetLibraryRootCallback.1	Landroid/support/v4/media/MediaBrowser2ImplLegacy$GetLibraryRootCallback$1;	59485	59558	1	1
831	MediaBrowser2ImplLegacy.SubscribeCallback.1	Landroid/support/v4/media/MediaBrowser2ImplLegacy$SubscribeCallback$1;	59559	59604	1	1
832	MediaBrowserCompat.CallbackHandler	Landroid/support/v4/media/MediaBrowserCompat$CallbackHandler;	59605	59753	1	2
833	MediaBrowserCompat.ConnectionCallback.ConnectionCallbackInternal	Landroid/support/v4/media/MediaBrowserCompat$ConnectionCallback$ConnectionCallbackInternal;	59754	59766	0	3
834	MediaBrowserCompat.ConnectionCallback	Landroid/support/v4/media/MediaBrowserCompat$ConnectionCallback;	59767	59809	1	4
835	MediaBrowserCompat.CustomActionCallback	Landroid/support/v4/media/MediaBrowserCompat$CustomActionCallback;	59810	59830	1	3
836	MediaBrowserCompat.ItemCallback	Landroid/support/v4/media/MediaBrowserCompat$ItemCallback;	59831	59861	1	2
837	MediaBrowserCompat.MediaBrowserImpl	Landroid/support/v4/media/MediaBrowserCompat$MediaBrowserImpl;	59862	59904	0	13
838	MediaBrowserCompat.MediaBrowserImplApi21.1	Landroid/support/v4/media/MediaBrowserCompat$MediaBrowserImplApi21$1;	59905	59932	1	1
839	MediaBrowserCompat.MediaBrowserImplApi21.2	Landroid/support/v4/media/MediaBrowserCompat$MediaBrowserImplApi21$2;	59933	59960	1	1
840	MediaBrowserCompat.MediaBrowserImplApi21.3	Landroid/support/v4/media/MediaBrowserCompat$MediaBrowserImplApi21$3;	59961	59988	1	1
841	MediaBrowserCompat.MediaBrowserImplApi21.4	Landroid/support/v4/media/MediaBrowserCompat$MediaBrowserImplApi21$4;	59989	60020	1	1
842	MediaBrowserCompat.MediaBrowserImplApi21.5	Landroid/support/v4/media/MediaBrowserCompat$MediaBrowserImplApi21$5;	60021	60052	1	1
843	MediaBrowserCompat.MediaBrowserImplApi21.6	Landroid/support/v4/media/MediaBrowserCompat$MediaBrowserImplApi21$6;	60053	60085	1	1
844	MediaBrowserCompat.MediaBrowserImplApi21.7	Landroid/support/v4/media/MediaBrowserCompat$MediaBrowserImplApi21$7;	60086	60118	1	1
845	MediaBrowserCompat.MediaBrowserImplBase.1	Landroid/support/v4/media/MediaBrowserCompat$MediaBrowserImplBase$1;	60119	60286	1	1
846	MediaBrowserCompat.MediaBrowserImplBase.2	Landroid/support/v4/media/MediaBrowserCompat$MediaBrowserImplBase$2;	60287	60359	1	1
847	MediaBrowserCompat.MediaBrowserImplBase.3	Landroid/support/v4/media/MediaBrowserCompat$MediaBrowserImplBase$3;	60360	60387	1	1
848	MediaBrowserCompat.MediaBrowserImplBase.4	Landroid/support/v4/media/MediaBrowserCompat$MediaBrowserImplBase$4;	60388	60415	1	1
849	MediaBrowserCompat.MediaBrowserImplBase.5	Landroid/support/v4/media/MediaBrowserCompat$MediaBrowserImplBase$5;	60416	60447	1	1
850	MediaBrowserCompat.MediaBrowserImplBase.6	Landroid/support/v4/media/MediaBrowserCompat$MediaBrowserImplBase$6;	60448	60480	1	1
851	MediaBrowserCompat.MediaBrowserImplBase.MediaServiceConnection.1	Landroid/support/v4/media/MediaBrowserCompat$MediaBrowserImplBase$MediaServiceConnection$1;	60481	60653	1	1
852	MediaBrowserCompat.MediaBrowserImplBase.MediaServiceConnection.2	Landroid/support/v4/media/MediaBrowserCompat$MediaBrowserImplBase$MediaServiceConnection$2;	60654	60756	1	1
853	MediaBrowserCompat.MediaBrowserImplBase.MediaServiceConnection	Landroid/support/v4/media/MediaBrowserCompat$MediaBrowserImplBase$MediaServiceConnection;	60757	60879	2	3
854	MediaBrowserCompat.MediaBrowserServiceCallbackImpl	Landroid/support/v4/media/MediaBrowserCompat$MediaBrowserServiceCallbackImpl;	60880	60892	0	3
855	MediaBrowserCompat.MediaItem.1	Landroid/support/v4/media/MediaBrowserCompat$MediaItem$1;	60893	60930	1	4
856	MediaBrowserCompat.MediaItem.Flags	Landroid/support/v4/media/MediaBrowserCompat$MediaItem$Flags;	60931	60933	0	0
857	MediaBrowserCompat.MediaItem	Landroid/support/v4/media/MediaBrowserCompat$MediaItem;	60934	61131	5	8
858	MediaBrowserCompat.SearchCallback	Landroid/support/v4/media/MediaBrowserCompat$SearchCallback;	61132	61148	1	2
859	MediaBrowserCompat.ServiceBinderWrapper	Landroid/support/v4/media/MediaBrowserCompat$ServiceBinderWrapper;	61149	61333	2	9
860	MediaBrowserCompat.Subscription	Landroid/support/v4/media/MediaBrowserCompat$Subscription;	61334	61447	1	5
861	MediaBrowserCompat.SubscriptionCallback	Landroid/support/v4/media/MediaBrowserCompat$SubscriptionCallback;	61448	61531	5	4
862	MediaBrowserCompat	Landroid/support/v4/media/MediaBrowserCompat;	61532	61784	2	15
863	MediaBrowserCompatApi21.ConnectionCallback	Landroid/support/v4/media/MediaBrowserCompatApi21$ConnectionCallback;	61785	61797	0	3
864	MediaBrowserCompatApi21.ConnectionCallbackProxy	Landroid/support/v4/media/MediaBrowserCompatApi21$ConnectionCallbackProxy;	61798	61836	1	3
865	MediaBrowserCompatApi21.MediaItem	Landroid/support/v4/media/MediaBrowserCompatApi21$MediaItem;	61837	61865	3	0
866	MediaBrowserCompatApi21.SubscriptionCallback	Landroid/support/v4/media/MediaBrowserCompatApi21$SubscriptionCallback;	61866	61875	0	2
867	MediaBrowserCompatApi21.SubscriptionCallbackProxy	Landroid/support/v4/media/MediaBrowserCompatApi21$SubscriptionCallbackProxy;	61876	61905	1	2
868	MediaBrowserCompatApi21	Landroid/support/v4/media/MediaBrowserCompatApi21;	61906	62029	13	0
869	MediaBrowserCompatApi23.ItemCallback	Landroid/support/v4/media/MediaBrowserCompatApi23$ItemCallback;	62030	62039	0	2
870	MediaBrowserCompatApi23.ItemCallbackProxy	Landroid/support/v4/media/MediaBrowserCompatApi23$ItemCallbackProxy;	62040	62080	1	2
871	MediaBrowserCompatApi23	Landroid/support/v4/media/MediaBrowserCompatApi23;	62081	62108	3	0
872	MediaBrowserCompatApi26	Landroid/support/v4/media/MediaBrowserCompatApi26;	62109	62148	4	0
873	MediaBrowserCompatUtils	Landroid/support/v4/media/MediaBrowserCompatUtils;	62149	62274	3	0
874	MediaBrowserProtocol	Landroid/support/v4/media/MediaBrowserProtocol;	62275	62283	1	0
875	MediaBrowserServiceCompat.BrowserRoot	Landroid/support/v4/media/MediaBrowserServiceCompat$BrowserRoot;	62284	62316	1	2
876	MediaBrowserServiceCompat.ConnectionRecord.1	Landroid/support/v4/media/MediaBrowserServiceCompat$ConnectionRecord$1;	62317	62348	1	1
877	MediaBrowserServiceCompat.ConnectionRecord	Landroid/support/v4/media/MediaBrowserServiceCompat$ConnectionRecord;	62349	62392	1	1
878	MediaBrowserServiceCompat.MediaBrowserServiceImpl	Landroid/support/v4/media/MediaBrowserServiceCompat$MediaBrowserServiceImpl;	62393	62417	0	7
879	MediaBrowserServiceCompat.MediaBrowserServiceImplApi21.1	Landroid/support/v4/media/MediaBrowserServiceCompat$MediaBrowserServiceImplApi21$1;	62418	62482	1	1
880	MediaBrowserServiceCompat.MediaBrowserServiceImplApi21.3	Landroid/support/v4/media/MediaBrowserServiceCompat$MediaBrowserServiceImplApi21$3;	62483	62571	1	1
881	MediaBrowserServiceCompat.MediaBrowserServiceImplBase.1	Landroid/support/v4/media/MediaBrowserServiceCompat$MediaBrowserServiceImplBase$1;	62572	62644	1	1
882	MediaBrowserServiceCompat.MediaBrowserServiceImplBase.2	Landroid/support/v4/media/MediaBrowserServiceCompat$MediaBrowserServiceImplBase$2;	62645	62733	1	1
883	MediaBrowserServiceCompat.Result	Landroid/support/v4/media/MediaBrowserServiceCompat$Result;	62734	63009	2	10
884	MediaBrowserServiceCompat.ServiceBinderImpl.1	Landroid/support/v4/media/MediaBrowserServiceCompat$ServiceBinderImpl$1;	63010	63202	1	1
885	MediaBrowserServiceCompat.ServiceBinderImpl.2	Landroid/support/v4/media/MediaBrowserServiceCompat$ServiceBinderImpl$2;	63203	63243	1	1
886	MediaBrowserServiceCompat.ServiceBinderImpl.3	Landroid/support/v4/media/MediaBrowserServiceCompat$ServiceBinderImpl$3;	63244	63312	1	1
887	MediaBrowserServiceCompat.ServiceBinderImpl.4	Landroid/support/v4/media/MediaBrowserServiceCompat$ServiceBinderImpl$4;	63313	63396	1	1
888	MediaBrowserServiceCompat.ServiceBinderImpl.5	Landroid/support/v4/media/MediaBrowserServiceCompat$ServiceBinderImpl$5;	63397	63461	1	1
889	MediaBrowserServiceCompat.ServiceBinderImpl.6	Landroid/support/v4/media/MediaBrowserServiceCompat$ServiceBinderImpl$6;	63462	63533	1	1
890	MediaBrowserServiceCompat.ServiceBinderImpl.7	Landroid/support/v4/media/MediaBrowserServiceCompat$ServiceBinderImpl$7;	63534	63570	1	1
891	MediaBrowserServiceCompat.ServiceBinderImpl.8	Landroid/support/v4/media/MediaBrowserServiceCompat$ServiceBinderImpl$8;	63571	63639	1	1
892	MediaBrowserServiceCompat.ServiceBinderImpl.9	Landroid/support/v4/media/MediaBrowserServiceCompat$ServiceBinderImpl$9;	63640	63715	1	1
893	MediaBrowserServiceCompat.ServiceBinderImpl	Landroid/support/v4/media/MediaBrowserServiceCompat$ServiceBinderImpl;	63716	63930	1	9
894	MediaBrowserServiceCompat.ServiceCallbacks	Landroid/support/v4/media/MediaBrowserServiceCompat$ServiceCallbacks;	63931	63946	0	4
895	MediaBrowserServiceCompat.ServiceHandler	Landroid/support/v4/media/MediaBrowserServiceCompat$ServiceHandler;	63947	64216	1	3
896	MediaBrowserServiceCompat	Landroid/support/v4/media/MediaBrowserServiceCompat;	64217	64762	2	25
897	MediaBrowserServiceCompatApi21.BrowserRoot	Landroid/support/v4/media/MediaBrowserServiceCompatApi21$BrowserRoot;	64763	64776	1	0
898	MediaBrowserServiceCompatApi21.MediaBrowserServiceAdaptor	Landroid/support/v4/media/MediaBrowserServiceCompatApi21$MediaBrowserServiceAdaptor;	64777	64824	1	2
899	MediaBrowserServiceCompatApi21.ResultWrapper	Landroid/support/v4/media/MediaBrowserServiceCompatApi21$ResultWrapper;	64825	64914	1	3
900	MediaBrowserServiceCompatApi21.ServiceCompatProxy	Landroid/support/v4/media/MediaBrowserServiceCompatApi21$ServiceCompatProxy;	64915	64924	0	2
901	MediaBrowserServiceCompatApi21	Landroid/support/v4/media/MediaBrowserServiceCompatApi21;	64925	64982	6	0
902	MediaBrowserServiceCompatApi23	Landroid/support/v4/media/MediaBrowserServiceCompatApi23;	64983	64998	2	0
903	MediaBrowserServiceCompatApi26.ResultWrapper	Landroid/support/v4/media/MediaBrowserServiceCompatApi26$ResultWrapper;	64999	65069	1	3
904	MediaBrowserServiceCompatApi26	Landroid/support/v4/media/MediaBrowserServiceCompatApi26;	65070	65131	6	0
905	MediaConstants2	Landroid/support/v4/media/MediaConstants2;	65132	65140	1	0
906	MediaController2.ControllerCallback	Landroid/support/v4/media/MediaController2$ControllerCallback;	65141	65217	1	17
907	MediaController2.PlaybackInfo	Landroid/support/v4/media/MediaController2$PlaybackInfo;	65218	65355	3	6
908	MediaController2.SupportLibraryImpl	Landroid/support/v4/media/MediaController2$SupportLibraryImpl;	65356	65518	0	53
909	MediaController2.VolumeDirection	Landroid/support/v4/media/MediaController2$VolumeDirection;	65519	65521	0	0
910	MediaController2.VolumeFlags	Landroid/support/v4/media/MediaController2$VolumeFlags;	65522	65524	0	0
911	MediaController2	Landroid/support/v4/media/MediaController2;	65525	66168	1	56
912	MediaController2ImplBase.10	Landroid/support/v4/media/MediaController2ImplBase$10;	66169	66210	1	1
913	MediaController2ImplBase.11	Landroid/support/v4/media/MediaController2ImplBase$11;	66211	66252	1	1
914	MediaController2ImplBase.12	Landroid/support/v4/media/MediaController2ImplBase$12;	66253	66294	1	1
915	MediaController2ImplBase.13	Landroid/support/v4/media/MediaController2ImplBase$13;	66295	66340	1	1
916	MediaController2ImplBase.14	Landroid/support/v4/media/MediaController2ImplBase$14;	66341	66382	1	1
917	MediaController2ImplBase.15	Landroid/support/v4/media/MediaController2ImplBase$15;	66383	66414	1	1
918	MediaController2ImplBase.16	Landroid/support/v4/media/MediaController2ImplBase$16;	66415	66454	1	1
919	MediaController2ImplBase.17	Landroid/support/v4/media/MediaController2ImplBase$17;	66455	66486	1	1
920	MediaController2ImplBase.18	Landroid/support/v4/media/MediaController2ImplBase$18;	66487	66518	1	1
921	MediaController2ImplBase.1	Landroid/support/v4/media/MediaController2ImplBase$1;	66519	66542	1	1
922	MediaController2ImplBase.2	Landroid/support/v4/media/MediaController2ImplBase$2;	66543	66570	1	1
923	MediaController2ImplBase.3	Landroid/support/v4/media/MediaController2ImplBase$3;	66571	66612	1	1
924	MediaController2ImplBase.4	Landroid/support/v4/media/MediaController2ImplBase$4;	66613	66654	1	1
925	MediaController2ImplBase.5	Landroid/support/v4/media/MediaController2ImplBase$5;	66655	66696	1	1
926	MediaController2ImplBase.6	Landroid/support/v4/media/MediaController2ImplBase$6;	66697	66742	1	1
927	MediaController2ImplBase.7	Landroid/support/v4/media/MediaController2ImplBase$7;	66743	66788	1	1
928	MediaController2ImplBase.8	Landroid/support/v4/media/MediaController2ImplBase$8;	66789	66830	1	1
929	MediaController2ImplBase.9	Landroid/support/v4/media/MediaController2ImplBase$9;	66831	66872	1	1
930	MediaController2ImplBase.SessionServiceConnection	Landroid/support/v4/media/MediaController2ImplBase$SessionServiceConnection;	66873	67002	2	3
931	MediaController2ImplLegacy.1	Landroid/support/v4/media/MediaController2ImplLegacy$1;	67003	67030	1	1
932	MediaController2ImplLegacy.2	Landroid/support/v4/media/MediaController2ImplLegacy$2;	67031	67062	1	1
933	MediaController2ImplLegacy.3.1	Landroid/support/v4/media/MediaController2ImplLegacy$3$1;	67063	67094	1	1
934	MediaController2ImplLegacy.3	Landroid/support/v4/media/MediaController2ImplLegacy$3;	67095	67142	1	1
935	MediaController2ImplLegacy.4	Landroid/support/v4/media/MediaController2ImplLegacy$4;	67143	67197	1	1
936	MediaController2ImplLegacy.ControllerCompatCallback.1.1	Landroid/support/v4/media/MediaController2ImplLegacy$ControllerCompatCallback$1$1;	67198	67233	1	1
937	MediaController2ImplLegacy.ControllerCompatCallback.10	Landroid/support/v4/media/MediaController2ImplLegacy$ControllerCompatCallback$10;	67234	67269	1	1
938	MediaController2ImplLegacy.ControllerCompatCallback.11	Landroid/support/v4/media/MediaController2ImplLegacy$ControllerCompatCallback$11;	67270	67313	1	1
939	MediaController2ImplLegacy.ControllerCompatCallback.12	Landroid/support/v4/media/MediaController2ImplLegacy$ControllerCompatCallback$12;	67314	67349	1	1
940	MediaController2ImplLegacy.ControllerCompatCallback.13	Landroid/support/v4/media/MediaController2ImplLegacy$ControllerCompatCallback$13;	67350	67385	1	1
941	MediaController2ImplLegacy.ControllerCompatCallback.14	Landroid/support/v4/media/MediaController2ImplLegacy$ControllerCompatCallback$14;	67386	67424	1	1
942	MediaController2ImplLegacy.ControllerCompatCallback.15	Landroid/support/v4/media/MediaController2ImplLegacy$ControllerCompatCallback$15;	67425	67464	1	1
943	MediaController2ImplLegacy.ControllerCompatCallback.16	Landroid/support/v4/media/MediaController2ImplLegacy$ControllerCompatCallback$16;	67465	67500	1	1
944	MediaController2ImplLegacy.ControllerCompatCallback.1	Landroid/support/v4/media/MediaController2ImplLegacy$ControllerCompatCallback$1;	67501	67556	1	1
945	MediaController2ImplLegacy.ControllerCompatCallback.2	Landroid/support/v4/media/MediaController2ImplLegacy$ControllerCompatCallback$2;	67557	67592	1	1
946	MediaController2ImplLegacy.ControllerCompatCallback.3	Landroid/support/v4/media/MediaController2ImplLegacy$ControllerCompatCallback$3;	67593	67628	1	1
947	MediaController2ImplLegacy.ControllerCompatCallback.4	Landroid/support/v4/media/MediaController2ImplLegacy$ControllerCompatCallback$4;	67629	67664	1	1
948	MediaController2ImplLegacy.ControllerCompatCallback.5	Landroid/support/v4/media/MediaController2ImplLegacy$ControllerCompatCallback$5;	67665	67704	1	1
949	MediaController2ImplLegacy.ControllerCompatCallback.6	Landroid/support/v4/media/MediaController2ImplLegacy$ControllerCompatCallback$6;	67705	67740	1	1
950	MediaController2ImplLegacy.ControllerCompatCallback.7	Landroid/support/v4/media/MediaController2ImplLegacy$ControllerCompatCallback$7;	67741	67780	1	1
951	MediaController2ImplLegacy.ControllerCompatCallback.8	Landroid/support/v4/media/MediaController2ImplLegacy$ControllerCompatCallback$8;	67781	67816	1	1
952	MediaController2ImplLegacy.ControllerCompatCallback.9	Landroid/support/v4/media/MediaController2ImplLegacy$ControllerCompatCallback$9;	67817	67852	1	1
953	MediaController2Stub.1	Landroid/support/v4/media/MediaController2Stub$1;	67853	67893	1	1
954	MediaController2Stub.2	Landroid/support/v4/media/MediaController2Stub$2;	67894	67932	1	1
955	MediaController2Stub.3	Landroid/support/v4/media/MediaController2Stub$3;	67933	67983	1	1
956	MediaController2Stub.4	Landroid/support/v4/media/MediaController2Stub$4;	67984	68024	1	1
957	MediaController2Stub.5	Landroid/support/v4/media/MediaController2Stub$5;	68025	68075	1	1
958	MediaController2Stub.6	Landroid/support/v4/media/MediaController2Stub$6;	68076	68116	1	1
959	MediaDescriptionCompat.1	Landroid/support/v4/media/MediaDescriptionCompat$1;	68117	68162	1	4
960	MediaDescriptionCompat.Builder	Landroid/support/v4/media/MediaDescriptionCompat$Builder;	68163	68251	1	9
961	MediaDescriptionCompat	Landroid/support/v4/media/MediaDescriptionCompat;	68252	68622	4	12
962	MediaDescriptionCompatApi21.Builder	Landroid/support/v4/media/MediaDescriptionCompatApi21$Builder;	68623	68718	10	0
963	MediaDescriptionCompatApi21	Landroid/support/v4/media/MediaDescriptionCompatApi21;	68719	68815	10	0
964	MediaDescriptionCompatApi23.Builder	Landroid/support/v4/media/MediaDescriptionCompatApi23$Builder;	68816	68834	2	0
965	MediaDescriptionCompatApi23	Landroid/support/v4/media/MediaDescriptionCompatApi23;	68835	68853	2	0
966	MediaInterface2.SessionPlaybackControl	Landroid/support/v4/media/MediaInterface2$SessionPlaybackControl;	68854	68893	0	12
967	MediaInterface2.SessionPlaylistControl	Landroid/support/v4/media/MediaInterface2$SessionPlaylistControl;	68894	68948	0	17
968	MediaInterface2	Landroid/support/v4/media/MediaInterface2;	68949	68957	1	0
969	MediaItem2.1	Landroid/support/v4/media/MediaItem2$1;	68958	68960	0	0
970	MediaItem2.Builder	Landroid/support/v4/media/MediaItem2$Builder;	68961	69032	1	4
971	MediaItem2.Flags	Landroid/support/v4/media/MediaItem2$Flags;	69033	69035	0	0
972	MediaItem2	Landroid/support/v4/media/MediaItem2;	69036	69311	5	11
973	MediaLibraryService2.LibraryRoot	Landroid/support/v4/media/MediaLibraryService2$LibraryRoot;	69312	69344	1	2
974	MediaLibraryService2LegacyStub.1	Landroid/support/v4/media/MediaLibraryService2LegacyStub$1;	69345	69462	1	1
975	MediaLibraryService2LegacyStub.2	Landroid/support/v4/media/MediaLibraryService2LegacyStub$2;	69463	69518	1	1
976	MediaLibraryService2LegacyStub.3	Landroid/support/v4/media/MediaLibraryService2LegacyStub$3;	69519	69587	1	1
977	MediaLibraryService2LegacyStub.4	Landroid/support/v4/media/MediaLibraryService2LegacyStub$4;	69588	69631	1	1
978	MediaMetadata2.BitmapKey	Landroid/support/v4/media/MediaMetadata2$BitmapKey;	69632	69634	0	0
979	MediaMetadata2.Builder	Landroid/support/v4/media/MediaMetadata2$Builder;	69635	70036	4	8
980	MediaMetadata2.FloatKey	Landroid/support/v4/media/MediaMetadata2$FloatKey;	70037	70039	0	0
981	MediaMetadata2.LongKey	Landroid/support/v4/media/MediaMetadata2$LongKey;	70040	70042	0	0
982	MediaMetadata2.RatingKey	Landroid/support/v4/media/MediaMetadata2$RatingKey;	70043	70045	0	0
983	MediaMetadata2.TextKey	Landroid/support/v4/media/MediaMetadata2$TextKey;	70046	70048	0	0
984	MediaMetadata2	Landroid/support/v4/media/MediaMetadata2;	70049	70495	3	12
985	MediaMetadataCompat.1	Landroid/support/v4/media/MediaMetadataCompat$1;	70496	70533	1	4
986	MediaMetadataCompat.BitmapKey	Landroid/support/v4/media/MediaMetadataCompat$BitmapKey;	70534	70536	0	0
987	MediaMetadataCompat.Builder	Landroid/support/v4/media/MediaMetadataCompat$Builder;	70537	70862	4	6
988	MediaMetadataCompat.LongKey	Landroid/support/v4/media/MediaMetadataCompat$LongKey;	70863	70865	0	0
989	MediaMetadataCompat.RatingKey	Landroid/support/v4/media/MediaMetadataCompat$RatingKey;	70866	70868	0	0
990	MediaMetadataCompat.TextKey	Landroid/support/v4/media/MediaMetadataCompat$TextKey;	70869	70871	0	0
991	MediaMetadataCompat	Landroid/support/v4/media/MediaMetadataCompat;	70872	71489	4	13
992	MediaMetadataCompatApi21.Builder	Landroid/support/v4/media/MediaMetadataCompatApi21$Builder;	71490	71567	8	0
993	MediaMetadataCompatApi21	Landroid/support/v4/media/MediaMetadataCompatApi21;	71568	71644	8	0
994	MediaPlayer2.CallCompleted	Landroid/support/v4/media/MediaPlayer2$CallCompleted;	71645	71647	0	0
995	MediaPlayer2.CallStatus	Landroid/support/v4/media/MediaPlayer2$CallStatus;	71648	71650	0	0
996	MediaPlayer2.DrmEventCallback	Landroid/support/v4/media/MediaPlayer2$DrmEventCallback;	71651	71667	1	2
997	MediaPlayer2.DrmInfo	Landroid/support/v4/media/MediaPlayer2$DrmInfo;	71668	71682	1	2
998	MediaPlayer2.EventCallback	Landroid/support/v4/media/MediaPlayer2$EventCallback;	71683	71723	1	8
999	MediaPlayer2.MediaError	Landroid/support/v4/media/MediaPlayer2$MediaError;	71724	71726	0	0
1000	MediaPlayer2.MediaInfo	Landroid/support/v4/media/MediaPlayer2$MediaInfo;	71727	71729	0	0
1001	MediaPlayer2.MediaPlayer2State	Landroid/support/v4/media/MediaPlayer2$MediaPlayer2State;	71730	71732	0	0
1002	MediaPlayer2.MetricsConstants	Landroid/support/v4/media/MediaPlayer2$MetricsConstants;	71733	71741	1	0
1003	MediaPlayer2.NoDrmSchemeException	Landroid/support/v4/media/MediaPlayer2$NoDrmSchemeException;	71742	71751	1	0
1004	MediaPlayer2.OnDrmConfigHelper	Landroid/support/v4/media/MediaPlayer2$OnDrmConfigHelper;	71752	71758	0	1
1005	MediaPlayer2.PrepareDrmStatusCode	Landroid/support/v4/media/MediaPlayer2$PrepareDrmStatusCode;	71759	71761	0	0
1006	MediaPlayer2.ProvisioningNetworkErrorException	Landroid/support/v4/media/MediaPlayer2$ProvisioningNetworkErrorException;	71762	71770	1	0
1007	MediaPlayer2.ProvisioningServerErrorException	Landroid/support/v4/media/MediaPlayer2$ProvisioningServerErrorException;	71771	71779	1	0
1008	MediaPlayer2.SeekMode	Landroid/support/v4/media/MediaPlayer2$SeekMode;	71780	71782	0	0
1009	MediaPlayer2.TrackInfo	Landroid/support/v4/media/MediaPlayer2$TrackInfo;	71783	71803	1	4
1010	MediaPlayer2	Landroid/support/v4/media/MediaPlayer2;	71804	71987	2	53
1011	MediaPlayer2Impl.14	Landroid/support/v4/media/MediaPlayer2Impl$14;	71988	72040	1	3
1012	MediaPlayer2Impl.22	Landroid/support/v4/media/MediaPlayer2Impl$22;	72041	72078	1	1
1013	MediaPlayer2Impl.24	Landroid/support/v4/media/MediaPlayer2Impl$24;	72079	72108	1	1
1014	MediaPlayer2Impl.25	Landroid/support/v4/media/MediaPlayer2Impl$25;	72109	72135	1	1
1015	MediaPlayer2Impl.26	Landroid/support/v4/media/MediaPlayer2Impl$26;	72136	72165	1	1
1016	MediaPlayer2Impl.27	Landroid/support/v4/media/MediaPlayer2Impl$27;	72166	72212	1	1
1017	MediaPlayer2Impl.28	Landroid/support/v4/media/MediaPlayer2Impl$28;	72213	72306	1	1
1018	MediaPlayer2Impl.29	Landroid/support/v4/media/MediaPlayer2Impl$29;	72307	72360	1	1
1019	MediaPlayer2Impl.30	Landroid/support/v4/media/MediaPlayer2Impl$30;	72361	72385	1	1
1020	MediaPlayer2Impl.31	Landroid/support/v4/media/MediaPlayer2Impl$31;	72386	72432	1	1
1021	MediaPlayer2Impl.32	Landroid/support/v4/media/MediaPlayer2Impl$32;	72433	72467	1	1
1022	MediaPlayer2Impl.33	Landroid/support/v4/media/MediaPlayer2Impl$33;	72468	72532	1	1
1023	MediaPlayer2Impl.34	Landroid/support/v4/media/MediaPlayer2Impl$34;	72533	72628	1	1
1024	MediaPlayer2Impl.35	Landroid/support/v4/media/MediaPlayer2Impl$35;	72629	72653	1	1
1025	MediaPlayer2Impl.36	Landroid/support/v4/media/MediaPlayer2Impl$36;	72654	72678	1	1
1026	MediaPlayer2Impl.37	Landroid/support/v4/media/MediaPlayer2Impl$37;	72679	72718	1	1
1027	MediaPlayer2Impl.38	Landroid/support/v4/media/MediaPlayer2Impl$38;	72719	72752	1	1
1028	MediaPlayer2Impl.39	Landroid/support/v4/media/MediaPlayer2Impl$39;	72753	72777	1	1
1029	MediaPlayer2Impl.40	Landroid/support/v4/media/MediaPlayer2Impl$40;	72778	72802	1	1
1030	MediaPlayer2Impl.41	Landroid/support/v4/media/MediaPlayer2Impl$41;	72803	72827	1	1
1031	MediaPlayer2Impl.DataSourceError	Landroid/support/v4/media/MediaPlayer2Impl$DataSourceError;	72828	72843	1	0
1032	MediaPlayer2Impl.DrmEventNotifier	Landroid/support/v4/media/MediaPlayer2Impl$DrmEventNotifier;	72844	72850	0	1
1033	MediaPlayer2Impl.MediaPlayerSource	Landroid/support/v4/media/MediaPlayer2Impl$MediaPlayerSource;	72851	72888	1	1
1034	MediaPlayer2Impl.MediaPlayerSourceQueue	Landroid/support/v4/media/MediaPlayer2Impl$MediaPlayerSourceQueue;	72889	74449	1	59
1035	MediaPlayer2Impl.Mp2EventNotifier	Landroid/support/v4/media/MediaPlayer2Impl$Mp2EventNotifier;	74450	74456	0	1
1036	MediaPlayer2Impl.PlayerEventNotifier	Landroid/support/v4/media/MediaPlayer2Impl$PlayerEventNotifier;	74457	74463	0	1
1037	MediaPlayer2Impl.Task	Landroid/support/v4/media/MediaPlayer2Impl$Task;	74464	74580	6	2
1038	MediaPlaylistAgent.1	Landroid/support/v4/media/MediaPlaylistAgent$1;	74581	74614	1	1
1039	MediaPlaylistAgent.2	Landroid/support/v4/media/MediaPlaylistAgent$2;	74615	74645	1	1
1040	MediaPlaylistAgent.3	Landroid/support/v4/media/MediaPlaylistAgent$3;	74646	74676	1	1
1041	MediaPlaylistAgent.4	Landroid/support/v4/media/MediaPlaylistAgent$4;	74677	74707	1	1
1042	MediaPlaylistAgent.PlaylistEventCallback	Landroid/support/v4/media/MediaPlaylistAgent$PlaylistEventCallback;	74708	74732	1	4
1043	MediaPlaylistAgent.RepeatMode	Landroid/support/v4/media/MediaPlaylistAgent$RepeatMode;	74733	74735	0	0
1044	MediaPlaylistAgent.ShuffleMode	Landroid/support/v4/media/MediaPlaylistAgent$ShuffleMode;	74736	74738	0	0
1045	MediaPlaylistAgent	Landroid/support/v4/media/MediaPlaylistAgent;	74739	75024	2	22
1046	MediaSession2.1	Landroid/support/v4/media/MediaSession2$1;	75025	75027	0	0
1047	MediaSession2.BuilderBase	Landroid/support/v4/media/MediaSession2$BuilderBase;	75028	75119	1	7
1048	MediaSession2.CommandButton.Builder	Landroid/support/v4/media/MediaSession2$CommandButton$Builder;	75120	75182	1	6
1049	MediaSession2.CommandButton	Landroid/support/v4/media/MediaSession2$CommandButton;	75183	75328	3	6
1050	MediaSession2.ControllerCb	Landroid/support/v4/media/MediaSession2$ControllerCb;	75329	75438	1	25
1051	MediaSession2.ControllerInfo	Landroid/support/v4/media/MediaSession2$ControllerInfo;	75439	75551	1	8
1052	MediaSession2.ErrorCode	Landroid/support/v4/media/MediaSession2$ErrorCode;	75552	75554	0	0
1053	MediaSession2.MainHandlerExecutor	Landroid/support/v4/media/MediaSession2$MainHandlerExecutor;	75555	75598	1	1
1054	MediaSession2.OnDataSourceMissingHelper	Landroid/support/v4/media/MediaSession2$OnDataSourceMissingHelper;	75599	75605	0	1
1055	MediaSession2.SessionCallback	Landroid/support/v4/media/MediaSession2$SessionCallback;	75606	75725	1	26
1056	MediaSession2ImplBase.21	Landroid/support/v4/media/MediaSession2ImplBase$21;	75726	75758	1	1
1057	MediaSession2ImplBase.MyPlayerEventCallback.1	Landroid/support/v4/media/MediaSession2ImplBase$MyPlayerEventCallback$1;	75759	75832	1	1
1058	MediaSession2ImplBase.MyPlayerEventCallback.2	Landroid/support/v4/media/MediaSession2ImplBase$MyPlayerEventCallback$2;	75833	75972	1	1
1059	MediaSession2ImplBase.MyPlayerEventCallback.3	Landroid/support/v4/media/MediaSession2ImplBase$MyPlayerEventCallback$3;	75973	76026	1	1
1060	MediaSession2ImplBase.MyPlayerEventCallback.4	Landroid/support/v4/media/MediaSession2ImplBase$MyPlayerEventCallback$4;	76027	76085	1	1
1061	MediaSession2ImplBase.MyPlayerEventCallback.5	Landroid/support/v4/media/MediaSession2ImplBase$MyPlayerEventCallback$5;	76086	76131	1	1
1062	MediaSession2ImplBase.MyPlayerEventCallback.6	Landroid/support/v4/media/MediaSession2ImplBase$MyPlayerEventCallback$6;	76132	76177	1	1
1063	MediaSession2ImplBase.NotifyRunnable	Landroid/support/v4/media/MediaSession2ImplBase$NotifyRunnable;	76178	76184	0	1
1064	MediaSession2Stub.1	Landroid/support/v4/media/MediaSession2Stub$1;	76185	76350	1	1
1065	MediaSession2Stub.2	Landroid/support/v4/media/MediaSession2Stub$2;	76351	76386	1	1
1066	MediaSession2Stub.3	Landroid/support/v4/media/MediaSession2Stub$3;	76387	76693	1	1
1067	MediaSession2Stub.SessionRunnable	Landroid/support/v4/media/MediaSession2Stub$SessionRunnable;	76694	76700	0	1
1068	MediaSessionLegacyStub.1	Landroid/support/v4/media/MediaSessionLegacyStub$1;	76701	76732	1	1
1069	MediaSessionLegacyStub.2	Landroid/support/v4/media/MediaSessionLegacyStub$2;	76733	76764	1	1
1070	MediaSessionLegacyStub.3	Landroid/support/v4/media/MediaSessionLegacyStub$3;	76765	76796	1	1
1071	MediaSessionLegacyStub.4	Landroid/support/v4/media/MediaSessionLegacyStub$4;	76797	76828	1	1
1072	MediaSessionLegacyStub.5	Landroid/support/v4/media/MediaSessionLegacyStub$5;	76829	76864	1	1
1073	MediaSessionLegacyStub.6	Landroid/support/v4/media/MediaSessionLegacyStub$6;	76865	77011	1	1
1074	MediaSessionLegacyStub.7	Landroid/support/v4/media/MediaSessionLegacyStub$7;	77012	77333	1	1
1075	MediaSessionLegacyStub.8	Landroid/support/v4/media/MediaSessionLegacyStub$8;	77334	77378	1	1
1076	MediaSessionLegacyStub.Session2Runnable	Landroid/support/v4/media/MediaSessionLegacyStub$Session2Runnable;	77379	77385	0	1
1077	MediaSessionManager.MediaSessionManagerImpl	Landroid/support/v4/media/MediaSessionManager$MediaSessionManagerImpl;	77386	77395	0	2
1078	MediaSessionManager.RemoteUserInfo	Landroid/support/v4/media/MediaSessionManager$RemoteUserInfo;	77396	77465	1	5
1079	MediaSessionManager.RemoteUserInfoImpl	Landroid/support/v4/media/MediaSessionManager$RemoteUserInfoImpl;	77466	77478	0	3
1080	MediaSessionManager	Landroid/support/v4/media/MediaSessionManager;	77479	77573	3	2
1081	MediaSessionService2.MediaNotification	Landroid/support/v4/media/MediaSessionService2$MediaNotification;	77574	77606	1	2
1082	MediaSessionService2.SupportLibraryImpl	Landroid/support/v4/media/MediaSessionService2$SupportLibraryImpl;	77607	77625	0	5
1083	MediaSessionService2	Landroid/support/v4/media/MediaSessionService2;	77626	77687	1	6
1084	MediaTimestamp2	Landroid/support/v4/media/MediaTimestamp2;	77688	77880	4	6
1085	MediaUtils2	Landroid/support/v4/media/MediaUtils2;	77881	78651	24	0
1086	ParceledListSliceAdapterApi21	Landroid/support/v4/media/ParceledListSliceAdapterApi21;	78652	78701	3	0
1087	PlaybackParams2.1	Landroid/support/v4/media/PlaybackParams2$1;	78702	78704	0	0
1088	PlaybackParams2.AudioFallbackMode	Landroid/support/v4/media/PlaybackParams2$AudioFallbackMode;	78705	78707	0	0
1089	PlaybackParams2.Builder	Landroid/support/v4/media/PlaybackParams2$Builder;	78708	78814	2	4
1090	PlaybackParams2	Landroid/support/v4/media/PlaybackParams2;	78815	78929	4	4
1091	RatingCompat.1	Landroid/support/v4/media/RatingCompat$1;	78930	78973	1	4
1092	RatingCompat.StarStyle	Landroid/support/v4/media/RatingCompat$StarStyle;	78974	78976	0	0
1093	RatingCompat.Style	Landroid/support/v4/media/RatingCompat$Style;	78977	78979	0	0
1094	RatingCompat	Landroid/support/v4/media/RatingCompat;	78980	79371	8	10
1095	SessionCommand2	Landroid/support/v4/media/SessionCommand2;	79372	79530	3	6
1096	SessionCommandGroup2	Landroid/support/v4/media/SessionCommandGroup2;	79531	79830	4	12
1097	SessionPlaylistAgentImplBase.1	Landroid/support/v4/media/SessionPlaylistAgentImplBase$1;	79831	79833	0	0
1098	SessionPlaylistAgentImplBase.PlayItem	Landroid/support/v4/media/SessionPlaylistAgentImplBase$PlayItem;	79834	79954	2	1
1099	SessionToken2.1	Landroid/support/v4/media/SessionToken2$1;	79955	80040	1	1
1100	SessionToken2.OnSessionToken2CreatedListener	Landroid/support/v4/media/SessionToken2$OnSessionToken2CreatedListener;	80041	80047	0	1
1101	SessionToken2.SupportLibraryImpl	Landroid/support/v4/media/SessionToken2$SupportLibraryImpl;	80048	80075	0	8
1102	SessionToken2.TokenType	Landroid/support/v4/media/SessionToken2$TokenType;	80076	80078	0	0
1103	SessionToken2	Landroid/support/v4/media/SessionToken2;	80079	80339	6	12
1104	SubtitleData2	Landroid/support/v4/media/SubtitleData2;	80340	80413	2	4
1105	VolumeProviderCompat.Callback	Landroid/support/v4/media/VolumeProviderCompat$Callback;	80414	80425	1	1
1106	VolumeProviderCompat.ControlType	Landroid/support/v4/media/VolumeProviderCompat$ControlType;	80426	80428	0	0
1107	VolumeProviderCompat	Landroid/support/v4/media/VolumeProviderCompat;	80429	80529	1	8
1108	VolumeProviderCompatApi21.1	Landroid/support/v4/media/VolumeProviderCompatApi21$1;	80530	80559	1	2
1109	VolumeProviderCompatApi21.Delegate	Landroid/support/v4/media/VolumeProviderCompatApi21$Delegate;	80560	80569	0	2
1110	VolumeProviderCompatApi21	Landroid/support/v4/media/VolumeProviderCompatApi21;	80570	80595	3	0
1111	NotificationCompat	Landroid/support/v4/media/app/NotificationCompat;	80596	80604	1	0
1112	IMediaControllerCallback	Landroid/support/v4/media/session/IMediaControllerCallback;	80605	80647	0	13
1113	IMediaSession	Landroid/support/v4/media/session/IMediaSession;	80648	80798	0	49
1114	MediaButtonReceiver	Landroid/support/v4/media/session/MediaButtonReceiver;	80799	81078	7	1
1115	MediaControllerCompat.Callback.MessageHandler	Landroid/support/v4/media/session/MediaControllerCompat$Callback$MessageHandler;	81079	81212	1	1
1116	MediaControllerCompat.Callback	Landroid/support/v4/media/session/MediaControllerCompat$Callback;	81213	81361	2	16
1117	MediaControllerCompat.MediaControllerImpl	Landroid/support/v4/media/session/MediaControllerCompat$MediaControllerImpl;	81362	81440	0	25
1118	MediaControllerCompat.MediaControllerImplApi21.ExtraBinderRequestResultReceiver	Landroid/support/v4/media/session/MediaControllerCompat$MediaControllerImplApi21$ExtraBinderRequestResultReceiver;	81441	81493	1	1
1119	MediaControllerCompat.PlaybackInfo	Landroid/support/v4/media/session/MediaControllerCompat$PlaybackInfo;	81494	81548	1	5
1120	MediaControllerCompat.TransportControls	Landroid/support/v4/media/session/MediaControllerCompat$TransportControls;	81549	81626	1	23
1121	MediaControllerCompat	Landroid/support/v4/media/session/MediaControllerCompat;	81627	82185	6	29
1122	MediaControllerCompatApi21.Callback	Landroid/support/v4/media/session/MediaControllerCompatApi21$Callback;	82186	82213	0	8
1123	MediaControllerCompatApi21.CallbackProxy	Landroid/support/v4/media/session/MediaControllerCompatApi21$CallbackProxy;	82214	82311	1	8
1124	MediaControllerCompatApi21.PlaybackInfo	Landroid/support/v4/media/session/MediaControllerCompatApi21$PlaybackInfo;	82312	82418	8	0
1125	MediaControllerCompatApi21.TransportControls	Landroid/support/v4/media/session/MediaControllerCompatApi21$TransportControls;	82419	82559	14	0
1126	MediaControllerCompatApi21	Landroid/support/v4/media/session/MediaControllerCompatApi21;	82560	82791	23	0
1127	MediaControllerCompatApi23.TransportControls	Landroid/support/v4/media/session/MediaControllerCompatApi23$TransportControls;	82792	82810	2	0
1128	MediaControllerCompatApi23	Landroid/support/v4/media/session/MediaControllerCompatApi23;	82811	82819	1	0
1129	MediaControllerCompatApi24.TransportControls	Landroid/support/v4/media/session/MediaControllerCompatApi24$TransportControls;	82820	82868	5	0
1130	MediaControllerCompatApi24	Landroid/support/v4/media/session/MediaControllerCompatApi24;	82869	82877	1	0
1131	MediaSessionCompat.Callback.CallbackHandler	Landroid/support/v4/media/session/MediaSessionCompat$Callback$CallbackHandler;	82878	82902	1	1
1132	MediaSessionCompat.Callback	Landroid/support/v4/media/session/MediaSessionCompat$Callback;	82903	83249	6	28
1133	MediaSessionCompat.MediaSessionImpl	Landroid/support/v4/media/session/MediaSessionCompat$MediaSessionImpl;	83250	83328	0	25
1134	MediaSessionCompat.MediaSessionImplApi18.1	Landroid/support/v4/media/session/MediaSessionCompat$MediaSessionImplApi18$1;	83329	83356	1	1
1135	MediaSessionCompat.MediaSessionImplApi19.1	Landroid/support/v4/media/session/MediaSessionCompat$MediaSessionImplApi19$1;	83357	83388	1	1
1136	MediaSessionCompat.MediaSessionImplBase.Command	Landroid/support/v4/media/session/MediaSessionCompat$MediaSessionImplBase$Command;	83389	83404	1	0
1137	MediaSessionCompat.MediaSessionImplBase.MessageHandler	Landroid/support/v4/media/session/MediaSessionCompat$MediaSessionImplBase$MessageHandler;	83405	83776	2	2
1138	MediaSessionCompat.OnActiveChangeListener	Landroid/support/v4/media/session/MediaSessionCompat$OnActiveChangeListener;	83777	83783	0	1
1139	MediaSessionCompat.QueueItem.1	Landroid/support/v4/media/session/MediaSessionCompat$QueueItem$1;	83784	83821	1	4
1140	MediaSessionCompat.QueueItem	Landroid/support/v4/media/session/MediaSessionCompat$QueueItem;	83822	84015	6	6
1141	MediaSessionCompat.ResultReceiverWrapper.1	Landroid/support/v4/media/session/MediaSessionCompat$ResultReceiverWrapper$1;	84016	84053	1	4
1142	MediaSessionCompat.ResultReceiverWrapper	Landroid/support/v4/media/session/MediaSessionCompat$ResultReceiverWrapper;	84054	84110	4	2
1143	MediaSessionCompat.SessionFlags	Landroid/support/v4/media/session/MediaSessionCompat$SessionFlags;	84111	84113	0	0
1144	MediaSessionCompat.Token.1	Landroid/support/v4/media/session/MediaSessionCompat$Token$1;	84114	84162	1	4
1145	MediaSessionCompat.Token	Landroid/support/v4/media/session/MediaSessionCompat$Token;	84163	84395	7	10
1146	MediaSessionCompat	Landroid/support/v4/media/session/MediaSessionCompat;	84396	84972	8	28
1147	MediaSessionCompatApi21.Callback	Landroid/support/v4/media/session/MediaSessionCompatApi21$Callback;	84973	85024	0	16
1148	MediaSessionCompatApi21.CallbackProxy	Landroid/support/v4/media/session/MediaSessionCompatApi21$CallbackProxy;	85025	85179	1	15
1149	MediaSessionCompatApi21.QueueItem	Landroid/support/v4/media/session/MediaSessionCompatApi21$QueueItem;	85180	85217	4	0
1150	MediaSessionCompatApi21	Landroid/support/v4/media/session/MediaSessionCompatApi21;	85218	85490	22	0
1151	MediaSessionCompatApi22	Landroid/support/v4/media/session/MediaSessionCompatApi22;	85491	85509	2	0
1152	MediaSessionCompatApi23	Landroid/support/v4/media/session/MediaSessionCompatApi23;	85510	85525	2	0
1153	MediaSessionCompatApi24	Landroid/support/v4/media/session/MediaSessionCompatApi24;	85526	85568	3	0
1154	ParcelableVolumeInfo.1	Landroid/support/v4/media/session/ParcelableVolumeInfo$1;	85569	85606	1	4
1155	ParcelableVolumeInfo	Landroid/support/v4/media/session/ParcelableVolumeInfo;	85607	85699	3	2
1156	PlaybackStateCompat.1	Landroid/support/v4/media/session/PlaybackStateCompat$1;	85700	85737	1	4
1157	PlaybackStateCompat.Actions	Landroid/support/v4/media/session/PlaybackStateCompat$Actions;	85738	85740	0	0
1158	PlaybackStateCompat.Builder	Landroid/support/v4/media/session/PlaybackStateCompat$Builder;	85741	85948	2	11
1159	PlaybackStateCompat.CustomAction.1	Landroid/support/v4/media/session/PlaybackStateCompat$CustomAction$1;	85949	85986	1	4
1160	PlaybackStateCompat.CustomAction.Builder	Landroid/support/v4/media/session/PlaybackStateCompat$CustomAction$Builder;	85987	86043	1	2
1161	PlaybackStateCompat.CustomAction	Landroid/support/v4/media/session/PlaybackStateCompat$CustomAction;	86044	86235	4	8
1162	PlaybackStateCompat.ErrorCode	Landroid/support/v4/media/session/PlaybackStateCompat$ErrorCode;	86236	86238	0	0
1163	PlaybackStateCompat.MediaKeyAction	Landroid/support/v4/media/session/PlaybackStateCompat$MediaKeyAction;	86239	86241	0	0
1164	PlaybackStateCompat.RepeatMode	Landroid/support/v4/media/session/PlaybackStateCompat$RepeatMode;	86242	86244	0	0
1165	PlaybackStateCompat.ShuffleMode	Landroid/support/v4/media/session/PlaybackStateCompat$ShuffleMode;	86245	86247	0	0
1166	PlaybackStateCompat.State	Landroid/support/v4/media/session/PlaybackStateCompat$State;	86248	86250	0	0
1167	PlaybackStateCompat	Landroid/support/v4/media/session/PlaybackStateCompat;	86251	86783	5	15
1168	PlaybackStateCompatApi21.CustomAction	Landroid/support/v4/media/session/PlaybackStateCompatApi21$CustomAction;	86784	86844	6	0
1169	PlaybackStateCompatApi21	Landroid/support/v4/media/session/PlaybackStateCompatApi21;	86845	86984	11	0
1170	PlaybackStateCompatApi22	Landroid/support/v4/media/session/PlaybackStateCompatApi22;	86985	87047	3	0
1171	Cea608CCParser.CCData	Landroid/support/v4/media/subtitle/Cea608CCParser$CCData;	87048	87734	12	7
1172	Cea608CCParser.CCLineBuilder	Landroid/support/v4/media/subtitle/Cea608CCParser$CCLineBuilder;	87735	87933	1	7
1173	Cea608CCParser.CCMemory	Landroid/support/v4/media/subtitle/Cea608CCParser$CCMemory;	87934	88390	8	10
1174	Cea608CCParser.DisplayListener	Landroid/support/v4/media/subtitle/Cea608CCParser$DisplayListener;	88391	88400	0	2
1175	Cea608CCParser.MutableBackgroundColorSpan	Landroid/support/v4/media/subtitle/Cea608CCParser$MutableBackgroundColorSpan;	88401	88438	1	3
1176	Cea608CCParser.StyleCode	Landroid/support/v4/media/subtitle/Cea608CCParser$StyleCode;	88439	88553	3	4
1177	Cea608CCParser	Landroid/support/v4/media/subtitle/Cea608CCParser;	88554	88913	10	1
1178	Cea708CCParser.CaptionColor	Landroid/support/v4/media/subtitle/Cea708CCParser$CaptionColor;	88914	88969	2	1
1179	Cea708CCParser.CaptionEvent	Landroid/support/v4/media/subtitle/Cea708CCParser$CaptionEvent;	88970	88983	1	0
1180	Cea708CCParser.CaptionPenAttr	Landroid/support/v4/media/subtitle/Cea708CCParser$CaptionPenAttr;	88984	89007	1	0
1181	Cea708CCParser.CaptionPenColor	Landroid/support/v4/media/subtitle/Cea708CCParser$CaptionPenColor;	89008	89023	1	0
1182	Cea708CCParser.CaptionPenLocation	Landroid/support/v4/media/subtitle/Cea708CCParser$CaptionPenLocation;	89024	89037	1	0
1183	Cea708CCParser.CaptionWindow	Landroid/support/v4/media/subtitle/Cea708CCParser$CaptionWindow;	89038	89073	1	0
1184	Cea708CCParser.CaptionWindowAttr	Landroid/support/v4/media/subtitle/Cea708CCParser$CaptionWindowAttr;	89074	89103	1	0
1185	Cea708CCParser.Const	Landroid/support/v4/media/subtitle/Cea708CCParser$Const;	89104	89112	1	0
1186	Cea708CCParser.DisplayListener	Landroid/support/v4/media/subtitle/Cea708CCParser$DisplayListener;	89113	89119	0	1
1187	Cea708CCParser	Landroid/support/v4/media/subtitle/Cea708CCParser;	89120	89913	14	1
1188	Cea708CaptionRenderer.Cea708CCWidget.CCHandler	Landroid/support/v4/media/subtitle/Cea708CaptionRenderer$Cea708CCWidget$CCHandler;	89914	90492	18	3
1189	Cea708CaptionRenderer.Cea708CCWidget.CCWindowLayout	Landroid/support/v4/media/subtitle/Cea708CaptionRenderer$Cea708CCWidget$CCWindowLayout;	90493	91347	8	20
1190	Cea708CaptionRenderer.Cea708CCWidget.ScaledLayout.1	Landroid/support/v4/media/subtitle/Cea708CaptionRenderer$Cea708CCWidget$ScaledLayout$1;	91348	91390	1	2
1191	Cea708CaptionRenderer.Cea708CCWidget.ScaledLayout.ScaledLayoutParams	Landroid/support/v4/media/subtitle/Cea708CaptionRenderer$Cea708CCWidget$ScaledLayout$ScaledLayoutParams;	91391	91420	2	0
1192	Cea708CaptionRenderer.Cea708CCWidget.ScaledLayout	Landroid/support/v4/media/subtitle/Cea708CaptionRenderer$Cea708CCWidget$ScaledLayout;	91421	91912	1	5
1193	ClosedCaptionRenderer.Cea608CCWidget.CCLineBox	Landroid/support/v4/media/subtitle/ClosedCaptionRenderer$Cea608CCWidget$CCLineBox;	91913	92244	4	3
1194	ClosedCaptionWidget.1	Landroid/support/v4/media/subtitle/ClosedCaptionWidget$1;	92245	92286	1	2
1195	ClosedCaptionWidget.ClosedCaptionLayout	Landroid/support/v4/media/subtitle/ClosedCaptionWidget$ClosedCaptionLayout;	92287	92296	0	2
1196	MediaTimeProvider.OnMediaTimeListener	Landroid/support/v4/media/subtitle/MediaTimeProvider$OnMediaTimeListener;	92297	92309	0	3
1197	MediaTimeProvider	Landroid/support/v4/media/subtitle/MediaTimeProvider;	92310	92325	0	4
1198	SubtitleController.1	Landroid/support/v4/media/subtitle/SubtitleController$1;	92326	92367	1	1
1199	SubtitleController.2	Landroid/support/v4/media/subtitle/SubtitleController$2;	92368	92392	1	2
1200	SubtitleController.Anchor	Landroid/support/v4/media/subtitle/SubtitleController$Anchor;	92393	92402	0	2
1201	SubtitleController.Listener	Landroid/support/v4/media/subtitle/SubtitleController$Listener;	92403	92409	0	1
1202	SubtitleController.MediaFormatUtil	Landroid/support/v4/media/subtitle/SubtitleController$MediaFormatUtil;	92410	92428	2	0
1203	SubtitleController.Renderer	Landroid/support/v4/media/subtitle/SubtitleController$Renderer;	92429	92443	1	2
1204	SubtitleController	Landroid/support/v4/media/subtitle/SubtitleController;	92444	93160	14	13
1205	SubtitleTrack.1	Landroid/support/v4/media/subtitle/SubtitleTrack$1;	93161	93208	1	1
1206	SubtitleTrack.Cue	Landroid/support/v4/media/subtitle/SubtitleTrack$Cue;	93209	93221	1	1
1207	SubtitleTrack.CueList.1	Landroid/support/v4/media/subtitle/SubtitleTrack$CueList$1;	93222	93299	1	1
1208	SubtitleTrack.CueList.EntryIterator	Landroid/support/v4/media/subtitle/SubtitleTrack$CueList$EntryIterator;	93300	93541	2	4
1209	SubtitleTrack.CueList	Landroid/support/v4/media/subtitle/SubtitleTrack$CueList;	93542	93738	5	4
1210	SubtitleTrack.RenderingWidget.OnChangedListener	Landroid/support/v4/media/subtitle/SubtitleTrack$RenderingWidget$OnChangedListener;	93739	93745	0	1
1211	SubtitleTrack.RenderingWidget	Landroid/support/v4/media/subtitle/SubtitleTrack$RenderingWidget;	93746	93767	0	6
1212	SubtitleTrack.Run	Landroid/support/v4/media/subtitle/SubtitleTrack$Run;	93768	93888	3	2
1213	SubtitleView	Landroid/support/v4/media/subtitle/SubtitleView;	93889	94441	5	12
1214	ConnectivityManagerCompat.RestrictBackgroundStatus	Landroid/support/v4/net/ConnectivityManagerCompat$RestrictBackgroundStatus;	94442	94444	0	0
1215	ConnectivityManagerCompat	Landroid/support/v4/net/ConnectivityManagerCompat;	94445	94511	4	0
1216	DatagramSocketWrapper.DatagramSocketImplWrapper	Landroid/support/v4/net/DatagramSocketWrapper$DatagramSocketImplWrapper;	94512	94614	1	14
1217	DatagramSocketWrapper	Landroid/support/v4/net/DatagramSocketWrapper;	94615	94627	1	0
1218	TrafficStatsCompat	Landroid/support/v4/net/TrafficStatsCompat;	94628	94727	10	0
1219	BuildCompat	Landroid/support/v4/os/BuildCompat;	94728	94817	7	0
1220	CancellationSignal.OnCancelListener	Landroid/support/v4/os/CancellationSignal$OnCancelListener;	94818	94824	0	1
1221	CancellationSignal	Landroid/support/v4/os/CancellationSignal;	94825	95005	2	5
1222	ConfigurationCompat	Landroid/support/v4/os/ConfigurationCompat;	95006	95036	2	0
1223	EnvironmentCompat	Landroid/support/v4/os/EnvironmentCompat;	95037	95086	2	0
1224	HandlerCompat	Landroid/support/v4/os/HandlerCompat;	95087	95114	2	0
1225	IResultReceiver	Landroid/support/v4/os/IResultReceiver;	95115	95121	0	1
1226	LocaleHelper	Landroid/support/v4/os/LocaleHelper;	95122	95250	3	0
1227	LocaleListCompat	Landroid/support/v4/os/LocaleListCompat;	95251	95496	10	10
1228	LocaleListHelper	Landroid/support/v4/os/LocaleListHelper;	95497	96302	17	13
1229	LocaleListInterface	Landroid/support/v4/os/LocaleListInterface;	96303	96339	0	11
1230	OperationCanceledException	Landroid/support/v4/os/OperationCanceledException;	96340	96362	2	0
1231	ParcelCompat	Landroid/support/v4/os/ParcelCompat;	96363	96391	3	0
1232	ParcelableCompat.ParcelableCompatCreatorHoneycombMR2	Landroid/support/v4/os/ParcelableCompat$ParcelableCompatCreatorHoneycombMR2;	96392	96431	1	3
1233	ParcelableCompat	Landroid/support/v4/os/ParcelableCompat;	96432	96447	2	0
1234	ParcelableCompatCreatorCallbacks	Landroid/support/v4/os/ParcelableCompatCreatorCallbacks;	96448	96457	0	2
1235	ResultReceiver.1	Landroid/support/v4/os/ResultReceiver$1;	96458	96495	1	4
1236	ResultReceiver.MyRunnable	Landroid/support/v4/os/ResultReceiver$MyRunnable;	96496	96525	1	1
1237	ResultReceiver	Landroid/support/v4/os/ResultReceiver;	96526	96632	3	4
1238	TraceCompat	Landroid/support/v4/os/TraceCompat;	96633	96661	3	0
1239	UserManagerCompat	Landroid/support/v4/os/UserManagerCompat;	96662	96688	2	0
1240	PrintHelper.1	Landroid/support/v4/print/PrintHelper$1;	96689	96947	1	4
1241	PrintHelper.OnPrintFinishCallback	Landroid/support/v4/print/PrintHelper$OnPrintFinishCallback;	96948	96954	0	1
1242	PrintHelper.PrintBitmapAdapter	Landroid/support/v4/print/PrintHelper$PrintBitmapAdapter;	96955	97032	1	3
1243	PrintHelper.PrintUriAdapter.1.1	Landroid/support/v4/print/PrintHelper$PrintUriAdapter$1$1;	97033	97060	1	1
1244	PrintHelper.PrintUriAdapter.1	Landroid/support/v4/print/PrintHelper$PrintUriAdapter$1;	97061	97256	1	7
1245	PrintHelper.PrintUriAdapter	Landroid/support/v4/print/PrintHelper$PrintUriAdapter;	97257	97449	6	3
1246	PrintHelper	Landroid/support/v4/print/PrintHelper;	97450	98066	19	10
1247	DocumentFile	Landroid/support/v4/provider/DocumentFile;	98067	98204	5	18
1248	DocumentsContractApi19	Landroid/support/v4/provider/DocumentsContractApi19;	98205	98553	17	0
1249	FontRequest	Landroid/support/v4/provider/FontRequest;	98554	98802	2	7
1250	FontsContractCompat.1	Landroid/support/v4/provider/FontsContractCompat$1;	98803	98851	1	2
1251	FontsContractCompat.4.1	Landroid/support/v4/provider/FontsContractCompat$4$1;	98852	98876	1	1
1252	FontsContractCompat.4.2	Landroid/support/v4/provider/FontsContractCompat$4$2;	98877	98901	1	1
1253	FontsContractCompat.4.3	Landroid/support/v4/provider/FontsContractCompat$4$3;	98902	98926	1	1
1254	FontsContractCompat.4.4	Landroid/support/v4/provider/FontsContractCompat$4$4;	98927	98951	1	1
1255	FontsContractCompat.4.5	Landroid/support/v4/provider/FontsContractCompat$4$5;	98952	98976	1	1
1256	FontsContractCompat.4.6	Landroid/support/v4/provider/FontsContractCompat$4$6;	98977	99001	1	1
1257	FontsContractCompat.4.7	Landroid/support/v4/provider/FontsContractCompat$4$7;	99002	99029	1	1
1258	FontsContractCompat.4.8	Landroid/support/v4/provider/FontsContractCompat$4$8;	99030	99054	1	1
1259	FontsContractCompat.4.9	Landroid/support/v4/provider/FontsContractCompat$4$9;	99055	99082	1	1
1260	FontsContractCompat.4	Landroid/support/v4/provider/FontsContractCompat$4;	99083	99221	1	1
1261	FontsContractCompat.5	Landroid/support/v4/provider/FontsContractCompat$5;	99222	99265	1	2
1262	FontsContractCompat.Columns	Landroid/support/v4/provider/FontsContractCompat$Columns;	99266	99274	1	0
1263	FontsContractCompat.FontFamilyResult	Landroid/support/v4/provider/FontsContractCompat$FontFamilyResult;	99275	99302	1	2
1264	FontsContractCompat.FontInfo	Landroid/support/v4/provider/FontsContractCompat$FontInfo;	99303	99360	1	5
1265	FontsContractCompat.FontRequestCallback.FontRequestFailReason	Landroid/support/v4/provider/FontsContractCompat$FontRequestCallback$FontRequestFailReason;	99361	99363	0	0
1266	FontsContractCompat.FontRequestCallback	Landroid/support/v4/provider/FontsContractCompat$FontRequestCallback;	99364	99380	1	2
1267	FontsContractCompat.TypefaceResult	Landroid/support/v4/provider/FontsContractCompat$TypefaceResult;	99381	99394	1	0
1268	FontsContractCompat	Landroid/support/v4/provider/FontsContractCompat;	99395	99997	14	0
1269	SelfDestructiveThread.1	Landroid/support/v4/provider/SelfDestructiveThread$1;	99998	100033	1	1
1270	SelfDestructiveThread.2.1	Landroid/support/v4/provider/SelfDestructiveThread$2$1;	100034	100060	1	1
1271	SelfDestructiveThread.2	Landroid/support/v4/provider/SelfDestructiveThread$2;	100061	100098	1	1
1272	SelfDestructiveThread.3	Landroid/support/v4/provider/SelfDestructiveThread$3;	100099	100159	1	1
1273	SelfDestructiveThread.ReplyCallback	Landroid/support/v4/provider/SelfDestructiveThread$ReplyCallback;	100160	100166	0	1
1274	SelfDestructiveThread	Landroid/support/v4/provider/SelfDestructiveThread;	100167	100428	2	6
1275	BidiFormatter.Builder	Landroid/support/v4/text/BidiFormatter$Builder;	100429	100535	5	3
1276	BidiFormatter.DirectionalityEstimator	Landroid/support/v4/text/BidiFormatter$DirectionalityEstimator;	100536	101017	7	4
1277	BidiFormatter	Landroid/support/v4/text/BidiFormatter;	101018	101351	10	12
1278	HtmlCompat	Landroid/support/v4/text/HtmlCompat;	101352	101399	4	0
1279	ICUCompat	Landroid/support/v4/text/ICUCompat;	101400	101557	5	0
1280	PrecomputedTextCompat.1	Landroid/support/v4/text/PrecomputedTextCompat$1;	101558	101560	0	0
1281	PrecomputedTextCompat.Params.Builder	Landroid/support/v4/text/PrecomputedTextCompat$Params$Builder;	101561	101634	1	4
1282	PrecomputedTextCompat.Params	Landroid/support/v4/text/PrecomputedTextCompat$Params;	101635	102535	4	7
1283	PrecomputedTextCompat.PrecomputedTextFutureTask.PrecomputedTextCallback	Landroid/support/v4/text/PrecomputedTextCompat$PrecomputedTextFutureTask$PrecomputedTextCallback;	102536	102569	1	2
1284	PrecomputedTextCompat.PrecomputedTextFutureTask	Landroid/support/v4/text/PrecomputedTextCompat$PrecomputedTextFutureTask;	102570	102582	1	0
1285	PrecomputedTextCompat	Landroid/support/v4/text/PrecomputedTextCompat;	102583	103027	6	16
1286	TextDirectionHeuristicCompat	Landroid/support/v4/text/TextDirectionHeuristicCompat;	103028	103037	0	2
1287	TextDirectionHeuristicsCompat.TextDirectionAlgorithm	Landroid/support/v4/text/TextDirectionHeuristicsCompat$TextDirectionAlgorithm;	103038	103044	0	1
1288	TextDirectionHeuristicsCompat	Landroid/support/v4/text/TextDirectionHeuristicsCompat;	103045	103109	4	0
1289	TextUtilsCompat	Landroid/support/v4/text/TextUtilsCompat;	103110	103241	5	0
1290	FindAddress.ZipRange	Landroid/support/v4/text/util/FindAddress$ZipRange;	103242	103287	1	1
1291	FindAddress	Landroid/support/v4/text/util/FindAddress;	103288	104138	11	0
1292	LinkifyCompat.1	Landroid/support/v4/text/util/LinkifyCompat$1;	104139	104189	1	2
1293	LinkifyCompat.LinkSpec	Landroid/support/v4/text/util/LinkifyCompat$LinkSpec;	104190	104198	1	0
1294	LinkifyCompat.LinkifyMask	Landroid/support/v4/text/util/LinkifyCompat$LinkifyMask;	104199	104201	0	0
1295	LinkifyCompat	Landroid/support/v4/text/util/LinkifyCompat;	104202	104859	18	0
1296	ArraySet	Landroid/support/v4/util/ArraySet;	104860	105873	12	23
1297	AtomicFile	Landroid/support/v4/util/AtomicFile;	105874	106149	2	7
1298	CircularArray	Landroid/support/v4/util/CircularArray;	106150	106562	3	12
1299	CircularIntArray	Landroid/support/v4/util/CircularIntArray;	106563	106893	3	12
1300	Consumer	Landroid/support/v4/util/Consumer;	106894	106900	0	1
1301	ContainerHelpers	Landroid/support/v4/util/ContainerHelpers;	106901	107012	8	0
1302	DebugUtils	Landroid/support/v4/util/DebugUtils;	107013	107069	2	0
1303	LogWriter	Landroid/support/v4/util/LogWriter;	107070	107147	2	3
1304	LongSparseArray	Landroid/support/v4/util/LongSparseArray;	107148	107699	4	18
1305	LruCache	Landroid/support/v4/util/LruCache;	107700	108190	2	18
1306	MapCollections.ArrayIterator	Landroid/support/v4/util/MapCollections$ArrayIterator;	108191	108285	1	3
1307	MapCollections.EntrySet	Landroid/support/v4/util/MapCollections$EntrySet;	108286	108517	1	16
1308	MapCollections.KeySet	Landroid/support/v4/util/MapCollections$KeySet;	108518	108708	1	15
1309	MapCollections.MapIterator	Landroid/support/v4/util/MapCollections$MapIterator;	108709	108972	1	10
1310	MapCollections.ValuesCollection	Landroid/support/v4/util/MapCollections$ValuesCollection;	108973	109175	1	13
1311	MapCollections	Landroid/support/v4/util/MapCollections;	109176	109398	5	14
1312	ObjectsCompat	Landroid/support/v4/util/ObjectsCompat;	109399	109452	4	0
1313	Pair	Landroid/support/v4/util/Pair;	109453	109557	2	3
1314	PatternsCompat	Landroid/support/v4/util/PatternsCompat;	109558	109824	2	0
1315	Pools.Pool	Landroid/support/v4/util/Pools$Pool;	109825	109834	0	2
1316	Pools	Landroid/support/v4/util/Pools;	109835	109843	1	0
1317	Preconditions	Landroid/support/v4/util/Preconditions;	109844	110407	23	0
1318	SimpleArrayMap	Landroid/support/v4/util/SimpleArrayMap;	110408	111393	6	21
1319	SparseArrayCompat	Landroid/support/v4/util/SparseArrayCompat;	111394	111961	4	19
1320	TimeUtils	Landroid/support/v4/util/TimeUtils;	111962	112319	9	0
1321	AbsSavedState.2	Landroid/support/v4/view/AbsSavedState$2;	112320	112381	1	6
1322	AbsSavedState	Landroid/support/v4/view/AbsSavedState;	112382	112474	6	3
1323	AccessibilityDelegateCompat.AccessibilityDelegateAdapter	Landroid/support/v4/view/AccessibilityDelegateCompat$AccessibilityDelegateAdapter;	112475	112585	1	9
1324	AccessibilityDelegateCompat	Landroid/support/v4/view/AccessibilityDelegateCompat;	112586	112712	2	10
1325	ActionProvider.SubUiVisibilityListener	Landroid/support/v4/view/ActionProvider$SubUiVisibilityListener;	112713	112719	0	1
1326	ActionProvider.VisibilityListener	Landroid/support/v4/view/ActionProvider$VisibilityListener;	112720	112726	0	1
1327	ActionProvider	Landroid/support/v4/view/ActionProvider;	112727	112863	1	13
1328	AsyncLayoutInflater.1	Landroid/support/v4/view/AsyncLayoutInflater$1;	112864	112916	1	1
1329	AsyncLayoutInflater.BasicInflater	Landroid/support/v4/view/AsyncLayoutInflater$BasicInflater;	112917	112967	2	2
1330	AsyncLayoutInflater.InflateRequest	Landroid/support/v4/view/AsyncLayoutInflater$InflateRequest;	112968	112976	1	0
1331	AsyncLayoutInflater.InflateThread	Landroid/support/v4/view/AsyncLayoutInflater$InflateThread;	112977	113120	3	5
1332	AsyncLayoutInflater.OnInflateFinishedListener	Landroid/support/v4/view/AsyncLayoutInflater$OnInflateFinishedListener;	113121	113127	0	1
1333	AsyncLayoutInflater	Landroid/support/v4/view/AsyncLayoutInflater;	113128	113184	1	1
1334	DisplayCutoutCompat	Landroid/support/v4/view/DisplayCutoutCompat;	113185	113371	3	8
1335	GestureDetectorCompat.GestureDetectorCompatImpl	Landroid/support/v4/view/GestureDetectorCompat$GestureDetectorCompatImpl;	113372	113387	0	4
1336	GestureDetectorCompat.GestureDetectorCompatImplBase.GestureHandler	Landroid/support/v4/view/GestureDetectorCompat$GestureDetectorCompatImplBase$GestureHandler;	113388	113475	2	1
1337	GestureDetectorCompat	Landroid/support/v4/view/GestureDetectorCompat;	113476	113540	2	4
1338	GravityCompat	Landroid/support/v4/view/GravityCompat;	113541	113598	5	0
1339	InputDeviceCompat	Landroid/support/v4/view/InputDeviceCompat;	113599	113607	1	0
1340	LayoutInflaterCompat.Factory2Wrapper	Landroid/support/v4/view/LayoutInflaterCompat$Factory2Wrapper;	113608	113666	1	3
1341	LayoutInflaterCompat	Landroid/support/v4/view/LayoutInflaterCompat;	113667	113809	5	0
1342	LayoutInflaterFactory	Landroid/support/v4/view/LayoutInflaterFactory;	113810	113816	0	1
1343	MarginLayoutParamsCompat	Landroid/support/v4/view/MarginLayoutParamsCompat;	113817	113933	9	0
1344	MenuCompat	Landroid/support/v4/view/MenuCompat;	113934	113964	3	0
1345	MenuItemCompat.1	Landroid/support/v4/view/MenuItemCompat$1;	113965	113994	1	2
1346	MenuItemCompat.OnActionExpandListener	Landroid/support/v4/view/MenuItemCompat$OnActionExpandListener;	113995	114004	0	2
1347	MenuItemCompat	Landroid/support/v4/view/MenuItemCompat;	114005	114326	24	0
1348	MotionEventCompat	Landroid/support/v4/view/MotionEventCompat;	114327	114436	13	0
1349	NestedScrollingChild	Landroid/support/v4/view/NestedScrollingChild;	114437	114467	0	9
1350	NestedScrollingChildHelper	Landroid/support/v4/view/NestedScrollingChildHelper;	114468	114846	3	16
1351	NestedScrollingParent	Landroid/support/v4/view/NestedScrollingParent;	114847	114874	0	8
1352	NestedScrollingParentHelper	Landroid/support/v4/view/NestedScrollingParentHelper;	114875	114928	1	5
1353	OnApplyWindowInsetsListener	Landroid/support/v4/view/OnApplyWindowInsetsListener;	114929	114935	0	1
1354	PagerAdapter	Landroid/support/v4/view/PagerAdapter;	114936	115104	1	21
1355	PagerTabStrip.1	Landroid/support/v4/view/PagerTabStrip$1;	115105	115136	1	1
1356	PagerTabStrip.2	Landroid/support/v4/view/PagerTabStrip$2;	115137	115168	1	1
1357	PagerTitleStrip.SingleLineAllCapsTransform	Landroid/support/v4/view/PagerTitleStrip$SingleLineAllCapsTransform;	115169	115206	1	1
1358	PagerTitleStrip	Landroid/support/v4/view/PagerTitleStrip;	115207	116086	4	15
1359	PointerIconCompat	Landroid/support/v4/view/PointerIconCompat;	116087	116154	4	1
1360	ScaleGestureDetectorCompat	Landroid/support/v4/view/ScaleGestureDetectorCompat;	116155	116205	5	0
1361	ScrollingView	Landroid/support/v4/view/ScrollingView;	116206	116227	0	6
1362	TintableBackgroundView	Landroid/support/v4/view/TintableBackgroundView;	116228	116243	0	4
1363	VelocityTrackerCompat	Landroid/support/v4/view/VelocityTrackerCompat;	116244	116268	3	0
1364	ViewCompat.1	Landroid/support/v4/view/ViewCompat$1;	116269	116294	1	1
1365	ViewCompat.FocusDirection	Landroid/support/v4/view/ViewCompat$FocusDirection;	116295	116297	0	0
1366	ViewCompat.FocusRealDirection	Landroid/support/v4/view/ViewCompat$FocusRealDirection;	116298	116300	0	0
1367	ViewCompat.FocusRelativeDirection	Landroid/support/v4/view/ViewCompat$FocusRelativeDirection;	116301	116303	0	0
1368	ViewCompat.NestedScrollType	Landroid/support/v4/view/ViewCompat$NestedScrollType;	116304	116306	0	0
1369	ViewCompat.OnUnhandledKeyEventListenerCompat	Landroid/support/v4/view/ViewCompat$OnUnhandledKeyEventListenerCompat;	116307	116313	0	1
1370	ViewCompat.OnUnhandledKeyEventListenerWrapper	Landroid/support/v4/view/ViewCompat$OnUnhandledKeyEventListenerWrapper;	116314	116335	1	1
1371	ViewCompat.ScrollAxis	Landroid/support/v4/view/ViewCompat$ScrollAxis;	116336	116338	0	0
1372	ViewCompat.ScrollIndicators	Landroid/support/v4/view/ViewCompat$ScrollIndicators;	116339	116341	0	0
1373	ViewCompat.UnhandledKeyEventManager	Landroid/support/v4/view/ViewCompat$UnhandledKeyEventManager;	116342	116710	9	3
1374	ViewCompat	Landroid/support/v4/view/ViewCompat;	116711	119158	154	0
1375	ViewConfigurationCompat	Landroid/support/v4/view/ViewConfigurationCompat;	119159	119326	9	0
1376	ViewGroupCompat	Landroid/support/v4/view/ViewGroupCompat;	119327	119445	8	0
1377	ViewPager.1	Landroid/support/v4/view/ViewPager$1;	119446	119474	1	2
1378	ViewPager.2	Landroid/support/v4/view/ViewPager$2;	119475	119495	1	1
1379	ViewPager.3	Landroid/support/v4/view/ViewPager$3;	119496	119522	1	1
1380	ViewPager.DecorView	Landroid/support/v4/view/ViewPager$DecorView;	119523	119525	0	0
1381	ViewPager.ItemInfo	Landroid/support/v4/view/ViewPager$ItemInfo;	119526	119534	1	0
1382	ViewPager.LayoutParams	Landroid/support/v4/view/ViewPager$LayoutParams;	119535	119572	2	0
1383	ViewPager.OnAdapterChangeListener	Landroid/support/v4/view/ViewPager$OnAdapterChangeListener;	119573	119579	0	1
1384	ViewPager.OnPageChangeListener	Landroid/support/v4/view/ViewPager$OnPageChangeListener;	119580	119592	0	3
1385	ViewPager.PageTransformer	Landroid/support/v4/view/ViewPager$PageTransformer;	119593	119599	0	1
1386	ViewPager.PagerObserver	Landroid/support/v4/view/ViewPager$PagerObserver;	119600	119624	1	2
1387	ViewPager.SavedState.1	Landroid/support/v4/view/ViewPager$SavedState$1;	119625	119678	1	6
1388	ViewPager.ViewPositionComparator	Landroid/support/v4/view/ViewPager$ViewPositionComparator;	119679	119727	1	2
1389	ViewPager	Landroid/support/v4/view/ViewPager;	119728	125176	26	71
1390	ViewParentCompat	Landroid/support/v4/view/ViewParentCompat;	125177	125566	15	0
1391	ViewPropertyAnimatorCompat.1	Landroid/support/v4/view/ViewPropertyAnimatorCompat$1;	125567	125615	1	3
1392	ViewPropertyAnimatorCompat.2	Landroid/support/v4/view/ViewPropertyAnimatorCompat$2;	125616	125642	1	1
1393	ViewPropertyAnimatorCompat	Landroid/support/v4/view/ViewPropertyAnimatorCompat;	125643	126423	2	37
1394	ViewPropertyAnimatorListener	Landroid/support/v4/view/ViewPropertyAnimatorListener;	126424	126436	0	3
1395	ViewPropertyAnimatorUpdateListener	Landroid/support/v4/view/ViewPropertyAnimatorUpdateListener;	126437	126443	0	1
1396	WindowCompat	Landroid/support/v4/view/WindowCompat;	126444	126465	2	0
1397	WindowInsetsCompat	Landroid/support/v4/view/WindowInsetsCompat;	126466	126887	4	21
1398	AccessibilityEventCompat	Landroid/support/v4/view/accessibility/AccessibilityEventCompat;	126888	127005	11	0
1399	AccessibilityManagerCompat.AccessibilityStateChangeListener	Landroid/support/v4/view/accessibility/AccessibilityManagerCompat$AccessibilityStateChangeListener;	127006	127012	0	1
1400	AccessibilityManagerCompat.AccessibilityStateChangeListenerWrapper	Landroid/support/v4/view/accessibility/AccessibilityManagerCompat$AccessibilityStateChangeListenerWrapper;	127013	127072	1	3
1401	AccessibilityManagerCompat.TouchExplorationStateChangeListener	Landroid/support/v4/view/accessibility/AccessibilityManagerCompat$TouchExplorationStateChangeListener;	127073	127079	0	1
1402	AccessibilityManagerCompat.TouchExplorationStateChangeListenerWrapper	Landroid/support/v4/view/accessibility/AccessibilityManagerCompat$TouchExplorationStateChangeListenerWrapper;	127080	127138	1	3
1403	AccessibilityManagerCompat	Landroid/support/v4/view/accessibility/AccessibilityManagerCompat;	127139	127231	8	0
1404	AccessibilityNodeInfoCompat.AccessibilityActionCompat	Landroid/support/v4/view/accessibility/AccessibilityNodeInfoCompat$AccessibilityActionCompat;	127232	127475	3	2
1405	AccessibilityNodeInfoCompat.CollectionInfoCompat	Landroid/support/v4/view/accessibility/AccessibilityNodeInfoCompat$CollectionInfoCompat;	127476	127591	3	4
1406	AccessibilityNodeInfoCompat.CollectionItemInfoCompat	Landroid/support/v4/view/accessibility/AccessibilityNodeInfoCompat$CollectionItemInfoCompat;	127592	127739	3	6
1407	AccessibilityNodeInfoCompat.RangeInfoCompat	Landroid/support/v4/view/accessibility/AccessibilityNodeInfoCompat$RangeInfoCompat;	127740	127831	2	4
1408	AccessibilityNodeInfoCompat	Landroid/support/v4/view/accessibility/AccessibilityNodeInfoCompat;	127832	130052	11	131
1409	AccessibilityNodeProviderCompat.AccessibilityNodeProviderApi16	Landroid/support/v4/view/accessibility/AccessibilityNodeProviderCompat$AccessibilityNodeProviderApi16;	130053	130118	1	3
1410	AccessibilityNodeProviderCompat	Landroid/support/v4/view/accessibility/AccessibilityNodeProviderCompat;	130119	130183	2	5
1411	AccessibilityRecordCompat	Landroid/support/v4/view/accessibility/AccessibilityRecordCompat;	130184	130772	8	47
1412	AccessibilityWindowInfoCompat	Landroid/support/v4/view/accessibility/AccessibilityWindowInfoCompat;	130773	131216	5	17
1413	LookupTableInterpolator	Landroid/support/v4/view/animation/LookupTableInterpolator;	131217	131284	1	1
1414	PathInterpolatorApi14	Landroid/support/v4/view/animation/PathInterpolatorApi14;	131285	131440	5	1
1415	PathInterpolatorCompat	Landroid/support/v4/view/animation/PathInterpolatorCompat;	131441	131488	4	0
1416	AutoScrollHelper.ClampedScroller	Landroid/support/v4/widget/AutoScrollHelper$ClampedScroller;	131489	131757	3	11
1417	AutoScrollHelper.ScrollAnimationRunnable	Landroid/support/v4/widget/AutoScrollHelper$ScrollAnimationRunnable;	131758	131849	1	1
1418	AutoScrollHelper	Landroid/support/v4/widget/AutoScrollHelper;	131850	132407	9	19
1419	AutoSizeableTextView	Landroid/support/v4/widget/AutoSizeableTextView;	132408	132448	1	8
1420	CircleImageView.OvalShadow	Landroid/support/v4/widget/CircleImageView$OvalShadow;	132449	132554	2	2
1421	CircleImageView	Landroid/support/v4/widget/CircleImageView;	132555	132742	2	6
1422	CircularProgressDrawable.1	Landroid/support/v4/widget/CircularProgressDrawable$1;	132743	132784	1	1
1423	CircularProgressDrawable.2	Landroid/support/v4/widget/CircularProgressDrawable$2;	132785	132866	1	4
1424	CircularProgressDrawable.ProgressDrawableSize	Landroid/support/v4/widget/CircularProgressDrawable$ProgressDrawableSize;	132867	132869	0	0
1425	CircularProgressDrawable.Ring	Landroid/support/v4/widget/CircularProgressDrawable$Ring;	132870	133544	1	39
1426	CircularProgressDrawable	Landroid/support/v4/widget/CircularProgressDrawable;	133545	134329	16	31
1427	CompoundButtonCompat	Landroid/support/v4/widget/CompoundButtonCompat;	134330	134456	6	0
1428	ContentLoadingProgressBar.1	Landroid/support/v4/widget/ContentLoadingProgressBar$1;	134457	134489	1	1
1429	ContentLoadingProgressBar.2	Landroid/support/v4/widget/ContentLoadingProgressBar$2;	134490	134527	1	1
1430	ContentLoadingProgressBar	Landroid/support/v4/widget/ContentLoadingProgressBar;	134528	134675	3	4
1431	CursorAdapter.ChangeObserver	Landroid/support/v4/widget/CursorAdapter$ChangeObserver;	134676	134705	1	2
1432	CursorAdapter.MyDataSetObserver	Landroid/support/v4/widget/CursorAdapter$MyDataSetObserver;	134706	134747	1	2
1433	CursorFilter.CursorFilterClient	Landroid/support/v4/widget/CursorFilter$CursorFilterClient;	134748	134763	0	4
1434	CursorFilter	Landroid/support/v4/widget/CursorFilter;	134764	134834	1	3
1435	DirectedAcyclicGraph	Landroid/support/v4/widget/DirectedAcyclicGraph;	134835	135141	4	9
1436	DrawerLayout.1	Landroid/support/v4/widget/DrawerLayout$1;	135142	135172	1	1
1437	DrawerLayout.DrawerListener	Landroid/support/v4/widget/DrawerLayout$DrawerListener;	135173	135188	0	4
1438	DrawerLayout.LayoutParams	Landroid/support/v4/widget/DrawerLayout$LayoutParams;	135189	135266	6	0
1439	DrawerLayout.SavedState.1	Landroid/support/v4/widget/DrawerLayout$SavedState$1;	135267	135320	1	6
1440	DrawerLayout.ViewDragCallback.1	Landroid/support/v4/widget/DrawerLayout$ViewDragCallback$1;	135321	135342	1	1
1441	DrawerLayout	Landroid/support/v4/widget/DrawerLayout;	135343	138686	17	72
1442	EdgeEffectCompat	Landroid/support/v4/widget/EdgeEffectCompat;	138687	138798	2	8
1443	FocusStrategy.BoundsAdapter	Landroid/support/v4/widget/FocusStrategy$BoundsAdapter;	138799	138805	0	1
1444	FocusStrategy.CollectionAdapter	Landroid/support/v4/widget/FocusStrategy$CollectionAdapter;	138806	138815	0	2
1445	FocusStrategy.SequentialComparator	Landroid/support/v4/widget/FocusStrategy$SequentialComparator;	138816	138923	1	1
1446	FocusStrategy	Landroid/support/v4/widget/FocusStrategy;	138924	139510	16	0
1447	ImageViewCompat	Landroid/support/v4/widget/ImageViewCompat;	139511	139651	5	0
1448	ListPopupWindowCompat	Landroid/support/v4/widget/ListPopupWindowCompat;	139652	139682	3	0
1449	ListViewCompat	Landroid/support/v4/widget/ListViewCompat;	139683	139784	3	0
1450	NestedScrollView.OnScrollChangeListener	Landroid/support/v4/widget/NestedScrollView$OnScrollChangeListener;	139785	139791	0	1
1451	NestedScrollView.SavedState.1	Landroid/support/v4/widget/NestedScrollView$SavedState$1;	139792	139829	1	4
1452	NestedScrollView.SavedState	Landroid/support/v4/widget/NestedScrollView$SavedState;	139830	139899	3	2
1453	PopupMenuCompat	Landroid/support/v4/widget/PopupMenuCompat;	139900	139923	2	0
1454	PopupWindowCompat	Landroid/support/v4/widget/PopupWindowCompat;	139924	140142	6	0
1455	ScrollerCompat	Landroid/support/v4/widget/ScrollerCompat;	140143	140367	3	16
1456	SimpleCursorAdapter.CursorToStringConverter	Landroid/support/v4/widget/SimpleCursorAdapter$CursorToStringConverter;	140368	140374	0	1
1457	SimpleCursorAdapter.ViewBinder	Landroid/support/v4/widget/SimpleCursorAdapter$ViewBinder;	140375	140381	0	1
1458	SlidingPaneLayout.DisableLayerRunnable	Landroid/support/v4/widget/SlidingPaneLayout$DisableLayerRunnable;	140382	140427	1	1
1459	SlidingPaneLayout.LayoutParams	Landroid/support/v4/widget/SlidingPaneLayout$LayoutParams;	140428	140520	7	0
1460	SlidingPaneLayout.PanelSlideListener	Landroid/support/v4/widget/SlidingPaneLayout$PanelSlideListener;	140521	140533	0	3
1461	SlidingPaneLayout.SavedState.1	Landroid/support/v4/widget/SlidingPaneLayout$SavedState$1;	140534	140588	1	6
1462	SlidingPaneLayout	Landroid/support/v4/widget/SlidingPaneLayout;	140589	142848	8	48
1463	Space	Landroid/support/v4/widget/Space;	142849	142928	4	2
1464	SwipeRefreshLayout.1	Landroid/support/v4/widget/SwipeRefreshLayout$1;	142929	143003	1	3
1465	SwipeRefreshLayout.2	Landroid/support/v4/widget/SwipeRefreshLayout$2;	143004	143025	1	1
1466	SwipeRefreshLayout.3	Landroid/support/v4/widget/SwipeRefreshLayout$3;	143026	143049	1	1
1467	SwipeRefreshLayout.4	Landroid/support/v4/widget/SwipeRefreshLayout$4;	143050	143089	1	1
1468	SwipeRefreshLayout.5	Landroid/support/v4/widget/SwipeRefreshLayout$5;	143090	143125	1	3
1469	SwipeRefreshLayout.6	Landroid/support/v4/widget/SwipeRefreshLayout$6;	143126	143200	1	1
1470	SwipeRefreshLayout.7	Landroid/support/v4/widget/SwipeRefreshLayout$7;	143201	143222	1	1
1471	SwipeRefreshLayout.8	Landroid/support/v4/widget/SwipeRefreshLayout$8;	143223	143259	1	1
1472	SwipeRefreshLayout.OnChildScrollUpCallback	Landroid/support/v4/widget/SwipeRefreshLayout$OnChildScrollUpCallback;	143260	143266	0	1
1473	SwipeRefreshLayout.OnRefreshListener	Landroid/support/v4/widget/SwipeRefreshLayout$OnRefreshListener;	143267	143273	0	1
1474	TextViewCompat.AutoSizeTextType	Landroid/support/v4/widget/TextViewCompat$AutoSizeTextType;	143274	143276	0	0
1475	TextViewCompat.OreoCallback	Landroid/support/v4/widget/TextViewCompat$OreoCallback;	143277	143586	7	4
1476	TextViewCompat	Landroid/support/v4/widget/TextViewCompat;	143587	144473	30	0
1477	TintableCompoundButton	Landroid/support/v4/widget/TintableCompoundButton;	144474	144489	0	4
1478	TintableImageSourceView	Landroid/support/v4/widget/TintableImageSourceView;	144490	144505	0	4
1479	ViewDragHelper.1	Landroid/support/v4/widget/ViewDragHelper$1;	144506	144525	1	1
1480	ViewDragHelper.2	Landroid/support/v4/widget/ViewDragHelper$2;	144526	144548	1	1
1481	ViewDragHelper.Callback	Landroid/support/v4/widget/ViewDragHelper$Callback;	144549	144614	1	13
1482	ViewDragHelper	Landroid/support/v4/widget/ViewDragHelper;	144615	146807	23	28
1483	ViewGroupUtils	Landroid/support/v4/widget/ViewGroupUtils;	146808	146950	5	0
1484	R.attr	Landroid/support/v7/viewpager/R$attr;	146951	146959	1	0
1485	R.bool	Landroid/support/v7/viewpager/R$bool;	146960	146968	1	0
1486	R.color	Landroid/support/v7/viewpager/R$color;	146969	146977	1	0
1487	R.dimen	Landroid/support/v7/viewpager/R$dimen;	146978	146986	1	0
1488	R.drawable	Landroid/support/v7/viewpager/R$drawable;	146987	146995	1	0
1489	R.id	Landroid/support/v7/viewpager/R$id;	146996	147004	1	0
1490	R.integer	Landroid/support/v7/viewpager/R$integer;	147005	147013	1	0
1491	R.layout	Landroid/support/v7/viewpager/R$layout;	147014	147022	1	0
1492	R.menu	Landroid/support/v7/viewpager/R$menu;	147023	147031	1	0
1493	R.mipmap	Landroid/support/v7/viewpager/R$mipmap;	147032	147040	1	0
1494	R.plurals	Landroid/support/v7/viewpager/R$plurals;	147041	147049	1	0
1495	R.raw	Landroid/support/v7/viewpager/R$raw;	147050	147058	1	0
1496	R.string	Landroid/support/v7/viewpager/R$string;	147059	147067	1	0
1497	R.style	Landroid/support/v7/viewpager/R$style;	147068	147076	1	0
1498	R.styleable	Landroid/support/v7/viewpager/R$styleable;	147077	147111	2	0
1499	R.xml	Landroid/support/v7/viewpager/R$xml;	147112	147120	1	0
1500	R	Landroid/support/v7/viewpager/R;	147121	147129	1	0
1501	IconCompatParcelizer	Landroidx/core/graphics/drawable/IconCompatParcelizer;	147130	147252	3	0
1502	package-info	Landroidx/core/internal/package-info;	147253	147255	0	0
1503	NonParcelField	Landroidx/versionedparcelable/NonParcelField;	147256	147258	0	0
1504	ParcelField	Landroidx/versionedparcelable/ParcelField;	147259	147265	0	1
1505	ParcelImpl.1	Landroidx/versionedparcelable/ParcelImpl$1;	147266	147303	1	4
1506	ParcelImpl	Landroidx/versionedparcelable/ParcelImpl;	147304	147361	3	3
1507	ParcelUtils	Landroidx/versionedparcelable/ParcelUtils;	147362	147418	5	0
1508	R.attr	Landroidx/versionedparcelable/R$attr;	147419	147427	1	0
1509	R.bool	Landroidx/versionedparcelable/R$bool;	147428	147436	1	0
1510	R.color	Landroidx/versionedparcelable/R$color;	147437	147445	1	0
1511	R.dimen	Landroidx/versionedparcelable/R$dimen;	147446	147454	1	0
1512	R.drawable	Landroidx/versionedparcelable/R$drawable;	147455	147463	1	0
1513	R.id	Landroidx/versionedparcelable/R$id;	147464	147472	1	0
1514	R.integer	Landroidx/versionedparcelable/R$integer;	147473	147481	1	0
1515	R.layout	Landroidx/versionedparcelable/R$layout;	147482	147490	1	0
1516	R.menu	Landroidx/versionedparcelable/R$menu;	147491	147499	1	0
1517	R.mipmap	Landroidx/versionedparcelable/R$mipmap;	147500	147508	1	0
1518	R.plurals	Landroidx/versionedparcelable/R$plurals;	147509	147517	1	0
1519	R.raw	Landroidx/versionedparcelable/R$raw;	147518	147526	1	0
1520	R.string	Landroidx/versionedparcelable/R$string;	147527	147535	1	0
1521	R.style	Landroidx/versionedparcelable/R$style;	147536	147544	1	0
1522	R.styleable	Landroidx/versionedparcelable/R$styleable;	147545	147579	2	0
1523	R.xml	Landroidx/versionedparcelable/R$xml;	147580	147588	1	0
1524	R	Landroidx/versionedparcelable/R;	147589	147597	1	0
1525	VersionedParcel.1	Landroidx/versionedparcelable/VersionedParcel$1;	147598	147630	1	1
1526	VersionedParcel.ParcelException	Landroidx/versionedparcelable/VersionedParcel$ParcelException;	147631	147641	1	0
1527	VersionedParcel	Landroidx/versionedparcelable/VersionedParcel;	147642	149424	12	95
1528	VersionedParcelStream.FieldBuffer	Landroidx/versionedparcelable/VersionedParcelStream$FieldBuffer;	149425	149501	3	1
1529	VersionedParcelStream.InputBuffer	Landroidx/versionedparcelable/VersionedParcelStream$InputBuffer;	149502	149540	3	0
1530	VersionedParcelable	Landroidx/versionedparcelable/VersionedParcelable;	149541	149543	0	0
1531	VersionedParcelize	Landroidx/versionedparcelable/VersionedParcelize;	149544	149562	0	5
1532	BluetoothMetricsProto.1	Lcom/android/bluetooth/BluetoothMetricsProto$1;	149563	149649	1	0
1533	BluetoothMetricsProto	Lcom/android/bluetooth/BluetoothMetricsProto;	149650	149666	3	0
1534	BluetoothObexTransport	Lcom/android/bluetooth/BluetoothObexTransport;	149667	149798	1	14
1535	DeviceWorkArounds	Lcom/android/bluetooth/DeviceWorkArounds;	149799	149821	2	0
1536	IObexConnectionHandler	Lcom/android/bluetooth/IObexConnectionHandler;	149822	149831	0	2
1537	Manifest.permission	Lcom/android/bluetooth/Manifest$permission;	149832	149840	1	0
1538	Manifest	Lcom/android/bluetooth/Manifest;	149841	149849	1	0
1539	ObexRejectServer	Lcom/android/bluetooth/ObexRejectServer;	149850	149927	1	3
1540	ObexServerSockets.SocketAcceptThread	Lcom/android/bluetooth/ObexServerSockets$SocketAcceptThread;	149928	150093	1	2
1541	ObexServerSockets	Lcom/android/bluetooth/ObexServerSockets;	150094	150454	10	3
1542	R.attr	Lcom/android/bluetooth/R$attr;	150455	150463	1	0
1543	R.bool	Lcom/android/bluetooth/R$bool;	150464	150472	1	0
1544	R.color	Lcom/android/bluetooth/R$color;	150473	150481	1	0
1545	R.dimen	Lcom/android/bluetooth/R$dimen;	150482	150490	1	0
1546	R.drawable	Lcom/android/bluetooth/R$drawable;	150491	150499	1	0
1547	R.id	Lcom/android/bluetooth/R$id;	150500	150508	1	0
1548	R.integer	Lcom/android/bluetooth/R$integer;	150509	150517	1	0
1549	R.layout	Lcom/android/bluetooth/R$layout;	150518	150526	1	0
1550	R.menu	Lcom/android/bluetooth/R$menu;	150527	150535	1	0
1551	R.mipmap	Lcom/android/bluetooth/R$mipmap;	150536	150544	1	0
1552	R.plurals	Lcom/android/bluetooth/R$plurals;	150545	150553	1	0
1553	R.raw	Lcom/android/bluetooth/R$raw;	150554	150562	1	0
1554	R.string	Lcom/android/bluetooth/R$string;	150563	150571	1	0
1555	R.style	Lcom/android/bluetooth/R$style;	150572	150580	1	0
1556	R.styleable	Lcom/android/bluetooth/R$styleable;	150581	150615	2	0
1557	R.xml	Lcom/android/bluetooth/R$xml;	150616	150624	1	0
1558	R	Lcom/android/bluetooth/R;	150625	150633	1	0
1559	SignedLongLong	Lcom/android/bluetooth/SignedLongLong;	150634	150815	2	7
1560	Utils	Lcom/android/bluetooth/Utils;	150816	151569	36	0
1561	A2dpCodecConfig	Lcom/android/bluetooth/a2dp/A2dpCodecConfig;	151570	151822	2	4
1562	A2dpNativeInterface	Lcom/android/bluetooth/a2dp/A2dpNativeInterface;	151823	152129	18	6
1563	A2dpService.1	Lcom/android/bluetooth/a2dp/A2dpService$1;	152130	152132	0	0
1564	A2dpService.BondStateChangedReceiver	Lcom/android/bluetooth/a2dp/A2dpService$BondStateChangedReceiver;	152133	152182	2	1
1565	A2dpService.ConnectionStateChangedReceiver	Lcom/android/bluetooth/a2dp/A2dpService$ConnectionStateChangedReceiver;	152183	152233	2	1
1566	A2dpStackEvent	Lcom/android/bluetooth/a2dp/A2dpStackEvent;	152234	152399	3	1
1567	A2dpStateMachine.Connected	Lcom/android/bluetooth/a2dp/A2dpStateMachine$Connected;	152400	153020	4	3
1568	A2dpStateMachine.Connecting	Lcom/android/bluetooth/a2dp/A2dpStateMachine$Connecting;	153021	153423	2	3
1569	A2dpStateMachine.Disconnected	Lcom/android/bluetooth/a2dp/A2dpStateMachine$Disconnected;	153424	154005	2	3
1570	A2dpStateMachine.Disconnecting	Lcom/android/bluetooth/a2dp/A2dpStateMachine$Disconnecting;	154006	154474	2	3
1571	A2dpStateMachine	Lcom/android/bluetooth/a2dp/A2dpStateMachine;	154475	155438	34	10
1572	-..Lambda.A2dpSinkStreamHandler.PPcVodXV7oIPabVMroFxjVNhk2o	Lcom/android/bluetooth/a2dpsink/-$$Lambda$A2dpSinkStreamHandler$PPcVodXV7oIPabVMroFxjVNhk2o;	155439	155459	1	1
1573	A2dpSinkStateMachine.1	Lcom/android/bluetooth/a2dpsink/A2dpSinkStateMachine$1;	155460	155462	0	0
1574	A2dpSinkStateMachine.Connected	Lcom/android/bluetooth/a2dpsink/A2dpSinkStateMachine$Connected;	155463	156019	4	2
1575	A2dpSinkStateMachine.Disconnected	Lcom/android/bluetooth/a2dpsink/A2dpSinkStateMachine$Disconnected;	156020	156387	3	3
1576	A2dpSinkStateMachine.IntentBroadcastHandler	Lcom/android/bluetooth/a2dpsink/A2dpSinkStateMachine$IntentBroadcastHandler;	156388	156476	3	1
1577	A2dpSinkStateMachine.Pending	Lcom/android/bluetooth/a2dpsink/A2dpSinkStateMachine$Pending;	156477	157266	3	2
1578	A2dpSinkStateMachine.StackEvent	Lcom/android/bluetooth/a2dpsink/A2dpSinkStateMachine$StackEvent;	157267	157296	2	0
1579	A2dpSinkStateMachine	Lcom/android/bluetooth/a2dpsink/A2dpSinkStateMachine;	157297	158519	87	13
1580	A2dpSinkStreamHandler.1	Lcom/android/bluetooth/a2dpsink/A2dpSinkStreamHandler$1;	158520	158562	1	1
1581	A2dpSinkStreamHandler	Lcom/android/bluetooth/a2dpsink/A2dpSinkStreamHandler;	158563	159274	19	2
1582	A2dpMediaBrowserService.1	Lcom/android/bluetooth/a2dpsink/mbs/A2dpMediaBrowserService$1;	159275	159607	1	10
1583	A2dpMediaBrowserService.2	Lcom/android/bluetooth/a2dpsink/mbs/A2dpMediaBrowserService$2;	159608	159788	1	1
1584	A2dpMediaBrowserService.AvrcpCommandQueueHandler	Lcom/android/bluetooth/a2dpsink/mbs/A2dpMediaBrowserService$AvrcpCommandQueueHandler;	159789	159887	1	1
1585	A2dpMediaBrowserService	Lcom/android/bluetooth/a2dpsink/mbs/A2dpMediaBrowserService;	159888	160863	25	5
1586	AmazonBtPolicyManagerAdapter	Lcom/android/bluetooth/amznbtpolicymgr/AmazonBtPolicyManagerAdapter;	160864	161684	20	25
1587	AddressedMediaPlayer	Lcom/android/bluetooth/avrcp/AddressedMediaPlayer;	161685	163102	9	9
1588	Avrcp.1	Lcom/android/bluetooth/avrcp/Avrcp$1;	163103	163163	1	1
1589	Avrcp.2	Lcom/android/bluetooth/avrcp/Avrcp$2;	163164	163233	1	4
1590	Avrcp.AudioManagerPlaybackListener	Lcom/android/bluetooth/avrcp/Avrcp$AudioManagerPlaybackListener;	163234	163286	2	1
1591	Avrcp.AvrcpBrowseManager	Lcom/android/bluetooth/avrcp/Avrcp$AvrcpBrowseManager;	163287	163417	2	4
1592	Avrcp.AvrcpMessageHandler	Lcom/android/bluetooth/avrcp/Avrcp$AvrcpMessageHandler;	163418	164083	2	1
1593	Avrcp.AvrcpServiceBootReceiver	Lcom/android/bluetooth/avrcp/Avrcp$AvrcpServiceBootReceiver;	164084	164119	2	1
1594	Avrcp.AvrcpServiceBroadcastReceiver	Lcom/android/bluetooth/avrcp/Avrcp$AvrcpServiceBroadcastReceiver;	164120	164196	2	1
1595	Avrcp.MediaAttributes	Lcom/android/bluetooth/avrcp/Avrcp$MediaAttributes;	164197	164591	4	5
1596	Avrcp.MediaKeyLog	Lcom/android/bluetooth/avrcp/Avrcp$MediaKeyLog;	164592	164717	1	2
1597	Avrcp	Lcom/android/bluetooth/avrcp/Avrcp;	164718	169424	168	10
1598	AvrcpCmd.ElementAttrCmd	Lcom/android/bluetooth/avrcp/AvrcpCmd$ElementAttrCmd;	169425	169442	1	0
1599	AvrcpCmd.FolderItemsCmd	Lcom/android/bluetooth/avrcp/AvrcpCmd$FolderItemsCmd;	169443	169556	1	1
1600	AvrcpCmd.ItemAttrCmd	Lcom/android/bluetooth/avrcp/AvrcpCmd$ItemAttrCmd;	169557	169658	1	1
1601	AvrcpCmd	Lcom/android/bluetooth/avrcp/AvrcpCmd;	169659	169667	1	0
1602	AvrcpConstants	Lcom/android/bluetooth/avrcp/AvrcpConstants;	169668	169692	2	0
1603	AvrcpMediaRspInterface	Lcom/android/bluetooth/avrcp/AvrcpMediaRspInterface;	169693	169735	0	13
1604	AvrcpNativeInterface	Lcom/android/bluetooth/avrcp/AvrcpNativeInterface;	169736	170395	16	23
1605	AvrcpPassthrough	Lcom/android/bluetooth/avrcp/AvrcpPassthrough;	170396	170517	2	0
1606	AvrcpTargetService.1	Lcom/android/bluetooth/avrcp/AvrcpTargetService$1;	170518	170520	0	0
1607	AvrcpTargetService.AvrcpBroadcastReceiver	Lcom/android/bluetooth/avrcp/AvrcpTargetService$AvrcpBroadcastReceiver;	170521	170617	2	1
1608	AvrcpVolumeManager	Lcom/android/bluetooth/avrcp/AvrcpVolumeManager;	170618	171349	7	7
1609	BrowsablePlayerConnector.1	Lcom/android/bluetooth/avrcp/BrowsablePlayerConnector$1;	171350	171589	2	1
1610	BrowsablePlayerConnector.PlayerListCallback	Lcom/android/bluetooth/avrcp/BrowsablePlayerConnector$PlayerListCallback;	171590	171596	0	1
1611	BrowsablePlayerConnector	Lcom/android/bluetooth/avrcp/BrowsablePlayerConnector;	171597	171742	7	0
1612	BrowsePlayerInfo	Lcom/android/bluetooth/avrcp/BrowsePlayerInfo;	171743	171807	1	1
1613	BrowsedMediaPlayer.1	Lcom/android/bluetooth/avrcp/BrowsedMediaPlayer$1;	171808	171903	1	2
1614	BrowsedMediaPlayer.ItemAttribSubscriber	Lcom/android/bluetooth/avrcp/BrowsedMediaPlayer$ItemAttribSubscriber;	171904	172177	2	2
1615	BrowsedMediaPlayer.MediaConnectionCallback	Lcom/android/bluetooth/avrcp/BrowsedMediaPlayer$MediaConnectionCallback;	172178	172293	1	4
1616	BrowsedMediaPlayer	Lcom/android/bluetooth/avrcp/BrowsedMediaPlayer;	172294	173668	21	11
1617	BrowsedPlayerWrapper.1	Lcom/android/bluetooth/avrcp/BrowsedPlayerWrapper$1;	173669	173693	1	1
1618	BrowsedPlayerWrapper.BrowseCallback	Lcom/android/bluetooth/avrcp/BrowsedPlayerWrapper$BrowseCallback;	173694	173700	0	1
1619	BrowsedPlayerWrapper.ConnectionCallback	Lcom/android/bluetooth/avrcp/BrowsedPlayerWrapper$ConnectionCallback;	173701	173707	0	1
1620	BrowsedPlayerWrapper.ConnectionState	Lcom/android/bluetooth/avrcp/BrowsedPlayerWrapper$ConnectionState;	173708	173765	4	0
1621	BrowsedPlayerWrapper	Lcom/android/bluetooth/avrcp/BrowsedPlayerWrapper;	173766	174231	12	7
1622	EvictingQueue	Lcom/android/bluetooth/avrcp/EvictingQueue;	174232	174316	3	4
1623	Folder	Lcom/android/bluetooth/avrcp/Folder;	174317	174354	1	2
1624	FolderItemsData	Lcom/android/bluetooth/avrcp/FolderItemsData;	174355	174403	1	0
1625	FolderItemsRsp	Lcom/android/bluetooth/avrcp/FolderItemsRsp;	174404	174438	1	0
1626	ItemAttrRsp	Lcom/android/bluetooth/avrcp/ItemAttrRsp;	174439	174459	1	0
1627	ListItem	Lcom/android/bluetooth/avrcp/ListItem;	174460	174523	2	2
1628	MediaBrowser.ConnectionCallback	Lcom/android/bluetooth/avrcp/MediaBrowser$ConnectionCallback;	174524	174534	1	0
1629	MediaBrowser.ItemCallback	Lcom/android/bluetooth/avrcp/MediaBrowser$ItemCallback;	174535	174545	1	0
1630	MediaBrowser.SubscriptionCallback	Lcom/android/bluetooth/avrcp/MediaBrowser$SubscriptionCallback;	174546	174556	1	0
1631	MediaBrowser	Lcom/android/bluetooth/avrcp/MediaBrowser;	174557	174709	2	13
1632	MediaBrowserFactory	Lcom/android/bluetooth/avrcp/MediaBrowserFactory;	174710	174753	4	0
1633	MediaController.Callback	Lcom/android/bluetooth/avrcp/MediaController$Callback;	174754	174764	1	0
1634	MediaController.TransportControls	Lcom/android/bluetooth/avrcp/MediaController$TransportControls;	174765	175004	1	19
1635	MediaController	Lcom/android/bluetooth/avrcp/MediaController;	175005	175346	2	25
1636	MediaControllerFactory	Lcom/android/bluetooth/avrcp/MediaControllerFactory;	175347	175387	4	0
1637	MediaData	Lcom/android/bluetooth/avrcp/MediaData;	175388	175443	1	1
1638	MediaPlayerInfo	Lcom/android/bluetooth/avrcp/MediaPlayerInfo;	175444	175789	1	17
1639	MediaPlayerList.1	Lcom/android/bluetooth/avrcp/MediaPlayerList$1;	175790	175886	1	1
1640	MediaPlayerList.2	Lcom/android/bluetooth/avrcp/MediaPlayerList$2;	175887	175997	1	1
1641	MediaPlayerList.4	Lcom/android/bluetooth/avrcp/MediaPlayerList$4;	175998	176133	1	4
1642	MediaPlayerList.FolderUpdateCallback	Lcom/android/bluetooth/avrcp/MediaPlayerList$FolderUpdateCallback;	176134	176140	0	1
1643	MediaPlayerList.GetFolderItemsCallback	Lcom/android/bluetooth/avrcp/MediaPlayerList$GetFolderItemsCallback;	176141	176147	0	1
1644	MediaPlayerList.GetPlayerRootCallback	Lcom/android/bluetooth/avrcp/MediaPlayerList$GetPlayerRootCallback;	176148	176154	0	1
1645	MediaPlayerList.MediaUpdateCallback	Lcom/android/bluetooth/avrcp/MediaPlayerList$MediaUpdateCallback;	176155	176161	0	1
1646	MediaPlayerList	Lcom/android/bluetooth/avrcp/MediaPlayerList;	176162	177766	17	18
1647	MediaPlayerListRsp	Lcom/android/bluetooth/avrcp/MediaPlayerListRsp;	177767	177815	1	0
1648	MediaPlayerWrapper.Callback	Lcom/android/bluetooth/avrcp/MediaPlayerWrapper$Callback;	177816	177822	0	1
1649	MediaPlayerWrapper.TimeoutHandler	Lcom/android/bluetooth/avrcp/MediaPlayerWrapper$TimeoutHandler;	177823	177951	1	1
1650	MediaPlayerWrapper	Lcom/android/bluetooth/avrcp/MediaPlayerWrapper;	177952	178872	13	22
1651	Metadata	Lcom/android/bluetooth/avrcp/Metadata;	178873	179029	1	4
1652	PlayStatus	Lcom/android/bluetooth/avrcp/PlayStatus;	179030	179125	3	1
1653	PlayerInfo	Lcom/android/bluetooth/avrcp/PlayerInfo;	179126	179134	1	0
1654	Util	Lcom/android/bluetooth/avrcp/Util;	179135	179697	12	0
1655	AvrcpControllerStateMachine.1	Lcom/android/bluetooth/avrcpcontroller/AvrcpControllerStateMachine$1;	179698	179735	1	1
1656	AvrcpControllerStateMachine.CmdState	Lcom/android/bluetooth/avrcpcontroller/AvrcpControllerStateMachine$CmdState;	179736	179769	1	2
1657	AvrcpControllerStateMachine.Connected	Lcom/android/bluetooth/avrcpcontroller/AvrcpControllerStateMachine$Connected;	179770	180499	1	1
1658	AvrcpControllerStateMachine.Disconnected	Lcom/android/bluetooth/avrcpcontroller/AvrcpControllerStateMachine$Disconnected;	180500	180622	1	1
1659	AvrcpControllerStateMachine	Lcom/android/bluetooth/avrcpcontroller/AvrcpControllerStateMachine;	180623	181827	45	8
1660	AvrcpPlayer	Lcom/android/bluetooth/avrcpcontroller/AvrcpPlayer;	181828	181996	2	8
1661	BrowseTree.BrowseNode	Lcom/android/bluetooth/avrcpcontroller/BrowseTree$BrowseNode;	181997	182311	2	12
1662	BrowseTree	Lcom/android/bluetooth/avrcpcontroller/BrowseTree;	182312	182888	3	15
1663	PlayerApplicationSettings	Lcom/android/bluetooth/avrcpcontroller/PlayerApplicationSettings;	182889	183385	6	5
1664	RemoteDevice	Lcom/android/bluetooth/avrcpcontroller/RemoteDevice;	183386	183510	1	8
1665	TrackInfo	Lcom/android/bluetooth/avrcpcontroller/TrackInfo;	183511	183949	3	3
1666	-..Lambda.MetricsLogger.LrkJFe4YP5g-sc0rXJgTGXS3PRE	Lcom/android/bluetooth/btservice/-$$Lambda$MetricsLogger$LrkJFe4YP5g-sc0rXJgTGXS3PRE;	183950	183984	2	1
1667	-..Lambda.MetricsLogger.hpfdq7OwithG_Jc8upyFvO5SRk8	Lcom/android/bluetooth/btservice/-$$Lambda$MetricsLogger$hpfdq7OwithG_Jc8upyFvO5SRk8;	183985	184007	1	1
1668	AbstractionLayer	Lcom/android/bluetooth/btservice/AbstractionLayer;	184008	184016	1	0
1669	ActiveDeviceManager.1	Lcom/android/bluetooth/btservice/ActiveDeviceManager$1;	184017	184173	1	1
1670	ActiveDeviceManager.ActiveDeviceManagerHandler	Lcom/android/bluetooth/btservice/ActiveDeviceManager$ActiveDeviceManagerHandler;	184174	184501	1	1
1671	ActiveDeviceManager.AudioManagerAudioDeviceCallback	Lcom/android/bluetooth/btservice/ActiveDeviceManager$AudioManagerAudioDeviceCallback;	184502	184588	3	2
1672	ActiveDeviceManager	Lcom/android/bluetooth/btservice/ActiveDeviceManager;	184589	184997	18	8
1673	AdapterApp	Lcom/android/bluetooth/btservice/AdapterApp;	184998	185106	2	2
1674	AdapterProperties.1	Lcom/android/bluetooth/btservice/AdapterProperties$1;	185107	185322	1	1
1675	AdapterProperties.2	Lcom/android/bluetooth/btservice/AdapterProperties$2;	185323	185402	1	1
1676	AdapterProperties	Lcom/android/bluetooth/btservice/AdapterProperties;	185403	189035	18	58
1677	AdapterService.2	Lcom/android/bluetooth/btservice/AdapterService$2;	189036	189078	1	2
1678	AdapterService.3	Lcom/android/bluetooth/btservice/AdapterService$3;	189079	189108	1	1
1679	AdapterService.4	Lcom/android/bluetooth/btservice/AdapterService$4;	189109	189136	1	1
1680	AdapterService.5	Lcom/android/bluetooth/btservice/AdapterService$5;	189137	189160	1	1
1681	AdapterService.6	Lcom/android/bluetooth/btservice/AdapterService$6;	189161	189192	1	1
1682	AdapterService.7	Lcom/android/bluetooth/btservice/AdapterService$7;	189193	189292	1	1
1683	AdapterService.8	Lcom/android/bluetooth/btservice/AdapterService$8;	189293	189423	1	1
1684	AdapterService.AdapterServiceBinder	Lcom/android/bluetooth/btservice/AdapterService$AdapterServiceBinder;	189424	190788	1	72
1685	AdapterService.AdapterServiceBinderExtended	Lcom/android/bluetooth/btservice/AdapterService$AdapterServiceBinderExtended;	190789	191194	1	19
1686	AdapterService.AdapterServiceHandler	Lcom/android/bluetooth/btservice/AdapterService$AdapterServiceHandler;	191195	191682	4	1
1687	AdapterService	Lcom/android/bluetooth/btservice/AdapterService;	191683	196228	80	128
1688	AdapterState.1	Lcom/android/bluetooth/btservice/AdapterState$1;	196229	196231	0	0
1689	AdapterState.BaseAdapterState	Lcom/android/bluetooth/btservice/AdapterState$BaseAdapterState;	196232	196329	2	4
1690	AdapterState	Lcom/android/bluetooth/btservice/AdapterState;	196330	196614	21	3
1691	BondStateMachine.1	Lcom/android/bluetooth/btservice/BondStateMachine$1;	196615	196617	0	0
1692	BondStateMachine.PendingCommandState	Lcom/android/bluetooth/btservice/BondStateMachine$PendingCommandState;	196618	196977	2	2
1693	BondStateMachine.StableState	Lcom/android/bluetooth/btservice/BondStateMachine$StableState;	196978	197189	2	2
1694	BondStateMachine	Lcom/android/bluetooth/btservice/BondStateMachine;	197190	198928	31	7
1695	Config.ProfileConfig	Lcom/android/bluetooth/btservice/Config$ProfileConfig;	198929	198945	1	0
1696	Config	Lcom/android/bluetooth/btservice/Config;	198946	199298	7	0
1697	JniCallbacks	Lcom/android/bluetooth/btservice/JniCallbacks;	199299	199459	1	13
1698	MetricsLogger	Lcom/android/bluetooth/btservice/MetricsLogger;	199460	199547	6	0
1699	PhonePolicy.1	Lcom/android/bluetooth/btservice/PhonePolicy$1;	199548	199708	1	1
1700	PhonePolicy.PhonePolicyHandler	Lcom/android/bluetooth/btservice/PhonePolicy$PhonePolicyHandler;	199709	199852	1	1
1701	PhonePolicy	Lcom/android/bluetooth/btservice/PhonePolicy;	199853	201238	33	4
1702	ProfileObserver.AdapterStateObserver	Lcom/android/bluetooth/btservice/ProfileObserver$AdapterStateObserver;	201239	201275	1	1
1703	ProfileObserver	Lcom/android/bluetooth/btservice/ProfileObserver;	201276	201375	3	3
1704	ProfileService.1	Lcom/android/bluetooth/btservice/ProfileService$1;	201376	201462	1	1
1705	ProfileService.IProfileServiceBinder	Lcom/android/bluetooth/btservice/ProfileService$IProfileServiceBinder;	201463	201469	0	1
1706	ProfileService	Lcom/android/bluetooth/btservice/ProfileService;	201470	201879	6	17
1707	RemoteDevices.1	Lcom/android/bluetooth/btservice/RemoteDevices$1;	201880	201977	1	1
1708	RemoteDevices.DeviceProperties	Lcom/android/bluetooth/btservice/RemoteDevices$DeviceProperties;	201978	202822	23	25
1709	RemoteDevices.RemoteDevicesHandler	Lcom/android/bluetooth/btservice/RemoteDevices$RemoteDevicesHandler;	202823	202852	1	1
1710	RemoteDevices	Lcom/android/bluetooth/btservice/RemoteDevices;	202853	204881	18	22
1711	ServiceFactory	Lcom/android/bluetooth/btservice/ServiceFactory;	204882	204939	1	7
1712	AdvertiseHelper	Lcom/android/bluetooth/gatt/AdvertiseHelper;	204940	205229	2	0
1713	AdvertiseManager.AdvertiserInfo	Lcom/android/bluetooth/gatt/AdvertiseManager$AdvertiserInfo;	205230	205247	1	0
1714	AdvertiseManager.AdvertisingSetDeathRecipient	Lcom/android/bluetooth/gatt/AdvertiseManager$AdvertisingSetDeathRecipient;	205248	205279	1	1
1715	AdvertiseManager	Lcom/android/bluetooth/gatt/AdvertiseManager;	205280	206294	16	23
1716	AdvtFilterOnFoundOnLostInfo	Lcom/android/bluetooth/gatt/AdvtFilterOnFoundOnLostInfo;	206295	206459	1	14
1717	AppScanStats.LastScan	Lcom/android/bluetooth/gatt/AppScanStats$LastScan;	206460	206493	1	0
1718	AppScanStats	Lcom/android/bluetooth/gatt/AppScanStats;	206494	207910	4	11
1719	CallbackInfo	Lcom/android/bluetooth/gatt/CallbackInfo;	207911	207938	2	0
1720	ContextMap.App	Lcom/android/bluetooth/gatt/ContextMap$App;	207939	208066	1	4
1721	ContextMap.Connection	Lcom/android/bluetooth/gatt/ContextMap$Connection;	208067	208088	1	0
1722	ContextMap	Lcom/android/bluetooth/gatt/ContextMap;	208089	208859	1	21
1723	FilterParams	Lcom/android/bluetooth/gatt/FilterParams;	208860	208978	1	12
1724	FosGattService.1	Lcom/android/bluetooth/gatt/FosGattService$1;	208979	208981	0	0
1725	FosGattService.AmazonClientMap.FosApp	Lcom/android/bluetooth/gatt/FosGattService$AmazonClientMap$FosApp;	208982	209140	2	18
1726	GattDbElement	Lcom/android/bluetooth/gatt/GattDbElement;	209141	209215	6	0
1727	GattDebugUtils	Lcom/android/bluetooth/gatt/GattDebugUtils;	209216	209609	5	0
1728	GattService.1	Lcom/android/bluetooth/gatt/GattService$1;	209610	209634	1	1
1729	GattService.ClientDeathRecipient	Lcom/android/bluetooth/gatt/GattService$ClientDeathRecipient;	209635	209680	1	1
1730	GattService.PendingIntentInfo	Lcom/android/bluetooth/gatt/GattService$PendingIntentInfo;	209681	209711	1	1
1731	GattService.ScannerDeathRecipient	Lcom/android/bluetooth/gatt/GattService$ScannerDeathRecipient;	209712	209816	2	1
1732	GattService.ServerDeathRecipient	Lcom/android/bluetooth/gatt/GattService$ServerDeathRecipient;	209817	209862	1	1
1733	GattServiceConfig	Lcom/android/bluetooth/gatt/GattServiceConfig;	209863	209886	2	0
1734	HandleMap.Entry	Lcom/android/bluetooth/gatt/HandleMap$Entry;	209887	210060	4	0
1735	HandleMap	Lcom/android/bluetooth/gatt/HandleMap;	210061	210509	2	13
1736	PeriodicScanManager.SyncDeathRecipient	Lcom/android/bluetooth/gatt/PeriodicScanManager$SyncDeathRecipient;	210510	210541	1	1
1737	PeriodicScanManager.SyncInfo	Lcom/android/bluetooth/gatt/PeriodicScanManager$SyncInfo;	210542	210559	1	0
1738	PeriodicScanManager	Lcom/android/bluetooth/gatt/PeriodicScanManager;	210560	210971	8	9
1739	ScanClient	Lcom/android/bluetooth/gatt/ScanClient;	210972	211118	6	2
1740	ScanFilterQueue.Entry	Lcom/android/bluetooth/gatt/ScanFilterQueue$Entry;	211119	211130	1	0
1741	ScanFilterQueue	Lcom/android/bluetooth/gatt/ScanFilterQueue;	211131	211550	3	15
1742	ScanManager.1	Lcom/android/bluetooth/gatt/ScanManager$1;	211551	211599	1	3
1743	ScanManager.2	Lcom/android/bluetooth/gatt/ScanManager$2;	211600	211644	1	1
1744	ScanManager.3	Lcom/android/bluetooth/gatt/ScanManager$3;	211645	211693	1	1
1745	ScanManager.BatchScanParams	Lcom/android/bluetooth/gatt/ScanManager$BatchScanParams;	211694	211750	1	1
1746	ScanManager.ClientHandler	Lcom/android/bluetooth/gatt/ScanManager$ClientHandler;	211751	212310	3	6
1747	ScanManager.ScanNative.1	Lcom/android/bluetooth/gatt/ScanManager$ScanNative$1;	212311	212391	1	1
1748	ScanManager.ScanNative	Lcom/android/bluetooth/gatt/ScanManager$ScanNative;	212392	214158	50	12
1749	ScanManager.UidImportance	Lcom/android/bluetooth/gatt/ScanManager$UidImportance;	214159	214174	1	0
1750	ScanManager	Lcom/android/bluetooth/gatt/ScanManager;	214175	214863	30	14
1751	HealthService.1	Lcom/android/bluetooth/hdp/HealthService$1;	214864	214866	0	0
1752	HealthService.AppInfo	Lcom/android/bluetooth/hdp/HealthService$AppInfo;	214867	214987	9	0
1753	HealthService.BluetoothHealthDeathRecipient	Lcom/android/bluetooth/hdp/HealthService$BluetoothHealthDeathRecipient;	214988	215028	1	2
1754	HealthService.ChannelStateEvent	Lcom/android/bluetooth/hdp/HealthService$ChannelStateEvent;	215029	215058	2	0
1755	HealthService.HealthChannel	Lcom/android/bluetooth/hdp/HealthService$HealthChannel;	215059	215147	10	0
1756	HealthService.HealthServiceMessageHandler	Lcom/android/bluetooth/hdp/HealthService$HealthServiceMessageHandler;	215148	215573	2	1
1757	HearingAidNativeInterface	Lcom/android/bluetooth/hearingaid/HearingAidNativeInterface;	215574	215795	15	6
1758	HearingAidService.1	Lcom/android/bluetooth/hearingaid/HearingAidService$1;	215796	215798	0	0
1759	HearingAidService.BondStateChangedReceiver	Lcom/android/bluetooth/hearingaid/HearingAidService$BondStateChangedReceiver;	215799	215848	2	1
1760	HearingAidService.ConnectionStateChangedReceiver	Lcom/android/bluetooth/hearingaid/HearingAidService$ConnectionStateChangedReceiver;	215849	215900	2	1
1761	HearingAidService.ScreenStateChangedReceiver	Lcom/android/bluetooth/hearingaid/HearingAidService$ScreenStateChangedReceiver;	215901	216043	1	1
1762	HearingAidStackEvent	Lcom/android/bluetooth/hearingaid/HearingAidStackEvent;	216044	216150	2	1
1763	HearingAidStateMachine.Connected	Lcom/android/bluetooth/hearingaid/HearingAidStateMachine$Connected;	216151	216530	2	3
1764	HearingAidStateMachine.Connecting	Lcom/android/bluetooth/hearingaid/HearingAidStateMachine$Connecting;	216531	216959	2	3
1765	HearingAidStateMachine.Disconnected	Lcom/android/bluetooth/hearingaid/HearingAidStateMachine$Disconnected;	216960	217502	2	3
1766	HearingAidStateMachine.Disconnecting	Lcom/android/bluetooth/hearingaid/HearingAidStateMachine$Disconnecting;	217503	217951	2	3
1767	HearingAidStateMachine	Lcom/android/bluetooth/hearingaid/HearingAidStateMachine;	217952	218399	23	7
1768	-..Lambda.HeadsetPhoneState.PhkP8yRfFvywPJdLGUZ18uDzxJ8	Lcom/android/bluetooth/hfp/-$$Lambda$HeadsetPhoneState$PhkP8yRfFvywPJdLGUZ18uDzxJ8;	218400	218426	2	1
1769	-..Lambda.HeadsetService.X-6qVEhmJhTkG3uzSTJxyJanRg8	Lcom/android/bluetooth/hfp/-$$Lambda$HeadsetService$X-6qVEhmJhTkG3uzSTJxyJanRg8;	218427	218459	1	1
1770	-..Lambda.HeadsetService.nMnRTe8Yibs-I9WG36QYpyp5k2A	Lcom/android/bluetooth/hfp/-$$Lambda$HeadsetService$nMnRTe8Yibs-I9WG36QYpyp5k2A;	218460	218484	1	1
1771	-..Lambda.HeadsetStateMachine.Disconnected.-mNaaz94NnZzh1U9fBYMQFwvbrU	Lcom/android/bluetooth/hfp/-$$Lambda$HeadsetStateMachine$Disconnected$-mNaaz94NnZzh1U9fBYMQFwvbrU;	218485	218505	1	1
1772	-..Lambda.zZhcclBCEMTE1UUJjcoEJjXmX_8	Lcom/android/bluetooth/hfp/-$$Lambda$zZhcclBCEMTE1UUJjcoEJjXmX_8;	218506	218532	2	1
1773	AtPhonebook.1	Lcom/android/bluetooth/hfp/AtPhonebook$1;	218533	218535	0	0
1774	AtPhonebook.PhonebookResult	Lcom/android/bluetooth/hfp/AtPhonebook$PhonebookResult;	218536	218553	2	0
1775	AtPhonebook	Lcom/android/bluetooth/hfp/AtPhonebook;	218554	219893	10	10
1776	BluetoothCmeError	Lcom/android/bluetooth/hfp/BluetoothCmeError;	219894	219902	1	0
1777	HeadsetHalConstants	Lcom/android/bluetooth/hfp/HeadsetHalConstants;	219903	219911	1	0
1778	HeadsetMessageObject	Lcom/android/bluetooth/hfp/HeadsetMessageObject;	219912	219935	1	2
1779	HeadsetNativeInterface	Lcom/android/bluetooth/hfp/HeadsetNativeInterface;	219936	220518	44	20
1780	HeadsetObjectsFactory	Lcom/android/bluetooth/hfp/HeadsetObjectsFactory;	220519	220612	4	4
1781	HeadsetPhoneState.HeadsetPhoneStateListener.1	Lcom/android/bluetooth/hfp/HeadsetPhoneState$HeadsetPhoneStateListener$1;	220613	220666	1	1
1782	HeadsetPhoneState.HeadsetPhoneStateListener	Lcom/android/bluetooth/hfp/HeadsetPhoneState$HeadsetPhoneStateListener;	220667	220963	3	2
1783	HeadsetPhoneState.HeadsetPhoneStateOnSubscriptionChangedListener	Lcom/android/bluetooth/hfp/HeadsetPhoneState$HeadsetPhoneStateOnSubscriptionChangedListener;	220964	220996	1	1
1784	HeadsetPhoneState	Lcom/android/bluetooth/hfp/HeadsetPhoneState;	220997	221636	21	17
1785	HeadsetService.1	Lcom/android/bluetooth/hfp/HeadsetService$1;	221637	222044	2	1
1786	HeadsetService.DialingOutTimeoutEvent	Lcom/android/bluetooth/hfp/HeadsetService$DialingOutTimeoutEvent;	222045	222116	2	2
1787	HeadsetService.StateMachineTask	Lcom/android/bluetooth/hfp/HeadsetService$StateMachineTask;	222117	222123	0	1
1788	HeadsetService.VoiceRecognitionTimeoutEvent	Lcom/android/bluetooth/hfp/HeadsetService$VoiceRecognitionTimeoutEvent;	222124	222215	2	2
1789	HeadsetStateMachine.1	Lcom/android/bluetooth/hfp/HeadsetStateMachine$1;	222216	222218	0	0
1790	HeadsetStateMachine.HeadsetStateBase	Lcom/android/bluetooth/hfp/HeadsetStateMachine$HeadsetStateBase;	222219	223082	2	16
1791	HeadsetStateMachine	Lcom/android/bluetooth/hfp/HeadsetStateMachine;	223083	225744	90	8
1792	HeadsetSystemInterface.1	Lcom/android/bluetooth/hfp/HeadsetSystemInterface$1;	225745	225805	1	2
1793	HeadsetSystemInterface	Lcom/android/bluetooth/hfp/HeadsetSystemInterface;	225806	226355	5	18
1794	HeadsetClientHalConstants	Lcom/android/bluetooth/hfpclient/HeadsetClientHalConstants;	226356	226364	1	0
1795	HeadsetClientService.1	Lcom/android/bluetooth/hfpclient/HeadsetClientService$1;	226365	226483	1	1
1796	HeadsetClientStateMachine.AudioOn	Lcom/android/bluetooth/hfpclient/HeadsetClientStateMachine$AudioOn;	226484	226878	3	3
1797	HeadsetClientStateMachine.Connected	Lcom/android/bluetooth/hfpclient/HeadsetClientStateMachine$Connected;	226879	228295	3	3
1798	HeadsetClientStateMachine.Connecting	Lcom/android/bluetooth/hfpclient/HeadsetClientStateMachine$Connecting;	228296	228771	2	3
1799	HeadsetClientStateMachine.Disconnected	Lcom/android/bluetooth/hfpclient/HeadsetClientStateMachine$Disconnected;	228772	229201	2	3
1800	HeadsetClientStateMachine	Lcom/android/bluetooth/hfpclient/HeadsetClientStateMachine;	229202	231599	83	15
1801	HeadsetClientStateMachineFactory	Lcom/android/bluetooth/hfpclient/HeadsetClientStateMachineFactory;	231600	231618	1	1
1802	NativeInterface	Lcom/android/bluetooth/hfpclient/NativeInterface;	231619	232789	43	0
1803	StackEvent	Lcom/android/bluetooth/hfpclient/StackEvent;	232790	232989	2	1
1804	HfpClientConference	Lcom/android/bluetooth/hfpclient/connserv/HfpClientConference;	232990	233182	1	7
1805	HfpClientConnection	Lcom/android/bluetooth/hfpclient/connserv/HfpClientConnection;	233183	233962	3	21
1806	HfpClientConnectionService.1	Lcom/android/bluetooth/hfpclient/connserv/HfpClientConnectionService$1;	233963	234139	1	1
1807	HfpClientConnectionService.2	Lcom/android/bluetooth/hfpclient/connserv/HfpClientConnectionService$2;	234140	234237	1	2
1808	HfpClientConnectionService	Lcom/android/bluetooth/hfpclient/connserv/HfpClientConnectionService;	234238	234845	9	10
1809	HfpClientDeviceBlock	Lcom/android/bluetooth/hfpclient/connserv/HfpClientDeviceBlock;	234846	235698	7	6
1810	HidDeviceNativeInterface	Lcom/android/bluetooth/hid/HidDeviceNativeInterface;	235699	236023	24	10
1811	HidDeviceService.1	Lcom/android/bluetooth/hid/HidDeviceService$1;	236024	236059	1	1
1812	HidDeviceService.BluetoothHidDeviceDeathRecipient	Lcom/android/bluetooth/hid/HidDeviceService$BluetoothHidDeviceDeathRecipient;	236060	236095	1	2
1813	HidDeviceService.HidDeviceServiceHandler	Lcom/android/bluetooth/hid/HidDeviceService$HidDeviceServiceHandler;	236096	236464	2	1
1814	HidHostService.1	Lcom/android/bluetooth/hid/HidHostService$1;	236465	236975	1	1
1815	BluetoothMapAccountItem	Lcom/android/bluetooth/map/BluetoothMapAccountItem;	236976	237407	3	15
1816	BluetoothMapAccountLoader	Lcom/android/bluetooth/map/BluetoothMapAccountLoader;	237408	237961	1	4
1817	BluetoothMapAppObserver.1	Lcom/android/bluetooth/map/BluetoothMapAppObserver$1;	237962	237999	1	2
1818	BluetoothMapAppObserver.2	Lcom/android/bluetooth/map/BluetoothMapAppObserver$2;	238000	238232	1	1
1819	BluetoothMapAppObserver	Lcom/android/bluetooth/map/BluetoothMapAppObserver;	238233	238781	13	5
1820	BluetoothMapAppParams	Lcom/android/bluetooth/map/BluetoothMapAppParams;	238782	241977	4	101
1821	BluetoothMapContent.1	Lcom/android/bluetooth/map/BluetoothMapContent$1;	241978	242037	1	0
1822	BluetoothMapContent.FilterInfo	Lcom/android/bluetooth/map/BluetoothMapContent$FilterInfo;	242038	242487	2	7
1823	BluetoothMapContent	Lcom/android/bluetooth/map/BluetoothMapContent;	242488	251522	73	17
1824	BluetoothMapContentObserver.1	Lcom/android/bluetooth/map/BluetoothMapContentObserver$1;	251523	251580	1	2
1825	BluetoothMapContentObserver.2	Lcom/android/bluetooth/map/BluetoothMapContentObserver$2;	251581	251620	1	1
1826	BluetoothMapContentObserver.CeBroadcastReceiver	Lcom/android/bluetooth/map/BluetoothMapContentObserver$CeBroadcastReceiver;	251621	251774	2	3
1827	BluetoothMapContentObserver.ConvoContactInfo	Lcom/android/bluetooth/map/BluetoothMapContentObserver$ConvoContactInfo;	251775	251894	2	1
1828	BluetoothMapContentObserver.Event	Lcom/android/bluetooth/map/BluetoothMapContentObserver$Event;	251895	252527	6	1
1829	BluetoothMapContentObserver.Msg	Lcom/android/bluetooth/map/BluetoothMapContentObserver$Msg;	252528	252633	2	2
1830	BluetoothMapContentObserver.PushMsgInfo	Lcom/android/bluetooth/map/BluetoothMapContentObserver$PushMsgInfo;	252634	252667	1	0
1831	BluetoothMapContentObserver.SmsBroadcastReceiver	Lcom/android/bluetooth/map/BluetoothMapContentObserver$SmsBroadcastReceiver;	252668	253213	4	3
1832	BluetoothMapContentObserver	Lcom/android/bluetooth/map/BluetoothMapContentObserver;	253214	261412	68	20
1833	BluetoothMapConvoContactElement	Lcom/android/bluetooth/map/BluetoothMapConvoContactElement;	261413	262017	4	24
1834	BluetoothMapConvoListing	Lcom/android/bluetooth/map/BluetoothMapConvoListing;	262018	262342	2	9
1835	BluetoothMapConvoListingElement	Lcom/android/bluetooth/map/BluetoothMapConvoListingElement;	262343	263097	5	32
1836	BluetoothMapFolderElement	Lcom/android/bluetooth/map/BluetoothMapFolderElement;	263098	263885	3	27
1837	BluetoothMapMessageListing	Lcom/android/bluetooth/map/BluetoothMapMessageListing;	263886	264126	1	7
1838	BluetoothMapMessageListingElement	Lcom/android/bluetooth/map/BluetoothMapMessageListingElement;	264127	264816	1	50
1839	BluetoothMapObexServer	Lcom/android/bluetooth/map/BluetoothMapObexServer;	264817	267589	22	11
1840	BluetoothMapService.1	Lcom/android/bluetooth/map/BluetoothMapService$1;	267590	267592	0	0
1841	BluetoothMapService.MapBroadcastReceiver	Lcom/android/bluetooth/map/BluetoothMapService$MapBroadcastReceiver;	267593	268001	2	1
1842	BluetoothMapService.MapServiceMessageHandler	Lcom/android/bluetooth/map/BluetoothMapService$MapServiceMessageHandler;	268002	268279	2	1
1843	BluetoothMapSettings	Lcom/android/bluetooth/map/BluetoothMapSettings;	268280	268329	1	1
1844	BluetoothMapSettingsAdapter.1	Lcom/android/bluetooth/map/BluetoothMapSettingsAdapter$1;	268330	268373	1	1
1845	BluetoothMapSettingsAdapter.2	Lcom/android/bluetooth/map/BluetoothMapSettingsAdapter$2;	268374	268547	1	1
1846	BluetoothMapSettingsAdapter.3.1	Lcom/android/bluetooth/map/BluetoothMapSettingsAdapter$3$1;	268548	268578	1	1
1847	BluetoothMapSettingsAdapter.3	Lcom/android/bluetooth/map/BluetoothMapSettingsAdapter$3;	268579	268663	1	1
1848	BluetoothMapSettingsAdapter.ChildHolder	Lcom/android/bluetooth/map/BluetoothMapSettingsAdapter$ChildHolder;	268664	268681	2	0
1849	BluetoothMapSettingsAdapter.GroupHolder	Lcom/android/bluetooth/map/BluetoothMapSettingsAdapter$GroupHolder;	268682	268699	2	0
1850	BluetoothMapSettingsAdapter	Lcom/android/bluetooth/map/BluetoothMapSettingsAdapter;	268700	269224	12	15
1851	BluetoothMapSettingsDataHolder	Lcom/android/bluetooth/map/BluetoothMapSettingsDataHolder;	269225	269242	2	0
1852	BluetoothMapSmsPdu.SmsPdu	Lcom/android/bluetooth/map/BluetoothMapSmsPdu$SmsPdu;	269243	269958	9	17
1853	BluetoothMapSmsPdu	Lcom/android/bluetooth/map/BluetoothMapSmsPdu;	269959	270462	8	0
1854	BluetoothMapUtils.1	Lcom/android/bluetooth/map/BluetoothMapUtils$1;	270463	270531	1	0
1855	BluetoothMapUtils.TYPE	Lcom/android/bluetooth/map/BluetoothMapUtils$TYPE;	270532	270625	5	0
1856	BluetoothMapUtils	Lcom/android/bluetooth/map/BluetoothMapUtils;	270626	271623	17	0
1857	BluetoothMapbMessage.1	Lcom/android/bluetooth/map/BluetoothMapbMessage$1;	271624	271683	1	0
1858	BluetoothMapbMessage.BMsgReader	Lcom/android/bluetooth/map/BluetoothMapbMessage$BMsgReader;	271684	271924	2	5
1859	BluetoothMapbMessage.VCard	Lcom/android/bluetooth/map/BluetoothMapbMessage$VCard;	271925	272567	6	7
1860	BluetoothMapbMessage	Lcom/android/bluetooth/map/BluetoothMapbMessage;	272568	273939	4	25
1861	BluetoothMapbMessageMime.MimePart	Lcom/android/bluetooth/map/BluetoothMapbMessageMime$MimePart;	273940	274297	1	3
1862	BluetoothMnsObexClient.1	Lcom/android/bluetooth/map/BluetoothMnsObexClient$1;	274298	274300	0	0
1863	BluetoothMnsObexClient.MnsObexClientHandler	Lcom/android/bluetooth/map/BluetoothMnsObexClient$MnsObexClientHandler;	274301	274392	2	1
1864	BluetoothMnsObexClient.MnsSdpSearchInfo	Lcom/android/bluetooth/map/BluetoothMnsObexClient$MnsSdpSearchInfo;	274393	274425	1	2
1865	BluetoothMnsObexClient	Lcom/android/bluetooth/map/BluetoothMnsObexClient;	274426	275292	8	9
1866	MapContact	Lcom/android/bluetooth/map/MapContact;	275293	275363	2	5
1867	MmsFileProvider.PipeWriter	Lcom/android/bluetooth/map/MmsFileProvider$PipeWriter;	275364	275522	1	2
1868	MmsFileProvider	Lcom/android/bluetooth/map/MmsFileProvider;	275523	275639	2	7
1869	SmsMmsContacts	Lcom/android/bluetooth/map/SmsMmsContacts;	275640	276020	4	4
1870	BluetoothMapContract.AccountColumns	Lcom/android/bluetooth/mapapi/BluetoothMapContract$AccountColumns;	276021	276024	0	0
1871	BluetoothMapContract.ChatState	Lcom/android/bluetooth/mapapi/BluetoothMapContract$ChatState;	276025	276028	0	0
1872	BluetoothMapContract.ChatStatusColumns	Lcom/android/bluetooth/mapapi/BluetoothMapContract$ChatStatusColumns;	276029	276032	0	0
1873	BluetoothMapContract.EmailMessageColumns	Lcom/android/bluetooth/mapapi/BluetoothMapContract$EmailMessageColumns;	276033	276036	0	0
1874	BluetoothMapContract.FolderColumns	Lcom/android/bluetooth/mapapi/BluetoothMapContract$FolderColumns;	276037	276040	0	0
1875	BluetoothMapContract.MessagePartColumns	Lcom/android/bluetooth/mapapi/BluetoothMapContract$MessagePartColumns;	276041	276044	0	0
1876	BluetoothMapContract.PresenceColumns	Lcom/android/bluetooth/mapapi/BluetoothMapContract$PresenceColumns;	276045	276048	0	0
1877	BluetoothMapContract.PresenceState	Lcom/android/bluetooth/mapapi/BluetoothMapContract$PresenceState;	276049	276052	0	0
1878	BluetoothMapContract	Lcom/android/bluetooth/mapapi/BluetoothMapContract;	276053	276419	12	0
1879	BluetoothMapEmailProvider.1	Lcom/android/bluetooth/mapapi/BluetoothMapEmailProvider$1;	276420	276474	1	1
1880	BluetoothMapEmailProvider.PipeDataReader	Lcom/android/bluetooth/mapapi/BluetoothMapEmailProvider$PipeDataReader;	276475	276481	0	1
1881	BluetoothMapEmailProvider.PipeWriter	Lcom/android/bluetooth/mapapi/BluetoothMapEmailProvider$PipeWriter;	276482	276656	1	2
1882	BluetoothMapEmailProvider	Lcom/android/bluetooth/mapapi/BluetoothMapEmailProvider;	276657	277489	3	23
1883	BluetoothMapIMProvider	Lcom/android/bluetooth/mapapi/BluetoothMapIMProvider;	277490	278571	2	25
1884	Bmessage.Status	Lcom/android/bluetooth/mapclient/Bmessage$Status;	278572	278622	4	0
1885	Bmessage.Type	Lcom/android/bluetooth/mapclient/Bmessage$Type;	278623	278687	4	0
1886	Bmessage	Lcom/android/bluetooth/mapclient/Bmessage;	278688	278893	1	20
1887	BmessageBuilder	Lcom/android/bluetooth/mapclient/BmessageBuilder;	278894	279334	5	0
1888	BmessageParser.1	Lcom/android/bluetooth/mapclient/BmessageParser$1;	279335	279337	0	0
1889	BmessageParser	Lcom/android/bluetooth/mapclient/BmessageParser;	279338	280158	10	0
1890	BmsgTokenizer.Property	Lcom/android/bluetooth/mapclient/BmsgTokenizer$Property;	280159	280235	1	2
1891	BmsgTokenizer	Lcom/android/bluetooth/mapclient/BmsgTokenizer;	280236	280369	2	4
1892	EventReport.Type	Lcom/android/bluetooth/mapclient/EventReport$Type;	280370	280488	4	1
1893	EventReport	Lcom/android/bluetooth/mapclient/EventReport;	280489	280798	4	6
1894	FolderListing	Lcom/android/bluetooth/mapclient/FolderListing;	280799	280870	1	2
1895	MapClientService.1	Lcom/android/bluetooth/mapclient/MapClientService$1;	280871	280873	0	0
1896	MapClientService.MapBroadcastReceiver	Lcom/android/bluetooth/mapclient/MapClientService$MapBroadcastReceiver;	280874	281064	2	1
1897	MapUtils	Lcom/android/bluetooth/mapclient/MapUtils;	281065	281099	4	0
1898	MasClient.CharsetType	Lcom/android/bluetooth/mapclient/MasClient$CharsetType;	281100	281150	4	0
1899	MasClient.MasClientHandler	Lcom/android/bluetooth/mapclient/MasClient$MasClientHandler;	281151	281215	1	1
1900	MasClient	Lcom/android/bluetooth/mapclient/MasClient;	281216	281514	9	2
1901	MceStateMachine.1	Lcom/android/bluetooth/mapclient/MceStateMachine$1;	281515	281594	1	0
1902	MceStateMachine.Connected	Lcom/android/bluetooth/mapclient/MceStateMachine$Connected;	281595	282531	7	3
1903	MceStateMachine.Connecting	Lcom/android/bluetooth/mapclient/MceStateMachine$Connecting;	282532	282744	1	3
1904	MceStateMachine.Disconnected	Lcom/android/bluetooth/mapclient/MceStateMachine$Disconnected;	282745	282812	1	2
1905	MceStateMachine.Disconnecting	Lcom/android/bluetooth/mapclient/MceStateMachine$Disconnecting;	282813	282968	1	3
1906	MceStateMachine	Lcom/android/bluetooth/mapclient/MceStateMachine;	282969	283739	22	12
1907	Message.ReceptionStatus	Lcom/android/bluetooth/mapclient/Message$ReceptionStatus;	283740	283804	4	0
1908	Message.Type	Lcom/android/bluetooth/mapclient/Message$Type;	283805	283876	4	0
1909	Message	Lcom/android/bluetooth/mapclient/Message;	283877	284339	4	18
1910	MessagesFilter	Lcom/android/bluetooth/mapclient/MessagesFilter;	284340	284446	1	6
1911	MessagesListing	Lcom/android/bluetooth/mapclient/MessagesListing;	284447	284535	1	2
1912	MnsObexServer	Lcom/android/bluetooth/mapclient/MnsObexServer;	284536	284697	2	7
1913	MnsService.1	Lcom/android/bluetooth/mapclient/MnsService$1;	284698	284700	0	0
1914	MnsService	Lcom/android/bluetooth/mapclient/MnsService;	284701	284893	8	1
1915	ObexAppParameters	Lcom/android/bluetooth/mapclient/ObexAppParameters;	284894	285219	3	15
1916	ObexTime	Lcom/android/bluetooth/mapclient/ObexTime;	285220	285409	2	2
1917	Request	Lcom/android/bluetooth/mapclient/Request;	285410	285521	2	6
1918	RequestSetMessageStatus.StatusIndicator	Lcom/android/bluetooth/mapclient/RequestSetMessageStatus$StatusIndicator;	285522	285572	4	0
1919	RequestSetPath.1	Lcom/android/bluetooth/mapclient/RequestSetPath$1;	285573	285614	1	0
1920	RequestSetPath.SetPathDir	Lcom/android/bluetooth/mapclient/RequestSetPath$SetPathDir;	285615	285672	4	0
1921	BluetoothOppBatch.BluetoothOppBatchListener	Lcom/android/bluetooth/opp/BluetoothOppBatch$BluetoothOppBatchListener;	285673	285685	0	3
1922	BluetoothOppBatch	Lcom/android/bluetooth/opp/BluetoothOppBatch;	285686	285865	1	7
1923	BluetoothOppBtEnableActivity	Lcom/android/bluetooth/opp/BluetoothOppBtEnableActivity;	285866	286026	2	3
1924	BluetoothOppBtEnablingActivity.1	Lcom/android/bluetooth/opp/BluetoothOppBtEnablingActivity$1;	286027	286052	1	1
1925	BluetoothOppBtEnablingActivity.2	Lcom/android/bluetooth/opp/BluetoothOppBtEnablingActivity$2;	286053	286098	1	1
1926	BluetoothOppBtEnablingActivity	Lcom/android/bluetooth/opp/BluetoothOppBtEnablingActivity;	286099	286256	5	3
1927	BluetoothOppBtErrorActivity	Lcom/android/bluetooth/opp/BluetoothOppBtErrorActivity;	286257	286335	2	2
1928	BluetoothOppFileProvider.1	Lcom/android/bluetooth/opp/BluetoothOppFileProvider$1;	286336	286373	1	1
1929	BluetoothOppHandoverReceiver.1	Lcom/android/bluetooth/opp/BluetoothOppHandoverReceiver$1;	286374	286418	1	1
1930	BluetoothOppHandoverReceiver	Lcom/android/bluetooth/opp/BluetoothOppHandoverReceiver;	286419	286607	1	1
1931	BluetoothOppIncomingFileConfirmActivity.1	Lcom/android/bluetooth/opp/BluetoothOppIncomingFileConfirmActivity$1;	286608	286638	1	1
1932	BluetoothOppIncomingFileConfirmActivity.2	Lcom/android/bluetooth/opp/BluetoothOppIncomingFileConfirmActivity$2;	286639	286665	1	1
1933	BluetoothOppIncomingFileConfirmActivity	Lcom/android/bluetooth/opp/BluetoothOppIncomingFileConfirmActivity;	286666	286992	4	6
1934	BluetoothOppLauncherActivity.1	Lcom/android/bluetooth/opp/BluetoothOppLauncherActivity$1;	286993	287026	1	1
1935	BluetoothOppLauncherActivity.2	Lcom/android/bluetooth/opp/BluetoothOppLauncherActivity$2;	287027	287059	1	1
1936	BluetoothOppLauncherActivity.3	Lcom/android/bluetooth/opp/BluetoothOppLauncherActivity$3;	287060	287112	1	1
1937	BluetoothOppLauncherActivity.4	Lcom/android/bluetooth/opp/BluetoothOppLauncherActivity$4;	287113	287144	1	1
1938	BluetoothOppLauncherActivity	Lcom/android/bluetooth/opp/BluetoothOppLauncherActivity;	287145	287912	11	1
1939	BluetoothOppManager.InsertShareInfoThread	Lcom/android/bluetooth/opp/BluetoothOppManager$InsertShareInfoThread;	287913	288106	3	1
1940	BluetoothOppManager	Lcom/android/bluetooth/opp/BluetoothOppManager;	288107	288731	10	11
1941	BluetoothOppNotification.1	Lcom/android/bluetooth/opp/BluetoothOppNotification$1;	288732	288817	1	1
1942	BluetoothOppNotification.NotificationItem	Lcom/android/bluetooth/opp/BluetoothOppNotification$NotificationItem;	288818	288838	1	0
1943	BluetoothOppNotification.NotificationUpdateThread	Lcom/android/bluetooth/opp/BluetoothOppNotification$NotificationUpdateThread;	288839	288899	1	1
1944	BluetoothOppNotification	Lcom/android/bluetooth/opp/BluetoothOppNotification;	288900	290075	12	2
1945	BluetoothOppObexClientSession.ClientThread	Lcom/android/bluetooth/opp/BluetoothOppObexClientSession$ClientThread;	290076	291812	7	3
1946	BluetoothOppObexSession	Lcom/android/bluetooth/opp/BluetoothOppObexSession;	291813	291828	0	4
1947	BluetoothOppPreference	Lcom/android/bluetooth/opp/BluetoothOppPreference;	291829	292102	5	6
1948	BluetoothOppProvider.DatabaseHelper	Lcom/android/bluetooth/opp/BluetoothOppProvider$DatabaseHelper;	292103	292164	1	2
1949	BluetoothOppProvider	Lcom/android/bluetooth/opp/BluetoothOppProvider;	292165	292762	9	6
1950	BluetoothOppReceiveFileInfo	Lcom/android/bluetooth/opp/BluetoothOppReceiveFileInfo;	292763	293355	8	0
1951	BluetoothOppReceiver	Lcom/android/bluetooth/opp/BluetoothOppReceiver;	293356	293824	2	1
1952	BluetoothOppSendFileInfo	Lcom/android/bluetooth/opp/BluetoothOppSendFileInfo;	293825	294253	5	0
1953	BluetoothOppService.1	Lcom/android/bluetooth/opp/BluetoothOppService$1;	294254	294276	1	1
1954	BluetoothOppService.2	Lcom/android/bluetooth/opp/BluetoothOppService$2;	294277	294588	1	1
1955	BluetoothOppService.3	Lcom/android/bluetooth/opp/BluetoothOppService$3;	294589	294683	1	1
1956	BluetoothOppService.BluetoothShareContentObserver	Lcom/android/bluetooth/opp/BluetoothOppService$BluetoothShareContentObserver;	294684	294706	1	1
1957	BluetoothOppService.MediaScannerNotifier	Lcom/android/bluetooth/opp/BluetoothOppService$MediaScannerNotifier;	294707	294824	1	2
1958	BluetoothOppService.UpdateThread	Lcom/android/bluetooth/opp/BluetoothOppService$UpdateThread;	294825	295028	1	2
1959	BluetoothOppShareInfo	Lcom/android/bluetooth/opp/BluetoothOppShareInfo;	295029	295136	1	3
1960	BluetoothOppTransfer.1	Lcom/android/bluetooth/opp/BluetoothOppTransfer$1;	295137	295174	1	1
1961	BluetoothOppTransfer.EventHandler	Lcom/android/bluetooth/opp/BluetoothOppTransfer$EventHandler;	295175	295395	1	1
1962	BluetoothOppTransfer.OppConnectionReceiver	Lcom/android/bluetooth/opp/BluetoothOppTransfer$OppConnectionReceiver;	295396	295671	2	1
1963	BluetoothOppTransfer.SocketConnectThread	Lcom/android/bluetooth/opp/BluetoothOppTransfer$SocketConnectThread;	295672	295922	3	2
1964	BluetoothOppTransferActivity.BluetoothTransferContentObserver	Lcom/android/bluetooth/opp/BluetoothOppTransferActivity$BluetoothTransferContentObserver;	295923	295949	1	1
1965	BluetoothOppTransferActivity	Lcom/android/bluetooth/opp/BluetoothOppTransferActivity;	295950	297217	9	3
1966	BluetoothOppTransferAdapter	Lcom/android/bluetooth/opp/BluetoothOppTransferAdapter;	297218	297414	1	1
1967	BluetoothOppTransferHistory.1	Lcom/android/bluetooth/opp/BluetoothOppTransferHistory$1;	297415	297435	1	1
1968	BluetoothOppTransferHistory	Lcom/android/bluetooth/opp/BluetoothOppTransferHistory;	297436	298000	7	8
1969	BluetoothOppTransferInfo	Lcom/android/bluetooth/opp/BluetoothOppTransferInfo;	298001	298009	1	0
1970	BluetoothOppUtility	Lcom/android/bluetooth/opp/BluetoothOppUtility;	298010	298909	21	0
1971	BluetoothShare	Lcom/android/bluetooth/opp/BluetoothShare;	298910	299014	9	0
1972	Constants	Lcom/android/bluetooth/opp/Constants;	299015	299298	7	0
1973	TestActivity.1	Lcom/android/bluetooth/opp/TestActivity$1;	299299	299523	1	1
1974	TestActivity.2	Lcom/android/bluetooth/opp/TestActivity$2;	299524	299574	1	1
1975	TestActivity.3	Lcom/android/bluetooth/opp/TestActivity$3;	299575	299633	1	1
1976	TestActivity.4	Lcom/android/bluetooth/opp/TestActivity$4;	299634	299692	1	1
1977	TestActivity.5	Lcom/android/bluetooth/opp/TestActivity$5;	299693	299723	1	1
1978	TestActivity.6	Lcom/android/bluetooth/opp/TestActivity$6;	299724	299748	1	1
1979	TestActivity.7.1	Lcom/android/bluetooth/opp/TestActivity$7$1;	299749	299781	1	1
1980	TestActivity.7	Lcom/android/bluetooth/opp/TestActivity$7;	299782	299803	1	1
1981	TestActivity	Lcom/android/bluetooth/opp/TestActivity;	299804	300013	1	1
1982	TestTcpListener.1	Lcom/android/bluetooth/opp/TestTcpListener$1;	300014	300126	1	1
1983	TestTcpListener	Lcom/android/bluetooth/opp/TestTcpListener;	300127	300237	6	2
1984	TestTcpServer	Lcom/android/bluetooth/opp/TestTcpServer;	300238	300417	1	9
1985	TestTcpSessionNotifier	Lcom/android/bluetooth/opp/TestTcpSessionNotifier;	300418	300460	1	2
1986	TestTcpTransport	Lcom/android/bluetooth/opp/TestTcpTransport;	300461	300554	1	13
1987	BluetoothTetheringNetworkFactory.1.2	Lcom/android/bluetooth/pan/BluetoothTetheringNetworkFactory$1$2;	300555	300587	1	1
1988	BluetoothTetheringNetworkFactory.1	Lcom/android/bluetooth/pan/BluetoothTetheringNetworkFactory$1;	300588	300766	1	1
1989	BluetoothTetheringNetworkFactory	Lcom/android/bluetooth/pan/BluetoothTetheringNetworkFactory;	300767	301062	15	4
1990	PanService.1	Lcom/android/bluetooth/pan/PanService$1;	301063	301197	1	1
1991	PanService.BluetoothPanDevice	Lcom/android/bluetooth/pan/PanService$BluetoothPanDevice;	301198	301266	8	0
1992	PanService.ConnectState	Lcom/android/bluetooth/pan/PanService$ConnectState;	301267	301287	1	0
1993	BluetoothPbapActivity.1	Lcom/android/bluetooth/pbap/BluetoothPbapActivity$1;	301288	301318	1	1
1994	BluetoothPbapActivity.2	Lcom/android/bluetooth/pbap/BluetoothPbapActivity$2;	301319	301345	1	1
1995	BluetoothPbapActivity	Lcom/android/bluetooth/pbap/BluetoothPbapActivity;	301346	301768	9	9
1996	BluetoothPbapAuthenticator	Lcom/android/bluetooth/pbap/BluetoothPbapAuthenticator;	301769	301871	2	5
1997	BluetoothPbapCallLogComposer	Lcom/android/bluetooth/pbap/BluetoothPbapCallLogComposer;	301872	302271	5	8
1998	BluetoothPbapConfig	Lcom/android/bluetooth/pbap/BluetoothPbapConfig;	302272	302332	5	0
1999	BluetoothPbapObexServer.AppParamValue	Lcom/android/bluetooth/pbap/BluetoothPbapObexServer$AppParamValue;	302333	302463	1	1
2000	BluetoothPbapObexServer.ContentType	Lcom/android/bluetooth/pbap/BluetoothPbapObexServer$ContentType;	302464	302472	1	0
2001	BluetoothPbapObexServer	Lcom/android/bluetooth/pbap/BluetoothPbapObexServer;	302473	304828	26	9
2002	BluetoothPbapService.1	Lcom/android/bluetooth/pbap/BluetoothPbapService$1;	304829	304849	1	1
2003	BluetoothPbapService.2	Lcom/android/bluetooth/pbap/BluetoothPbapService$2;	304850	304880	1	1
2004	BluetoothPbapService.3	Lcom/android/bluetooth/pbap/BluetoothPbapService$3;	304881	304911	1	1
2005	BluetoothPbapService.BluetoothPbapContentObserver	Lcom/android/bluetooth/pbap/BluetoothPbapService$BluetoothPbapContentObserver;	304912	304937	1	1
2006	BluetoothPbapService.PbapHandler	Lcom/android/bluetooth/pbap/BluetoothPbapService$PbapHandler;	304938	305142	2	1
2007	BluetoothPbapUtils.ContactData	Lcom/android/bluetooth/pbap/BluetoothPbapUtils$ContactData;	305143	305215	7	0
2008	BluetoothPbapUtils	Lcom/android/bluetooth/pbap/BluetoothPbapUtils;	305216	306335	15	0
2009	BluetoothPbapVcardManager.ContactCursorFilter	Lcom/android/bluetooth/pbap/BluetoothPbapVcardManager$ContactCursorFilter;	306336	306386	3	0
2010	BluetoothPbapVcardManager.HandlerForStringBuffer	Lcom/android/bluetooth/pbap/BluetoothPbapVcardManager$HandlerForStringBuffer;	306387	306475	2	3
2011	BluetoothPbapVcardManager.PropertySelector.PropertyMask	Lcom/android/bluetooth/pbap/BluetoothPbapVcardManager$PropertySelector$PropertyMask;	306476	306645	4	0
2012	BluetoothPbapVcardManager.PropertySelector	Lcom/android/bluetooth/pbap/BluetoothPbapVcardManager$PropertySelector;	306646	306895	8	0
2013	BluetoothPbapVcardManager.VCardFilter.FilterBit	Lcom/android/bluetooth/pbap/BluetoothPbapVcardManager$VCardFilter$FilterBit;	306896	307079	4	0
2014	BluetoothPbapVcardManager.VCardFilter	Lcom/android/bluetooth/pbap/BluetoothPbapVcardManager$VCardFilter;	307080	307241	3	2
2015	BluetoothPbapVcardManager	Lcom/android/bluetooth/pbap/BluetoothPbapVcardManager;	307242	308930	9	13
2016	PbapStateMachine.1	Lcom/android/bluetooth/pbap/PbapStateMachine$1;	308931	308933	0	0
2017	PbapStateMachine.PbapStateBase	Lcom/android/bluetooth/pbap/PbapStateMachine$PbapStateBase;	308934	309238	4	5
2018	PbapStateMachine	Lcom/android/bluetooth/pbap/PbapStateMachine;	309239	309458	19	3
2019	AuthenticationService	Lcom/android/bluetooth/pbapclient/AuthenticationService;	309459	309487	1	2
2020	Authenticator	Lcom/android/bluetooth/pbapclient/Authenticator;	309488	309583	1	7
2021	BluetoothPbapObexAuthenticator	Lcom/android/bluetooth/pbapclient/BluetoothPbapObexAuthenticator;	309584	309647	1	2
2022	BluetoothPbapObexTransport	Lcom/android/bluetooth/pbapclient/BluetoothPbapObexTransport;	309648	309740	1	13
2023	BluetoothPbapRequest	Lcom/android/bluetooth/pbapclient/BluetoothPbapRequest;	309741	309867	1	6
2024	BluetoothPbapVcardList	Lcom/android/bluetooth/pbapclient/BluetoothPbapVcardList;	309868	309951	3	3
2025	ObexAppParameters	Lcom/android/bluetooth/pbapclient/ObexAppParameters;	309952	310277	3	15
2026	PbapClientConnectionHandler.Builder	Lcom/android/bluetooth/pbapclient/PbapClientConnectionHandler$Builder;	310278	310349	5	5
2027	PbapClientConnectionHandler	Lcom/android/bluetooth/pbapclient/PbapClientConnectionHandler;	310350	310920	9	3
2028	PbapClientService.1	Lcom/android/bluetooth/pbapclient/PbapClientService$1;	310921	310923	0	0
2029	PbapClientService.PbapBroadcastReceiver	Lcom/android/bluetooth/pbapclient/PbapClientService$PbapBroadcastReceiver;	310924	311006	2	1
2030	PbapClientStateMachine.1	Lcom/android/bluetooth/pbapclient/PbapClientStateMachine$1;	311007	311009	0	0
2031	PbapClientStateMachine.Connected	Lcom/android/bluetooth/pbapclient/PbapClientStateMachine$Connected;	311010	311152	1	2
2032	PbapClientStateMachine.Connecting.SDPBroadcastReceiver	Lcom/android/bluetooth/pbapclient/PbapClientStateMachine$Connecting$SDPBroadcastReceiver;	311153	311302	2	3
2033	PbapClientStateMachine.Connecting	Lcom/android/bluetooth/pbapclient/PbapClientStateMachine$Connecting;	311303	311539	1	3
2034	PbapClientStateMachine.Disconnected	Lcom/android/bluetooth/pbapclient/PbapClientStateMachine$Disconnected;	311540	311595	1	1
2035	PbapClientStateMachine.Disconnecting	Lcom/android/bluetooth/pbapclient/PbapClientStateMachine$Disconnecting;	311596	311738	1	2
2036	PbapClientStateMachine	Lcom/android/bluetooth/pbapclient/PbapClientStateMachine;	311739	312168	19	10
2037	PhonebookEntry.Name	Lcom/android/bluetooth/pbapclient/PhonebookEntry$Name;	312169	312394	1	3
2038	PhonebookEntry.Phone	Lcom/android/bluetooth/pbapclient/PhonebookEntry$Phone;	312395	312488	1	3
2039	PhonebookEntry	Lcom/android/bluetooth/pbapclient/PhonebookEntry;	312489	312685	3	3
2040	PullRequest	Lcom/android/bluetooth/pbapclient/PullRequest;	312686	312725	1	3
2041	SapMessage	Lcom/android/bluetooth/sap/SapMessage;	312726	314463	19	32
2042	SapRilReceiver.SapCallback	Lcom/android/bluetooth/sap/SapRilReceiver$SapCallback;	314464	314929	1	11
2043	SapRilReceiver.SapProxyDeathRecipient	Lcom/android/bluetooth/sap/SapRilReceiver$SapProxyDeathRecipient;	314930	314967	1	1
2044	SapRilReceiver	Lcom/android/bluetooth/sap/SapRilReceiver;	314968	315406	12	5
2045	SapServer.1	Lcom/android/bluetooth/sap/SapServer$1;	315407	315409	0	0
2046	SapServer.SAP_STATE	Lcom/android/bluetooth/sap/SapServer$SAP_STATE;	315410	315488	4	0
2047	SapServer.SapServerBroadcastReceiver	Lcom/android/bluetooth/sap/SapServer$SapServerBroadcastReceiver;	315489	315611	2	1
2048	SapServer	Lcom/android/bluetooth/sap/SapServer;	315612	317338	21	5
2049	SapService.1	Lcom/android/bluetooth/sap/SapService$1;	317339	317489	1	1
2050	SapService.SapBroadcastReceiver	Lcom/android/bluetooth/sap/SapService$SapBroadcastReceiver;	317490	317699	2	1
2051	SapService.SocketAcceptThread	Lcom/android/bluetooth/sap/SapService$SocketAcceptThread;	317700	317925	2	2
2052	SdpManager.1	Lcom/android/bluetooth/sdp/SdpManager$1;	317926	317977	1	1
2053	SdpManager.SdpSearchInstance	Lcom/android/bluetooth/sdp/SdpManager$SdpSearchInstance;	317978	318080	1	7
2054	SdpManager.SdpSearchTracker	Lcom/android/bluetooth/sdp/SdpManager$SdpSearchTracker;	318081	318230	1	6
2055	SdpManager	Lcom/android/bluetooth/sdp/SdpManager;	318231	319066	18	14
2056	DevicePolicyUtils	Lcom/android/bluetooth/util/DevicePolicyUtils;	319067	319128	3	0
2057	Interop.Entry	Lcom/android/bluetooth/util/Interop$Entry;	319129	319143	1	0
2058	Interop	Lcom/android/bluetooth/util/Interop;	319144	319217	4	0
2059	NumberUtils	Lcom/android/bluetooth/util/NumberUtils;	319218	319251	3	0
2060	JapaneseUtils	Lcom/android/vcard/JapaneseUtils;	319252	321298	3	0
2061	VCardBuilder.PostalStruct	Lcom/android/vcard/VCardBuilder$PostalStruct;	321299	321314	1	0
2062	VCardBuilder	Lcom/android/vcard/VCardBuilder;	321315	325525	19	31
2063	VCardComposer.RawContactEntitlesInfo	Lcom/android/vcard/VCardComposer$RawContactEntitlesInfo;	325526	325539	1	0
2064	VCardComposer.RawContactEntitlesInfoCallback	Lcom/android/vcard/VCardComposer$RawContactEntitlesInfoCallback;	325540	325546	0	1
2065	VCardComposer	Lcom/android/vcard/VCardComposer;	325547	326420	13	17
2066	VCardConfig	Lcom/android/vcard/VCardConfig;	326421	326707	18	0
2067	VCardConstants.ImportOnly	Lcom/android/vcard/VCardConstants$ImportOnly;	326708	326711	0	0
2068	VCardConstants	Lcom/android/vcard/VCardConstants;	326712	326720	1	0
2069	VCardEntry.1	Lcom/android/vcard/VCardEntry$1;	326721	326723	0	0
2070	VCardEntry.EntryElement	Lcom/android/vcard/VCardEntry$EntryElement;	326724	326736	0	3
2071	VCardEntry.EntryElementIterator	Lcom/android/vcard/VCardEntry$EntryElementIterator;	326737	326755	0	5
2072	VCardEntry.EntryLabel	Lcom/android/vcard/VCardEntry$EntryLabel;	326756	326890	4	0
2073	VCardEntry	Lcom/android/vcard/VCardEntry;	326891	329019	26	21
2074	VCardEntryHandler	Lcom/android/vcard/VCardEntryHandler;	329020	329032	0	3
2075	VCardInterpreter	Lcom/android/vcard/VCardInterpreter;	329033	329051	0	5
2076	VCardParser	Lcom/android/vcard/VCardParser;	329052	329082	1	5
2077	VCardParserImpl_V21.CustomBufferedReader	Lcom/android/vcard/VCardParserImpl_V21$CustomBufferedReader;	329083	329156	1	3
2078	VCardParserImpl_V21	Lcom/android/vcard/VCardParserImpl_V21;	329157	330907	11	34
2079	VCardPhoneNumberTranslationCallback	Lcom/android/vcard/VCardPhoneNumberTranslationCallback;	330908	330914	0	1
2080	VCardProperty	Lcom/android/vcard/VCardProperty;	330915	331133	1	17
2081	VCardUtils.DecoderException	Lcom/android/vcard/VCardUtils$DecoderException;	331134	331142	1	0
2082	VCardUtils.PhoneNumberUtilsPort	Lcom/android/vcard/VCardUtils$PhoneNumberUtilsPort;	331143	331162	2	0
2083	VCardUtils.QuotedPrintableCodecPort	Lcom/android/vcard/VCardUtils$QuotedPrintableCodecPort;	331163	331231	3	0
2084	VCardUtils.TextUtilsPort	Lcom/android/vcard/VCardUtils$TextUtilsPort;	331232	331278	3	0
2085	VCardUtils	Lcom/android/vcard/VCardUtils;	331279	332581	31	0
2086	VCardException	Lcom/android/vcard/exception/VCardException;	332582	332597	2	0
2087	AbstractMessageLite.Builder.LimitedInputStream	Lcom/google/protobuf/AbstractMessageLite$Builder$LimitedInputStream;	332598	332683	1	4
2088	ByteOutput	Lcom/google/protobuf/ByteOutput;	332684	332707	1	5
2089	ByteString.ByteArrayCopier	Lcom/google/protobuf/ByteString$ByteArrayCopier;	332708	332714	0	1
2090	ByteString.ByteIterator	Lcom/google/protobuf/ByteString$ByteIterator;	332715	332721	0	1
2091	ByteString.CodedBuilder	Lcom/google/protobuf/ByteString$CodedBuilder;	332722	332766	2	2
2092	ByteString.Output	Lcom/google/protobuf/ByteString$Output;	332767	333085	5	7
2093	ByteString	Lcom/google/protobuf/ByteString;	333086	333781	22	36
2094	CodedInputStream.RefillCallback	Lcom/google/protobuf/CodedInputStream$RefillCallback;	333782	333788	0	1
2095	CodedInputStream	Lcom/google/protobuf/CodedInputStream;	333789	335703	21	48
2096	CodedOutputStream.1	Lcom/google/protobuf/CodedOutputStream$1;	335704	335751	1	2
2097	CodedOutputStream.OutOfSpaceException	Lcom/google/protobuf/CodedOutputStream$OutOfSpaceException;	335752	335770	2	0
2098	ExperimentalApi	Lcom/google/protobuf/ExperimentalApi;	335771	335777	0	1
2099	ExtensionLite	Lcom/google/protobuf/ExtensionLite;	335778	335806	1	6
2100	ExtensionRegistryLite.ObjectIntPair	Lcom/google/protobuf/ExtensionRegistryLite$ObjectIntPair;	335807	335857	1	2
2101	ExtensionRegistryLite	Lcom/google/protobuf/ExtensionRegistryLite;	335858	335974	8	3
2102	FieldSet.1	Lcom/google/protobuf/FieldSet$1;	335975	336228	1	0
2103	FieldSet.FieldDescriptorLite	Lcom/google/protobuf/FieldSet$FieldDescriptorLite;	336229	336253	0	7
2104	FieldSet	Lcom/google/protobuf/FieldSet;	336254	337840	20	23
2105	GeneratedMessageLite.1	Lcom/google/protobuf/GeneratedMessageLite$1;	337841	337873	1	0
2106	GeneratedMessageLite.EqualsVisitor.NotEqualsException	Lcom/google/protobuf/GeneratedMessageLite$EqualsVisitor$NotEqualsException;	337874	337884	1	0
2107	GeneratedMessageLite.ExtendableMessage.ExtensionWriter	Lcom/google/protobuf/GeneratedMessageLite$ExtendableMessage$ExtensionWriter;	337885	337993	2	1
2108	GeneratedMessageLite.MethodToInvoke	Lcom/google/protobuf/GeneratedMessageLite$MethodToInvoke;	337994	338086	4	0
2109	GeneratedMessageLite.SerializedForm	Lcom/google/protobuf/GeneratedMessageLite$SerializedForm;	338087	338202	2	1
2110	GeneratedMessageLite.Visitor	Lcom/google/protobuf/GeneratedMessageLite$Visitor;	338203	338290	0	28
2111	Internal.EnumLite	Lcom/google/protobuf/Internal$EnumLite;	338291	338297	0	1
2112	Internal.EnumLiteMap	Lcom/google/protobuf/Internal$EnumLiteMap;	338298	338304	0	1
2113	Internal.ListAdapter.Converter	Lcom/google/protobuf/Internal$ListAdapter$Converter;	338305	338311	0	1
2114	Internal.ListAdapter	Lcom/google/protobuf/Internal$ListAdapter;	338312	338347	1	2
2115	Internal.MapAdapter.Converter	Lcom/google/protobuf/Internal$MapAdapter$Converter;	338348	338357	0	2
2116	Internal.MapAdapter.EntryAdapter	Lcom/google/protobuf/Internal$MapAdapter$EntryAdapter;	338358	338419	1	3
2117	Internal.MapAdapter.IteratorAdapter	Lcom/google/protobuf/Internal$MapAdapter$IteratorAdapter;	338420	338473	1	4
2118	Internal.MapAdapter.SetAdapter	Lcom/google/protobuf/Internal$MapAdapter$SetAdapter;	338474	338509	1	2
2119	Internal.MapAdapter	Lcom/google/protobuf/Internal$MapAdapter;	338510	338584	3	3
2120	Internal.ProtobufList	Lcom/google/protobuf/Internal$ProtobufList;	338585	338597	0	3
2121	Internal	Lcom/google/protobuf/Internal;	338598	339028	25	0
2122	InvalidProtocolBufferException	Lcom/google/protobuf/InvalidProtocolBufferException;	339029	339165	12	3
2123	LazyField.1	Lcom/google/protobuf/LazyField$1;	339166	339168	0	0
2124	LazyField.LazyEntry	Lcom/google/protobuf/LazyField$LazyEntry;	339169	339244	2	4
2125	LazyField.LazyIterator	Lcom/google/protobuf/LazyField$LazyIterator;	339245	339301	1	4
2126	LazyFieldLite	Lcom/google/protobuf/LazyFieldLite;	339302	339784	6	13
2127	LazyStringArrayList.ByteArrayListView	Lcom/google/protobuf/LazyStringArrayList$ByteArrayListView;	339785	339897	1	9
2128	LazyStringArrayList.ByteStringListView	Lcom/google/protobuf/LazyStringArrayList$ByteStringListView;	339898	340010	1	9
2129	MapFieldLite.MutatabilityAwareCollection	Lcom/google/protobuf/MapFieldLite$MutatabilityAwareCollection;	340011	340179	1	16
2130	MapFieldLite.MutatabilityAwareIterator	Lcom/google/protobuf/MapFieldLite$MutatabilityAwareIterator;	340180	340253	1	6
2131	MapFieldLite.MutatabilityAwareMap	Lcom/google/protobuf/MapFieldLite$MutatabilityAwareMap;	340254	340427	1	15
2132	MapFieldLite.MutatabilityAwareSet	Lcom/google/protobuf/MapFieldLite$MutatabilityAwareSet;	340428	340608	1	16
2133	MessageLiteOrBuilder	Lcom/google/protobuf/MessageLiteOrBuilder;	340609	340618	0	2
2134	MessageLiteToString	Lcom/google/protobuf/MessageLiteToString;	340619	341152	6	0
2135	MutabilityOracle	Lcom/google/protobuf/MutabilityOracle;	341153	341168	1	1
2136	Parser	Lcom/google/protobuf/Parser;	341169	341244	0	24
2137	ProtocolStringList	Lcom/google/protobuf/ProtocolStringList;	341245	341251	0	1
2138	RopeByteString.1	Lcom/google/protobuf/RopeByteString$1;	341252	341254	0	0
2139	RopeByteString.Balancer	Lcom/google/protobuf/RopeByteString$Balancer;	341255	341479	7	0
2140	RopeByteString.PieceIterator	Lcom/google/protobuf/RopeByteString$PieceIterator;	341480	341593	4	4
2141	RopeByteString.RopeInputStream	Lcom/google/protobuf/RopeByteString$RopeInputStream;	341594	341839	4	7
2142	SmallSortedMap.EmptySet.1	Lcom/google/protobuf/SmallSortedMap$EmptySet$1;	341840	341866	1	3
2143	SmallSortedMap.EmptySet.2	Lcom/google/protobuf/SmallSortedMap$EmptySet$2;	341867	341882	1	1
2144	SmallSortedMap.EmptySet	Lcom/google/protobuf/SmallSortedMap$EmptySet;	341883	341915	4	0
2145	SmallSortedMap.Entry	Lcom/google/protobuf/SmallSortedMap$Entry;	341916	342089	3	9
2146	SmallSortedMap.EntryIterator	Lcom/google/protobuf/SmallSortedMap$EntryIterator;	342090	342237	3	4
2147	SmallSortedMap.EntrySet	Lcom/google/protobuf/SmallSortedMap$EntrySet;	342238	342361	2	7
2148	SmallSortedMap	Lcom/google/protobuf/SmallSortedMap;	342362	342926	13	16
2149	TextFormatEscaper.ByteSequence	Lcom/google/protobuf/TextFormatEscaper$ByteSequence;	342927	342936	0	2
2150	TextFormatEscaper	Lcom/google/protobuf/TextFormatEscaper;	342937	343084	6	0
2151	UninitializedMessageException	Lcom/google/protobuf/UninitializedMessageException;	343085	343156	3	2
2152	UnknownFieldSetLite	Lcom/google/protobuf/UnknownFieldSetLite;	343157	343684	9	10
2153	UnmodifiableLazyStringList.1	Lcom/google/protobuf/UnmodifiableLazyStringList$1;	343685	343816	1	13
2154	UnmodifiableLazyStringList.2	Lcom/google/protobuf/UnmodifiableLazyStringList$2;	343817	343869	1	4
2155	Utf8.1	Lcom/google/protobuf/Utf8$1;	343870	343872	0	0
2156	Utf8.Processor	Lcom/google/protobuf/Utf8$Processor;	343873	344352	2	10
2157	Utf8.UnpairedSurrogateException	Lcom/google/protobuf/Utf8$UnpairedSurrogateException;	344353	344385	2	0
2158	Utf8.UnsafeProcessor.1	Lcom/google/protobuf/Utf8$UnsafeProcessor$1;	344386	344434	1	2
2159	Utf8	Lcom/google/protobuf/Utf8;	344435	344780	24	0
2160	WireFormat.1	Lcom/google/protobuf/WireFormat$1;	344781	344957	1	0
2161	WireFormat.FieldType	Lcom/google/protobuf/WireFormat$FieldType;	344958	345174	5	3
2162	WireFormat.JavaType	Lcom/google/protobuf/WireFormat$JavaType;	345175	345300	4	1
2163	WireFormat.Utf8Validation	Lcom/google/protobuf/WireFormat$Utf8Validation;	345301	345368	5	1
2164	WireFormat	Lcom/google/protobuf/WireFormat;	345369	345536	6	0
2165	ByteStringMicro	Lcom/google/protobuf/micro/ByteStringMicro;	345537	345750	6	10
2166	CodedInputStreamMicro	Lcom/google/protobuf/micro/CodedInputStreamMicro;	345751	346950	10	36
2167	CodedOutputStreamMicro.OutOfSpaceException	Lcom/google/protobuf/micro/CodedOutputStreamMicro$OutOfSpaceException;	346951	346960	1	0
2168	CodedOutputStreamMicro	Lcom/google/protobuf/micro/CodedOutputStreamMicro;	346961	348141	50	50
2169	InvalidProtocolBufferMicroException	Lcom/google/protobuf/micro/InvalidProtocolBufferMicroException;	348142	348216	9	0
2170	MessageMicro	Lcom/google/protobuf/micro/MessageMicro;	348217	348305	1	9
2171	WireFormatMicro	Lcom/google/protobuf/micro/WireFormatMicro;	348306	348358	5	0
2172	SapApi	Lorg/android/btsap/SapApi;	348359	348367	1	0
2173	ArchTaskExecutor	Landroid/arch/core/executor/ArchTaskExecutor;	348368	348474	5	4
2174	DefaultTaskExecutor	Landroid/arch/core/executor/DefaultTaskExecutor;	348475	348544	1	3
2175	FastSafeIterableMap	Landroid/arch/core/internal/FastSafeIterableMap;	348545	348630	1	5
2176	SafeIterableMap.IteratorWithAdditions	Landroid/arch/core/internal/SafeIterableMap$IteratorWithAdditions;	348631	348741	2	4
2177	SafeIterableMap.ListIterator	Landroid/arch/core/internal/SafeIterableMap$ListIterator;	348742	348847	2	6
2178	AndroidViewModel	Landroid/arch/lifecycle/AndroidViewModel;	348848	348867	1	1
2179	FullLifecycleObserver	Landroid/arch/lifecycle/FullLifecycleObserver;	348868	348889	0	6
2180	GenericLifecycleObserver	Landroid/arch/lifecycle/GenericLifecycleObserver;	348890	348896	0	1
2181	LifecycleRegistry	Landroid/arch/lifecycle/LifecycleRegistry;	348897	349483	13	6
2182	LifecycleRegistryOwner	Landroid/arch/lifecycle/LifecycleRegistryOwner;	349484	349490	0	1
2183	LiveData.AlwaysActiveObserver	Landroid/arch/lifecycle/LiveData$AlwaysActiveObserver;	349491	349507	1	1
2184	MutableLiveData	Landroid/arch/lifecycle/MutableLiveData;	349508	349532	1	2
2185	ViewModelProvider.NewInstanceFactory	Landroid/arch/lifecycle/ViewModelProvider$NewInstanceFactory;	349533	349578	1	1
2186	DhcpAckPacket	Landroid/net/dhcp/DhcpAckPacket;	349579	349775	2	3
2187	DhcpClient.ConfiguringInterfaceState	Landroid/net/dhcp/DhcpClient$ConfiguringInterfaceState;	349776	349828	1	2
2188	DhcpClient.DhcpBoundState	Landroid/net/dhcp/DhcpClient$DhcpBoundState;	349829	349971	2	3
2189	DhcpClient.DhcpInitRebootState	Landroid/net/dhcp/DhcpClient$DhcpInitRebootState;	349972	349983	1	0
2190	DhcpClient.DhcpRebootingState	Landroid/net/dhcp/DhcpClient$DhcpRebootingState;	349984	349995	1	0
2191	DhcpClient.DhcpSelectingState	Landroid/net/dhcp/DhcpClient$DhcpSelectingState;	349996	350007	1	0
2192	DhcpClient.PacketRetransmittingState	Landroid/net/dhcp/DhcpClient$PacketRetransmittingState;	350008	350172	1	10
2193	DhcpClient.WaitBeforeOtherState	Landroid/net/dhcp/DhcpClient$WaitBeforeOtherState;	350173	350217	1	2
2194	DhcpDeclinePacket	Landroid/net/dhcp/DhcpDeclinePacket;	350218	350291	1	3
2195	DhcpDiscoverPacket	Landroid/net/dhcp/DhcpDiscoverPacket;	350292	350379	1	3
2196	DhcpInformPacket	Landroid/net/dhcp/DhcpInformPacket;	350380	350458	1	3
2197	DhcpNakPacket	Landroid/net/dhcp/DhcpNakPacket;	350459	350548	1	3
2198	DhcpOfferPacket	Landroid/net/dhcp/DhcpOfferPacket;	350549	350737	1	3
2199	DhcpRequestPacket	Landroid/net/dhcp/DhcpRequestPacket;	350738	350863	1	3
2200	-..Lambda.IpNeighborMonitor.4TdKAwtCtq9Ri1cSdW1mKm0JycM	Landroid/net/ip/-$$Lambda$IpNeighborMonitor$4TdKAwtCtq9Ri1cSdW1mKm0JycM;	350864	350888	2	1
2201	-..Lambda.IpReachabilityMonitor.5Sg30oRgfU2r5ogQj53SRYnnFiQ	Landroid/net/ip/-$$Lambda$IpReachabilityMonitor$5Sg30oRgfU2r5ogQj53SRYnnFiQ;	350889	350909	1	1
2202	ConnectivityPacketTracker.PacketListener	Landroid/net/ip/ConnectivityPacketTracker$PacketListener;	350910	351091	2	5
2203	IpClient.1	Landroid/net/ip/IpClient$1;	351092	351110	1	1
2204	IpClient.4	Landroid/net/ip/IpClient$4;	351111	351134	1	1
2205	IpClient.LoggingCallbackWrapper	Landroid/net/ip/IpClient$LoggingCallbackWrapper;	351135	351415	2	12
2206	IpClient.WaitForProvisioningCallback	Landroid/net/ip/IpClient$WaitForProvisioningCallback;	351416	351465	1	3
2207	IpManager.Callback	Landroid/net/ip/IpManager$Callback;	351466	351476	1	0
2208	IpManager.InitialConfiguration	Landroid/net/ip/IpManager$InitialConfiguration;	351477	351487	1	0
2209	IpManager.ProvisioningConfiguration.Builder	Landroid/net/ip/IpManager$ProvisioningConfiguration$Builder;	351488	351661	1	23
2210	IpManager.ProvisioningConfiguration	Landroid/net/ip/IpManager$ProvisioningConfiguration;	351662	351672	1	0
2211	IpManager	Landroid/net/ip/IpManager;	351673	351697	2	1
2212	IpNeighborMonitor	Landroid/net/ip/IpNeighborMonitor;	351698	352009	7	2
2213	IpReachabilityMonitor.Dependencies.1	Landroid/net/ip/IpReachabilityMonitor$Dependencies$1;	352010	352031	1	1
2214	ConntrackMessage	Landroid/net/netlink/ConntrackMessage;	352032	352151	2	1
2215	NetlinkErrorMessage	Landroid/net/netlink/NetlinkErrorMessage;	352152	352231	2	2
2216	RtNetlinkNeighborMessage	Landroid/net/netlink/RtNetlinkNeighborMessage;	352232	352675	6	8
2217	CoordinatorLayout.1	Landroid/support/design/widget/CoordinatorLayout$1;	352676	352697	1	1
2218	CoordinatorLayout.SavedState	Landroid/support/design/widget/CoordinatorLayout$SavedState;	352698	352789	3	1
2219	InputContentInfoCompat.InputContentInfoCompatApi25Impl	Landroid/support/v13/view/inputmethod/InputContentInfoCompat$InputContentInfoCompatApi25Impl;	352790	352870	2	6
2220	InputContentInfoCompat.InputContentInfoCompatBaseImpl	Landroid/support/v13/view/inputmethod/InputContentInfoCompat$InputContentInfoCompatBaseImpl;	352871	352920	1	6
2221	ActionBarDrawerToggle	Landroid/support/v4/app/ActionBarDrawerToggle;	352921	353471	7	11
2222	ActivityCompat.SharedElementCallback23Impl.1	Landroid/support/v4/app/ActivityCompat$SharedElementCallback23Impl$1;	353472	353494	1	1
2223	ActivityCompat.SharedElementCallback23Impl	Landroid/support/v4/app/ActivityCompat$SharedElementCallback23Impl;	353495	353517	1	1
2224	ActivityCompat	Landroid/support/v4/app/ActivityCompat;	353518	353782	17	0
2225	ActivityOptionsCompat.ActivityOptionsCompatImpl	Landroid/support/v4/app/ActivityOptionsCompat$ActivityOptionsCompatImpl;	353783	353865	1	5
2226	BackStackRecord	Landroid/support/v4/app/BackStackRecord;	353866	355747	3	55
2227	Fragment.2	Landroid/support/v4/app/Fragment$2;	355748	355805	1	3
2228	Fragment.3	Landroid/support/v4/app/Fragment$3;	355806	355840	1	1
2229	Fragment	Landroid/support/v4/app/Fragment;	355841	359314	10	162
2230	FragmentHostCallback	Landroid/support/v4/app/FragmentHostCallback;	359315	359505	3	19
2231	FragmentManagerImpl.2	Landroid/support/v4/app/FragmentManagerImpl$2;	359506	359535	1	1
2232	FragmentManagerImpl.AnimateOnHWLayerIfNeededListener	Landroid/support/v4/app/FragmentManagerImpl$AnimateOnHWLayerIfNeededListener;	359536	359578	1	1
2233	FragmentManagerImpl.PopBackStackState	Landroid/support/v4/app/FragmentManagerImpl$PopBackStackState;	359579	359639	1	1
2234	FragmentManagerImpl.StartEnterTransitionListener	Landroid/support/v4/app/FragmentManagerImpl$StartEnterTransitionListener;	359640	359781	3	5
2235	FragmentManagerImpl	Landroid/support/v4/app/FragmentManagerImpl;	359782	367102	35	100
2236	FragmentPagerAdapter	Landroid/support/v4/app/FragmentPagerAdapter;	367103	367317	2	10
2237	FragmentStatePagerAdapter	Landroid/support/v4/app/FragmentStatePagerAdapter;	367318	367714	1	9
2238	FragmentTransitionCompat21	Landroid/support/v4/app/FragmentTransitionCompat21;	367715	368110	2	16
2239	FrameMetricsAggregator.FrameMetricsApi24Impl	Landroid/support/v4/app/FrameMetricsAggregator$FrameMetricsApi24Impl;	368111	368316	2	6
2240	INotificationSideChannel.Stub.Proxy	Landroid/support/v4/app/INotificationSideChannel$Stub$Proxy;	368317	368436	1	5
2241	INotificationSideChannel.Stub	Landroid/support/v4/app/INotificationSideChannel$Stub;	368437	368540	2	2
2242	JobIntentService.CompatWorkEnqueuer	Landroid/support/v4/app/JobIntentService$CompatWorkEnqueuer;	368541	368713	1	4
2243	JobIntentService.CompatWorkItem	Landroid/support/v4/app/JobIntentService$CompatWorkItem;	368714	368748	1	2
2244	JobIntentService.JobServiceEngineImpl.WrapperWorkItem	Landroid/support/v4/app/JobIntentService$JobServiceEngineImpl$WrapperWorkItem;	368749	368800	1	2
2245	JobIntentService.JobServiceEngineImpl	Landroid/support/v4/app/JobIntentService$JobServiceEngineImpl;	368801	368899	1	4
2246	JobIntentService.JobWorkEnqueuer	Landroid/support/v4/app/JobIntentService$JobWorkEnqueuer;	368900	368948	1	1
2247	LoaderManagerImpl.LoaderObserver	Landroid/support/v4/app/LoaderManagerImpl$LoaderObserver;	368949	369067	1	5
2248	LoaderManagerImpl.LoaderViewModel.1	Landroid/support/v4/app/LoaderManagerImpl$LoaderViewModel$1;	369068	369083	1	1
2249	LoaderManagerImpl.LoaderViewModel	Landroid/support/v4/app/LoaderManagerImpl$LoaderViewModel;	369084	369322	3	10
2250	LoaderManagerImpl	Landroid/support/v4/app/LoaderManagerImpl;	369323	369700	3	8
2251	NotificationCompat.Action.WearableExtender	Landroid/support/v4/app/NotificationCompat$Action$WearableExtender;	369701	369951	3	15
2252	NotificationCompat.BigPictureStyle	Landroid/support/v4/app/NotificationCompat$BigPictureStyle;	369952	370045	2	5
2253	NotificationCompat.BigTextStyle	Landroid/support/v4/app/NotificationCompat$BigTextStyle;	370046	370123	2	4
2254	NotificationCompat.CarExtender	Landroid/support/v4/app/NotificationCompat$CarExtender;	370124	370485	4	7
2255	NotificationCompat.DecoratedCustomViewStyle	Landroid/support/v4/app/NotificationCompat$DecoratedCustomViewStyle;	370486	370714	3	4
2256	NotificationCompat.InboxStyle	Landroid/support/v4/app/NotificationCompat$InboxStyle;	370715	370813	2	4
2257	NotificationCompat.MessagingStyle	Landroid/support/v4/app/NotificationCompat$MessagingStyle;	370814	371598	8	13
2258	NotificationCompat.WearableExtender	Landroid/support/v4/app/NotificationCompat$WearableExtender;	371599	372493	4	47
2259	NotificationCompatBuilder	Landroid/support/v4/app/NotificationCompatBuilder;	372494	373512	3	3
2260	NotificationManagerCompat.CancelTask	Landroid/support/v4/app/NotificationManagerCompat$CancelTask;	373513	373610	2	2
2261	NotificationManagerCompat.NotifyTask	Landroid/support/v4/app/NotificationManagerCompat$NotifyTask;	373611	373678	1	2
2262	SupportActivity	Landroid/support/v4/app/SupportActivity;	373679	373748	1	5
2263	AsyncTaskLoader.LoadTask	Landroid/support/v4/content/AsyncTaskLoader$LoadTask;	373749	373859	1	6
2264	AsyncTaskLoader	Landroid/support/v4/content/AsyncTaskLoader;	373860	374182	2	13
2265	FileProvider.SimplePathStrategy	Landroid/support/v4/content/FileProvider$SimplePathStrategy;	374183	374453	1	3
2266	ModernAsyncTask.2	Landroid/support/v4/content/ModernAsyncTask$2;	374454	374509	1	1
2267	FontResourcesParserCompat.FontFamilyFilesResourceEntry	Landroid/support/v4/content/res/FontResourcesParserCompat$FontFamilyFilesResourceEntry;	374510	374528	1	1
2268	FontResourcesParserCompat.ProviderResourceEntry	Landroid/support/v4/content/res/FontResourcesParserCompat$ProviderResourceEntry;	374529	374565	1	3
2269	TypefaceCompatApi21Impl	Landroid/support/v4/graphics/TypefaceCompatApi21Impl;	374566	374703	2	1
2270	TypefaceCompatApi24Impl	Landroid/support/v4/graphics/TypefaceCompatApi24Impl;	374704	374961	6	2
2271	TypefaceCompatBaseImpl.1	Landroid/support/v4/graphics/TypefaceCompatBaseImpl$1;	374962	375007	1	4
2272	TypefaceCompatBaseImpl.2	Landroid/support/v4/graphics/TypefaceCompatBaseImpl$2;	375008	375053	1	4
2273	IconCompatParcelizer	Landroid/support/v4/graphics/drawable/IconCompatParcelizer;	375054	375078	3	0
2274	RoundedBitmapDrawable21	Landroid/support/v4/graphics/drawable/RoundedBitmapDrawable21;	375079	375148	1	4
2275	RoundedBitmapDrawableFactory.DefaultRoundedBitmapDrawable	Landroid/support/v4/graphics/drawable/RoundedBitmapDrawableFactory$DefaultRoundedBitmapDrawable;	375149	375200	1	3
2276	WrappedDrawableApi14.DrawableWrapperStateBase	Landroid/support/v4/graphics/drawable/WrappedDrawableApi14$DrawableWrapperStateBase;	375201	375217	1	1
2277	WrappedDrawableApi14	Landroid/support/v4/graphics/drawable/WrappedDrawableApi14;	375218	375828	5	36
2278	WrappedDrawableApi21.DrawableWrapperStateLollipop	Landroid/support/v4/graphics/drawable/WrappedDrawableApi21$DrawableWrapperStateLollipop;	375829	375844	1	1
2279	SupportSubMenu	Landroid/support/v4/internal/view/SupportSubMenu;	375845	375847	0	0
2280	AudioFocusHandler.AudioFocusHandlerImplBase	Landroid/support/v4/media/AudioFocusHandler$AudioFocusHandlerImplBase;	375848	376220	13	5
2281	IMediaController2.Stub.Proxy	Landroid/support/v4/media/IMediaController2$Stub$Proxy;	376221	377103	1	25
2282	IMediaController2.Stub	Landroid/support/v4/media/IMediaController2$Stub;	377104	377702	2	2
2283	IMediaSession2.Stub.Proxy	Landroid/support/v4/media/IMediaSession2$Stub$Proxy;	377703	379233	1	42
2284	IMediaSession2.Stub	Landroid/support/v4/media/IMediaSession2$Stub;	379234	380066	2	2
2285	MediaBrowser2.BrowserCallback	Landroid/support/v4/media/MediaBrowser2$BrowserCallback;	380067	380101	1	6
2286	MediaBrowser2.SupportLibraryImpl	Landroid/support/v4/media/MediaBrowser2$SupportLibraryImpl;	380102	380126	0	7
2287	MediaBrowser2	Landroid/support/v4/media/MediaBrowser2;	380127	380286	2	13
2288	MediaBrowser2ImplLegacy.3	Landroid/support/v4/media/MediaBrowser2ImplLegacy$3;	380287	380328	1	2
2289	MediaBrowser2ImplLegacy.4	Landroid/support/v4/media/MediaBrowser2ImplLegacy$4;	380329	380358	1	2
2290	MediaBrowser2ImplLegacy.5	Landroid/support/v4/media/MediaBrowser2ImplLegacy$5;	380359	380404	1	2
2291	MediaBrowser2ImplLegacy.GetChildrenCallback	Landroid/support/v4/media/MediaBrowser2ImplLegacy$GetChildrenCallback;	380405	380505	4	4
2292	MediaBrowser2ImplLegacy.GetLibraryRootCallback	Landroid/support/v4/media/MediaBrowser2ImplLegacy$GetLibraryRootCallback;	380506	380553	2	3
2293	MediaBrowser2ImplLegacy.SubscribeCallback	Landroid/support/v4/media/MediaBrowser2ImplLegacy$SubscribeCallback;	380554	380638	2	4
2294	MediaBrowserCompat.ConnectionCallback.StubApi21	Landroid/support/v4/media/MediaBrowserCompat$ConnectionCallback$StubApi21;	380639	380710	1	3
2295	MediaBrowserCompat.CustomActionResultReceiver	Landroid/support/v4/media/MediaBrowserCompat$CustomActionResultReceiver;	380711	380795	1	1
2296	MediaBrowserCompat.ItemCallback.StubApi23	Landroid/support/v4/media/MediaBrowserCompat$ItemCallback$StubApi23;	380796	380843	1	2
2297	MediaBrowserCompat.ItemReceiver	Landroid/support/v4/media/MediaBrowserCompat$ItemReceiver;	380844	380907	1	1
2298	MediaBrowserCompat.MediaBrowserImplApi21	Landroid/support/v4/media/MediaBrowserCompat$MediaBrowserImplApi21;	380908	381593	1	19
2299	MediaBrowserCompat.MediaBrowserImplBase	Landroid/support/v4/media/MediaBrowserCompat$MediaBrowserImplBase;	381594	382671	3	18
2300	MediaBrowserCompat.SearchResultReceiver	Landroid/support/v4/media/MediaBrowserCompat$SearchResultReceiver;	382672	382744	1	1
2301	MediaBrowserCompat.SubscriptionCallback.StubApi21	Landroid/support/v4/media/MediaBrowserCompat$SubscriptionCallback$StubApi21;	382745	382861	1	3
2302	MediaBrowserCompatApi26.SubscriptionCallback	Landroid/support/v4/media/MediaBrowserCompatApi26$SubscriptionCallback;	382862	382871	0	2
2303	MediaBrowserCompatApi26.SubscriptionCallbackProxy	Landroid/support/v4/media/MediaBrowserCompatApi26$SubscriptionCallbackProxy;	382872	382902	1	2
2304	MediaBrowserServiceCompat.1	Landroid/support/v4/media/MediaBrowserServiceCompat$1;	382903	383031	1	2
2305	MediaBrowserServiceCompat.2	Landroid/support/v4/media/MediaBrowserServiceCompat$2;	383032	383083	1	2
2306	MediaBrowserServiceCompat.3	Landroid/support/v4/media/MediaBrowserServiceCompat$3;	383084	383141	1	2
2307	MediaBrowserServiceCompat.4	Landroid/support/v4/media/MediaBrowserServiceCompat$4;	383142	383197	1	4
2308	MediaBrowserServiceCompat.MediaBrowserServiceImplApi21.2	Landroid/support/v4/media/MediaBrowserServiceCompat$MediaBrowserServiceImplApi21$2;	383198	383260	1	3
2309	MediaBrowserServiceCompat.MediaBrowserServiceImplApi21	Landroid/support/v4/media/MediaBrowserServiceCompat$MediaBrowserServiceImplApi21;	383261	383561	1	11
2310	MediaBrowserServiceCompat.MediaBrowserServiceImplApi23.1	Landroid/support/v4/media/MediaBrowserServiceCompat$MediaBrowserServiceImplApi23$1;	383562	383616	1	3
2311	MediaBrowserServiceCompat.MediaBrowserServiceImplApi26.1	Landroid/support/v4/media/MediaBrowserServiceCompat$MediaBrowserServiceImplApi26$1;	383617	383682	1	3
2312	MediaBrowserServiceCompat.MediaBrowserServiceImplBase	Landroid/support/v4/media/MediaBrowserServiceCompat$MediaBrowserServiceImplBase;	383683	383848	1	7
2313	MediaBrowserServiceCompat.ServiceCallbacksCompat	Landroid/support/v4/media/MediaBrowserServiceCompat$ServiceCallbacksCompat;	383849	383956	2	4
2314	MediaBrowserServiceCompatApi23.MediaBrowserServiceAdaptor	Landroid/support/v4/media/MediaBrowserServiceCompatApi23$MediaBrowserServiceAdaptor;	383957	383979	1	1
2315	MediaBrowserServiceCompatApi23.ServiceCompatProxy	Landroid/support/v4/media/MediaBrowserServiceCompatApi23$ServiceCompatProxy;	383980	383986	0	1
2316	MediaController2ImplBase	Landroid/support/v4/media/MediaController2ImplBase;	383987	385812	8	72
2317	MediaController2ImplLegacy.ConnectionCallback	Landroid/support/v4/media/MediaController2ImplLegacy$ConnectionCallback;	385813	385870	2	3
2318	MediaController2ImplLegacy.ControllerCompatCallback	Landroid/support/v4/media/MediaController2ImplLegacy$ControllerCompatCallback;	385871	386478	2	5
2319	MediaController2ImplLegacy	Landroid/support/v4/media/MediaController2ImplLegacy;	386479	388223	32	55
2320	MediaInterface2.SessionPlayer	Landroid/support/v4/media/MediaInterface2$SessionPlayer;	388224	388236	0	3
2321	MediaLibraryService2.MediaLibrarySession.Builder	Landroid/support/v4/media/MediaLibraryService2$MediaLibrarySession$Builder;	388237	388377	1	12
2322	MediaLibraryService2.MediaLibrarySession.MediaLibrarySessionCallback	Landroid/support/v4/media/MediaLibraryService2$MediaLibrarySession$MediaLibrarySessionCallback;	388378	388421	1	7
2323	MediaLibraryService2	Landroid/support/v4/media/MediaLibraryService2;	388422	388473	1	5
2324	MediaLibraryService2LegacyStub	Landroid/support/v4/media/MediaLibraryService2LegacyStub;	388474	388683	3	6
2325	MediaLibrarySessionImplBase.1	Landroid/support/v4/media/MediaLibrarySessionImplBase$1;	388684	388715	1	1
2326	MediaLibrarySessionImplBase.2	Landroid/support/v4/media/MediaLibrarySessionImplBase$2;	388716	388782	1	1
2327	MediaLibrarySessionImplBase.3	Landroid/support/v4/media/MediaLibrarySessionImplBase$3;	388783	388814	1	1
2328	MediaLibrarySessionImplBase.4	Landroid/support/v4/media/MediaLibrarySessionImplBase$4;	388815	388860	1	1
2329	MediaLibrarySessionImplBase.5	Landroid/support/v4/media/MediaLibrarySessionImplBase$5;	388861	388888	1	1
2330	MediaLibrarySessionImplBase.6	Landroid/support/v4/media/MediaLibrarySessionImplBase$6;	388889	388929	1	1
2331	MediaLibrarySessionImplBase.7	Landroid/support/v4/media/MediaLibrarySessionImplBase$7;	388930	388970	1	1
2332	MediaPlayer2Impl.10	Landroid/support/v4/media/MediaPlayer2Impl$10;	388971	388998	1	1
2333	MediaPlayer2Impl.11	Landroid/support/v4/media/MediaPlayer2Impl$11;	388999	389026	1	1
2334	MediaPlayer2Impl.12.1	Landroid/support/v4/media/MediaPlayer2Impl$12$1;	389027	389054	1	1
2335	MediaPlayer2Impl.12	Landroid/support/v4/media/MediaPlayer2Impl$12;	389055	389079	1	1
2336	MediaPlayer2Impl.13	Landroid/support/v4/media/MediaPlayer2Impl$13;	389080	389107	1	1
2337	MediaPlayer2Impl.15	Landroid/support/v4/media/MediaPlayer2Impl$15;	389108	389135	1	1
2338	MediaPlayer2Impl.16	Landroid/support/v4/media/MediaPlayer2Impl$16;	389136	389167	1	1
2339	MediaPlayer2Impl.17	Landroid/support/v4/media/MediaPlayer2Impl$17;	389168	389195	1	1
2340	MediaPlayer2Impl.18	Landroid/support/v4/media/MediaPlayer2Impl$18;	389196	389223	1	1
2341	MediaPlayer2Impl.19	Landroid/support/v4/media/MediaPlayer2Impl$19;	389224	389251	1	1
2342	MediaPlayer2Impl.1	Landroid/support/v4/media/MediaPlayer2Impl$1;	389252	389287	1	1
2343	MediaPlayer2Impl.20	Landroid/support/v4/media/MediaPlayer2Impl$20;	389288	389315	1	1
2344	MediaPlayer2Impl.21	Landroid/support/v4/media/MediaPlayer2Impl$21;	389316	389343	1	1
2345	MediaPlayer2Impl.23	Landroid/support/v4/media/MediaPlayer2Impl$23;	389344	389374	1	1
2346	MediaPlayer2Impl.28.1	Landroid/support/v4/media/MediaPlayer2Impl$28$1;	389375	389407	1	1
2347	MediaPlayer2Impl.28.2	Landroid/support/v4/media/MediaPlayer2Impl$28$2;	389408	389440	1	1
2348	MediaPlayer2Impl.2	Landroid/support/v4/media/MediaPlayer2Impl$2;	389441	389464	1	1
2349	MediaPlayer2Impl.30.1	Landroid/support/v4/media/MediaPlayer2Impl$30$1;	389465	389503	1	1
2350	MediaPlayer2Impl.31.1	Landroid/support/v4/media/MediaPlayer2Impl$31$1;	389504	389536	1	1
2351	MediaPlayer2Impl.32.1	Landroid/support/v4/media/MediaPlayer2Impl$32$1;	389537	389569	1	1
2352	MediaPlayer2Impl.33.1	Landroid/support/v4/media/MediaPlayer2Impl$33$1;	389570	389622	1	1
2353	MediaPlayer2Impl.34.1	Landroid/support/v4/media/MediaPlayer2Impl$34$1;	389623	389652	1	1
2354	MediaPlayer2Impl.35.1	Landroid/support/v4/media/MediaPlayer2Impl$35$1;	389653	389687	1	1
2355	MediaPlayer2Impl.36.1	Landroid/support/v4/media/MediaPlayer2Impl$36$1;	389688	389740	1	1
2356	MediaPlayer2Impl.37.1	Landroid/support/v4/media/MediaPlayer2Impl$37$1;	389741	389776	1	1
2357	MediaPlayer2Impl.38.1	Landroid/support/v4/media/MediaPlayer2Impl$38$1;	389777	389813	1	1
2358	MediaPlayer2Impl.39.1	Landroid/support/v4/media/MediaPlayer2Impl$39$1;	389814	389850	1	1
2359	MediaPlayer2Impl.3	Landroid/support/v4/media/MediaPlayer2Impl$3;	389851	389874	1	1
2360	MediaPlayer2Impl.40.1	Landroid/support/v4/media/MediaPlayer2Impl$40$1;	389875	389920	1	1
2361	MediaPlayer2Impl.41.1	Landroid/support/v4/media/MediaPlayer2Impl$41$1;	389921	389969	1	1
2362	MediaPlayer2Impl.4	Landroid/support/v4/media/MediaPlayer2Impl$4;	389970	389993	1	1
2363	MediaPlayer2Impl.5	Landroid/support/v4/media/MediaPlayer2Impl$5;	389994	390017	1	1
2364	MediaPlayer2Impl.6	Landroid/support/v4/media/MediaPlayer2Impl$6;	390018	390045	1	1
2365	MediaPlayer2Impl.7	Landroid/support/v4/media/MediaPlayer2Impl$7;	390046	390082	1	1
2366	MediaPlayer2Impl.8	Landroid/support/v4/media/MediaPlayer2Impl$8;	390083	390118	1	1
2367	MediaPlayer2Impl.9	Landroid/support/v4/media/MediaPlayer2Impl$9;	390119	390178	1	1
2368	MediaPlayer2Impl.BaseMediaPlayerImpl	Landroid/support/v4/media/MediaPlayer2Impl$BaseMediaPlayerImpl;	390179	390464	2	25
2369	MediaPlayer2Impl.DrmInfoImpl	Landroid/support/v4/media/MediaPlayer2Impl$DrmInfoImpl;	390465	390842	7	2
2370	MediaPlayer2Impl.MediaPlayerSourceQueue.1	Landroid/support/v4/media/MediaPlayer2Impl$MediaPlayerSourceQueue$1;	390843	390872	1	1
2371	MediaPlayer2Impl.MediaPlayerSourceQueue.2	Landroid/support/v4/media/MediaPlayer2Impl$MediaPlayerSourceQueue$2;	390873	390904	1	1
2372	MediaPlayer2Impl.MediaPlayerSourceQueue.3	Landroid/support/v4/media/MediaPlayer2Impl$MediaPlayerSourceQueue$3;	390905	390935	1	1
2373	MediaPlayer2Impl.MediaPlayerSourceQueue.4	Landroid/support/v4/media/MediaPlayer2Impl$MediaPlayerSourceQueue$4;	390936	390968	1	1
2374	MediaPlayer2Impl.MediaPlayerSourceQueue.5	Landroid/support/v4/media/MediaPlayer2Impl$MediaPlayerSourceQueue$5;	390969	390998	1	1
2375	MediaPlayer2Impl.MediaPlayerSourceQueue.6	Landroid/support/v4/media/MediaPlayer2Impl$MediaPlayerSourceQueue$6;	390999	391035	1	1
2376	MediaPlayer2Impl.NoDrmSchemeExceptionImpl	Landroid/support/v4/media/MediaPlayer2Impl$NoDrmSchemeExceptionImpl;	391036	391046	1	0
2377	MediaPlayer2Impl.ProvisioningNetworkErrorExceptionImpl	Landroid/support/v4/media/MediaPlayer2Impl$ProvisioningNetworkErrorExceptionImpl;	391047	391057	1	0
2378	MediaPlayer2Impl.ProvisioningServerErrorExceptionImpl	Landroid/support/v4/media/MediaPlayer2Impl$ProvisioningServerErrorExceptionImpl;	391058	391068	1	0
2379	MediaPlayer2Impl.Task.1	Landroid/support/v4/media/MediaPlayer2Impl$Task$1;	391069	391104	1	1
2380	MediaPlayer2Impl.TrackInfoImpl	Landroid/support/v4/media/MediaPlayer2Impl$TrackInfoImpl;	391105	391224	1	4
2381	MediaPlayer2Impl	Landroid/support/v4/media/MediaPlayer2Impl;	391225	392830	38	52
2382	MediaSession2.Builder.1	Landroid/support/v4/media/MediaSession2$Builder$1;	392831	392842	1	0
2383	MediaSession2.Builder	Landroid/support/v4/media/MediaSession2$Builder;	392843	392989	1	13
2384	MediaSession2ImplBase.10	Landroid/support/v4/media/MediaSession2ImplBase$10;	392990	393013	1	1
2385	MediaSession2ImplBase.11	Landroid/support/v4/media/MediaSession2ImplBase$11;	393014	393037	1	1
2386	MediaSession2ImplBase.12	Landroid/support/v4/media/MediaSession2ImplBase$12;	393038	393061	1	1
2387	MediaSession2ImplBase.13	Landroid/support/v4/media/MediaSession2ImplBase$13;	393062	393085	1	1
2388	MediaSession2ImplBase.14	Landroid/support/v4/media/MediaSession2ImplBase$14;	393086	393118	1	1
2389	MediaSession2ImplBase.15	Landroid/support/v4/media/MediaSession2ImplBase$15;	393119	393150	1	1
2390	MediaSession2ImplBase.16	Landroid/support/v4/media/MediaSession2ImplBase$16;	393151	393183	1	1
2391	MediaSession2ImplBase.17	Landroid/support/v4/media/MediaSession2ImplBase$17;	393184	393211	1	1
2392	MediaSession2ImplBase.18	Landroid/support/v4/media/MediaSession2ImplBase$18;	393212	393235	1	1
2393	MediaSession2ImplBase.19	Landroid/support/v4/media/MediaSession2ImplBase$19;	393236	393259	1	1
2394	MediaSession2ImplBase.1	Landroid/support/v4/media/MediaSession2ImplBase$1;	393260	393283	1	1
2395	MediaSession2ImplBase.20	Landroid/support/v4/media/MediaSession2ImplBase$20;	393284	393307	1	1
2396	MediaSession2ImplBase.2	Landroid/support/v4/media/MediaSession2ImplBase$2;	393308	393327	1	1
2397	MediaSession2ImplBase.3	Landroid/support/v4/media/MediaSession2ImplBase$3;	393328	393351	1	1
2398	MediaSession2ImplBase.4	Landroid/support/v4/media/MediaSession2ImplBase$4;	393352	393375	1	1
2399	MediaSession2ImplBase.5	Landroid/support/v4/media/MediaSession2ImplBase$5;	393376	393404	1	1
2400	MediaSession2ImplBase.6	Landroid/support/v4/media/MediaSession2ImplBase$6;	393405	393436	1	1
2401	MediaSession2ImplBase.7	Landroid/support/v4/media/MediaSession2ImplBase$7;	393437	393464	1	1
2402	MediaSession2ImplBase.8	Landroid/support/v4/media/MediaSession2ImplBase$8;	393465	393488	1	1
2403	MediaSession2ImplBase.9	Landroid/support/v4/media/MediaSession2ImplBase$9;	393489	393517	1	1
2404	MediaSession2ImplBase.MyPlayerEventCallback.1.1	Landroid/support/v4/media/MediaSession2ImplBase$MyPlayerEventCallback$1$1;	393518	393541	1	1
2405	MediaSession2ImplBase.MyPlayerEventCallback.2.1	Landroid/support/v4/media/MediaSession2ImplBase$MyPlayerEventCallback$2$1;	393542	393575	1	1
2406	MediaSession2ImplBase.MyPlayerEventCallback.3.1	Landroid/support/v4/media/MediaSession2ImplBase$MyPlayerEventCallback$3$1;	393576	393609	1	1
2407	MediaSession2ImplBase.MyPlayerEventCallback.4.1	Landroid/support/v4/media/MediaSession2ImplBase$MyPlayerEventCallback$4$1;	393610	393644	1	1
2408	MediaSession2ImplBase.MyPlayerEventCallback.5.1	Landroid/support/v4/media/MediaSession2ImplBase$MyPlayerEventCallback$5$1;	393645	393678	1	1
2409	MediaSession2ImplBase.MyPlayerEventCallback.6.1	Landroid/support/v4/media/MediaSession2ImplBase$MyPlayerEventCallback$6$1;	393679	393712	1	1
2410	MediaSession2ImplBase.MyPlayerEventCallback	Landroid/support/v4/media/MediaSession2ImplBase$MyPlayerEventCallback;	393713	393913	5	6
2411	MediaSession2ImplBase.MyPlaylistEventCallback	Landroid/support/v4/media/MediaSession2ImplBase$MyPlaylistEventCallback;	393914	393997	2	4
2412	MediaSession2Stub.10	Landroid/support/v4/media/MediaSession2Stub$10;	393998	394029	1	1
2413	MediaSession2Stub.11	Landroid/support/v4/media/MediaSession2Stub$11;	394030	394061	1	1
2414	MediaSession2Stub.12	Landroid/support/v4/media/MediaSession2Stub$12;	394062	394088	1	1
2415	MediaSession2Stub.13	Landroid/support/v4/media/MediaSession2Stub$13;	394089	394133	1	1
2416	MediaSession2Stub.14	Landroid/support/v4/media/MediaSession2Stub$14;	394134	394190	1	1
2417	MediaSession2Stub.15	Landroid/support/v4/media/MediaSession2Stub$15;	394191	394249	1	1
2418	MediaSession2Stub.16	Landroid/support/v4/media/MediaSession2Stub$16;	394250	394306	1	1
2419	MediaSession2Stub.17	Landroid/support/v4/media/MediaSession2Stub$17;	394307	394363	1	1
2420	MediaSession2Stub.18	Landroid/support/v4/media/MediaSession2Stub$18;	394364	394422	1	1
2421	MediaSession2Stub.19	Landroid/support/v4/media/MediaSession2Stub$19;	394423	394479	1	1
2422	MediaSession2Stub.20	Landroid/support/v4/media/MediaSession2Stub$20;	394480	394575	1	1
2423	MediaSession2Stub.21	Landroid/support/v4/media/MediaSession2Stub$21;	394576	394605	1	1
2424	MediaSession2Stub.22	Landroid/support/v4/media/MediaSession2Stub$22;	394606	394660	1	1
2425	MediaSession2Stub.23	Landroid/support/v4/media/MediaSession2Stub$23;	394661	394692	1	1
2426	MediaSession2Stub.24	Landroid/support/v4/media/MediaSession2Stub$24;	394693	394729	1	1
2427	MediaSession2Stub.25	Landroid/support/v4/media/MediaSession2Stub$25;	394730	394761	1	1
2428	MediaSession2Stub.26	Landroid/support/v4/media/MediaSession2Stub$26;	394762	394798	1	1
2429	MediaSession2Stub.27	Landroid/support/v4/media/MediaSession2Stub$27;	394799	394845	1	1
2430	MediaSession2Stub.28	Landroid/support/v4/media/MediaSession2Stub$28;	394846	394871	1	1
2431	MediaSession2Stub.29	Landroid/support/v4/media/MediaSession2Stub$29;	394872	394897	1	1
2432	MediaSession2Stub.30	Landroid/support/v4/media/MediaSession2Stub$30;	394898	394927	1	1
2433	MediaSession2Stub.31	Landroid/support/v4/media/MediaSession2Stub$31;	394928	394957	1	1
2434	MediaSession2Stub.32	Landroid/support/v4/media/MediaSession2Stub$32;	394958	394989	1	1
2435	MediaSession2Stub.33	Landroid/support/v4/media/MediaSession2Stub$33;	394990	395021	1	1
2436	MediaSession2Stub.34	Landroid/support/v4/media/MediaSession2Stub$34;	395022	395057	1	1
2437	MediaSession2Stub.35	Landroid/support/v4/media/MediaSession2Stub$35;	395058	395084	1	1
2438	MediaSession2Stub.36	Landroid/support/v4/media/MediaSession2Stub$36;	395085	395128	1	1
2439	MediaSession2Stub.37	Landroid/support/v4/media/MediaSession2Stub$37;	395129	395207	1	1
2440	MediaSession2Stub.38	Landroid/support/v4/media/MediaSession2Stub$38;	395208	395257	1	1
2441	MediaSession2Stub.39	Landroid/support/v4/media/MediaSession2Stub$39;	395258	395338	1	1
2442	MediaSession2Stub.40	Landroid/support/v4/media/MediaSession2Stub$40;	395339	395386	1	1
2443	MediaSession2Stub.41	Landroid/support/v4/media/MediaSession2Stub$41;	395387	395430	1	1
2444	MediaSession2Stub.4	Landroid/support/v4/media/MediaSession2Stub$4;	395431	395480	1	1
2445	MediaSession2Stub.5	Landroid/support/v4/media/MediaSession2Stub$5;	395481	395530	1	1
2446	MediaSession2Stub.6	Landroid/support/v4/media/MediaSession2Stub$6;	395531	395553	1	1
2447	MediaSession2Stub.7	Landroid/support/v4/media/MediaSession2Stub$7;	395554	395576	1	1
2448	MediaSession2Stub.8	Landroid/support/v4/media/MediaSession2Stub$8;	395577	395599	1	1
2449	MediaSession2Stub.9	Landroid/support/v4/media/MediaSession2Stub$9;	395600	395622	1	1
2450	MediaSession2Stub.Controller2Cb	Landroid/support/v4/media/MediaSession2Stub$Controller2Cb;	395623	395904	1	23
2451	MediaSessionLegacyStub.ControllerLegacyCb	Landroid/support/v4/media/MediaSessionLegacyStub$ControllerLegacyCb;	395905	396275	1	23
2452	MediaSessionLegacyStub	Landroid/support/v4/media/MediaSessionLegacyStub;	396276	396721	18	8
2453	MediaSessionManagerImplApi28.RemoteUserInfo	Landroid/support/v4/media/MediaSessionManagerImplApi28$RemoteUserInfo;	396722	396766	1	3
2454	MediaSessionManagerImplBase.RemoteUserInfo	Landroid/support/v4/media/MediaSessionManagerImplBase$RemoteUserInfo;	396767	396859	1	5
2455	MediaSessionManagerImplBase	Landroid/support/v4/media/MediaSessionManagerImplBase;	396860	397053	3	3
2456	MediaSessionService2ImplBase	Landroid/support/v4/media/MediaSessionService2ImplBase;	397054	397252	1	5
2457	SessionPlaylistAgentImplBase.MyPlayerEventCallback	Landroid/support/v4/media/SessionPlaylistAgentImplBase$MyPlayerEventCallback;	397253	397316	2	1
2458	SessionPlaylistAgentImplBase	Landroid/support/v4/media/SessionPlaylistAgentImplBase;	397317	398362	17	20
2459	SessionToken2.1.1	Landroid/support/v4/media/SessionToken2$1$1;	398363	398411	1	1
2460	SessionToken2ImplBase	Landroid/support/v4/media/SessionToken2ImplBase;	398412	398951	7	11
2461	SessionToken2ImplLegacy	Landroid/support/v4/media/SessionToken2ImplLegacy;	398952	399081	2	11
2462	VolumeProviderCompat.1	Landroid/support/v4/media/VolumeProviderCompat$1;	399082	399113	1	2
2463	NotificationCompat.MediaStyle	Landroid/support/v4/media/app/NotificationCompat$MediaStyle;	399114	399529	4	12
2464	IMediaControllerCallback.Stub.Proxy	Landroid/support/v4/media/session/IMediaControllerCallback$Stub$Proxy;	399530	399931	1	15
2465	IMediaControllerCallback.Stub	Landroid/support/v4/media/session/IMediaControllerCallback$Stub;	399932	400160	2	2
2466	IMediaSession.Stub.Proxy	Landroid/support/v4/media/session/IMediaSession$Stub$Proxy;	400161	402008	1	51
2467	IMediaSession.Stub	Landroid/support/v4/media/session/IMediaSession$Stub;	402009	402809	2	2
2468	MediaButtonReceiver.MediaButtonConnectionCallback	Landroid/support/v4/media/session/MediaButtonReceiver$MediaButtonConnectionCallback;	402810	402891	2	4
2469	MediaControllerCompat.Callback.StubApi21	Landroid/support/v4/media/session/MediaControllerCompat$Callback$StubApi21;	402892	403051	1	8
2470	MediaControllerCompat.MediaControllerExtraData	Landroid/support/v4/media/session/MediaControllerCompat$MediaControllerExtraData;	403052	403070	1	1
2471	MediaControllerCompat.MediaControllerImplApi21	Landroid/support/v4/media/session/MediaControllerCompat$MediaControllerImplApi21;	403071	403681	5	25
2472	MediaControllerCompat.MediaControllerImplBase	Landroid/support/v4/media/session/MediaControllerCompat$MediaControllerImplBase;	403682	404139	1	25
2473	MediaControllerCompat.TransportControlsApi21	Landroid/support/v4/media/session/MediaControllerCompat$TransportControlsApi21;	404140	404438	1	23
2474	MediaControllerCompat.TransportControlsBase	Landroid/support/v4/media/session/MediaControllerCompat$TransportControlsBase;	404439	404771	1	23
2475	MediaSessionCompat.1	Landroid/support/v4/media/session/MediaSessionCompat$1;	404772	404783	1	0
2476	MediaSessionCompat.2	Landroid/support/v4/media/session/MediaSessionCompat$2;	404784	404795	1	0
2477	MediaSessionCompat.3	Landroid/support/v4/media/session/MediaSessionCompat$3;	404796	404807	1	0
2478	MediaSessionCompat.Callback.StubApi21	Landroid/support/v4/media/session/MediaSessionCompat$Callback$StubApi21;	404808	405295	1	16
2479	MediaSessionCompat.MediaSessionImplApi21	Landroid/support/v4/media/session/MediaSessionCompat$MediaSessionImplApi21;	405296	405775	7	25
2480	MediaSessionCompat.MediaSessionImplBase.1	Landroid/support/v4/media/session/MediaSessionCompat$MediaSessionImplBase$1;	405776	405824	1	1
2481	MediaSessionCompat.MediaSessionImplBase	Landroid/support/v4/media/session/MediaSessionCompat$MediaSessionImplBase;	405825	407170	11	36
2482	MediaSessionCompatApi23.Callback	Landroid/support/v4/media/session/MediaSessionCompatApi23$Callback;	407171	407177	0	1
2483	MediaSessionCompatApi23.CallbackProxy	Landroid/support/v4/media/session/MediaSessionCompatApi23$CallbackProxy;	407178	407198	1	1
2484	Cea608CCParser.PAC	Landroid/support/v4/media/subtitle/Cea608CCParser$PAC;	407199	407300	2	4
2485	Cea708CCParser.1	Landroid/support/v4/media/subtitle/Cea708CCParser$1;	407301	407316	1	1
2486	Cea708CaptionRenderer.Cea708CCWidget.CCLayout	Landroid/support/v4/media/subtitle/Cea708CaptionRenderer$Cea708CCWidget$CCLayout;	407317	407422	1	4
2487	Cea708CaptionRenderer.Cea708CCWidget.CCView	Landroid/support/v4/media/subtitle/Cea708CaptionRenderer$Cea708CCWidget$CCView;	407423	407503	4	1
2488	Cea708CaptionRenderer	Landroid/support/v4/media/subtitle/Cea708CaptionRenderer;	407504	407578	1	2
2489	ClosedCaptionRenderer.Cea608CCWidget.CCLayout	Landroid/support/v4/media/subtitle/ClosedCaptionRenderer$Cea608CCWidget$CCLayout;	407579	407764	1	5
2490	ClosedCaptionRenderer	Landroid/support/v4/media/subtitle/ClosedCaptionRenderer;	407765	407839	1	2
2491	ClosedCaptionWidget	Landroid/support/v4/media/subtitle/ClosedCaptionWidget;	407840	408035	5	8
2492	SubtitleTrack	Landroid/support/v4/media/subtitle/SubtitleTrack;	408036	408879	5	19
2493	IResultReceiver.Stub.Proxy	Landroid/support/v4/os/IResultReceiver$Stub$Proxy;	408880	408939	1	3
2494	IResultReceiver.Stub	Landroid/support/v4/os/IResultReceiver$Stub;	408940	409010	2	2
2495	LocaleListCompat.LocaleListCompatApi24Impl	Landroid/support/v4/os/LocaleListCompat$LocaleListCompatApi24Impl;	409011	409144	1	11
2496	LocaleListCompat.LocaleListCompatBaseImpl	Landroid/support/v4/os/LocaleListCompat$LocaleListCompatBaseImpl;	409145	409278	1	11
2497	FontsContractCompat.2	Landroid/support/v4/provider/FontsContractCompat$2;	409279	409336	1	2
2498	FontsContractCompat.3	Landroid/support/v4/provider/FontsContractCompat$3;	409337	409399	1	2
2499	RawDocumentFile	Landroid/support/v4/provider/RawDocumentFile;	409400	409726	3	16
2500	SingleDocumentFile	Landroid/support/v4/provider/SingleDocumentFile;	409727	409899	1	16
2501	TreeDocumentFile	Landroid/support/v4/provider/TreeDocumentFile;	409900	410223	3	16
2502	TextDirectionHeuristicsCompat.AnyStrong	Landroid/support/v4/text/TextDirectionHeuristicsCompat$AnyStrong;	410224	410288	2	1
2503	TextDirectionHeuristicsCompat.FirstStrong	Landroid/support/v4/text/TextDirectionHeuristicsCompat$FirstStrong;	410289	410325	2	1
2504	TextDirectionHeuristicsCompat.TextDirectionHeuristicImpl	Landroid/support/v4/text/TextDirectionHeuristicsCompat$TextDirectionHeuristicImpl;	410326	410392	2	3
2505	ArrayMap.1	Landroid/support/v4/util/ArrayMap$1;	410393	410492	1	9
2506	ArrayMap	Landroid/support/v4/util/ArrayMap;	410493	410612	4	7
2507	ArraySet.1	Landroid/support/v4/util/ArraySet$1;	410613	410704	1	9
2508	Pools.SimplePool	Landroid/support/v4/util/Pools$SimplePool;	410705	410795	2	2
2509	AbsSavedState.1	Landroid/support/v4/view/AbsSavedState$1;	410796	410807	1	0
2510	GestureDetectorCompat.GestureDetectorCompatImplBase	Landroid/support/v4/view/GestureDetectorCompat$GestureDetectorCompatImplBase;	410808	411576	6	5
2511	GestureDetectorCompat.GestureDetectorCompatImplJellybeanMr2	Landroid/support/v4/view/GestureDetectorCompat$GestureDetectorCompatImplJellybeanMr2;	411577	411630	1	4
2512	NestedScrollingChild2	Landroid/support/v4/view/NestedScrollingChild2;	411631	411649	0	5
2513	NestedScrollingParent2	Landroid/support/v4/view/NestedScrollingParent2;	411650	411668	0	5
2514	PagerTabStrip	Landroid/support/v4/view/PagerTabStrip;	411669	412199	2	14
2515	PagerTitleStrip.PageListener	Landroid/support/v4/view/PagerTitleStrip$PageListener;	412200	412345	1	5
2516	ViewPager.4	Landroid/support/v4/view/ViewPager$4;	412346	412459	1	1
2517	ViewPager.MyAccessibilityDelegate	Landroid/support/v4/view/ViewPager$MyAccessibilityDelegate;	412460	412627	2	3
2518	ViewPager.SavedState	Landroid/support/v4/view/ViewPager$SavedState;	412628	412715	3	2
2519	ViewPager.SimpleOnPageChangeListener	Landroid/support/v4/view/ViewPager$SimpleOnPageChangeListener;	412716	412736	1	3
2520	ViewPropertyAnimatorCompat.ViewPropertyAnimatorListenerApi14	Landroid/support/v4/view/ViewPropertyAnimatorCompat$ViewPropertyAnimatorListenerApi14;	412737	412867	1	3
2521	ViewPropertyAnimatorListenerAdapter	Landroid/support/v4/view/ViewPropertyAnimatorListenerAdapter;	412868	412888	1	3
2522	AccessibilityManagerCompat.AccessibilityStateChangeListenerCompat	Landroid/support/v4/view/accessibility/AccessibilityManagerCompat$AccessibilityStateChangeListenerCompat;	412889	412897	1	0
2523	AccessibilityNodeProviderCompat.AccessibilityNodeProviderApi19	Landroid/support/v4/view/accessibility/AccessibilityNodeProviderCompat$AccessibilityNodeProviderApi19;	412898	412924	1	1
2524	FastOutLinearInInterpolator	Landroid/support/v4/view/animation/FastOutLinearInInterpolator;	412925	412954	2	1
2525	FastOutSlowInInterpolator	Landroid/support/v4/view/animation/FastOutSlowInInterpolator;	412955	412983	2	1
2526	LinearOutSlowInInterpolator	Landroid/support/v4/view/animation/LinearOutSlowInInterpolator;	412984	413012	2	1
2527	CursorAdapter	Landroid/support/v4/widget/CursorAdapter;	413013	413433	3	20
2528	DrawerLayout.AccessibilityDelegate	Landroid/support/v4/widget/DrawerLayout$AccessibilityDelegate;	413434	413656	3	4
2529	DrawerLayout.ChildAccessibilityDelegate	Landroid/support/v4/widget/DrawerLayout$ChildAccessibilityDelegate;	413657	413679	1	1
2530	DrawerLayout.SavedState	Landroid/support/v4/widget/DrawerLayout$SavedState;	413680	413764	3	1
2531	DrawerLayout.SimpleDrawerListener	Landroid/support/v4/widget/DrawerLayout$SimpleDrawerListener;	413765	413789	1	4
2532	DrawerLayout.ViewDragCallback	Landroid/support/v4/widget/DrawerLayout$ViewDragCallback;	413790	414210	2	14
2533	ExploreByTouchHelper.1	Landroid/support/v4/widget/ExploreByTouchHelper$1;	414211	414236	1	2
2534	ExploreByTouchHelper.2	Landroid/support/v4/widget/ExploreByTouchHelper$2;	414237	414280	1	4
2535	ExploreByTouchHelper.MyNodeProvider	Landroid/support/v4/widget/ExploreByTouchHelper$MyNodeProvider;	414281	414337	1	3
2536	ExploreByTouchHelper	Landroid/support/v4/widget/ExploreByTouchHelper;	414338	415548	21	25
2537	ListViewAutoScrollHelper	Landroid/support/v4/widget/ListViewAutoScrollHelper;	415549	415622	1	3
2538	NestedScrollView.AccessibilityDelegate	Landroid/support/v4/widget/NestedScrollView$AccessibilityDelegate;	415623	415788	1	3
2539	SlidingPaneLayout.AccessibilityDelegate	Landroid/support/v4/widget/SlidingPaneLayout$AccessibilityDelegate;	415789	415975	2	4
2540	SlidingPaneLayout.DragHelperCallback	Landroid/support/v4/widget/SlidingPaneLayout$DragHelperCallback;	415976	416279	1	9
2541	SlidingPaneLayout.SavedState	Landroid/support/v4/widget/SlidingPaneLayout$SavedState;	416280	416324	3	1
2542	SlidingPaneLayout.SimplePanelSlideListener	Landroid/support/v4/widget/SlidingPaneLayout$SimplePanelSlideListener;	416325	416345	1	3
2543	SwipeRefreshLayout	Landroid/support/v4/widget/SwipeRefreshLayout;	416346	418259	19	49
2544	CustomVersionedParcelable	Landroidx/versionedparcelable/CustomVersionedParcelable;	418260	418276	1	2
2545	VersionedParcelParcel	Landroidx/versionedparcelable/VersionedParcelParcel;	418277	418733	3	26
2546	VersionedParcelStream	Landroidx/versionedparcelable/VersionedParcelStream;	418734	419614	4	28
2547	BluetoothMetricsProto.A2DPSessionOrBuilder	Lcom/android/bluetooth/BluetoothMetricsProto$A2DPSessionOrBuilder;	419615	419666	0	16
2548	BluetoothMetricsProto.BluetoothLogOrBuilder	Lcom/android/bluetooth/BluetoothMetricsProto$BluetoothLogOrBuilder;	419667	419754	0	28
2549	BluetoothMetricsProto.BluetoothSession.ConnectionTechnologyType.1	Lcom/android/bluetooth/BluetoothMetricsProto$BluetoothSession$ConnectionTechnologyType$1;	419755	419778	1	2
2550	BluetoothMetricsProto.BluetoothSession.ConnectionTechnologyType	Lcom/android/bluetooth/BluetoothMetricsProto$BluetoothSession$ConnectionTechnologyType;	419779	419876	7	1
2551	BluetoothMetricsProto.BluetoothSession.DisconnectReasonType.1	Lcom/android/bluetooth/BluetoothMetricsProto$BluetoothSession$DisconnectReasonType$1;	419877	419900	1	2
2552	BluetoothMetricsProto.BluetoothSession.DisconnectReasonType	Lcom/android/bluetooth/BluetoothMetricsProto$BluetoothSession$DisconnectReasonType;	419901	419998	7	1
2553	BluetoothMetricsProto.BluetoothSessionOrBuilder	Lcom/android/bluetooth/BluetoothMetricsProto$BluetoothSessionOrBuilder;	419999	420047	0	15
2554	BluetoothMetricsProto.DeviceInfo.DeviceType.1	Lcom/android/bluetooth/BluetoothMetricsProto$DeviceInfo$DeviceType$1;	420048	420071	1	2
2555	BluetoothMetricsProto.DeviceInfo.DeviceType	Lcom/android/bluetooth/BluetoothMetricsProto$DeviceInfo$DeviceType;	420072	420179	7	1
2556	BluetoothMetricsProto.DeviceInfoOrBuilder	Lcom/android/bluetooth/BluetoothMetricsProto$DeviceInfoOrBuilder;	420180	420195	0	4
2557	BluetoothMetricsProto.HeadsetProfileConnectionStatsOrBuilder	Lcom/android/bluetooth/BluetoothMetricsProto$HeadsetProfileConnectionStatsOrBuilder;	420196	420211	0	4
2558	BluetoothMetricsProto.HeadsetProfileType.1	Lcom/android/bluetooth/BluetoothMetricsProto$HeadsetProfileType$1;	420212	420235	1	2
2559	BluetoothMetricsProto.HeadsetProfileType	Lcom/android/bluetooth/BluetoothMetricsProto$HeadsetProfileType;	420236	420333	7	1
2560	BluetoothMetricsProto.PairEventOrBuilder	Lcom/android/bluetooth/BluetoothMetricsProto$PairEventOrBuilder;	420334	420355	0	6
2561	BluetoothMetricsProto.ProfileConnectionStatsOrBuilder	Lcom/android/bluetooth/BluetoothMetricsProto$ProfileConnectionStatsOrBuilder;	420356	420371	0	4
2562	BluetoothMetricsProto.ProfileId.1	Lcom/android/bluetooth/BluetoothMetricsProto$ProfileId$1;	420372	420395	1	2
2563	BluetoothMetricsProto.ProfileId	Lcom/android/bluetooth/BluetoothMetricsProto$ProfileId;	420396	420660	7	1
2564	BluetoothMetricsProto.RFCommSessionOrBuilder	Lcom/android/bluetooth/BluetoothMetricsProto$RFCommSessionOrBuilder;	420661	420676	0	4
2565	BluetoothMetricsProto.ScanEvent.ScanEventType.1	Lcom/android/bluetooth/BluetoothMetricsProto$ScanEvent$ScanEventType$1;	420677	420700	1	2
2566	BluetoothMetricsProto.ScanEvent.ScanEventType	Lcom/android/bluetooth/BluetoothMetricsProto$ScanEvent$ScanEventType;	420701	420790	7	1
2567	BluetoothMetricsProto.ScanEvent.ScanTechnologyType.1	Lcom/android/bluetooth/BluetoothMetricsProto$ScanEvent$ScanTechnologyType$1;	420791	420814	1	2
2568	BluetoothMetricsProto.ScanEvent.ScanTechnologyType	Lcom/android/bluetooth/BluetoothMetricsProto$ScanEvent$ScanTechnologyType;	420815	420922	7	1
2569	BluetoothMetricsProto.ScanEventOrBuilder	Lcom/android/bluetooth/BluetoothMetricsProto$ScanEventOrBuilder;	420923	420959	0	11
2570	BluetoothMetricsProto.WakeEvent.WakeEventType.1	Lcom/android/bluetooth/BluetoothMetricsProto$WakeEvent$WakeEventType$1;	420960	420983	1	2
2571	BluetoothMetricsProto.WakeEvent.WakeEventType	Lcom/android/bluetooth/BluetoothMetricsProto$WakeEvent$WakeEventType;	420984	421081	7	1
2572	BluetoothMetricsProto.WakeEventOrBuilder	Lcom/android/bluetooth/BluetoothMetricsProto$WakeEventOrBuilder;	421082	421115	0	10
2573	A2dpService.BluetoothA2dpBinder	Lcom/android/bluetooth/a2dp/A2dpService$BluetoothA2dpBinder;	421116	421412	2	20
2574	A2dpService	Lcom/android/bluetooth/a2dp/A2dpService;	421413	423567	14	34
2575	A2dpSinkService.BluetoothA2dpSinkBinder	Lcom/android/bluetooth/a2dpsink/A2dpSinkService$BluetoothA2dpSinkBinder;	423568	423734	2	10
2576	A2dpSinkService	Lcom/android/bluetooth/a2dpsink/A2dpSinkService;	423735	424147	4	17
2577	-..Lambda.AvrcpNativeInterface.vNJITuoaCzOnnbl8EHU94oBzRuA	Lcom/android/bluetooth/avrcp/-$$Lambda$AvrcpNativeInterface$vNJITuoaCzOnnbl8EHU94oBzRuA;	424148	424168	1	1
2578	-..Lambda.AvrcpNativeInterface.yqsIIES5LBrM35GDVi_3FCOWPYA	Lcom/android/bluetooth/avrcp/-$$Lambda$AvrcpNativeInterface$yqsIIES5LBrM35GDVi_3FCOWPYA;	424169	424189	1	1
2579	-..Lambda.BrowsablePlayerConnector.1.i5E7glYRZ-XLqbD778dPZvR6B8I	Lcom/android/bluetooth/avrcp/-$$Lambda$BrowsablePlayerConnector$1$i5E7glYRZ-XLqbD778dPZvR6B8I;	424190	424214	1	1
2580	-..Lambda.BrowsablePlayerConnector.fdgNUAOz5VZJmQj_Mu8ExJ_72XM	Lcom/android/bluetooth/avrcp/-$$Lambda$BrowsablePlayerConnector$fdgNUAOz5VZJmQj_Mu8ExJ_72XM;	424215	424239	1	1
2581	-..Lambda.BrowsedPlayerWrapper.MjrXLoCVu5C6yA2ANddZ5YSWGig	Lcom/android/bluetooth/avrcp/-$$Lambda$BrowsedPlayerWrapper$MjrXLoCVu5C6yA2ANddZ5YSWGig;	424240	424260	1	1
2582	-..Lambda.BrowsedPlayerWrapper._I4tpv73114PThjXMK1OamQg4OU	Lcom/android/bluetooth/avrcp/-$$Lambda$BrowsedPlayerWrapper$_I4tpv73114PThjXMK1OamQg4OU;	424261	424289	1	1
2583	-..Lambda.BrowsedPlayerWrapper.pAgwaRuz_O413B52yyLye-aoOv0	Lcom/android/bluetooth/avrcp/-$$Lambda$BrowsedPlayerWrapper$pAgwaRuz_O413B52yyLye-aoOv0;	424290	424314	1	1
2584	-..Lambda.MediaPlayerList.IzpG9loU5HiCBfcrlR93s62unzw	Lcom/android/bluetooth/avrcp/-$$Lambda$MediaPlayerList$IzpG9loU5HiCBfcrlR93s62unzw;	424315	424339	1	1
2585	-..Lambda.MediaPlayerList.NLIUEnJuInHd0r5Ci2ukbma39_s	Lcom/android/bluetooth/avrcp/-$$Lambda$MediaPlayerList$NLIUEnJuInHd0r5Ci2ukbma39_s;	424340	424364	1	1
2586	-..Lambda.MediaPlayerList.igObBs4BI0Rh_MdySAaee3CwLhA	Lcom/android/bluetooth/avrcp/-$$Lambda$MediaPlayerList$igObBs4BI0Rh_MdySAaee3CwLhA;	424365	424385	1	1
2587	-..Lambda.MediaPlayerList.jwgflNx4RoPKkWY8DrpCAk96UNg	Lcom/android/bluetooth/avrcp/-$$Lambda$MediaPlayerList$jwgflNx4RoPKkWY8DrpCAk96UNg;	424386	424417	1	1
2588	-..Lambda.MediaPlayerList.mGTItNIqyZg9XtVDDr_evulck_s	Lcom/android/bluetooth/avrcp/-$$Lambda$MediaPlayerList$mGTItNIqyZg9XtVDDr_evulck_s;	424418	424442	2	1
2589	Avrcp.AvrcpMediaRsp	Lcom/android/bluetooth/avrcp/Avrcp$AvrcpMediaRsp;	424443	424812	2	13
2590	Avrcp.MediaControllerListener	Lcom/android/bluetooth/avrcp/Avrcp$MediaControllerListener;	424813	424920	2	4
2591	AvrcpTargetService.AvrcpTargetBinder	Lcom/android/bluetooth/avrcp/AvrcpTargetService$AvrcpTargetBinder;	424921	424965	1	2
2592	AvrcpTargetService.ListCallback	Lcom/android/bluetooth/avrcp/AvrcpTargetService$ListCallback;	424966	425073	1	2
2593	AvrcpTargetService	Lcom/android/bluetooth/avrcp/AvrcpTargetService;	425074	425721	7	24
2594	BrowsedPlayerWrapper.BrowserSubscriptionCallback	Lcom/android/bluetooth/avrcp/BrowsedPlayerWrapper$BrowserSubscriptionCallback;	425722	425897	1	2
2595	BrowsedPlayerWrapper.MediaConnectionCallback	Lcom/android/bluetooth/avrcp/BrowsedPlayerWrapper$MediaConnectionCallback;	425898	426054	1	3
2596	GPMWrapper	Lcom/android/bluetooth/avrcp/GPMWrapper;	426055	426141	1	1
2597	MediaPlayerList.3	Lcom/android/bluetooth/avrcp/MediaPlayerList$3;	426142	426178	1	1
2598	MediaPlayerWrapper.MediaControllerListener	Lcom/android/bluetooth/avrcp/MediaPlayerWrapper$MediaControllerListener;	426179	426643	1	7
2599	AvrcpControllerService.BluetoothAvrcpControllerBinder	Lcom/android/bluetooth/avrcpcontroller/AvrcpControllerService$BluetoothAvrcpControllerBinder;	426644	426795	2	7
2600	AvrcpControllerService	Lcom/android/bluetooth/avrcpcontroller/AvrcpControllerService;	426796	429181	38	28
2601	AvrcpControllerStateMachine.ChangeFolderPath	Lcom/android/bluetooth/avrcpcontroller/AvrcpControllerStateMachine$ChangeFolderPath;	429182	429398	1	3
2602	AvrcpControllerStateMachine.GetFolderList	Lcom/android/bluetooth/avrcpcontroller/AvrcpControllerStateMachine$GetFolderList;	429399	429840	3	5
2603	AvrcpControllerStateMachine.GetPlayerListing	Lcom/android/bluetooth/avrcpcontroller/AvrcpControllerStateMachine$GetPlayerListing;	429841	429983	1	1
2604	AvrcpControllerStateMachine.MoveToRoot	Lcom/android/bluetooth/avrcpcontroller/AvrcpControllerStateMachine$MoveToRoot;	429984	430185	1	3
2605	AvrcpControllerStateMachine.SetAddresedPlayerAndPlayItem	Lcom/android/bluetooth/avrcpcontroller/AvrcpControllerStateMachine$SetAddresedPlayerAndPlayItem;	430186	430309	1	2
2606	AvrcpControllerStateMachine.SetBrowsedPlayer	Lcom/android/bluetooth/avrcpcontroller/AvrcpControllerStateMachine$SetBrowsedPlayer;	430310	430483	1	2
2607	AdapterState.BleOnState	Lcom/android/bluetooth/btservice/AdapterState$BleOnState;	430484	430557	2	2
2608	AdapterState.OffState	Lcom/android/bluetooth/btservice/AdapterState$OffState;	430558	430621	2	2
2609	AdapterState.OnState	Lcom/android/bluetooth/btservice/AdapterState$OnState;	430622	430685	2	2
2610	AdapterState.TurningBleOffState	Lcom/android/bluetooth/btservice/AdapterState$TurningBleOffState;	430686	430798	2	4
2611	AdapterState.TurningBleOnState	Lcom/android/bluetooth/btservice/AdapterState$TurningBleOnState;	430799	430911	2	4
2612	AdapterState.TurningOffState	Lcom/android/bluetooth/btservice/AdapterState$TurningOffState;	430912	431024	2	4
2613	AdapterState.TurningOnState	Lcom/android/bluetooth/btservice/AdapterState$TurningOnState;	431025	431137	2	4
2614	FosGattService.FosBluetoothGattBinder	Lcom/android/bluetooth/gatt/FosGattService$FosBluetoothGattBinder;	431138	431372	2	8
2615	GattService.BluetoothGattBinder	Lcom/android/bluetooth/gatt/GattService$BluetoothGattBinder;	431373	432289	1	58
2616	GattService.ClientMap	Lcom/android/bluetooth/gatt/GattService$ClientMap;	432290	432301	1	0
2617	GattService.ScannerMap	Lcom/android/bluetooth/gatt/GattService$ScannerMap;	432302	432313	1	0
2618	GattService.ServerMap	Lcom/android/bluetooth/gatt/GattService$ServerMap;	432314	432325	1	0
2619	GattService	Lcom/android/bluetooth/gatt/GattService;	432326	439466	66	127
2620	HealthService.BluetoothHealthBinder	Lcom/android/bluetooth/hdp/HealthService$BluetoothHealthBinder;	439467	439633	2	10
2621	HealthService	Lcom/android/bluetooth/hdp/HealthService;	439634	440946	46	15
2622	HearingAidService.BluetoothHearingAidBinder	Lcom/android/bluetooth/hearingaid/HearingAidService$BluetoothHearingAidBinder;	440947	441176	2	16
2623	HearingAidService	Lcom/android/bluetooth/hearingaid/HearingAidService;	441177	442907	11	25
2624	-..Lambda.HeadsetService.1.eJt5KOpRmibPD3Tpb-ARPmHl8aw	Lcom/android/bluetooth/hfp/-$$Lambda$HeadsetService$1$eJt5KOpRmibPD3Tpb-ARPmHl8aw;	442908	442928	1	1
2625	-..Lambda.HeadsetService.DialingOutTimeoutEvent.DfDBG7rWmVZbY_YyILx3boiOIbM	Lcom/android/bluetooth/hfp/-$$Lambda$HeadsetService$DialingOutTimeoutEvent$DfDBG7rWmVZbY_YyILx3boiOIbM;	442929	442949	1	1
2626	-..Lambda.HeadsetService.FsQNcvhQozMFhU0UreYYR8-NdlY	Lcom/android/bluetooth/hfp/-$$Lambda$HeadsetService$FsQNcvhQozMFhU0UreYYR8-NdlY;	442950	442987	1	1
2627	-..Lambda.HeadsetService.VoiceRecognitionTimeoutEvent.EV67KkqTR78Q6tNuwx9Q2WKkskk	Lcom/android/bluetooth/hfp/-$$Lambda$HeadsetService$VoiceRecognitionTimeoutEvent$EV67KkqTR78Q6tNuwx9Q2WKkskk;	442988	443008	1	1
2628	-..Lambda.HeadsetService.aK7IyaKUC7uqefRgWRqWtTOWFfE	Lcom/android/bluetooth/hfp/-$$Lambda$HeadsetService$aK7IyaKUC7uqefRgWRqWtTOWFfE;	443009	443029	1	1
2629	-..Lambda.HeadsetService.nkWyHwQ1Pld2lvc6gO-GGCls530	Lcom/android/bluetooth/hfp/-$$Lambda$HeadsetService$nkWyHwQ1Pld2lvc6gO-GGCls530;	443030	443075	1	1
2630	-..Lambda.HeadsetService.tvXsd6PW2g_Lq7-NAnok7BU3LUQ	Lcom/android/bluetooth/hfp/-$$Lambda$HeadsetService$tvXsd6PW2g_Lq7-NAnok7BU3LUQ;	443076	443096	1	1
2631	-..Lambda.HeadsetService.wVTEkKLAeSgOMGSZraQxSzc7kaA	Lcom/android/bluetooth/hfp/-$$Lambda$HeadsetService$wVTEkKLAeSgOMGSZraQxSzc7kaA;	443097	443121	2	1
2632	-..Lambda.HeadsetService.wWmTpua2-QzIxn0hEBAL3FrWr6c	Lcom/android/bluetooth/hfp/-$$Lambda$HeadsetService$wWmTpua2-QzIxn0hEBAL3FrWr6c;	443122	443146	2	1
2633	HeadsetAgIndicatorEnableState	Lcom/android/bluetooth/hfp/HeadsetAgIndicatorEnableState;	443147	443268	1	3
2634	HeadsetCallState	Lcom/android/bluetooth/hfp/HeadsetCallState;	443269	443434	1	3
2635	HeadsetClccResponse	Lcom/android/bluetooth/hfp/HeadsetClccResponse;	443435	443534	1	1
2636	HeadsetDeviceState	Lcom/android/bluetooth/hfp/HeadsetDeviceState;	443535	443601	1	1
2637	HeadsetService.BluetoothHeadsetBinder	Lcom/android/bluetooth/hfp/HeadsetService$BluetoothHeadsetBinder;	443602	443988	2	26
2638	HeadsetService	Lcom/android/bluetooth/hfp/HeadsetService;	443989	448389	38	45
2639	HeadsetStackEvent	Lcom/android/bluetooth/hfp/HeadsetStackEvent;	448390	448591	6	2
2640	HeadsetStateMachine.ConnectedBase	Lcom/android/bluetooth/hfp/HeadsetStateMachine$ConnectedBase;	448592	449252	2	4
2641	HeadsetStateMachine.Connecting	Lcom/android/bluetooth/hfp/HeadsetStateMachine$Connecting;	449253	449832	1	6
2642	HeadsetStateMachine.Disconnected	Lcom/android/bluetooth/hfp/HeadsetStateMachine$Disconnected;	449833	450250	2	5
2643	HeadsetStateMachine.Disconnecting	Lcom/android/bluetooth/hfp/HeadsetStateMachine$Disconnecting;	450251	450498	1	6
2644	HeadsetVendorSpecificResultCode	Lcom/android/bluetooth/hfp/HeadsetVendorSpecificResultCode;	450499	450556	1	1
2645	HeadsetClientService.BluetoothHeadsetClientBinder	Lcom/android/bluetooth/hfpclient/HeadsetClientService$BluetoothHeadsetClientBinder;	450557	450947	2	27
2646	HeadsetClientService	Lcom/android/bluetooth/hfpclient/HeadsetClientService;	450948	452420	13	31
2647	HidDeviceService.BluetoothHidDeviceBinder	Lcom/android/bluetooth/hid/HidDeviceService$BluetoothHidDeviceBinder;	452421	452812	3	14
2648	HidDeviceService	Lcom/android/bluetooth/hid/HidDeviceService;	452813	454112	23	22
2649	HidHostService.BluetoothHidHostBinder	Lcom/android/bluetooth/hid/HidHostService$BluetoothHidHostBinder;	454113	454371	2	17
2650	HidHostService	Lcom/android/bluetooth/hid/HidHostService;	454372	456341	69	21
2651	BluetoothMapMasInstance	Lcom/android/bluetooth/map/BluetoothMapMasInstance;	456342	457020	9	30
2652	BluetoothMapService.BluetoothMapBinder	Lcom/android/bluetooth/map/BluetoothMapService$BluetoothMapBinder;	457021	457217	2	11
2653	BluetoothMapService	Lcom/android/bluetooth/map/BluetoothMapService;	457218	459105	51	15
2654	BluetoothMapbMessageEmail	Lcom/android/bluetooth/map/BluetoothMapbMessageEmail;	459106	459203	1	5
2655	BluetoothMapbMessageMime	Lcom/android/bluetooth/map/BluetoothMapbMessageMime;	459204	460799	7	42
2656	BluetoothMapbMessageSms	Lcom/android/bluetooth/map/BluetoothMapbMessageSms;	460800	461077	1	6
2657	BluetoothMapContract.ConvoContactColumns	Lcom/android/bluetooth/mapapi/BluetoothMapContract$ConvoContactColumns;	461078	461081	0	0
2658	BluetoothMapContract.MessageColumns	Lcom/android/bluetooth/mapapi/BluetoothMapContract$MessageColumns;	461082	461085	0	0
2659	BluetoothMapEmailProvider.PipeReader	Lcom/android/bluetooth/mapapi/BluetoothMapEmailProvider$PipeReader;	461086	461189	1	2
2660	BmessageParser.VcardHandler	Lcom/android/bluetooth/mapclient/BmessageParser$VcardHandler;	461190	461223	2	3
2661	MapClientService.Binder	Lcom/android/bluetooth/mapclient/MapClientService$Binder;	461224	461469	2	11
2662	MapClientService	Lcom/android/bluetooth/mapclient/MapClientService;	461470	462327	7	18
2663	MnsService.SocketAcceptor	Lcom/android/bluetooth/mapclient/MnsService$SocketAcceptor;	462328	462436	2	2
2664	RequestGetFolderListing	Lcom/android/bluetooth/mapclient/RequestGetFolderListing;	462437	462503	1	3
2665	RequestGetMessage	Lcom/android/bluetooth/mapclient/RequestGetMessage;	462504	462604	1	4
2666	RequestGetMessagesListing	Lcom/android/bluetooth/mapclient/RequestGetMessagesListing;	462605	462771	1	6
2667	RequestPushMessage	Lcom/android/bluetooth/mapclient/RequestPushMessage;	462772	462858	2	4
2668	RequestSetMessageStatus	Lcom/android/bluetooth/mapclient/RequestSetMessageStatus;	462859	462899	1	1
2669	RequestSetNotificationRegistration	Lcom/android/bluetooth/mapclient/RequestSetNotificationRegistration;	462900	462933	1	2
2670	RequestSetPath	Lcom/android/bluetooth/mapclient/RequestSetPath;	462934	462998	2	1
2671	BluetoothOppFileProvider	Lcom/android/bluetooth/opp/BluetoothOppFileProvider;	462999	463129	4	1
2672	BluetoothOppObexClientSession	Lcom/android/bluetooth/opp/BluetoothOppObexClientSession;	463130	463320	13	4
2673	BluetoothOppObexServerSession	Lcom/android/bluetooth/opp/BluetoothOppObexServerSession;	463321	464231	4	9
2674	BluetoothOppService.OppBinder	Lcom/android/bluetooth/opp/BluetoothOppService$OppBinder;	464232	464246	1	1
2675	BluetoothOppService	Lcom/android/bluetooth/opp/BluetoothOppService;	464247	465636	52	9
2676	BluetoothOppTransfer	Lcom/android/bluetooth/opp/BluetoothOppTransfer;	465637	466469	30	7
2677	PanService.BluetoothPanBinder	Lcom/android/bluetooth/pan/PanService$BluetoothPanBinder;	466470	466661	4	8
2678	PanService	Lcom/android/bluetooth/pan/PanService;	466662	468010	27	17
2679	BluetoothPbapService.PbapBinder	Lcom/android/bluetooth/pbap/BluetoothPbapService$PbapBinder;	468011	468133	2	5
2680	BluetoothPbapService	Lcom/android/bluetooth/pbap/BluetoothPbapService;	468134	469309	29	12
2681	BluetoothPbapVcardManager.1	Lcom/android/bluetooth/pbap/BluetoothPbapVcardManager$1;	469310	469334	1	1
2682	BluetoothPbapVcardManager.2	Lcom/android/bluetooth/pbap/BluetoothPbapVcardManager$2;	469335	469358	1	1
2683	BluetoothPbapVcardManager.3	Lcom/android/bluetooth/pbap/BluetoothPbapVcardManager$3;	469359	469382	1	1
2684	BluetoothPbapVcardManager.EnterpriseRawContactEntitlesInfoCallback	Lcom/android/bluetooth/pbap/BluetoothPbapVcardManager$EnterpriseRawContactEntitlesInfoCallback;	469383	469415	2	1
2685	PbapStateMachine.Connected	Lcom/android/bluetooth/pbap/PbapStateMachine$Connected;	469416	469754	7	3
2686	PbapStateMachine.Finished	Lcom/android/bluetooth/pbap/PbapStateMachine$Finished;	469755	469816	1	2
2687	PbapStateMachine.WaitingForAuth	Lcom/android/bluetooth/pbap/PbapStateMachine$WaitingForAuth;	469817	469935	2	3
2688	BluetoothPbapRequestPullPhoneBook	Lcom/android/bluetooth/pbapclient/BluetoothPbapRequestPullPhoneBook;	469936	470063	2	4
2689	BluetoothPbapVcardList.CardEntryHandler	Lcom/android/bluetooth/pbapclient/BluetoothPbapVcardList$CardEntryHandler;	470064	470095	1	3
2690	CallLogPullRequest	Lcom/android/bluetooth/pbapclient/CallLogPullRequest;	470096	470518	3	1
2691	PbapClientService.BluetoothPbapClientBinder	Lcom/android/bluetooth/pbapclient/PbapClientService$BluetoothPbapClientBinder;	470519	470667	2	8
2692	PbapClientService	Lcom/android/bluetooth/pbapclient/PbapClientService;	470668	471226	10	12
2693	PhonebookPullRequest	Lcom/android/bluetooth/pbapclient/PhonebookPullRequest;	471227	471392	2	1
2694	SapService.SapBinder	Lcom/android/bluetooth/sap/SapService$SapBinder;	471393	471630	2	11
2695	SapService	Lcom/android/bluetooth/sap/SapService;	471631	472697	47	12
2696	VCardEntry.AndroidCustomData	Lcom/android/vcard/VCardEntry$AndroidCustomData;	472698	472978	2	8
2697	VCardEntry.AnniversaryData	Lcom/android/vcard/VCardEntry$AnniversaryData;	472979	473096	1	7
2698	VCardEntry.BirthdayData	Lcom/android/vcard/VCardEntry$BirthdayData;	473097	473218	2	7
2699	VCardEntry.EmailData	Lcom/android/vcard/VCardEntry$EmailData;	473219	473441	2	10
2700	VCardEntry.ImData	Lcom/android/vcard/VCardEntry$ImData;	473442	473692	1	11
2701	VCardEntry.InsertOperationConstrutor	Lcom/android/vcard/VCardEntry$InsertOperationConstrutor;	473693	473738	1	5
2702	VCardEntry.IsIgnorableIterator	Lcom/android/vcard/VCardEntry$IsIgnorableIterator;	473739	473795	2	6
2703	VCardEntry.NameData	Lcom/android/vcard/VCardEntry$NameData;	473796	474422	20	20
2704	VCardEntry.NicknameData	Lcom/android/vcard/VCardEntry$NicknameData;	474423	474537	1	7
2705	VCardEntry.NoteData	Lcom/android/vcard/VCardEntry$NoteData;	474538	474649	1	7
2706	VCardEntry.OrganizationData	Lcom/android/vcard/VCardEntry$OrganizationData;	474650	475038	8	13
2707	VCardEntry.PhoneData	Lcom/android/vcard/VCardEntry$PhoneData;	475039	475261	2	10
2708	VCardEntry.PhotoData	Lcom/android/vcard/VCardEntry$PhotoData;	475262	475468	1	9
2709	VCardEntry.PostalData	Lcom/android/vcard/VCardEntry$PostalData;	475469	476081	2	17
2710	VCardEntry.SipData	Lcom/android/vcard/VCardEntry$SipData;	476082	476293	1	9
2711	VCardEntry.ToStringIterator	Lcom/android/vcard/VCardEntry$ToStringIterator;	476294	476434	2	6
2712	VCardEntry.WebsiteData	Lcom/android/vcard/VCardEntry$WebsiteData;	476435	476552	1	7
2713	VCardEntryCommitter	Lcom/android/vcard/VCardEntryCommitter;	476553	476727	3	4
2714	VCardEntryConstructor	Lcom/android/vcard/VCardEntryConstructor;	476728	476915	5	7
2715	VCardEntryCounter	Lcom/android/vcard/VCardEntryCounter;	476916	476958	1	6
2716	VCardParserImpl_V30	Lcom/android/vcard/VCardParserImpl_V30;	476959	477377	5	16
2717	VCardParser_V21	Lcom/android/vcard/VCardParser_V21;	477378	477563	3	4
2718	VCardParser_V30	Lcom/android/vcard/VCardParser_V30;	477564	477685	3	4
2719	VCardParser_V40	Lcom/android/vcard/VCardParser_V40;	477686	477813	3	4
2720	VCardSourceDetector	Lcom/android/vcard/VCardSourceDetector;	477814	478064	2	7
2721	VCardInvalidLineException	Lcom/android/vcard/exception/VCardInvalidLineException;	478065	478080	2	0
2722	VCardNotSupportedException	Lcom/android/vcard/exception/VCardNotSupportedException;	478081	478094	2	0
2723	VCardVersionException	Lcom/android/vcard/exception/VCardVersionException;	478095	478108	2	0
2724	AbstractParser	Lcom/google/protobuf/AbstractParser;	478109	478625	4	46
2725	AbstractProtobufList	Lcom/google/protobuf/AbstractProtobufList;	478626	478819	1	15
2726	ByteString.1	Lcom/google/protobuf/ByteString$1;	478820	478900	1	5
2727	ByteString.ArraysByteArrayCopier	Lcom/google/protobuf/ByteString$ArraysByteArrayCopier;	478901	478924	2	1
2728	ByteString.LeafByteString	Lcom/google/protobuf/ByteString$LeafByteString;	478925	478948	1	3
2729	ByteString.SystemByteArrayCopier	Lcom/google/protobuf/ByteString$SystemByteArrayCopier;	478949	478972	2	1
2730	CodedInputStream.SkippedDataSink	Lcom/google/protobuf/CodedInputStream$SkippedDataSink;	478973	479068	1	2
2731	CodedOutputStream	Lcom/google/protobuf/CodedOutputStream;	479069	480180	68	64
2732	GeneratedMessageLite.EqualsVisitor	Lcom/google/protobuf/GeneratedMessageLite$EqualsVisitor;	480181	480499	2	28
2733	GeneratedMessageLite.ExtendableMessageOrBuilder	Lcom/google/protobuf/GeneratedMessageLite$ExtendableMessageOrBuilder;	480500	480515	0	4
2734	GeneratedMessageLite.ExtensionDescriptor	Lcom/google/protobuf/GeneratedMessageLite$ExtensionDescriptor;	480516	480611	1	9
2735	GeneratedMessageLite.GeneratedExtension	Lcom/google/protobuf/GeneratedMessageLite$GeneratedExtension;	480612	480816	1	10
2736	GeneratedMessageLite.HashCodeVisitor	Lcom/google/protobuf/GeneratedMessageLite$HashCodeVisitor;	480817	481256	4	28
2737	GeneratedMessageLite.MergeFromVisitor	Lcom/google/protobuf/GeneratedMessageLite$MergeFromVisitor;	481257	481583	2	28
2738	Internal.BooleanList	Lcom/google/protobuf/Internal$BooleanList;	481584	481599	0	4
2739	Internal.DoubleList	Lcom/google/protobuf/Internal$DoubleList;	481600	481615	0	4
2740	Internal.FloatList	Lcom/google/protobuf/Internal$FloatList;	481616	481631	0	4
2741	Internal.IntList	Lcom/google/protobuf/Internal$IntList;	481632	481647	0	4
2742	Internal.LongList	Lcom/google/protobuf/Internal$LongList;	481648	481663	0	4
2743	Internal.MapAdapter.1	Lcom/google/protobuf/Internal$MapAdapter$1;	481664	481721	1	4
2744	LazyField	Lcom/google/protobuf/LazyField;	481722	481792	1	5
2745	LazyStringList	Lcom/google/protobuf/LazyStringList;	481793	481835	0	13
2746	MapFieldLite	Lcom/google/protobuf/MapFieldLite;	481836	482139	10	10
2747	MessageLite.Builder	Lcom/google/protobuf/MessageLite$Builder;	482140	482194	0	17
2748	MessageLite	Lcom/google/protobuf/MessageLite;	482195	482225	0	9
2749	MutabilityOracle.1	Lcom/google/protobuf/MutabilityOracle$1;	482226	482240	1	1
2750	RopeByteString	Lcom/google/protobuf/RopeByteString;	482241	482997	11	20
2751	SmallSortedMap.1	Lcom/google/protobuf/SmallSortedMap$1;	482998	483067	1	1
2752	TextFormatEscaper.1	Lcom/google/protobuf/TextFormatEscaper$1;	483068	483099	1	2
2753	TextFormatEscaper.2	Lcom/google/protobuf/TextFormatEscaper$2;	483100	483127	1	2
2754	Utf8.SafeProcessor	Lcom/google/protobuf/Utf8$SafeProcessor;	483128	483489	3	4
2755	Utf8.UnsafeProcessor	Lcom/google/protobuf/Utf8$UnsafeProcessor;	483490	484896	16	4
2756	WireFormat.FieldType.1	Lcom/google/protobuf/WireFormat$FieldType$1;	484897	484917	1	1
2757	WireFormat.FieldType.2	Lcom/google/protobuf/WireFormat$FieldType$2;	484918	484937	1	1
2758	WireFormat.FieldType.3	Lcom/google/protobuf/WireFormat$FieldType$3;	484938	484957	1	1
2759	WireFormat.FieldType.4	Lcom/google/protobuf/WireFormat$FieldType$4;	484958	484977	1	1
2760	WireFormat.Utf8Validation.1	Lcom/google/protobuf/WireFormat$Utf8Validation$1;	484978	484996	1	1
2761	WireFormat.Utf8Validation.2	Lcom/google/protobuf/WireFormat$Utf8Validation$2;	484997	485014	1	1
2762	WireFormat.Utf8Validation.3	Lcom/google/protobuf/WireFormat$Utf8Validation$3;	485015	485032	1	1
2763	SapApi.MsgHeader	Lorg/android/btsap/SapApi$MsgHeader;	485033	485489	3	27
2764	SapApi.RIL_SIM_SAP_APDU_REQ	Lorg/android/btsap/SapApi$RIL_SIM_SAP_APDU_REQ;	485490	485733	3	15
2765	SapApi.RIL_SIM_SAP_APDU_RSP	Lorg/android/btsap/SapApi$RIL_SIM_SAP_APDU_RSP;	485734	486044	3	19
2766	SapApi.RIL_SIM_SAP_CONNECT_REQ	Lorg/android/btsap/SapApi$RIL_SIM_SAP_CONNECT_REQ;	486045	486214	3	11
2767	SapApi.RIL_SIM_SAP_CONNECT_RSP	Lorg/android/btsap/SapApi$RIL_SIM_SAP_CONNECT_RSP;	486215	486452	3	15
2768	SapApi.RIL_SIM_SAP_DISCONNECT_IND	Lorg/android/btsap/SapApi$RIL_SIM_SAP_DISCONNECT_IND;	486453	486622	3	11
2769	SapApi.RIL_SIM_SAP_DISCONNECT_REQ	Lorg/android/btsap/SapApi$RIL_SIM_SAP_DISCONNECT_REQ;	486623	486717	3	7
2770	SapApi.RIL_SIM_SAP_DISCONNECT_RSP	Lorg/android/btsap/SapApi$RIL_SIM_SAP_DISCONNECT_RSP;	486718	486812	3	7
2771	SapApi.RIL_SIM_SAP_ERROR_RSP	Lorg/android/btsap/SapApi$RIL_SIM_SAP_ERROR_RSP;	486813	486907	3	7
2772	SapApi.RIL_SIM_SAP_POWER_REQ	Lorg/android/btsap/SapApi$RIL_SIM_SAP_POWER_REQ;	486908	487077	3	11
2773	SapApi.RIL_SIM_SAP_POWER_RSP	Lorg/android/btsap/SapApi$RIL_SIM_SAP_POWER_RSP;	487078	487247	3	11
2774	SapApi.RIL_SIM_SAP_RESET_SIM_REQ	Lorg/android/btsap/SapApi$RIL_SIM_SAP_RESET_SIM_REQ;	487248	487342	3	7
2775	SapApi.RIL_SIM_SAP_RESET_SIM_RSP	Lorg/android/btsap/SapApi$RIL_SIM_SAP_RESET_SIM_RSP;	487343	487512	3	11
2776	SapApi.RIL_SIM_SAP_SET_TRANSFER_PROTOCOL_REQ	Lorg/android/btsap/SapApi$RIL_SIM_SAP_SET_TRANSFER_PROTOCOL_REQ;	487513	487682	3	11
2777	SapApi.RIL_SIM_SAP_SET_TRANSFER_PROTOCOL_RSP	Lorg/android/btsap/SapApi$RIL_SIM_SAP_SET_TRANSFER_PROTOCOL_RSP;	487683	487852	3	11
2778	SapApi.RIL_SIM_SAP_STATUS_IND	Lorg/android/btsap/SapApi$RIL_SIM_SAP_STATUS_IND;	487853	488022	3	11
2779	SapApi.RIL_SIM_SAP_TRANSFER_ATR_REQ	Lorg/android/btsap/SapApi$RIL_SIM_SAP_TRANSFER_ATR_REQ;	488023	488117	3	7
2780	SapApi.RIL_SIM_SAP_TRANSFER_ATR_RSP	Lorg/android/btsap/SapApi$RIL_SIM_SAP_TRANSFER_ATR_RSP;	488118	488357	3	15
2781	SapApi.RIL_SIM_SAP_TRANSFER_CARD_READER_STATUS_REQ	Lorg/android/btsap/SapApi$RIL_SIM_SAP_TRANSFER_CARD_READER_STATUS_REQ;	488358	488452	3	7
2782	SapApi.RIL_SIM_SAP_TRANSFER_CARD_READER_STATUS_RSP	Lorg/android/btsap/SapApi$RIL_SIM_SAP_TRANSFER_CARD_READER_STATUS_RSP;	488453	488690	3	15
2783	SafeIterableMap.AscendingIterator	Landroid/arch/core/internal/SafeIterableMap$AscendingIterator;	488691	488712	1	2
2784	SafeIterableMap.DescendingIterator	Landroid/arch/core/internal/SafeIterableMap$DescendingIterator;	488713	488731	1	2
2785	CompositeGeneratedAdaptersObserver	Landroid/arch/lifecycle/CompositeGeneratedAdaptersObserver;	488732	488770	1	1
2786	FullLifecycleObserverAdapter	Landroid/arch/lifecycle/FullLifecycleObserverAdapter;	488771	488825	1	1
2787	LiveData.LifecycleBoundObserver	Landroid/arch/lifecycle/LiveData$LifecycleBoundObserver;	488826	488906	1	4
2788	ReflectiveGenericLifecycleObserver	Landroid/arch/lifecycle/ReflectiveGenericLifecycleObserver;	488907	488941	1	1
2789	SingleGeneratedAdapterObserver	Landroid/arch/lifecycle/SingleGeneratedAdapterObserver;	488942	488968	1	1
2790	ViewModelProvider.AndroidViewModelFactory	Landroid/arch/lifecycle/ViewModelProvider$AndroidViewModelFactory;	488969	489077	2	1
2791	DhcpClient.DhcpInitState	Landroid/net/dhcp/DhcpClient$DhcpInitState;	489078	489166	1	3
2792	DhcpClient.DhcpReacquiringState	Landroid/net/dhcp/DhcpClient$DhcpReacquiringState;	489167	489295	1	4
2793	DhcpClient.DhcpRequestingState	Landroid/net/dhcp/DhcpClient$DhcpRequestingState;	489296	489405	1	3
2794	DhcpClient.WaitBeforeRenewalState	Landroid/net/dhcp/DhcpClient$WaitBeforeRenewalState;	489406	489419	1	0
2795	DhcpClient.WaitBeforeStartState	Landroid/net/dhcp/DhcpClient$WaitBeforeStartState;	489420	489433	1	0
2796	CoordinatorLayout	Landroid/support/design/widget/CoordinatorLayout;	489434	493053	27	64
2797	DialogFragment	Landroid/support/v4/app/DialogFragment;	493054	493627	1	26
2798	FragmentActivity.HostCallbacks	Landroid/support/v4/app/FragmentActivity$HostCallbacks;	493628	493828	1	16
2799	FragmentActivity	Landroid/support/v4/app/FragmentActivity;	493829	495052	5	52
2800	ListFragment	Landroid/support/v4/app/ListFragment;	495053	495553	3	13
2801	LoaderManagerImpl.LoaderInfo	Landroid/support/v4/app/LoaderManagerImpl$LoaderInfo;	495554	495942	1	12
2802	NotificationCompatSideChannelService.NotificationSideChannelStub	Landroid/support/v4/app/NotificationCompatSideChannelService$NotificationSideChannelStub;	495943	496023	1	3
2803	CursorLoader	Landroid/support/v4/content/CursorLoader;	496024	496412	2	21
2804	TypefaceCompatApi26Impl	Landroid/support/v4/graphics/TypefaceCompatApi26Impl;	496413	497048	7	11
2805	IconCompat	Landroid/support/v4/graphics/drawable/IconCompat;	497049	498590	19	14
2806	WrappedDrawableApi21	Landroid/support/v4/graphics/drawable/WrappedDrawableApi21;	498591	498792	3	11
2807	MediaBrowser2ImplBase	Landroid/support/v4/media/MediaBrowser2ImplBase;	498793	498962	1	9
2808	MediaBrowser2ImplLegacy	Landroid/support/v4/media/MediaBrowser2ImplLegacy;	498963	499310	5	12
2809	MediaBrowserCompat.MediaBrowserImplApi23	Landroid/support/v4/media/MediaBrowserCompat$MediaBrowserImplApi23;	499311	499337	1	1
2810	MediaBrowserCompat.SubscriptionCallback.StubApi26	Landroid/support/v4/media/MediaBrowserCompat$SubscriptionCallback$StubApi26;	499338	499371	1	2
2811	MediaBrowserServiceCompat.MediaBrowserServiceImplApi23	Landroid/support/v4/media/MediaBrowserServiceCompat$MediaBrowserServiceImplApi23;	499372	499410	1	2
2812	MediaBrowserServiceCompatApi26.MediaBrowserServiceAdaptor	Landroid/support/v4/media/MediaBrowserServiceCompatApi26$MediaBrowserServiceAdaptor;	499411	499433	1	1
2813	MediaBrowserServiceCompatApi26.ServiceCompatProxy	Landroid/support/v4/media/MediaBrowserServiceCompatApi26$ServiceCompatProxy;	499434	499440	0	1
2814	MediaController2Stub	Landroid/support/v4/media/MediaController2Stub;	499441	500174	3	24
2815	MediaLibraryService2.MediaLibrarySession.Builder.1	Landroid/support/v4/media/MediaLibraryService2$MediaLibrarySession$Builder$1;	500175	500186	1	0
2816	MediaLibraryService2ImplBase	Landroid/support/v4/media/MediaLibraryService2ImplBase;	500187	500269	1	4
2817	MediaSession2.SupportLibraryImpl	Landroid/support/v4/media/MediaSession2$SupportLibraryImpl;	500270	500339	0	22
2818	MediaSession2	Landroid/support/v4/media/MediaSession2;	500340	500830	1	52
2819	MediaSession2Stub	Landroid/support/v4/media/MediaSession2Stub;	500831	501661	18	43
2820	MediaSessionManagerImplApi21	Landroid/support/v4/media/MediaSessionManagerImplApi21;	501662	501709	2	1
2821	NotificationCompat.DecoratedMediaCustomViewStyle	Landroid/support/v4/media/app/NotificationCompat$DecoratedMediaCustomViewStyle;	501710	501935	2	6
2822	MediaControllerCompat.Callback.StubCompat	Landroid/support/v4/media/session/MediaControllerCompat$Callback$StubCompat;	501936	502178	1	13
2823	MediaControllerCompat.MediaControllerImplApi23	Landroid/support/v4/media/session/MediaControllerCompat$MediaControllerImplApi23;	502179	502203	1	1
2824	MediaControllerCompat.TransportControlsApi23	Landroid/support/v4/media/session/MediaControllerCompat$TransportControlsApi23;	502204	502223	1	1
2825	MediaSessionCompat.Callback.StubApi23	Landroid/support/v4/media/session/MediaSessionCompat$Callback$StubApi23;	502224	502245	1	1
2826	MediaSessionCompat.MediaSessionImplApi18	Landroid/support/v4/media/session/MediaSessionCompat$MediaSessionImplApi18;	502246	502382	2	5
2827	MediaSessionCompat.MediaSessionImplApi21.ExtraSession	Landroid/support/v4/media/session/MediaSessionCompat$MediaSessionImplApi21$ExtraSession;	502383	502726	1	49
2828	MediaSessionCompat.MediaSessionImplApi28	Landroid/support/v4/media/session/MediaSessionCompat$MediaSessionImplApi28;	502727	502769	2	1
2829	MediaSessionCompat.MediaSessionImplBase.MediaSessionStub	Landroid/support/v4/media/session/MediaSessionCompat$MediaSessionImplBase$MediaSessionStub;	502770	503477	1	54
2830	MediaSessionCompatApi24.Callback	Landroid/support/v4/media/session/MediaSessionCompatApi24$Callback;	503478	503493	0	4
2831	MediaSessionCompatApi24.CallbackProxy	Landroid/support/v4/media/session/MediaSessionCompatApi24$CallbackProxy;	503494	503544	1	4
2832	Cea708CaptionRenderer.Cea708CCWidget	Landroid/support/v4/media/subtitle/Cea708CaptionRenderer$Cea708CCWidget;	503545	503632	4	3
2833	Cea708CaptionRenderer.Cea708CaptionTrack	Landroid/support/v4/media/subtitle/Cea708CaptionRenderer$Cea708CaptionTrack;	503633	503671	1	3
2834	ClosedCaptionRenderer.Cea608CCWidget	Landroid/support/v4/media/subtitle/ClosedCaptionRenderer$Cea608CCWidget;	503672	503751	5	3
2835	ClosedCaptionRenderer.Cea608CaptionTrack	Landroid/support/v4/media/subtitle/ClosedCaptionRenderer$Cea608CaptionTrack;	503752	503790	1	3
2836	ResultReceiver.MyResultReceiver	Landroid/support/v4/os/ResultReceiver$MyResultReceiver;	503791	503828	1	1
2837	TextDirectionHeuristicsCompat.TextDirectionHeuristicInternal	Landroid/support/v4/text/TextDirectionHeuristicsCompat$TextDirectionHeuristicInternal;	503829	503847	1	1
2838	TextDirectionHeuristicsCompat.TextDirectionHeuristicLocale	Landroid/support/v4/text/TextDirectionHeuristicsCompat$TextDirectionHeuristicLocale;	503848	503881	2	1
2839	Pools.SynchronizedPool	Landroid/support/v4/util/Pools$SynchronizedPool;	503882	503923	1	2
2840	NestedScrollView	Landroid/support/v4/widget/NestedScrollView;	503924	507428	24	78
2841	ResourceCursorAdapter	Landroid/support/v4/widget/ResourceCursorAdapter;	507429	507528	3	4
2842	FosGattService.AmazonClientMap	Lcom/android/bluetooth/gatt/FosGattService$AmazonClientMap;	507529	507657	2	4
2843	FosGattService	Lcom/android/bluetooth/gatt/FosGattService;	507658	509583	2	27
2844	HeadsetStateMachine.AudioConnecting	Lcom/android/bluetooth/hfp/HeadsetStateMachine$AudioConnecting;	509584	509736	1	5
2845	HeadsetStateMachine.AudioDisconnecting	Lcom/android/bluetooth/hfp/HeadsetStateMachine$AudioDisconnecting;	509737	509889	1	5
2846	HeadsetStateMachine.AudioOn	Lcom/android/bluetooth/hfp/HeadsetStateMachine$AudioOn;	509890	510362	2	4
2847	HeadsetStateMachine.Connected	Lcom/android/bluetooth/hfp/HeadsetStateMachine$Connected;	510363	510774	1	4
2848	BluetoothMapContract.ConversationColumns	Lcom/android/bluetooth/mapapi/BluetoothMapContract$ConversationColumns;	510775	510778	0	0
2849	BluetoothTetheringNetworkFactory.1.1	Lcom/android/bluetooth/pan/BluetoothTetheringNetworkFactory$1$1;	510779	510830	1	1
2850	VCardParserImpl_V40	Lcom/android/vcard/VCardParserImpl_V40;	510831	510921	4	4
2851	VCardAgentNotSupportedException	Lcom/android/vcard/exception/VCardAgentNotSupportedException;	510922	510937	2	0
2852	VCardInvalidCommentLineException	Lcom/android/vcard/exception/VCardInvalidCommentLineException;	510938	510955	2	0
2853	VCardNestedException	Lcom/android/vcard/exception/VCardNestedException;	510956	510969	2	0
2854	AbstractMessageLite.Builder	Lcom/google/protobuf/AbstractMessageLite$Builder;	510970	511342	4	28
2855	AbstractMessageLite	Lcom/google/protobuf/AbstractMessageLite;	511343	511471	3	5
2856	BooleanArrayList	Lcom/google/protobuf/BooleanArrayList;	511472	511948	7	18
2857	ByteString.LiteralByteString	Lcom/google/protobuf/ByteString$LiteralByteString;	511949	512338	1	19
2858	CodedOutputStream.AbstractBufferedEncoder	Lcom/google/protobuf/CodedOutputStream$AbstractBufferedEncoder;	512339	512784	1	9
2859	CodedOutputStream.ArrayEncoder	Lcom/google/protobuf/CodedOutputStream$ArrayEncoder;	512785	513776	1	33
2860	CodedOutputStream.NioEncoder	Lcom/google/protobuf/CodedOutputStream$NioEncoder;	513777	514340	2	33
2861	DoubleArrayList	Lcom/google/protobuf/DoubleArrayList;	514341	514820	7	18
2862	FloatArrayList	Lcom/google/protobuf/FloatArrayList;	514821	515298	7	18
2863	GeneratedMessageLite.DefaultInstanceBasedParser	Lcom/google/protobuf/GeneratedMessageLite$DefaultInstanceBasedParser;	515299	515328	1	2
2864	IntArrayList	Lcom/google/protobuf/IntArrayList;	515329	515803	7	18
2865	LazyStringArrayList	Lcom/google/protobuf/LazyStringArrayList;	515804	516434	20	34
2866	LongArrayList	Lcom/google/protobuf/LongArrayList;	516435	516911	7	18
2867	ProtobufArrayList	Lcom/google/protobuf/ProtobufArrayList;	516912	517043	4	7
2868	UnmodifiableLazyStringList	Lcom/google/protobuf/UnmodifiableLazyStringList;	517044	517207	2	19
2869	DhcpClient.DhcpRebindingState	Landroid/net/dhcp/DhcpClient$DhcpRebindingState;	517208	517256	1	2
2870	DhcpClient.DhcpRenewingState	Landroid/net/dhcp/DhcpClient$DhcpRenewingState;	517257	517323	1	2
2871	TypefaceCompatApi28Impl	Landroid/support/v4/graphics/TypefaceCompatApi28Impl;	517324	517401	1	2
2872	MediaBrowserCompat.MediaBrowserImplApi26	Landroid/support/v4/media/MediaBrowserCompat$MediaBrowserImplApi26;	517402	517466	1	2
2873	MediaBrowserServiceCompat.MediaBrowserServiceImplApi26	Landroid/support/v4/media/MediaBrowserServiceCompat$MediaBrowserServiceImplApi26;	517467	517549	1	4
2874	MediaLibraryService2.MediaLibrarySession.SupportLibraryImpl	Landroid/support/v4/media/MediaLibraryService2$MediaLibrarySession$SupportLibraryImpl;	517550	517592	0	13
2875	MediaLibraryService2.MediaLibrarySession	Landroid/support/v4/media/MediaLibraryService2$MediaLibrarySession;	517593	517690	1	9
2876	MediaSession2ImplBase	Landroid/support/v4/media/MediaSession2ImplBase;	517691	519772	17	57
2877	MediaSessionManagerImplApi28	Landroid/support/v4/media/MediaSessionManagerImplApi28;	519773	519809	1	1
2878	MediaControllerCompat.MediaControllerImplApi21.ExtraCallback	Landroid/support/v4/media/session/MediaControllerCompat$MediaControllerImplApi21$ExtraCallback;	519810	519856	1	6
2879	MediaControllerCompat.MediaControllerImplApi24	Landroid/support/v4/media/session/MediaControllerCompat$MediaControllerImplApi24;	519857	519881	1	1
2880	MediaControllerCompat.TransportControlsApi24	Landroid/support/v4/media/session/MediaControllerCompat$TransportControlsApi24;	519882	519928	1	4
2881	MediaSessionCompat.Callback.StubApi24	Landroid/support/v4/media/session/MediaSessionCompat$Callback$StubApi24;	519929	519980	1	4
2882	MediaSessionCompat.MediaSessionImplApi19	Landroid/support/v4/media/session/MediaSessionCompat$MediaSessionImplApi19;	519981	520086	1	3
2883	SimpleCursorAdapter	Landroid/support/v4/widget/SimpleCursorAdapter;	520087	520342	3	12
2884	ByteString.BoundedByteString	Lcom/google/protobuf/ByteString$BoundedByteString;	520343	520419	2	5
2885	CodedOutputStream.ByteOutputEncoder	Lcom/google/protobuf/CodedOutputStream$ByteOutputEncoder;	520420	520981	3	31
2886	CodedOutputStream.NioHeapEncoder	Lcom/google/protobuf/CodedOutputStream$NioHeapEncoder;	520982	521027	1	1
2887	CodedOutputStream.OutputStreamEncoder	Lcom/google/protobuf/CodedOutputStream$OutputStreamEncoder;	521028	521696	3	31
2888	GeneratedMessageLite.Builder	Lcom/google/protobuf/GeneratedMessageLite$Builder;	521697	521945	1	20
2889	GeneratedMessageLite	Lcom/google/protobuf/GeneratedMessageLite;	521946	522790	38	22
2890	MediaBrowserServiceCompat.MediaBrowserServiceImplApi28	Landroid/support/v4/media/MediaBrowserServiceCompat$MediaBrowserServiceImplApi28;	522791	522836	1	1
2891	MediaLibrarySessionImplBase	Landroid/support/v4/media/MediaLibrarySessionImplBase;	522837	523355	5	15
2892	BluetoothMetricsProto.A2DPSession.Builder	Lcom/android/bluetooth/BluetoothMetricsProto$A2DPSession$Builder;	523356	523727	2	32
2893	BluetoothMetricsProto.A2DPSession	Lcom/android/bluetooth/BluetoothMetricsProto$A2DPSession;	523728	524903	49	19
2894	BluetoothMetricsProto.BluetoothLog.Builder	Lcom/android/bluetooth/BluetoothMetricsProto$BluetoothLog$Builder;	524904	525947	2	92
2895	BluetoothMetricsProto.BluetoothLog	Lcom/android/bluetooth/BluetoothMetricsProto$BluetoothLog;	525948	528605	151	43
2896	BluetoothMetricsProto.BluetoothSession.Builder	Lcom/android/bluetooth/BluetoothMetricsProto$BluetoothSession$Builder;	528606	529021	2	36
2897	BluetoothMetricsProto.BluetoothSession	Lcom/android/bluetooth/BluetoothMetricsProto$BluetoothSession;	529022	530462	59	18
2898	BluetoothMetricsProto.DeviceInfo.Builder	Lcom/android/bluetooth/BluetoothMetricsProto$DeviceInfo$Builder;	530463	530570	2	8
2899	BluetoothMetricsProto.DeviceInfo	Lcom/android/bluetooth/BluetoothMetricsProto$DeviceInfo;	530571	531094	25	7
2900	BluetoothMetricsProto.HeadsetProfileConnectionStats.Builder	Lcom/android/bluetooth/BluetoothMetricsProto$HeadsetProfileConnectionStats$Builder;	531095	531202	2	8
2901	BluetoothMetricsProto.HeadsetProfileConnectionStats	Lcom/android/bluetooth/BluetoothMetricsProto$HeadsetProfileConnectionStats;	531203	531726	25	7
2902	BluetoothMetricsProto.PairEvent.Builder	Lcom/android/bluetooth/BluetoothMetricsProto$PairEvent$Builder;	531727	531900	2	14
2903	BluetoothMetricsProto.PairEvent	Lcom/android/bluetooth/BluetoothMetricsProto$PairEvent;	531901	532617	33	9
2904	BluetoothMetricsProto.ProfileConnectionStats.Builder	Lcom/android/bluetooth/BluetoothMetricsProto$ProfileConnectionStats$Builder;	532618	532725	2	8
2905	BluetoothMetricsProto.ProfileConnectionStats	Lcom/android/bluetooth/BluetoothMetricsProto$ProfileConnectionStats;	532726	533249	25	7
2906	BluetoothMetricsProto.RFCommSession.Builder	Lcom/android/bluetooth/BluetoothMetricsProto$RFCommSession$Builder;	533250	533357	2	8
2907	BluetoothMetricsProto.RFCommSession	Lcom/android/bluetooth/BluetoothMetricsProto$RFCommSession;	533358	533862	25	7
2908	BluetoothMetricsProto.ScanEvent.Builder	Lcom/android/bluetooth/BluetoothMetricsProto$ScanEvent$Builder;	533863	534124	2	22
2909	BluetoothMetricsProto.ScanEvent	Lcom/android/bluetooth/BluetoothMetricsProto$ScanEvent;	534125	535050	39	14
2910	BluetoothMetricsProto.WakeEvent.Builder	Lcom/android/bluetooth/BluetoothMetricsProto$WakeEvent$Builder;	535051	535290	2	20
2911	BluetoothMetricsProto.WakeEvent	Lcom/android/bluetooth/BluetoothMetricsProto$WakeEvent;	535291	536133	37	13
2912	GeneratedMessageLite.ExtendableBuilder	Lcom/google/protobuf/GeneratedMessageLite$ExtendableBuilder;	536134	536412	2	18
2913	GeneratedMessageLite.ExtendableMessage	Lcom/google/protobuf/GeneratedMessageLite$ExtendableMessage;	536413	536864	2	14
