apk,apk_sha256,package,shared_user_id,protected_broadcast_count,target_action_present,target_permission_string_present,aapt_status
/Users/bob/Documents/Codex/2026-08-03-fire-os-7-framework-amazon-fire/artifacts/amazon-services/com.amazon.parentalcontrols__0_com.amazon.parentalcontrols.apk,0311dda6b8be16891e7052f1d0c4d94c4cc5ef4010fd6645b58ba72a192e92a5,com.amazon.parentalcontrols,NOT_OBSERVED,0,false,false,OK
/Users/bob/Documents/Codex/2026-08-03-fire-os-7-framework-amazon-fire/artifacts/framework/framework-res.apk,a8ac705f290b4aaf432e25d680b3a022a04091e9d5d3f5fcf4e5ac2234964e99,android,android.uid.system,467,false,false,OK
/Users/bob/Documents/Codex/2026-08-03-fire-os-7-framework-amazon-fire/artifacts/framework/framework-res.apk,a8ac705f290b4aaf432e25d680b3a022a04091e9d5d3f5fcf4e5ac2234964e99,android,android.uid.system,467,false,false,PROTECTED_BROADCAST:android.intent.action.SCREEN_OFF
/Users/bob/Documents/Codex/2026-08-03-fire-os-7-framework-amazon-fire/artifacts/framework/framework-res.apk,a8ac705f290b4aaf432e25d680b3a022a04091e9d5d3f5fcf4e5ac2234964e99,android,android.uid.system,467,false,false,PROTECTED_BROADCAST:android.intent.action.SCREEN_ON
/Users/bob/Documents/Codex/2026-08-03-fire-os-7-framework-amazon-fire/artifacts/framework/framework-res.apk,a8ac705f290b4aaf432e25d680b3a022a04091e9d5d3f5fcf4e5ac2234964e99,android,android.uid.system,467,false,false,PROTECTED_BROADCAST:android.intent.action.USER_PRESENT
/Users/bob/Documents/Codex/2026-08-03-fire-os-7-framework-amazon-fire/artifacts/framework/framework-res.apk,a8ac705f290b4aaf432e25d680b3a022a04091e9d5d3f5fcf4e5ac2234964e99,android,android.uid.system,467,false,false,PROTECTED_BROADCAST:android.intent.action.THERMAL_POLICY_STATE_ZERO
/Users/bob/Documents/Codex/2026-08-03-fire-os-7-framework-amazon-fire/artifacts/framework/framework-res.apk,a8ac705f290b4aaf432e25d680b3a022a04091e9d5d3f5fcf4e5ac2234964e99,android,android.uid.system,467,false,false,PROTECTED_BROADCAST:android.intent.action.TIME_SET
/Users/bob/Documents/Codex/2026-08-03-fire-os-7-framework-amazon-fire/artifacts/framework/framework-res.apk,a8ac705f290b4aaf432e25d680b3a022a04091e9d5d3f5fcf4e5ac2234964e99,android,android.uid.system,467,false,false,PROTECTED_BROADCAST:android.intent.action.TIME_TICK
/Users/bob/Documents/Codex/2026-08-03-fire-os-7-framework-amazon-fire/artifacts/framework/framework-res.apk,a8ac705f290b4aaf432e25d680b3a022a04091e9d5d3f5fcf4e5ac2234964e99,android,android.uid.system,467,false,false,PROTECTED_BROADCAST:android.intent.action.TIMEZONE_CHANGED
/Users/bob/Documents/Codex/2026-08-03-fire-os-7-framework-amazon-fire/artifacts/framework/framework-res.apk,a8ac705f290b4aaf432e25d680b3a022a04091e9d5d3f5fcf4e5ac2234964e99,android,android.uid.system,467,false,false,PROTECTED_BROADCAST:android.intent.action.DATE_CHANGED
/Users/bob/Documents/Codex/2026-08-03-fire-os-7-framework-amazon-fire/artifacts/framework/framework-res.apk,a8ac705f290b4aaf432e25d680b3a022a04091e9d5d3f5fcf4e5ac2234964e99,android,android.uid.system,467,false,false,PROTECTED_BROADCAST:android.intent.action.PRE_BOOT_COMPLETED
/Users/bob/Documents/Codex/2026-08-03-fire-os-7-framework-amazon-fire/artifacts/framework/framework-res.apk,a8ac705f290b4aaf432e25d680b3a022a04091e9d5d3f5fcf4e5ac2234964e99,android,android.uid.system,467,false,false,PROTECTED_BROADCAST:android.intent.action.BOOT_COMPLETED
/Users/bob/Documents/Codex/2026-08-03-fire-os-7-framework-amazon-fire/artifacts/framework/framework-res.apk,a8ac705f290b4aaf432e25d680b3a022a04091e9d5d3f5fcf4e5ac2234964e99,android,android.uid.system,467,false,false,PROTECTED_BROADCAST:android.intent.action.PACKAGE_INSTALL
/Users/bob/Documents/Codex/2026-08-03-fire-os-7-framework-amazon-fire/artifacts/framework/framework-res.apk,a8ac705f290b4aaf432e25d680b3a022a04091e9d5d3f5fcf4e5ac2234964e99,android,android.uid.system,467,false,false,PROTECTED_BROADCAST:android.intent.action.PACKAGE_ADDED
/Users/bob/Documents/Codex/2026-08-03-fire-os-7-framework-amazon-fire/artifacts/framework/framework-res.apk,a8ac705f290b4aaf432e25d680b3a022a04091e9d5d3f5fcf4e5ac2234964e99,android,android.uid.system,467,false,false,PROTECTED_BROADCAST:android.intent.action.PACKAGE_REPLACED
/Users/bob/Documents/Codex/2026-08-03-fire-os-7-framework-amazon-fire/artifacts/framework/framework-res.apk,a8ac705f290b4aaf432e25d680b3a022a04091e9d5d3f5fcf4e5ac2234964e99,android,android.uid.system,467,false,false,PROTECTED_BROADCAST:android.intent.action.MY_PACKAGE_REPLACED
/Users/bob/Documents/Codex/2026-08-03-fire-os-7-framework-amazon-fire/artifacts/framework/framework-res.apk,a8ac705f290b4aaf432e25d680b3a022a04091e9d5d3f5fcf4e5ac2234964e99,android,android.uid.system,467,false,false,PROTECTED_BROADCAST:android.intent.action.PACKAGE_REMOVED
/Users/bob/Documents/Codex/2026-08-03-fire-os-7-framework-amazon-fire/artifacts/framework/framework-res.apk,a8ac705f290b4aaf432e25d680b3a022a04091e9d5d3f5fcf4e5ac2234964e99,android,android.uid.system,467,false,false,PROTECTED_BROADCAST:android.intent.action.PACKAGE_FULLY_REMOVED
/Users/bob/Documents/Codex/2026-08-03-fire-os-7-framework-amazon-fire/artifacts/framework/framework-res.apk,a8ac705f290b4aaf432e25d680b3a022a04091e9d5d3f5fcf4e5ac2234964e99,android,android.uid.system,467,false,false,PROTECTED_BROADCAST:android.intent.action.PACKAGE_CHANGED
/Users/bob/Documents/Codex/2026-08-03-fire-os-7-framework-amazon-fire/artifacts/framework/framework-res.apk,a8ac705f290b4aaf432e25d680b3a022a04091e9d5d3f5fcf4e5ac2234964e99,android,android.uid.system,467,false,false,PROTECTED_BROADCAST:android.intent.action.PACKAGE_RESTARTED
/Users/bob/Documents/Codex/2026-08-03-fire-os-7-framework-amazon-fire/artifacts/framework/framework-res.apk,a8ac705f290b4aaf432e25d680b3a022a04091e9d5d3f5fcf4e5ac2234964e99,android,android.uid.system,467,false,false,PROTECTED_BROADCAST:android.intent.action.PACKAGE_DATA_CLEARED
/Users/bob/Documents/Codex/2026-08-03-fire-os-7-framework-amazon-fire/artifacts/framework/framework-res.apk,a8ac705f290b4aaf432e25d680b3a022a04091e9d5d3f5fcf4e5ac2234964e99,android,android.uid.system,467,false,false,PROTECTED_BROADCAST:android.intent.action.PACKAGE_FIRST_LAUNCH
/Users/bob/Documents/Codex/2026-08-03-fire-os-7-framework-amazon-fire/artifacts/framework/framework-res.apk,a8ac705f290b4aaf432e25d680b3a022a04091e9d5d3f5fcf4e5ac2234964e99,android,android.uid.system,467,false,false,PROTECTED_BROADCAST:android.intent.action.PACKAGE_NEEDS_VERIFICATION
/Users/bob/Documents/Codex/2026-08-03-fire-os-7-framework-amazon-fire/artifacts/framework/framework-res.apk,a8ac705f290b4aaf432e25d680b3a022a04091e9d5d3f5fcf4e5ac2234964e99,android,android.uid.system,467,false,false,PROTECTED_BROADCAST:android.intent.action.PACKAGE_VERIFIED
/Users/bob/Documents/Codex/2026-08-03-fire-os-7-framework-amazon-fire/artifacts/framework/framework-res.apk,a8ac705f290b4aaf432e25d680b3a022a04091e9d5d3f5fcf4e5ac2234964e99,android,android.uid.system,467,false,false,PROTECTED_BROADCAST:android.intent.action.PACKAGES_SUSPENDED
/Users/bob/Documents/Codex/2026-08-03-fire-os-7-framework-amazon-fire/artifacts/framework/framework-res.apk,a8ac705f290b4aaf432e25d680b3a022a04091e9d5d3f5fcf4e5ac2234964e99,android,android.uid.system,467,false,false,PROTECTED_BROADCAST:android.intent.action.PACKAGES_UNSUSPENDED
/Users/bob/Documents/Codex/2026-08-03-fire-os-7-framework-amazon-fire/artifacts/framework/framework-res.apk,a8ac705f290b4aaf432e25d680b3a022a04091e9d5d3f5fcf4e5ac2234964e99,android,android.uid.system,467,false,false,PROTECTED_BROADCAST:android.intent.action.ACTION_PREFERRED_ACTIVITY_CHANGED
/Users/bob/Documents/Codex/2026-08-03-fire-os-7-framework-amazon-fire/artifacts/framework/framework-res.apk,a8ac705f290b4aaf432e25d680b3a022a04091e9d5d3f5fcf4e5ac2234964e99,android,android.uid.system,467,false,false,PROTECTED_BROADCAST:android.intent.action.UID_REMOVED
/Users/bob/Documents/Codex/2026-08-03-fire-os-7-framework-amazon-fire/artifacts/framework/framework-res.apk,a8ac705f290b4aaf432e25d680b3a022a04091e9d5d3f5fcf4e5ac2234964e99,android,android.uid.system,467,false,false,PROTECTED_BROADCAST:android.intent.action.QUERY_PACKAGE_RESTART
/Users/bob/Documents/Codex/2026-08-03-fire-os-7-framework-amazon-fire/artifacts/framework/framework-res.apk,a8ac705f290b4aaf432e25d680b3a022a04091e9d5d3f5fcf4e5ac2234964e99,android,android.uid.system,467,false,false,PROTECTED_BROADCAST:android.intent.action.CONFIGURATION_CHANGED
/Users/bob/Documents/Codex/2026-08-03-fire-os-7-framework-amazon-fire/artifacts/framework/framework-res.apk,a8ac705f290b4aaf432e25d680b3a022a04091e9d5d3f5fcf4e5ac2234964e99,android,android.uid.system,467,false,false,PROTECTED_BROADCAST:android.intent.action.SPLIT_CONFIGURATION_CHANGED
/Users/bob/Documents/Codex/2026-08-03-fire-os-7-framework-amazon-fire/artifacts/framework/framework-res.apk,a8ac705f290b4aaf432e25d680b3a022a04091e9d5d3f5fcf4e5ac2234964e99,android,android.uid.system,467,false,false,PROTECTED_BROADCAST:android.intent.action.LOCALE_CHANGED
/Users/bob/Documents/Codex/2026-08-03-fire-os-7-framework-amazon-fire/artifacts/framework/framework-res.apk,a8ac705f290b4aaf432e25d680b3a022a04091e9d5d3f5fcf4e5ac2234964e99,android,android.uid.system,467,false,false,PROTECTED_BROADCAST:android.intent.action.BATTERY_CHANGED
/Users/bob/Documents/Codex/2026-08-03-fire-os-7-framework-amazon-fire/artifacts/framework/framework-res.apk,a8ac705f290b4aaf432e25d680b3a022a04091e9d5d3f5fcf4e5ac2234964e99,android,android.uid.system,467,false,false,PROTECTED_BROADCAST:android.intent.action.BATTERY_LEVEL_CHANGED
/Users/bob/Documents/Codex/2026-08-03-fire-os-7-framework-amazon-fire/artifacts/framework/framework-res.apk,a8ac705f290b4aaf432e25d680b3a022a04091e9d5d3f5fcf4e5ac2234964e99,android,android.uid.system,467,false,false,PROTECTED_BROADCAST:android.intent.action.BATTERY_LOW
/Users/bob/Documents/Codex/2026-08-03-fire-os-7-framework-amazon-fire/artifacts/framework/framework-res.apk,a8ac705f290b4aaf432e25d680b3a022a04091e9d5d3f5fcf4e5ac2234964e99,android,android.uid.system,467,false,false,PROTECTED_BROADCAST:android.intent.action.BATTERY_OKAY
/Users/bob/Documents/Codex/2026-08-03-fire-os-7-framework-amazon-fire/artifacts/framework/framework-res.apk,a8ac705f290b4aaf432e25d680b3a022a04091e9d5d3f5fcf4e5ac2234964e99,android,android.uid.system,467,false,false,PROTECTED_BROADCAST:android.intent.action.ACTION_POWER_CONNECTED
/Users/bob/Documents/Codex/2026-08-03-fire-os-7-framework-amazon-fire/artifacts/framework/framework-res.apk,a8ac705f290b4aaf432e25d680b3a022a04091e9d5d3f5fcf4e5ac2234964e99,android,android.uid.system,467,false,false,PROTECTED_BROADCAST:android.intent.action.ACTION_POWER_DISCONNECTED
/Users/bob/Documents/Codex/2026-08-03-fire-os-7-framework-amazon-fire/artifacts/framework/framework-res.apk,a8ac705f290b4aaf432e25d680b3a022a04091e9d5d3f5fcf4e5ac2234964e99,android,android.uid.system,467,false,false,PROTECTED_BROADCAST:android.intent.action.ACTION_SHUTDOWN
/Users/bob/Documents/Codex/2026-08-03-fire-os-7-framework-amazon-fire/artifacts/framework/framework-res.apk,a8ac705f290b4aaf432e25d680b3a022a04091e9d5d3f5fcf4e5ac2234964e99,android,android.uid.system,467,false,false,PROTECTED_BROADCAST:android.intent.action.CHARGING
/Users/bob/Documents/Codex/2026-08-03-fire-os-7-framework-amazon-fire/artifacts/framework/framework-res.apk,a8ac705f290b4aaf432e25d680b3a022a04091e9d5d3f5fcf4e5ac2234964e99,android,android.uid.system,467,false,false,PROTECTED_BROADCAST:android.intent.action.DISCHARGING
/Users/bob/Documents/Codex/2026-08-03-fire-os-7-framework-amazon-fire/artifacts/framework/framework-res.apk,a8ac705f290b4aaf432e25d680b3a022a04091e9d5d3f5fcf4e5ac2234964e99,android,android.uid.system,467,false,false,PROTECTED_BROADCAST:android.intent.action.DEVICE_STORAGE_LOW
/Users/bob/Documents/Codex/2026-08-03-fire-os-7-framework-amazon-fire/artifacts/framework/framework-res.apk,a8ac705f290b4aaf432e25d680b3a022a04091e9d5d3f5fcf4e5ac2234964e99,android,android.uid.system,467,false,false,PROTECTED_BROADCAST:android.intent.action.DEVICE_STORAGE_OK
/Users/bob/Documents/Codex/2026-08-03-fire-os-7-framework-amazon-fire/artifacts/framework/framework-res.apk,a8ac705f290b4aaf432e25d680b3a022a04091e9d5d3f5fcf4e5ac2234964e99,android,android.uid.system,467,false,false,PROTECTED_BROADCAST:android.intent.action.DEVICE_STORAGE_FULL
/Users/bob/Documents/Codex/2026-08-03-fire-os-7-framework-amazon-fire/artifacts/framework/framework-res.apk,a8ac705f290b4aaf432e25d680b3a022a04091e9d5d3f5fcf4e5ac2234964e99,android,android.uid.system,467,false,false,PROTECTED_BROADCAST:android.intent.action.DEVICE_STORAGE_NOT_FULL
/Users/bob/Documents/Codex/2026-08-03-fire-os-7-framework-amazon-fire/artifacts/framework/framework-res.apk,a8ac705f290b4aaf432e25d680b3a022a04091e9d5d3f5fcf4e5ac2234964e99,android,android.uid.system,467,false,false,PROTECTED_BROADCAST:android.intent.action.NEW_OUTGOING_CALL
/Users/bob/Documents/Codex/2026-08-03-fire-os-7-framework-amazon-fire/artifacts/framework/framework-res.apk,a8ac705f290b4aaf432e25d680b3a022a04091e9d5d3f5fcf4e5ac2234964e99,android,android.uid.system,467,false,false,PROTECTED_BROADCAST:android.intent.action.REBOOT
/Users/bob/Documents/Codex/2026-08-03-fire-os-7-framework-amazon-fire/artifacts/framework/framework-res.apk,a8ac705f290b4aaf432e25d680b3a022a04091e9d5d3f5fcf4e5ac2234964e99,android,android.uid.system,467,false,false,PROTECTED_BROADCAST:android.intent.action.DOCK_EVENT
/Users/bob/Documents/Codex/2026-08-03-fire-os-7-framework-amazon-fire/artifacts/framework/framework-res.apk,a8ac705f290b4aaf432e25d680b3a022a04091e9d5d3f5fcf4e5ac2234964e99,android,android.uid.system,467,false,false,PROTECTED_BROADCAST:android.intent.action.THERMAL_EVENT
/Users/bob/Documents/Codex/2026-08-03-fire-os-7-framework-amazon-fire/artifacts/framework/framework-res.apk,a8ac705f290b4aaf432e25d680b3a022a04091e9d5d3f5fcf4e5ac2234964e99,android,android.uid.system,467,false,false,PROTECTED_BROADCAST:android.intent.action.MASTER_CLEAR_NOTIFICATION
/Users/bob/Documents/Codex/2026-08-03-fire-os-7-framework-amazon-fire/artifacts/framework/framework-res.apk,a8ac705f290b4aaf432e25d680b3a022a04091e9d5d3f5fcf4e5ac2234964e99,android,android.uid.system,467,false,false,PROTECTED_BROADCAST:android.intent.action.USER_ADDED
/Users/bob/Documents/Codex/2026-08-03-fire-os-7-framework-amazon-fire/artifacts/framework/framework-res.apk,a8ac705f290b4aaf432e25d680b3a022a04091e9d5d3f5fcf4e5ac2234964e99,android,android.uid.system,467,false,false,PROTECTED_BROADCAST:android.intent.action.USER_REMOVED
/Users/bob/Documents/Codex/2026-08-03-fire-os-7-framework-amazon-fire/artifacts/framework/framework-res.apk,a8ac705f290b4aaf432e25d680b3a022a04091e9d5d3f5fcf4e5ac2234964e99,android,android.uid.system,467,false,false,PROTECTED_BROADCAST:android.intent.action.USER_STARTING
/Users/bob/Documents/Codex/2026-08-03-fire-os-7-framework-amazon-fire/artifacts/framework/framework-res.apk,a8ac705f290b4aaf432e25d680b3a022a04091e9d5d3f5fcf4e5ac2234964e99,android,android.uid.system,467,false,false,PROTECTED_BROADCAST:android.intent.action.USER_STARTED
/Users/bob/Documents/Codex/2026-08-03-fire-os-7-framework-amazon-fire/artifacts/framework/framework-res.apk,a8ac705f290b4aaf432e25d680b3a022a04091e9d5d3f5fcf4e5ac2234964e99,android,android.uid.system,467,false,false,PROTECTED_BROADCAST:android.intent.action.USER_STOPPING
/Users/bob/Documents/Codex/2026-08-03-fire-os-7-framework-amazon-fire/artifacts/framework/framework-res.apk,a8ac705f290b4aaf432e25d680b3a022a04091e9d5d3f5fcf4e5ac2234964e99,android,android.uid.system,467,false,false,PROTECTED_BROADCAST:android.intent.action.USER_STOPPED
/Users/bob/Documents/Codex/2026-08-03-fire-os-7-framework-amazon-fire/artifacts/framework/framework-res.apk,a8ac705f290b4aaf432e25d680b3a022a04091e9d5d3f5fcf4e5ac2234964e99,android,android.uid.system,467,false,false,PROTECTED_BROADCAST:android.intent.action.USER_BACKGROUND
/Users/bob/Documents/Codex/2026-08-03-fire-os-7-framework-amazon-fire/artifacts/framework/framework-res.apk,a8ac705f290b4aaf432e25d680b3a022a04091e9d5d3f5fcf4e5ac2234964e99,android,android.uid.system,467,false,false,PROTECTED_BROADCAST:android.intent.action.USER_FOREGROUND
/Users/bob/Documents/Codex/2026-08-03-fire-os-7-framework-amazon-fire/artifacts/framework/framework-res.apk,a8ac705f290b4aaf432e25d680b3a022a04091e9d5d3f5fcf4e5ac2234964e99,android,android.uid.system,467,false,false,PROTECTED_BROADCAST:android.intent.action.USER_SWITCHED
/Users/bob/Documents/Codex/2026-08-03-fire-os-7-framework-amazon-fire/artifacts/framework/framework-res.apk,a8ac705f290b4aaf432e25d680b3a022a04091e9d5d3f5fcf4e5ac2234964e99,android,android.uid.system,467,false,false,PROTECTED_BROADCAST:android.intent.action.USER_INITIALIZE
/Users/bob/Documents/Codex/2026-08-03-fire-os-7-framework-amazon-fire/artifacts/framework/framework-res.apk,a8ac705f290b4aaf432e25d680b3a022a04091e9d5d3f5fcf4e5ac2234964e99,android,android.uid.system,467,false,false,PROTECTED_BROADCAST:android.intent.action.INTENT_FILTER_NEEDS_VERIFICATION
/Users/bob/Documents/Codex/2026-08-03-fire-os-7-framework-amazon-fire/artifacts/framework/framework-res.apk,a8ac705f290b4aaf432e25d680b3a022a04091e9d5d3f5fcf4e5ac2234964e99,android,android.uid.system,467,false,false,PROTECTED_BROADCAST:android.intent.action.OVERLAY_ADDED
/Users/bob/Documents/Codex/2026-08-03-fire-os-7-framework-amazon-fire/artifacts/framework/framework-res.apk,a8ac705f290b4aaf432e25d680b3a022a04091e9d5d3f5fcf4e5ac2234964e99,android,android.uid.system,467,false,false,PROTECTED_BROADCAST:android.intent.action.OVERLAY_CHANGED
/Users/bob/Documents/Codex/2026-08-03-fire-os-7-framework-amazon-fire/artifacts/framework/framework-res.apk,a8ac705f290b4aaf432e25d680b3a022a04091e9d5d3f5fcf4e5ac2234964e99,android,android.uid.system,467,false,false,PROTECTED_BROADCAST:android.intent.action.OVERLAY_REMOVED
/Users/bob/Documents/Codex/2026-08-03-fire-os-7-framework-amazon-fire/artifacts/framework/framework-res.apk,a8ac705f290b4aaf432e25d680b3a022a04091e9d5d3f5fcf4e5ac2234964e99,android,android.uid.system,467,false,false,PROTECTED_BROADCAST:android.intent.action.OVERLAY_PRIORITY_CHANGED
/Users/bob/Documents/Codex/2026-08-03-fire-os-7-framework-amazon-fire/artifacts/framework/framework-res.apk,a8ac705f290b4aaf432e25d680b3a022a04091e9d5d3f5fcf4e5ac2234964e99,android,android.uid.system,467,false,false,PROTECTED_BROADCAST:android.intent.action.USER_ACTIVITY_NOTIFICATION
/Users/bob/Documents/Codex/2026-08-03-fire-os-7-framework-amazon-fire/artifacts/framework/framework-res.apk,a8ac705f290b4aaf432e25d680b3a022a04091e9d5d3f5fcf4e5ac2234964e99,android,android.uid.system,467,false,false,PROTECTED_BROADCAST:android.intent.action.MY_PACKAGE_SUSPENDED
/Users/bob/Documents/Codex/2026-08-03-fire-os-7-framework-amazon-fire/artifacts/framework/framework-res.apk,a8ac705f290b4aaf432e25d680b3a022a04091e9d5d3f5fcf4e5ac2234964e99,android,android.uid.system,467,false,false,PROTECTED_BROADCAST:android.intent.action.MY_PACKAGE_UNSUSPENDED
/Users/bob/Documents/Codex/2026-08-03-fire-os-7-framework-amazon-fire/artifacts/framework/framework-res.apk,a8ac705f290b4aaf432e25d680b3a022a04091e9d5d3f5fcf4e5ac2234964e99,android,android.uid.system,467,false,false,PROTECTED_BROADCAST:android.app.action.MANAGED_PROFILE_PROVISIONED
/Users/bob/Documents/Codex/2026-08-03-fire-os-7-framework-amazon-fire/artifacts/framework/framework-res.apk,a8ac705f290b4aaf432e25d680b3a022a04091e9d5d3f5fcf4e5ac2234964e99,android,android.uid.system,467,false,false,PROTECTED_BROADCAST:android.os.action.POWER_SAVE_MODE_CHANGED
/Users/bob/Documents/Codex/2026-08-03-fire-os-7-framework-amazon-fire/artifacts/framework/framework-res.apk,a8ac705f290b4aaf432e25d680b3a022a04091e9d5d3f5fcf4e5ac2234964e99,android,android.uid.system,467,false,false,PROTECTED_BROADCAST:android.os.action.POWER_SAVE_MODE_CHANGING
/Users/bob/Documents/Codex/2026-08-03-fire-os-7-framework-amazon-fire/artifacts/framework/framework-res.apk,a8ac705f290b4aaf432e25d680b3a022a04091e9d5d3f5fcf4e5ac2234964e99,android,android.uid.system,467,false,false,PROTECTED_BROADCAST:android.os.action.DEVICE_IDLE_MODE_CHANGED
/Users/bob/Documents/Codex/2026-08-03-fire-os-7-framework-amazon-fire/artifacts/framework/framework-res.apk,a8ac705f290b4aaf432e25d680b3a022a04091e9d5d3f5fcf4e5ac2234964e99,android,android.uid.system,467,false,false,PROTECTED_BROADCAST:android.os.action.POWER_SAVE_WHITELIST_CHANGED
/Users/bob/Documents/Codex/2026-08-03-fire-os-7-framework-amazon-fire/artifacts/framework/framework-res.apk,a8ac705f290b4aaf432e25d680b3a022a04091e9d5d3f5fcf4e5ac2234964e99,android,android.uid.system,467,false,false,PROTECTED_BROADCAST:android.os.action.POWER_SAVE_TEMP_WHITELIST_CHANGED
/Users/bob/Documents/Codex/2026-08-03-fire-os-7-framework-amazon-fire/artifacts/framework/framework-res.apk,a8ac705f290b4aaf432e25d680b3a022a04091e9d5d3f5fcf4e5ac2234964e99,android,android.uid.system,467,false,false,PROTECTED_BROADCAST:android.os.action.POWER_SAVE_MODE_CHANGED_INTERNAL
/Users/bob/Documents/Codex/2026-08-03-fire-os-7-framework-amazon-fire/artifacts/framework/framework-res.apk,a8ac705f290b4aaf432e25d680b3a022a04091e9d5d3f5fcf4e5ac2234964e99,android,android.uid.system,467,false,false,PROTECTED_BROADCAST:android.os.action.SCREEN_BRIGHTNESS_BOOST_CHANGED
/Users/bob/Documents/Codex/2026-08-03-fire-os-7-framework-amazon-fire/artifacts/framework/framework-res.apk,a8ac705f290b4aaf432e25d680b3a022a04091e9d5d3f5fcf4e5ac2234964e99,android,android.uid.system,467,false,false,PROTECTED_BROADCAST:android.app.action.ENTER_CAR_MODE
/Users/bob/Documents/Codex/2026-08-03-fire-os-7-framework-amazon-fire/artifacts/framework/framework-res.apk,a8ac705f290b4aaf432e25d680b3a022a04091e9d5d3f5fcf4e5ac2234964e99,android,android.uid.system,467,false,false,PROTECTED_BROADCAST:android.app.action.EXIT_CAR_MODE
/Users/bob/Documents/Codex/2026-08-03-fire-os-7-framework-amazon-fire/artifacts/framework/framework-res.apk,a8ac705f290b4aaf432e25d680b3a022a04091e9d5d3f5fcf4e5ac2234964e99,android,android.uid.system,467,false,false,PROTECTED_BROADCAST:android.app.action.ENTER_DESK_MODE
/Users/bob/Documents/Codex/2026-08-03-fire-os-7-framework-amazon-fire/artifacts/framework/framework-res.apk,a8ac705f290b4aaf432e25d680b3a022a04091e9d5d3f5fcf4e5ac2234964e99,android,android.uid.system,467,false,false,PROTECTED_BROADCAST:android.app.action.EXIT_DESK_MODE
/Users/bob/Documents/Codex/2026-08-03-fire-os-7-framework-amazon-fire/artifacts/framework/framework-res.apk,a8ac705f290b4aaf432e25d680b3a022a04091e9d5d3f5fcf4e5ac2234964e99,android,android.uid.system,467,false,false,PROTECTED_BROADCAST:android.app.action.NEXT_ALARM_CLOCK_CHANGED
/Users/bob/Documents/Codex/2026-08-03-fire-os-7-framework-amazon-fire/artifacts/framework/framework-res.apk,a8ac705f290b4aaf432e25d680b3a022a04091e9d5d3f5fcf4e5ac2234964e99,android,android.uid.system,467,false,false,PROTECTED_BROADCAST:android.app.action.BUGREPORT_SHARING_DECLINED
/Users/bob/Documents/Codex/2026-08-03-fire-os-7-framework-amazon-fire/artifacts/framework/framework-res.apk,a8ac705f290b4aaf432e25d680b3a022a04091e9d5d3f5fcf4e5ac2234964e99,android,android.uid.system,467,false,false,PROTECTED_BROADCAST:android.app.action.BUGREPORT_FAILED
/Users/bob/Documents/Codex/2026-08-03-fire-os-7-framework-amazon-fire/artifacts/framework/framework-res.apk,a8ac705f290b4aaf432e25d680b3a022a04091e9d5d3f5fcf4e5ac2234964e99,android,android.uid.system,467,false,false,PROTECTED_BROADCAST:android.app.action.BUGREPORT_SHARE
/Users/bob/Documents/Codex/2026-08-03-fire-os-7-framework-amazon-fire/artifacts/framework/framework-res.apk,a8ac705f290b4aaf432e25d680b3a022a04091e9d5d3f5fcf4e5ac2234964e99,android,android.uid.system,467,false,false,PROTECTED_BROADCAST:android.app.action.SHOW_DEVICE_MONITORING_DIALOG
/Users/bob/Documents/Codex/2026-08-03-fire-os-7-framework-amazon-fire/artifacts/framework/framework-res.apk,a8ac705f290b4aaf432e25d680b3a022a04091e9d5d3f5fcf4e5ac2234964e99,android,android.uid.system,467,false,false,PROTECTED_BROADCAST:android.appwidget.action.APPWIDGET_UPDATE_OPTIONS
/Users/bob/Documents/Codex/2026-08-03-fire-os-7-framework-amazon-fire/artifacts/framework/framework-res.apk,a8ac705f290b4aaf432e25d680b3a022a04091e9d5d3f5fcf4e5ac2234964e99,android,android.uid.system,467,false,false,PROTECTED_BROADCAST:android.appwidget.action.APPWIDGET_DELETED
/Users/bob/Documents/Codex/2026-08-03-fire-os-7-framework-amazon-fire/artifacts/framework/framework-res.apk,a8ac705f290b4aaf432e25d680b3a022a04091e9d5d3f5fcf4e5ac2234964e99,android,android.uid.system,467,false,false,PROTECTED_BROADCAST:android.appwidget.action.APPWIDGET_DISABLED
/Users/bob/Documents/Codex/2026-08-03-fire-os-7-framework-amazon-fire/artifacts/framework/framework-res.apk,a8ac705f290b4aaf432e25d680b3a022a04091e9d5d3f5fcf4e5ac2234964e99,android,android.uid.system,467,false,false,PROTECTED_BROADCAST:android.appwidget.action.APPWIDGET_ENABLED
/Users/bob/Documents/Codex/2026-08-03-fire-os-7-framework-amazon-fire/artifacts/framework/framework-res.apk,a8ac705f290b4aaf432e25d680b3a022a04091e9d5d3f5fcf4e5ac2234964e99,android,android.uid.system,467,false,false,PROTECTED_BROADCAST:android.appwidget.action.APPWIDGET_HOST_RESTORED
/Users/bob/Documents/Codex/2026-08-03-fire-os-7-framework-amazon-fire/artifacts/framework/framework-res.apk,a8ac705f290b4aaf432e25d680b3a022a04091e9d5d3f5fcf4e5ac2234964e99,android,android.uid.system,467,false,false,PROTECTED_BROADCAST:android.appwidget.action.APPWIDGET_RESTORED
/Users/bob/Documents/Codex/2026-08-03-fire-os-7-framework-amazon-fire/artifacts/framework/framework-res.apk,a8ac705f290b4aaf432e25d680b3a022a04091e9d5d3f5fcf4e5ac2234964e99,android,android.uid.system,467,false,false,PROTECTED_BROADCAST:android.os.action.SETTING_RESTORED
/Users/bob/Documents/Codex/2026-08-03-fire-os-7-framework-amazon-fire/artifacts/framework/framework-res.apk,a8ac705f290b4aaf432e25d680b3a022a04091e9d5d3f5fcf4e5ac2234964e99,android,android.uid.system,467,false,false,PROTECTED_BROADCAST:android.app.backup.intent.RUN
/Users/bob/Documents/Codex/2026-08-03-fire-os-7-framework-amazon-fire/artifacts/framework/framework-res.apk,a8ac705f290b4aaf432e25d680b3a022a04091e9d5d3f5fcf4e5ac2234964e99,android,android.uid.system,467,false,false,PROTECTED_BROADCAST:android.app.backup.intent.CLEAR
/Users/bob/Documents/Codex/2026-08-03-fire-os-7-framework-amazon-fire/artifacts/framework/framework-res.apk,a8ac705f290b4aaf432e25d680b3a022a04091e9d5d3f5fcf4e5ac2234964e99,android,android.uid.system,467,false,false,PROTECTED_BROADCAST:android.app.backup.intent.INIT
/Users/bob/Documents/Codex/2026-08-03-fire-os-7-framework-amazon-fire/artifacts/framework/framework-res.apk,a8ac705f290b4aaf432e25d680b3a022a04091e9d5d3f5fcf4e5ac2234964e99,android,android.uid.system,467,false,false,PROTECTED_BROADCAST:android.bluetooth.intent.DISCOVERABLE_TIMEOUT
/Users/bob/Documents/Codex/2026-08-03-fire-os-7-framework-amazon-fire/artifacts/framework/framework-res.apk,a8ac705f290b4aaf432e25d680b3a022a04091e9d5d3f5fcf4e5ac2234964e99,android,android.uid.system,467,false,false,PROTECTED_BROADCAST:android.bluetooth.adapter.action.STATE_CHANGED
/Users/bob/Documents/Codex/2026-08-03-fire-os-7-framework-amazon-fire/artifacts/framework/framework-res.apk,a8ac705f290b4aaf432e25d680b3a022a04091e9d5d3f5fcf4e5ac2234964e99,android,android.uid.system,467,false,false,PROTECTED_BROADCAST:android.bluetooth.adapter.action.SCAN_MODE_CHANGED
/Users/bob/Documents/Codex/2026-08-03-fire-os-7-framework-amazon-fire/artifacts/framework/framework-res.apk,a8ac705f290b4aaf432e25d680b3a022a04091e9d5d3f5fcf4e5ac2234964e99,android,android.uid.system,467,false,false,PROTECTED_BROADCAST:android.bluetooth.adapter.action.DISCOVERY_STARTED
/Users/bob/Documents/Codex/2026-08-03-fire-os-7-framework-amazon-fire/artifacts/framework/framework-res.apk,a8ac705f290b4aaf432e25d680b3a022a04091e9d5d3f5fcf4e5ac2234964e99,android,android.uid.system,467,false,false,PROTECTED_BROADCAST:android.bluetooth.adapter.action.DISCOVERY_FINISHED
/Users/bob/Documents/Codex/2026-08-03-fire-os-7-framework-amazon-fire/artifacts/framework/framework-res.apk,a8ac705f290b4aaf432e25d680b3a022a04091e9d5d3f5fcf4e5ac2234964e99,android,android.uid.system,467,false,false,PROTECTED_BROADCAST:android.bluetooth.adapter.action.LOCAL_NAME_CHANGED
/Users/bob/Documents/Codex/2026-08-03-fire-os-7-framework-amazon-fire/artifacts/framework/framework-res.apk,a8ac705f290b4aaf432e25d680b3a022a04091e9d5d3f5fcf4e5ac2234964e99,android,android.uid.system,467,false,false,PROTECTED_BROADCAST:android.bluetooth.adapter.action.BLUETOOTH_ADDRESS_CHANGED
/Users/bob/Documents/Codex/2026-08-03-fire-os-7-framework-amazon-fire/artifacts/framework/framework-res.apk,a8ac705f290b4aaf432e25d680b3a022a04091e9d5d3f5fcf4e5ac2234964e99,android,android.uid.system,467,false,false,PROTECTED_BROADCAST:android.bluetooth.adapter.action.CONNECTION_STATE_CHANGED
/Users/bob/Documents/Codex/2026-08-03-fire-os-7-framework-amazon-fire/artifacts/framework/framework-res.apk,a8ac705f290b4aaf432e25d680b3a022a04091e9d5d3f5fcf4e5ac2234964e99,android,android.uid.system,467,false,false,PROTECTED_BROADCAST:android.bluetooth.device.action.UUID
/Users/bob/Documents/Codex/2026-08-03-fire-os-7-framework-amazon-fire/artifacts/framework/framework-res.apk,a8ac705f290b4aaf432e25d680b3a022a04091e9d5d3f5fcf4e5ac2234964e99,android,android.uid.system,467,false,false,PROTECTED_BROADCAST:android.bluetooth.device.action.MAS_INSTANCE
/Users/bob/Documents/Codex/2026-08-03-fire-os-7-framework-amazon-fire/artifacts/framework/framework-res.apk,a8ac705f290b4aaf432e25d680b3a022a04091e9d5d3f5fcf4e5ac2234964e99,android,android.uid.system,467,false,false,PROTECTED_BROADCAST:android.bluetooth.device.action.ALIAS_CHANGED
/Users/bob/Documents/Codex/2026-08-03-fire-os-7-framework-amazon-fire/artifacts/framework/framework-res.apk,a8ac705f290b4aaf432e25d680b3a022a04091e9d5d3f5fcf4e5ac2234964e99,android,android.uid.system,467,false,false,PROTECTED_BROADCAST:android.bluetooth.device.action.FOUND
/Users/bob/Documents/Codex/2026-08-03-fire-os-7-framework-amazon-fire/artifacts/framework/framework-res.apk,a8ac705f290b4aaf432e25d680b3a022a04091e9d5d3f5fcf4e5ac2234964e99,android,android.uid.system,467,false,false,PROTECTED_BROADCAST:android.bluetooth.device.action.DISAPPEARED
/Users/bob/Documents/Codex/2026-08-03-fire-os-7-framework-amazon-fire/artifacts/framework/framework-res.apk,a8ac705f290b4aaf432e25d680b3a022a04091e9d5d3f5fcf4e5ac2234964e99,android,android.uid.system,467,false,false,PROTECTED_BROADCAST:android.bluetooth.device.action.CLASS_CHANGED
/Users/bob/Documents/Codex/2026-08-03-fire-os-7-framework-amazon-fire/artifacts/framework/framework-res.apk,a8ac705f290b4aaf432e25d680b3a022a04091e9d5d3f5fcf4e5ac2234964e99,android,android.uid.system,467,false,false,PROTECTED_BROADCAST:android.bluetooth.device.action.ACL_CONNECTED
/Users/bob/Documents/Codex/2026-08-03-fire-os-7-framework-amazon-fire/artifacts/framework/framework-res.apk,a8ac705f290b4aaf432e25d680b3a022a04091e9d5d3f5fcf4e5ac2234964e99,android,android.uid.system,467,false,false,PROTECTED_BROADCAST:android.bluetooth.device.action.ACL_DISCONNECT_REQUESTED
/Users/bob/Documents/Codex/2026-08-03-fire-os-7-framework-amazon-fire/artifacts/framework/framework-res.apk,a8ac705f290b4aaf432e25d680b3a022a04091e9d5d3f5fcf4e5ac2234964e99,android,android.uid.system,467,false,false,PROTECTED_BROADCAST:android.bluetooth.device.action.ACL_DISCONNECTED
/Users/bob/Documents/Codex/2026-08-03-fire-os-7-framework-amazon-fire/artifacts/framework/framework-res.apk,a8ac705f290b4aaf432e25d680b3a022a04091e9d5d3f5fcf4e5ac2234964e99,android,android.uid.system,467,false,false,PROTECTED_BROADCAST:android.bluetooth.device.action.NAME_CHANGED
/Users/bob/Documents/Codex/2026-08-03-fire-os-7-framework-amazon-fire/artifacts/framework/framework-res.apk,a8ac705f290b4aaf432e25d680b3a022a04091e9d5d3f5fcf4e5ac2234964e99,android,android.uid.system,467,false,false,PROTECTED_BROADCAST:android.bluetooth.device.action.BOND_STATE_CHANGED
/Users/bob/Documents/Codex/2026-08-03-fire-os-7-framework-amazon-fire/artifacts/framework/framework-res.apk,a8ac705f290b4aaf432e25d680b3a022a04091e9d5d3f5fcf4e5ac2234964e99,android,android.uid.system,467,false,false,PROTECTED_BROADCAST:android.bluetooth.device.action.NAME_FAILED
/Users/bob/Documents/Codex/2026-08-03-fire-os-7-framework-amazon-fire/artifacts/framework/framework-res.apk,a8ac705f290b4aaf432e25d680b3a022a04091e9d5d3f5fcf4e5ac2234964e99,android,android.uid.system,467,false,false,PROTECTED_BROADCAST:android.bluetooth.device.action.PAIRING_REQUEST
/Users/bob/Documents/Codex/2026-08-03-fire-os-7-framework-amazon-fire/artifacts/framework/framework-res.apk,a8ac705f290b4aaf432e25d680b3a022a04091e9d5d3f5fcf4e5ac2234964e99,android,android.uid.system,467,false,false,PROTECTED_BROADCAST:android.bluetooth.device.action.PAIRING_CANCEL
/Users/bob/Documents/Codex/2026-08-03-fire-os-7-framework-amazon-fire/artifacts/framework/framework-res.apk,a8ac705f290b4aaf432e25d680b3a022a04091e9d5d3f5fcf4e5ac2234964e99,android,android.uid.system,467,false,false,PROTECTED_BROADCAST:android.bluetooth.device.action.CONNECTION_ACCESS_REPLY
/Users/bob/Documents/Codex/2026-08-03-fire-os-7-framework-amazon-fire/artifacts/framework/framework-res.apk,a8ac705f290b4aaf432e25d680b3a022a04091e9d5d3f5fcf4e5ac2234964e99,android,android.uid.system,467,false,false,PROTECTED_BROADCAST:android.bluetooth.device.action.CONNECTION_ACCESS_CANCEL
/Users/bob/Documents/Codex/2026-08-03-fire-os-7-framework-amazon-fire/artifacts/framework/framework-res.apk,a8ac705f290b4aaf432e25d680b3a022a04091e9d5d3f5fcf4e5ac2234964e99,android,android.uid.system,467,false,false,PROTECTED_BROADCAST:android.bluetooth.device.action.CONNECTION_ACCESS_REQUEST
/Users/bob/Documents/Codex/2026-08-03-fire-os-7-framework-amazon-fire/artifacts/framework/framework-res.apk,a8ac705f290b4aaf432e25d680b3a022a04091e9d5d3f5fcf4e5ac2234964e99,android,android.uid.system,467,false,false,PROTECTED_BROADCAST:android.bluetooth.device.action.SDP_RECORD
/Users/bob/Documents/Codex/2026-08-03-fire-os-7-framework-amazon-fire/artifacts/framework/framework-res.apk,a8ac705f290b4aaf432e25d680b3a022a04091e9d5d3f5fcf4e5ac2234964e99,android,android.uid.system,467,false,false,PROTECTED_BROADCAST:android.bluetooth.device.action.BATTERY_LEVEL_CHANGED
/Users/bob/Documents/Codex/2026-08-03-fire-os-7-framework-amazon-fire/artifacts/framework/framework-res.apk,a8ac705f290b4aaf432e25d680b3a022a04091e9d5d3f5fcf4e5ac2234964e99,android,android.uid.system,467,false,false,PROTECTED_BROADCAST:android.bluetooth.devicepicker.action.LAUNCH
/Users/bob/Documents/Codex/2026-08-03-fire-os-7-framework-amazon-fire/artifacts/framework/framework-res.apk,a8ac705f290b4aaf432e25d680b3a022a04091e9d5d3f5fcf4e5ac2234964e99,android,android.uid.system,467,false,false,PROTECTED_BROADCAST:android.bluetooth.devicepicker.action.DEVICE_SELECTED
/Users/bob/Documents/Codex/2026-08-03-fire-os-7-framework-amazon-fire/artifacts/framework/framework-res.apk,a8ac705f290b4aaf432e25d680b3a022a04091e9d5d3f5fcf4e5ac2234964e99,android,android.uid.system,467,false,false,PROTECTED_BROADCAST:android.bluetooth.headset.profile.action.CONNECTION_STATE_CHANGED
/Users/bob/Documents/Codex/2026-08-03-fire-os-7-framework-amazon-fire/artifacts/framework/framework-res.apk,a8ac705f290b4aaf432e25d680b3a022a04091e9d5d3f5fcf4e5ac2234964e99,android,android.uid.system,467,false,false,PROTECTED_BROADCAST:android.bluetooth.headset.profile.action.AUDIO_STATE_CHANGED
/Users/bob/Documents/Codex/2026-08-03-fire-os-7-framework-amazon-fire/artifacts/framework/framework-res.apk,a8ac705f290b4aaf432e25d680b3a022a04091e9d5d3f5fcf4e5ac2234964e99,android,android.uid.system,467,false,false,PROTECTED_BROADCAST:android.bluetooth.headset.action.VENDOR_SPECIFIC_HEADSET_EVENT
/Users/bob/Documents/Codex/2026-08-03-fire-os-7-framework-amazon-fire/artifacts/framework/framework-res.apk,a8ac705f290b4aaf432e25d680b3a022a04091e9d5d3f5fcf4e5ac2234964e99,android,android.uid.system,467,false,false,PROTECTED_BROADCAST:android.bluetooth.headset.action.HF_INDICATORS_VALUE_CHANGED
/Users/bob/Documents/Codex/2026-08-03-fire-os-7-framework-amazon-fire/artifacts/framework/framework-res.apk,a8ac705f290b4aaf432e25d680b3a022a04091e9d5d3f5fcf4e5ac2234964e99,android,android.uid.system,467,false,false,PROTECTED_BROADCAST:android.bluetooth.headset.profile.action.ACTIVE_DEVICE_CHANGED
/Users/bob/Documents/Codex/2026-08-03-fire-os-7-framework-amazon-fire/artifacts/framework/framework-res.apk,a8ac705f290b4aaf432e25d680b3a022a04091e9d5d3f5fcf4e5ac2234964e99,android,android.uid.system,467,false,false,PROTECTED_BROADCAST:android.bluetooth.headsetclient.profile.action.CONNECTION_STATE_CHANGED
/Users/bob/Documents/Codex/2026-08-03-fire-os-7-framework-amazon-fire/artifacts/framework/framework-res.apk,a8ac705f290b4aaf432e25d680b3a022a04091e9d5d3f5fcf4e5ac2234964e99,android,android.uid.system,467,false,false,PROTECTED_BROADCAST:android.bluetooth.headsetclient.profile.action.AUDIO_STATE_CHANGED
/Users/bob/Documents/Codex/2026-08-03-fire-os-7-framework-amazon-fire/artifacts/framework/framework-res.apk,a8ac705f290b4aaf432e25d680b3a022a04091e9d5d3f5fcf4e5ac2234964e99,android,android.uid.system,467,false,false,PROTECTED_BROADCAST:android.bluetooth.headsetclient.profile.action.AG_EVENT
/Users/bob/Documents/Codex/2026-08-03-fire-os-7-framework-amazon-fire/artifacts/framework/framework-res.apk,a8ac705f290b4aaf432e25d680b3a022a04091e9d5d3f5fcf4e5ac2234964e99,android,android.uid.system,467,false,false,PROTECTED_BROADCAST:android.bluetooth.headsetclient.profile.action.AG_CALL_CHANGED
/Users/bob/Documents/Codex/2026-08-03-fire-os-7-framework-amazon-fire/artifacts/framework/framework-res.apk,a8ac705f290b4aaf432e25d680b3a022a04091e9d5d3f5fcf4e5ac2234964e99,android,android.uid.system,467,false,false,PROTECTED_BROADCAST:android.bluetooth.headsetclient.profile.action.RESULT
/Users/bob/Documents/Codex/2026-08-03-fire-os-7-framework-amazon-fire/artifacts/framework/framework-res.apk,a8ac705f290b4aaf432e25d680b3a022a04091e9d5d3f5fcf4e5ac2234964e99,android,android.uid.system,467,false,false,PROTECTED_BROADCAST:android.bluetooth.headsetclient.profile.action.LAST_VTAG
/Users/bob/Documents/Codex/2026-08-03-fire-os-7-framework-amazon-fire/artifacts/framework/framework-res.apk,a8ac705f290b4aaf432e25d680b3a022a04091e9d5d3f5fcf4e5ac2234964e99,android,android.uid.system,467,false,false,PROTECTED_BROADCAST:android.bluetooth.hearingaid.profile.action.CONNECTION_STATE_CHANGED
/Users/bob/Documents/Codex/2026-08-03-fire-os-7-framework-amazon-fire/artifacts/framework/framework-res.apk,a8ac705f290b4aaf432e25d680b3a022a04091e9d5d3f5fcf4e5ac2234964e99,android,android.uid.system,467,false,false,PROTECTED_BROADCAST:android.bluetooth.hearingaid.profile.action.PLAYING_STATE_CHANGED
/Users/bob/Documents/Codex/2026-08-03-fire-os-7-framework-amazon-fire/artifacts/framework/framework-res.apk,a8ac705f290b4aaf432e25d680b3a022a04091e9d5d3f5fcf4e5ac2234964e99,android,android.uid.system,467,false,false,PROTECTED_BROADCAST:android.bluetooth.hearingaid.profile.action.ACTIVE_DEVICE_CHANGED
/Users/bob/Documents/Codex/2026-08-03-fire-os-7-framework-amazon-fire/artifacts/framework/framework-res.apk,a8ac705f290b4aaf432e25d680b3a022a04091e9d5d3f5fcf4e5ac2234964e99,android,android.uid.system,467,false,false,PROTECTED_BROADCAST:android.bluetooth.a2dp.profile.action.CONNECTION_STATE_CHANGED
/Users/bob/Documents/Codex/2026-08-03-fire-os-7-framework-amazon-fire/artifacts/framework/framework-res.apk,a8ac705f290b4aaf432e25d680b3a022a04091e9d5d3f5fcf4e5ac2234964e99,android,android.uid.system,467,false,false,PROTECTED_BROADCAST:android.bluetooth.a2dp.profile.action.ACTIVE_DEVICE_CHANGED
/Users/bob/Documents/Codex/2026-08-03-fire-os-7-framework-amazon-fire/artifacts/framework/framework-res.apk,a8ac705f290b4aaf432e25d680b3a022a04091e9d5d3f5fcf4e5ac2234964e99,android,android.uid.system,467,false,false,PROTECTED_BROADCAST:android.bluetooth.a2dp.profile.action.PLAYING_STATE_CHANGED
/Users/bob/Documents/Codex/2026-08-03-fire-os-7-framework-amazon-fire/artifacts/framework/framework-res.apk,a8ac705f290b4aaf432e25d680b3a022a04091e9d5d3f5fcf4e5ac2234964e99,android,android.uid.system,467,false,false,PROTECTED_BROADCAST:android.bluetooth.a2dp.profile.action.CODEC_CONFIG_CHANGED
/Users/bob/Documents/Codex/2026-08-03-fire-os-7-framework-amazon-fire/artifacts/framework/framework-res.apk,a8ac705f290b4aaf432e25d680b3a022a04091e9d5d3f5fcf4e5ac2234964e99,android,android.uid.system,467,false,false,PROTECTED_BROADCAST:android.bluetooth.a2dp-sink.profile.action.CONNECTION_STATE_CHANGED
/Users/bob/Documents/Codex/2026-08-03-fire-os-7-framework-amazon-fire/artifacts/framework/framework-res.apk,a8ac705f290b4aaf432e25d680b3a022a04091e9d5d3f5fcf4e5ac2234964e99,android,android.uid.system,467,false,false,PROTECTED_BROADCAST:android.bluetooth.a2dp-sink.profile.action.PLAYING_STATE_CHANGED
/Users/bob/Documents/Codex/2026-08-03-fire-os-7-framework-amazon-fire/artifacts/framework/framework-res.apk,a8ac705f290b4aaf432e25d680b3a022a04091e9d5d3f5fcf4e5ac2234964e99,android,android.uid.system,467,false,false,PROTECTED_BROADCAST:android.bluetooth.a2dp-sink.profile.action.AUDIO_CONFIG_CHANGED
/Users/bob/Documents/Codex/2026-08-03-fire-os-7-framework-amazon-fire/artifacts/framework/framework-res.apk,a8ac705f290b4aaf432e25d680b3a022a04091e9d5d3f5fcf4e5ac2234964e99,android,android.uid.system,467,false,false,PROTECTED_BROADCAST:android.bluetooth.avrcp-controller.profile.action.BROWSE_CONNECTION_STATE_CHANGED
/Users/bob/Documents/Codex/2026-08-03-fire-os-7-framework-amazon-fire/artifacts/framework/framework-res.apk,a8ac705f290b4aaf432e25d680b3a022a04091e9d5d3f5fcf4e5ac2234964e99,android,android.uid.system,467,false,false,PROTECTED_BROADCAST:android.bluetooth.avrcp-controller.profile.action.CONNECTION_STATE_CHANGED
/Users/bob/Documents/Codex/2026-08-03-fire-os-7-framework-amazon-fire/artifacts/framework/framework-res.apk,a8ac705f290b4aaf432e25d680b3a022a04091e9d5d3f5fcf4e5ac2234964e99,android,android.uid.system,467,false,false,PROTECTED_BROADCAST:android.bluetooth.avrcp-controller.profile.action.FOLDER_LIST
/Users/bob/Documents/Codex/2026-08-03-fire-os-7-framework-amazon-fire/artifacts/framework/framework-res.apk,a8ac705f290b4aaf432e25d680b3a022a04091e9d5d3f5fcf4e5ac2234964e99,android,android.uid.system,467,false,false,PROTECTED_BROADCAST:android.bluetooth.avrcp-controller.profile.action.TRACK_EVENT
/Users/bob/Documents/Codex/2026-08-03-fire-os-7-framework-amazon-fire/artifacts/framework/framework-res.apk,a8ac705f290b4aaf432e25d680b3a022a04091e9d5d3f5fcf4e5ac2234964e99,android,android.uid.system,467,false,false,PROTECTED_BROADCAST:android.bluetooth.input.profile.action.CONNECTION_STATE_CHANGED
/Users/bob/Documents/Codex/2026-08-03-fire-os-7-framework-amazon-fire/artifacts/framework/framework-res.apk,a8ac705f290b4aaf432e25d680b3a022a04091e9d5d3f5fcf4e5ac2234964e99,android,android.uid.system,467,false,false,PROTECTED_BROADCAST:android.bluetooth.input.profile.action.IDLE_TIME_CHANGED
/Users/bob/Documents/Codex/2026-08-03-fire-os-7-framework-amazon-fire/artifacts/framework/framework-res.apk,a8ac705f290b4aaf432e25d680b3a022a04091e9d5d3f5fcf4e5ac2234964e99,android,android.uid.system,467,false,false,PROTECTED_BROADCAST:android.bluetooth.input.profile.action.PROTOCOL_MODE_CHANGED
/Users/bob/Documents/Codex/2026-08-03-fire-os-7-framework-amazon-fire/artifacts/framework/framework-res.apk,a8ac705f290b4aaf432e25d680b3a022a04091e9d5d3f5fcf4e5ac2234964e99,android,android.uid.system,467,false,false,PROTECTED_BROADCAST:android.bluetooth.input.profile.action.VIRTUAL_UNPLUG_STATUS
/Users/bob/Documents/Codex/2026-08-03-fire-os-7-framework-amazon-fire/artifacts/framework/framework-res.apk,a8ac705f290b4aaf432e25d680b3a022a04091e9d5d3f5fcf4e5ac2234964e99,android,android.uid.system,467,false,false,PROTECTED_BROADCAST:android.bluetooth.hiddevice.profile.action.CONNECTION_STATE_CHANGED
/Users/bob/Documents/Codex/2026-08-03-fire-os-7-framework-amazon-fire/artifacts/framework/framework-res.apk,a8ac705f290b4aaf432e25d680b3a022a04091e9d5d3f5fcf4e5ac2234964e99,android,android.uid.system,467,false,false,PROTECTED_BROADCAST:android.bluetooth.map.profile.action.CONNECTION_STATE_CHANGED
/Users/bob/Documents/Codex/2026-08-03-fire-os-7-framework-amazon-fire/artifacts/framework/framework-res.apk,a8ac705f290b4aaf432e25d680b3a022a04091e9d5d3f5fcf4e5ac2234964e99,android,android.uid.system,467,false,false,PROTECTED_BROADCAST:android.bluetooth.mapmce.profile.action.CONNECTION_STATE_CHANGED
/Users/bob/Documents/Codex/2026-08-03-fire-os-7-framework-amazon-fire/artifacts/framework/framework-res.apk,a8ac705f290b4aaf432e25d680b3a022a04091e9d5d3f5fcf4e5ac2234964e99,android,android.uid.system,467,false,false,PROTECTED_BROADCAST:android.bluetooth.mapmce.profile.action.MESSAGE_RECEIVED
/Users/bob/Documents/Codex/2026-08-03-fire-os-7-framework-amazon-fire/artifacts/framework/framework-res.apk,a8ac705f290b4aaf432e25d680b3a022a04091e9d5d3f5fcf4e5ac2234964e99,android,android.uid.system,467,false,false,PROTECTED_BROADCAST:android.bluetooth.mapmce.profile.action.MESSAGE_SENT_SUCCESSFULLY
/Users/bob/Documents/Codex/2026-08-03-fire-os-7-framework-amazon-fire/artifacts/framework/framework-res.apk,a8ac705f290b4aaf432e25d680b3a022a04091e9d5d3f5fcf4e5ac2234964e99,android,android.uid.system,467,false,false,PROTECTED_BROADCAST:android.bluetooth.mapmce.profile.action.MESSAGE_DELIVERED_SUCCESSFULLY
/Users/bob/Documents/Codex/2026-08-03-fire-os-7-framework-amazon-fire/artifacts/framework/framework-res.apk,a8ac705f290b4aaf432e25d680b3a022a04091e9d5d3f5fcf4e5ac2234964e99,android,android.uid.system,467,false,false,PROTECTED_BROADCAST:com.android.bluetooth.BluetoothMapContentObserver.action.MESSAGE_SENT
/Users/bob/Documents/Codex/2026-08-03-fire-os-7-framework-amazon-fire/artifacts/framework/framework-res.apk,a8ac705f290b4aaf432e25d680b3a022a04091e9d5d3f5fcf4e5ac2234964e99,android,android.uid.system,467,false,false,PROTECTED_BROADCAST:com.android.bluetooth.BluetoothMapContentObserver.action.MESSAGE_DELIVERY
/Users/bob/Documents/Codex/2026-08-03-fire-os-7-framework-amazon-fire/artifacts/framework/framework-res.apk,a8ac705f290b4aaf432e25d680b3a022a04091e9d5d3f5fcf4e5ac2234964e99,android,android.uid.system,467,false,false,PROTECTED_BROADCAST:android.bluetooth.pan.profile.action.CONNECTION_STATE_CHANGED
/Users/bob/Documents/Codex/2026-08-03-fire-os-7-framework-amazon-fire/artifacts/framework/framework-res.apk,a8ac705f290b4aaf432e25d680b3a022a04091e9d5d3f5fcf4e5ac2234964e99,android,android.uid.system,467,false,false,PROTECTED_BROADCAST:android.bluetooth.pbap.profile.action.CONNECTION_STATE_CHANGED
/Users/bob/Documents/Codex/2026-08-03-fire-os-7-framework-amazon-fire/artifacts/framework/framework-res.apk,a8ac705f290b4aaf432e25d680b3a022a04091e9d5d3f5fcf4e5ac2234964e99,android,android.uid.system,467,false,false,PROTECTED_BROADCAST:android.bluetooth.pbapclient.profile.action.CONNECTION_STATE_CHANGED
/Users/bob/Documents/Codex/2026-08-03-fire-os-7-framework-amazon-fire/artifacts/framework/framework-res.apk,a8ac705f290b4aaf432e25d680b3a022a04091e9d5d3f5fcf4e5ac2234964e99,android,android.uid.system,467,false,false,PROTECTED_BROADCAST:android.bluetooth.sap.profile.action.CONNECTION_STATE_CHANGED
/Users/bob/Documents/Codex/2026-08-03-fire-os-7-framework-amazon-fire/artifacts/framework/framework-res.apk,a8ac705f290b4aaf432e25d680b3a022a04091e9d5d3f5fcf4e5ac2234964e99,android,android.uid.system,467,false,false,PROTECTED_BROADCAST:android.btopp.intent.action.INCOMING_FILE_NOTIFICATION
/Users/bob/Documents/Codex/2026-08-03-fire-os-7-framework-amazon-fire/artifacts/framework/framework-res.apk,a8ac705f290b4aaf432e25d680b3a022a04091e9d5d3f5fcf4e5ac2234964e99,android,android.uid.system,467,false,false,PROTECTED_BROADCAST:android.btopp.intent.action.USER_CONFIRMATION_TIMEOUT
/Users/bob/Documents/Codex/2026-08-03-fire-os-7-framework-amazon-fire/artifacts/framework/framework-res.apk,a8ac705f290b4aaf432e25d680b3a022a04091e9d5d3f5fcf4e5ac2234964e99,android,android.uid.system,467,false,false,PROTECTED_BROADCAST:android.btopp.intent.action.LIST
/Users/bob/Documents/Codex/2026-08-03-fire-os-7-framework-amazon-fire/artifacts/framework/framework-res.apk,a8ac705f290b4aaf432e25d680b3a022a04091e9d5d3f5fcf4e5ac2234964e99,android,android.uid.system,467,false,false,PROTECTED_BROADCAST:android.btopp.intent.action.OPEN_OUTBOUND
/Users/bob/Documents/Codex/2026-08-03-fire-os-7-framework-amazon-fire/artifacts/framework/framework-res.apk,a8ac705f290b4aaf432e25d680b3a022a04091e9d5d3f5fcf4e5ac2234964e99,android,android.uid.system,467,false,false,PROTECTED_BROADCAST:android.btopp.intent.action.HIDE_COMPLETE
/Users/bob/Documents/Codex/2026-08-03-fire-os-7-framework-amazon-fire/artifacts/framework/framework-res.apk,a8ac705f290b4aaf432e25d680b3a022a04091e9d5d3f5fcf4e5ac2234964e99,android,android.uid.system,467,false,false,PROTECTED_BROADCAST:android.btopp.intent.action.CONFIRM
/Users/bob/Documents/Codex/2026-08-03-fire-os-7-framework-amazon-fire/artifacts/framework/framework-res.apk,a8ac705f290b4aaf432e25d680b3a022a04091e9d5d3f5fcf4e5ac2234964e99,android,android.uid.system,467,false,false,PROTECTED_BROADCAST:android.btopp.intent.action.HIDE
/Users/bob/Documents/Codex/2026-08-03-fire-os-7-framework-amazon-fire/artifacts/framework/framework-res.apk,a8ac705f290b4aaf432e25d680b3a022a04091e9d5d3f5fcf4e5ac2234964e99,android,android.uid.system,467,false,false,PROTECTED_BROADCAST:android.btopp.intent.action.RETRY
/Users/bob/Documents/Codex/2026-08-03-fire-os-7-framework-amazon-fire/artifacts/framework/framework-res.apk,a8ac705f290b4aaf432e25d680b3a022a04091e9d5d3f5fcf4e5ac2234964e99,android,android.uid.system,467,false,false,PROTECTED_BROADCAST:android.btopp.intent.action.OPEN
/Users/bob/Documents/Codex/2026-08-03-fire-os-7-framework-amazon-fire/artifacts/framework/framework-res.apk,a8ac705f290b4aaf432e25d680b3a022a04091e9d5d3f5fcf4e5ac2234964e99,android,android.uid.system,467,false,false,PROTECTED_BROADCAST:android.btopp.intent.action.OPEN_INBOUND
/Users/bob/Documents/Codex/2026-08-03-fire-os-7-framework-amazon-fire/artifacts/framework/framework-res.apk,a8ac705f290b4aaf432e25d680b3a022a04091e9d5d3f5fcf4e5ac2234964e99,android,android.uid.system,467,false,false,PROTECTED_BROADCAST:android.btopp.intent.action.TRANSFER_COMPLETE
/Users/bob/Documents/Codex/2026-08-03-fire-os-7-framework-amazon-fire/artifacts/framework/framework-res.apk,a8ac705f290b4aaf432e25d680b3a022a04091e9d5d3f5fcf4e5ac2234964e99,android,android.uid.system,467,false,false,PROTECTED_BROADCAST:android.btopp.intent.action.ACCEPT
/Users/bob/Documents/Codex/2026-08-03-fire-os-7-framework-amazon-fire/artifacts/framework/framework-res.apk,a8ac705f290b4aaf432e25d680b3a022a04091e9d5d3f5fcf4e5ac2234964e99,android,android.uid.system,467,false,false,PROTECTED_BROADCAST:android.btopp.intent.action.DECLINE
/Users/bob/Documents/Codex/2026-08-03-fire-os-7-framework-amazon-fire/artifacts/framework/framework-res.apk,a8ac705f290b4aaf432e25d680b3a022a04091e9d5d3f5fcf4e5ac2234964e99,android,android.uid.system,467,false,false,PROTECTED_BROADCAST:com.android.bluetooth.gatt.REFRESH_BATCHED_SCAN
/Users/bob/Documents/Codex/2026-08-03-fire-os-7-framework-amazon-fire/artifacts/framework/framework-res.apk,a8ac705f290b4aaf432e25d680b3a022a04091e9d5d3f5fcf4e5ac2234964e99,android,android.uid.system,467,false,false,PROTECTED_BROADCAST:com.android.bluetooth.pbap.authchall
/Users/bob/Documents/Codex/2026-08-03-fire-os-7-framework-amazon-fire/artifacts/framework/framework-res.apk,a8ac705f290b4aaf432e25d680b3a022a04091e9d5d3f5fcf4e5ac2234964e99,android,android.uid.system,467,false,false,PROTECTED_BROADCAST:com.android.bluetooth.pbap.userconfirmtimeout
/Users/bob/Documents/Codex/2026-08-03-fire-os-7-framework-amazon-fire/artifacts/framework/framework-res.apk,a8ac705f290b4aaf432e25d680b3a022a04091e9d5d3f5fcf4e5ac2234964e99,android,android.uid.system,467,false,false,PROTECTED_BROADCAST:com.android.bluetooth.pbap.authresponse
/Users/bob/Documents/Codex/2026-08-03-fire-os-7-framework-amazon-fire/artifacts/framework/framework-res.apk,a8ac705f290b4aaf432e25d680b3a022a04091e9d5d3f5fcf4e5ac2234964e99,android,android.uid.system,467,false,false,PROTECTED_BROADCAST:com.android.bluetooth.pbap.authcancelled
/Users/bob/Documents/Codex/2026-08-03-fire-os-7-framework-amazon-fire/artifacts/framework/framework-res.apk,a8ac705f290b4aaf432e25d680b3a022a04091e9d5d3f5fcf4e5ac2234964e99,android,android.uid.system,467,false,false,PROTECTED_BROADCAST:com.android.bluetooth.sap.USER_CONFIRM_TIMEOUT
/Users/bob/Documents/Codex/2026-08-03-fire-os-7-framework-amazon-fire/artifacts/framework/framework-res.apk,a8ac705f290b4aaf432e25d680b3a022a04091e9d5d3f5fcf4e5ac2234964e99,android,android.uid.system,467,false,false,PROTECTED_BROADCAST:com.android.bluetooth.sap.action.DISCONNECT_ACTION
/Users/bob/Documents/Codex/2026-08-03-fire-os-7-framework-amazon-fire/artifacts/framework/framework-res.apk,a8ac705f290b4aaf432e25d680b3a022a04091e9d5d3f5fcf4e5ac2234964e99,android,android.uid.system,467,false,false,PROTECTED_BROADCAST:android.hardware.display.action.WIFI_DISPLAY_STATUS_CHANGED
/Users/bob/Documents/Codex/2026-08-03-fire-os-7-framework-amazon-fire/artifacts/framework/framework-res.apk,a8ac705f290b4aaf432e25d680b3a022a04091e9d5d3f5fcf4e5ac2234964e99,android,android.uid.system,467,false,false,PROTECTED_BROADCAST:android.hardware.usb.action.USB_STATE
/Users/bob/Documents/Codex/2026-08-03-fire-os-7-framework-amazon-fire/artifacts/framework/framework-res.apk,a8ac705f290b4aaf432e25d680b3a022a04091e9d5d3f5fcf4e5ac2234964e99,android,android.uid.system,467,false,false,PROTECTED_BROADCAST:android.hardware.usb.action.USB_PORT_CHANGED
/Users/bob/Documents/Codex/2026-08-03-fire-os-7-framework-amazon-fire/artifacts/framework/framework-res.apk,a8ac705f290b4aaf432e25d680b3a022a04091e9d5d3f5fcf4e5ac2234964e99,android,android.uid.system,467,false,false,PROTECTED_BROADCAST:android.hardware.usb.action.USB_ACCESSORY_ATTACHED
/Users/bob/Documents/Codex/2026-08-03-fire-os-7-framework-amazon-fire/artifacts/framework/framework-res.apk,a8ac705f290b4aaf432e25d680b3a022a04091e9d5d3f5fcf4e5ac2234964e99,android,android.uid.system,467,false,false,PROTECTED_BROADCAST:android.hardware.usb.action.USB_ACCESSORY_DETACHED
/Users/bob/Documents/Codex/2026-08-03-fire-os-7-framework-amazon-fire/artifacts/framework/framework-res.apk,a8ac705f290b4aaf432e25d680b3a022a04091e9d5d3f5fcf4e5ac2234964e99,android,android.uid.system,467,false,false,PROTECTED_BROADCAST:android.hardware.usb.action.USB_DEVICE_ATTACHED
/Users/bob/Documents/Codex/2026-08-03-fire-os-7-framework-amazon-fire/artifacts/framework/framework-res.apk,a8ac705f290b4aaf432e25d680b3a022a04091e9d5d3f5fcf4e5ac2234964e99,android,android.uid.system,467,false,false,PROTECTED_BROADCAST:android.hardware.usb.action.USB_DEVICE_DETACHED
/Users/bob/Documents/Codex/2026-08-03-fire-os-7-framework-amazon-fire/artifacts/framework/framework-res.apk,a8ac705f290b4aaf432e25d680b3a022a04091e9d5d3f5fcf4e5ac2234964e99,android,android.uid.system,467,false,false,PROTECTED_BROADCAST:android.intent.action.HEADSET_PLUG
/Users/bob/Documents/Codex/2026-08-03-fire-os-7-framework-amazon-fire/artifacts/framework/framework-res.apk,a8ac705f290b4aaf432e25d680b3a022a04091e9d5d3f5fcf4e5ac2234964e99,android,android.uid.system,467,false,false,PROTECTED_BROADCAST:android.media.action.HDMI_AUDIO_PLUG
/Users/bob/Documents/Codex/2026-08-03-fire-os-7-framework-amazon-fire/artifacts/framework/framework-res.apk,a8ac705f290b4aaf432e25d680b3a022a04091e9d5d3f5fcf4e5ac2234964e99,android,android.uid.system,467,false,false,PROTECTED_BROADCAST:android.media.AUDIO_BECOMING_NOISY
/Users/bob/Documents/Codex/2026-08-03-fire-os-7-framework-amazon-fire/artifacts/framework/framework-res.apk,a8ac705f290b4aaf432e25d680b3a022a04091e9d5d3f5fcf4e5ac2234964e99,android,android.uid.system,467,false,false,PROTECTED_BROADCAST:android.media.RINGER_MODE_CHANGED
/Users/bob/Documents/Codex/2026-08-03-fire-os-7-framework-amazon-fire/artifacts/framework/framework-res.apk,a8ac705f290b4aaf432e25d680b3a022a04091e9d5d3f5fcf4e5ac2234964e99,android,android.uid.system,467,false,false,PROTECTED_BROADCAST:android.media.VIBRATE_SETTING_CHANGED
/Users/bob/Documents/Codex/2026-08-03-fire-os-7-framework-amazon-fire/artifacts/framework/framework-res.apk,a8ac705f290b4aaf432e25d680b3a022a04091e9d5d3f5fcf4e5ac2234964e99,android,android.uid.system,467,false,false,PROTECTED_BROADCAST:android.media.VOLUME_CHANGED_ACTION
/Users/bob/Documents/Codex/2026-08-03-fire-os-7-framework-amazon-fire/artifacts/framework/framework-res.apk,a8ac705f290b4aaf432e25d680b3a022a04091e9d5d3f5fcf4e5ac2234964e99,android,android.uid.system,467,false,false,PROTECTED_BROADCAST:android.media.MASTER_VOLUME_CHANGED_ACTION
/Users/bob/Documents/Codex/2026-08-03-fire-os-7-framework-amazon-fire/artifacts/framework/framework-res.apk,a8ac705f290b4aaf432e25d680b3a022a04091e9d5d3f5fcf4e5ac2234964e99,android,android.uid.system,467,false,false,PROTECTED_BROADCAST:android.media.MASTER_MUTE_CHANGED_ACTION
/Users/bob/Documents/Codex/2026-08-03-fire-os-7-framework-amazon-fire/artifacts/framework/framework-res.apk,a8ac705f290b4aaf432e25d680b3a022a04091e9d5d3f5fcf4e5ac2234964e99,android,android.uid.system,467,false,false,PROTECTED_BROADCAST:android.media.MASTER_MONO_CHANGED_ACTION
/Users/bob/Documents/Codex/2026-08-03-fire-os-7-framework-amazon-fire/artifacts/framework/framework-res.apk,a8ac705f290b4aaf432e25d680b3a022a04091e9d5d3f5fcf4e5ac2234964e99,android,android.uid.system,467,false,false,PROTECTED_BROADCAST:android.media.SCO_AUDIO_STATE_CHANGED
/Users/bob/Documents/Codex/2026-08-03-fire-os-7-framework-amazon-fire/artifacts/framework/framework-res.apk,a8ac705f290b4aaf432e25d680b3a022a04091e9d5d3f5fcf4e5ac2234964e99,android,android.uid.system,467,false,false,PROTECTED_BROADCAST:android.media.ACTION_SCO_AUDIO_STATE_UPDATED
/Users/bob/Documents/Codex/2026-08-03-fire-os-7-framework-amazon-fire/artifacts/framework/framework-res.apk,a8ac705f290b4aaf432e25d680b3a022a04091e9d5d3f5fcf4e5ac2234964e99,android,android.uid.system,467,false,false,PROTECTED_BROADCAST:android.intent.action.MEDIA_REMOVED
/Users/bob/Documents/Codex/2026-08-03-fire-os-7-framework-amazon-fire/artifacts/framework/framework-res.apk,a8ac705f290b4aaf432e25d680b3a022a04091e9d5d3f5fcf4e5ac2234964e99,android,android.uid.system,467,false,false,PROTECTED_BROADCAST:android.intent.action.MEDIA_UNMOUNTED
/Users/bob/Documents/Codex/2026-08-03-fire-os-7-framework-amazon-fire/artifacts/framework/framework-res.apk,a8ac705f290b4aaf432e25d680b3a022a04091e9d5d3f5fcf4e5ac2234964e99,android,android.uid.system,467,false,false,PROTECTED_BROADCAST:android.intent.action.MEDIA_CHECKING
/Users/bob/Documents/Codex/2026-08-03-fire-os-7-framework-amazon-fire/artifacts/framework/framework-res.apk,a8ac705f290b4aaf432e25d680b3a022a04091e9d5d3f5fcf4e5ac2234964e99,android,android.uid.system,467,false,false,PROTECTED_BROADCAST:android.intent.action.MEDIA_NOFS
/Users/bob/Documents/Codex/2026-08-03-fire-os-7-framework-amazon-fire/artifacts/framework/framework-res.apk,a8ac705f290b4aaf432e25d680b3a022a04091e9d5d3f5fcf4e5ac2234964e99,android,android.uid.system,467,false,false,PROTECTED_BROADCAST:android.intent.action.MEDIA_MOUNTED
/Users/bob/Documents/Codex/2026-08-03-fire-os-7-framework-amazon-fire/artifacts/framework/framework-res.apk,a8ac705f290b4aaf432e25d680b3a022a04091e9d5d3f5fcf4e5ac2234964e99,android,android.uid.system,467,false,false,PROTECTED_BROADCAST:android.intent.action.MEDIA_SHARED
/Users/bob/Documents/Codex/2026-08-03-fire-os-7-framework-amazon-fire/artifacts/framework/framework-res.apk,a8ac705f290b4aaf432e25d680b3a022a04091e9d5d3f5fcf4e5ac2234964e99,android,android.uid.system,467,false,false,PROTECTED_BROADCAST:android.intent.action.MEDIA_UNSHARED
/Users/bob/Documents/Codex/2026-08-03-fire-os-7-framework-amazon-fire/artifacts/framework/framework-res.apk,a8ac705f290b4aaf432e25d680b3a022a04091e9d5d3f5fcf4e5ac2234964e99,android,android.uid.system,467,false,false,PROTECTED_BROADCAST:android.intent.action.MEDIA_BAD_REMOVAL
/Users/bob/Documents/Codex/2026-08-03-fire-os-7-framework-amazon-fire/artifacts/framework/framework-res.apk,a8ac705f290b4aaf432e25d680b3a022a04091e9d5d3f5fcf4e5ac2234964e99,android,android.uid.system,467,false,false,PROTECTED_BROADCAST:android.intent.action.MEDIA_UNMOUNTABLE
/Users/bob/Documents/Codex/2026-08-03-fire-os-7-framework-amazon-fire/artifacts/framework/framework-res.apk,a8ac705f290b4aaf432e25d680b3a022a04091e9d5d3f5fcf4e5ac2234964e99,android,android.uid.system,467,false,false,PROTECTED_BROADCAST:android.intent.action.MEDIA_EJECT
/Users/bob/Documents/Codex/2026-08-03-fire-os-7-framework-amazon-fire/artifacts/framework/framework-res.apk,a8ac705f290b4aaf432e25d680b3a022a04091e9d5d3f5fcf4e5ac2234964e99,android,android.uid.system,467,false,false,PROTECTED_BROADCAST:android.net.conn.CAPTIVE_PORTAL
/Users/bob/Documents/Codex/2026-08-03-fire-os-7-framework-amazon-fire/artifacts/framework/framework-res.apk,a8ac705f290b4aaf432e25d680b3a022a04091e9d5d3f5fcf4e5ac2234964e99,android,android.uid.system,467,false,false,PROTECTED_BROADCAST:android.net.conn.CONNECTIVITY_CHANGE
/Users/bob/Documents/Codex/2026-08-03-fire-os-7-framework-amazon-fire/artifacts/framework/framework-res.apk,a8ac705f290b4aaf432e25d680b3a022a04091e9d5d3f5fcf4e5ac2234964e99,android,android.uid.system,467,false,false,PROTECTED_BROADCAST:android.net.conn.CONNECTIVITY_CHANGE_IMMEDIATE
/Users/bob/Documents/Codex/2026-08-03-fire-os-7-framework-amazon-fire/artifacts/framework/framework-res.apk,a8ac705f290b4aaf432e25d680b3a022a04091e9d5d3f5fcf4e5ac2234964e99,android,android.uid.system,467,false,false,PROTECTED_BROADCAST:android.net.conn.DATA_ACTIVITY_CHANGE
/Users/bob/Documents/Codex/2026-08-03-fire-os-7-framework-amazon-fire/artifacts/framework/framework-res.apk,a8ac705f290b4aaf432e25d680b3a022a04091e9d5d3f5fcf4e5ac2234964e99,android,android.uid.system,467,false,false,PROTECTED_BROADCAST:android.net.conn.RESTRICT_BACKGROUND_CHANGED
/Users/bob/Documents/Codex/2026-08-03-fire-os-7-framework-amazon-fire/artifacts/framework/framework-res.apk,a8ac705f290b4aaf432e25d680b3a022a04091e9d5d3f5fcf4e5ac2234964e99,android,android.uid.system,467,false,false,PROTECTED_BROADCAST:android.net.conn.BACKGROUND_DATA_SETTING_CHANGED
/Users/bob/Documents/Codex/2026-08-03-fire-os-7-framework-amazon-fire/artifacts/framework/framework-res.apk,a8ac705f290b4aaf432e25d680b3a022a04091e9d5d3f5fcf4e5ac2234964e99,android,android.uid.system,467,false,false,PROTECTED_BROADCAST:android.net.conn.CAPTIVE_PORTAL_TEST_COMPLETED
/Users/bob/Documents/Codex/2026-08-03-fire-os-7-framework-amazon-fire/artifacts/framework/framework-res.apk,a8ac705f290b4aaf432e25d680b3a022a04091e9d5d3f5fcf4e5ac2234964e99,android,android.uid.system,467,false,false,PROTECTED_BROADCAST:android.net.nsd.STATE_CHANGED
/Users/bob/Documents/Codex/2026-08-03-fire-os-7-framework-amazon-fire/artifacts/framework/framework-res.apk,a8ac705f290b4aaf432e25d680b3a022a04091e9d5d3f5fcf4e5ac2234964e99,android,android.uid.system,467,false,false,PROTECTED_BROADCAST:android.nfc.action.ADAPTER_STATE_CHANGED
/Users/bob/Documents/Codex/2026-08-03-fire-os-7-framework-amazon-fire/artifacts/framework/framework-res.apk,a8ac705f290b4aaf432e25d680b3a022a04091e9d5d3f5fcf4e5ac2234964e99,android,android.uid.system,467,false,false,PROTECTED_BROADCAST:android.nfc.action.TRANSACTION_DETECTED
/Users/bob/Documents/Codex/2026-08-03-fire-os-7-framework-amazon-fire/artifacts/framework/framework-res.apk,a8ac705f290b4aaf432e25d680b3a022a04091e9d5d3f5fcf4e5ac2234964e99,android,android.uid.system,467,false,false,PROTECTED_BROADCAST:com.android.nfc.action.LLCP_UP
/Users/bob/Documents/Codex/2026-08-03-fire-os-7-framework-amazon-fire/artifacts/framework/framework-res.apk,a8ac705f290b4aaf432e25d680b3a022a04091e9d5d3f5fcf4e5ac2234964e99,android,android.uid.system,467,false,false,PROTECTED_BROADCAST:com.android.nfc.action.LLCP_DOWN
/Users/bob/Documents/Codex/2026-08-03-fire-os-7-framework-amazon-fire/artifacts/framework/framework-res.apk,a8ac705f290b4aaf432e25d680b3a022a04091e9d5d3f5fcf4e5ac2234964e99,android,android.uid.system,467,false,false,PROTECTED_BROADCAST:com.android.nfc.cardemulation.action.CLOSE_TAP_DIALOG
/Users/bob/Documents/Codex/2026-08-03-fire-os-7-framework-amazon-fire/artifacts/framework/framework-res.apk,a8ac705f290b4aaf432e25d680b3a022a04091e9d5d3f5fcf4e5ac2234964e99,android,android.uid.system,467,false,false,PROTECTED_BROADCAST:com.android.nfc.handover.action.ALLOW_CONNECT
/Users/bob/Documents/Codex/2026-08-03-fire-os-7-framework-amazon-fire/artifacts/framework/framework-res.apk,a8ac705f290b4aaf432e25d680b3a022a04091e9d5d3f5fcf4e5ac2234964e99,android,android.uid.system,467,false,false,PROTECTED_BROADCAST:com.android.nfc.handover.action.DENY_CONNECT
/Users/bob/Documents/Codex/2026-08-03-fire-os-7-framework-amazon-fire/artifacts/framework/framework-res.apk,a8ac705f290b4aaf432e25d680b3a022a04091e9d5d3f5fcf4e5ac2234964e99,android,android.uid.system,467,false,false,PROTECTED_BROADCAST:com.android.nfc.handover.action.TIMEOUT_CONNECT
/Users/bob/Documents/Codex/2026-08-03-fire-os-7-framework-amazon-fire/artifacts/framework/framework-res.apk,a8ac705f290b4aaf432e25d680b3a022a04091e9d5d3f5fcf4e5ac2234964e99,android,android.uid.system,467,false,false,PROTECTED_BROADCAST:com.android.nfc_extras.action.RF_FIELD_ON_DETECTED
/Users/bob/Documents/Codex/2026-08-03-fire-os-7-framework-amazon-fire/artifacts/framework/framework-res.apk,a8ac705f290b4aaf432e25d680b3a022a04091e9d5d3f5fcf4e5ac2234964e99,android,android.uid.system,467,false,false,PROTECTED_BROADCAST:com.android.nfc_extras.action.RF_FIELD_OFF_DETECTED
/Users/bob/Documents/Codex/2026-08-03-fire-os-7-framework-amazon-fire/artifacts/framework/framework-res.apk,a8ac705f290b4aaf432e25d680b3a022a04091e9d5d3f5fcf4e5ac2234964e99,android,android.uid.system,467,false,false,PROTECTED_BROADCAST:com.android.nfc_extras.action.AID_SELECTED
/Users/bob/Documents/Codex/2026-08-03-fire-os-7-framework-amazon-fire/artifacts/framework/framework-res.apk,a8ac705f290b4aaf432e25d680b3a022a04091e9d5d3f5fcf4e5ac2234964e99,android,android.uid.system,467,false,false,PROTECTED_BROADCAST:android.btopp.intent.action.WHITELIST_DEVICE
/Users/bob/Documents/Codex/2026-08-03-fire-os-7-framework-amazon-fire/artifacts/framework/framework-res.apk,a8ac705f290b4aaf432e25d680b3a022a04091e9d5d3f5fcf4e5ac2234964e99,android,android.uid.system,467,false,false,PROTECTED_BROADCAST:android.btopp.intent.action.STOP_HANDOVER_TRANSFER
/Users/bob/Documents/Codex/2026-08-03-fire-os-7-framework-amazon-fire/artifacts/framework/framework-res.apk,a8ac705f290b4aaf432e25d680b3a022a04091e9d5d3f5fcf4e5ac2234964e99,android,android.uid.system,467,false,false,PROTECTED_BROADCAST:android.nfc.handover.intent.action.HANDOVER_SEND
/Users/bob/Documents/Codex/2026-08-03-fire-os-7-framework-amazon-fire/artifacts/framework/framework-res.apk,a8ac705f290b4aaf432e25d680b3a022a04091e9d5d3f5fcf4e5ac2234964e99,android,android.uid.system,467,false,false,PROTECTED_BROADCAST:android.nfc.handover.intent.action.HANDOVER_SEND_MULTIPLE
/Users/bob/Documents/Codex/2026-08-03-fire-os-7-framework-amazon-fire/artifacts/framework/framework-res.apk,a8ac705f290b4aaf432e25d680b3a022a04091e9d5d3f5fcf4e5ac2234964e99,android,android.uid.system,467,false,false,PROTECTED_BROADCAST:com.android.nfc.handover.action.CANCEL_HANDOVER_TRANSFER
/Users/bob/Documents/Codex/2026-08-03-fire-os-7-framework-amazon-fire/artifacts/framework/framework-res.apk,a8ac705f290b4aaf432e25d680b3a022a04091e9d5d3f5fcf4e5ac2234964e99,android,android.uid.system,467,false,false,PROTECTED_BROADCAST:android.intent.action.CLEAR_DNS_CACHE
/Users/bob/Documents/Codex/2026-08-03-fire-os-7-framework-amazon-fire/artifacts/framework/framework-res.apk,a8ac705f290b4aaf432e25d680b3a022a04091e9d5d3f5fcf4e5ac2234964e99,android,android.uid.system,467,false,false,PROTECTED_BROADCAST:android.intent.action.PROXY_CHANGE
/Users/bob/Documents/Codex/2026-08-03-fire-os-7-framework-amazon-fire/artifacts/framework/framework-res.apk,a8ac705f290b4aaf432e25d680b3a022a04091e9d5d3f5fcf4e5ac2234964e99,android,android.uid.system,467,false,false,PROTECTED_BROADCAST:android.os.UpdateLock.UPDATE_LOCK_CHANGED
/Users/bob/Documents/Codex/2026-08-03-fire-os-7-framework-amazon-fire/artifacts/framework/framework-res.apk,a8ac705f290b4aaf432e25d680b3a022a04091e9d5d3f5fcf4e5ac2234964e99,android,android.uid.system,467,false,false,PROTECTED_BROADCAST:android.intent.action.DREAMING_STARTED
/Users/bob/Documents/Codex/2026-08-03-fire-os-7-framework-amazon-fire/artifacts/framework/framework-res.apk,a8ac705f290b4aaf432e25d680b3a022a04091e9d5d3f5fcf4e5ac2234964e99,android,android.uid.system,467,false,false,PROTECTED_BROADCAST:android.intent.action.DREAMING_STOPPED
/Users/bob/Documents/Codex/2026-08-03-fire-os-7-framework-amazon-fire/artifacts/framework/framework-res.apk,a8ac705f290b4aaf432e25d680b3a022a04091e9d5d3f5fcf4e5ac2234964e99,android,android.uid.system,467,false,false,PROTECTED_BROADCAST:android.intent.action.ANY_DATA_STATE
/Users/bob/Documents/Codex/2026-08-03-fire-os-7-framework-amazon-fire/artifacts/framework/framework-res.apk,a8ac705f290b4aaf432e25d680b3a022a04091e9d5d3f5fcf4e5ac2234964e99,android,android.uid.system,467,false,false,PROTECTED_BROADCAST:com.android.server.stats.action.TRIGGER_COLLECTION
/Users/bob/Documents/Codex/2026-08-03-fire-os-7-framework-amazon-fire/artifacts/framework/framework-res.apk,a8ac705f290b4aaf432e25d680b3a022a04091e9d5d3f5fcf4e5ac2234964e99,android,android.uid.system,467,false,false,PROTECTED_BROADCAST:com.android.server.WifiManager.action.START_SCAN
/Users/bob/Documents/Codex/2026-08-03-fire-os-7-framework-amazon-fire/artifacts/framework/framework-res.apk,a8ac705f290b4aaf432e25d680b3a022a04091e9d5d3f5fcf4e5ac2234964e99,android,android.uid.system,467,false,false,PROTECTED_BROADCAST:com.android.server.WifiManager.action.START_PNO
/Users/bob/Documents/Codex/2026-08-03-fire-os-7-framework-amazon-fire/artifacts/framework/framework-res.apk,a8ac705f290b4aaf432e25d680b3a022a04091e9d5d3f5fcf4e5ac2234964e99,android,android.uid.system,467,false,false,PROTECTED_BROADCAST:com.android.server.WifiManager.action.DELAYED_DRIVER_STOP
/Users/bob/Documents/Codex/2026-08-03-fire-os-7-framework-amazon-fire/artifacts/framework/framework-res.apk,a8ac705f290b4aaf432e25d680b3a022a04091e9d5d3f5fcf4e5ac2234964e99,android,android.uid.system,467,false,false,PROTECTED_BROADCAST:com.android.server.WifiManager.action.DEVICE_IDLE
/Users/bob/Documents/Codex/2026-08-03-fire-os-7-framework-amazon-fire/artifacts/framework/framework-res.apk,a8ac705f290b4aaf432e25d680b3a022a04091e9d5d3f5fcf4e5ac2234964e99,android,android.uid.system,467,false,false,PROTECTED_BROADCAST:com.android.server.action.REMOTE_BUGREPORT_SHARING_ACCEPTED
/Users/bob/Documents/Codex/2026-08-03-fire-os-7-framework-amazon-fire/artifacts/framework/framework-res.apk,a8ac705f290b4aaf432e25d680b3a022a04091e9d5d3f5fcf4e5ac2234964e99,android,android.uid.system,467,false,false,PROTECTED_BROADCAST:com.android.server.action.REMOTE_BUGREPORT_SHARING_DECLINED
/Users/bob/Documents/Codex/2026-08-03-fire-os-7-framework-amazon-fire/artifacts/framework/framework-res.apk,a8ac705f290b4aaf432e25d680b3a022a04091e9d5d3f5fcf4e5ac2234964e99,android,android.uid.system,467,false,false,PROTECTED_BROADCAST:com.android.internal.action.EUICC_FACTORY_RESET
/Users/bob/Documents/Codex/2026-08-03-fire-os-7-framework-amazon-fire/artifacts/framework/framework-res.apk,a8ac705f290b4aaf432e25d680b3a022a04091e9d5d3f5fcf4e5ac2234964e99,android,android.uid.system,467,false,false,PROTECTED_BROADCAST:com.android.server.usb.ACTION_OPEN_IN_APPS
/Users/bob/Documents/Codex/2026-08-03-fire-os-7-framework-amazon-fire/artifacts/framework/framework-res.apk,a8ac705f290b4aaf432e25d680b3a022a04091e9d5d3f5fcf4e5ac2234964e99,android,android.uid.system,467,false,false,PROTECTED_BROADCAST:com.android.server.am.DELETE_DUMPHEAP
/Users/bob/Documents/Codex/2026-08-03-fire-os-7-framework-amazon-fire/artifacts/framework/framework-res.apk,a8ac705f290b4aaf432e25d680b3a022a04091e9d5d3f5fcf4e5ac2234964e99,android,android.uid.system,467,false,false,PROTECTED_BROADCAST:com.android.server.net.action.SNOOZE_WARNING
/Users/bob/Documents/Codex/2026-08-03-fire-os-7-framework-amazon-fire/artifacts/framework/framework-res.apk,a8ac705f290b4aaf432e25d680b3a022a04091e9d5d3f5fcf4e5ac2234964e99,android,android.uid.system,467,false,false,PROTECTED_BROADCAST:com.android.server.net.action.SNOOZE_RAPID
/Users/bob/Documents/Codex/2026-08-03-fire-os-7-framework-amazon-fire/artifacts/framework/framework-res.apk,a8ac705f290b4aaf432e25d680b3a022a04091e9d5d3f5fcf4e5ac2234964e99,android,android.uid.system,467,false,false,PROTECTED_BROADCAST:com.android.server.wifi.ConnectToNetworkNotification.USER_DISMISSED_NOTIFICATION
/Users/bob/Documents/Codex/2026-08-03-fire-os-7-framework-amazon-fire/artifacts/framework/framework-res.apk,a8ac705f290b4aaf432e25d680b3a022a04091e9d5d3f5fcf4e5ac2234964e99,android,android.uid.system,467,false,false,PROTECTED_BROADCAST:com.android.server.wifi.ConnectToNetworkNotification.CONNECT_TO_NETWORK
/Users/bob/Documents/Codex/2026-08-03-fire-os-7-framework-amazon-fire/artifacts/framework/framework-res.apk,a8ac705f290b4aaf432e25d680b3a022a04091e9d5d3f5fcf4e5ac2234964e99,android,android.uid.system,467,false,false,PROTECTED_BROADCAST:com.android.server.wifi.ConnectToNetworkNotification.PICK_WIFI_NETWORK
/Users/bob/Documents/Codex/2026-08-03-fire-os-7-framework-amazon-fire/artifacts/framework/framework-res.apk,a8ac705f290b4aaf432e25d680b3a022a04091e9d5d3f5fcf4e5ac2234964e99,android,android.uid.system,467,false,false,PROTECTED_BROADCAST:com.android.server.wifi.ConnectToNetworkNotification.PICK_NETWORK_AFTER_FAILURE
/Users/bob/Documents/Codex/2026-08-03-fire-os-7-framework-amazon-fire/artifacts/framework/framework-res.apk,a8ac705f290b4aaf432e25d680b3a022a04091e9d5d3f5fcf4e5ac2234964e99,android,android.uid.system,467,false,false,PROTECTED_BROADCAST:com.android.server.wifi.wakeup.DISMISS_NOTIFICATION
/Users/bob/Documents/Codex/2026-08-03-fire-os-7-framework-amazon-fire/artifacts/framework/framework-res.apk,a8ac705f290b4aaf432e25d680b3a022a04091e9d5d3f5fcf4e5ac2234964e99,android,android.uid.system,467,false,false,PROTECTED_BROADCAST:com.android.server.wifi.wakeup.OPEN_WIFI_PREFERENCES
/Users/bob/Documents/Codex/2026-08-03-fire-os-7-framework-amazon-fire/artifacts/framework/framework-res.apk,a8ac705f290b4aaf432e25d680b3a022a04091e9d5d3f5fcf4e5ac2234964e99,android,android.uid.system,467,false,false,PROTECTED_BROADCAST:com.android.server.wifi.wakeup.OPEN_WIFI_SETTINGS
/Users/bob/Documents/Codex/2026-08-03-fire-os-7-framework-amazon-fire/artifacts/framework/framework-res.apk,a8ac705f290b4aaf432e25d680b3a022a04091e9d5d3f5fcf4e5ac2234964e99,android,android.uid.system,467,false,false,PROTECTED_BROADCAST:com.android.server.wifi.wakeup.TURN_OFF_WIFI_WAKE
/Users/bob/Documents/Codex/2026-08-03-fire-os-7-framework-amazon-fire/artifacts/framework/framework-res.apk,a8ac705f290b4aaf432e25d680b3a022a04091e9d5d3f5fcf4e5ac2234964e99,android,android.uid.system,467,false,false,PROTECTED_BROADCAST:android.net.wifi.WIFI_STATE_CHANGED
/Users/bob/Documents/Codex/2026-08-03-fire-os-7-framework-amazon-fire/artifacts/framework/framework-res.apk,a8ac705f290b4aaf432e25d680b3a022a04091e9d5d3f5fcf4e5ac2234964e99,android,android.uid.system,467,false,false,PROTECTED_BROADCAST:android.net.wifi.WIFI_AP_STATE_CHANGED
/Users/bob/Documents/Codex/2026-08-03-fire-os-7-framework-amazon-fire/artifacts/framework/framework-res.apk,a8ac705f290b4aaf432e25d680b3a022a04091e9d5d3f5fcf4e5ac2234964e99,android,android.uid.system,467,false,false,PROTECTED_BROADCAST:android.net.wifi.WIFI_CREDENTIAL_CHANGED
/Users/bob/Documents/Codex/2026-08-03-fire-os-7-framework-amazon-fire/artifacts/framework/framework-res.apk,a8ac705f290b4aaf432e25d680b3a022a04091e9d5d3f5fcf4e5ac2234964e99,android,android.uid.system,467,false,false,PROTECTED_BROADCAST:android.net.wifi.WIFI_SCAN_AVAILABLE
/Users/bob/Documents/Codex/2026-08-03-fire-os-7-framework-amazon-fire/artifacts/framework/framework-res.apk,a8ac705f290b4aaf432e25d680b3a022a04091e9d5d3f5fcf4e5ac2234964e99,android,android.uid.system,467,false,false,PROTECTED_BROADCAST:android.net.wifi.aware.action.WIFI_AWARE_STATE_CHANGED
/Users/bob/Documents/Codex/2026-08-03-fire-os-7-framework-amazon-fire/artifacts/framework/framework-res.apk,a8ac705f290b4aaf432e25d680b3a022a04091e9d5d3f5fcf4e5ac2234964e99,android,android.uid.system,467,false,false,PROTECTED_BROADCAST:android.net.wifi.rtt.action.WIFI_RTT_STATE_CHANGED
/Users/bob/Documents/Codex/2026-08-03-fire-os-7-framework-amazon-fire/artifacts/framework/framework-res.apk,a8ac705f290b4aaf432e25d680b3a022a04091e9d5d3f5fcf4e5ac2234964e99,android,android.uid.system,467,false,false,PROTECTED_BROADCAST:android.net.wifi.SCAN_RESULTS
/Users/bob/Documents/Codex/2026-08-03-fire-os-7-framework-amazon-fire/artifacts/framework/framework-res.apk,a8ac705f290b4aaf432e25d680b3a022a04091e9d5d3f5fcf4e5ac2234964e99,android,android.uid.system,467,false,false,PROTECTED_BROADCAST:android.net.wifi.RSSI_CHANGED
/Users/bob/Documents/Codex/2026-08-03-fire-os-7-framework-amazon-fire/artifacts/framework/framework-res.apk,a8ac705f290b4aaf432e25d680b3a022a04091e9d5d3f5fcf4e5ac2234964e99,android,android.uid.system,467,false,false,PROTECTED_BROADCAST:android.net.wifi.STATE_CHANGE
/Users/bob/Documents/Codex/2026-08-03-fire-os-7-framework-amazon-fire/artifacts/framework/framework-res.apk,a8ac705f290b4aaf432e25d680b3a022a04091e9d5d3f5fcf4e5ac2234964e99,android,android.uid.system,467,false,false,PROTECTED_BROADCAST:android.net.wifi.LINK_CONFIGURATION_CHANGED
/Users/bob/Documents/Codex/2026-08-03-fire-os-7-framework-amazon-fire/artifacts/framework/framework-res.apk,a8ac705f290b4aaf432e25d680b3a022a04091e9d5d3f5fcf4e5ac2234964e99,android,android.uid.system,467,false,false,PROTECTED_BROADCAST:android.net.wifi.CONFIGURED_NETWORKS_CHANGE
/Users/bob/Documents/Codex/2026-08-03-fire-os-7-framework-amazon-fire/artifacts/framework/framework-res.apk,a8ac705f290b4aaf432e25d680b3a022a04091e9d5d3f5fcf4e5ac2234964e99,android,android.uid.system,467,false,false,PROTECTED_BROADCAST:android.net.wifi.action.PASSPOINT_DEAUTH_IMMINENT
/Users/bob/Documents/Codex/2026-08-03-fire-os-7-framework-amazon-fire/artifacts/framework/framework-res.apk,a8ac705f290b4aaf432e25d680b3a022a04091e9d5d3f5fcf4e5ac2234964e99,android,android.uid.system,467,false,false,PROTECTED_BROADCAST:android.net.wifi.action.PASSPOINT_ICON
/Users/bob/Documents/Codex/2026-08-03-fire-os-7-framework-amazon-fire/artifacts/framework/framework-res.apk,a8ac705f290b4aaf432e25d680b3a022a04091e9d5d3f5fcf4e5ac2234964e99,android,android.uid.system,467,false,false,PROTECTED_BROADCAST:android.net.wifi.action.PASSPOINT_OSU_PROVIDERS_LIST
/Users/bob/Documents/Codex/2026-08-03-fire-os-7-framework-amazon-fire/artifacts/framework/framework-res.apk,a8ac705f290b4aaf432e25d680b3a022a04091e9d5d3f5fcf4e5ac2234964e99,android,android.uid.system,467,false,false,PROTECTED_BROADCAST:android.net.wifi.action.PASSPOINT_SUBSCRIPTION_REMEDIATION
/Users/bob/Documents/Codex/2026-08-03-fire-os-7-framework-amazon-fire/artifacts/framework/framework-res.apk,a8ac705f290b4aaf432e25d680b3a022a04091e9d5d3f5fcf4e5ac2234964e99,android,android.uid.system,467,false,false,PROTECTED_BROADCAST:android.net.wifi.supplicant.CONNECTION_CHANGE
/Users/bob/Documents/Codex/2026-08-03-fire-os-7-framework-amazon-fire/artifacts/framework/framework-res.apk,a8ac705f290b4aaf432e25d680b3a022a04091e9d5d3f5fcf4e5ac2234964e99,android,android.uid.system,467,false,false,PROTECTED_BROADCAST:android.net.wifi.supplicant.STATE_CHANGE
/Users/bob/Documents/Codex/2026-08-03-fire-os-7-framework-amazon-fire/artifacts/framework/framework-res.apk,a8ac705f290b4aaf432e25d680b3a022a04091e9d5d3f5fcf4e5ac2234964e99,android,android.uid.system,467,false,false,PROTECTED_BROADCAST:android.net.wifi.p2p.STATE_CHANGED
/Users/bob/Documents/Codex/2026-08-03-fire-os-7-framework-amazon-fire/artifacts/framework/framework-res.apk,a8ac705f290b4aaf432e25d680b3a022a04091e9d5d3f5fcf4e5ac2234964e99,android,android.uid.system,467,false,false,PROTECTED_BROADCAST:android.net.wifi.p2p.DISCOVERY_STATE_CHANGE
/Users/bob/Documents/Codex/2026-08-03-fire-os-7-framework-amazon-fire/artifacts/framework/framework-res.apk,a8ac705f290b4aaf432e25d680b3a022a04091e9d5d3f5fcf4e5ac2234964e99,android,android.uid.system,467,false,false,PROTECTED_BROADCAST:android.net.wifi.p2p.THIS_DEVICE_CHANGED
/Users/bob/Documents/Codex/2026-08-03-fire-os-7-framework-amazon-fire/artifacts/framework/framework-res.apk,a8ac705f290b4aaf432e25d680b3a022a04091e9d5d3f5fcf4e5ac2234964e99,android,android.uid.system,467,false,false,PROTECTED_BROADCAST:android.net.wifi.p2p.PEERS_CHANGED
/Users/bob/Documents/Codex/2026-08-03-fire-os-7-framework-amazon-fire/artifacts/framework/framework-res.apk,a8ac705f290b4aaf432e25d680b3a022a04091e9d5d3f5fcf4e5ac2234964e99,android,android.uid.system,467,false,false,PROTECTED_BROADCAST:android.net.wifi.p2p.CONNECTION_STATE_CHANGE
/Users/bob/Documents/Codex/2026-08-03-fire-os-7-framework-amazon-fire/artifacts/framework/framework-res.apk,a8ac705f290b4aaf432e25d680b3a022a04091e9d5d3f5fcf4e5ac2234964e99,android,android.uid.system,467,false,false,PROTECTED_BROADCAST:android.net.wifi.p2p.PERSISTENT_GROUPS_CHANGED
/Users/bob/Documents/Codex/2026-08-03-fire-os-7-framework-amazon-fire/artifacts/framework/framework-res.apk,a8ac705f290b4aaf432e25d680b3a022a04091e9d5d3f5fcf4e5ac2234964e99,android,android.uid.system,467,false,false,PROTECTED_BROADCAST:android.net.conn.TETHER_STATE_CHANGED
/Users/bob/Documents/Codex/2026-08-03-fire-os-7-framework-amazon-fire/artifacts/framework/framework-res.apk,a8ac705f290b4aaf432e25d680b3a022a04091e9d5d3f5fcf4e5ac2234964e99,android,android.uid.system,467,false,false,PROTECTED_BROADCAST:android.net.conn.INET_CONDITION_ACTION
/Users/bob/Documents/Codex/2026-08-03-fire-os-7-framework-amazon-fire/artifacts/framework/framework-res.apk,a8ac705f290b4aaf432e25d680b3a022a04091e9d5d3f5fcf4e5ac2234964e99,android,android.uid.system,467,false,false,PROTECTED_BROADCAST:android.net.conn.NETWORK_CONDITIONS_MEASURED
/Users/bob/Documents/Codex/2026-08-03-fire-os-7-framework-amazon-fire/artifacts/framework/framework-res.apk,a8ac705f290b4aaf432e25d680b3a022a04091e9d5d3f5fcf4e5ac2234964e99,android,android.uid.system,467,false,false,PROTECTED_BROADCAST:android.net.ConnectivityService.action.PKT_CNT_SAMPLE_INTERVAL_ELAPSED
/Users/bob/Documents/Codex/2026-08-03-fire-os-7-framework-amazon-fire/artifacts/framework/framework-res.apk,a8ac705f290b4aaf432e25d680b3a022a04091e9d5d3f5fcf4e5ac2234964e99,android,android.uid.system,467,false,false,PROTECTED_BROADCAST:android.net.scoring.SCORE_NETWORKS
/Users/bob/Documents/Codex/2026-08-03-fire-os-7-framework-amazon-fire/artifacts/framework/framework-res.apk,a8ac705f290b4aaf432e25d680b3a022a04091e9d5d3f5fcf4e5ac2234964e99,android,android.uid.system,467,false,false,PROTECTED_BROADCAST:android.net.scoring.SCORER_CHANGED
/Users/bob/Documents/Codex/2026-08-03-fire-os-7-framework-amazon-fire/artifacts/framework/framework-res.apk,a8ac705f290b4aaf432e25d680b3a022a04091e9d5d3f5fcf4e5ac2234964e99,android,android.uid.system,467,false,false,PROTECTED_BROADCAST:android.intent.action.EXTERNAL_APPLICATIONS_AVAILABLE
/Users/bob/Documents/Codex/2026-08-03-fire-os-7-framework-amazon-fire/artifacts/framework/framework-res.apk,a8ac705f290b4aaf432e25d680b3a022a04091e9d5d3f5fcf4e5ac2234964e99,android,android.uid.system,467,false,false,PROTECTED_BROADCAST:android.intent.action.EXTERNAL_APPLICATIONS_UNAVAILABLE
/Users/bob/Documents/Codex/2026-08-03-fire-os-7-framework-amazon-fire/artifacts/framework/framework-res.apk,a8ac705f290b4aaf432e25d680b3a022a04091e9d5d3f5fcf4e5ac2234964e99,android,android.uid.system,467,false,false,PROTECTED_BROADCAST:android.intent.action.AIRPLANE_MODE
/Users/bob/Documents/Codex/2026-08-03-fire-os-7-framework-amazon-fire/artifacts/framework/framework-res.apk,a8ac705f290b4aaf432e25d680b3a022a04091e9d5d3f5fcf4e5ac2234964e99,android,android.uid.system,467,false,false,PROTECTED_BROADCAST:android.intent.action.ADVANCED_SETTINGS
/Users/bob/Documents/Codex/2026-08-03-fire-os-7-framework-amazon-fire/artifacts/framework/framework-res.apk,a8ac705f290b4aaf432e25d680b3a022a04091e9d5d3f5fcf4e5ac2234964e99,android,android.uid.system,467,false,false,PROTECTED_BROADCAST:android.intent.action.APPLICATION_RESTRICTIONS_CHANGED
/Users/bob/Documents/Codex/2026-08-03-fire-os-7-framework-amazon-fire/artifacts/framework/framework-res.apk,a8ac705f290b4aaf432e25d680b3a022a04091e9d5d3f5fcf4e5ac2234964e99,android,android.uid.system,467,false,false,PROTECTED_BROADCAST:android.intent.action.ACTION_IDLE_MAINTENANCE_START
/Users/bob/Documents/Codex/2026-08-03-fire-os-7-framework-amazon-fire/artifacts/framework/framework-res.apk,a8ac705f290b4aaf432e25d680b3a022a04091e9d5d3f5fcf4e5ac2234964e99,android,android.uid.system,467,false,false,PROTECTED_BROADCAST:android.intent.action.ACTION_IDLE_MAINTENANCE_END
/Users/bob/Documents/Codex/2026-08-03-fire-os-7-framework-amazon-fire/artifacts/framework/framework-res.apk,a8ac705f290b4aaf432e25d680b3a022a04091e9d5d3f5fcf4e5ac2234964e99,android,android.uid.system,467,false,false,PROTECTED_BROADCAST:com.android.server.ACTION_TRIGGER_IDLE
/Users/bob/Documents/Codex/2026-08-03-fire-os-7-framework-amazon-fire/artifacts/framework/framework-res.apk,a8ac705f290b4aaf432e25d680b3a022a04091e9d5d3f5fcf4e5ac2234964e99,android,android.uid.system,467,false,false,PROTECTED_BROADCAST:android.intent.action.HDMI_PLUGGED
/Users/bob/Documents/Codex/2026-08-03-fire-os-7-framework-amazon-fire/artifacts/framework/framework-res.apk,a8ac705f290b4aaf432e25d680b3a022a04091e9d5d3f5fcf4e5ac2234964e99,android,android.uid.system,467,false,false,PROTECTED_BROADCAST:android.intent.action.PHONE_STATE
/Users/bob/Documents/Codex/2026-08-03-fire-os-7-framework-amazon-fire/artifacts/framework/framework-res.apk,a8ac705f290b4aaf432e25d680b3a022a04091e9d5d3f5fcf4e5ac2234964e99,android,android.uid.system,467,false,false,PROTECTED_BROADCAST:android.intent.action.SUB_DEFAULT_CHANGED
/Users/bob/Documents/Codex/2026-08-03-fire-os-7-framework-amazon-fire/artifacts/framework/framework-res.apk,a8ac705f290b4aaf432e25d680b3a022a04091e9d5d3f5fcf4e5ac2234964e99,android,android.uid.system,467,false,false,PROTECTED_BROADCAST:android.location.GPS_ENABLED_CHANGE
/Users/bob/Documents/Codex/2026-08-03-fire-os-7-framework-amazon-fire/artifacts/framework/framework-res.apk,a8ac705f290b4aaf432e25d680b3a022a04091e9d5d3f5fcf4e5ac2234964e99,android,android.uid.system,467,false,false,PROTECTED_BROADCAST:android.location.PROVIDERS_CHANGED
/Users/bob/Documents/Codex/2026-08-03-fire-os-7-framework-amazon-fire/artifacts/framework/framework-res.apk,a8ac705f290b4aaf432e25d680b3a022a04091e9d5d3f5fcf4e5ac2234964e99,android,android.uid.system,467,false,false,PROTECTED_BROADCAST:android.location.MODE_CHANGED
/Users/bob/Documents/Codex/2026-08-03-fire-os-7-framework-amazon-fire/artifacts/framework/framework-res.apk,a8ac705f290b4aaf432e25d680b3a022a04091e9d5d3f5fcf4e5ac2234964e99,android,android.uid.system,467,false,false,PROTECTED_BROADCAST:android.location.GPS_FIX_CHANGE
/Users/bob/Documents/Codex/2026-08-03-fire-os-7-framework-amazon-fire/artifacts/framework/framework-res.apk,a8ac705f290b4aaf432e25d680b3a022a04091e9d5d3f5fcf4e5ac2234964e99,android,android.uid.system,467,false,false,PROTECTED_BROADCAST:android.net.proxy.PAC_REFRESH
/Users/bob/Documents/Codex/2026-08-03-fire-os-7-framework-amazon-fire/artifacts/framework/framework-res.apk,a8ac705f290b4aaf432e25d680b3a022a04091e9d5d3f5fcf4e5ac2234964e99,android,android.uid.system,467,false,false,PROTECTED_BROADCAST:android.telecom.action.DEFAULT_DIALER_CHANGED
/Users/bob/Documents/Codex/2026-08-03-fire-os-7-framework-amazon-fire/artifacts/framework/framework-res.apk,a8ac705f290b4aaf432e25d680b3a022a04091e9d5d3f5fcf4e5ac2234964e99,android,android.uid.system,467,false,false,PROTECTED_BROADCAST:android.provider.action.DEFAULT_SMS_PACKAGE_CHANGED
/Users/bob/Documents/Codex/2026-08-03-fire-os-7-framework-amazon-fire/artifacts/framework/framework-res.apk,a8ac705f290b4aaf432e25d680b3a022a04091e9d5d3f5fcf4e5ac2234964e99,android,android.uid.system,467,false,false,PROTECTED_BROADCAST:android.intent.action.CONTENT_CHANGED
/Users/bob/Documents/Codex/2026-08-03-fire-os-7-framework-amazon-fire/artifacts/framework/framework-res.apk,a8ac705f290b4aaf432e25d680b3a022a04091e9d5d3f5fcf4e5ac2234964e99,android,android.uid.system,467,false,false,PROTECTED_BROADCAST:android.provider.Telephony.MMS_DOWNLOADED
/Users/bob/Documents/Codex/2026-08-03-fire-os-7-framework-amazon-fire/artifacts/framework/framework-res.apk,a8ac705f290b4aaf432e25d680b3a022a04091e9d5d3f5fcf4e5ac2234964e99,android,android.uid.system,467,false,false,PROTECTED_BROADCAST:com.android.server.connectivityservice.CONNECTED_TO_PROVISIONING_NETWORK_ACTION
/Users/bob/Documents/Codex/2026-08-03-fire-os-7-framework-amazon-fire/artifacts/framework/framework-res.apk,a8ac705f290b4aaf432e25d680b3a022a04091e9d5d3f5fcf4e5ac2234964e99,android,android.uid.system,467,false,false,PROTECTED_BROADCAST:android.intent.action.PERMISSION_RESPONSE_RECEIVED
/Users/bob/Documents/Codex/2026-08-03-fire-os-7-framework-amazon-fire/artifacts/framework/framework-res.apk,a8ac705f290b4aaf432e25d680b3a022a04091e9d5d3f5fcf4e5ac2234964e99,android,android.uid.system,467,false,false,PROTECTED_BROADCAST:android.intent.action.REQUEST_PERMISSION
/Users/bob/Documents/Codex/2026-08-03-fire-os-7-framework-amazon-fire/artifacts/framework/framework-res.apk,a8ac705f290b4aaf432e25d680b3a022a04091e9d5d3f5fcf4e5ac2234964e99,android,android.uid.system,467,false,false,PROTECTED_BROADCAST:android.nfc.handover.intent.action.HANDOVER_STARTED
/Users/bob/Documents/Codex/2026-08-03-fire-os-7-framework-amazon-fire/artifacts/framework/framework-res.apk,a8ac705f290b4aaf432e25d680b3a022a04091e9d5d3f5fcf4e5ac2234964e99,android,android.uid.system,467,false,false,PROTECTED_BROADCAST:android.nfc.handover.intent.action.TRANSFER_DONE
/Users/bob/Documents/Codex/2026-08-03-fire-os-7-framework-amazon-fire/artifacts/framework/framework-res.apk,a8ac705f290b4aaf432e25d680b3a022a04091e9d5d3f5fcf4e5ac2234964e99,android,android.uid.system,467,false,false,PROTECTED_BROADCAST:android.nfc.handover.intent.action.TRANSFER_PROGRESS
/Users/bob/Documents/Codex/2026-08-03-fire-os-7-framework-amazon-fire/artifacts/framework/framework-res.apk,a8ac705f290b4aaf432e25d680b3a022a04091e9d5d3f5fcf4e5ac2234964e99,android,android.uid.system,467,false,false,PROTECTED_BROADCAST:android.nfc.handover.intent.action.TRANSFER_DONE
/Users/bob/Documents/Codex/2026-08-03-fire-os-7-framework-amazon-fire/artifacts/framework/framework-res.apk,a8ac705f290b4aaf432e25d680b3a022a04091e9d5d3f5fcf4e5ac2234964e99,android,android.uid.system,467,false,false,PROTECTED_BROADCAST:android.intent.action.ACTION_DEFAULT_DATA_SUBSCRIPTION_CHANGED
/Users/bob/Documents/Codex/2026-08-03-fire-os-7-framework-amazon-fire/artifacts/framework/framework-res.apk,a8ac705f290b4aaf432e25d680b3a022a04091e9d5d3f5fcf4e5ac2234964e99,android,android.uid.system,467,false,false,PROTECTED_BROADCAST:android.intent.action.ACTION_DEFAULT_VOICE_SUBSCRIPTION_CHANGED
/Users/bob/Documents/Codex/2026-08-03-fire-os-7-framework-amazon-fire/artifacts/framework/framework-res.apk,a8ac705f290b4aaf432e25d680b3a022a04091e9d5d3f5fcf4e5ac2234964e99,android,android.uid.system,467,false,false,PROTECTED_BROADCAST:android.intent.action.ACTION_SUBINFO_CONTENT_CHANGE
/Users/bob/Documents/Codex/2026-08-03-fire-os-7-framework-amazon-fire/artifacts/framework/framework-res.apk,a8ac705f290b4aaf432e25d680b3a022a04091e9d5d3f5fcf4e5ac2234964e99,android,android.uid.system,467,false,false,PROTECTED_BROADCAST:android.intent.action.ACTION_SUBINFO_RECORD_UPDATED
/Users/bob/Documents/Codex/2026-08-03-fire-os-7-framework-amazon-fire/artifacts/framework/framework-res.apk,a8ac705f290b4aaf432e25d680b3a022a04091e9d5d3f5fcf4e5ac2234964e99,android,android.uid.system,467,false,false,PROTECTED_BROADCAST:android.intent.action.ACTION_SET_RADIO_CAPABILITY_DONE
/Users/bob/Documents/Codex/2026-08-03-fire-os-7-framework-amazon-fire/artifacts/framework/framework-res.apk,a8ac705f290b4aaf432e25d680b3a022a04091e9d5d3f5fcf4e5ac2234964e99,android,android.uid.system,467,false,false,PROTECTED_BROADCAST:android.intent.action.ACTION_SET_RADIO_CAPABILITY_FAILED
/Users/bob/Documents/Codex/2026-08-03-fire-os-7-framework-amazon-fire/artifacts/framework/framework-res.apk,a8ac705f290b4aaf432e25d680b3a022a04091e9d5d3f5fcf4e5ac2234964e99,android,android.uid.system,467,false,false,PROTECTED_BROADCAST:android.internal.policy.action.BURN_IN_PROTECTION
/Users/bob/Documents/Codex/2026-08-03-fire-os-7-framework-amazon-fire/artifacts/framework/framework-res.apk,a8ac705f290b4aaf432e25d680b3a022a04091e9d5d3f5fcf4e5ac2234964e99,android,android.uid.system,467,false,false,PROTECTED_BROADCAST:android.app.action.SYSTEM_UPDATE_POLICY_CHANGED
/Users/bob/Documents/Codex/2026-08-03-fire-os-7-framework-amazon-fire/artifacts/framework/framework-res.apk,a8ac705f290b4aaf432e25d680b3a022a04091e9d5d3f5fcf4e5ac2234964e99,android,android.uid.system,467,false,false,PROTECTED_BROADCAST:android.app.action.DEVICE_OWNER_CHANGED
/Users/bob/Documents/Codex/2026-08-03-fire-os-7-framework-amazon-fire/artifacts/framework/framework-res.apk,a8ac705f290b4aaf432e25d680b3a022a04091e9d5d3f5fcf4e5ac2234964e99,android,android.uid.system,467,false,false,PROTECTED_BROADCAST:android.app.action.MANAGED_USER_CREATED
/Users/bob/Documents/Codex/2026-08-03-fire-os-7-framework-amazon-fire/artifacts/framework/framework-res.apk,a8ac705f290b4aaf432e25d680b3a022a04091e9d5d3f5fcf4e5ac2234964e99,android,android.uid.system,467,false,false,PROTECTED_BROADCAST:android.intent.action.ANR
/Users/bob/Documents/Codex/2026-08-03-fire-os-7-framework-amazon-fire/artifacts/framework/framework-res.apk,a8ac705f290b4aaf432e25d680b3a022a04091e9d5d3f5fcf4e5ac2234964e99,android,android.uid.system,467,false,false,PROTECTED_BROADCAST:android.intent.action.CALL
/Users/bob/Documents/Codex/2026-08-03-fire-os-7-framework-amazon-fire/artifacts/framework/framework-res.apk,a8ac705f290b4aaf432e25d680b3a022a04091e9d5d3f5fcf4e5ac2234964e99,android,android.uid.system,467,false,false,PROTECTED_BROADCAST:android.intent.action.CALL_PRIVILEGED
/Users/bob/Documents/Codex/2026-08-03-fire-os-7-framework-amazon-fire/artifacts/framework/framework-res.apk,a8ac705f290b4aaf432e25d680b3a022a04091e9d5d3f5fcf4e5ac2234964e99,android,android.uid.system,467,false,false,PROTECTED_BROADCAST:android.intent.action.DROPBOX_ENTRY_ADDED
/Users/bob/Documents/Codex/2026-08-03-fire-os-7-framework-amazon-fire/artifacts/framework/framework-res.apk,a8ac705f290b4aaf432e25d680b3a022a04091e9d5d3f5fcf4e5ac2234964e99,android,android.uid.system,467,false,false,PROTECTED_BROADCAST:android.intent.action.INPUT_METHOD_CHANGED
/Users/bob/Documents/Codex/2026-08-03-fire-os-7-framework-amazon-fire/artifacts/framework/framework-res.apk,a8ac705f290b4aaf432e25d680b3a022a04091e9d5d3f5fcf4e5ac2234964e99,android,android.uid.system,467,false,false,PROTECTED_BROADCAST:android.intent.action.internal_sim_state_changed
/Users/bob/Documents/Codex/2026-08-03-fire-os-7-framework-amazon-fire/artifacts/framework/framework-res.apk,a8ac705f290b4aaf432e25d680b3a022a04091e9d5d3f5fcf4e5ac2234964e99,android,android.uid.system,467,false,false,PROTECTED_BROADCAST:android.intent.action.LOCKED_BOOT_COMPLETED
/Users/bob/Documents/Codex/2026-08-03-fire-os-7-framework-amazon-fire/artifacts/framework/framework-res.apk,a8ac705f290b4aaf432e25d680b3a022a04091e9d5d3f5fcf4e5ac2234964e99,android,android.uid.system,467,false,false,PROTECTED_BROADCAST:android.intent.action.PRECISE_CALL_STATE
/Users/bob/Documents/Codex/2026-08-03-fire-os-7-framework-amazon-fire/artifacts/framework/framework-res.apk,a8ac705f290b4aaf432e25d680b3a022a04091e9d5d3f5fcf4e5ac2234964e99,android,android.uid.system,467,false,false,PROTECTED_BROADCAST:android.intent.action.PRECISE_DATA_CONNECTION_STATE_CHANGED
/Users/bob/Documents/Codex/2026-08-03-fire-os-7-framework-amazon-fire/artifacts/framework/framework-res.apk,a8ac705f290b4aaf432e25d680b3a022a04091e9d5d3f5fcf4e5ac2234964e99,android,android.uid.system,467,false,false,PROTECTED_BROADCAST:android.intent.action.SUBSCRIPTION_PHONE_STATE
/Users/bob/Documents/Codex/2026-08-03-fire-os-7-framework-amazon-fire/artifacts/framework/framework-res.apk,a8ac705f290b4aaf432e25d680b3a022a04091e9d5d3f5fcf4e5ac2234964e99,android,android.uid.system,467,false,false,PROTECTED_BROADCAST:android.intent.action.USER_INFO_CHANGED
/Users/bob/Documents/Codex/2026-08-03-fire-os-7-framework-amazon-fire/artifacts/framework/framework-res.apk,a8ac705f290b4aaf432e25d680b3a022a04091e9d5d3f5fcf4e5ac2234964e99,android,android.uid.system,467,false,false,PROTECTED_BROADCAST:android.intent.action.USER_UNLOCKED
/Users/bob/Documents/Codex/2026-08-03-fire-os-7-framework-amazon-fire/artifacts/framework/framework-res.apk,a8ac705f290b4aaf432e25d680b3a022a04091e9d5d3f5fcf4e5ac2234964e99,android,android.uid.system,467,false,false,PROTECTED_BROADCAST:android.intent.action.WALLPAPER_CHANGED
/Users/bob/Documents/Codex/2026-08-03-fire-os-7-framework-amazon-fire/artifacts/framework/framework-res.apk,a8ac705f290b4aaf432e25d680b3a022a04091e9d5d3f5fcf4e5ac2234964e99,android,android.uid.system,467,false,false,PROTECTED_BROADCAST:android.app.action.DEVICE_POLICY_MANAGER_STATE_CHANGED
/Users/bob/Documents/Codex/2026-08-03-fire-os-7-framework-amazon-fire/artifacts/framework/framework-res.apk,a8ac705f290b4aaf432e25d680b3a022a04091e9d5d3f5fcf4e5ac2234964e99,android,android.uid.system,467,false,false,PROTECTED_BROADCAST:android.app.action.CHOOSE_PRIVATE_KEY_ALIAS
/Users/bob/Documents/Codex/2026-08-03-fire-os-7-framework-amazon-fire/artifacts/framework/framework-res.apk,a8ac705f290b4aaf432e25d680b3a022a04091e9d5d3f5fcf4e5ac2234964e99,android,android.uid.system,467,false,false,PROTECTED_BROADCAST:android.app.action.DEVICE_ADMIN_DISABLED
/Users/bob/Documents/Codex/2026-08-03-fire-os-7-framework-amazon-fire/artifacts/framework/framework-res.apk,a8ac705f290b4aaf432e25d680b3a022a04091e9d5d3f5fcf4e5ac2234964e99,android,android.uid.system,467,false,false,PROTECTED_BROADCAST:android.app.action.DEVICE_ADMIN_DISABLE_REQUESTED
/Users/bob/Documents/Codex/2026-08-03-fire-os-7-framework-amazon-fire/artifacts/framework/framework-res.apk,a8ac705f290b4aaf432e25d680b3a022a04091e9d5d3f5fcf4e5ac2234964e99,android,android.uid.system,467,false,false,PROTECTED_BROADCAST:android.app.action.DEVICE_ADMIN_ENABLED
/Users/bob/Documents/Codex/2026-08-03-fire-os-7-framework-amazon-fire/artifacts/framework/framework-res.apk,a8ac705f290b4aaf432e25d680b3a022a04091e9d5d3f5fcf4e5ac2234964e99,android,android.uid.system,467,false,false,PROTECTED_BROADCAST:android.app.action.LOCK_TASK_ENTERING
/Users/bob/Documents/Codex/2026-08-03-fire-os-7-framework-amazon-fire/artifacts/framework/framework-res.apk,a8ac705f290b4aaf432e25d680b3a022a04091e9d5d3f5fcf4e5ac2234964e99,android,android.uid.system,467,false,false,PROTECTED_BROADCAST:android.app.action.LOCK_TASK_EXITING
/Users/bob/Documents/Codex/2026-08-03-fire-os-7-framework-amazon-fire/artifacts/framework/framework-res.apk,a8ac705f290b4aaf432e25d680b3a022a04091e9d5d3f5fcf4e5ac2234964e99,android,android.uid.system,467,false,false,PROTECTED_BROADCAST:android.app.action.NOTIFY_PENDING_SYSTEM_UPDATE
/Users/bob/Documents/Codex/2026-08-03-fire-os-7-framework-amazon-fire/artifacts/framework/framework-res.apk,a8ac705f290b4aaf432e25d680b3a022a04091e9d5d3f5fcf4e5ac2234964e99,android,android.uid.system,467,false,false,PROTECTED_BROADCAST:android.app.action.ACTION_PASSWORD_CHANGED
/Users/bob/Documents/Codex/2026-08-03-fire-os-7-framework-amazon-fire/artifacts/framework/framework-res.apk,a8ac705f290b4aaf432e25d680b3a022a04091e9d5d3f5fcf4e5ac2234964e99,android,android.uid.system,467,false,false,PROTECTED_BROADCAST:android.app.action.ACTION_PASSWORD_EXPIRING
/Users/bob/Documents/Codex/2026-08-03-fire-os-7-framework-amazon-fire/artifacts/framework/framework-res.apk,a8ac705f290b4aaf432e25d680b3a022a04091e9d5d3f5fcf4e5ac2234964e99,android,android.uid.system,467,false,false,PROTECTED_BROADCAST:android.app.action.ACTION_PASSWORD_FAILED
/Users/bob/Documents/Codex/2026-08-03-fire-os-7-framework-amazon-fire/artifacts/framework/framework-res.apk,a8ac705f290b4aaf432e25d680b3a022a04091e9d5d3f5fcf4e5ac2234964e99,android,android.uid.system,467,false,false,PROTECTED_BROADCAST:android.app.action.ACTION_PASSWORD_SUCCEEDED
/Users/bob/Documents/Codex/2026-08-03-fire-os-7-framework-amazon-fire/artifacts/framework/framework-res.apk,a8ac705f290b4aaf432e25d680b3a022a04091e9d5d3f5fcf4e5ac2234964e99,android,android.uid.system,467,false,false,PROTECTED_BROADCAST:com.android.server.ACTION_EXPIRED_PASSWORD_NOTIFICATION
/Users/bob/Documents/Codex/2026-08-03-fire-os-7-framework-amazon-fire/artifacts/framework/framework-res.apk,a8ac705f290b4aaf432e25d680b3a022a04091e9d5d3f5fcf4e5ac2234964e99,android,android.uid.system,467,false,false,PROTECTED_BROADCAST:android.intent.action.MANAGED_PROFILE_ADDED
/Users/bob/Documents/Codex/2026-08-03-fire-os-7-framework-amazon-fire/artifacts/framework/framework-res.apk,a8ac705f290b4aaf432e25d680b3a022a04091e9d5d3f5fcf4e5ac2234964e99,android,android.uid.system,467,false,false,PROTECTED_BROADCAST:android.intent.action.MANAGED_PROFILE_UNLOCKED
/Users/bob/Documents/Codex/2026-08-03-fire-os-7-framework-amazon-fire/artifacts/framework/framework-res.apk,a8ac705f290b4aaf432e25d680b3a022a04091e9d5d3f5fcf4e5ac2234964e99,android,android.uid.system,467,false,false,PROTECTED_BROADCAST:android.intent.action.MANAGED_PROFILE_REMOVED
/Users/bob/Documents/Codex/2026-08-03-fire-os-7-framework-amazon-fire/artifacts/framework/framework-res.apk,a8ac705f290b4aaf432e25d680b3a022a04091e9d5d3f5fcf4e5ac2234964e99,android,android.uid.system,467,false,false,PROTECTED_BROADCAST:android.bluetooth.adapter.action.BLE_STATE_CHANGED
/Users/bob/Documents/Codex/2026-08-03-fire-os-7-framework-amazon-fire/artifacts/framework/framework-res.apk,a8ac705f290b4aaf432e25d680b3a022a04091e9d5d3f5fcf4e5ac2234964e99,android,android.uid.system,467,false,false,PROTECTED_BROADCAST:com.android.bluetooth.map.USER_CONFIRM_TIMEOUT
/Users/bob/Documents/Codex/2026-08-03-fire-os-7-framework-amazon-fire/artifacts/framework/framework-res.apk,a8ac705f290b4aaf432e25d680b3a022a04091e9d5d3f5fcf4e5ac2234964e99,android,android.uid.system,467,false,false,PROTECTED_BROADCAST:com.android.bluetooth.BluetoothMapContentObserver.action.MESSAGE_SENT
/Users/bob/Documents/Codex/2026-08-03-fire-os-7-framework-amazon-fire/artifacts/framework/framework-res.apk,a8ac705f290b4aaf432e25d680b3a022a04091e9d5d3f5fcf4e5ac2234964e99,android,android.uid.system,467,false,false,PROTECTED_BROADCAST:com.android.bluetooth.BluetoothMapContentObserver.action.MESSAGE_DELIVERY
/Users/bob/Documents/Codex/2026-08-03-fire-os-7-framework-amazon-fire/artifacts/framework/framework-res.apk,a8ac705f290b4aaf432e25d680b3a022a04091e9d5d3f5fcf4e5ac2234964e99,android,android.uid.system,467,false,false,PROTECTED_BROADCAST:android.content.jobscheduler.JOB_DELAY_EXPIRED
/Users/bob/Documents/Codex/2026-08-03-fire-os-7-framework-amazon-fire/artifacts/framework/framework-res.apk,a8ac705f290b4aaf432e25d680b3a022a04091e9d5d3f5fcf4e5ac2234964e99,android,android.uid.system,467,false,false,PROTECTED_BROADCAST:android.content.syncmanager.SYNC_ALARM
/Users/bob/Documents/Codex/2026-08-03-fire-os-7-framework-amazon-fire/artifacts/framework/framework-res.apk,a8ac705f290b4aaf432e25d680b3a022a04091e9d5d3f5fcf4e5ac2234964e99,android,android.uid.system,467,false,false,PROTECTED_BROADCAST:android.media.INTERNAL_RINGER_MODE_CHANGED_ACTION
/Users/bob/Documents/Codex/2026-08-03-fire-os-7-framework-amazon-fire/artifacts/framework/framework-res.apk,a8ac705f290b4aaf432e25d680b3a022a04091e9d5d3f5fcf4e5ac2234964e99,android,android.uid.system,467,false,false,PROTECTED_BROADCAST:android.media.STREAM_DEVICES_CHANGED_ACTION
/Users/bob/Documents/Codex/2026-08-03-fire-os-7-framework-amazon-fire/artifacts/framework/framework-res.apk,a8ac705f290b4aaf432e25d680b3a022a04091e9d5d3f5fcf4e5ac2234964e99,android,android.uid.system,467,false,false,PROTECTED_BROADCAST:android.media.STREAM_MUTE_CHANGED_ACTION
/Users/bob/Documents/Codex/2026-08-03-fire-os-7-framework-amazon-fire/artifacts/framework/framework-res.apk,a8ac705f290b4aaf432e25d680b3a022a04091e9d5d3f5fcf4e5ac2234964e99,android,android.uid.system,467,false,false,PROTECTED_BROADCAST:android.net.sip.SIP_SERVICE_UP
/Users/bob/Documents/Codex/2026-08-03-fire-os-7-framework-amazon-fire/artifacts/framework/framework-res.apk,a8ac705f290b4aaf432e25d680b3a022a04091e9d5d3f5fcf4e5ac2234964e99,android,android.uid.system,467,false,false,PROTECTED_BROADCAST:android.nfc.action.ADAPTER_STATE_CHANGED
/Users/bob/Documents/Codex/2026-08-03-fire-os-7-framework-amazon-fire/artifacts/framework/framework-res.apk,a8ac705f290b4aaf432e25d680b3a022a04091e9d5d3f5fcf4e5ac2234964e99,android,android.uid.system,467,false,false,PROTECTED_BROADCAST:android.os.action.CHARGING
/Users/bob/Documents/Codex/2026-08-03-fire-os-7-framework-amazon-fire/artifacts/framework/framework-res.apk,a8ac705f290b4aaf432e25d680b3a022a04091e9d5d3f5fcf4e5ac2234964e99,android,android.uid.system,467,false,false,PROTECTED_BROADCAST:android.os.action.DISCHARGING
/Users/bob/Documents/Codex/2026-08-03-fire-os-7-framework-amazon-fire/artifacts/framework/framework-res.apk,a8ac705f290b4aaf432e25d680b3a022a04091e9d5d3f5fcf4e5ac2234964e99,android,android.uid.system,467,false,false,PROTECTED_BROADCAST:android.search.action.SEARCHABLES_CHANGED
/Users/bob/Documents/Codex/2026-08-03-fire-os-7-framework-amazon-fire/artifacts/framework/framework-res.apk,a8ac705f290b4aaf432e25d680b3a022a04091e9d5d3f5fcf4e5ac2234964e99,android,android.uid.system,467,false,false,PROTECTED_BROADCAST:android.security.STORAGE_CHANGED
/Users/bob/Documents/Codex/2026-08-03-fire-os-7-framework-amazon-fire/artifacts/framework/framework-res.apk,a8ac705f290b4aaf432e25d680b3a022a04091e9d5d3f5fcf4e5ac2234964e99,android,android.uid.system,467,false,false,PROTECTED_BROADCAST:android.security.action.TRUST_STORE_CHANGED
/Users/bob/Documents/Codex/2026-08-03-fire-os-7-framework-amazon-fire/artifacts/framework/framework-res.apk,a8ac705f290b4aaf432e25d680b3a022a04091e9d5d3f5fcf4e5ac2234964e99,android,android.uid.system,467,false,false,PROTECTED_BROADCAST:android.security.action.KEYCHAIN_CHANGED
/Users/bob/Documents/Codex/2026-08-03-fire-os-7-framework-amazon-fire/artifacts/framework/framework-res.apk,a8ac705f290b4aaf432e25d680b3a022a04091e9d5d3f5fcf4e5ac2234964e99,android,android.uid.system,467,false,false,PROTECTED_BROADCAST:android.security.action.KEY_ACCESS_CHANGED
/Users/bob/Documents/Codex/2026-08-03-fire-os-7-framework-amazon-fire/artifacts/framework/framework-res.apk,a8ac705f290b4aaf432e25d680b3a022a04091e9d5d3f5fcf4e5ac2234964e99,android,android.uid.system,467,false,false,PROTECTED_BROADCAST:android.telecom.action.PHONE_ACCOUNT_REGISTERED
/Users/bob/Documents/Codex/2026-08-03-fire-os-7-framework-amazon-fire/artifacts/framework/framework-res.apk,a8ac705f290b4aaf432e25d680b3a022a04091e9d5d3f5fcf4e5ac2234964e99,android,android.uid.system,467,false,false,PROTECTED_BROADCAST:android.telecom.action.PHONE_ACCOUNT_UNREGISTERED
/Users/bob/Documents/Codex/2026-08-03-fire-os-7-framework-amazon-fire/artifacts/framework/framework-res.apk,a8ac705f290b4aaf432e25d680b3a022a04091e9d5d3f5fcf4e5ac2234964e99,android,android.uid.system,467,false,false,PROTECTED_BROADCAST:android.telecom.action.SHOW_MISSED_CALLS_NOTIFICATION
/Users/bob/Documents/Codex/2026-08-03-fire-os-7-framework-amazon-fire/artifacts/framework/framework-res.apk,a8ac705f290b4aaf432e25d680b3a022a04091e9d5d3f5fcf4e5ac2234964e99,android,android.uid.system,467,false,false,PROTECTED_BROADCAST:android.telephony.action.CARRIER_CONFIG_CHANGED
/Users/bob/Documents/Codex/2026-08-03-fire-os-7-framework-amazon-fire/artifacts/framework/framework-res.apk,a8ac705f290b4aaf432e25d680b3a022a04091e9d5d3f5fcf4e5ac2234964e99,android,android.uid.system,467,false,false,PROTECTED_BROADCAST:android.telephony.action.DEFAULT_SUBSCRIPTION_CHANGED
/Users/bob/Documents/Codex/2026-08-03-fire-os-7-framework-amazon-fire/artifacts/framework/framework-res.apk,a8ac705f290b4aaf432e25d680b3a022a04091e9d5d3f5fcf4e5ac2234964e99,android,android.uid.system,467,false,false,PROTECTED_BROADCAST:android.telephony.action.DEFAULT_SMS_SUBSCRIPTION_CHANGED
/Users/bob/Documents/Codex/2026-08-03-fire-os-7-framework-amazon-fire/artifacts/framework/framework-res.apk,a8ac705f290b4aaf432e25d680b3a022a04091e9d5d3f5fcf4e5ac2234964e99,android,android.uid.system,467,false,false,PROTECTED_BROADCAST:android.telephony.action.SHOW_VOICEMAIL_NOTIFICATION
/Users/bob/Documents/Codex/2026-08-03-fire-os-7-framework-amazon-fire/artifacts/framework/framework-res.apk,a8ac705f290b4aaf432e25d680b3a022a04091e9d5d3f5fcf4e5ac2234964e99,android,android.uid.system,467,false,false,PROTECTED_BROADCAST:android.telephony.action.SUBSCRIPTION_PLANS_CHANGED
/Users/bob/Documents/Codex/2026-08-03-fire-os-7-framework-amazon-fire/artifacts/framework/framework-res.apk,a8ac705f290b4aaf432e25d680b3a022a04091e9d5d3f5fcf4e5ac2234964e99,android,android.uid.system,467,false,false,PROTECTED_BROADCAST:com.android.bluetooth.btservice.action.ALARM_WAKEUP
/Users/bob/Documents/Codex/2026-08-03-fire-os-7-framework-amazon-fire/artifacts/framework/framework-res.apk,a8ac705f290b4aaf432e25d680b3a022a04091e9d5d3f5fcf4e5ac2234964e99,android,android.uid.system,467,false,false,PROTECTED_BROADCAST:com.android.server.action.NETWORK_STATS_POLL
/Users/bob/Documents/Codex/2026-08-03-fire-os-7-framework-amazon-fire/artifacts/framework/framework-res.apk,a8ac705f290b4aaf432e25d680b3a022a04091e9d5d3f5fcf4e5ac2234964e99,android,android.uid.system,467,false,false,PROTECTED_BROADCAST:com.android.server.action.NETWORK_STATS_UPDATED
/Users/bob/Documents/Codex/2026-08-03-fire-os-7-framework-amazon-fire/artifacts/framework/framework-res.apk,a8ac705f290b4aaf432e25d680b3a022a04091e9d5d3f5fcf4e5ac2234964e99,android,android.uid.system,467,false,false,PROTECTED_BROADCAST:com.android.server.NetworkTimeUpdateService.action.POLL
/Users/bob/Documents/Codex/2026-08-03-fire-os-7-framework-amazon-fire/artifacts/framework/framework-res.apk,a8ac705f290b4aaf432e25d680b3a022a04091e9d5d3f5fcf4e5ac2234964e99,android,android.uid.system,467,false,false,PROTECTED_BROADCAST:com.android.server.telecom.intent.action.CALLS_ADD_ENTRY
/Users/bob/Documents/Codex/2026-08-03-fire-os-7-framework-amazon-fire/artifacts/framework/framework-res.apk,a8ac705f290b4aaf432e25d680b3a022a04091e9d5d3f5fcf4e5ac2234964e99,android,android.uid.system,467,false,false,PROTECTED_BROADCAST:com.android.settings.location.MODE_CHANGING
/Users/bob/Documents/Codex/2026-08-03-fire-os-7-framework-amazon-fire/artifacts/framework/framework-res.apk,a8ac705f290b4aaf432e25d680b3a022a04091e9d5d3f5fcf4e5ac2234964e99,android,android.uid.system,467,false,false,PROTECTED_BROADCAST:com.android.settings.bluetooth.ACTION_DISMISS_PAIRING
/Users/bob/Documents/Codex/2026-08-03-fire-os-7-framework-amazon-fire/artifacts/framework/framework-res.apk,a8ac705f290b4aaf432e25d680b3a022a04091e9d5d3f5fcf4e5ac2234964e99,android,android.uid.system,467,false,false,PROTECTED_BROADCAST:NotificationManagerService.TIMEOUT
/Users/bob/Documents/Codex/2026-08-03-fire-os-7-framework-amazon-fire/artifacts/framework/framework-res.apk,a8ac705f290b4aaf432e25d680b3a022a04091e9d5d3f5fcf4e5ac2234964e99,android,android.uid.system,467,false,false,PROTECTED_BROADCAST:ScheduleConditionProvider.EVALUATE
/Users/bob/Documents/Codex/2026-08-03-fire-os-7-framework-amazon-fire/artifacts/framework/framework-res.apk,a8ac705f290b4aaf432e25d680b3a022a04091e9d5d3f5fcf4e5ac2234964e99,android,android.uid.system,467,false,false,PROTECTED_BROADCAST:EventConditionProvider.EVALUATE
/Users/bob/Documents/Codex/2026-08-03-fire-os-7-framework-amazon-fire/artifacts/framework/framework-res.apk,a8ac705f290b4aaf432e25d680b3a022a04091e9d5d3f5fcf4e5ac2234964e99,android,android.uid.system,467,false,false,PROTECTED_BROADCAST:SnoozeHelper.EVALUATE
/Users/bob/Documents/Codex/2026-08-03-fire-os-7-framework-amazon-fire/artifacts/framework/framework-res.apk,a8ac705f290b4aaf432e25d680b3a022a04091e9d5d3f5fcf4e5ac2234964e99,android,android.uid.system,467,false,false,PROTECTED_BROADCAST:wifi_scan_available
/Users/bob/Documents/Codex/2026-08-03-fire-os-7-framework-amazon-fire/artifacts/framework/framework-res.apk,a8ac705f290b4aaf432e25d680b3a022a04091e9d5d3f5fcf4e5ac2234964e99,android,android.uid.system,467,false,false,PROTECTED_BROADCAST:action.cne.started
/Users/bob/Documents/Codex/2026-08-03-fire-os-7-framework-amazon-fire/artifacts/framework/framework-res.apk,a8ac705f290b4aaf432e25d680b3a022a04091e9d5d3f5fcf4e5ac2234964e99,android,android.uid.system,467,false,false,PROTECTED_BROADCAST:android.content.jobscheduler.JOB_DEADLINE_EXPIRED
/Users/bob/Documents/Codex/2026-08-03-fire-os-7-framework-amazon-fire/artifacts/framework/framework-res.apk,a8ac705f290b4aaf432e25d680b3a022a04091e9d5d3f5fcf4e5ac2234964e99,android,android.uid.system,467,false,false,PROTECTED_BROADCAST:android.intent.action.ACTION_UNSOL_RESPONSE_OEM_HOOK_RAW
/Users/bob/Documents/Codex/2026-08-03-fire-os-7-framework-amazon-fire/artifacts/framework/framework-res.apk,a8ac705f290b4aaf432e25d680b3a022a04091e9d5d3f5fcf4e5ac2234964e99,android,android.uid.system,467,false,false,PROTECTED_BROADCAST:android.net.conn.CONNECTIVITY_CHANGE_SUPL
/Users/bob/Documents/Codex/2026-08-03-fire-os-7-framework-amazon-fire/artifacts/framework/framework-res.apk,a8ac705f290b4aaf432e25d680b3a022a04091e9d5d3f5fcf4e5ac2234964e99,android,android.uid.system,467,false,false,PROTECTED_BROADCAST:android.os.action.LIGHT_DEVICE_IDLE_MODE_CHANGED
/Users/bob/Documents/Codex/2026-08-03-fire-os-7-framework-amazon-fire/artifacts/framework/framework-res.apk,a8ac705f290b4aaf432e25d680b3a022a04091e9d5d3f5fcf4e5ac2234964e99,android,android.uid.system,467,false,false,PROTECTED_BROADCAST:android.os.storage.action.VOLUME_STATE_CHANGED
/Users/bob/Documents/Codex/2026-08-03-fire-os-7-framework-amazon-fire/artifacts/framework/framework-res.apk,a8ac705f290b4aaf432e25d680b3a022a04091e9d5d3f5fcf4e5ac2234964e99,android,android.uid.system,467,false,false,PROTECTED_BROADCAST:android.os.storage.action.DISK_SCANNED
/Users/bob/Documents/Codex/2026-08-03-fire-os-7-framework-amazon-fire/artifacts/framework/framework-res.apk,a8ac705f290b4aaf432e25d680b3a022a04091e9d5d3f5fcf4e5ac2234964e99,android,android.uid.system,467,false,false,PROTECTED_BROADCAST:com.android.server.action.UPDATE_TWILIGHT_STATE
/Users/bob/Documents/Codex/2026-08-03-fire-os-7-framework-amazon-fire/artifacts/framework/framework-res.apk,a8ac705f290b4aaf432e25d680b3a022a04091e9d5d3f5fcf4e5ac2234964e99,android,android.uid.system,467,false,false,PROTECTED_BROADCAST:com.android.server.action.RESET_TWILIGHT_AUTO
/Users/bob/Documents/Codex/2026-08-03-fire-os-7-framework-amazon-fire/artifacts/framework/framework-res.apk,a8ac705f290b4aaf432e25d680b3a022a04091e9d5d3f5fcf4e5ac2234964e99,android,android.uid.system,467,false,false,PROTECTED_BROADCAST:com.android.server.device_idle.STEP_IDLE_STATE
/Users/bob/Documents/Codex/2026-08-03-fire-os-7-framework-amazon-fire/artifacts/framework/framework-res.apk,a8ac705f290b4aaf432e25d680b3a022a04091e9d5d3f5fcf4e5ac2234964e99,android,android.uid.system,467,false,false,PROTECTED_BROADCAST:com.android.server.device_idle.STEP_LIGHT_IDLE_STATE
/Users/bob/Documents/Codex/2026-08-03-fire-os-7-framework-amazon-fire/artifacts/framework/framework-res.apk,a8ac705f290b4aaf432e25d680b3a022a04091e9d5d3f5fcf4e5ac2234964e99,android,android.uid.system,467,false,false,PROTECTED_BROADCAST:com.android.server.Wifi.action.TOGGLE_PNO
/Users/bob/Documents/Codex/2026-08-03-fire-os-7-framework-amazon-fire/artifacts/framework/framework-res.apk,a8ac705f290b4aaf432e25d680b3a022a04091e9d5d3f5fcf4e5ac2234964e99,android,android.uid.system,467,false,false,PROTECTED_BROADCAST:intent.action.ACTION_RF_BAND_INFO
/Users/bob/Documents/Codex/2026-08-03-fire-os-7-framework-amazon-fire/artifacts/framework/framework-res.apk,a8ac705f290b4aaf432e25d680b3a022a04091e9d5d3f5fcf4e5ac2234964e99,android,android.uid.system,467,false,false,PROTECTED_BROADCAST:android.intent.action.MEDIA_RESOURCE_GRANTED
/Users/bob/Documents/Codex/2026-08-03-fire-os-7-framework-amazon-fire/artifacts/framework/framework-res.apk,a8ac705f290b4aaf432e25d680b3a022a04091e9d5d3f5fcf4e5ac2234964e99,android,android.uid.system,467,false,false,PROTECTED_BROADCAST:android.app.action.NETWORK_LOGS_AVAILABLE
/Users/bob/Documents/Codex/2026-08-03-fire-os-7-framework-amazon-fire/artifacts/framework/framework-res.apk,a8ac705f290b4aaf432e25d680b3a022a04091e9d5d3f5fcf4e5ac2234964e99,android,android.uid.system,467,false,false,PROTECTED_BROADCAST:android.app.action.SECURITY_LOGS_AVAILABLE
/Users/bob/Documents/Codex/2026-08-03-fire-os-7-framework-amazon-fire/artifacts/framework/framework-res.apk,a8ac705f290b4aaf432e25d680b3a022a04091e9d5d3f5fcf4e5ac2234964e99,android,android.uid.system,467,false,false,PROTECTED_BROADCAST:android.app.action.INTERRUPTION_FILTER_CHANGED
/Users/bob/Documents/Codex/2026-08-03-fire-os-7-framework-amazon-fire/artifacts/framework/framework-res.apk,a8ac705f290b4aaf432e25d680b3a022a04091e9d5d3f5fcf4e5ac2234964e99,android,android.uid.system,467,false,false,PROTECTED_BROADCAST:android.app.action.INTERRUPTION_FILTER_CHANGED_INTERNAL
/Users/bob/Documents/Codex/2026-08-03-fire-os-7-framework-amazon-fire/artifacts/framework/framework-res.apk,a8ac705f290b4aaf432e25d680b3a022a04091e9d5d3f5fcf4e5ac2234964e99,android,android.uid.system,467,false,false,PROTECTED_BROADCAST:android.app.action.NOTIFICATION_POLICY_CHANGED
/Users/bob/Documents/Codex/2026-08-03-fire-os-7-framework-amazon-fire/artifacts/framework/framework-res.apk,a8ac705f290b4aaf432e25d680b3a022a04091e9d5d3f5fcf4e5ac2234964e99,android,android.uid.system,467,false,false,PROTECTED_BROADCAST:android.app.action.NOTIFICATION_POLICY_ACCESS_GRANTED_CHANGED
/Users/bob/Documents/Codex/2026-08-03-fire-os-7-framework-amazon-fire/artifacts/framework/framework-res.apk,a8ac705f290b4aaf432e25d680b3a022a04091e9d5d3f5fcf4e5ac2234964e99,android,android.uid.system,467,false,false,PROTECTED_BROADCAST:android.os.action.ACTION_EFFECTS_SUPPRESSOR_CHANGED
/Users/bob/Documents/Codex/2026-08-03-fire-os-7-framework-amazon-fire/artifacts/framework/framework-res.apk,a8ac705f290b4aaf432e25d680b3a022a04091e9d5d3f5fcf4e5ac2234964e99,android,android.uid.system,467,false,false,PROTECTED_BROADCAST:android.app.action.NOTIFICATION_CHANNEL_BLOCK_STATE_CHANGED
/Users/bob/Documents/Codex/2026-08-03-fire-os-7-framework-amazon-fire/artifacts/framework/framework-res.apk,a8ac705f290b4aaf432e25d680b3a022a04091e9d5d3f5fcf4e5ac2234964e99,android,android.uid.system,467,false,false,PROTECTED_BROADCAST:android.app.action.NOTIFICATION_CHANNEL_GROUP_BLOCK_STATE_CHANGED
/Users/bob/Documents/Codex/2026-08-03-fire-os-7-framework-amazon-fire/artifacts/framework/framework-res.apk,a8ac705f290b4aaf432e25d680b3a022a04091e9d5d3f5fcf4e5ac2234964e99,android,android.uid.system,467,false,false,PROTECTED_BROADCAST:android.app.action.APP_BLOCK_STATE_CHANGED
/Users/bob/Documents/Codex/2026-08-03-fire-os-7-framework-amazon-fire/artifacts/framework/framework-res.apk,a8ac705f290b4aaf432e25d680b3a022a04091e9d5d3f5fcf4e5ac2234964e99,android,android.uid.system,467,false,false,PROTECTED_BROADCAST:android.permission.GET_APP_GRANTED_URI_PERMISSIONS
/Users/bob/Documents/Codex/2026-08-03-fire-os-7-framework-amazon-fire/artifacts/framework/framework-res.apk,a8ac705f290b4aaf432e25d680b3a022a04091e9d5d3f5fcf4e5ac2234964e99,android,android.uid.system,467,false,false,PROTECTED_BROADCAST:android.permission.CLEAR_APP_GRANTED_URI_PERMISSIONS
/Users/bob/Documents/Codex/2026-08-03-fire-os-7-framework-amazon-fire/artifacts/framework/framework-res.apk,a8ac705f290b4aaf432e25d680b3a022a04091e9d5d3f5fcf4e5ac2234964e99,android,android.uid.system,467,false,false,PROTECTED_BROADCAST:android.intent.action.DYNAMIC_SENSOR_CHANGED
/Users/bob/Documents/Codex/2026-08-03-fire-os-7-framework-amazon-fire/artifacts/framework/framework-res.apk,a8ac705f290b4aaf432e25d680b3a022a04091e9d5d3f5fcf4e5ac2234964e99,android,android.uid.system,467,false,false,PROTECTED_BROADCAST:android.intent.action.ACTION_RADIO_OFF
/Users/bob/Documents/Codex/2026-08-03-fire-os-7-framework-amazon-fire/artifacts/framework/framework-res.apk,a8ac705f290b4aaf432e25d680b3a022a04091e9d5d3f5fcf4e5ac2234964e99,android,android.uid.system,467,false,false,PROTECTED_BROADCAST:android.accounts.LOGIN_ACCOUNTS_CHANGED
/Users/bob/Documents/Codex/2026-08-03-fire-os-7-framework-amazon-fire/artifacts/framework/framework-res.apk,a8ac705f290b4aaf432e25d680b3a022a04091e9d5d3f5fcf4e5ac2234964e99,android,android.uid.system,467,false,false,PROTECTED_BROADCAST:android.accounts.action.ACCOUNT_REMOVED
/Users/bob/Documents/Codex/2026-08-03-fire-os-7-framework-amazon-fire/artifacts/framework/framework-res.apk,a8ac705f290b4aaf432e25d680b3a022a04091e9d5d3f5fcf4e5ac2234964e99,android,android.uid.system,467,false,false,PROTECTED_BROADCAST:android.accounts.action.VISIBLE_ACCOUNTS_CHANGED
/Users/bob/Documents/Codex/2026-08-03-fire-os-7-framework-amazon-fire/artifacts/framework/framework-res.apk,a8ac705f290b4aaf432e25d680b3a022a04091e9d5d3f5fcf4e5ac2234964e99,android,android.uid.system,467,false,false,PROTECTED_BROADCAST:com.android.sync.SYNC_CONN_STATUS_CHANGED
/Users/bob/Documents/Codex/2026-08-03-fire-os-7-framework-amazon-fire/artifacts/framework/framework-res.apk,a8ac705f290b4aaf432e25d680b3a022a04091e9d5d3f5fcf4e5ac2234964e99,android,android.uid.system,467,false,false,PROTECTED_BROADCAST:com.android.phone.SIP_INCOMING_CALL
/Users/bob/Documents/Codex/2026-08-03-fire-os-7-framework-amazon-fire/artifacts/framework/framework-res.apk,a8ac705f290b4aaf432e25d680b3a022a04091e9d5d3f5fcf4e5ac2234964e99,android,android.uid.system,467,false,false,PROTECTED_BROADCAST:com.android.phone.SIP_ADD_PHONE
/Users/bob/Documents/Codex/2026-08-03-fire-os-7-framework-amazon-fire/artifacts/framework/framework-res.apk,a8ac705f290b4aaf432e25d680b3a022a04091e9d5d3f5fcf4e5ac2234964e99,android,android.uid.system,467,false,false,PROTECTED_BROADCAST:com.android.phone.SIP_REMOVE_PHONE
/Users/bob/Documents/Codex/2026-08-03-fire-os-7-framework-amazon-fire/artifacts/framework/framework-res.apk,a8ac705f290b4aaf432e25d680b3a022a04091e9d5d3f5fcf4e5ac2234964e99,android,android.uid.system,467,false,false,PROTECTED_BROADCAST:com.android.phone.SIP_CALL_OPTION_CHANGED
/Users/bob/Documents/Codex/2026-08-03-fire-os-7-framework-amazon-fire/artifacts/framework/framework-res.apk,a8ac705f290b4aaf432e25d680b3a022a04091e9d5d3f5fcf4e5ac2234964e99,android,android.uid.system,467,false,false,PROTECTED_BROADCAST:android.bluetooth.adapter.action.BLE_ACL_CONNECTED
/Users/bob/Documents/Codex/2026-08-03-fire-os-7-framework-amazon-fire/artifacts/framework/framework-res.apk,a8ac705f290b4aaf432e25d680b3a022a04091e9d5d3f5fcf4e5ac2234964e99,android,android.uid.system,467,false,false,PROTECTED_BROADCAST:android.bluetooth.adapter.action.BLE_ACL_DISCONNECTED
/Users/bob/Documents/Codex/2026-08-03-fire-os-7-framework-amazon-fire/artifacts/framework/framework-res.apk,a8ac705f290b4aaf432e25d680b3a022a04091e9d5d3f5fcf4e5ac2234964e99,android,android.uid.system,467,false,false,PROTECTED_BROADCAST:android.bluetooth.input.profile.action.HANDSHAKE
/Users/bob/Documents/Codex/2026-08-03-fire-os-7-framework-amazon-fire/artifacts/framework/framework-res.apk,a8ac705f290b4aaf432e25d680b3a022a04091e9d5d3f5fcf4e5ac2234964e99,android,android.uid.system,467,false,false,PROTECTED_BROADCAST:android.bluetooth.input.profile.action.REPORT
/Users/bob/Documents/Codex/2026-08-03-fire-os-7-framework-amazon-fire/artifacts/framework/framework-res.apk,a8ac705f290b4aaf432e25d680b3a022a04091e9d5d3f5fcf4e5ac2234964e99,android,android.uid.system,467,false,false,PROTECTED_BROADCAST:android.intent.action.TWILIGHT_CHANGED
/Users/bob/Documents/Codex/2026-08-03-fire-os-7-framework-amazon-fire/artifacts/framework/framework-res.apk,a8ac705f290b4aaf432e25d680b3a022a04091e9d5d3f5fcf4e5ac2234964e99,android,android.uid.system,467,false,false,PROTECTED_BROADCAST:com.android.server.fingerprint.ACTION_LOCKOUT_RESET
/Users/bob/Documents/Codex/2026-08-03-fire-os-7-framework-amazon-fire/artifacts/framework/framework-res.apk,a8ac705f290b4aaf432e25d680b3a022a04091e9d5d3f5fcf4e5ac2234964e99,android,android.uid.system,467,false,false,PROTECTED_BROADCAST:android.net.wifi.PASSPOINT_ICON_RECEIVED
/Users/bob/Documents/Codex/2026-08-03-fire-os-7-framework-amazon-fire/artifacts/framework/framework-res.apk,a8ac705f290b4aaf432e25d680b3a022a04091e9d5d3f5fcf4e5ac2234964e99,android,android.uid.system,467,false,false,PROTECTED_BROADCAST:com.android.server.notification.CountdownConditionProvider
/Users/bob/Documents/Codex/2026-08-03-fire-os-7-framework-amazon-fire/artifacts/framework/framework-res.apk,a8ac705f290b4aaf432e25d680b3a022a04091e9d5d3f5fcf4e5ac2234964e99,android,android.uid.system,467,false,false,PROTECTED_BROADCAST:com.android.internal.location.ALARM_WAKEUP
/Users/bob/Documents/Codex/2026-08-03-fire-os-7-framework-amazon-fire/artifacts/framework/framework-res.apk,a8ac705f290b4aaf432e25d680b3a022a04091e9d5d3f5fcf4e5ac2234964e99,android,android.uid.system,467,false,false,PROTECTED_BROADCAST:com.android.internal.location.ALARM_TIMEOUT
/Users/bob/Documents/Codex/2026-08-03-fire-os-7-framework-amazon-fire/artifacts/framework/framework-res.apk,a8ac705f290b4aaf432e25d680b3a022a04091e9d5d3f5fcf4e5ac2234964e99,android,android.uid.system,467,false,false,PROTECTED_BROADCAST:android.intent.action.GLOBAL_BUTTON
/Users/bob/Documents/Codex/2026-08-03-fire-os-7-framework-amazon-fire/artifacts/framework/framework-res.apk,a8ac705f290b4aaf432e25d680b3a022a04091e9d5d3f5fcf4e5ac2234964e99,android,android.uid.system,467,false,false,PROTECTED_BROADCAST:android.intent.action.MANAGED_PROFILE_AVAILABLE
/Users/bob/Documents/Codex/2026-08-03-fire-os-7-framework-amazon-fire/artifacts/framework/framework-res.apk,a8ac705f290b4aaf432e25d680b3a022a04091e9d5d3f5fcf4e5ac2234964e99,android,android.uid.system,467,false,false,PROTECTED_BROADCAST:android.intent.action.MANAGED_PROFILE_UNAVAILABLE
/Users/bob/Documents/Codex/2026-08-03-fire-os-7-framework-amazon-fire/artifacts/framework/framework-res.apk,a8ac705f290b4aaf432e25d680b3a022a04091e9d5d3f5fcf4e5ac2234964e99,android,android.uid.system,467,false,false,PROTECTED_BROADCAST:com.android.server.pm.DISABLE_QUIET_MODE_AFTER_UNLOCK
/Users/bob/Documents/Codex/2026-08-03-fire-os-7-framework-amazon-fire/artifacts/framework/framework-res.apk,a8ac705f290b4aaf432e25d680b3a022a04091e9d5d3f5fcf4e5ac2234964e99,android,android.uid.system,467,false,false,PROTECTED_BROADCAST:com.android.server.retaildemo.ACTION_RESET_DEMO
/Users/bob/Documents/Codex/2026-08-03-fire-os-7-framework-amazon-fire/artifacts/framework/framework-res.apk,a8ac705f290b4aaf432e25d680b3a022a04091e9d5d3f5fcf4e5ac2234964e99,android,android.uid.system,467,false,false,PROTECTED_BROADCAST:android.intent.action.DEVICE_LOCKED_CHANGED
/Users/bob/Documents/Codex/2026-08-03-fire-os-7-framework-amazon-fire/artifacts/framework/framework-res.apk,a8ac705f290b4aaf432e25d680b3a022a04091e9d5d3f5fcf4e5ac2234964e99,android,android.uid.system,467,false,false,PROTECTED_BROADCAST:android.app.action.APPLICATION_DELEGATION_SCOPES_CHANGED
/Users/bob/Documents/Codex/2026-08-03-fire-os-7-framework-amazon-fire/artifacts/framework/framework-res.apk,a8ac705f290b4aaf432e25d680b3a022a04091e9d5d3f5fcf4e5ac2234964e99,android,android.uid.system,467,false,false,PROTECTED_BROADCAST:com.android.server.wm.ACTION_REVOKE_SYSTEM_ALERT_WINDOW_PERMISSION
/Users/bob/Documents/Codex/2026-08-03-fire-os-7-framework-amazon-fire/artifacts/framework/framework-res.apk,a8ac705f290b4aaf432e25d680b3a022a04091e9d5d3f5fcf4e5ac2234964e99,android,android.uid.system,467,false,false,PROTECTED_BROADCAST:android.media.tv.action.PARENTAL_CONTROLS_ENABLED_CHANGED
/Users/bob/Documents/Codex/2026-08-03-fire-os-7-framework-amazon-fire/artifacts/framework/framework-res.apk,a8ac705f290b4aaf432e25d680b3a022a04091e9d5d3f5fcf4e5ac2234964e99,android,android.uid.system,467,false,false,PROTECTED_BROADCAST:android.content.pm.action.SESSION_COMMITTED
/Users/bob/Documents/Codex/2026-08-03-fire-os-7-framework-amazon-fire/artifacts/framework/framework-res.apk,a8ac705f290b4aaf432e25d680b3a022a04091e9d5d3f5fcf4e5ac2234964e99,android,android.uid.system,467,false,false,PROTECTED_BROADCAST:android.os.action.USER_RESTRICTIONS_CHANGED
/Users/bob/Documents/Codex/2026-08-03-fire-os-7-framework-amazon-fire/artifacts/framework/framework-res.apk,a8ac705f290b4aaf432e25d680b3a022a04091e9d5d3f5fcf4e5ac2234964e99,android,android.uid.system,467,false,false,PROTECTED_BROADCAST:android.media.tv.action.PREVIEW_PROGRAM_ADDED_TO_WATCH_NEXT
/Users/bob/Documents/Codex/2026-08-03-fire-os-7-framework-amazon-fire/artifacts/framework/framework-res.apk,a8ac705f290b4aaf432e25d680b3a022a04091e9d5d3f5fcf4e5ac2234964e99,android,android.uid.system,467,false,false,PROTECTED_BROADCAST:android.media.tv.action.PREVIEW_PROGRAM_BROWSABLE_DISABLED
/Users/bob/Documents/Codex/2026-08-03-fire-os-7-framework-amazon-fire/artifacts/framework/framework-res.apk,a8ac705f290b4aaf432e25d680b3a022a04091e9d5d3f5fcf4e5ac2234964e99,android,android.uid.system,467,false,false,PROTECTED_BROADCAST:android.media.tv.action.WATCH_NEXT_PROGRAM_BROWSABLE_DISABLED
/Users/bob/Documents/Codex/2026-08-03-fire-os-7-framework-amazon-fire/artifacts/framework/framework-res.apk,a8ac705f290b4aaf432e25d680b3a022a04091e9d5d3f5fcf4e5ac2234964e99,android,android.uid.system,467,false,false,PROTECTED_BROADCAST:android.media.tv.action.CHANNEL_BROWSABLE_REQUESTED
/Users/bob/Documents/Codex/2026-08-03-fire-os-7-framework-amazon-fire/artifacts/framework/framework-res.apk,a8ac705f290b4aaf432e25d680b3a022a04091e9d5d3f5fcf4e5ac2234964e99,android,android.uid.system,467,false,false,PROTECTED_BROADCAST:com.android.server.InputMethodManagerService.SHOW_INPUT_METHOD_PICKER
/Users/bob/Documents/Codex/2026-08-03-fire-os-7-framework-amazon-fire/artifacts/framework/framework-res.apk,a8ac705f290b4aaf432e25d680b3a022a04091e9d5d3f5fcf4e5ac2234964e99,android,android.uid.system,467,false,false,PROTECTED_BROADCAST:com.android.intent.action.timezone.RULES_UPDATE_OPERATION
/Users/bob/Documents/Codex/2026-08-03-fire-os-7-framework-amazon-fire/artifacts/framework/framework-res.apk,a8ac705f290b4aaf432e25d680b3a022a04091e9d5d3f5fcf4e5ac2234964e99,android,android.uid.system,467,false,false,PROTECTED_BROADCAST:com.android.intent.action.timezone.TRIGGER_RULES_UPDATE_CHECK
/Users/bob/Documents/Codex/2026-08-03-fire-os-7-framework-amazon-fire/artifacts/framework/framework-res.apk,a8ac705f290b4aaf432e25d680b3a022a04091e9d5d3f5fcf4e5ac2234964e99,android,android.uid.system,467,false,false,PROTECTED_BROADCAST:android.intent.action.GET_RESTRICTION_ENTRIES
/Users/bob/Documents/Codex/2026-08-03-fire-os-7-framework-amazon-fire/artifacts/framework/framework-res.apk,a8ac705f290b4aaf432e25d680b3a022a04091e9d5d3f5fcf4e5ac2234964e99,android,android.uid.system,467,false,false,PROTECTED_BROADCAST:android.telephony.euicc.action.OTA_STATUS_CHANGED
/Users/bob/Documents/Codex/2026-08-03-fire-os-7-framework-amazon-fire/artifacts/framework/framework-res.apk,a8ac705f290b4aaf432e25d680b3a022a04091e9d5d3f5fcf4e5ac2234964e99,android,android.uid.system,467,false,false,PROTECTED_BROADCAST:android.app.action.PROFILE_OWNER_CHANGED
/Users/bob/Documents/Codex/2026-08-03-fire-os-7-framework-amazon-fire/artifacts/framework/framework-res.apk,a8ac705f290b4aaf432e25d680b3a022a04091e9d5d3f5fcf4e5ac2234964e99,android,android.uid.system,467,false,false,PROTECTED_BROADCAST:android.app.action.TRANSFER_OWNERSHIP_COMPLETE
/Users/bob/Documents/Codex/2026-08-03-fire-os-7-framework-amazon-fire/artifacts/framework/framework-res.apk,a8ac705f290b4aaf432e25d680b3a022a04091e9d5d3f5fcf4e5ac2234964e99,android,android.uid.system,467,false,false,PROTECTED_BROADCAST:android.app.action.AFFILIATED_PROFILE_TRANSFER_OWNERSHIP_COMPLETE
/Users/bob/Documents/Codex/2026-08-03-fire-os-7-framework-amazon-fire/artifacts/framework/framework-res.apk,a8ac705f290b4aaf432e25d680b3a022a04091e9d5d3f5fcf4e5ac2234964e99,android,android.uid.system,467,false,false,PROTECTED_BROADCAST:android.app.action.DATA_SHARING_RESTRICTION_CHANGED
/Users/bob/Documents/Codex/2026-08-03-fire-os-7-framework-amazon-fire/artifacts/framework/framework-res.apk,a8ac705f290b4aaf432e25d680b3a022a04091e9d5d3f5fcf4e5ac2234964e99,android,android.uid.system,467,false,false,PROTECTED_BROADCAST:android.app.action.STATSD_STARTED
/Users/bob/Documents/Codex/2026-08-03-fire-os-7-framework-amazon-fire/artifacts/framework/framework-res.apk,a8ac705f290b4aaf432e25d680b3a022a04091e9d5d3f5fcf4e5ac2234964e99,android,android.uid.system,467,false,false,PROTECTED_BROADCAST:android.intent.action.DOCK_IDLE
/Users/bob/Documents/Codex/2026-08-03-fire-os-7-framework-amazon-fire/artifacts/framework/framework-res.apk,a8ac705f290b4aaf432e25d680b3a022a04091e9d5d3f5fcf4e5ac2234964e99,android,android.uid.system,467,false,false,PROTECTED_BROADCAST:android.intent.action.DOCK_ACTIVE
/Users/bob/Documents/Codex/2026-08-03-fire-os-7-framework-amazon-fire/artifacts/launcher/com.amazon.firelauncher__0_com.amazon.firelauncher.apk,601c510df94ddf2701ef8eb662ad565a5108688e562ca29fa56c1b14289b4ddf,com.amazon.firelauncher,NOT_OBSERVED,0,false,false,OK
/Users/bob/Documents/Codex/2026-08-03-fire-os-7-framework-amazon-fire/artifacts/launcher/com.microsoft.launcher__0_base.apk,ba0f400ab36aabb873311c7b07b242615b67b070c6b304ac7b1371146c406e30,com.microsoft.launcher,NOT_OBSERVED,0,false,false,OK
/Users/bob/Documents/Codex/2026-08-03-fire-os-7-framework-amazon-fire/artifacts/phase3b-amazon-settings/com.amazon.settings__0_AmazonTabletSettings.apk,03ab0156c31388868c883b8b3e093e30298f6ce208776e094ae86c7f32cf59d4,com.amazon.settings,android.uid.system,0,false,false,OK
/Users/bob/Documents/Codex/2026-08-03-fire-os-7-framework-amazon-fire/artifacts/phase3b-device-policy/com.amazon.dpcclient__0_com.amazon.dpcclient.apk,9d920dd7850cb4e441b390a87a1eb1172ca0f09ada15f388c66ec35063d1e33b,com.amazon.dpcclient,NOT_OBSERVED,0,false,false,OK
/Users/bob/Documents/Codex/2026-08-03-fire-os-7-framework-amazon-fire/artifacts/phase3b-device-policy/com.amazon.parentalcontrols__0_com.amazon.parentalcontrols.apk,0311dda6b8be16891e7052f1d0c4d94c4cc5ef4010fd6645b58ba72a192e92a5,com.amazon.parentalcontrols,NOT_OBSERVED,0,false,false,OK
/Users/bob/Documents/Codex/2026-08-03-fire-os-7-framework-amazon-fire/artifacts/phase3b-framework-settings/com.amazon.frameworksettings__0_com.amazon.frameworksettings.apk,1ea64e7ae22dd9f5bd4b78b1a2fe8c4b9edd7b117883a27c2b4df73b2bf322bb,com.amazon.frameworksettings,NOT_OBSERVED,0,false,false,OK
/Users/bob/Documents/Codex/2026-08-03-fire-os-7-framework-amazon-fire/artifacts/phase3b-launcher/com.amazon.firelauncher__0_com.amazon.firelauncher.apk,601c510df94ddf2701ef8eb662ad565a5108688e562ca29fa56c1b14289b4ddf,com.amazon.firelauncher,NOT_OBSERVED,0,false,false,OK
/Users/bob/Documents/Codex/2026-08-03-fire-os-7-framework-amazon-fire/artifacts/phase3b-ota/com.amazon.device.software.ota.override__0_DeviceSoftwareOTAIdleOverride.apk,b0d78110f5e1b58efc7c741936fcc2233c05a06ea5bd65f4cf2237c3e3c1118b,com.amazon.device.software.ota.override,com.amazon.device.software.ota,0,false,false,OK
/Users/bob/Documents/Codex/2026-08-03-fire-os-7-framework-amazon-fire/artifacts/phase3b-ota/com.amazon.device.software.ota__0_DeviceSoftwareOTA.apk,4a00b81fda6259e1309d9c6c3021e7d958be8bc6341a49b1278216580824b2a0,com.amazon.device.software.ota,com.amazon.device.software.ota,0,false,false,OK
/Users/bob/Documents/Codex/2026-08-03-fire-os-7-framework-amazon-fire/artifacts/phase3b-package-management/com.amazon.pm__0_com.amazon.pm.apk,e790e4255ca38995f395ac77bec74eadaf9b96db62e96ae75ae60448d460edf3,com.amazon.pm,NOT_OBSERVED,0,false,false,OK
/Users/bob/Documents/Codex/2026-08-03-fire-os-7-framework-amazon-fire/artifacts/phase3b-provisioning/com.amazon.kindle.otter.oobe.forced.ota__0_com.amazon.kindle.otter.oobe.forced.ota.apk,63cc2b0fd1543f688851b1f5621f6636201e3d81398644eaea3d794cda57360b,com.amazon.kindle.otter.oobe.forced.ota,NOT_OBSERVED,0,false,false,OK
/Users/bob/Documents/Codex/2026-08-03-fire-os-7-framework-amazon-fire/artifacts/phase3b-provisioning/com.amazon.kindle.otter.oobe__0_com.amazon.kindle.otter.oobe.apk,8a75076e9cec473846eddc48d6ff0730358f4152d13a4152f568040b52fa646a,com.amazon.kindle.otter.oobe,NOT_OBSERVED,0,false,true,OK
/Users/bob/Documents/Codex/2026-08-03-fire-os-7-framework-amazon-fire/artifacts/phase3b-settings/com.android.settings__0_TabletSettings.apk,034e39c02f80feba3974e76079fdab6af03ca67ad53fde0b46b07d493ad8ec86,com.android.settings,android.uid.system,1,false,false,OK
/Users/bob/Documents/Codex/2026-08-03-fire-os-7-framework-amazon-fire/artifacts/phase3b-settings/com.android.settings__0_TabletSettings.apk,034e39c02f80feba3974e76079fdab6af03ca67ad53fde0b46b07d493ad8ec86,com.android.settings,android.uid.system,1,false,false,PROTECTED_BROADCAST:com.amazon.settings.AUTO_TIME_ZONE_ENABLED
/Users/bob/Documents/Codex/2026-08-03-fire-os-7-framework-amazon-fire/artifacts/phase3b-settings-provider/com.android.providers.settings__0_SettingsProvider.apk,bc97aa63af6ec1f036f5ceff8df7deb3f6af0aaf7d205cb0ea0744b6a902f2ed,com.android.providers.settings,android.uid.system,0,false,false,OK
/Users/bob/Documents/Codex/2026-08-03-fire-os-7-framework-amazon-fire/artifacts/phase3b-systemui/com.android.systemui__0_TabletSystemUI.apk,9c75f1657c9e52b9f66287c1ff92a2dfc50a135d86de149cdb4ae2bb127cc4ee,com.android.systemui,android.uid.systemui,2,false,false,OK
/Users/bob/Documents/Codex/2026-08-03-fire-os-7-framework-amazon-fire/artifacts/phase3b-systemui/com.android.systemui__0_TabletSystemUI.apk,9c75f1657c9e52b9f66287c1ff92a2dfc50a135d86de149cdb4ae2bb127cc4ee,com.android.systemui,android.uid.systemui,2,false,false,PROTECTED_BROADCAST:com.android.settingslib.action.REGISTER_SLICE_RECEIVER
/Users/bob/Documents/Codex/2026-08-03-fire-os-7-framework-amazon-fire/artifacts/phase3b-systemui/com.android.systemui__0_TabletSystemUI.apk,9c75f1657c9e52b9f66287c1ff92a2dfc50a135d86de149cdb4ae2bb127cc4ee,com.android.systemui,android.uid.systemui,2,false,false,PROTECTED_BROADCAST:com.android.settingslib.action.UNREGISTER_SLICE_RECEIVER
/Users/bob/Documents/Codex/2026-08-03-fire-os-7-framework-amazon-fire/artifacts/phase6ac/android-amazon-perm-device-20260805-01/android.amazon.perm.apk,5b72bdfcfb91b28d2c751e548f60d406de5c3cbb235e47e232014abdebcdc058,android.amazon.perm,android.uid.system,158,true,true,OK
/Users/bob/Documents/Codex/2026-08-03-fire-os-7-framework-amazon-fire/artifacts/phase6ac/android-amazon-perm-device-20260805-01/android.amazon.perm.apk,5b72bdfcfb91b28d2c751e548f60d406de5c3cbb235e47e232014abdebcdc058,android.amazon.perm,android.uid.system,158,false,true,PROTECTED_BROADCAST:com.amazon.slider.event
/Users/bob/Documents/Codex/2026-08-03-fire-os-7-framework-amazon-fire/artifacts/phase6ac/android-amazon-perm-device-20260805-01/android.amazon.perm.apk,5b72bdfcfb91b28d2c751e548f60d406de5c3cbb235e47e232014abdebcdc058,android.amazon.perm,android.uid.system,158,false,true,PROTECTED_BROADCAST:com.amazon.paddleup.switch.action
/Users/bob/Documents/Codex/2026-08-03-fire-os-7-framework-amazon-fire/artifacts/phase6ac/android-amazon-perm-device-20260805-01/android.amazon.perm.apk,5b72bdfcfb91b28d2c751e548f60d406de5c3cbb235e47e232014abdebcdc058,android.amazon.perm,android.uid.system,158,false,true,PROTECTED_BROADCAST:com.amazon.paddledown.switch.action
/Users/bob/Documents/Codex/2026-08-03-fire-os-7-framework-amazon-fire/artifacts/phase6ac/android-amazon-perm-device-20260805-01/android.amazon.perm.apk,5b72bdfcfb91b28d2c751e548f60d406de5c3cbb235e47e232014abdebcdc058,android.amazon.perm,android.uid.system,158,false,true,PROTECTED_BROADCAST:com.amazon.tv.action.HOME_LONGPRESSED
/Users/bob/Documents/Codex/2026-08-03-fire-os-7-framework-amazon-fire/artifacts/phase6ac/android-amazon-perm-device-20260805-01/android.amazon.perm.apk,5b72bdfcfb91b28d2c751e548f60d406de5c3cbb235e47e232014abdebcdc058,android.amazon.perm,android.uid.system,158,false,true,PROTECTED_BROADCAST:com.amazon.tv.action.CHILD_HOME_LONGPRESSED
/Users/bob/Documents/Codex/2026-08-03-fire-os-7-framework-amazon-fire/artifacts/phase6ac/android-amazon-perm-device-20260805-01/android.amazon.perm.apk,5b72bdfcfb91b28d2c751e548f60d406de5c3cbb235e47e232014abdebcdc058,android.amazon.perm,android.uid.system,158,false,true,PROTECTED_BROADCAST:amazon.intent.action.DTC
/Users/bob/Documents/Codex/2026-08-03-fire-os-7-framework-amazon-fire/artifacts/phase6ac/android-amazon-perm-device-20260805-01/android.amazon.perm.apk,5b72bdfcfb91b28d2c751e548f60d406de5c3cbb235e47e232014abdebcdc058,android.amazon.perm,android.uid.system,158,true,true,PROTECTED_BROADCAST:amazon.intent.action.BOOT_AFTER_SYSTEM_OTA
/Users/bob/Documents/Codex/2026-08-03-fire-os-7-framework-amazon-fire/artifacts/phase6ac/android-amazon-perm-device-20260805-01/android.amazon.perm.apk,5b72bdfcfb91b28d2c751e548f60d406de5c3cbb235e47e232014abdebcdc058,android.amazon.perm,android.uid.system,158,false,true,PROTECTED_BROADCAST:com.amazon.android.service.ota.PingPongOTASystemService.action.OTA_INSTALL_SUCCESS
/Users/bob/Documents/Codex/2026-08-03-fire-os-7-framework-amazon-fire/artifacts/phase6ac/android-amazon-perm-device-20260805-01/android.amazon.perm.apk,5b72bdfcfb91b28d2c751e548f60d406de5c3cbb235e47e232014abdebcdc058,android.amazon.perm,android.uid.system,158,false,true,PROTECTED_BROADCAST:com.amazon.android.service.ota.PingPongOTASystemService.action.OTA_INSTALL_FAILURE
/Users/bob/Documents/Codex/2026-08-03-fire-os-7-framework-amazon-fire/artifacts/phase6ac/android-amazon-perm-device-20260805-01/android.amazon.perm.apk,5b72bdfcfb91b28d2c751e548f60d406de5c3cbb235e47e232014abdebcdc058,android.amazon.perm,android.uid.system,158,false,true,PROTECTED_BROADCAST:com.amazon.android.service.wifi.DEVICE_ONLINE
/Users/bob/Documents/Codex/2026-08-03-fire-os-7-framework-amazon-fire/artifacts/phase6ac/android-amazon-perm-device-20260805-01/android.amazon.perm.apk,5b72bdfcfb91b28d2c751e548f60d406de5c3cbb235e47e232014abdebcdc058,android.amazon.perm,android.uid.system,158,false,true,PROTECTED_BROADCAST:com.amazon.android.service.wifi.DEVICE_OFFLINE
/Users/bob/Documents/Codex/2026-08-03-fire-os-7-framework-amazon-fire/artifacts/phase6ac/android-amazon-perm-device-20260805-01/android.amazon.perm.apk,5b72bdfcfb91b28d2c751e548f60d406de5c3cbb235e47e232014abdebcdc058,android.amazon.perm,android.uid.system,158,false,true,PROTECTED_BROADCAST:com.amazon.android.service.wifi.DEVICE_FOUND
/Users/bob/Documents/Codex/2026-08-03-fire-os-7-framework-amazon-fire/artifacts/phase6ac/android-amazon-perm-device-20260805-01/android.amazon.perm.apk,5b72bdfcfb91b28d2c751e548f60d406de5c3cbb235e47e232014abdebcdc058,android.amazon.perm,android.uid.system,158,false,true,PROTECTED_BROADCAST:com.amazon.android.service.wifi.DISCOVERY_STARTED
/Users/bob/Documents/Codex/2026-08-03-fire-os-7-framework-amazon-fire/artifacts/phase6ac/android-amazon-perm-device-20260805-01/android.amazon.perm.apk,5b72bdfcfb91b28d2c751e548f60d406de5c3cbb235e47e232014abdebcdc058,android.amazon.perm,android.uid.system,158,false,true,PROTECTED_BROADCAST:com.amazon.android.service.wifi.DISCOVERY_FINISHED
/Users/bob/Documents/Codex/2026-08-03-fire-os-7-framework-amazon-fire/artifacts/phase6ac/android-amazon-perm-device-20260805-01/android.amazon.perm.apk,5b72bdfcfb91b28d2c751e548f60d406de5c3cbb235e47e232014abdebcdc058,android.amazon.perm,android.uid.system,158,false,true,PROTECTED_BROADCAST:com.amazon.android.service.wifi.BATTERY_LEVEL_UPDATE
/Users/bob/Documents/Codex/2026-08-03-fire-os-7-framework-amazon-fire/artifacts/phase6ac/android-amazon-perm-device-20260805-01/android.amazon.perm.apk,5b72bdfcfb91b28d2c751e548f60d406de5c3cbb235e47e232014abdebcdc058,android.amazon.perm,android.uid.system,158,false,true,PROTECTED_BROADCAST:com.amazon.android.service.wifi.HEADPHONES_PLUGGED
/Users/bob/Documents/Codex/2026-08-03-fire-os-7-framework-amazon-fire/artifacts/phase6ac/android-amazon-perm-device-20260805-01/android.amazon.perm.apk,5b72bdfcfb91b28d2c751e548f60d406de5c3cbb235e47e232014abdebcdc058,android.amazon.perm,android.uid.system,158,false,true,PROTECTED_BROADCAST:com.amazon.android.service.wifi.CONNECTION_STATUS
/Users/bob/Documents/Codex/2026-08-03-fire-os-7-framework-amazon-fire/artifacts/phase6ac/android-amazon-perm-device-20260805-01/android.amazon.perm.apk,5b72bdfcfb91b28d2c751e548f60d406de5c3cbb235e47e232014abdebcdc058,android.amazon.perm,android.uid.system,158,false,true,PROTECTED_BROADCAST:com.amazon.android.service.wifi.BOND_STATUS
/Users/bob/Documents/Codex/2026-08-03-fire-os-7-framework-amazon-fire/artifacts/phase6ac/android-amazon-perm-device-20260805-01/android.amazon.perm.apk,5b72bdfcfb91b28d2c751e548f60d406de5c3cbb235e47e232014abdebcdc058,android.amazon.perm,android.uid.system,158,false,true,PROTECTED_BROADCAST:amazon.intent.action.USER_SWITCH_BACKGROUND
/Users/bob/Documents/Codex/2026-08-03-fire-os-7-framework-amazon-fire/artifacts/phase6ac/android-amazon-perm-device-20260805-01/android.amazon.perm.apk,5b72bdfcfb91b28d2c751e548f60d406de5c3cbb235e47e232014abdebcdc058,android.amazon.perm,android.uid.system,158,false,true,PROTECTED_BROADCAST:amazon.intent.action.USER_SWITCH_FOREGROUND
/Users/bob/Documents/Codex/2026-08-03-fire-os-7-framework-amazon-fire/artifacts/phase6ac/android-amazon-perm-device-20260805-01/android.amazon.perm.apk,5b72bdfcfb91b28d2c751e548f60d406de5c3cbb235e47e232014abdebcdc058,android.amazon.perm,android.uid.system,158,false,true,PROTECTED_BROADCAST:android.hardware.hdmi.action.OSD_MESSAGE
/Users/bob/Documents/Codex/2026-08-03-fire-os-7-framework-amazon-fire/artifacts/phase6ac/android-amazon-perm-device-20260805-01/android.amazon.perm.apk,5b72bdfcfb91b28d2c751e548f60d406de5c3cbb235e47e232014abdebcdc058,android.amazon.perm,android.uid.system,158,false,true,PROTECTED_BROADCAST:com.amazon.android.service.smartsuspend.ACTION
/Users/bob/Documents/Codex/2026-08-03-fire-os-7-framework-amazon-fire/artifacts/phase6ac/android-amazon-perm-device-20260805-01/android.amazon.perm.apk,5b72bdfcfb91b28d2c751e548f60d406de5c3cbb235e47e232014abdebcdc058,android.amazon.perm,android.uid.system,158,false,true,PROTECTED_BROADCAST:com.amazon.android.service.smartsuspend.AwayDetector.ACTION
/Users/bob/Documents/Codex/2026-08-03-fire-os-7-framework-amazon-fire/artifacts/phase6ac/android-amazon-perm-device-20260805-01/android.amazon.perm.apk,5b72bdfcfb91b28d2c751e548f60d406de5c3cbb235e47e232014abdebcdc058,android.amazon.perm,android.uid.system,158,false,true,PROTECTED_BROADCAST:com.amazon.smartsuspend.smartusagescheduleprovider.action.PENALTY_ALARM
/Users/bob/Documents/Codex/2026-08-03-fire-os-7-framework-amazon-fire/artifacts/phase6ac/android-amazon-perm-device-20260805-01/android.amazon.perm.apk,5b72bdfcfb91b28d2c751e548f60d406de5c3cbb235e47e232014abdebcdc058,android.amazon.perm,android.uid.system,158,false,true,PROTECTED_BROADCAST:com.amazon.smartsuspend.networkmodule.action.AUTOWIFI_ALARM
/Users/bob/Documents/Codex/2026-08-03-fire-os-7-framework-amazon-fire/artifacts/phase6ac/android-amazon-perm-device-20260805-01/android.amazon.perm.apk,5b72bdfcfb91b28d2c751e548f60d406de5c3cbb235e47e232014abdebcdc058,android.amazon.perm,android.uid.system,158,false,true,PROTECTED_BROADCAST:com.amazon.smartsuspend.networkmodule.action.RADIO_ON
/Users/bob/Documents/Codex/2026-08-03-fire-os-7-framework-amazon-fire/artifacts/phase6ac/android-amazon-perm-device-20260805-01/android.amazon.perm.apk,5b72bdfcfb91b28d2c751e548f60d406de5c3cbb235e47e232014abdebcdc058,android.amazon.perm,android.uid.system,158,false,true,PROTECTED_BROADCAST:com.amazon.smartsuspend.networkmodule.action.RADIO_OFF
/Users/bob/Documents/Codex/2026-08-03-fire-os-7-framework-amazon-fire/artifacts/phase6ac/android-amazon-perm-device-20260805-01/android.amazon.perm.apk,5b72bdfcfb91b28d2c751e548f60d406de5c3cbb235e47e232014abdebcdc058,android.amazon.perm,android.uid.system,158,false,true,PROTECTED_BROADCAST:amazon.intent.action.ACTION_MOONLIGHT_STATE
/Users/bob/Documents/Codex/2026-08-03-fire-os-7-framework-amazon-fire/artifacts/phase6ac/android-amazon-perm-device-20260805-01/android.amazon.perm.apk,5b72bdfcfb91b28d2c751e548f60d406de5c3cbb235e47e232014abdebcdc058,android.amazon.perm,android.uid.system,158,false,true,PROTECTED_BROADCAST:amazon.speech.START_INTERACTION
/Users/bob/Documents/Codex/2026-08-03-fire-os-7-framework-amazon-fire/artifacts/phase6ac/android-amazon-perm-device-20260805-01/android.amazon.perm.apk,5b72bdfcfb91b28d2c751e548f60d406de5c3cbb235e47e232014abdebcdc058,android.amazon.perm,android.uid.system,158,false,true,PROTECTED_BROADCAST:amazon.speech.VOICE_INTERACTION
/Users/bob/Documents/Codex/2026-08-03-fire-os-7-framework-amazon-fire/artifacts/phase6ac/android-amazon-perm-device-20260805-01/android.amazon.perm.apk,5b72bdfcfb91b28d2c751e548f60d406de5c3cbb235e47e232014abdebcdc058,android.amazon.perm,android.uid.system,158,false,true,PROTECTED_BROADCAST:amazon.speech.END_INTERACTION
/Users/bob/Documents/Codex/2026-08-03-fire-os-7-framework-amazon-fire/artifacts/phase6ac/android-amazon-perm-device-20260805-01/android.amazon.perm.apk,5b72bdfcfb91b28d2c751e548f60d406de5c3cbb235e47e232014abdebcdc058,android.amazon.perm,android.uid.system,158,false,true,PROTECTED_BROADCAST:com.amazon.speech.CONNECTIVITY_ACTION
/Users/bob/Documents/Codex/2026-08-03-fire-os-7-framework-amazon-fire/artifacts/phase6ac/android-amazon-perm-device-20260805-01/android.amazon.perm.apk,5b72bdfcfb91b28d2c751e548f60d406de5c3cbb235e47e232014abdebcdc058,android.amazon.perm,android.uid.system,158,false,true,PROTECTED_BROADCAST:amazon.speech.USER_ACTIVE
/Users/bob/Documents/Codex/2026-08-03-fire-os-7-framework-amazon-fire/artifacts/phase6ac/android-amazon-perm-device-20260805-01/android.amazon.perm.apk,5b72bdfcfb91b28d2c751e548f60d406de5c3cbb235e47e232014abdebcdc058,android.amazon.perm,android.uid.system,158,false,true,PROTECTED_BROADCAST:amazon.speech.USER_INACTIVE
/Users/bob/Documents/Codex/2026-08-03-fire-os-7-framework-amazon-fire/artifacts/phase6ac/android-amazon-perm-device-20260805-01/android.amazon.perm.apk,5b72bdfcfb91b28d2c751e548f60d406de5c3cbb235e47e232014abdebcdc058,android.amazon.perm,android.uid.system,158,false,true,PROTECTED_BROADCAST:amazon.speech.intent.action.END_POINT
/Users/bob/Documents/Codex/2026-08-03-fire-os-7-framework-amazon-fire/artifacts/phase6ac/android-amazon-perm-device-20260805-01/android.amazon.perm.apk,5b72bdfcfb91b28d2c751e548f60d406de5c3cbb235e47e232014abdebcdc058,android.amazon.perm,android.uid.system,158,false,true,PROTECTED_BROADCAST:amazon.speech.intent.action.RECEIVE_UTTERANCE
/Users/bob/Documents/Codex/2026-08-03-fire-os-7-framework-amazon-fire/artifacts/phase6ac/android-amazon-perm-device-20260805-01/android.amazon.perm.apk,5b72bdfcfb91b28d2c751e548f60d406de5c3cbb235e47e232014abdebcdc058,android.amazon.perm,android.uid.system,158,false,true,PROTECTED_BROADCAST:amazon.intent.action.PAIRING_MODE
/Users/bob/Documents/Codex/2026-08-03-fire-os-7-framework-amazon-fire/artifacts/phase6ac/android-amazon-perm-device-20260805-01/android.amazon.perm.apk,5b72bdfcfb91b28d2c751e548f60d406de5c3cbb235e47e232014abdebcdc058,android.amazon.perm,android.uid.system,158,false,true,PROTECTED_BROADCAST:amazon.intent.action.ACTION_PREPARE_SHUTDOWN
/Users/bob/Documents/Codex/2026-08-03-fire-os-7-framework-amazon-fire/artifacts/phase6ac/android-amazon-perm-device-20260805-01/android.amazon.perm.apk,5b72bdfcfb91b28d2c751e548f60d406de5c3cbb235e47e232014abdebcdc058,android.amazon.perm,android.uid.system,158,false,true,PROTECTED_BROADCAST:amazon.intent.action.HOME_PRESSED
/Users/bob/Documents/Codex/2026-08-03-fire-os-7-framework-amazon-fire/artifacts/phase6ac/android-amazon-perm-device-20260805-01/android.amazon.perm.apk,5b72bdfcfb91b28d2c751e548f60d406de5c3cbb235e47e232014abdebcdc058,android.amazon.perm,android.uid.system,158,false,true,PROTECTED_BROADCAST:amazon.intent.action.HOME_DOUBLE_PRESSED
/Users/bob/Documents/Codex/2026-08-03-fire-os-7-framework-amazon-fire/artifacts/phase6ac/android-amazon-perm-device-20260805-01/android.amazon.perm.apk,5b72bdfcfb91b28d2c751e548f60d406de5c3cbb235e47e232014abdebcdc058,android.amazon.perm,android.uid.system,158,false,true,PROTECTED_BROADCAST:com.amazon.device.intent.PLAYER_CHANGE
/Users/bob/Documents/Codex/2026-08-03-fire-os-7-framework-amazon-fire/artifacts/phase6ac/android-amazon-perm-device-20260805-01/android.amazon.perm.apk,5b72bdfcfb91b28d2c751e548f60d406de5c3cbb235e47e232014abdebcdc058,android.amazon.perm,android.uid.system,158,false,true,PROTECTED_BROADCAST:com.amazon.android.service.SMARTCONNECT_CHANGE
/Users/bob/Documents/Codex/2026-08-03-fire-os-7-framework-amazon-fire/artifacts/phase6ac/android-amazon-perm-device-20260805-01/android.amazon.perm.apk,5b72bdfcfb91b28d2c751e548f60d406de5c3cbb235e47e232014abdebcdc058,android.amazon.perm,android.uid.system,158,false,true,PROTECTED_BROADCAST:android.net.wifi.EAP_AUTH_FAILED
/Users/bob/Documents/Codex/2026-08-03-fire-os-7-framework-amazon-fire/artifacts/phase6ac/android-amazon-perm-device-20260805-01/android.amazon.perm.apk,5b72bdfcfb91b28d2c751e548f60d406de5c3cbb235e47e232014abdebcdc058,android.amazon.perm,android.uid.system,158,false,true,PROTECTED_BROADCAST:amazon.tv.action.HOME_INPUT_SOURCE_CHANGED
/Users/bob/Documents/Codex/2026-08-03-fire-os-7-framework-amazon-fire/artifacts/phase6ac/android-amazon-perm-device-20260805-01/android.amazon.perm.apk,5b72bdfcfb91b28d2c751e548f60d406de5c3cbb235e47e232014abdebcdc058,android.amazon.perm,android.uid.system,158,false,true,PROTECTED_BROADCAST:amazon.tv.action.OTP_INPUT_SOURCE_CHANGED
/Users/bob/Documents/Codex/2026-08-03-fire-os-7-framework-amazon-fire/artifacts/phase6ac/android-amazon-perm-device-20260805-01/android.amazon.perm.apk,5b72bdfcfb91b28d2c751e548f60d406de5c3cbb235e47e232014abdebcdc058,android.amazon.perm,android.uid.system,158,false,true,PROTECTED_BROADCAST:amazon.tv.action.ARC_INPUT_SOURCE_CHANGED
/Users/bob/Documents/Codex/2026-08-03-fire-os-7-framework-amazon-fire/artifacts/phase6ac/android-amazon-perm-device-20260805-01/android.amazon.perm.apk,5b72bdfcfb91b28d2c751e548f60d406de5c3cbb235e47e232014abdebcdc058,android.amazon.perm,android.uid.system,158,false,true,PROTECTED_BROADCAST:amazon.tv.action.HDMI_DVI_MODE
/Users/bob/Documents/Codex/2026-08-03-fire-os-7-framework-amazon-fire/artifacts/phase6ac/android-amazon-perm-device-20260805-01/android.amazon.perm.apk,5b72bdfcfb91b28d2c751e548f60d406de5c3cbb235e47e232014abdebcdc058,android.amazon.perm,android.uid.system,158,false,true,PROTECTED_BROADCAST:com.amazon.intent.USB_MTP_CLOSED
/Users/bob/Documents/Codex/2026-08-03-fire-os-7-framework-amazon-fire/artifacts/phase6ac/android-amazon-perm-device-20260805-01/android.amazon.perm.apk,5b72bdfcfb91b28d2c751e548f60d406de5c3cbb235e47e232014abdebcdc058,android.amazon.perm,android.uid.system,158,false,true,PROTECTED_BROADCAST:android.media.AUDIO_SINK_CHANGED
/Users/bob/Documents/Codex/2026-08-03-fire-os-7-framework-amazon-fire/artifacts/phase6ac/android-amazon-perm-device-20260805-01/android.amazon.perm.apk,5b72bdfcfb91b28d2c751e548f60d406de5c3cbb235e47e232014abdebcdc058,android.amazon.perm,android.uid.system,158,false,true,PROTECTED_BROADCAST:com.amazon.action.PACKAGE_RECENCY_NOTIFICATION
/Users/bob/Documents/Codex/2026-08-03-fire-os-7-framework-amazon-fire/artifacts/phase6ac/android-amazon-perm-device-20260805-01/android.amazon.perm.apk,5b72bdfcfb91b28d2c751e548f60d406de5c3cbb235e47e232014abdebcdc058,android.amazon.perm,android.uid.system,158,false,true,PROTECTED_BROADCAST:amazon.intent.action.THERMAL_EVENT
/Users/bob/Documents/Codex/2026-08-03-fire-os-7-framework-amazon-fire/artifacts/phase6ac/android-amazon-perm-device-20260805-01/android.amazon.perm.apk,5b72bdfcfb91b28d2c751e548f60d406de5c3cbb235e47e232014abdebcdc058,android.amazon.perm,android.uid.system,158,false,true,PROTECTED_BROADCAST:amazon.intent.action.THERMAL_MITIGATION
/Users/bob/Documents/Codex/2026-08-03-fire-os-7-framework-amazon-fire/artifacts/phase6ac/android-amazon-perm-device-20260805-01/android.amazon.perm.apk,5b72bdfcfb91b28d2c751e548f60d406de5c3cbb235e47e232014abdebcdc058,android.amazon.perm,android.uid.system,158,false,true,PROTECTED_BROADCAST:com.amazon.tv.ime.action.VOICE_INPUT
/Users/bob/Documents/Codex/2026-08-03-fire-os-7-framework-amazon-fire/artifacts/phase6ac/android-amazon-perm-device-20260805-01/android.amazon.perm.apk,5b72bdfcfb91b28d2c751e548f60d406de5c3cbb235e47e232014abdebcdc058,android.amazon.perm,android.uid.system,158,false,true,PROTECTED_BROADCAST:com.amazon.tv.alm.action.KEY_INFO
/Users/bob/Documents/Codex/2026-08-03-fire-os-7-framework-amazon-fire/artifacts/phase6ac/android-amazon-perm-device-20260805-01/android.amazon.perm.apk,5b72bdfcfb91b28d2c751e548f60d406de5c3cbb235e47e232014abdebcdc058,android.amazon.perm,android.uid.system,158,false,true,PROTECTED_BROADCAST:amazon.intent.action.WAKELOCK_RELEASED
/Users/bob/Documents/Codex/2026-08-03-fire-os-7-framework-amazon-fire/artifacts/phase6ac/android-amazon-perm-device-20260805-01/android.amazon.perm.apk,5b72bdfcfb91b28d2c751e548f60d406de5c3cbb235e47e232014abdebcdc058,android.amazon.perm,android.uid.system,158,false,true,PROTECTED_BROADCAST:amazon.intent.action.WAKELOCK_ACQUIRED
/Users/bob/Documents/Codex/2026-08-03-fire-os-7-framework-amazon-fire/artifacts/phase6ac/android-amazon-perm-device-20260805-01/android.amazon.perm.apk,5b72bdfcfb91b28d2c751e548f60d406de5c3cbb235e47e232014abdebcdc058,android.amazon.perm,android.uid.system,158,false,true,PROTECTED_BROADCAST:amazon.intent.action.HDCP_STATE_CHANGED
/Users/bob/Documents/Codex/2026-08-03-fire-os-7-framework-amazon-fire/artifacts/phase6ac/android-amazon-perm-device-20260805-01/android.amazon.perm.apk,5b72bdfcfb91b28d2c751e548f60d406de5c3cbb235e47e232014abdebcdc058,android.amazon.perm,android.uid.system,158,false,true,PROTECTED_BROADCAST:com.amazon.fireos.service.timeservice.clock.TIME_SYNC
/Users/bob/Documents/Codex/2026-08-03-fire-os-7-framework-amazon-fire/artifacts/phase6ac/android-amazon-perm-device-20260805-01/android.amazon.perm.apk,5b72bdfcfb91b28d2c751e548f60d406de5c3cbb235e47e232014abdebcdc058,android.amazon.perm,android.uid.system,158,false,true,PROTECTED_BROADCAST:com.amazon.intent.action.HDMI_PLUGGED
/Users/bob/Documents/Codex/2026-08-03-fire-os-7-framework-amazon-fire/artifacts/phase6ac/android-amazon-perm-device-20260805-01/android.amazon.perm.apk,5b72bdfcfb91b28d2c751e548f60d406de5c3cbb235e47e232014abdebcdc058,android.amazon.perm,android.uid.system,158,false,true,PROTECTED_BROADCAST:com.android.server.SystemService.PingPongOTASystemService.action.UPDATED_NEED_REBOOT
/Users/bob/Documents/Codex/2026-08-03-fire-os-7-framework-amazon-fire/artifacts/phase6ac/android-amazon-perm-device-20260805-01/android.amazon.perm.apk,5b72bdfcfb91b28d2c751e548f60d406de5c3cbb235e47e232014abdebcdc058,android.amazon.perm,android.uid.system,158,false,true,PROTECTED_BROADCAST:amazon.intent.action.ACTION_BUTTON_PRESSED
/Users/bob/Documents/Codex/2026-08-03-fire-os-7-framework-amazon-fire/artifacts/phase6ac/android-amazon-perm-device-20260805-01/android.amazon.perm.apk,5b72bdfcfb91b28d2c751e548f60d406de5c3cbb235e47e232014abdebcdc058,android.amazon.perm,android.uid.system,158,false,true,PROTECTED_BROADCAST:com.amazon.ledcontroller.ACTION_FAST_BLINK
/Users/bob/Documents/Codex/2026-08-03-fire-os-7-framework-amazon-fire/artifacts/phase6ac/android-amazon-perm-device-20260805-01/android.amazon.perm.apk,5b72bdfcfb91b28d2c751e548f60d406de5c3cbb235e47e232014abdebcdc058,android.amazon.perm,android.uid.system,158,false,true,PROTECTED_BROADCAST:com.amazon.ledcontroller.ACTION_STAND_BY
/Users/bob/Documents/Codex/2026-08-03-fire-os-7-framework-amazon-fire/artifacts/phase6ac/android-amazon-perm-device-20260805-01/android.amazon.perm.apk,5b72bdfcfb91b28d2c751e548f60d406de5c3cbb235e47e232014abdebcdc058,android.amazon.perm,android.uid.system,158,false,true,PROTECTED_BROADCAST:com.amazon.tv.networkmonitor.INTERNET_UP
/Users/bob/Documents/Codex/2026-08-03-fire-os-7-framework-amazon-fire/artifacts/phase6ac/android-amazon-perm-device-20260805-01/android.amazon.perm.apk,5b72bdfcfb91b28d2c751e548f60d406de5c3cbb235e47e232014abdebcdc058,android.amazon.perm,android.uid.system,158,false,true,PROTECTED_BROADCAST:com.amazon.tv.networkmonitor.INTERNET_DOWN
/Users/bob/Documents/Codex/2026-08-03-fire-os-7-framework-amazon-fire/artifacts/phase6ac/android-amazon-perm-device-20260805-01/android.amazon.perm.apk,5b72bdfcfb91b28d2c751e548f60d406de5c3cbb235e47e232014abdebcdc058,android.amazon.perm,android.uid.system,158,false,true,PROTECTED_BROADCAST:amazon.intent.action.ACTION_PACKAGE_INSTALL_FAIL
/Users/bob/Documents/Codex/2026-08-03-fire-os-7-framework-amazon-fire/artifacts/phase6ac/android-amazon-perm-device-20260805-01/android.amazon.perm.apk,5b72bdfcfb91b28d2c751e548f60d406de5c3cbb235e47e232014abdebcdc058,android.amazon.perm,android.uid.system,158,false,true,PROTECTED_BROADCAST:amazon.intent.action.VOLUME_CHANGED
/Users/bob/Documents/Codex/2026-08-03-fire-os-7-framework-amazon-fire/artifacts/phase6ac/android-amazon-perm-device-20260805-01/android.amazon.perm.apk,5b72bdfcfb91b28d2c751e548f60d406de5c3cbb235e47e232014abdebcdc058,android.amazon.perm,android.uid.system,158,false,true,PROTECTED_BROADCAST:com.amazon.volumering.event
/Users/bob/Documents/Codex/2026-08-03-fire-os-7-framework-amazon-fire/artifacts/phase6ac/android-amazon-perm-device-20260805-01/android.amazon.perm.apk,5b72bdfcfb91b28d2c751e548f60d406de5c3cbb235e47e232014abdebcdc058,android.amazon.perm,android.uid.system,158,false,true,PROTECTED_BROADCAST:android.os.action.REBOOT_NECESSARY_TRUE
/Users/bob/Documents/Codex/2026-08-03-fire-os-7-framework-amazon-fire/artifacts/phase6ac/android-amazon-perm-device-20260805-01/android.amazon.perm.apk,5b72bdfcfb91b28d2c751e548f60d406de5c3cbb235e47e232014abdebcdc058,android.amazon.perm,android.uid.system,158,false,true,PROTECTED_BROADCAST:android.os.action.FORCE_UPDATE_TRUE
/Users/bob/Documents/Codex/2026-08-03-fire-os-7-framework-amazon-fire/artifacts/phase6ac/android-amazon-perm-device-20260805-01/android.amazon.perm.apk,5b72bdfcfb91b28d2c751e548f60d406de5c3cbb235e47e232014abdebcdc058,android.amazon.perm,android.uid.system,158,false,true,PROTECTED_BROADCAST:android.os.action.FORCE_UPDATE_FALSE
/Users/bob/Documents/Codex/2026-08-03-fire-os-7-framework-amazon-fire/artifacts/phase6ac/android-amazon-perm-device-20260805-01/android.amazon.perm.apk,5b72bdfcfb91b28d2c751e548f60d406de5c3cbb235e47e232014abdebcdc058,android.amazon.perm,android.uid.system,158,false,true,PROTECTED_BROADCAST:com.lab126.intent.action.FORCE_OTA_DOWNLOAD_STATUS_CHANGED_ACTION
/Users/bob/Documents/Codex/2026-08-03-fire-os-7-framework-amazon-fire/artifacts/phase6ac/android-amazon-perm-device-20260805-01/android.amazon.perm.apk,5b72bdfcfb91b28d2c751e548f60d406de5c3cbb235e47e232014abdebcdc058,android.amazon.perm,android.uid.system,158,false,true,PROTECTED_BROADCAST:com.amazon.dcp.sso.action.AmazonAccountPropertyService.property.changed
/Users/bob/Documents/Codex/2026-08-03-fire-os-7-framework-amazon-fire/artifacts/phase6ac/android-amazon-perm-device-20260805-01/android.amazon.perm.apk,5b72bdfcfb91b28d2c751e548f60d406de5c3cbb235e47e232014abdebcdc058,android.amazon.perm,android.uid.system,158,false,true,PROTECTED_BROADCAST:com.amazon.dcp.sso.broadcast.CORPFMHasChanged
/Users/bob/Documents/Codex/2026-08-03-fire-os-7-framework-amazon-fire/artifacts/phase6ac/android-amazon-perm-device-20260805-01/android.amazon.perm.apk,5b72bdfcfb91b28d2c751e548f60d406de5c3cbb235e47e232014abdebcdc058,android.amazon.perm,android.uid.system,158,false,true,PROTECTED_BROADCAST:com.amazon.intent.COMMUNICATION_SERVICE_INITIALIZED
/Users/bob/Documents/Codex/2026-08-03-fire-os-7-framework-amazon-fire/artifacts/phase6ac/android-amazon-perm-device-20260805-01/android.amazon.perm.apk,5b72bdfcfb91b28d2c751e548f60d406de5c3cbb235e47e232014abdebcdc058,android.amazon.perm,android.uid.system,158,false,true,PROTECTED_BROADCAST:amazon.communication.action.HANDLE_TCOMM_MESSAGE
/Users/bob/Documents/Codex/2026-08-03-fire-os-7-framework-amazon-fire/artifacts/phase6ac/android-amazon-perm-device-20260805-01/android.amazon.perm.apk,5b72bdfcfb91b28d2c751e548f60d406de5c3cbb235e47e232014abdebcdc058,android.amazon.perm,android.uid.system,158,false,true,PROTECTED_BROADCAST:WifiMetricsHeartbeat
/Users/bob/Documents/Codex/2026-08-03-fire-os-7-framework-amazon-fire/artifacts/phase6ac/android-amazon-perm-device-20260805-01/android.amazon.perm.apk,5b72bdfcfb91b28d2c751e548f60d406de5c3cbb235e47e232014abdebcdc058,android.amazon.perm,android.uid.system,158,false,true,PROTECTED_BROADCAST:com.amazon.tv.devicecontrol.ACTIVE
/Users/bob/Documents/Codex/2026-08-03-fire-os-7-framework-amazon-fire/artifacts/phase6ac/android-amazon-perm-device-20260805-01/android.amazon.perm.apk,5b72bdfcfb91b28d2c751e548f60d406de5c3cbb235e47e232014abdebcdc058,android.amazon.perm,android.uid.system,158,false,true,PROTECTED_BROADCAST:com.amazon.tv.devicecontrol.INACTIVE
/Users/bob/Documents/Codex/2026-08-03-fire-os-7-framework-amazon-fire/artifacts/phase6ac/android-amazon-perm-device-20260805-01/android.amazon.perm.apk,5b72bdfcfb91b28d2c751e548f60d406de5c3cbb235e47e232014abdebcdc058,android.amazon.perm,android.uid.system,158,false,true,PROTECTED_BROADCAST:amazon.intent.action.TURN_TV_ON
/Users/bob/Documents/Codex/2026-08-03-fire-os-7-framework-amazon-fire/artifacts/phase6ac/android-amazon-perm-device-20260805-01/android.amazon.perm.apk,5b72bdfcfb91b28d2c751e548f60d406de5c3cbb235e47e232014abdebcdc058,android.amazon.perm,android.uid.system,158,false,true,PROTECTED_BROADCAST:com.android.systemui.tv.pip.SHOW_PIP_MENU
/Users/bob/Documents/Codex/2026-08-03-fire-os-7-framework-amazon-fire/artifacts/phase6ac/android-amazon-perm-device-20260805-01/android.amazon.perm.apk,5b72bdfcfb91b28d2c751e548f60d406de5c3cbb235e47e232014abdebcdc058,android.amazon.perm,android.uid.system,158,false,true,PROTECTED_BROADCAST:com.amazon.pip.app.MOVE_FULLSCREEN_PIP
/Users/bob/Documents/Codex/2026-08-03-fire-os-7-framework-amazon-fire/artifacts/phase6ac/android-amazon-perm-device-20260805-01/android.amazon.perm.apk,5b72bdfcfb91b28d2c751e548f60d406de5c3cbb235e47e232014abdebcdc058,android.amazon.perm,android.uid.system,158,false,true,PROTECTED_BROADCAST:com.amazon.pip.app.MOVE_FULLSCREEN_PIP
/Users/bob/Documents/Codex/2026-08-03-fire-os-7-framework-amazon-fire/artifacts/phase6ac/android-amazon-perm-device-20260805-01/android.amazon.perm.apk,5b72bdfcfb91b28d2c751e548f60d406de5c3cbb235e47e232014abdebcdc058,android.amazon.perm,android.uid.system,158,false,true,PROTECTED_BROADCAST:amazon.intent.action.ENTERING_STR_MODE
/Users/bob/Documents/Codex/2026-08-03-fire-os-7-framework-amazon-fire/artifacts/phase6ac/android-amazon-perm-device-20260805-01/android.amazon.perm.apk,5b72bdfcfb91b28d2c751e548f60d406de5c3cbb235e47e232014abdebcdc058,android.amazon.perm,android.uid.system,158,false,true,PROTECTED_BROADCAST:com.amazon.tv.action.ACTION_EXPLICIT_ACTIVATE
/Users/bob/Documents/Codex/2026-08-03-fire-os-7-framework-amazon-fire/artifacts/phase6ac/android-amazon-perm-device-20260805-01/android.amazon.perm.apk,5b72bdfcfb91b28d2c751e548f60d406de5c3cbb235e47e232014abdebcdc058,android.amazon.perm,android.uid.system,158,false,true,PROTECTED_BROADCAST:amazon.intent.action.IRBLASTER_PLUGGED
/Users/bob/Documents/Codex/2026-08-03-fire-os-7-framework-amazon-fire/artifacts/phase6ac/android-amazon-perm-device-20260805-01/android.amazon.perm.apk,5b72bdfcfb91b28d2c751e548f60d406de5c3cbb235e47e232014abdebcdc058,android.amazon.perm,android.uid.system,158,false,true,PROTECTED_BROADCAST:amazon.intent.action.NOTIFY_NO_NETWORK
/Users/bob/Documents/Codex/2026-08-03-fire-os-7-framework-amazon-fire/artifacts/phase6ac/android-amazon-perm-device-20260805-01/android.amazon.perm.apk,5b72bdfcfb91b28d2c751e548f60d406de5c3cbb235e47e232014abdebcdc058,android.amazon.perm,android.uid.system,158,false,true,PROTECTED_BROADCAST:com.amazon.tv.settings.BACKUP_AND_RESET_SETTINGS_FROM_REMOTE
/Users/bob/Documents/Codex/2026-08-03-fire-os-7-framework-amazon-fire/artifacts/phase6ac/android-amazon-perm-device-20260805-01/android.amazon.perm.apk,5b72bdfcfb91b28d2c751e548f60d406de5c3cbb235e47e232014abdebcdc058,android.amazon.perm,android.uid.system,158,false,true,PROTECTED_BROADCAST:com.amazon.tv.settings.BACKUP_AND_RESET_CANCELED
/Users/bob/Documents/Codex/2026-08-03-fire-os-7-framework-amazon-fire/artifacts/phase6ac/android-amazon-perm-device-20260805-01/android.amazon.perm.apk,5b72bdfcfb91b28d2c751e548f60d406de5c3cbb235e47e232014abdebcdc058,android.amazon.perm,android.uid.system,158,false,true,PROTECTED_BROADCAST:com.amazon.intent.action.RESOLUTION_SWITCHER
/Users/bob/Documents/Codex/2026-08-03-fire-os-7-framework-amazon-fire/artifacts/phase6ac/android-amazon-perm-device-20260805-01/android.amazon.perm.apk,5b72bdfcfb91b28d2c751e548f60d406de5c3cbb235e47e232014abdebcdc058,android.amazon.perm,android.uid.system,158,false,true,PROTECTED_BROADCAST:com.amazon.tv.action.SWITCH_INPUT
/Users/bob/Documents/Codex/2026-08-03-fire-os-7-framework-amazon-fire/artifacts/phase6ac/android-amazon-perm-device-20260805-01/android.amazon.perm.apk,5b72bdfcfb91b28d2c751e548f60d406de5c3cbb235e47e232014abdebcdc058,android.amazon.perm,android.uid.system,158,false,true,PROTECTED_BROADCAST:com.amazon.internal.intent.action.DEVICE_MEMORY_CHANGED
/Users/bob/Documents/Codex/2026-08-03-fire-os-7-framework-amazon-fire/artifacts/phase6ac/android-amazon-perm-device-20260805-01/android.amazon.perm.apk,5b72bdfcfb91b28d2c751e548f60d406de5c3cbb235e47e232014abdebcdc058,android.amazon.perm,android.uid.system,158,false,true,PROTECTED_BROADCAST:amazon.intent.action.ACTION_STORAGE_SPACE_THRESHOLD_REACHED
/Users/bob/Documents/Codex/2026-08-03-fire-os-7-framework-amazon-fire/artifacts/phase6ac/android-amazon-perm-device-20260805-01/android.amazon.perm.apk,5b72bdfcfb91b28d2c751e548f60d406de5c3cbb235e47e232014abdebcdc058,android.amazon.perm,android.uid.system,158,false,true,PROTECTED_BROADCAST:amazon.intent.action.DEVICE_STORAGE_LOW
/Users/bob/Documents/Codex/2026-08-03-fire-os-7-framework-amazon-fire/artifacts/phase6ac/android-amazon-perm-device-20260805-01/android.amazon.perm.apk,5b72bdfcfb91b28d2c751e548f60d406de5c3cbb235e47e232014abdebcdc058,android.amazon.perm,android.uid.system,158,false,true,PROTECTED_BROADCAST:amazon.intent.action.DEVICE_STORAGE_FULL
/Users/bob/Documents/Codex/2026-08-03-fire-os-7-framework-amazon-fire/artifacts/phase6ac/android-amazon-perm-device-20260805-01/android.amazon.perm.apk,5b72bdfcfb91b28d2c751e548f60d406de5c3cbb235e47e232014abdebcdc058,android.amazon.perm,android.uid.system,158,false,true,PROTECTED_BROADCAST:amazon.intent.action.DYNO_AUTO_APP_OFFLOAD_THRESHOLD_REACHED
/Users/bob/Documents/Codex/2026-08-03-fire-os-7-framework-amazon-fire/artifacts/phase6ac/android-amazon-perm-device-20260805-01/android.amazon.perm.apk,5b72bdfcfb91b28d2c751e548f60d406de5c3cbb235e47e232014abdebcdc058,android.amazon.perm,android.uid.system,158,false,true,PROTECTED_BROADCAST:com.amazon.configure.arcus.sync.package
/Users/bob/Documents/Codex/2026-08-03-fire-os-7-framework-amazon-fire/artifacts/phase6ac/android-amazon-perm-device-20260805-01/android.amazon.perm.apk,5b72bdfcfb91b28d2c751e548f60d406de5c3cbb235e47e232014abdebcdc058,android.amazon.perm,android.uid.system,158,false,true,PROTECTED_BROADCAST:com.amazon.speech.SipClient_BeginCall
/Users/bob/Documents/Codex/2026-08-03-fire-os-7-framework-amazon-fire/artifacts/phase6ac/android-amazon-perm-device-20260805-01/android.amazon.perm.apk,5b72bdfcfb91b28d2c751e548f60d406de5c3cbb235e47e232014abdebcdc058,android.amazon.perm,android.uid.system,158,false,true,PROTECTED_BROADCAST:com.amazon.speech.SipClient_EndCall
/Users/bob/Documents/Codex/2026-08-03-fire-os-7-framework-amazon-fire/artifacts/phase6ac/android-amazon-perm-device-20260805-01/android.amazon.perm.apk,5b72bdfcfb91b28d2c751e548f60d406de5c3cbb235e47e232014abdebcdc058,android.amazon.perm,android.uid.system,158,false,true,PROTECTED_BROADCAST:com.amazon.speech.SipClient_SendDTMF
/Users/bob/Documents/Codex/2026-08-03-fire-os-7-framework-amazon-fire/artifacts/phase6ac/android-amazon-perm-device-20260805-01/android.amazon.perm.apk,5b72bdfcfb91b28d2c751e548f60d406de5c3cbb235e47e232014abdebcdc058,android.amazon.perm,android.uid.system,158,false,true,PROTECTED_BROADCAST:com.amazon.speech.SipClient_EarlyAcceptCall
/Users/bob/Documents/Codex/2026-08-03-fire-os-7-framework-amazon-fire/artifacts/phase6ac/android-amazon-perm-device-20260805-01/android.amazon.perm.apk,5b72bdfcfb91b28d2c751e548f60d406de5c3cbb235e47e232014abdebcdc058,android.amazon.perm,android.uid.system,158,false,true,PROTECTED_BROADCAST:com.amazon.speech.SipClient_AcceptCall
/Users/bob/Documents/Codex/2026-08-03-fire-os-7-framework-amazon-fire/artifacts/phase6ac/android-amazon-perm-device-20260805-01/android.amazon.perm.apk,5b72bdfcfb91b28d2c751e548f60d406de5c3cbb235e47e232014abdebcdc058,android.amazon.perm,android.uid.system,158,false,true,PROTECTED_BROADCAST:com.amazon.speech.SipClient_ConfigureComms
/Users/bob/Documents/Codex/2026-08-03-fire-os-7-framework-amazon-fire/artifacts/phase6ac/android-amazon-perm-device-20260805-01/android.amazon.perm.apk,5b72bdfcfb91b28d2c751e548f60d406de5c3cbb235e47e232014abdebcdc058,android.amazon.perm,android.uid.system,158,false,true,PROTECTED_BROADCAST:com.amazon.speech.SipClient_SetCallMediaState
/Users/bob/Documents/Codex/2026-08-03-fire-os-7-framework-amazon-fire/artifacts/phase6ac/android-amazon-perm-device-20260805-01/android.amazon.perm.apk,5b72bdfcfb91b28d2c751e548f60d406de5c3cbb235e47e232014abdebcdc058,android.amazon.perm,android.uid.system,158,false,true,PROTECTED_BROADCAST:com.amazon.speech.SipClient_RingCall
/Users/bob/Documents/Codex/2026-08-03-fire-os-7-framework-amazon-fire/artifacts/phase6ac/android-amazon-perm-device-20260805-01/android.amazon.perm.apk,5b72bdfcfb91b28d2c751e548f60d406de5c3cbb235e47e232014abdebcdc058,android.amazon.perm,android.uid.system,158,false,true,PROTECTED_BROADCAST:com.amazon.speech.SipClient_IgnoreCal
/Users/bob/Documents/Codex/2026-08-03-fire-os-7-framework-amazon-fire/artifacts/phase6ac/android-amazon-perm-device-20260805-01/android.amazon.perm.apk,5b72bdfcfb91b28d2c751e548f60d406de5c3cbb235e47e232014abdebcdc058,android.amazon.perm,android.uid.system,158,false,true,PROTECTED_BROADCAST:com.amazon.speech.SipClient_Warmup
/Users/bob/Documents/Codex/2026-08-03-fire-os-7-framework-amazon-fire/artifacts/phase6ac/android-amazon-perm-device-20260805-01/android.amazon.perm.apk,5b72bdfcfb91b28d2c751e548f60d406de5c3cbb235e47e232014abdebcdc058,android.amazon.perm,android.uid.system,158,false,true,PROTECTED_BROADCAST:com.amazon.shared.storage.MIGRATE_DATA
/Users/bob/Documents/Codex/2026-08-03-fire-os-7-framework-amazon-fire/artifacts/phase6ac/android-amazon-perm-device-20260805-01/android.amazon.perm.apk,5b72bdfcfb91b28d2c751e548f60d406de5c3cbb235e47e232014abdebcdc058,android.amazon.perm,android.uid.system,158,false,true,PROTECTED_BROADCAST:amazon.bluetooth.device.action.IRK_PAIR_UPDATE
/Users/bob/Documents/Codex/2026-08-03-fire-os-7-framework-amazon-fire/artifacts/phase6ac/android-amazon-perm-device-20260805-01/android.amazon.perm.apk,5b72bdfcfb91b28d2c751e548f60d406de5c3cbb235e47e232014abdebcdc058,android.amazon.perm,android.uid.system,158,false,true,PROTECTED_BROADCAST:amazon.bluetooth.input.profile.action.BATTERY_REPORT_FOUND
/Users/bob/Documents/Codex/2026-08-03-fire-os-7-framework-amazon-fire/artifacts/phase6ac/android-amazon-perm-device-20260805-01/android.amazon.perm.apk,5b72bdfcfb91b28d2c751e548f60d406de5c3cbb235e47e232014abdebcdc058,android.amazon.perm,android.uid.system,158,false,true,PROTECTED_BROADCAST:amazon.bluetooth.input.profile.action.BATTERY_LEVEL_UPDATE
/Users/bob/Documents/Codex/2026-08-03-fire-os-7-framework-amazon-fire/artifacts/phase6ac/android-amazon-perm-device-20260805-01/android.amazon.perm.apk,5b72bdfcfb91b28d2c751e548f60d406de5c3cbb235e47e232014abdebcdc058,android.amazon.perm,android.uid.system,158,false,true,PROTECTED_BROADCAST:amazon.bluetooth.input.profile.action.HID_REACH_LIMIT
/Users/bob/Documents/Codex/2026-08-03-fire-os-7-framework-amazon-fire/artifacts/phase6ac/android-amazon-perm-device-20260805-01/android.amazon.perm.apk,5b72bdfcfb91b28d2c751e548f60d406de5c3cbb235e47e232014abdebcdc058,android.amazon.perm,android.uid.system,158,false,true,PROTECTED_BROADCAST:amazon.intent.action.PRIVACY_MODE_ON
/Users/bob/Documents/Codex/2026-08-03-fire-os-7-framework-amazon-fire/artifacts/phase6ac/android-amazon-perm-device-20260805-01/android.amazon.perm.apk,5b72bdfcfb91b28d2c751e548f60d406de5c3cbb235e47e232014abdebcdc058,android.amazon.perm,android.uid.system,158,false,true,PROTECTED_BROADCAST:amazon.intent.action.PRIVACY_MODE_OFF
/Users/bob/Documents/Codex/2026-08-03-fire-os-7-framework-amazon-fire/artifacts/phase6ac/android-amazon-perm-device-20260805-01/android.amazon.perm.apk,5b72bdfcfb91b28d2c751e548f60d406de5c3cbb235e47e232014abdebcdc058,android.amazon.perm,android.uid.system,158,false,true,PROTECTED_BROADCAST:audio_server_restarted
/Users/bob/Documents/Codex/2026-08-03-fire-os-7-framework-amazon-fire/artifacts/phase6ac/android-amazon-perm-device-20260805-01/android.amazon.perm.apk,5b72bdfcfb91b28d2c751e548f60d406de5c3cbb235e47e232014abdebcdc058,android.amazon.perm,android.uid.system,158,false,true,PROTECTED_BROADCAST:com.amazon.intent.action.PARTNER_PRIME_SUBSCRIPTION
/Users/bob/Documents/Codex/2026-08-03-fire-os-7-framework-amazon-fire/artifacts/phase6ac/android-amazon-perm-device-20260805-01/android.amazon.perm.apk,5b72bdfcfb91b28d2c751e548f60d406de5c3cbb235e47e232014abdebcdc058,android.amazon.perm,android.uid.system,158,false,true,PROTECTED_BROADCAST:com.amazon.android.diags.ON_EVENT
/Users/bob/Documents/Codex/2026-08-03-fire-os-7-framework-amazon-fire/artifacts/phase6ac/android-amazon-perm-device-20260805-01/android.amazon.perm.apk,5b72bdfcfb91b28d2c751e548f60d406de5c3cbb235e47e232014abdebcdc058,android.amazon.perm,android.uid.system,158,false,true,PROTECTED_BROADCAST:amazon.net.UNIFIED_NETWORK
/Users/bob/Documents/Codex/2026-08-03-fire-os-7-framework-amazon-fire/artifacts/phase6ac/android-amazon-perm-device-20260805-01/android.amazon.perm.apk,5b72bdfcfb91b28d2c751e548f60d406de5c3cbb235e47e232014abdebcdc058,android.amazon.perm,android.uid.system,158,false,true,PROTECTED_BROADCAST:amazon.intent.action.PIP_STATE_CHANGE
/Users/bob/Documents/Codex/2026-08-03-fire-os-7-framework-amazon-fire/artifacts/phase6ac/android-amazon-perm-device-20260805-01/android.amazon.perm.apk,5b72bdfcfb91b28d2c751e548f60d406de5c3cbb235e47e232014abdebcdc058,android.amazon.perm,android.uid.system,158,false,true,PROTECTED_BROADCAST:amazon.intent.action.RECEIVE_KEY_PRESS
/Users/bob/Documents/Codex/2026-08-03-fire-os-7-framework-amazon-fire/artifacts/phase6ac/android-amazon-perm-device-20260805-01/android.amazon.perm.apk,5b72bdfcfb91b28d2c751e548f60d406de5c3cbb235e47e232014abdebcdc058,android.amazon.perm,android.uid.system,158,false,true,PROTECTED_BROADCAST:com.amazon.intent.action.GESTURE_DETECTED
/Users/bob/Documents/Codex/2026-08-03-fire-os-7-framework-amazon-fire/artifacts/phase6ac/android-amazon-perm-device-20260805-01/android.amazon.perm.apk,5b72bdfcfb91b28d2c751e548f60d406de5c3cbb235e47e232014abdebcdc058,android.amazon.perm,android.uid.system,158,false,true,PROTECTED_BROADCAST:com.amazon.device.ACTION_APP_PROFILE_UPDATED
/Users/bob/Documents/Codex/2026-08-03-fire-os-7-framework-amazon-fire/artifacts/phase6ac/android-amazon-perm-device-20260805-01/android.amazon.perm.apk,5b72bdfcfb91b28d2c751e548f60d406de5c3cbb235e47e232014abdebcdc058,android.amazon.perm,android.uid.system,158,false,true,PROTECTED_BROADCAST:com.amazon.device.ACTION_ACTIVE_PROFILE_UPDATED
/Users/bob/Documents/Codex/2026-08-03-fire-os-7-framework-amazon-fire/artifacts/phase6ac/android-amazon-perm-device-20260805-01/android.amazon.perm.apk,5b72bdfcfb91b28d2c751e548f60d406de5c3cbb235e47e232014abdebcdc058,android.amazon.perm,android.uid.system,158,false,true,PROTECTED_BROADCAST:com.amazon.tv.settings.v2.HUD_APPEARANCE
/Users/bob/Documents/Codex/2026-08-03-fire-os-7-framework-amazon-fire/artifacts/phase6ac/android-amazon-perm-device-20260805-01/android.amazon.perm.apk,5b72bdfcfb91b28d2c751e548f60d406de5c3cbb235e47e232014abdebcdc058,android.amazon.perm,android.uid.system,158,false,true,PROTECTED_BROADCAST:com.amazon.tv.settings.v2.HUD_DISMISSAL
/Users/bob/Documents/Codex/2026-08-03-fire-os-7-framework-amazon-fire/artifacts/phase6ac/android-amazon-perm-device-20260805-01/android.amazon.perm.apk,5b72bdfcfb91b28d2c751e548f60d406de5c3cbb235e47e232014abdebcdc058,android.amazon.perm,android.uid.system,158,false,true,PROTECTED_BROADCAST:com.amazon.logan.ACTION_PROFILE_ENROLLED
/Users/bob/Documents/Codex/2026-08-03-fire-os-7-framework-amazon-fire/artifacts/phase6ac/android-amazon-perm-device-20260805-01/android.amazon.perm.apk,5b72bdfcfb91b28d2c751e548f60d406de5c3cbb235e47e232014abdebcdc058,android.amazon.perm,android.uid.system,158,false,true,PROTECTED_BROADCAST:com.amazon.logan.ACTION_PROFILE_UNENROLLED
/Users/bob/Documents/Codex/2026-08-03-fire-os-7-framework-amazon-fire/artifacts/phase6ac/android-amazon-perm-device-20260805-01/android.amazon.perm.apk,5b72bdfcfb91b28d2c751e548f60d406de5c3cbb235e47e232014abdebcdc058,android.amazon.perm,android.uid.system,158,false,true,PROTECTED_BROADCAST:com.amazon.logan.ACTION_PROFILE_REMOVED
/Users/bob/Documents/Codex/2026-08-03-fire-os-7-framework-amazon-fire/artifacts/phase6ac/android-amazon-perm-device-20260805-01/android.amazon.perm.apk,5b72bdfcfb91b28d2c751e548f60d406de5c3cbb235e47e232014abdebcdc058,android.amazon.perm,android.uid.system,158,false,true,PROTECTED_BROADCAST:com.amazon.device.ACTION_CHILD_PARTNER_KEY_EVENT
/Users/bob/Documents/Codex/2026-08-03-fire-os-7-framework-amazon-fire/artifacts/phase6ac/android-amazon-perm-device-20260805-01/android.amazon.perm.apk,5b72bdfcfb91b28d2c751e548f60d406de5c3cbb235e47e232014abdebcdc058,android.amazon.perm,android.uid.system,158,false,true,PROTECTED_BROADCAST:com.amazon.device.ACTION_ADULT_PARTNER_KEY_EVENT
/Users/bob/Documents/Codex/2026-08-03-fire-os-7-framework-amazon-fire/artifacts/phase6ac/android-amazon-perm-device-20260805-01/android.amazon.perm.apk,5b72bdfcfb91b28d2c751e548f60d406de5c3cbb235e47e232014abdebcdc058,android.amazon.perm,android.uid.system,158,false,true,PROTECTED_BROADCAST:com.amazon.device.ACTION_NONENABLED_APP_LAUNCH
/Users/bob/Documents/Codex/2026-08-03-fire-os-7-framework-amazon-fire/artifacts/phase6ac/android-amazon-perm-device-20260805-01/android.amazon.perm.apk,5b72bdfcfb91b28d2c751e548f60d406de5c3cbb235e47e232014abdebcdc058,android.amazon.perm,android.uid.system,158,false,true,PROTECTED_BROADCAST:com.amazon.device.ACTION_AWAKE_WITH_COOKIECONSENT_DISABLED_EVENT
/Users/bob/Documents/Codex/2026-08-03-fire-os-7-framework-amazon-fire/artifacts/phase6ac/android-amazon-perm-device-20260805-01/android.amazon.perm.apk,5b72bdfcfb91b28d2c751e548f60d406de5c3cbb235e47e232014abdebcdc058,android.amazon.perm,android.uid.system,158,false,true,PROTECTED_BROADCAST:com.amazon.action.TVINPUT_ADDED
/Users/bob/Documents/Codex/2026-08-03-fire-os-7-framework-amazon-fire/artifacts/phase6ac/android-amazon-perm-device-20260805-01/android.amazon.perm.apk,5b72bdfcfb91b28d2c751e548f60d406de5c3cbb235e47e232014abdebcdc058,android.amazon.perm,android.uid.system,158,false,true,PROTECTED_BROADCAST:com.amazon.action.TVINPUT_REMOVED
/Users/bob/Documents/Codex/2026-08-03-fire-os-7-framework-amazon-fire/artifacts/phase6ac/android-amazon-perm-device-20260805-01/android.amazon.perm.apk,5b72bdfcfb91b28d2c751e548f60d406de5c3cbb235e47e232014abdebcdc058,android.amazon.perm,android.uid.system,158,false,true,PROTECTED_BROADCAST:com.amazon.action.TVINPUT_UPDATED
/Users/bob/Documents/Codex/2026-08-03-fire-os-7-framework-amazon-fire/artifacts/phase6ac/android-amazon-perm-device-20260805-01/android.amazon.perm.apk,5b72bdfcfb91b28d2c751e548f60d406de5c3cbb235e47e232014abdebcdc058,android.amazon.perm,android.uid.system,158,false,true,PROTECTED_BROADCAST:com.amazon.action.TVINPUT_CHANGED
/Users/bob/Documents/Codex/2026-08-03-fire-os-7-framework-amazon-fire/artifacts/phase6ac/android-amazon-perm-device-20260805-01/android.amazon.perm.apk,5b72bdfcfb91b28d2c751e548f60d406de5c3cbb235e47e232014abdebcdc058,android.amazon.perm,android.uid.system,158,false,true,PROTECTED_BROADCAST:com.amazon.action.AMAZON_INPUTS_ADDED
/Users/bob/Documents/Codex/2026-08-03-fire-os-7-framework-amazon-fire/artifacts/phase6ac/android-amazon-perm-device-20260805-01/android.amazon.perm.apk,5b72bdfcfb91b28d2c751e548f60d406de5c3cbb235e47e232014abdebcdc058,android.amazon.perm,android.uid.system,158,false,true,PROTECTED_BROADCAST:com.amazon.action.AMAZON_INPUT_SWITCHED_TO
/Users/bob/Documents/Codex/2026-08-03-fire-os-7-framework-amazon-fire/artifacts/phase6ac/android-amazon-perm-device-20260805-01/android.amazon.perm.apk,5b72bdfcfb91b28d2c751e548f60d406de5c3cbb235e47e232014abdebcdc058,android.amazon.perm,android.uid.system,158,false,true,PROTECTED_BROADCAST:com.amazon.action.AMAZON_INPUT_CHANGED
/Users/bob/Documents/Codex/2026-08-03-fire-os-7-framework-amazon-fire/artifacts/phase6ac/android-amazon-perm-device-20260805-01/android.amazon.perm.apk,5b72bdfcfb91b28d2c751e548f60d406de5c3cbb235e47e232014abdebcdc058,android.amazon.perm,android.uid.system,158,false,true,PROTECTED_BROADCAST:com.amazon.action.SCREEN_ON
/Users/bob/Documents/Codex/2026-08-03-fire-os-7-framework-amazon-fire/artifacts/phase6ac/android-amazon-perm-device-20260805-01/android.amazon.perm.apk,5b72bdfcfb91b28d2c751e548f60d406de5c3cbb235e47e232014abdebcdc058,android.amazon.perm,android.uid.system,158,false,true,PROTECTED_BROADCAST:com.amazon.action.SCREEN_OFF
/Users/bob/Documents/Codex/2026-08-03-fire-os-7-framework-amazon-fire/artifacts/phase6ac/android-amazon-perm-device-20260805-01/android.amazon.perm.apk,5b72bdfcfb91b28d2c751e548f60d406de5c3cbb235e47e232014abdebcdc058,android.amazon.perm,android.uid.system,158,false,true,PROTECTED_BROADCAST:com.amazon.action.AUDIO_MODE_CHANGED
/Users/bob/Documents/Codex/2026-08-03-fire-os-7-framework-amazon-fire/artifacts/phase6ac/android-amazon-perm-device-20260805-01/android.amazon.perm.apk,5b72bdfcfb91b28d2c751e548f60d406de5c3cbb235e47e232014abdebcdc058,android.amazon.perm,android.uid.system,158,false,true,PROTECTED_BROADCAST:com.amazon.action.AUDIO_SERVER_RESTARTED
/Users/bob/Documents/Codex/2026-08-03-fire-os-7-framework-amazon-fire/artifacts/phase6ac/android-amazon-perm-device-20260805-01/android.amazon.perm.apk,5b72bdfcfb91b28d2c751e548f60d406de5c3cbb235e47e232014abdebcdc058,android.amazon.perm,android.uid.system,158,false,true,PROTECTED_BROADCAST:com.amazon.logan.settings.TOGGLE_ON_OFF
/Users/bob/Documents/Codex/2026-08-03-fire-os-7-framework-amazon-fire/artifacts/phase6ac/android-amazon-perm-device-20260805-01/android.amazon.perm.apk,5b72bdfcfb91b28d2c751e548f60d406de5c3cbb235e47e232014abdebcdc058,android.amazon.perm,android.uid.system,158,false,true,PROTECTED_BROADCAST:com.amazon.accessibility.RECORD_COMPONENT_GESTURE_COUNTS
/Users/bob/Documents/Codex/2026-08-03-fire-os-7-framework-amazon-fire/artifacts/phase6ac/android-amazon-perm-device-20260805-01/android.amazon.perm.apk,5b72bdfcfb91b28d2c751e548f60d406de5c3cbb235e47e232014abdebcdc058,android.amazon.perm,android.uid.system,158,false,true,PROTECTED_BROADCAST:amazon.intent.action.SCREEN_STATE_CHANGED
/Users/bob/Documents/Codex/2026-08-03-fire-os-7-framework-amazon-fire/artifacts/phase6ac/android-amazon-perm-device-20260805-01/android.amazon.perm.apk,5b72bdfcfb91b28d2c751e548f60d406de5c3cbb235e47e232014abdebcdc058,android.amazon.perm,android.uid.system,158,false,true,PROTECTED_BROADCAST:com.amazon.tv.action.TV_TERRESTRIAL_PRESSED
/Users/bob/Documents/Codex/2026-08-03-fire-os-7-framework-amazon-fire/artifacts/phase6ac/android-amazon-perm-device-20260805-01/android.amazon.perm.apk,5b72bdfcfb91b28d2c751e548f60d406de5c3cbb235e47e232014abdebcdc058,android.amazon.perm,android.uid.system,158,false,true,PROTECTED_BROADCAST:com.amazon.tv.action.TV_SATELLITE_BS_CS_PRESSED
/Users/bob/Documents/Codex/2026-08-03-fire-os-7-framework-amazon-fire/artifacts/phase6ac/android-amazon-perm-device-20260805-01/android.amazon.perm.apk,5b72bdfcfb91b28d2c751e548f60d406de5c3cbb235e47e232014abdebcdc058,android.amazon.perm,android.uid.system,158,false,true,PROTECTED_BROADCAST:com.amazon.tv.action.TV_4K_SATELLITE_PRESSED
/Users/bob/Documents/Codex/2026-08-03-fire-os-7-framework-amazon-fire/artifacts/phase6ac/android-amazon-perm-device-20260805-01/android.amazon.perm.apk,5b72bdfcfb91b28d2c751e548f60d406de5c3cbb235e47e232014abdebcdc058,android.amazon.perm,android.uid.system,158,false,true,PROTECTED_BROADCAST:com.amazon.tv.action.SETTINGS_PRESSED
/Users/bob/Documents/Codex/2026-08-03-fire-os-7-framework-amazon-fire/artifacts/phase6ac/android-amazon-perm-device-20260805-01/android.amazon.perm.apk,5b72bdfcfb91b28d2c751e548f60d406de5c3cbb235e47e232014abdebcdc058,android.amazon.perm,android.uid.system,158,false,true,PROTECTED_BROADCAST:com.amazon.tv.action.TV_TERRESTRIAL_DIGITAL_PRESSED
/Users/bob/Documents/Codex/2026-08-03-fire-os-7-framework-amazon-fire/artifacts/phase6ac/android-amazon-perm-device-20260805-01/android.amazon.perm.apk,5b72bdfcfb91b28d2c751e548f60d406de5c3cbb235e47e232014abdebcdc058,android.amazon.perm,android.uid.system,158,false,true,PROTECTED_BROADCAST:com.amazon.tv.action.TV_SATELLITE_BS_PRESSED
/Users/bob/Documents/Codex/2026-08-03-fire-os-7-framework-amazon-fire/artifacts/phase6ac/android-amazon-perm-device-20260805-01/android.amazon.perm.apk,5b72bdfcfb91b28d2c751e548f60d406de5c3cbb235e47e232014abdebcdc058,android.amazon.perm,android.uid.system,158,false,true,PROTECTED_BROADCAST:com.amazon.tv.action.TV_SATELLITE_CS_PRESSED
/Users/bob/Documents/Codex/2026-08-03-fire-os-7-framework-amazon-fire/artifacts/phase6ac/android-amazon-perm-device-20260805-01/android.amazon.perm.apk,5b72bdfcfb91b28d2c751e548f60d406de5c3cbb235e47e232014abdebcdc058,android.amazon.perm,android.uid.system,158,false,true,PROTECTED_BROADCAST:amazon.intent.COOKIE_CONSENT_REQUIRED
/Users/bob/Documents/Codex/2026-08-03-fire-os-7-framework-amazon-fire/artifacts/phase6ac/android-amazon-perm-device-20260805-01/android.amazon.perm.apk,5b72bdfcfb91b28d2c751e548f60d406de5c3cbb235e47e232014abdebcdc058,android.amazon.perm,android.uid.system,158,false,true,PROTECTED_BROADCAST:com.amazon.action.ACTIVITY_ABORT
/Users/bob/Documents/Codex/2026-08-03-fire-os-7-framework-amazon-fire/artifacts/phase6ac/android-amazon-perm-device-20260805-01/android.amazon.perm.apk,5b72bdfcfb91b28d2c751e548f60d406de5c3cbb235e47e232014abdebcdc058,android.amazon.perm,android.uid.system,158,false,true,PROTECTED_BROADCAST:amazon.intent.action.LAUNCH_ALEXA_MUSIC_RECENTLY_PLAYED
/Users/bob/Documents/Codex/2026-08-03-fire-os-7-framework-amazon-fire/artifacts/phase6ac/android-amazon-perm-device-20260805-01/android.amazon.perm.apk,5b72bdfcfb91b28d2c751e548f60d406de5c3cbb235e47e232014abdebcdc058,android.amazon.perm,android.uid.system,158,false,true,PROTECTED_BROADCAST:amazon.ad.id.update.notification
/Users/bob/Documents/Codex/2026-08-03-fire-os-7-framework-amazon-fire/artifacts/phase6ac/android-amazon-perm-device-20260805-01/android.amazon.perm.apk,5b72bdfcfb91b28d2c751e548f60d406de5c3cbb235e47e232014abdebcdc058,android.amazon.perm,android.uid.system,158,false,true,PROTECTED_BROADCAST:com.amazon.android.server.ads.identifier.HYBRID_AD_ID_UPDATE
/Users/bob/Documents/Codex/2026-08-03-fire-os-7-framework-amazon-fire/artifacts/phase6it-device-sync-20260807-01/system/priv-app/com.amazon.device.sync/com.amazon.device.sync.apk,743649811a74b5943d7a815b5301153dfeb5f6220b7948e7909824ed243875aa,com.amazon.device.sync,NOT_OBSERVED,0,false,false,OK
/Users/bob/Documents/Codex/2026-08-03-fire-os-7-framework-amazon-fire/artifacts/phase6it-missing-priv-apps-20260807-01/system/priv-app/AmazonPlatform-release/AmazonPlatform-release.apk,976aa331adacb3bd0c3aba3c669f53cc67fc7343f32428df4817dc33ff2c7faa,com.amazon.platform,NOT_OBSERVED,0,false,false,OK
/Users/bob/Documents/Codex/2026-08-03-fire-os-7-framework-amazon-fire/artifacts/phase6it-missing-priv-apps-20260807-01/system/priv-app/com.amazon.dcpms.fos.service/com.amazon.dcpms.fos.service.apk,15ca17549bc377360d9213eb95b5e0468d1352839386e1d968bcb25282218997,com.amazon.dcpms.fos.service,NOT_OBSERVED,0,false,false,OK
/Users/bob/Documents/Codex/2026-08-03-fire-os-7-framework-amazon-fire/artifacts/phase6it-missing-priv-apps-20260807-01/system/priv-app/com.amazon.device.backup/com.amazon.device.backup.apk,a883f5ddf47aac299901ad7a8037e058af6eef8ddce79b6434492f7507d54585,com.amazon.device.backup,NOT_OBSERVED,0,false,false,OK
/Users/bob/Documents/Codex/2026-08-03-fire-os-7-framework-amazon-fire/artifacts/phase6it-missing-priv-apps-20260807-01/system/priv-app/com.amazon.kindle.rdmdeviceadmin/com.amazon.kindle.rdmdeviceadmin.apk,dfe5cb1d673e524c305c79a789c9ebbfa47eb2e9f95875780c17a6858a4247a5,com.amazon.kindle.rdmdeviceadmin,NOT_OBSERVED,0,false,false,OK
/Users/bob/Documents/Codex/2026-08-03-fire-os-7-framework-amazon-fire/artifacts/phase6it-missing-system-apps-20260807-01-files/system/priv-app/FireOsMiddlewareDebugApp/FireOsMiddlewareDebugApp.apk,263ea61be0acd0005cf53f887f3b8a199fdfd189d4b50f25adb4bdacc53fff35,com.amazon.dcp,NOT_OBSERVED,0,false,false,OK
/Users/bob/Documents/Codex/2026-08-03-fire-os-7-framework-amazon-fire/artifacts/phase6it-missing-system-apps-20260807-01-files/system/priv-app/FireRecessProxy/FireRecessProxy.apk,d487465269cd34be0ff1f361efd4ef5c39211e010e23ae3db5bfae1425892815,com.amazon.recess,NOT_OBSERVED,0,false,false,OK
/Users/bob/Documents/Codex/2026-08-03-fire-os-7-framework-amazon-fire/artifacts/phase6it-missing-system-apps-20260807-01-files/system/priv-app/com.amazon.fireinputdevices/com.amazon.fireinputdevices.apk,5d77379399c28456b2d4b1035b9e2630fa68ac8700a035b6ca2ebedb52337b4c,com.amazon.fireinputdevices,NOT_OBSERVED,0,false,false,OK
/Users/bob/Documents/Codex/2026-08-03-fire-os-7-framework-amazon-fire/artifacts/phase6it-missing-system-apps-20260807-01-files/system/priv-app/com.amazon.firespotlight/com.amazon.firespotlight.apk,e4d4b0e893262def562d0622ecda5ccabbb87c93228c8db8f4bbeffdd5d4c57a,com.amazon.firespotlight,NOT_OBSERVED,0,false,false,OK
/Users/bob/Documents/Codex/2026-08-03-fire-os-7-framework-amazon-fire/artifacts/phase6it-missing-system-apps-20260807-01-files/system/priv-app/com.amazon.h2clientservice/com.amazon.h2clientservice.apk,b1def31c9b1ba2aa8064d31d18e294a9b60e5a98a06a1ec657ad115a08f1850b,com.amazon.alta.h2clientservice,NOT_OBSERVED,0,false,false,OK
/Users/bob/Documents/Codex/2026-08-03-fire-os-7-framework-amazon-fire/artifacts/phase6j/ota-additional-holders-device-20260805-01/FireApplicationCompatibilityEnforcerSDK.apk,eeaaf086847fdb4d878d9eef108aa95442960dc49efc589ff231b7f5b25530bf,com.amazon.application.compatibility.enforcer.sdk.library,NOT_OBSERVED,0,false,false,OK
/Users/bob/Documents/Codex/2026-08-03-fire-os-7-framework-amazon-fire/artifacts/phase6j/ota-additional-holders-device-20260805-01/com_amazon_application_compatibility_enforcer.apk,e0f27244b1942ffc8c0deb07c6c11ebfa51b0ea586421c030129ebba284538fc,com.amazon.application.compatibility.enforcer,NOT_OBSERVED,0,false,false,OK
/Users/bob/Documents/Codex/2026-08-03-fire-os-7-framework-amazon-fire/artifacts/phase6j/ota-additional-holders-device-20260805-01/com_amazon_diode.apk,1bd9788b1aaae81c600991f3a88db0fa971d5a4265dc1e0cd4206b3ba2f8ca70,com.amazon.diode,NOT_OBSERVED,0,false,false,OK
/Users/bob/Documents/Codex/2026-08-03-fire-os-7-framework-amazon-fire/artifacts/phase6j/ota-additional-holders-device-20260805-01/com_amazon_kor_demo.apk,975cad513f5830c35310577170da3f3c08f5514826c8e9e16b11ca3abf6b5542,com.amazon.kor.demo,NOT_OBSERVED,0,false,false,OK
/Users/bob/Documents/Codex/2026-08-03-fire-os-7-framework-amazon-fire/artifacts/phase6j/ota-additional-holders-device-20260805-01/com_amazon_tahoe.apk,49934edcaae1f678441b9651164a484523d1e496f659c61651310f9bde8a6581,com.amazon.tahoe,NOT_OBSERVED,0,false,false,OK
/Users/bob/Documents/Codex/2026-08-03-fire-os-7-framework-amazon-fire/artifacts/phase6j/ota-alexa-system-ota-device-20260805-01/com.amazon.alexa.multimodal.gemini.apk,3824f5f6a8ef2e6c8cb30dceaf3ea145c9757760c9f24731dcdf40f7e2c4dd20,com.amazon.alexa.multimodal.gemini,NOT_OBSERVED,0,false,false,OK
/Users/bob/Documents/Codex/2026-08-03-fire-os-7-framework-amazon-fire/artifacts/phase6j/ota-apk-ps7331-device-20260805-01/DeviceSoftwareOTA.apk,35b2cd7ab72549277b691e603039a155d26a9a850c753f80c7cda968053c88ce,com.amazon.device.software.ota,com.amazon.device.software.ota,0,false,false,OK
/Users/bob/Documents/Codex/2026-08-03-fire-os-7-framework-amazon-fire/artifacts/phase6j/ota-contracts-ps7331-device-20260805-01/DeviceSoftwareOTAContracts.apk,815e38eb47f6d9090087f9a399e1d9e5aebd1aefc441d9a82128e4f92f76685c,com.amazon.dcp.contracts.library,NOT_OBSERVED,0,false,false,OK
/Users/bob/Documents/Codex/2026-08-03-fire-os-7-framework-amazon-fire/artifacts/phase6j/ota-controller-holders-static-20260805-01/com_amazon_dcp.apk,263ea61be0acd0005cf53f887f3b8a199fdfd189d4b50f25adb4bdacc53fff35,com.amazon.dcp,NOT_OBSERVED,0,false,false,OK
/Users/bob/Documents/Codex/2026-08-03-fire-os-7-framework-amazon-fire/artifacts/phase6j/ota-controller-holders-static-20260805-01/com_amazon_kindle_otter_oobe_forced_ota.apk,63cc2b0fd1543f688851b1f5621f6636201e3d81398644eaea3d794cda57360b,com.amazon.kindle.otter.oobe.forced.ota,NOT_OBSERVED,0,false,false,OK
/Users/bob/Documents/Codex/2026-08-03-fire-os-7-framework-amazon-fire/artifacts/phase6j/ota-controller-holders-static-20260805-01/com_amazon_ssmsys.apk,58425c0112cf6820875d94d6bc859482a7f3ba5bc61dac18e974e4b023c18a70,com.amazon.ssmsys,NOT_OBSERVED,0,false,false,OK
/Users/bob/Documents/Codex/2026-08-03-fire-os-7-framework-amazon-fire/artifacts/phase6j/ota-oobe-ps7331-device-20260805-01/com.amazon.kindle.otter.oobe.apk,6f8cfbeadbb777c98384ae976f875f11fdaf605dd10741674d772d7c43fe4d83,com.amazon.kindle.otter.oobe,NOT_OBSERVED,0,false,true,OK
/Users/bob/Documents/Codex/2026-08-03-fire-os-7-framework-amazon-fire/firmware/extracted/PS7331/selected/system/framework/framework-res.apk,7a405abe0f721719cb5d8a280ac551f86880a70227d923e04dd922109ce8a35e,android,android.uid.system,469,false,false,OK
/Users/bob/Documents/Codex/2026-08-03-fire-os-7-framework-amazon-fire/firmware/extracted/PS7331/selected/system/framework/framework-res.apk,7a405abe0f721719cb5d8a280ac551f86880a70227d923e04dd922109ce8a35e,android,android.uid.system,469,false,false,PROTECTED_BROADCAST:android.intent.action.SCREEN_OFF
/Users/bob/Documents/Codex/2026-08-03-fire-os-7-framework-amazon-fire/firmware/extracted/PS7331/selected/system/framework/framework-res.apk,7a405abe0f721719cb5d8a280ac551f86880a70227d923e04dd922109ce8a35e,android,android.uid.system,469,false,false,PROTECTED_BROADCAST:android.intent.action.SCREEN_ON
/Users/bob/Documents/Codex/2026-08-03-fire-os-7-framework-amazon-fire/firmware/extracted/PS7331/selected/system/framework/framework-res.apk,7a405abe0f721719cb5d8a280ac551f86880a70227d923e04dd922109ce8a35e,android,android.uid.system,469,false,false,PROTECTED_BROADCAST:android.intent.action.USER_PRESENT
/Users/bob/Documents/Codex/2026-08-03-fire-os-7-framework-amazon-fire/firmware/extracted/PS7331/selected/system/framework/framework-res.apk,7a405abe0f721719cb5d8a280ac551f86880a70227d923e04dd922109ce8a35e,android,android.uid.system,469,false,false,PROTECTED_BROADCAST:android.intent.action.THERMAL_POLICY_STATE_ZERO
/Users/bob/Documents/Codex/2026-08-03-fire-os-7-framework-amazon-fire/firmware/extracted/PS7331/selected/system/framework/framework-res.apk,7a405abe0f721719cb5d8a280ac551f86880a70227d923e04dd922109ce8a35e,android,android.uid.system,469,false,false,PROTECTED_BROADCAST:android.intent.action.TIME_SET
/Users/bob/Documents/Codex/2026-08-03-fire-os-7-framework-amazon-fire/firmware/extracted/PS7331/selected/system/framework/framework-res.apk,7a405abe0f721719cb5d8a280ac551f86880a70227d923e04dd922109ce8a35e,android,android.uid.system,469,false,false,PROTECTED_BROADCAST:android.intent.action.TIME_TICK
/Users/bob/Documents/Codex/2026-08-03-fire-os-7-framework-amazon-fire/firmware/extracted/PS7331/selected/system/framework/framework-res.apk,7a405abe0f721719cb5d8a280ac551f86880a70227d923e04dd922109ce8a35e,android,android.uid.system,469,false,false,PROTECTED_BROADCAST:android.intent.action.TIMEZONE_CHANGED
/Users/bob/Documents/Codex/2026-08-03-fire-os-7-framework-amazon-fire/firmware/extracted/PS7331/selected/system/framework/framework-res.apk,7a405abe0f721719cb5d8a280ac551f86880a70227d923e04dd922109ce8a35e,android,android.uid.system,469,false,false,PROTECTED_BROADCAST:android.intent.action.DATE_CHANGED
/Users/bob/Documents/Codex/2026-08-03-fire-os-7-framework-amazon-fire/firmware/extracted/PS7331/selected/system/framework/framework-res.apk,7a405abe0f721719cb5d8a280ac551f86880a70227d923e04dd922109ce8a35e,android,android.uid.system,469,false,false,PROTECTED_BROADCAST:android.intent.action.PRE_BOOT_COMPLETED
/Users/bob/Documents/Codex/2026-08-03-fire-os-7-framework-amazon-fire/firmware/extracted/PS7331/selected/system/framework/framework-res.apk,7a405abe0f721719cb5d8a280ac551f86880a70227d923e04dd922109ce8a35e,android,android.uid.system,469,false,false,PROTECTED_BROADCAST:android.intent.action.BOOT_COMPLETED
/Users/bob/Documents/Codex/2026-08-03-fire-os-7-framework-amazon-fire/firmware/extracted/PS7331/selected/system/framework/framework-res.apk,7a405abe0f721719cb5d8a280ac551f86880a70227d923e04dd922109ce8a35e,android,android.uid.system,469,false,false,PROTECTED_BROADCAST:android.intent.action.PACKAGE_INSTALL
/Users/bob/Documents/Codex/2026-08-03-fire-os-7-framework-amazon-fire/firmware/extracted/PS7331/selected/system/framework/framework-res.apk,7a405abe0f721719cb5d8a280ac551f86880a70227d923e04dd922109ce8a35e,android,android.uid.system,469,false,false,PROTECTED_BROADCAST:android.intent.action.PACKAGE_ADDED
/Users/bob/Documents/Codex/2026-08-03-fire-os-7-framework-amazon-fire/firmware/extracted/PS7331/selected/system/framework/framework-res.apk,7a405abe0f721719cb5d8a280ac551f86880a70227d923e04dd922109ce8a35e,android,android.uid.system,469,false,false,PROTECTED_BROADCAST:android.intent.action.PACKAGE_REPLACED
/Users/bob/Documents/Codex/2026-08-03-fire-os-7-framework-amazon-fire/firmware/extracted/PS7331/selected/system/framework/framework-res.apk,7a405abe0f721719cb5d8a280ac551f86880a70227d923e04dd922109ce8a35e,android,android.uid.system,469,false,false,PROTECTED_BROADCAST:android.intent.action.MY_PACKAGE_REPLACED
/Users/bob/Documents/Codex/2026-08-03-fire-os-7-framework-amazon-fire/firmware/extracted/PS7331/selected/system/framework/framework-res.apk,7a405abe0f721719cb5d8a280ac551f86880a70227d923e04dd922109ce8a35e,android,android.uid.system,469,false,false,PROTECTED_BROADCAST:android.intent.action.PACKAGE_REMOVED
/Users/bob/Documents/Codex/2026-08-03-fire-os-7-framework-amazon-fire/firmware/extracted/PS7331/selected/system/framework/framework-res.apk,7a405abe0f721719cb5d8a280ac551f86880a70227d923e04dd922109ce8a35e,android,android.uid.system,469,false,false,PROTECTED_BROADCAST:android.intent.action.PACKAGE_FULLY_REMOVED
/Users/bob/Documents/Codex/2026-08-03-fire-os-7-framework-amazon-fire/firmware/extracted/PS7331/selected/system/framework/framework-res.apk,7a405abe0f721719cb5d8a280ac551f86880a70227d923e04dd922109ce8a35e,android,android.uid.system,469,false,false,PROTECTED_BROADCAST:android.intent.action.PACKAGE_CHANGED
/Users/bob/Documents/Codex/2026-08-03-fire-os-7-framework-amazon-fire/firmware/extracted/PS7331/selected/system/framework/framework-res.apk,7a405abe0f721719cb5d8a280ac551f86880a70227d923e04dd922109ce8a35e,android,android.uid.system,469,false,false,PROTECTED_BROADCAST:android.intent.action.PACKAGE_RESTARTED
/Users/bob/Documents/Codex/2026-08-03-fire-os-7-framework-amazon-fire/firmware/extracted/PS7331/selected/system/framework/framework-res.apk,7a405abe0f721719cb5d8a280ac551f86880a70227d923e04dd922109ce8a35e,android,android.uid.system,469,false,false,PROTECTED_BROADCAST:android.intent.action.PACKAGE_DATA_CLEARED
/Users/bob/Documents/Codex/2026-08-03-fire-os-7-framework-amazon-fire/firmware/extracted/PS7331/selected/system/framework/framework-res.apk,7a405abe0f721719cb5d8a280ac551f86880a70227d923e04dd922109ce8a35e,android,android.uid.system,469,false,false,PROTECTED_BROADCAST:android.intent.action.PACKAGE_FIRST_LAUNCH
/Users/bob/Documents/Codex/2026-08-03-fire-os-7-framework-amazon-fire/firmware/extracted/PS7331/selected/system/framework/framework-res.apk,7a405abe0f721719cb5d8a280ac551f86880a70227d923e04dd922109ce8a35e,android,android.uid.system,469,false,false,PROTECTED_BROADCAST:android.intent.action.PACKAGE_NEEDS_VERIFICATION
/Users/bob/Documents/Codex/2026-08-03-fire-os-7-framework-amazon-fire/firmware/extracted/PS7331/selected/system/framework/framework-res.apk,7a405abe0f721719cb5d8a280ac551f86880a70227d923e04dd922109ce8a35e,android,android.uid.system,469,false,false,PROTECTED_BROADCAST:android.intent.action.PACKAGE_VERIFIED
/Users/bob/Documents/Codex/2026-08-03-fire-os-7-framework-amazon-fire/firmware/extracted/PS7331/selected/system/framework/framework-res.apk,7a405abe0f721719cb5d8a280ac551f86880a70227d923e04dd922109ce8a35e,android,android.uid.system,469,false,false,PROTECTED_BROADCAST:android.intent.action.PACKAGES_SUSPENDED
/Users/bob/Documents/Codex/2026-08-03-fire-os-7-framework-amazon-fire/firmware/extracted/PS7331/selected/system/framework/framework-res.apk,7a405abe0f721719cb5d8a280ac551f86880a70227d923e04dd922109ce8a35e,android,android.uid.system,469,false,false,PROTECTED_BROADCAST:android.intent.action.PACKAGES_UNSUSPENDED
/Users/bob/Documents/Codex/2026-08-03-fire-os-7-framework-amazon-fire/firmware/extracted/PS7331/selected/system/framework/framework-res.apk,7a405abe0f721719cb5d8a280ac551f86880a70227d923e04dd922109ce8a35e,android,android.uid.system,469,false,false,PROTECTED_BROADCAST:android.intent.action.ACTION_PREFERRED_ACTIVITY_CHANGED
/Users/bob/Documents/Codex/2026-08-03-fire-os-7-framework-amazon-fire/firmware/extracted/PS7331/selected/system/framework/framework-res.apk,7a405abe0f721719cb5d8a280ac551f86880a70227d923e04dd922109ce8a35e,android,android.uid.system,469,false,false,PROTECTED_BROADCAST:android.intent.action.UID_REMOVED
/Users/bob/Documents/Codex/2026-08-03-fire-os-7-framework-amazon-fire/firmware/extracted/PS7331/selected/system/framework/framework-res.apk,7a405abe0f721719cb5d8a280ac551f86880a70227d923e04dd922109ce8a35e,android,android.uid.system,469,false,false,PROTECTED_BROADCAST:android.intent.action.QUERY_PACKAGE_RESTART
/Users/bob/Documents/Codex/2026-08-03-fire-os-7-framework-amazon-fire/firmware/extracted/PS7331/selected/system/framework/framework-res.apk,7a405abe0f721719cb5d8a280ac551f86880a70227d923e04dd922109ce8a35e,android,android.uid.system,469,false,false,PROTECTED_BROADCAST:android.intent.action.CONFIGURATION_CHANGED
/Users/bob/Documents/Codex/2026-08-03-fire-os-7-framework-amazon-fire/firmware/extracted/PS7331/selected/system/framework/framework-res.apk,7a405abe0f721719cb5d8a280ac551f86880a70227d923e04dd922109ce8a35e,android,android.uid.system,469,false,false,PROTECTED_BROADCAST:android.intent.action.SPLIT_CONFIGURATION_CHANGED
/Users/bob/Documents/Codex/2026-08-03-fire-os-7-framework-amazon-fire/firmware/extracted/PS7331/selected/system/framework/framework-res.apk,7a405abe0f721719cb5d8a280ac551f86880a70227d923e04dd922109ce8a35e,android,android.uid.system,469,false,false,PROTECTED_BROADCAST:android.intent.action.LOCALE_CHANGED
/Users/bob/Documents/Codex/2026-08-03-fire-os-7-framework-amazon-fire/firmware/extracted/PS7331/selected/system/framework/framework-res.apk,7a405abe0f721719cb5d8a280ac551f86880a70227d923e04dd922109ce8a35e,android,android.uid.system,469,false,false,PROTECTED_BROADCAST:android.intent.action.BATTERY_CHANGED
/Users/bob/Documents/Codex/2026-08-03-fire-os-7-framework-amazon-fire/firmware/extracted/PS7331/selected/system/framework/framework-res.apk,7a405abe0f721719cb5d8a280ac551f86880a70227d923e04dd922109ce8a35e,android,android.uid.system,469,false,false,PROTECTED_BROADCAST:android.intent.action.BATTERY_LEVEL_CHANGED
/Users/bob/Documents/Codex/2026-08-03-fire-os-7-framework-amazon-fire/firmware/extracted/PS7331/selected/system/framework/framework-res.apk,7a405abe0f721719cb5d8a280ac551f86880a70227d923e04dd922109ce8a35e,android,android.uid.system,469,false,false,PROTECTED_BROADCAST:android.intent.action.BATTERY_LOW
/Users/bob/Documents/Codex/2026-08-03-fire-os-7-framework-amazon-fire/firmware/extracted/PS7331/selected/system/framework/framework-res.apk,7a405abe0f721719cb5d8a280ac551f86880a70227d923e04dd922109ce8a35e,android,android.uid.system,469,false,false,PROTECTED_BROADCAST:android.intent.action.BATTERY_OKAY
/Users/bob/Documents/Codex/2026-08-03-fire-os-7-framework-amazon-fire/firmware/extracted/PS7331/selected/system/framework/framework-res.apk,7a405abe0f721719cb5d8a280ac551f86880a70227d923e04dd922109ce8a35e,android,android.uid.system,469,false,false,PROTECTED_BROADCAST:android.intent.action.ACTION_POWER_CONNECTED
/Users/bob/Documents/Codex/2026-08-03-fire-os-7-framework-amazon-fire/firmware/extracted/PS7331/selected/system/framework/framework-res.apk,7a405abe0f721719cb5d8a280ac551f86880a70227d923e04dd922109ce8a35e,android,android.uid.system,469,false,false,PROTECTED_BROADCAST:android.intent.action.ACTION_POWER_DISCONNECTED
/Users/bob/Documents/Codex/2026-08-03-fire-os-7-framework-amazon-fire/firmware/extracted/PS7331/selected/system/framework/framework-res.apk,7a405abe0f721719cb5d8a280ac551f86880a70227d923e04dd922109ce8a35e,android,android.uid.system,469,false,false,PROTECTED_BROADCAST:android.intent.action.ACTION_SHUTDOWN
/Users/bob/Documents/Codex/2026-08-03-fire-os-7-framework-amazon-fire/firmware/extracted/PS7331/selected/system/framework/framework-res.apk,7a405abe0f721719cb5d8a280ac551f86880a70227d923e04dd922109ce8a35e,android,android.uid.system,469,false,false,PROTECTED_BROADCAST:android.intent.action.CHARGING
/Users/bob/Documents/Codex/2026-08-03-fire-os-7-framework-amazon-fire/firmware/extracted/PS7331/selected/system/framework/framework-res.apk,7a405abe0f721719cb5d8a280ac551f86880a70227d923e04dd922109ce8a35e,android,android.uid.system,469,false,false,PROTECTED_BROADCAST:android.intent.action.DISCHARGING
/Users/bob/Documents/Codex/2026-08-03-fire-os-7-framework-amazon-fire/firmware/extracted/PS7331/selected/system/framework/framework-res.apk,7a405abe0f721719cb5d8a280ac551f86880a70227d923e04dd922109ce8a35e,android,android.uid.system,469,false,false,PROTECTED_BROADCAST:android.intent.action.DEVICE_STORAGE_LOW
/Users/bob/Documents/Codex/2026-08-03-fire-os-7-framework-amazon-fire/firmware/extracted/PS7331/selected/system/framework/framework-res.apk,7a405abe0f721719cb5d8a280ac551f86880a70227d923e04dd922109ce8a35e,android,android.uid.system,469,false,false,PROTECTED_BROADCAST:android.intent.action.DEVICE_STORAGE_OK
/Users/bob/Documents/Codex/2026-08-03-fire-os-7-framework-amazon-fire/firmware/extracted/PS7331/selected/system/framework/framework-res.apk,7a405abe0f721719cb5d8a280ac551f86880a70227d923e04dd922109ce8a35e,android,android.uid.system,469,false,false,PROTECTED_BROADCAST:android.intent.action.DEVICE_STORAGE_FULL
/Users/bob/Documents/Codex/2026-08-03-fire-os-7-framework-amazon-fire/firmware/extracted/PS7331/selected/system/framework/framework-res.apk,7a405abe0f721719cb5d8a280ac551f86880a70227d923e04dd922109ce8a35e,android,android.uid.system,469,false,false,PROTECTED_BROADCAST:android.intent.action.DEVICE_STORAGE_NOT_FULL
/Users/bob/Documents/Codex/2026-08-03-fire-os-7-framework-amazon-fire/firmware/extracted/PS7331/selected/system/framework/framework-res.apk,7a405abe0f721719cb5d8a280ac551f86880a70227d923e04dd922109ce8a35e,android,android.uid.system,469,false,false,PROTECTED_BROADCAST:android.intent.action.NEW_OUTGOING_CALL
/Users/bob/Documents/Codex/2026-08-03-fire-os-7-framework-amazon-fire/firmware/extracted/PS7331/selected/system/framework/framework-res.apk,7a405abe0f721719cb5d8a280ac551f86880a70227d923e04dd922109ce8a35e,android,android.uid.system,469,false,false,PROTECTED_BROADCAST:android.intent.action.REBOOT
/Users/bob/Documents/Codex/2026-08-03-fire-os-7-framework-amazon-fire/firmware/extracted/PS7331/selected/system/framework/framework-res.apk,7a405abe0f721719cb5d8a280ac551f86880a70227d923e04dd922109ce8a35e,android,android.uid.system,469,false,false,PROTECTED_BROADCAST:android.intent.action.DOCK_EVENT
/Users/bob/Documents/Codex/2026-08-03-fire-os-7-framework-amazon-fire/firmware/extracted/PS7331/selected/system/framework/framework-res.apk,7a405abe0f721719cb5d8a280ac551f86880a70227d923e04dd922109ce8a35e,android,android.uid.system,469,false,false,PROTECTED_BROADCAST:android.intent.action.THERMAL_EVENT
/Users/bob/Documents/Codex/2026-08-03-fire-os-7-framework-amazon-fire/firmware/extracted/PS7331/selected/system/framework/framework-res.apk,7a405abe0f721719cb5d8a280ac551f86880a70227d923e04dd922109ce8a35e,android,android.uid.system,469,false,false,PROTECTED_BROADCAST:android.intent.action.MASTER_CLEAR_NOTIFICATION
/Users/bob/Documents/Codex/2026-08-03-fire-os-7-framework-amazon-fire/firmware/extracted/PS7331/selected/system/framework/framework-res.apk,7a405abe0f721719cb5d8a280ac551f86880a70227d923e04dd922109ce8a35e,android,android.uid.system,469,false,false,PROTECTED_BROADCAST:android.intent.action.USER_ADDED
/Users/bob/Documents/Codex/2026-08-03-fire-os-7-framework-amazon-fire/firmware/extracted/PS7331/selected/system/framework/framework-res.apk,7a405abe0f721719cb5d8a280ac551f86880a70227d923e04dd922109ce8a35e,android,android.uid.system,469,false,false,PROTECTED_BROADCAST:android.intent.action.USER_REMOVED
/Users/bob/Documents/Codex/2026-08-03-fire-os-7-framework-amazon-fire/firmware/extracted/PS7331/selected/system/framework/framework-res.apk,7a405abe0f721719cb5d8a280ac551f86880a70227d923e04dd922109ce8a35e,android,android.uid.system,469,false,false,PROTECTED_BROADCAST:android.intent.action.USER_STARTING
/Users/bob/Documents/Codex/2026-08-03-fire-os-7-framework-amazon-fire/firmware/extracted/PS7331/selected/system/framework/framework-res.apk,7a405abe0f721719cb5d8a280ac551f86880a70227d923e04dd922109ce8a35e,android,android.uid.system,469,false,false,PROTECTED_BROADCAST:android.intent.action.USER_STARTED
/Users/bob/Documents/Codex/2026-08-03-fire-os-7-framework-amazon-fire/firmware/extracted/PS7331/selected/system/framework/framework-res.apk,7a405abe0f721719cb5d8a280ac551f86880a70227d923e04dd922109ce8a35e,android,android.uid.system,469,false,false,PROTECTED_BROADCAST:android.intent.action.USER_STOPPING
/Users/bob/Documents/Codex/2026-08-03-fire-os-7-framework-amazon-fire/firmware/extracted/PS7331/selected/system/framework/framework-res.apk,7a405abe0f721719cb5d8a280ac551f86880a70227d923e04dd922109ce8a35e,android,android.uid.system,469,false,false,PROTECTED_BROADCAST:android.intent.action.USER_STOPPED
/Users/bob/Documents/Codex/2026-08-03-fire-os-7-framework-amazon-fire/firmware/extracted/PS7331/selected/system/framework/framework-res.apk,7a405abe0f721719cb5d8a280ac551f86880a70227d923e04dd922109ce8a35e,android,android.uid.system,469,false,false,PROTECTED_BROADCAST:android.intent.action.USER_BACKGROUND
/Users/bob/Documents/Codex/2026-08-03-fire-os-7-framework-amazon-fire/firmware/extracted/PS7331/selected/system/framework/framework-res.apk,7a405abe0f721719cb5d8a280ac551f86880a70227d923e04dd922109ce8a35e,android,android.uid.system,469,false,false,PROTECTED_BROADCAST:android.intent.action.USER_FOREGROUND
/Users/bob/Documents/Codex/2026-08-03-fire-os-7-framework-amazon-fire/firmware/extracted/PS7331/selected/system/framework/framework-res.apk,7a405abe0f721719cb5d8a280ac551f86880a70227d923e04dd922109ce8a35e,android,android.uid.system,469,false,false,PROTECTED_BROADCAST:android.intent.action.USER_SWITCHED
/Users/bob/Documents/Codex/2026-08-03-fire-os-7-framework-amazon-fire/firmware/extracted/PS7331/selected/system/framework/framework-res.apk,7a405abe0f721719cb5d8a280ac551f86880a70227d923e04dd922109ce8a35e,android,android.uid.system,469,false,false,PROTECTED_BROADCAST:android.intent.action.USER_INITIALIZE
/Users/bob/Documents/Codex/2026-08-03-fire-os-7-framework-amazon-fire/firmware/extracted/PS7331/selected/system/framework/framework-res.apk,7a405abe0f721719cb5d8a280ac551f86880a70227d923e04dd922109ce8a35e,android,android.uid.system,469,false,false,PROTECTED_BROADCAST:android.intent.action.INTENT_FILTER_NEEDS_VERIFICATION
/Users/bob/Documents/Codex/2026-08-03-fire-os-7-framework-amazon-fire/firmware/extracted/PS7331/selected/system/framework/framework-res.apk,7a405abe0f721719cb5d8a280ac551f86880a70227d923e04dd922109ce8a35e,android,android.uid.system,469,false,false,PROTECTED_BROADCAST:android.intent.action.OVERLAY_ADDED
/Users/bob/Documents/Codex/2026-08-03-fire-os-7-framework-amazon-fire/firmware/extracted/PS7331/selected/system/framework/framework-res.apk,7a405abe0f721719cb5d8a280ac551f86880a70227d923e04dd922109ce8a35e,android,android.uid.system,469,false,false,PROTECTED_BROADCAST:android.intent.action.OVERLAY_CHANGED
/Users/bob/Documents/Codex/2026-08-03-fire-os-7-framework-amazon-fire/firmware/extracted/PS7331/selected/system/framework/framework-res.apk,7a405abe0f721719cb5d8a280ac551f86880a70227d923e04dd922109ce8a35e,android,android.uid.system,469,false,false,PROTECTED_BROADCAST:android.intent.action.OVERLAY_REMOVED
/Users/bob/Documents/Codex/2026-08-03-fire-os-7-framework-amazon-fire/firmware/extracted/PS7331/selected/system/framework/framework-res.apk,7a405abe0f721719cb5d8a280ac551f86880a70227d923e04dd922109ce8a35e,android,android.uid.system,469,false,false,PROTECTED_BROADCAST:android.intent.action.OVERLAY_PRIORITY_CHANGED
/Users/bob/Documents/Codex/2026-08-03-fire-os-7-framework-amazon-fire/firmware/extracted/PS7331/selected/system/framework/framework-res.apk,7a405abe0f721719cb5d8a280ac551f86880a70227d923e04dd922109ce8a35e,android,android.uid.system,469,false,false,PROTECTED_BROADCAST:android.intent.action.USER_ACTIVITY_NOTIFICATION
/Users/bob/Documents/Codex/2026-08-03-fire-os-7-framework-amazon-fire/firmware/extracted/PS7331/selected/system/framework/framework-res.apk,7a405abe0f721719cb5d8a280ac551f86880a70227d923e04dd922109ce8a35e,android,android.uid.system,469,false,false,PROTECTED_BROADCAST:android.intent.action.MY_PACKAGE_SUSPENDED
/Users/bob/Documents/Codex/2026-08-03-fire-os-7-framework-amazon-fire/firmware/extracted/PS7331/selected/system/framework/framework-res.apk,7a405abe0f721719cb5d8a280ac551f86880a70227d923e04dd922109ce8a35e,android,android.uid.system,469,false,false,PROTECTED_BROADCAST:android.intent.action.MY_PACKAGE_UNSUSPENDED
/Users/bob/Documents/Codex/2026-08-03-fire-os-7-framework-amazon-fire/firmware/extracted/PS7331/selected/system/framework/framework-res.apk,7a405abe0f721719cb5d8a280ac551f86880a70227d923e04dd922109ce8a35e,android,android.uid.system,469,false,false,PROTECTED_BROADCAST:android.app.action.MANAGED_PROFILE_PROVISIONED
/Users/bob/Documents/Codex/2026-08-03-fire-os-7-framework-amazon-fire/firmware/extracted/PS7331/selected/system/framework/framework-res.apk,7a405abe0f721719cb5d8a280ac551f86880a70227d923e04dd922109ce8a35e,android,android.uid.system,469,false,false,PROTECTED_BROADCAST:android.os.action.POWER_SAVE_MODE_CHANGED
/Users/bob/Documents/Codex/2026-08-03-fire-os-7-framework-amazon-fire/firmware/extracted/PS7331/selected/system/framework/framework-res.apk,7a405abe0f721719cb5d8a280ac551f86880a70227d923e04dd922109ce8a35e,android,android.uid.system,469,false,false,PROTECTED_BROADCAST:android.os.action.POWER_SAVE_MODE_CHANGING
/Users/bob/Documents/Codex/2026-08-03-fire-os-7-framework-amazon-fire/firmware/extracted/PS7331/selected/system/framework/framework-res.apk,7a405abe0f721719cb5d8a280ac551f86880a70227d923e04dd922109ce8a35e,android,android.uid.system,469,false,false,PROTECTED_BROADCAST:android.os.action.DEVICE_IDLE_MODE_CHANGED
/Users/bob/Documents/Codex/2026-08-03-fire-os-7-framework-amazon-fire/firmware/extracted/PS7331/selected/system/framework/framework-res.apk,7a405abe0f721719cb5d8a280ac551f86880a70227d923e04dd922109ce8a35e,android,android.uid.system,469,false,false,PROTECTED_BROADCAST:android.os.action.POWER_SAVE_WHITELIST_CHANGED
/Users/bob/Documents/Codex/2026-08-03-fire-os-7-framework-amazon-fire/firmware/extracted/PS7331/selected/system/framework/framework-res.apk,7a405abe0f721719cb5d8a280ac551f86880a70227d923e04dd922109ce8a35e,android,android.uid.system,469,false,false,PROTECTED_BROADCAST:android.os.action.POWER_SAVE_TEMP_WHITELIST_CHANGED
/Users/bob/Documents/Codex/2026-08-03-fire-os-7-framework-amazon-fire/firmware/extracted/PS7331/selected/system/framework/framework-res.apk,7a405abe0f721719cb5d8a280ac551f86880a70227d923e04dd922109ce8a35e,android,android.uid.system,469,false,false,PROTECTED_BROADCAST:android.os.action.POWER_SAVE_MODE_CHANGED_INTERNAL
/Users/bob/Documents/Codex/2026-08-03-fire-os-7-framework-amazon-fire/firmware/extracted/PS7331/selected/system/framework/framework-res.apk,7a405abe0f721719cb5d8a280ac551f86880a70227d923e04dd922109ce8a35e,android,android.uid.system,469,false,false,PROTECTED_BROADCAST:android.os.action.SCREEN_BRIGHTNESS_BOOST_CHANGED
/Users/bob/Documents/Codex/2026-08-03-fire-os-7-framework-amazon-fire/firmware/extracted/PS7331/selected/system/framework/framework-res.apk,7a405abe0f721719cb5d8a280ac551f86880a70227d923e04dd922109ce8a35e,android,android.uid.system,469,false,false,PROTECTED_BROADCAST:android.app.action.ENTER_CAR_MODE
/Users/bob/Documents/Codex/2026-08-03-fire-os-7-framework-amazon-fire/firmware/extracted/PS7331/selected/system/framework/framework-res.apk,7a405abe0f721719cb5d8a280ac551f86880a70227d923e04dd922109ce8a35e,android,android.uid.system,469,false,false,PROTECTED_BROADCAST:android.app.action.EXIT_CAR_MODE
/Users/bob/Documents/Codex/2026-08-03-fire-os-7-framework-amazon-fire/firmware/extracted/PS7331/selected/system/framework/framework-res.apk,7a405abe0f721719cb5d8a280ac551f86880a70227d923e04dd922109ce8a35e,android,android.uid.system,469,false,false,PROTECTED_BROADCAST:android.app.action.ENTER_DESK_MODE
/Users/bob/Documents/Codex/2026-08-03-fire-os-7-framework-amazon-fire/firmware/extracted/PS7331/selected/system/framework/framework-res.apk,7a405abe0f721719cb5d8a280ac551f86880a70227d923e04dd922109ce8a35e,android,android.uid.system,469,false,false,PROTECTED_BROADCAST:android.app.action.EXIT_DESK_MODE
/Users/bob/Documents/Codex/2026-08-03-fire-os-7-framework-amazon-fire/firmware/extracted/PS7331/selected/system/framework/framework-res.apk,7a405abe0f721719cb5d8a280ac551f86880a70227d923e04dd922109ce8a35e,android,android.uid.system,469,false,false,PROTECTED_BROADCAST:android.app.action.NEXT_ALARM_CLOCK_CHANGED
/Users/bob/Documents/Codex/2026-08-03-fire-os-7-framework-amazon-fire/firmware/extracted/PS7331/selected/system/framework/framework-res.apk,7a405abe0f721719cb5d8a280ac551f86880a70227d923e04dd922109ce8a35e,android,android.uid.system,469,false,false,PROTECTED_BROADCAST:android.app.action.BUGREPORT_SHARING_DECLINED
/Users/bob/Documents/Codex/2026-08-03-fire-os-7-framework-amazon-fire/firmware/extracted/PS7331/selected/system/framework/framework-res.apk,7a405abe0f721719cb5d8a280ac551f86880a70227d923e04dd922109ce8a35e,android,android.uid.system,469,false,false,PROTECTED_BROADCAST:android.app.action.BUGREPORT_FAILED
/Users/bob/Documents/Codex/2026-08-03-fire-os-7-framework-amazon-fire/firmware/extracted/PS7331/selected/system/framework/framework-res.apk,7a405abe0f721719cb5d8a280ac551f86880a70227d923e04dd922109ce8a35e,android,android.uid.system,469,false,false,PROTECTED_BROADCAST:android.app.action.BUGREPORT_SHARE
/Users/bob/Documents/Codex/2026-08-03-fire-os-7-framework-amazon-fire/firmware/extracted/PS7331/selected/system/framework/framework-res.apk,7a405abe0f721719cb5d8a280ac551f86880a70227d923e04dd922109ce8a35e,android,android.uid.system,469,false,false,PROTECTED_BROADCAST:android.app.action.SHOW_DEVICE_MONITORING_DIALOG
/Users/bob/Documents/Codex/2026-08-03-fire-os-7-framework-amazon-fire/firmware/extracted/PS7331/selected/system/framework/framework-res.apk,7a405abe0f721719cb5d8a280ac551f86880a70227d923e04dd922109ce8a35e,android,android.uid.system,469,false,false,PROTECTED_BROADCAST:android.appwidget.action.APPWIDGET_UPDATE_OPTIONS
/Users/bob/Documents/Codex/2026-08-03-fire-os-7-framework-amazon-fire/firmware/extracted/PS7331/selected/system/framework/framework-res.apk,7a405abe0f721719cb5d8a280ac551f86880a70227d923e04dd922109ce8a35e,android,android.uid.system,469,false,false,PROTECTED_BROADCAST:android.appwidget.action.APPWIDGET_DELETED
/Users/bob/Documents/Codex/2026-08-03-fire-os-7-framework-amazon-fire/firmware/extracted/PS7331/selected/system/framework/framework-res.apk,7a405abe0f721719cb5d8a280ac551f86880a70227d923e04dd922109ce8a35e,android,android.uid.system,469,false,false,PROTECTED_BROADCAST:android.appwidget.action.APPWIDGET_DISABLED
/Users/bob/Documents/Codex/2026-08-03-fire-os-7-framework-amazon-fire/firmware/extracted/PS7331/selected/system/framework/framework-res.apk,7a405abe0f721719cb5d8a280ac551f86880a70227d923e04dd922109ce8a35e,android,android.uid.system,469,false,false,PROTECTED_BROADCAST:android.appwidget.action.APPWIDGET_ENABLED
/Users/bob/Documents/Codex/2026-08-03-fire-os-7-framework-amazon-fire/firmware/extracted/PS7331/selected/system/framework/framework-res.apk,7a405abe0f721719cb5d8a280ac551f86880a70227d923e04dd922109ce8a35e,android,android.uid.system,469,false,false,PROTECTED_BROADCAST:android.appwidget.action.APPWIDGET_HOST_RESTORED
/Users/bob/Documents/Codex/2026-08-03-fire-os-7-framework-amazon-fire/firmware/extracted/PS7331/selected/system/framework/framework-res.apk,7a405abe0f721719cb5d8a280ac551f86880a70227d923e04dd922109ce8a35e,android,android.uid.system,469,false,false,PROTECTED_BROADCAST:android.appwidget.action.APPWIDGET_RESTORED
/Users/bob/Documents/Codex/2026-08-03-fire-os-7-framework-amazon-fire/firmware/extracted/PS7331/selected/system/framework/framework-res.apk,7a405abe0f721719cb5d8a280ac551f86880a70227d923e04dd922109ce8a35e,android,android.uid.system,469,false,false,PROTECTED_BROADCAST:android.os.action.SETTING_RESTORED
/Users/bob/Documents/Codex/2026-08-03-fire-os-7-framework-amazon-fire/firmware/extracted/PS7331/selected/system/framework/framework-res.apk,7a405abe0f721719cb5d8a280ac551f86880a70227d923e04dd922109ce8a35e,android,android.uid.system,469,false,false,PROTECTED_BROADCAST:android.app.backup.intent.RUN
/Users/bob/Documents/Codex/2026-08-03-fire-os-7-framework-amazon-fire/firmware/extracted/PS7331/selected/system/framework/framework-res.apk,7a405abe0f721719cb5d8a280ac551f86880a70227d923e04dd922109ce8a35e,android,android.uid.system,469,false,false,PROTECTED_BROADCAST:android.app.backup.intent.CLEAR
/Users/bob/Documents/Codex/2026-08-03-fire-os-7-framework-amazon-fire/firmware/extracted/PS7331/selected/system/framework/framework-res.apk,7a405abe0f721719cb5d8a280ac551f86880a70227d923e04dd922109ce8a35e,android,android.uid.system,469,false,false,PROTECTED_BROADCAST:android.app.backup.intent.INIT
/Users/bob/Documents/Codex/2026-08-03-fire-os-7-framework-amazon-fire/firmware/extracted/PS7331/selected/system/framework/framework-res.apk,7a405abe0f721719cb5d8a280ac551f86880a70227d923e04dd922109ce8a35e,android,android.uid.system,469,false,false,PROTECTED_BROADCAST:android.bluetooth.intent.DISCOVERABLE_TIMEOUT
/Users/bob/Documents/Codex/2026-08-03-fire-os-7-framework-amazon-fire/firmware/extracted/PS7331/selected/system/framework/framework-res.apk,7a405abe0f721719cb5d8a280ac551f86880a70227d923e04dd922109ce8a35e,android,android.uid.system,469,false,false,PROTECTED_BROADCAST:android.bluetooth.adapter.action.STATE_CHANGED
/Users/bob/Documents/Codex/2026-08-03-fire-os-7-framework-amazon-fire/firmware/extracted/PS7331/selected/system/framework/framework-res.apk,7a405abe0f721719cb5d8a280ac551f86880a70227d923e04dd922109ce8a35e,android,android.uid.system,469,false,false,PROTECTED_BROADCAST:android.bluetooth.adapter.action.SCAN_MODE_CHANGED
/Users/bob/Documents/Codex/2026-08-03-fire-os-7-framework-amazon-fire/firmware/extracted/PS7331/selected/system/framework/framework-res.apk,7a405abe0f721719cb5d8a280ac551f86880a70227d923e04dd922109ce8a35e,android,android.uid.system,469,false,false,PROTECTED_BROADCAST:android.bluetooth.adapter.action.DISCOVERY_STARTED
/Users/bob/Documents/Codex/2026-08-03-fire-os-7-framework-amazon-fire/firmware/extracted/PS7331/selected/system/framework/framework-res.apk,7a405abe0f721719cb5d8a280ac551f86880a70227d923e04dd922109ce8a35e,android,android.uid.system,469,false,false,PROTECTED_BROADCAST:android.bluetooth.adapter.action.DISCOVERY_FINISHED
/Users/bob/Documents/Codex/2026-08-03-fire-os-7-framework-amazon-fire/firmware/extracted/PS7331/selected/system/framework/framework-res.apk,7a405abe0f721719cb5d8a280ac551f86880a70227d923e04dd922109ce8a35e,android,android.uid.system,469,false,false,PROTECTED_BROADCAST:android.bluetooth.adapter.action.LOCAL_NAME_CHANGED
/Users/bob/Documents/Codex/2026-08-03-fire-os-7-framework-amazon-fire/firmware/extracted/PS7331/selected/system/framework/framework-res.apk,7a405abe0f721719cb5d8a280ac551f86880a70227d923e04dd922109ce8a35e,android,android.uid.system,469,false,false,PROTECTED_BROADCAST:android.bluetooth.adapter.action.BLUETOOTH_ADDRESS_CHANGED
/Users/bob/Documents/Codex/2026-08-03-fire-os-7-framework-amazon-fire/firmware/extracted/PS7331/selected/system/framework/framework-res.apk,7a405abe0f721719cb5d8a280ac551f86880a70227d923e04dd922109ce8a35e,android,android.uid.system,469,false,false,PROTECTED_BROADCAST:android.bluetooth.adapter.action.CONNECTION_STATE_CHANGED
/Users/bob/Documents/Codex/2026-08-03-fire-os-7-framework-amazon-fire/firmware/extracted/PS7331/selected/system/framework/framework-res.apk,7a405abe0f721719cb5d8a280ac551f86880a70227d923e04dd922109ce8a35e,android,android.uid.system,469,false,false,PROTECTED_BROADCAST:android.bluetooth.device.action.UUID
/Users/bob/Documents/Codex/2026-08-03-fire-os-7-framework-amazon-fire/firmware/extracted/PS7331/selected/system/framework/framework-res.apk,7a405abe0f721719cb5d8a280ac551f86880a70227d923e04dd922109ce8a35e,android,android.uid.system,469,false,false,PROTECTED_BROADCAST:android.bluetooth.device.action.MAS_INSTANCE
/Users/bob/Documents/Codex/2026-08-03-fire-os-7-framework-amazon-fire/firmware/extracted/PS7331/selected/system/framework/framework-res.apk,7a405abe0f721719cb5d8a280ac551f86880a70227d923e04dd922109ce8a35e,android,android.uid.system,469,false,false,PROTECTED_BROADCAST:android.bluetooth.device.action.ALIAS_CHANGED
/Users/bob/Documents/Codex/2026-08-03-fire-os-7-framework-amazon-fire/firmware/extracted/PS7331/selected/system/framework/framework-res.apk,7a405abe0f721719cb5d8a280ac551f86880a70227d923e04dd922109ce8a35e,android,android.uid.system,469,false,false,PROTECTED_BROADCAST:android.bluetooth.device.action.FOUND
/Users/bob/Documents/Codex/2026-08-03-fire-os-7-framework-amazon-fire/firmware/extracted/PS7331/selected/system/framework/framework-res.apk,7a405abe0f721719cb5d8a280ac551f86880a70227d923e04dd922109ce8a35e,android,android.uid.system,469,false,false,PROTECTED_BROADCAST:android.bluetooth.device.action.DISAPPEARED
/Users/bob/Documents/Codex/2026-08-03-fire-os-7-framework-amazon-fire/firmware/extracted/PS7331/selected/system/framework/framework-res.apk,7a405abe0f721719cb5d8a280ac551f86880a70227d923e04dd922109ce8a35e,android,android.uid.system,469,false,false,PROTECTED_BROADCAST:android.bluetooth.device.action.CLASS_CHANGED
/Users/bob/Documents/Codex/2026-08-03-fire-os-7-framework-amazon-fire/firmware/extracted/PS7331/selected/system/framework/framework-res.apk,7a405abe0f721719cb5d8a280ac551f86880a70227d923e04dd922109ce8a35e,android,android.uid.system,469,false,false,PROTECTED_BROADCAST:android.bluetooth.device.action.ACL_CONNECTED
/Users/bob/Documents/Codex/2026-08-03-fire-os-7-framework-amazon-fire/firmware/extracted/PS7331/selected/system/framework/framework-res.apk,7a405abe0f721719cb5d8a280ac551f86880a70227d923e04dd922109ce8a35e,android,android.uid.system,469,false,false,PROTECTED_BROADCAST:android.bluetooth.device.action.ACL_DISCONNECT_REQUESTED
/Users/bob/Documents/Codex/2026-08-03-fire-os-7-framework-amazon-fire/firmware/extracted/PS7331/selected/system/framework/framework-res.apk,7a405abe0f721719cb5d8a280ac551f86880a70227d923e04dd922109ce8a35e,android,android.uid.system,469,false,false,PROTECTED_BROADCAST:android.bluetooth.device.action.ACL_DISCONNECTED
/Users/bob/Documents/Codex/2026-08-03-fire-os-7-framework-amazon-fire/firmware/extracted/PS7331/selected/system/framework/framework-res.apk,7a405abe0f721719cb5d8a280ac551f86880a70227d923e04dd922109ce8a35e,android,android.uid.system,469,false,false,PROTECTED_BROADCAST:android.bluetooth.device.action.NAME_CHANGED
/Users/bob/Documents/Codex/2026-08-03-fire-os-7-framework-amazon-fire/firmware/extracted/PS7331/selected/system/framework/framework-res.apk,7a405abe0f721719cb5d8a280ac551f86880a70227d923e04dd922109ce8a35e,android,android.uid.system,469,false,false,PROTECTED_BROADCAST:android.bluetooth.device.action.BOND_STATE_CHANGED
/Users/bob/Documents/Codex/2026-08-03-fire-os-7-framework-amazon-fire/firmware/extracted/PS7331/selected/system/framework/framework-res.apk,7a405abe0f721719cb5d8a280ac551f86880a70227d923e04dd922109ce8a35e,android,android.uid.system,469,false,false,PROTECTED_BROADCAST:android.bluetooth.device.action.NAME_FAILED
/Users/bob/Documents/Codex/2026-08-03-fire-os-7-framework-amazon-fire/firmware/extracted/PS7331/selected/system/framework/framework-res.apk,7a405abe0f721719cb5d8a280ac551f86880a70227d923e04dd922109ce8a35e,android,android.uid.system,469,false,false,PROTECTED_BROADCAST:android.bluetooth.device.action.PAIRING_REQUEST
/Users/bob/Documents/Codex/2026-08-03-fire-os-7-framework-amazon-fire/firmware/extracted/PS7331/selected/system/framework/framework-res.apk,7a405abe0f721719cb5d8a280ac551f86880a70227d923e04dd922109ce8a35e,android,android.uid.system,469,false,false,PROTECTED_BROADCAST:android.bluetooth.device.action.PAIRING_CANCEL
/Users/bob/Documents/Codex/2026-08-03-fire-os-7-framework-amazon-fire/firmware/extracted/PS7331/selected/system/framework/framework-res.apk,7a405abe0f721719cb5d8a280ac551f86880a70227d923e04dd922109ce8a35e,android,android.uid.system,469,false,false,PROTECTED_BROADCAST:android.bluetooth.device.action.CONNECTION_ACCESS_REPLY
/Users/bob/Documents/Codex/2026-08-03-fire-os-7-framework-amazon-fire/firmware/extracted/PS7331/selected/system/framework/framework-res.apk,7a405abe0f721719cb5d8a280ac551f86880a70227d923e04dd922109ce8a35e,android,android.uid.system,469,false,false,PROTECTED_BROADCAST:android.bluetooth.device.action.CONNECTION_ACCESS_CANCEL
/Users/bob/Documents/Codex/2026-08-03-fire-os-7-framework-amazon-fire/firmware/extracted/PS7331/selected/system/framework/framework-res.apk,7a405abe0f721719cb5d8a280ac551f86880a70227d923e04dd922109ce8a35e,android,android.uid.system,469,false,false,PROTECTED_BROADCAST:android.bluetooth.device.action.CONNECTION_ACCESS_REQUEST
/Users/bob/Documents/Codex/2026-08-03-fire-os-7-framework-amazon-fire/firmware/extracted/PS7331/selected/system/framework/framework-res.apk,7a405abe0f721719cb5d8a280ac551f86880a70227d923e04dd922109ce8a35e,android,android.uid.system,469,false,false,PROTECTED_BROADCAST:android.bluetooth.device.action.SDP_RECORD
/Users/bob/Documents/Codex/2026-08-03-fire-os-7-framework-amazon-fire/firmware/extracted/PS7331/selected/system/framework/framework-res.apk,7a405abe0f721719cb5d8a280ac551f86880a70227d923e04dd922109ce8a35e,android,android.uid.system,469,false,false,PROTECTED_BROADCAST:android.bluetooth.device.action.BATTERY_LEVEL_CHANGED
/Users/bob/Documents/Codex/2026-08-03-fire-os-7-framework-amazon-fire/firmware/extracted/PS7331/selected/system/framework/framework-res.apk,7a405abe0f721719cb5d8a280ac551f86880a70227d923e04dd922109ce8a35e,android,android.uid.system,469,false,false,PROTECTED_BROADCAST:android.bluetooth.devicepicker.action.LAUNCH
/Users/bob/Documents/Codex/2026-08-03-fire-os-7-framework-amazon-fire/firmware/extracted/PS7331/selected/system/framework/framework-res.apk,7a405abe0f721719cb5d8a280ac551f86880a70227d923e04dd922109ce8a35e,android,android.uid.system,469,false,false,PROTECTED_BROADCAST:android.bluetooth.devicepicker.action.DEVICE_SELECTED
/Users/bob/Documents/Codex/2026-08-03-fire-os-7-framework-amazon-fire/firmware/extracted/PS7331/selected/system/framework/framework-res.apk,7a405abe0f721719cb5d8a280ac551f86880a70227d923e04dd922109ce8a35e,android,android.uid.system,469,false,false,PROTECTED_BROADCAST:android.bluetooth.headset.profile.action.CONNECTION_STATE_CHANGED
/Users/bob/Documents/Codex/2026-08-03-fire-os-7-framework-amazon-fire/firmware/extracted/PS7331/selected/system/framework/framework-res.apk,7a405abe0f721719cb5d8a280ac551f86880a70227d923e04dd922109ce8a35e,android,android.uid.system,469,false,false,PROTECTED_BROADCAST:android.bluetooth.headset.profile.action.AUDIO_STATE_CHANGED
/Users/bob/Documents/Codex/2026-08-03-fire-os-7-framework-amazon-fire/firmware/extracted/PS7331/selected/system/framework/framework-res.apk,7a405abe0f721719cb5d8a280ac551f86880a70227d923e04dd922109ce8a35e,android,android.uid.system,469,false,false,PROTECTED_BROADCAST:android.bluetooth.headset.action.VENDOR_SPECIFIC_HEADSET_EVENT
/Users/bob/Documents/Codex/2026-08-03-fire-os-7-framework-amazon-fire/firmware/extracted/PS7331/selected/system/framework/framework-res.apk,7a405abe0f721719cb5d8a280ac551f86880a70227d923e04dd922109ce8a35e,android,android.uid.system,469,false,false,PROTECTED_BROADCAST:android.bluetooth.headset.action.HF_INDICATORS_VALUE_CHANGED
/Users/bob/Documents/Codex/2026-08-03-fire-os-7-framework-amazon-fire/firmware/extracted/PS7331/selected/system/framework/framework-res.apk,7a405abe0f721719cb5d8a280ac551f86880a70227d923e04dd922109ce8a35e,android,android.uid.system,469,false,false,PROTECTED_BROADCAST:android.bluetooth.headset.profile.action.ACTIVE_DEVICE_CHANGED
/Users/bob/Documents/Codex/2026-08-03-fire-os-7-framework-amazon-fire/firmware/extracted/PS7331/selected/system/framework/framework-res.apk,7a405abe0f721719cb5d8a280ac551f86880a70227d923e04dd922109ce8a35e,android,android.uid.system,469,false,false,PROTECTED_BROADCAST:android.bluetooth.headsetclient.profile.action.CONNECTION_STATE_CHANGED
/Users/bob/Documents/Codex/2026-08-03-fire-os-7-framework-amazon-fire/firmware/extracted/PS7331/selected/system/framework/framework-res.apk,7a405abe0f721719cb5d8a280ac551f86880a70227d923e04dd922109ce8a35e,android,android.uid.system,469,false,false,PROTECTED_BROADCAST:android.bluetooth.headsetclient.profile.action.AUDIO_STATE_CHANGED
/Users/bob/Documents/Codex/2026-08-03-fire-os-7-framework-amazon-fire/firmware/extracted/PS7331/selected/system/framework/framework-res.apk,7a405abe0f721719cb5d8a280ac551f86880a70227d923e04dd922109ce8a35e,android,android.uid.system,469,false,false,PROTECTED_BROADCAST:android.bluetooth.headsetclient.profile.action.AG_EVENT
/Users/bob/Documents/Codex/2026-08-03-fire-os-7-framework-amazon-fire/firmware/extracted/PS7331/selected/system/framework/framework-res.apk,7a405abe0f721719cb5d8a280ac551f86880a70227d923e04dd922109ce8a35e,android,android.uid.system,469,false,false,PROTECTED_BROADCAST:android.bluetooth.headsetclient.profile.action.AG_CALL_CHANGED
/Users/bob/Documents/Codex/2026-08-03-fire-os-7-framework-amazon-fire/firmware/extracted/PS7331/selected/system/framework/framework-res.apk,7a405abe0f721719cb5d8a280ac551f86880a70227d923e04dd922109ce8a35e,android,android.uid.system,469,false,false,PROTECTED_BROADCAST:android.bluetooth.headsetclient.profile.action.RESULT
/Users/bob/Documents/Codex/2026-08-03-fire-os-7-framework-amazon-fire/firmware/extracted/PS7331/selected/system/framework/framework-res.apk,7a405abe0f721719cb5d8a280ac551f86880a70227d923e04dd922109ce8a35e,android,android.uid.system,469,false,false,PROTECTED_BROADCAST:android.bluetooth.headsetclient.profile.action.LAST_VTAG
/Users/bob/Documents/Codex/2026-08-03-fire-os-7-framework-amazon-fire/firmware/extracted/PS7331/selected/system/framework/framework-res.apk,7a405abe0f721719cb5d8a280ac551f86880a70227d923e04dd922109ce8a35e,android,android.uid.system,469,false,false,PROTECTED_BROADCAST:android.bluetooth.hearingaid.profile.action.CONNECTION_STATE_CHANGED
/Users/bob/Documents/Codex/2026-08-03-fire-os-7-framework-amazon-fire/firmware/extracted/PS7331/selected/system/framework/framework-res.apk,7a405abe0f721719cb5d8a280ac551f86880a70227d923e04dd922109ce8a35e,android,android.uid.system,469,false,false,PROTECTED_BROADCAST:android.bluetooth.hearingaid.profile.action.PLAYING_STATE_CHANGED
/Users/bob/Documents/Codex/2026-08-03-fire-os-7-framework-amazon-fire/firmware/extracted/PS7331/selected/system/framework/framework-res.apk,7a405abe0f721719cb5d8a280ac551f86880a70227d923e04dd922109ce8a35e,android,android.uid.system,469,false,false,PROTECTED_BROADCAST:android.bluetooth.hearingaid.profile.action.ACTIVE_DEVICE_CHANGED
/Users/bob/Documents/Codex/2026-08-03-fire-os-7-framework-amazon-fire/firmware/extracted/PS7331/selected/system/framework/framework-res.apk,7a405abe0f721719cb5d8a280ac551f86880a70227d923e04dd922109ce8a35e,android,android.uid.system,469,false,false,PROTECTED_BROADCAST:android.bluetooth.a2dp.profile.action.CONNECTION_STATE_CHANGED
/Users/bob/Documents/Codex/2026-08-03-fire-os-7-framework-amazon-fire/firmware/extracted/PS7331/selected/system/framework/framework-res.apk,7a405abe0f721719cb5d8a280ac551f86880a70227d923e04dd922109ce8a35e,android,android.uid.system,469,false,false,PROTECTED_BROADCAST:android.bluetooth.a2dp.profile.action.ACTIVE_DEVICE_CHANGED
/Users/bob/Documents/Codex/2026-08-03-fire-os-7-framework-amazon-fire/firmware/extracted/PS7331/selected/system/framework/framework-res.apk,7a405abe0f721719cb5d8a280ac551f86880a70227d923e04dd922109ce8a35e,android,android.uid.system,469,false,false,PROTECTED_BROADCAST:android.bluetooth.a2dp.profile.action.PLAYING_STATE_CHANGED
/Users/bob/Documents/Codex/2026-08-03-fire-os-7-framework-amazon-fire/firmware/extracted/PS7331/selected/system/framework/framework-res.apk,7a405abe0f721719cb5d8a280ac551f86880a70227d923e04dd922109ce8a35e,android,android.uid.system,469,false,false,PROTECTED_BROADCAST:android.bluetooth.a2dp.profile.action.CODEC_CONFIG_CHANGED
/Users/bob/Documents/Codex/2026-08-03-fire-os-7-framework-amazon-fire/firmware/extracted/PS7331/selected/system/framework/framework-res.apk,7a405abe0f721719cb5d8a280ac551f86880a70227d923e04dd922109ce8a35e,android,android.uid.system,469,false,false,PROTECTED_BROADCAST:android.bluetooth.a2dp-sink.profile.action.CONNECTION_STATE_CHANGED
/Users/bob/Documents/Codex/2026-08-03-fire-os-7-framework-amazon-fire/firmware/extracted/PS7331/selected/system/framework/framework-res.apk,7a405abe0f721719cb5d8a280ac551f86880a70227d923e04dd922109ce8a35e,android,android.uid.system,469,false,false,PROTECTED_BROADCAST:android.bluetooth.a2dp-sink.profile.action.PLAYING_STATE_CHANGED
/Users/bob/Documents/Codex/2026-08-03-fire-os-7-framework-amazon-fire/firmware/extracted/PS7331/selected/system/framework/framework-res.apk,7a405abe0f721719cb5d8a280ac551f86880a70227d923e04dd922109ce8a35e,android,android.uid.system,469,false,false,PROTECTED_BROADCAST:android.bluetooth.a2dp-sink.profile.action.AUDIO_CONFIG_CHANGED
/Users/bob/Documents/Codex/2026-08-03-fire-os-7-framework-amazon-fire/firmware/extracted/PS7331/selected/system/framework/framework-res.apk,7a405abe0f721719cb5d8a280ac551f86880a70227d923e04dd922109ce8a35e,android,android.uid.system,469,false,false,PROTECTED_BROADCAST:android.bluetooth.avrcp-controller.profile.action.BROWSE_CONNECTION_STATE_CHANGED
/Users/bob/Documents/Codex/2026-08-03-fire-os-7-framework-amazon-fire/firmware/extracted/PS7331/selected/system/framework/framework-res.apk,7a405abe0f721719cb5d8a280ac551f86880a70227d923e04dd922109ce8a35e,android,android.uid.system,469,false,false,PROTECTED_BROADCAST:android.bluetooth.avrcp-controller.profile.action.CONNECTION_STATE_CHANGED
/Users/bob/Documents/Codex/2026-08-03-fire-os-7-framework-amazon-fire/firmware/extracted/PS7331/selected/system/framework/framework-res.apk,7a405abe0f721719cb5d8a280ac551f86880a70227d923e04dd922109ce8a35e,android,android.uid.system,469,false,false,PROTECTED_BROADCAST:android.bluetooth.avrcp-controller.profile.action.FOLDER_LIST
/Users/bob/Documents/Codex/2026-08-03-fire-os-7-framework-amazon-fire/firmware/extracted/PS7331/selected/system/framework/framework-res.apk,7a405abe0f721719cb5d8a280ac551f86880a70227d923e04dd922109ce8a35e,android,android.uid.system,469,false,false,PROTECTED_BROADCAST:android.bluetooth.avrcp-controller.profile.action.TRACK_EVENT
/Users/bob/Documents/Codex/2026-08-03-fire-os-7-framework-amazon-fire/firmware/extracted/PS7331/selected/system/framework/framework-res.apk,7a405abe0f721719cb5d8a280ac551f86880a70227d923e04dd922109ce8a35e,android,android.uid.system,469,false,false,PROTECTED_BROADCAST:android.bluetooth.input.profile.action.CONNECTION_STATE_CHANGED
/Users/bob/Documents/Codex/2026-08-03-fire-os-7-framework-amazon-fire/firmware/extracted/PS7331/selected/system/framework/framework-res.apk,7a405abe0f721719cb5d8a280ac551f86880a70227d923e04dd922109ce8a35e,android,android.uid.system,469,false,false,PROTECTED_BROADCAST:android.bluetooth.input.profile.action.IDLE_TIME_CHANGED
/Users/bob/Documents/Codex/2026-08-03-fire-os-7-framework-amazon-fire/firmware/extracted/PS7331/selected/system/framework/framework-res.apk,7a405abe0f721719cb5d8a280ac551f86880a70227d923e04dd922109ce8a35e,android,android.uid.system,469,false,false,PROTECTED_BROADCAST:android.bluetooth.input.profile.action.PROTOCOL_MODE_CHANGED
/Users/bob/Documents/Codex/2026-08-03-fire-os-7-framework-amazon-fire/firmware/extracted/PS7331/selected/system/framework/framework-res.apk,7a405abe0f721719cb5d8a280ac551f86880a70227d923e04dd922109ce8a35e,android,android.uid.system,469,false,false,PROTECTED_BROADCAST:android.bluetooth.input.profile.action.VIRTUAL_UNPLUG_STATUS
/Users/bob/Documents/Codex/2026-08-03-fire-os-7-framework-amazon-fire/firmware/extracted/PS7331/selected/system/framework/framework-res.apk,7a405abe0f721719cb5d8a280ac551f86880a70227d923e04dd922109ce8a35e,android,android.uid.system,469,false,false,PROTECTED_BROADCAST:android.bluetooth.hiddevice.profile.action.CONNECTION_STATE_CHANGED
/Users/bob/Documents/Codex/2026-08-03-fire-os-7-framework-amazon-fire/firmware/extracted/PS7331/selected/system/framework/framework-res.apk,7a405abe0f721719cb5d8a280ac551f86880a70227d923e04dd922109ce8a35e,android,android.uid.system,469,false,false,PROTECTED_BROADCAST:android.bluetooth.map.profile.action.CONNECTION_STATE_CHANGED
/Users/bob/Documents/Codex/2026-08-03-fire-os-7-framework-amazon-fire/firmware/extracted/PS7331/selected/system/framework/framework-res.apk,7a405abe0f721719cb5d8a280ac551f86880a70227d923e04dd922109ce8a35e,android,android.uid.system,469,false,false,PROTECTED_BROADCAST:android.bluetooth.mapmce.profile.action.CONNECTION_STATE_CHANGED
/Users/bob/Documents/Codex/2026-08-03-fire-os-7-framework-amazon-fire/firmware/extracted/PS7331/selected/system/framework/framework-res.apk,7a405abe0f721719cb5d8a280ac551f86880a70227d923e04dd922109ce8a35e,android,android.uid.system,469,false,false,PROTECTED_BROADCAST:android.bluetooth.mapmce.profile.action.MESSAGE_RECEIVED
/Users/bob/Documents/Codex/2026-08-03-fire-os-7-framework-amazon-fire/firmware/extracted/PS7331/selected/system/framework/framework-res.apk,7a405abe0f721719cb5d8a280ac551f86880a70227d923e04dd922109ce8a35e,android,android.uid.system,469,false,false,PROTECTED_BROADCAST:android.bluetooth.mapmce.profile.action.MESSAGE_SENT_SUCCESSFULLY
/Users/bob/Documents/Codex/2026-08-03-fire-os-7-framework-amazon-fire/firmware/extracted/PS7331/selected/system/framework/framework-res.apk,7a405abe0f721719cb5d8a280ac551f86880a70227d923e04dd922109ce8a35e,android,android.uid.system,469,false,false,PROTECTED_BROADCAST:android.bluetooth.mapmce.profile.action.MESSAGE_DELIVERED_SUCCESSFULLY
/Users/bob/Documents/Codex/2026-08-03-fire-os-7-framework-amazon-fire/firmware/extracted/PS7331/selected/system/framework/framework-res.apk,7a405abe0f721719cb5d8a280ac551f86880a70227d923e04dd922109ce8a35e,android,android.uid.system,469,false,false,PROTECTED_BROADCAST:android.bluetooth.mapmce.profile.action.MESSAGE_READ_STATUS_CHANGED
/Users/bob/Documents/Codex/2026-08-03-fire-os-7-framework-amazon-fire/firmware/extracted/PS7331/selected/system/framework/framework-res.apk,7a405abe0f721719cb5d8a280ac551f86880a70227d923e04dd922109ce8a35e,android,android.uid.system,469,false,false,PROTECTED_BROADCAST:android.bluetooth.mapmce.profile.action.MESSAGE_DELETED_STATUS_CHANGED
/Users/bob/Documents/Codex/2026-08-03-fire-os-7-framework-amazon-fire/firmware/extracted/PS7331/selected/system/framework/framework-res.apk,7a405abe0f721719cb5d8a280ac551f86880a70227d923e04dd922109ce8a35e,android,android.uid.system,469,false,false,PROTECTED_BROADCAST:com.android.bluetooth.BluetoothMapContentObserver.action.MESSAGE_SENT
/Users/bob/Documents/Codex/2026-08-03-fire-os-7-framework-amazon-fire/firmware/extracted/PS7331/selected/system/framework/framework-res.apk,7a405abe0f721719cb5d8a280ac551f86880a70227d923e04dd922109ce8a35e,android,android.uid.system,469,false,false,PROTECTED_BROADCAST:com.android.bluetooth.BluetoothMapContentObserver.action.MESSAGE_DELIVERY
/Users/bob/Documents/Codex/2026-08-03-fire-os-7-framework-amazon-fire/firmware/extracted/PS7331/selected/system/framework/framework-res.apk,7a405abe0f721719cb5d8a280ac551f86880a70227d923e04dd922109ce8a35e,android,android.uid.system,469,false,false,PROTECTED_BROADCAST:android.bluetooth.pan.profile.action.CONNECTION_STATE_CHANGED
/Users/bob/Documents/Codex/2026-08-03-fire-os-7-framework-amazon-fire/firmware/extracted/PS7331/selected/system/framework/framework-res.apk,7a405abe0f721719cb5d8a280ac551f86880a70227d923e04dd922109ce8a35e,android,android.uid.system,469,false,false,PROTECTED_BROADCAST:android.bluetooth.pbap.profile.action.CONNECTION_STATE_CHANGED
/Users/bob/Documents/Codex/2026-08-03-fire-os-7-framework-amazon-fire/firmware/extracted/PS7331/selected/system/framework/framework-res.apk,7a405abe0f721719cb5d8a280ac551f86880a70227d923e04dd922109ce8a35e,android,android.uid.system,469,false,false,PROTECTED_BROADCAST:android.bluetooth.pbapclient.profile.action.CONNECTION_STATE_CHANGED
/Users/bob/Documents/Codex/2026-08-03-fire-os-7-framework-amazon-fire/firmware/extracted/PS7331/selected/system/framework/framework-res.apk,7a405abe0f721719cb5d8a280ac551f86880a70227d923e04dd922109ce8a35e,android,android.uid.system,469,false,false,PROTECTED_BROADCAST:android.bluetooth.sap.profile.action.CONNECTION_STATE_CHANGED
/Users/bob/Documents/Codex/2026-08-03-fire-os-7-framework-amazon-fire/firmware/extracted/PS7331/selected/system/framework/framework-res.apk,7a405abe0f721719cb5d8a280ac551f86880a70227d923e04dd922109ce8a35e,android,android.uid.system,469,false,false,PROTECTED_BROADCAST:android.btopp.intent.action.INCOMING_FILE_NOTIFICATION
/Users/bob/Documents/Codex/2026-08-03-fire-os-7-framework-amazon-fire/firmware/extracted/PS7331/selected/system/framework/framework-res.apk,7a405abe0f721719cb5d8a280ac551f86880a70227d923e04dd922109ce8a35e,android,android.uid.system,469,false,false,PROTECTED_BROADCAST:android.btopp.intent.action.USER_CONFIRMATION_TIMEOUT
/Users/bob/Documents/Codex/2026-08-03-fire-os-7-framework-amazon-fire/firmware/extracted/PS7331/selected/system/framework/framework-res.apk,7a405abe0f721719cb5d8a280ac551f86880a70227d923e04dd922109ce8a35e,android,android.uid.system,469,false,false,PROTECTED_BROADCAST:android.btopp.intent.action.LIST
/Users/bob/Documents/Codex/2026-08-03-fire-os-7-framework-amazon-fire/firmware/extracted/PS7331/selected/system/framework/framework-res.apk,7a405abe0f721719cb5d8a280ac551f86880a70227d923e04dd922109ce8a35e,android,android.uid.system,469,false,false,PROTECTED_BROADCAST:android.btopp.intent.action.OPEN_OUTBOUND
/Users/bob/Documents/Codex/2026-08-03-fire-os-7-framework-amazon-fire/firmware/extracted/PS7331/selected/system/framework/framework-res.apk,7a405abe0f721719cb5d8a280ac551f86880a70227d923e04dd922109ce8a35e,android,android.uid.system,469,false,false,PROTECTED_BROADCAST:android.btopp.intent.action.HIDE_COMPLETE
/Users/bob/Documents/Codex/2026-08-03-fire-os-7-framework-amazon-fire/firmware/extracted/PS7331/selected/system/framework/framework-res.apk,7a405abe0f721719cb5d8a280ac551f86880a70227d923e04dd922109ce8a35e,android,android.uid.system,469,false,false,PROTECTED_BROADCAST:android.btopp.intent.action.CONFIRM
/Users/bob/Documents/Codex/2026-08-03-fire-os-7-framework-amazon-fire/firmware/extracted/PS7331/selected/system/framework/framework-res.apk,7a405abe0f721719cb5d8a280ac551f86880a70227d923e04dd922109ce8a35e,android,android.uid.system,469,false,false,PROTECTED_BROADCAST:android.btopp.intent.action.HIDE
/Users/bob/Documents/Codex/2026-08-03-fire-os-7-framework-amazon-fire/firmware/extracted/PS7331/selected/system/framework/framework-res.apk,7a405abe0f721719cb5d8a280ac551f86880a70227d923e04dd922109ce8a35e,android,android.uid.system,469,false,false,PROTECTED_BROADCAST:android.btopp.intent.action.RETRY
/Users/bob/Documents/Codex/2026-08-03-fire-os-7-framework-amazon-fire/firmware/extracted/PS7331/selected/system/framework/framework-res.apk,7a405abe0f721719cb5d8a280ac551f86880a70227d923e04dd922109ce8a35e,android,android.uid.system,469,false,false,PROTECTED_BROADCAST:android.btopp.intent.action.OPEN
/Users/bob/Documents/Codex/2026-08-03-fire-os-7-framework-amazon-fire/firmware/extracted/PS7331/selected/system/framework/framework-res.apk,7a405abe0f721719cb5d8a280ac551f86880a70227d923e04dd922109ce8a35e,android,android.uid.system,469,false,false,PROTECTED_BROADCAST:android.btopp.intent.action.OPEN_INBOUND
/Users/bob/Documents/Codex/2026-08-03-fire-os-7-framework-amazon-fire/firmware/extracted/PS7331/selected/system/framework/framework-res.apk,7a405abe0f721719cb5d8a280ac551f86880a70227d923e04dd922109ce8a35e,android,android.uid.system,469,false,false,PROTECTED_BROADCAST:android.btopp.intent.action.TRANSFER_COMPLETE
/Users/bob/Documents/Codex/2026-08-03-fire-os-7-framework-amazon-fire/firmware/extracted/PS7331/selected/system/framework/framework-res.apk,7a405abe0f721719cb5d8a280ac551f86880a70227d923e04dd922109ce8a35e,android,android.uid.system,469,false,false,PROTECTED_BROADCAST:android.btopp.intent.action.ACCEPT
/Users/bob/Documents/Codex/2026-08-03-fire-os-7-framework-amazon-fire/firmware/extracted/PS7331/selected/system/framework/framework-res.apk,7a405abe0f721719cb5d8a280ac551f86880a70227d923e04dd922109ce8a35e,android,android.uid.system,469,false,false,PROTECTED_BROADCAST:android.btopp.intent.action.DECLINE
/Users/bob/Documents/Codex/2026-08-03-fire-os-7-framework-amazon-fire/firmware/extracted/PS7331/selected/system/framework/framework-res.apk,7a405abe0f721719cb5d8a280ac551f86880a70227d923e04dd922109ce8a35e,android,android.uid.system,469,false,false,PROTECTED_BROADCAST:com.android.bluetooth.gatt.REFRESH_BATCHED_SCAN
/Users/bob/Documents/Codex/2026-08-03-fire-os-7-framework-amazon-fire/firmware/extracted/PS7331/selected/system/framework/framework-res.apk,7a405abe0f721719cb5d8a280ac551f86880a70227d923e04dd922109ce8a35e,android,android.uid.system,469,false,false,PROTECTED_BROADCAST:com.android.bluetooth.pbap.authchall
/Users/bob/Documents/Codex/2026-08-03-fire-os-7-framework-amazon-fire/firmware/extracted/PS7331/selected/system/framework/framework-res.apk,7a405abe0f721719cb5d8a280ac551f86880a70227d923e04dd922109ce8a35e,android,android.uid.system,469,false,false,PROTECTED_BROADCAST:com.android.bluetooth.pbap.userconfirmtimeout
/Users/bob/Documents/Codex/2026-08-03-fire-os-7-framework-amazon-fire/firmware/extracted/PS7331/selected/system/framework/framework-res.apk,7a405abe0f721719cb5d8a280ac551f86880a70227d923e04dd922109ce8a35e,android,android.uid.system,469,false,false,PROTECTED_BROADCAST:com.android.bluetooth.pbap.authresponse
/Users/bob/Documents/Codex/2026-08-03-fire-os-7-framework-amazon-fire/firmware/extracted/PS7331/selected/system/framework/framework-res.apk,7a405abe0f721719cb5d8a280ac551f86880a70227d923e04dd922109ce8a35e,android,android.uid.system,469,false,false,PROTECTED_BROADCAST:com.android.bluetooth.pbap.authcancelled
/Users/bob/Documents/Codex/2026-08-03-fire-os-7-framework-amazon-fire/firmware/extracted/PS7331/selected/system/framework/framework-res.apk,7a405abe0f721719cb5d8a280ac551f86880a70227d923e04dd922109ce8a35e,android,android.uid.system,469,false,false,PROTECTED_BROADCAST:com.android.bluetooth.sap.USER_CONFIRM_TIMEOUT
/Users/bob/Documents/Codex/2026-08-03-fire-os-7-framework-amazon-fire/firmware/extracted/PS7331/selected/system/framework/framework-res.apk,7a405abe0f721719cb5d8a280ac551f86880a70227d923e04dd922109ce8a35e,android,android.uid.system,469,false,false,PROTECTED_BROADCAST:com.android.bluetooth.sap.action.DISCONNECT_ACTION
/Users/bob/Documents/Codex/2026-08-03-fire-os-7-framework-amazon-fire/firmware/extracted/PS7331/selected/system/framework/framework-res.apk,7a405abe0f721719cb5d8a280ac551f86880a70227d923e04dd922109ce8a35e,android,android.uid.system,469,false,false,PROTECTED_BROADCAST:android.hardware.display.action.WIFI_DISPLAY_STATUS_CHANGED
/Users/bob/Documents/Codex/2026-08-03-fire-os-7-framework-amazon-fire/firmware/extracted/PS7331/selected/system/framework/framework-res.apk,7a405abe0f721719cb5d8a280ac551f86880a70227d923e04dd922109ce8a35e,android,android.uid.system,469,false,false,PROTECTED_BROADCAST:android.hardware.usb.action.USB_STATE
/Users/bob/Documents/Codex/2026-08-03-fire-os-7-framework-amazon-fire/firmware/extracted/PS7331/selected/system/framework/framework-res.apk,7a405abe0f721719cb5d8a280ac551f86880a70227d923e04dd922109ce8a35e,android,android.uid.system,469,false,false,PROTECTED_BROADCAST:android.hardware.usb.action.USB_PORT_CHANGED
/Users/bob/Documents/Codex/2026-08-03-fire-os-7-framework-amazon-fire/firmware/extracted/PS7331/selected/system/framework/framework-res.apk,7a405abe0f721719cb5d8a280ac551f86880a70227d923e04dd922109ce8a35e,android,android.uid.system,469,false,false,PROTECTED_BROADCAST:android.hardware.usb.action.USB_ACCESSORY_ATTACHED
/Users/bob/Documents/Codex/2026-08-03-fire-os-7-framework-amazon-fire/firmware/extracted/PS7331/selected/system/framework/framework-res.apk,7a405abe0f721719cb5d8a280ac551f86880a70227d923e04dd922109ce8a35e,android,android.uid.system,469,false,false,PROTECTED_BROADCAST:android.hardware.usb.action.USB_ACCESSORY_DETACHED
/Users/bob/Documents/Codex/2026-08-03-fire-os-7-framework-amazon-fire/firmware/extracted/PS7331/selected/system/framework/framework-res.apk,7a405abe0f721719cb5d8a280ac551f86880a70227d923e04dd922109ce8a35e,android,android.uid.system,469,false,false,PROTECTED_BROADCAST:android.hardware.usb.action.USB_DEVICE_ATTACHED
/Users/bob/Documents/Codex/2026-08-03-fire-os-7-framework-amazon-fire/firmware/extracted/PS7331/selected/system/framework/framework-res.apk,7a405abe0f721719cb5d8a280ac551f86880a70227d923e04dd922109ce8a35e,android,android.uid.system,469,false,false,PROTECTED_BROADCAST:android.hardware.usb.action.USB_DEVICE_DETACHED
/Users/bob/Documents/Codex/2026-08-03-fire-os-7-framework-amazon-fire/firmware/extracted/PS7331/selected/system/framework/framework-res.apk,7a405abe0f721719cb5d8a280ac551f86880a70227d923e04dd922109ce8a35e,android,android.uid.system,469,false,false,PROTECTED_BROADCAST:android.intent.action.HEADSET_PLUG
/Users/bob/Documents/Codex/2026-08-03-fire-os-7-framework-amazon-fire/firmware/extracted/PS7331/selected/system/framework/framework-res.apk,7a405abe0f721719cb5d8a280ac551f86880a70227d923e04dd922109ce8a35e,android,android.uid.system,469,false,false,PROTECTED_BROADCAST:android.media.action.HDMI_AUDIO_PLUG
/Users/bob/Documents/Codex/2026-08-03-fire-os-7-framework-amazon-fire/firmware/extracted/PS7331/selected/system/framework/framework-res.apk,7a405abe0f721719cb5d8a280ac551f86880a70227d923e04dd922109ce8a35e,android,android.uid.system,469,false,false,PROTECTED_BROADCAST:android.media.AUDIO_BECOMING_NOISY
/Users/bob/Documents/Codex/2026-08-03-fire-os-7-framework-amazon-fire/firmware/extracted/PS7331/selected/system/framework/framework-res.apk,7a405abe0f721719cb5d8a280ac551f86880a70227d923e04dd922109ce8a35e,android,android.uid.system,469,false,false,PROTECTED_BROADCAST:android.media.RINGER_MODE_CHANGED
/Users/bob/Documents/Codex/2026-08-03-fire-os-7-framework-amazon-fire/firmware/extracted/PS7331/selected/system/framework/framework-res.apk,7a405abe0f721719cb5d8a280ac551f86880a70227d923e04dd922109ce8a35e,android,android.uid.system,469,false,false,PROTECTED_BROADCAST:android.media.VIBRATE_SETTING_CHANGED
/Users/bob/Documents/Codex/2026-08-03-fire-os-7-framework-amazon-fire/firmware/extracted/PS7331/selected/system/framework/framework-res.apk,7a405abe0f721719cb5d8a280ac551f86880a70227d923e04dd922109ce8a35e,android,android.uid.system,469,false,false,PROTECTED_BROADCAST:android.media.VOLUME_CHANGED_ACTION
/Users/bob/Documents/Codex/2026-08-03-fire-os-7-framework-amazon-fire/firmware/extracted/PS7331/selected/system/framework/framework-res.apk,7a405abe0f721719cb5d8a280ac551f86880a70227d923e04dd922109ce8a35e,android,android.uid.system,469,false,false,PROTECTED_BROADCAST:android.media.MASTER_VOLUME_CHANGED_ACTION
/Users/bob/Documents/Codex/2026-08-03-fire-os-7-framework-amazon-fire/firmware/extracted/PS7331/selected/system/framework/framework-res.apk,7a405abe0f721719cb5d8a280ac551f86880a70227d923e04dd922109ce8a35e,android,android.uid.system,469,false,false,PROTECTED_BROADCAST:android.media.MASTER_MUTE_CHANGED_ACTION
/Users/bob/Documents/Codex/2026-08-03-fire-os-7-framework-amazon-fire/firmware/extracted/PS7331/selected/system/framework/framework-res.apk,7a405abe0f721719cb5d8a280ac551f86880a70227d923e04dd922109ce8a35e,android,android.uid.system,469,false,false,PROTECTED_BROADCAST:android.media.MASTER_MONO_CHANGED_ACTION
/Users/bob/Documents/Codex/2026-08-03-fire-os-7-framework-amazon-fire/firmware/extracted/PS7331/selected/system/framework/framework-res.apk,7a405abe0f721719cb5d8a280ac551f86880a70227d923e04dd922109ce8a35e,android,android.uid.system,469,false,false,PROTECTED_BROADCAST:android.media.SCO_AUDIO_STATE_CHANGED
/Users/bob/Documents/Codex/2026-08-03-fire-os-7-framework-amazon-fire/firmware/extracted/PS7331/selected/system/framework/framework-res.apk,7a405abe0f721719cb5d8a280ac551f86880a70227d923e04dd922109ce8a35e,android,android.uid.system,469,false,false,PROTECTED_BROADCAST:android.media.ACTION_SCO_AUDIO_STATE_UPDATED
/Users/bob/Documents/Codex/2026-08-03-fire-os-7-framework-amazon-fire/firmware/extracted/PS7331/selected/system/framework/framework-res.apk,7a405abe0f721719cb5d8a280ac551f86880a70227d923e04dd922109ce8a35e,android,android.uid.system,469,false,false,PROTECTED_BROADCAST:android.intent.action.MEDIA_REMOVED
/Users/bob/Documents/Codex/2026-08-03-fire-os-7-framework-amazon-fire/firmware/extracted/PS7331/selected/system/framework/framework-res.apk,7a405abe0f721719cb5d8a280ac551f86880a70227d923e04dd922109ce8a35e,android,android.uid.system,469,false,false,PROTECTED_BROADCAST:android.intent.action.MEDIA_UNMOUNTED
/Users/bob/Documents/Codex/2026-08-03-fire-os-7-framework-amazon-fire/firmware/extracted/PS7331/selected/system/framework/framework-res.apk,7a405abe0f721719cb5d8a280ac551f86880a70227d923e04dd922109ce8a35e,android,android.uid.system,469,false,false,PROTECTED_BROADCAST:android.intent.action.MEDIA_CHECKING
/Users/bob/Documents/Codex/2026-08-03-fire-os-7-framework-amazon-fire/firmware/extracted/PS7331/selected/system/framework/framework-res.apk,7a405abe0f721719cb5d8a280ac551f86880a70227d923e04dd922109ce8a35e,android,android.uid.system,469,false,false,PROTECTED_BROADCAST:android.intent.action.MEDIA_NOFS
/Users/bob/Documents/Codex/2026-08-03-fire-os-7-framework-amazon-fire/firmware/extracted/PS7331/selected/system/framework/framework-res.apk,7a405abe0f721719cb5d8a280ac551f86880a70227d923e04dd922109ce8a35e,android,android.uid.system,469,false,false,PROTECTED_BROADCAST:android.intent.action.MEDIA_MOUNTED
/Users/bob/Documents/Codex/2026-08-03-fire-os-7-framework-amazon-fire/firmware/extracted/PS7331/selected/system/framework/framework-res.apk,7a405abe0f721719cb5d8a280ac551f86880a70227d923e04dd922109ce8a35e,android,android.uid.system,469,false,false,PROTECTED_BROADCAST:android.intent.action.MEDIA_SHARED
/Users/bob/Documents/Codex/2026-08-03-fire-os-7-framework-amazon-fire/firmware/extracted/PS7331/selected/system/framework/framework-res.apk,7a405abe0f721719cb5d8a280ac551f86880a70227d923e04dd922109ce8a35e,android,android.uid.system,469,false,false,PROTECTED_BROADCAST:android.intent.action.MEDIA_UNSHARED
/Users/bob/Documents/Codex/2026-08-03-fire-os-7-framework-amazon-fire/firmware/extracted/PS7331/selected/system/framework/framework-res.apk,7a405abe0f721719cb5d8a280ac551f86880a70227d923e04dd922109ce8a35e,android,android.uid.system,469,false,false,PROTECTED_BROADCAST:android.intent.action.MEDIA_BAD_REMOVAL
/Users/bob/Documents/Codex/2026-08-03-fire-os-7-framework-amazon-fire/firmware/extracted/PS7331/selected/system/framework/framework-res.apk,7a405abe0f721719cb5d8a280ac551f86880a70227d923e04dd922109ce8a35e,android,android.uid.system,469,false,false,PROTECTED_BROADCAST:android.intent.action.MEDIA_UNMOUNTABLE
/Users/bob/Documents/Codex/2026-08-03-fire-os-7-framework-amazon-fire/firmware/extracted/PS7331/selected/system/framework/framework-res.apk,7a405abe0f721719cb5d8a280ac551f86880a70227d923e04dd922109ce8a35e,android,android.uid.system,469,false,false,PROTECTED_BROADCAST:android.intent.action.MEDIA_EJECT
/Users/bob/Documents/Codex/2026-08-03-fire-os-7-framework-amazon-fire/firmware/extracted/PS7331/selected/system/framework/framework-res.apk,7a405abe0f721719cb5d8a280ac551f86880a70227d923e04dd922109ce8a35e,android,android.uid.system,469,false,false,PROTECTED_BROADCAST:android.net.conn.CAPTIVE_PORTAL
/Users/bob/Documents/Codex/2026-08-03-fire-os-7-framework-amazon-fire/firmware/extracted/PS7331/selected/system/framework/framework-res.apk,7a405abe0f721719cb5d8a280ac551f86880a70227d923e04dd922109ce8a35e,android,android.uid.system,469,false,false,PROTECTED_BROADCAST:android.net.conn.CONNECTIVITY_CHANGE
/Users/bob/Documents/Codex/2026-08-03-fire-os-7-framework-amazon-fire/firmware/extracted/PS7331/selected/system/framework/framework-res.apk,7a405abe0f721719cb5d8a280ac551f86880a70227d923e04dd922109ce8a35e,android,android.uid.system,469,false,false,PROTECTED_BROADCAST:android.net.conn.CONNECTIVITY_CHANGE_IMMEDIATE
/Users/bob/Documents/Codex/2026-08-03-fire-os-7-framework-amazon-fire/firmware/extracted/PS7331/selected/system/framework/framework-res.apk,7a405abe0f721719cb5d8a280ac551f86880a70227d923e04dd922109ce8a35e,android,android.uid.system,469,false,false,PROTECTED_BROADCAST:android.net.conn.DATA_ACTIVITY_CHANGE
/Users/bob/Documents/Codex/2026-08-03-fire-os-7-framework-amazon-fire/firmware/extracted/PS7331/selected/system/framework/framework-res.apk,7a405abe0f721719cb5d8a280ac551f86880a70227d923e04dd922109ce8a35e,android,android.uid.system,469,false,false,PROTECTED_BROADCAST:android.net.conn.RESTRICT_BACKGROUND_CHANGED
/Users/bob/Documents/Codex/2026-08-03-fire-os-7-framework-amazon-fire/firmware/extracted/PS7331/selected/system/framework/framework-res.apk,7a405abe0f721719cb5d8a280ac551f86880a70227d923e04dd922109ce8a35e,android,android.uid.system,469,false,false,PROTECTED_BROADCAST:android.net.conn.BACKGROUND_DATA_SETTING_CHANGED
/Users/bob/Documents/Codex/2026-08-03-fire-os-7-framework-amazon-fire/firmware/extracted/PS7331/selected/system/framework/framework-res.apk,7a405abe0f721719cb5d8a280ac551f86880a70227d923e04dd922109ce8a35e,android,android.uid.system,469,false,false,PROTECTED_BROADCAST:android.net.conn.CAPTIVE_PORTAL_TEST_COMPLETED
/Users/bob/Documents/Codex/2026-08-03-fire-os-7-framework-amazon-fire/firmware/extracted/PS7331/selected/system/framework/framework-res.apk,7a405abe0f721719cb5d8a280ac551f86880a70227d923e04dd922109ce8a35e,android,android.uid.system,469,false,false,PROTECTED_BROADCAST:android.net.nsd.STATE_CHANGED
/Users/bob/Documents/Codex/2026-08-03-fire-os-7-framework-amazon-fire/firmware/extracted/PS7331/selected/system/framework/framework-res.apk,7a405abe0f721719cb5d8a280ac551f86880a70227d923e04dd922109ce8a35e,android,android.uid.system,469,false,false,PROTECTED_BROADCAST:android.nfc.action.ADAPTER_STATE_CHANGED
/Users/bob/Documents/Codex/2026-08-03-fire-os-7-framework-amazon-fire/firmware/extracted/PS7331/selected/system/framework/framework-res.apk,7a405abe0f721719cb5d8a280ac551f86880a70227d923e04dd922109ce8a35e,android,android.uid.system,469,false,false,PROTECTED_BROADCAST:android.nfc.action.TRANSACTION_DETECTED
/Users/bob/Documents/Codex/2026-08-03-fire-os-7-framework-amazon-fire/firmware/extracted/PS7331/selected/system/framework/framework-res.apk,7a405abe0f721719cb5d8a280ac551f86880a70227d923e04dd922109ce8a35e,android,android.uid.system,469,false,false,PROTECTED_BROADCAST:com.android.nfc.action.LLCP_UP
/Users/bob/Documents/Codex/2026-08-03-fire-os-7-framework-amazon-fire/firmware/extracted/PS7331/selected/system/framework/framework-res.apk,7a405abe0f721719cb5d8a280ac551f86880a70227d923e04dd922109ce8a35e,android,android.uid.system,469,false,false,PROTECTED_BROADCAST:com.android.nfc.action.LLCP_DOWN
/Users/bob/Documents/Codex/2026-08-03-fire-os-7-framework-amazon-fire/firmware/extracted/PS7331/selected/system/framework/framework-res.apk,7a405abe0f721719cb5d8a280ac551f86880a70227d923e04dd922109ce8a35e,android,android.uid.system,469,false,false,PROTECTED_BROADCAST:com.android.nfc.cardemulation.action.CLOSE_TAP_DIALOG
/Users/bob/Documents/Codex/2026-08-03-fire-os-7-framework-amazon-fire/firmware/extracted/PS7331/selected/system/framework/framework-res.apk,7a405abe0f721719cb5d8a280ac551f86880a70227d923e04dd922109ce8a35e,android,android.uid.system,469,false,false,PROTECTED_BROADCAST:com.android.nfc.handover.action.ALLOW_CONNECT
/Users/bob/Documents/Codex/2026-08-03-fire-os-7-framework-amazon-fire/firmware/extracted/PS7331/selected/system/framework/framework-res.apk,7a405abe0f721719cb5d8a280ac551f86880a70227d923e04dd922109ce8a35e,android,android.uid.system,469,false,false,PROTECTED_BROADCAST:com.android.nfc.handover.action.DENY_CONNECT
/Users/bob/Documents/Codex/2026-08-03-fire-os-7-framework-amazon-fire/firmware/extracted/PS7331/selected/system/framework/framework-res.apk,7a405abe0f721719cb5d8a280ac551f86880a70227d923e04dd922109ce8a35e,android,android.uid.system,469,false,false,PROTECTED_BROADCAST:com.android.nfc.handover.action.TIMEOUT_CONNECT
/Users/bob/Documents/Codex/2026-08-03-fire-os-7-framework-amazon-fire/firmware/extracted/PS7331/selected/system/framework/framework-res.apk,7a405abe0f721719cb5d8a280ac551f86880a70227d923e04dd922109ce8a35e,android,android.uid.system,469,false,false,PROTECTED_BROADCAST:com.android.nfc_extras.action.RF_FIELD_ON_DETECTED
/Users/bob/Documents/Codex/2026-08-03-fire-os-7-framework-amazon-fire/firmware/extracted/PS7331/selected/system/framework/framework-res.apk,7a405abe0f721719cb5d8a280ac551f86880a70227d923e04dd922109ce8a35e,android,android.uid.system,469,false,false,PROTECTED_BROADCAST:com.android.nfc_extras.action.RF_FIELD_OFF_DETECTED
/Users/bob/Documents/Codex/2026-08-03-fire-os-7-framework-amazon-fire/firmware/extracted/PS7331/selected/system/framework/framework-res.apk,7a405abe0f721719cb5d8a280ac551f86880a70227d923e04dd922109ce8a35e,android,android.uid.system,469,false,false,PROTECTED_BROADCAST:com.android.nfc_extras.action.AID_SELECTED
/Users/bob/Documents/Codex/2026-08-03-fire-os-7-framework-amazon-fire/firmware/extracted/PS7331/selected/system/framework/framework-res.apk,7a405abe0f721719cb5d8a280ac551f86880a70227d923e04dd922109ce8a35e,android,android.uid.system,469,false,false,PROTECTED_BROADCAST:android.btopp.intent.action.WHITELIST_DEVICE
/Users/bob/Documents/Codex/2026-08-03-fire-os-7-framework-amazon-fire/firmware/extracted/PS7331/selected/system/framework/framework-res.apk,7a405abe0f721719cb5d8a280ac551f86880a70227d923e04dd922109ce8a35e,android,android.uid.system,469,false,false,PROTECTED_BROADCAST:android.btopp.intent.action.STOP_HANDOVER_TRANSFER
/Users/bob/Documents/Codex/2026-08-03-fire-os-7-framework-amazon-fire/firmware/extracted/PS7331/selected/system/framework/framework-res.apk,7a405abe0f721719cb5d8a280ac551f86880a70227d923e04dd922109ce8a35e,android,android.uid.system,469,false,false,PROTECTED_BROADCAST:android.nfc.handover.intent.action.HANDOVER_SEND
/Users/bob/Documents/Codex/2026-08-03-fire-os-7-framework-amazon-fire/firmware/extracted/PS7331/selected/system/framework/framework-res.apk,7a405abe0f721719cb5d8a280ac551f86880a70227d923e04dd922109ce8a35e,android,android.uid.system,469,false,false,PROTECTED_BROADCAST:android.nfc.handover.intent.action.HANDOVER_SEND_MULTIPLE
/Users/bob/Documents/Codex/2026-08-03-fire-os-7-framework-amazon-fire/firmware/extracted/PS7331/selected/system/framework/framework-res.apk,7a405abe0f721719cb5d8a280ac551f86880a70227d923e04dd922109ce8a35e,android,android.uid.system,469,false,false,PROTECTED_BROADCAST:com.android.nfc.handover.action.CANCEL_HANDOVER_TRANSFER
/Users/bob/Documents/Codex/2026-08-03-fire-os-7-framework-amazon-fire/firmware/extracted/PS7331/selected/system/framework/framework-res.apk,7a405abe0f721719cb5d8a280ac551f86880a70227d923e04dd922109ce8a35e,android,android.uid.system,469,false,false,PROTECTED_BROADCAST:android.intent.action.CLEAR_DNS_CACHE
/Users/bob/Documents/Codex/2026-08-03-fire-os-7-framework-amazon-fire/firmware/extracted/PS7331/selected/system/framework/framework-res.apk,7a405abe0f721719cb5d8a280ac551f86880a70227d923e04dd922109ce8a35e,android,android.uid.system,469,false,false,PROTECTED_BROADCAST:android.intent.action.PROXY_CHANGE
/Users/bob/Documents/Codex/2026-08-03-fire-os-7-framework-amazon-fire/firmware/extracted/PS7331/selected/system/framework/framework-res.apk,7a405abe0f721719cb5d8a280ac551f86880a70227d923e04dd922109ce8a35e,android,android.uid.system,469,false,false,PROTECTED_BROADCAST:android.os.UpdateLock.UPDATE_LOCK_CHANGED
/Users/bob/Documents/Codex/2026-08-03-fire-os-7-framework-amazon-fire/firmware/extracted/PS7331/selected/system/framework/framework-res.apk,7a405abe0f721719cb5d8a280ac551f86880a70227d923e04dd922109ce8a35e,android,android.uid.system,469,false,false,PROTECTED_BROADCAST:android.intent.action.DREAMING_STARTED
/Users/bob/Documents/Codex/2026-08-03-fire-os-7-framework-amazon-fire/firmware/extracted/PS7331/selected/system/framework/framework-res.apk,7a405abe0f721719cb5d8a280ac551f86880a70227d923e04dd922109ce8a35e,android,android.uid.system,469,false,false,PROTECTED_BROADCAST:android.intent.action.DREAMING_STOPPED
/Users/bob/Documents/Codex/2026-08-03-fire-os-7-framework-amazon-fire/firmware/extracted/PS7331/selected/system/framework/framework-res.apk,7a405abe0f721719cb5d8a280ac551f86880a70227d923e04dd922109ce8a35e,android,android.uid.system,469,false,false,PROTECTED_BROADCAST:android.intent.action.ANY_DATA_STATE
/Users/bob/Documents/Codex/2026-08-03-fire-os-7-framework-amazon-fire/firmware/extracted/PS7331/selected/system/framework/framework-res.apk,7a405abe0f721719cb5d8a280ac551f86880a70227d923e04dd922109ce8a35e,android,android.uid.system,469,false,false,PROTECTED_BROADCAST:com.android.server.stats.action.TRIGGER_COLLECTION
/Users/bob/Documents/Codex/2026-08-03-fire-os-7-framework-amazon-fire/firmware/extracted/PS7331/selected/system/framework/framework-res.apk,7a405abe0f721719cb5d8a280ac551f86880a70227d923e04dd922109ce8a35e,android,android.uid.system,469,false,false,PROTECTED_BROADCAST:com.android.server.WifiManager.action.START_SCAN
/Users/bob/Documents/Codex/2026-08-03-fire-os-7-framework-amazon-fire/firmware/extracted/PS7331/selected/system/framework/framework-res.apk,7a405abe0f721719cb5d8a280ac551f86880a70227d923e04dd922109ce8a35e,android,android.uid.system,469,false,false,PROTECTED_BROADCAST:com.android.server.WifiManager.action.START_PNO
/Users/bob/Documents/Codex/2026-08-03-fire-os-7-framework-amazon-fire/firmware/extracted/PS7331/selected/system/framework/framework-res.apk,7a405abe0f721719cb5d8a280ac551f86880a70227d923e04dd922109ce8a35e,android,android.uid.system,469,false,false,PROTECTED_BROADCAST:com.android.server.WifiManager.action.DELAYED_DRIVER_STOP
/Users/bob/Documents/Codex/2026-08-03-fire-os-7-framework-amazon-fire/firmware/extracted/PS7331/selected/system/framework/framework-res.apk,7a405abe0f721719cb5d8a280ac551f86880a70227d923e04dd922109ce8a35e,android,android.uid.system,469,false,false,PROTECTED_BROADCAST:com.android.server.WifiManager.action.DEVICE_IDLE
/Users/bob/Documents/Codex/2026-08-03-fire-os-7-framework-amazon-fire/firmware/extracted/PS7331/selected/system/framework/framework-res.apk,7a405abe0f721719cb5d8a280ac551f86880a70227d923e04dd922109ce8a35e,android,android.uid.system,469,false,false,PROTECTED_BROADCAST:com.android.server.action.REMOTE_BUGREPORT_SHARING_ACCEPTED
/Users/bob/Documents/Codex/2026-08-03-fire-os-7-framework-amazon-fire/firmware/extracted/PS7331/selected/system/framework/framework-res.apk,7a405abe0f721719cb5d8a280ac551f86880a70227d923e04dd922109ce8a35e,android,android.uid.system,469,false,false,PROTECTED_BROADCAST:com.android.server.action.REMOTE_BUGREPORT_SHARING_DECLINED
/Users/bob/Documents/Codex/2026-08-03-fire-os-7-framework-amazon-fire/firmware/extracted/PS7331/selected/system/framework/framework-res.apk,7a405abe0f721719cb5d8a280ac551f86880a70227d923e04dd922109ce8a35e,android,android.uid.system,469,false,false,PROTECTED_BROADCAST:com.android.internal.action.EUICC_FACTORY_RESET
/Users/bob/Documents/Codex/2026-08-03-fire-os-7-framework-amazon-fire/firmware/extracted/PS7331/selected/system/framework/framework-res.apk,7a405abe0f721719cb5d8a280ac551f86880a70227d923e04dd922109ce8a35e,android,android.uid.system,469,false,false,PROTECTED_BROADCAST:com.android.server.usb.ACTION_OPEN_IN_APPS
/Users/bob/Documents/Codex/2026-08-03-fire-os-7-framework-amazon-fire/firmware/extracted/PS7331/selected/system/framework/framework-res.apk,7a405abe0f721719cb5d8a280ac551f86880a70227d923e04dd922109ce8a35e,android,android.uid.system,469,false,false,PROTECTED_BROADCAST:com.android.server.am.DELETE_DUMPHEAP
/Users/bob/Documents/Codex/2026-08-03-fire-os-7-framework-amazon-fire/firmware/extracted/PS7331/selected/system/framework/framework-res.apk,7a405abe0f721719cb5d8a280ac551f86880a70227d923e04dd922109ce8a35e,android,android.uid.system,469,false,false,PROTECTED_BROADCAST:com.android.server.net.action.SNOOZE_WARNING
/Users/bob/Documents/Codex/2026-08-03-fire-os-7-framework-amazon-fire/firmware/extracted/PS7331/selected/system/framework/framework-res.apk,7a405abe0f721719cb5d8a280ac551f86880a70227d923e04dd922109ce8a35e,android,android.uid.system,469,false,false,PROTECTED_BROADCAST:com.android.server.net.action.SNOOZE_RAPID
/Users/bob/Documents/Codex/2026-08-03-fire-os-7-framework-amazon-fire/firmware/extracted/PS7331/selected/system/framework/framework-res.apk,7a405abe0f721719cb5d8a280ac551f86880a70227d923e04dd922109ce8a35e,android,android.uid.system,469,false,false,PROTECTED_BROADCAST:com.android.server.wifi.ConnectToNetworkNotification.USER_DISMISSED_NOTIFICATION
/Users/bob/Documents/Codex/2026-08-03-fire-os-7-framework-amazon-fire/firmware/extracted/PS7331/selected/system/framework/framework-res.apk,7a405abe0f721719cb5d8a280ac551f86880a70227d923e04dd922109ce8a35e,android,android.uid.system,469,false,false,PROTECTED_BROADCAST:com.android.server.wifi.ConnectToNetworkNotification.CONNECT_TO_NETWORK
/Users/bob/Documents/Codex/2026-08-03-fire-os-7-framework-amazon-fire/firmware/extracted/PS7331/selected/system/framework/framework-res.apk,7a405abe0f721719cb5d8a280ac551f86880a70227d923e04dd922109ce8a35e,android,android.uid.system,469,false,false,PROTECTED_BROADCAST:com.android.server.wifi.ConnectToNetworkNotification.PICK_WIFI_NETWORK
/Users/bob/Documents/Codex/2026-08-03-fire-os-7-framework-amazon-fire/firmware/extracted/PS7331/selected/system/framework/framework-res.apk,7a405abe0f721719cb5d8a280ac551f86880a70227d923e04dd922109ce8a35e,android,android.uid.system,469,false,false,PROTECTED_BROADCAST:com.android.server.wifi.ConnectToNetworkNotification.PICK_NETWORK_AFTER_FAILURE
/Users/bob/Documents/Codex/2026-08-03-fire-os-7-framework-amazon-fire/firmware/extracted/PS7331/selected/system/framework/framework-res.apk,7a405abe0f721719cb5d8a280ac551f86880a70227d923e04dd922109ce8a35e,android,android.uid.system,469,false,false,PROTECTED_BROADCAST:com.android.server.wifi.wakeup.DISMISS_NOTIFICATION
/Users/bob/Documents/Codex/2026-08-03-fire-os-7-framework-amazon-fire/firmware/extracted/PS7331/selected/system/framework/framework-res.apk,7a405abe0f721719cb5d8a280ac551f86880a70227d923e04dd922109ce8a35e,android,android.uid.system,469,false,false,PROTECTED_BROADCAST:com.android.server.wifi.wakeup.OPEN_WIFI_PREFERENCES
/Users/bob/Documents/Codex/2026-08-03-fire-os-7-framework-amazon-fire/firmware/extracted/PS7331/selected/system/framework/framework-res.apk,7a405abe0f721719cb5d8a280ac551f86880a70227d923e04dd922109ce8a35e,android,android.uid.system,469,false,false,PROTECTED_BROADCAST:com.android.server.wifi.wakeup.OPEN_WIFI_SETTINGS
/Users/bob/Documents/Codex/2026-08-03-fire-os-7-framework-amazon-fire/firmware/extracted/PS7331/selected/system/framework/framework-res.apk,7a405abe0f721719cb5d8a280ac551f86880a70227d923e04dd922109ce8a35e,android,android.uid.system,469,false,false,PROTECTED_BROADCAST:com.android.server.wifi.wakeup.TURN_OFF_WIFI_WAKE
/Users/bob/Documents/Codex/2026-08-03-fire-os-7-framework-amazon-fire/firmware/extracted/PS7331/selected/system/framework/framework-res.apk,7a405abe0f721719cb5d8a280ac551f86880a70227d923e04dd922109ce8a35e,android,android.uid.system,469,false,false,PROTECTED_BROADCAST:android.net.wifi.WIFI_STATE_CHANGED
/Users/bob/Documents/Codex/2026-08-03-fire-os-7-framework-amazon-fire/firmware/extracted/PS7331/selected/system/framework/framework-res.apk,7a405abe0f721719cb5d8a280ac551f86880a70227d923e04dd922109ce8a35e,android,android.uid.system,469,false,false,PROTECTED_BROADCAST:android.net.wifi.WIFI_AP_STATE_CHANGED
/Users/bob/Documents/Codex/2026-08-03-fire-os-7-framework-amazon-fire/firmware/extracted/PS7331/selected/system/framework/framework-res.apk,7a405abe0f721719cb5d8a280ac551f86880a70227d923e04dd922109ce8a35e,android,android.uid.system,469,false,false,PROTECTED_BROADCAST:android.net.wifi.WIFI_CREDENTIAL_CHANGED
/Users/bob/Documents/Codex/2026-08-03-fire-os-7-framework-amazon-fire/firmware/extracted/PS7331/selected/system/framework/framework-res.apk,7a405abe0f721719cb5d8a280ac551f86880a70227d923e04dd922109ce8a35e,android,android.uid.system,469,false,false,PROTECTED_BROADCAST:android.net.wifi.WIFI_SCAN_AVAILABLE
/Users/bob/Documents/Codex/2026-08-03-fire-os-7-framework-amazon-fire/firmware/extracted/PS7331/selected/system/framework/framework-res.apk,7a405abe0f721719cb5d8a280ac551f86880a70227d923e04dd922109ce8a35e,android,android.uid.system,469,false,false,PROTECTED_BROADCAST:android.net.wifi.aware.action.WIFI_AWARE_STATE_CHANGED
/Users/bob/Documents/Codex/2026-08-03-fire-os-7-framework-amazon-fire/firmware/extracted/PS7331/selected/system/framework/framework-res.apk,7a405abe0f721719cb5d8a280ac551f86880a70227d923e04dd922109ce8a35e,android,android.uid.system,469,false,false,PROTECTED_BROADCAST:android.net.wifi.rtt.action.WIFI_RTT_STATE_CHANGED
/Users/bob/Documents/Codex/2026-08-03-fire-os-7-framework-amazon-fire/firmware/extracted/PS7331/selected/system/framework/framework-res.apk,7a405abe0f721719cb5d8a280ac551f86880a70227d923e04dd922109ce8a35e,android,android.uid.system,469,false,false,PROTECTED_BROADCAST:android.net.wifi.SCAN_RESULTS
/Users/bob/Documents/Codex/2026-08-03-fire-os-7-framework-amazon-fire/firmware/extracted/PS7331/selected/system/framework/framework-res.apk,7a405abe0f721719cb5d8a280ac551f86880a70227d923e04dd922109ce8a35e,android,android.uid.system,469,false,false,PROTECTED_BROADCAST:android.net.wifi.RSSI_CHANGED
/Users/bob/Documents/Codex/2026-08-03-fire-os-7-framework-amazon-fire/firmware/extracted/PS7331/selected/system/framework/framework-res.apk,7a405abe0f721719cb5d8a280ac551f86880a70227d923e04dd922109ce8a35e,android,android.uid.system,469,false,false,PROTECTED_BROADCAST:android.net.wifi.STATE_CHANGE
/Users/bob/Documents/Codex/2026-08-03-fire-os-7-framework-amazon-fire/firmware/extracted/PS7331/selected/system/framework/framework-res.apk,7a405abe0f721719cb5d8a280ac551f86880a70227d923e04dd922109ce8a35e,android,android.uid.system,469,false,false,PROTECTED_BROADCAST:android.net.wifi.LINK_CONFIGURATION_CHANGED
/Users/bob/Documents/Codex/2026-08-03-fire-os-7-framework-amazon-fire/firmware/extracted/PS7331/selected/system/framework/framework-res.apk,7a405abe0f721719cb5d8a280ac551f86880a70227d923e04dd922109ce8a35e,android,android.uid.system,469,false,false,PROTECTED_BROADCAST:android.net.wifi.CONFIGURED_NETWORKS_CHANGE
/Users/bob/Documents/Codex/2026-08-03-fire-os-7-framework-amazon-fire/firmware/extracted/PS7331/selected/system/framework/framework-res.apk,7a405abe0f721719cb5d8a280ac551f86880a70227d923e04dd922109ce8a35e,android,android.uid.system,469,false,false,PROTECTED_BROADCAST:android.net.wifi.action.PASSPOINT_DEAUTH_IMMINENT
/Users/bob/Documents/Codex/2026-08-03-fire-os-7-framework-amazon-fire/firmware/extracted/PS7331/selected/system/framework/framework-res.apk,7a405abe0f721719cb5d8a280ac551f86880a70227d923e04dd922109ce8a35e,android,android.uid.system,469,false,false,PROTECTED_BROADCAST:android.net.wifi.action.PASSPOINT_ICON
/Users/bob/Documents/Codex/2026-08-03-fire-os-7-framework-amazon-fire/firmware/extracted/PS7331/selected/system/framework/framework-res.apk,7a405abe0f721719cb5d8a280ac551f86880a70227d923e04dd922109ce8a35e,android,android.uid.system,469,false,false,PROTECTED_BROADCAST:android.net.wifi.action.PASSPOINT_OSU_PROVIDERS_LIST
/Users/bob/Documents/Codex/2026-08-03-fire-os-7-framework-amazon-fire/firmware/extracted/PS7331/selected/system/framework/framework-res.apk,7a405abe0f721719cb5d8a280ac551f86880a70227d923e04dd922109ce8a35e,android,android.uid.system,469,false,false,PROTECTED_BROADCAST:android.net.wifi.action.PASSPOINT_SUBSCRIPTION_REMEDIATION
/Users/bob/Documents/Codex/2026-08-03-fire-os-7-framework-amazon-fire/firmware/extracted/PS7331/selected/system/framework/framework-res.apk,7a405abe0f721719cb5d8a280ac551f86880a70227d923e04dd922109ce8a35e,android,android.uid.system,469,false,false,PROTECTED_BROADCAST:android.net.wifi.supplicant.CONNECTION_CHANGE
/Users/bob/Documents/Codex/2026-08-03-fire-os-7-framework-amazon-fire/firmware/extracted/PS7331/selected/system/framework/framework-res.apk,7a405abe0f721719cb5d8a280ac551f86880a70227d923e04dd922109ce8a35e,android,android.uid.system,469,false,false,PROTECTED_BROADCAST:android.net.wifi.supplicant.STATE_CHANGE
/Users/bob/Documents/Codex/2026-08-03-fire-os-7-framework-amazon-fire/firmware/extracted/PS7331/selected/system/framework/framework-res.apk,7a405abe0f721719cb5d8a280ac551f86880a70227d923e04dd922109ce8a35e,android,android.uid.system,469,false,false,PROTECTED_BROADCAST:android.net.wifi.p2p.STATE_CHANGED
/Users/bob/Documents/Codex/2026-08-03-fire-os-7-framework-amazon-fire/firmware/extracted/PS7331/selected/system/framework/framework-res.apk,7a405abe0f721719cb5d8a280ac551f86880a70227d923e04dd922109ce8a35e,android,android.uid.system,469,false,false,PROTECTED_BROADCAST:android.net.wifi.p2p.DISCOVERY_STATE_CHANGE
/Users/bob/Documents/Codex/2026-08-03-fire-os-7-framework-amazon-fire/firmware/extracted/PS7331/selected/system/framework/framework-res.apk,7a405abe0f721719cb5d8a280ac551f86880a70227d923e04dd922109ce8a35e,android,android.uid.system,469,false,false,PROTECTED_BROADCAST:android.net.wifi.p2p.THIS_DEVICE_CHANGED
/Users/bob/Documents/Codex/2026-08-03-fire-os-7-framework-amazon-fire/firmware/extracted/PS7331/selected/system/framework/framework-res.apk,7a405abe0f721719cb5d8a280ac551f86880a70227d923e04dd922109ce8a35e,android,android.uid.system,469,false,false,PROTECTED_BROADCAST:android.net.wifi.p2p.PEERS_CHANGED
/Users/bob/Documents/Codex/2026-08-03-fire-os-7-framework-amazon-fire/firmware/extracted/PS7331/selected/system/framework/framework-res.apk,7a405abe0f721719cb5d8a280ac551f86880a70227d923e04dd922109ce8a35e,android,android.uid.system,469,false,false,PROTECTED_BROADCAST:android.net.wifi.p2p.CONNECTION_STATE_CHANGE
/Users/bob/Documents/Codex/2026-08-03-fire-os-7-framework-amazon-fire/firmware/extracted/PS7331/selected/system/framework/framework-res.apk,7a405abe0f721719cb5d8a280ac551f86880a70227d923e04dd922109ce8a35e,android,android.uid.system,469,false,false,PROTECTED_BROADCAST:android.net.wifi.p2p.PERSISTENT_GROUPS_CHANGED
/Users/bob/Documents/Codex/2026-08-03-fire-os-7-framework-amazon-fire/firmware/extracted/PS7331/selected/system/framework/framework-res.apk,7a405abe0f721719cb5d8a280ac551f86880a70227d923e04dd922109ce8a35e,android,android.uid.system,469,false,false,PROTECTED_BROADCAST:android.net.conn.TETHER_STATE_CHANGED
/Users/bob/Documents/Codex/2026-08-03-fire-os-7-framework-amazon-fire/firmware/extracted/PS7331/selected/system/framework/framework-res.apk,7a405abe0f721719cb5d8a280ac551f86880a70227d923e04dd922109ce8a35e,android,android.uid.system,469,false,false,PROTECTED_BROADCAST:android.net.conn.INET_CONDITION_ACTION
/Users/bob/Documents/Codex/2026-08-03-fire-os-7-framework-amazon-fire/firmware/extracted/PS7331/selected/system/framework/framework-res.apk,7a405abe0f721719cb5d8a280ac551f86880a70227d923e04dd922109ce8a35e,android,android.uid.system,469,false,false,PROTECTED_BROADCAST:android.net.conn.NETWORK_CONDITIONS_MEASURED
/Users/bob/Documents/Codex/2026-08-03-fire-os-7-framework-amazon-fire/firmware/extracted/PS7331/selected/system/framework/framework-res.apk,7a405abe0f721719cb5d8a280ac551f86880a70227d923e04dd922109ce8a35e,android,android.uid.system,469,false,false,PROTECTED_BROADCAST:android.net.ConnectivityService.action.PKT_CNT_SAMPLE_INTERVAL_ELAPSED
/Users/bob/Documents/Codex/2026-08-03-fire-os-7-framework-amazon-fire/firmware/extracted/PS7331/selected/system/framework/framework-res.apk,7a405abe0f721719cb5d8a280ac551f86880a70227d923e04dd922109ce8a35e,android,android.uid.system,469,false,false,PROTECTED_BROADCAST:android.net.scoring.SCORE_NETWORKS
/Users/bob/Documents/Codex/2026-08-03-fire-os-7-framework-amazon-fire/firmware/extracted/PS7331/selected/system/framework/framework-res.apk,7a405abe0f721719cb5d8a280ac551f86880a70227d923e04dd922109ce8a35e,android,android.uid.system,469,false,false,PROTECTED_BROADCAST:android.net.scoring.SCORER_CHANGED
/Users/bob/Documents/Codex/2026-08-03-fire-os-7-framework-amazon-fire/firmware/extracted/PS7331/selected/system/framework/framework-res.apk,7a405abe0f721719cb5d8a280ac551f86880a70227d923e04dd922109ce8a35e,android,android.uid.system,469,false,false,PROTECTED_BROADCAST:android.intent.action.EXTERNAL_APPLICATIONS_AVAILABLE
/Users/bob/Documents/Codex/2026-08-03-fire-os-7-framework-amazon-fire/firmware/extracted/PS7331/selected/system/framework/framework-res.apk,7a405abe0f721719cb5d8a280ac551f86880a70227d923e04dd922109ce8a35e,android,android.uid.system,469,false,false,PROTECTED_BROADCAST:android.intent.action.EXTERNAL_APPLICATIONS_UNAVAILABLE
/Users/bob/Documents/Codex/2026-08-03-fire-os-7-framework-amazon-fire/firmware/extracted/PS7331/selected/system/framework/framework-res.apk,7a405abe0f721719cb5d8a280ac551f86880a70227d923e04dd922109ce8a35e,android,android.uid.system,469,false,false,PROTECTED_BROADCAST:android.intent.action.AIRPLANE_MODE
/Users/bob/Documents/Codex/2026-08-03-fire-os-7-framework-amazon-fire/firmware/extracted/PS7331/selected/system/framework/framework-res.apk,7a405abe0f721719cb5d8a280ac551f86880a70227d923e04dd922109ce8a35e,android,android.uid.system,469,false,false,PROTECTED_BROADCAST:android.intent.action.ADVANCED_SETTINGS
/Users/bob/Documents/Codex/2026-08-03-fire-os-7-framework-amazon-fire/firmware/extracted/PS7331/selected/system/framework/framework-res.apk,7a405abe0f721719cb5d8a280ac551f86880a70227d923e04dd922109ce8a35e,android,android.uid.system,469,false,false,PROTECTED_BROADCAST:android.intent.action.APPLICATION_RESTRICTIONS_CHANGED
/Users/bob/Documents/Codex/2026-08-03-fire-os-7-framework-amazon-fire/firmware/extracted/PS7331/selected/system/framework/framework-res.apk,7a405abe0f721719cb5d8a280ac551f86880a70227d923e04dd922109ce8a35e,android,android.uid.system,469,false,false,PROTECTED_BROADCAST:android.intent.action.ACTION_IDLE_MAINTENANCE_START
/Users/bob/Documents/Codex/2026-08-03-fire-os-7-framework-amazon-fire/firmware/extracted/PS7331/selected/system/framework/framework-res.apk,7a405abe0f721719cb5d8a280ac551f86880a70227d923e04dd922109ce8a35e,android,android.uid.system,469,false,false,PROTECTED_BROADCAST:android.intent.action.ACTION_IDLE_MAINTENANCE_END
/Users/bob/Documents/Codex/2026-08-03-fire-os-7-framework-amazon-fire/firmware/extracted/PS7331/selected/system/framework/framework-res.apk,7a405abe0f721719cb5d8a280ac551f86880a70227d923e04dd922109ce8a35e,android,android.uid.system,469,false,false,PROTECTED_BROADCAST:com.android.server.ACTION_TRIGGER_IDLE
/Users/bob/Documents/Codex/2026-08-03-fire-os-7-framework-amazon-fire/firmware/extracted/PS7331/selected/system/framework/framework-res.apk,7a405abe0f721719cb5d8a280ac551f86880a70227d923e04dd922109ce8a35e,android,android.uid.system,469,false,false,PROTECTED_BROADCAST:android.intent.action.HDMI_PLUGGED
/Users/bob/Documents/Codex/2026-08-03-fire-os-7-framework-amazon-fire/firmware/extracted/PS7331/selected/system/framework/framework-res.apk,7a405abe0f721719cb5d8a280ac551f86880a70227d923e04dd922109ce8a35e,android,android.uid.system,469,false,false,PROTECTED_BROADCAST:android.intent.action.PHONE_STATE
/Users/bob/Documents/Codex/2026-08-03-fire-os-7-framework-amazon-fire/firmware/extracted/PS7331/selected/system/framework/framework-res.apk,7a405abe0f721719cb5d8a280ac551f86880a70227d923e04dd922109ce8a35e,android,android.uid.system,469,false,false,PROTECTED_BROADCAST:android.intent.action.SUB_DEFAULT_CHANGED
/Users/bob/Documents/Codex/2026-08-03-fire-os-7-framework-amazon-fire/firmware/extracted/PS7331/selected/system/framework/framework-res.apk,7a405abe0f721719cb5d8a280ac551f86880a70227d923e04dd922109ce8a35e,android,android.uid.system,469,false,false,PROTECTED_BROADCAST:android.location.GPS_ENABLED_CHANGE
/Users/bob/Documents/Codex/2026-08-03-fire-os-7-framework-amazon-fire/firmware/extracted/PS7331/selected/system/framework/framework-res.apk,7a405abe0f721719cb5d8a280ac551f86880a70227d923e04dd922109ce8a35e,android,android.uid.system,469,false,false,PROTECTED_BROADCAST:android.location.PROVIDERS_CHANGED
/Users/bob/Documents/Codex/2026-08-03-fire-os-7-framework-amazon-fire/firmware/extracted/PS7331/selected/system/framework/framework-res.apk,7a405abe0f721719cb5d8a280ac551f86880a70227d923e04dd922109ce8a35e,android,android.uid.system,469,false,false,PROTECTED_BROADCAST:android.location.MODE_CHANGED
/Users/bob/Documents/Codex/2026-08-03-fire-os-7-framework-amazon-fire/firmware/extracted/PS7331/selected/system/framework/framework-res.apk,7a405abe0f721719cb5d8a280ac551f86880a70227d923e04dd922109ce8a35e,android,android.uid.system,469,false,false,PROTECTED_BROADCAST:android.location.GPS_FIX_CHANGE
/Users/bob/Documents/Codex/2026-08-03-fire-os-7-framework-amazon-fire/firmware/extracted/PS7331/selected/system/framework/framework-res.apk,7a405abe0f721719cb5d8a280ac551f86880a70227d923e04dd922109ce8a35e,android,android.uid.system,469,false,false,PROTECTED_BROADCAST:android.net.proxy.PAC_REFRESH
/Users/bob/Documents/Codex/2026-08-03-fire-os-7-framework-amazon-fire/firmware/extracted/PS7331/selected/system/framework/framework-res.apk,7a405abe0f721719cb5d8a280ac551f86880a70227d923e04dd922109ce8a35e,android,android.uid.system,469,false,false,PROTECTED_BROADCAST:android.telecom.action.DEFAULT_DIALER_CHANGED
/Users/bob/Documents/Codex/2026-08-03-fire-os-7-framework-amazon-fire/firmware/extracted/PS7331/selected/system/framework/framework-res.apk,7a405abe0f721719cb5d8a280ac551f86880a70227d923e04dd922109ce8a35e,android,android.uid.system,469,false,false,PROTECTED_BROADCAST:android.provider.action.DEFAULT_SMS_PACKAGE_CHANGED
/Users/bob/Documents/Codex/2026-08-03-fire-os-7-framework-amazon-fire/firmware/extracted/PS7331/selected/system/framework/framework-res.apk,7a405abe0f721719cb5d8a280ac551f86880a70227d923e04dd922109ce8a35e,android,android.uid.system,469,false,false,PROTECTED_BROADCAST:android.intent.action.CONTENT_CHANGED
/Users/bob/Documents/Codex/2026-08-03-fire-os-7-framework-amazon-fire/firmware/extracted/PS7331/selected/system/framework/framework-res.apk,7a405abe0f721719cb5d8a280ac551f86880a70227d923e04dd922109ce8a35e,android,android.uid.system,469,false,false,PROTECTED_BROADCAST:android.provider.Telephony.MMS_DOWNLOADED
/Users/bob/Documents/Codex/2026-08-03-fire-os-7-framework-amazon-fire/firmware/extracted/PS7331/selected/system/framework/framework-res.apk,7a405abe0f721719cb5d8a280ac551f86880a70227d923e04dd922109ce8a35e,android,android.uid.system,469,false,false,PROTECTED_BROADCAST:com.android.server.connectivityservice.CONNECTED_TO_PROVISIONING_NETWORK_ACTION
/Users/bob/Documents/Codex/2026-08-03-fire-os-7-framework-amazon-fire/firmware/extracted/PS7331/selected/system/framework/framework-res.apk,7a405abe0f721719cb5d8a280ac551f86880a70227d923e04dd922109ce8a35e,android,android.uid.system,469,false,false,PROTECTED_BROADCAST:android.intent.action.PERMISSION_RESPONSE_RECEIVED
/Users/bob/Documents/Codex/2026-08-03-fire-os-7-framework-amazon-fire/firmware/extracted/PS7331/selected/system/framework/framework-res.apk,7a405abe0f721719cb5d8a280ac551f86880a70227d923e04dd922109ce8a35e,android,android.uid.system,469,false,false,PROTECTED_BROADCAST:android.intent.action.REQUEST_PERMISSION
/Users/bob/Documents/Codex/2026-08-03-fire-os-7-framework-amazon-fire/firmware/extracted/PS7331/selected/system/framework/framework-res.apk,7a405abe0f721719cb5d8a280ac551f86880a70227d923e04dd922109ce8a35e,android,android.uid.system,469,false,false,PROTECTED_BROADCAST:android.nfc.handover.intent.action.HANDOVER_STARTED
/Users/bob/Documents/Codex/2026-08-03-fire-os-7-framework-amazon-fire/firmware/extracted/PS7331/selected/system/framework/framework-res.apk,7a405abe0f721719cb5d8a280ac551f86880a70227d923e04dd922109ce8a35e,android,android.uid.system,469,false,false,PROTECTED_BROADCAST:android.nfc.handover.intent.action.TRANSFER_DONE
/Users/bob/Documents/Codex/2026-08-03-fire-os-7-framework-amazon-fire/firmware/extracted/PS7331/selected/system/framework/framework-res.apk,7a405abe0f721719cb5d8a280ac551f86880a70227d923e04dd922109ce8a35e,android,android.uid.system,469,false,false,PROTECTED_BROADCAST:android.nfc.handover.intent.action.TRANSFER_PROGRESS
/Users/bob/Documents/Codex/2026-08-03-fire-os-7-framework-amazon-fire/firmware/extracted/PS7331/selected/system/framework/framework-res.apk,7a405abe0f721719cb5d8a280ac551f86880a70227d923e04dd922109ce8a35e,android,android.uid.system,469,false,false,PROTECTED_BROADCAST:android.nfc.handover.intent.action.TRANSFER_DONE
/Users/bob/Documents/Codex/2026-08-03-fire-os-7-framework-amazon-fire/firmware/extracted/PS7331/selected/system/framework/framework-res.apk,7a405abe0f721719cb5d8a280ac551f86880a70227d923e04dd922109ce8a35e,android,android.uid.system,469,false,false,PROTECTED_BROADCAST:android.intent.action.ACTION_DEFAULT_DATA_SUBSCRIPTION_CHANGED
/Users/bob/Documents/Codex/2026-08-03-fire-os-7-framework-amazon-fire/firmware/extracted/PS7331/selected/system/framework/framework-res.apk,7a405abe0f721719cb5d8a280ac551f86880a70227d923e04dd922109ce8a35e,android,android.uid.system,469,false,false,PROTECTED_BROADCAST:android.intent.action.ACTION_DEFAULT_VOICE_SUBSCRIPTION_CHANGED
/Users/bob/Documents/Codex/2026-08-03-fire-os-7-framework-amazon-fire/firmware/extracted/PS7331/selected/system/framework/framework-res.apk,7a405abe0f721719cb5d8a280ac551f86880a70227d923e04dd922109ce8a35e,android,android.uid.system,469,false,false,PROTECTED_BROADCAST:android.intent.action.ACTION_SUBINFO_CONTENT_CHANGE
/Users/bob/Documents/Codex/2026-08-03-fire-os-7-framework-amazon-fire/firmware/extracted/PS7331/selected/system/framework/framework-res.apk,7a405abe0f721719cb5d8a280ac551f86880a70227d923e04dd922109ce8a35e,android,android.uid.system,469,false,false,PROTECTED_BROADCAST:android.intent.action.ACTION_SUBINFO_RECORD_UPDATED
/Users/bob/Documents/Codex/2026-08-03-fire-os-7-framework-amazon-fire/firmware/extracted/PS7331/selected/system/framework/framework-res.apk,7a405abe0f721719cb5d8a280ac551f86880a70227d923e04dd922109ce8a35e,android,android.uid.system,469,false,false,PROTECTED_BROADCAST:android.intent.action.ACTION_SET_RADIO_CAPABILITY_DONE
/Users/bob/Documents/Codex/2026-08-03-fire-os-7-framework-amazon-fire/firmware/extracted/PS7331/selected/system/framework/framework-res.apk,7a405abe0f721719cb5d8a280ac551f86880a70227d923e04dd922109ce8a35e,android,android.uid.system,469,false,false,PROTECTED_BROADCAST:android.intent.action.ACTION_SET_RADIO_CAPABILITY_FAILED
/Users/bob/Documents/Codex/2026-08-03-fire-os-7-framework-amazon-fire/firmware/extracted/PS7331/selected/system/framework/framework-res.apk,7a405abe0f721719cb5d8a280ac551f86880a70227d923e04dd922109ce8a35e,android,android.uid.system,469,false,false,PROTECTED_BROADCAST:android.internal.policy.action.BURN_IN_PROTECTION
/Users/bob/Documents/Codex/2026-08-03-fire-os-7-framework-amazon-fire/firmware/extracted/PS7331/selected/system/framework/framework-res.apk,7a405abe0f721719cb5d8a280ac551f86880a70227d923e04dd922109ce8a35e,android,android.uid.system,469,false,false,PROTECTED_BROADCAST:android.app.action.SYSTEM_UPDATE_POLICY_CHANGED
/Users/bob/Documents/Codex/2026-08-03-fire-os-7-framework-amazon-fire/firmware/extracted/PS7331/selected/system/framework/framework-res.apk,7a405abe0f721719cb5d8a280ac551f86880a70227d923e04dd922109ce8a35e,android,android.uid.system,469,false,false,PROTECTED_BROADCAST:android.app.action.DEVICE_OWNER_CHANGED
/Users/bob/Documents/Codex/2026-08-03-fire-os-7-framework-amazon-fire/firmware/extracted/PS7331/selected/system/framework/framework-res.apk,7a405abe0f721719cb5d8a280ac551f86880a70227d923e04dd922109ce8a35e,android,android.uid.system,469,false,false,PROTECTED_BROADCAST:android.app.action.MANAGED_USER_CREATED
/Users/bob/Documents/Codex/2026-08-03-fire-os-7-framework-amazon-fire/firmware/extracted/PS7331/selected/system/framework/framework-res.apk,7a405abe0f721719cb5d8a280ac551f86880a70227d923e04dd922109ce8a35e,android,android.uid.system,469,false,false,PROTECTED_BROADCAST:android.intent.action.ANR
/Users/bob/Documents/Codex/2026-08-03-fire-os-7-framework-amazon-fire/firmware/extracted/PS7331/selected/system/framework/framework-res.apk,7a405abe0f721719cb5d8a280ac551f86880a70227d923e04dd922109ce8a35e,android,android.uid.system,469,false,false,PROTECTED_BROADCAST:android.intent.action.CALL
/Users/bob/Documents/Codex/2026-08-03-fire-os-7-framework-amazon-fire/firmware/extracted/PS7331/selected/system/framework/framework-res.apk,7a405abe0f721719cb5d8a280ac551f86880a70227d923e04dd922109ce8a35e,android,android.uid.system,469,false,false,PROTECTED_BROADCAST:android.intent.action.CALL_PRIVILEGED
/Users/bob/Documents/Codex/2026-08-03-fire-os-7-framework-amazon-fire/firmware/extracted/PS7331/selected/system/framework/framework-res.apk,7a405abe0f721719cb5d8a280ac551f86880a70227d923e04dd922109ce8a35e,android,android.uid.system,469,false,false,PROTECTED_BROADCAST:android.intent.action.DROPBOX_ENTRY_ADDED
/Users/bob/Documents/Codex/2026-08-03-fire-os-7-framework-amazon-fire/firmware/extracted/PS7331/selected/system/framework/framework-res.apk,7a405abe0f721719cb5d8a280ac551f86880a70227d923e04dd922109ce8a35e,android,android.uid.system,469,false,false,PROTECTED_BROADCAST:android.intent.action.INPUT_METHOD_CHANGED
/Users/bob/Documents/Codex/2026-08-03-fire-os-7-framework-amazon-fire/firmware/extracted/PS7331/selected/system/framework/framework-res.apk,7a405abe0f721719cb5d8a280ac551f86880a70227d923e04dd922109ce8a35e,android,android.uid.system,469,false,false,PROTECTED_BROADCAST:android.intent.action.internal_sim_state_changed
/Users/bob/Documents/Codex/2026-08-03-fire-os-7-framework-amazon-fire/firmware/extracted/PS7331/selected/system/framework/framework-res.apk,7a405abe0f721719cb5d8a280ac551f86880a70227d923e04dd922109ce8a35e,android,android.uid.system,469,false,false,PROTECTED_BROADCAST:android.intent.action.LOCKED_BOOT_COMPLETED
/Users/bob/Documents/Codex/2026-08-03-fire-os-7-framework-amazon-fire/firmware/extracted/PS7331/selected/system/framework/framework-res.apk,7a405abe0f721719cb5d8a280ac551f86880a70227d923e04dd922109ce8a35e,android,android.uid.system,469,false,false,PROTECTED_BROADCAST:android.intent.action.PRECISE_CALL_STATE
/Users/bob/Documents/Codex/2026-08-03-fire-os-7-framework-amazon-fire/firmware/extracted/PS7331/selected/system/framework/framework-res.apk,7a405abe0f721719cb5d8a280ac551f86880a70227d923e04dd922109ce8a35e,android,android.uid.system,469,false,false,PROTECTED_BROADCAST:android.intent.action.PRECISE_DATA_CONNECTION_STATE_CHANGED
/Users/bob/Documents/Codex/2026-08-03-fire-os-7-framework-amazon-fire/firmware/extracted/PS7331/selected/system/framework/framework-res.apk,7a405abe0f721719cb5d8a280ac551f86880a70227d923e04dd922109ce8a35e,android,android.uid.system,469,false,false,PROTECTED_BROADCAST:android.intent.action.SUBSCRIPTION_PHONE_STATE
/Users/bob/Documents/Codex/2026-08-03-fire-os-7-framework-amazon-fire/firmware/extracted/PS7331/selected/system/framework/framework-res.apk,7a405abe0f721719cb5d8a280ac551f86880a70227d923e04dd922109ce8a35e,android,android.uid.system,469,false,false,PROTECTED_BROADCAST:android.intent.action.USER_INFO_CHANGED
/Users/bob/Documents/Codex/2026-08-03-fire-os-7-framework-amazon-fire/firmware/extracted/PS7331/selected/system/framework/framework-res.apk,7a405abe0f721719cb5d8a280ac551f86880a70227d923e04dd922109ce8a35e,android,android.uid.system,469,false,false,PROTECTED_BROADCAST:android.intent.action.USER_UNLOCKED
/Users/bob/Documents/Codex/2026-08-03-fire-os-7-framework-amazon-fire/firmware/extracted/PS7331/selected/system/framework/framework-res.apk,7a405abe0f721719cb5d8a280ac551f86880a70227d923e04dd922109ce8a35e,android,android.uid.system,469,false,false,PROTECTED_BROADCAST:android.intent.action.WALLPAPER_CHANGED
/Users/bob/Documents/Codex/2026-08-03-fire-os-7-framework-amazon-fire/firmware/extracted/PS7331/selected/system/framework/framework-res.apk,7a405abe0f721719cb5d8a280ac551f86880a70227d923e04dd922109ce8a35e,android,android.uid.system,469,false,false,PROTECTED_BROADCAST:android.app.action.DEVICE_POLICY_MANAGER_STATE_CHANGED
/Users/bob/Documents/Codex/2026-08-03-fire-os-7-framework-amazon-fire/firmware/extracted/PS7331/selected/system/framework/framework-res.apk,7a405abe0f721719cb5d8a280ac551f86880a70227d923e04dd922109ce8a35e,android,android.uid.system,469,false,false,PROTECTED_BROADCAST:android.app.action.CHOOSE_PRIVATE_KEY_ALIAS
/Users/bob/Documents/Codex/2026-08-03-fire-os-7-framework-amazon-fire/firmware/extracted/PS7331/selected/system/framework/framework-res.apk,7a405abe0f721719cb5d8a280ac551f86880a70227d923e04dd922109ce8a35e,android,android.uid.system,469,false,false,PROTECTED_BROADCAST:android.app.action.DEVICE_ADMIN_DISABLED
/Users/bob/Documents/Codex/2026-08-03-fire-os-7-framework-amazon-fire/firmware/extracted/PS7331/selected/system/framework/framework-res.apk,7a405abe0f721719cb5d8a280ac551f86880a70227d923e04dd922109ce8a35e,android,android.uid.system,469,false,false,PROTECTED_BROADCAST:android.app.action.DEVICE_ADMIN_DISABLE_REQUESTED
/Users/bob/Documents/Codex/2026-08-03-fire-os-7-framework-amazon-fire/firmware/extracted/PS7331/selected/system/framework/framework-res.apk,7a405abe0f721719cb5d8a280ac551f86880a70227d923e04dd922109ce8a35e,android,android.uid.system,469,false,false,PROTECTED_BROADCAST:android.app.action.DEVICE_ADMIN_ENABLED
/Users/bob/Documents/Codex/2026-08-03-fire-os-7-framework-amazon-fire/firmware/extracted/PS7331/selected/system/framework/framework-res.apk,7a405abe0f721719cb5d8a280ac551f86880a70227d923e04dd922109ce8a35e,android,android.uid.system,469,false,false,PROTECTED_BROADCAST:android.app.action.LOCK_TASK_ENTERING
/Users/bob/Documents/Codex/2026-08-03-fire-os-7-framework-amazon-fire/firmware/extracted/PS7331/selected/system/framework/framework-res.apk,7a405abe0f721719cb5d8a280ac551f86880a70227d923e04dd922109ce8a35e,android,android.uid.system,469,false,false,PROTECTED_BROADCAST:android.app.action.LOCK_TASK_EXITING
/Users/bob/Documents/Codex/2026-08-03-fire-os-7-framework-amazon-fire/firmware/extracted/PS7331/selected/system/framework/framework-res.apk,7a405abe0f721719cb5d8a280ac551f86880a70227d923e04dd922109ce8a35e,android,android.uid.system,469,false,false,PROTECTED_BROADCAST:android.app.action.NOTIFY_PENDING_SYSTEM_UPDATE
/Users/bob/Documents/Codex/2026-08-03-fire-os-7-framework-amazon-fire/firmware/extracted/PS7331/selected/system/framework/framework-res.apk,7a405abe0f721719cb5d8a280ac551f86880a70227d923e04dd922109ce8a35e,android,android.uid.system,469,false,false,PROTECTED_BROADCAST:android.app.action.ACTION_PASSWORD_CHANGED
/Users/bob/Documents/Codex/2026-08-03-fire-os-7-framework-amazon-fire/firmware/extracted/PS7331/selected/system/framework/framework-res.apk,7a405abe0f721719cb5d8a280ac551f86880a70227d923e04dd922109ce8a35e,android,android.uid.system,469,false,false,PROTECTED_BROADCAST:android.app.action.ACTION_PASSWORD_EXPIRING
/Users/bob/Documents/Codex/2026-08-03-fire-os-7-framework-amazon-fire/firmware/extracted/PS7331/selected/system/framework/framework-res.apk,7a405abe0f721719cb5d8a280ac551f86880a70227d923e04dd922109ce8a35e,android,android.uid.system,469,false,false,PROTECTED_BROADCAST:android.app.action.ACTION_PASSWORD_FAILED
/Users/bob/Documents/Codex/2026-08-03-fire-os-7-framework-amazon-fire/firmware/extracted/PS7331/selected/system/framework/framework-res.apk,7a405abe0f721719cb5d8a280ac551f86880a70227d923e04dd922109ce8a35e,android,android.uid.system,469,false,false,PROTECTED_BROADCAST:android.app.action.ACTION_PASSWORD_SUCCEEDED
/Users/bob/Documents/Codex/2026-08-03-fire-os-7-framework-amazon-fire/firmware/extracted/PS7331/selected/system/framework/framework-res.apk,7a405abe0f721719cb5d8a280ac551f86880a70227d923e04dd922109ce8a35e,android,android.uid.system,469,false,false,PROTECTED_BROADCAST:com.android.server.ACTION_EXPIRED_PASSWORD_NOTIFICATION
/Users/bob/Documents/Codex/2026-08-03-fire-os-7-framework-amazon-fire/firmware/extracted/PS7331/selected/system/framework/framework-res.apk,7a405abe0f721719cb5d8a280ac551f86880a70227d923e04dd922109ce8a35e,android,android.uid.system,469,false,false,PROTECTED_BROADCAST:android.intent.action.MANAGED_PROFILE_ADDED
/Users/bob/Documents/Codex/2026-08-03-fire-os-7-framework-amazon-fire/firmware/extracted/PS7331/selected/system/framework/framework-res.apk,7a405abe0f721719cb5d8a280ac551f86880a70227d923e04dd922109ce8a35e,android,android.uid.system,469,false,false,PROTECTED_BROADCAST:android.intent.action.MANAGED_PROFILE_UNLOCKED
/Users/bob/Documents/Codex/2026-08-03-fire-os-7-framework-amazon-fire/firmware/extracted/PS7331/selected/system/framework/framework-res.apk,7a405abe0f721719cb5d8a280ac551f86880a70227d923e04dd922109ce8a35e,android,android.uid.system,469,false,false,PROTECTED_BROADCAST:android.intent.action.MANAGED_PROFILE_REMOVED
/Users/bob/Documents/Codex/2026-08-03-fire-os-7-framework-amazon-fire/firmware/extracted/PS7331/selected/system/framework/framework-res.apk,7a405abe0f721719cb5d8a280ac551f86880a70227d923e04dd922109ce8a35e,android,android.uid.system,469,false,false,PROTECTED_BROADCAST:android.bluetooth.adapter.action.BLE_STATE_CHANGED
/Users/bob/Documents/Codex/2026-08-03-fire-os-7-framework-amazon-fire/firmware/extracted/PS7331/selected/system/framework/framework-res.apk,7a405abe0f721719cb5d8a280ac551f86880a70227d923e04dd922109ce8a35e,android,android.uid.system,469,false,false,PROTECTED_BROADCAST:com.android.bluetooth.map.USER_CONFIRM_TIMEOUT
/Users/bob/Documents/Codex/2026-08-03-fire-os-7-framework-amazon-fire/firmware/extracted/PS7331/selected/system/framework/framework-res.apk,7a405abe0f721719cb5d8a280ac551f86880a70227d923e04dd922109ce8a35e,android,android.uid.system,469,false,false,PROTECTED_BROADCAST:com.android.bluetooth.BluetoothMapContentObserver.action.MESSAGE_SENT
/Users/bob/Documents/Codex/2026-08-03-fire-os-7-framework-amazon-fire/firmware/extracted/PS7331/selected/system/framework/framework-res.apk,7a405abe0f721719cb5d8a280ac551f86880a70227d923e04dd922109ce8a35e,android,android.uid.system,469,false,false,PROTECTED_BROADCAST:com.android.bluetooth.BluetoothMapContentObserver.action.MESSAGE_DELIVERY
/Users/bob/Documents/Codex/2026-08-03-fire-os-7-framework-amazon-fire/firmware/extracted/PS7331/selected/system/framework/framework-res.apk,7a405abe0f721719cb5d8a280ac551f86880a70227d923e04dd922109ce8a35e,android,android.uid.system,469,false,false,PROTECTED_BROADCAST:android.content.jobscheduler.JOB_DELAY_EXPIRED
/Users/bob/Documents/Codex/2026-08-03-fire-os-7-framework-amazon-fire/firmware/extracted/PS7331/selected/system/framework/framework-res.apk,7a405abe0f721719cb5d8a280ac551f86880a70227d923e04dd922109ce8a35e,android,android.uid.system,469,false,false,PROTECTED_BROADCAST:android.content.syncmanager.SYNC_ALARM
/Users/bob/Documents/Codex/2026-08-03-fire-os-7-framework-amazon-fire/firmware/extracted/PS7331/selected/system/framework/framework-res.apk,7a405abe0f721719cb5d8a280ac551f86880a70227d923e04dd922109ce8a35e,android,android.uid.system,469,false,false,PROTECTED_BROADCAST:android.media.INTERNAL_RINGER_MODE_CHANGED_ACTION
/Users/bob/Documents/Codex/2026-08-03-fire-os-7-framework-amazon-fire/firmware/extracted/PS7331/selected/system/framework/framework-res.apk,7a405abe0f721719cb5d8a280ac551f86880a70227d923e04dd922109ce8a35e,android,android.uid.system,469,false,false,PROTECTED_BROADCAST:android.media.STREAM_DEVICES_CHANGED_ACTION
/Users/bob/Documents/Codex/2026-08-03-fire-os-7-framework-amazon-fire/firmware/extracted/PS7331/selected/system/framework/framework-res.apk,7a405abe0f721719cb5d8a280ac551f86880a70227d923e04dd922109ce8a35e,android,android.uid.system,469,false,false,PROTECTED_BROADCAST:android.media.STREAM_MUTE_CHANGED_ACTION
/Users/bob/Documents/Codex/2026-08-03-fire-os-7-framework-amazon-fire/firmware/extracted/PS7331/selected/system/framework/framework-res.apk,7a405abe0f721719cb5d8a280ac551f86880a70227d923e04dd922109ce8a35e,android,android.uid.system,469,false,false,PROTECTED_BROADCAST:android.net.sip.SIP_SERVICE_UP
/Users/bob/Documents/Codex/2026-08-03-fire-os-7-framework-amazon-fire/firmware/extracted/PS7331/selected/system/framework/framework-res.apk,7a405abe0f721719cb5d8a280ac551f86880a70227d923e04dd922109ce8a35e,android,android.uid.system,469,false,false,PROTECTED_BROADCAST:android.nfc.action.ADAPTER_STATE_CHANGED
/Users/bob/Documents/Codex/2026-08-03-fire-os-7-framework-amazon-fire/firmware/extracted/PS7331/selected/system/framework/framework-res.apk,7a405abe0f721719cb5d8a280ac551f86880a70227d923e04dd922109ce8a35e,android,android.uid.system,469,false,false,PROTECTED_BROADCAST:android.os.action.CHARGING
/Users/bob/Documents/Codex/2026-08-03-fire-os-7-framework-amazon-fire/firmware/extracted/PS7331/selected/system/framework/framework-res.apk,7a405abe0f721719cb5d8a280ac551f86880a70227d923e04dd922109ce8a35e,android,android.uid.system,469,false,false,PROTECTED_BROADCAST:android.os.action.DISCHARGING
/Users/bob/Documents/Codex/2026-08-03-fire-os-7-framework-amazon-fire/firmware/extracted/PS7331/selected/system/framework/framework-res.apk,7a405abe0f721719cb5d8a280ac551f86880a70227d923e04dd922109ce8a35e,android,android.uid.system,469,false,false,PROTECTED_BROADCAST:android.search.action.SEARCHABLES_CHANGED
/Users/bob/Documents/Codex/2026-08-03-fire-os-7-framework-amazon-fire/firmware/extracted/PS7331/selected/system/framework/framework-res.apk,7a405abe0f721719cb5d8a280ac551f86880a70227d923e04dd922109ce8a35e,android,android.uid.system,469,false,false,PROTECTED_BROADCAST:android.security.STORAGE_CHANGED
/Users/bob/Documents/Codex/2026-08-03-fire-os-7-framework-amazon-fire/firmware/extracted/PS7331/selected/system/framework/framework-res.apk,7a405abe0f721719cb5d8a280ac551f86880a70227d923e04dd922109ce8a35e,android,android.uid.system,469,false,false,PROTECTED_BROADCAST:android.security.action.TRUST_STORE_CHANGED
/Users/bob/Documents/Codex/2026-08-03-fire-os-7-framework-amazon-fire/firmware/extracted/PS7331/selected/system/framework/framework-res.apk,7a405abe0f721719cb5d8a280ac551f86880a70227d923e04dd922109ce8a35e,android,android.uid.system,469,false,false,PROTECTED_BROADCAST:android.security.action.KEYCHAIN_CHANGED
/Users/bob/Documents/Codex/2026-08-03-fire-os-7-framework-amazon-fire/firmware/extracted/PS7331/selected/system/framework/framework-res.apk,7a405abe0f721719cb5d8a280ac551f86880a70227d923e04dd922109ce8a35e,android,android.uid.system,469,false,false,PROTECTED_BROADCAST:android.security.action.KEY_ACCESS_CHANGED
/Users/bob/Documents/Codex/2026-08-03-fire-os-7-framework-amazon-fire/firmware/extracted/PS7331/selected/system/framework/framework-res.apk,7a405abe0f721719cb5d8a280ac551f86880a70227d923e04dd922109ce8a35e,android,android.uid.system,469,false,false,PROTECTED_BROADCAST:android.telecom.action.PHONE_ACCOUNT_REGISTERED
/Users/bob/Documents/Codex/2026-08-03-fire-os-7-framework-amazon-fire/firmware/extracted/PS7331/selected/system/framework/framework-res.apk,7a405abe0f721719cb5d8a280ac551f86880a70227d923e04dd922109ce8a35e,android,android.uid.system,469,false,false,PROTECTED_BROADCAST:android.telecom.action.PHONE_ACCOUNT_UNREGISTERED
/Users/bob/Documents/Codex/2026-08-03-fire-os-7-framework-amazon-fire/firmware/extracted/PS7331/selected/system/framework/framework-res.apk,7a405abe0f721719cb5d8a280ac551f86880a70227d923e04dd922109ce8a35e,android,android.uid.system,469,false,false,PROTECTED_BROADCAST:android.telecom.action.SHOW_MISSED_CALLS_NOTIFICATION
/Users/bob/Documents/Codex/2026-08-03-fire-os-7-framework-amazon-fire/firmware/extracted/PS7331/selected/system/framework/framework-res.apk,7a405abe0f721719cb5d8a280ac551f86880a70227d923e04dd922109ce8a35e,android,android.uid.system,469,false,false,PROTECTED_BROADCAST:android.telephony.action.CARRIER_CONFIG_CHANGED
/Users/bob/Documents/Codex/2026-08-03-fire-os-7-framework-amazon-fire/firmware/extracted/PS7331/selected/system/framework/framework-res.apk,7a405abe0f721719cb5d8a280ac551f86880a70227d923e04dd922109ce8a35e,android,android.uid.system,469,false,false,PROTECTED_BROADCAST:android.telephony.action.DEFAULT_SUBSCRIPTION_CHANGED
/Users/bob/Documents/Codex/2026-08-03-fire-os-7-framework-amazon-fire/firmware/extracted/PS7331/selected/system/framework/framework-res.apk,7a405abe0f721719cb5d8a280ac551f86880a70227d923e04dd922109ce8a35e,android,android.uid.system,469,false,false,PROTECTED_BROADCAST:android.telephony.action.DEFAULT_SMS_SUBSCRIPTION_CHANGED
/Users/bob/Documents/Codex/2026-08-03-fire-os-7-framework-amazon-fire/firmware/extracted/PS7331/selected/system/framework/framework-res.apk,7a405abe0f721719cb5d8a280ac551f86880a70227d923e04dd922109ce8a35e,android,android.uid.system,469,false,false,PROTECTED_BROADCAST:android.telephony.action.SHOW_VOICEMAIL_NOTIFICATION
/Users/bob/Documents/Codex/2026-08-03-fire-os-7-framework-amazon-fire/firmware/extracted/PS7331/selected/system/framework/framework-res.apk,7a405abe0f721719cb5d8a280ac551f86880a70227d923e04dd922109ce8a35e,android,android.uid.system,469,false,false,PROTECTED_BROADCAST:android.telephony.action.SUBSCRIPTION_PLANS_CHANGED
/Users/bob/Documents/Codex/2026-08-03-fire-os-7-framework-amazon-fire/firmware/extracted/PS7331/selected/system/framework/framework-res.apk,7a405abe0f721719cb5d8a280ac551f86880a70227d923e04dd922109ce8a35e,android,android.uid.system,469,false,false,PROTECTED_BROADCAST:com.android.bluetooth.btservice.action.ALARM_WAKEUP
/Users/bob/Documents/Codex/2026-08-03-fire-os-7-framework-amazon-fire/firmware/extracted/PS7331/selected/system/framework/framework-res.apk,7a405abe0f721719cb5d8a280ac551f86880a70227d923e04dd922109ce8a35e,android,android.uid.system,469,false,false,PROTECTED_BROADCAST:com.android.server.action.NETWORK_STATS_POLL
/Users/bob/Documents/Codex/2026-08-03-fire-os-7-framework-amazon-fire/firmware/extracted/PS7331/selected/system/framework/framework-res.apk,7a405abe0f721719cb5d8a280ac551f86880a70227d923e04dd922109ce8a35e,android,android.uid.system,469,false,false,PROTECTED_BROADCAST:com.android.server.action.NETWORK_STATS_UPDATED
/Users/bob/Documents/Codex/2026-08-03-fire-os-7-framework-amazon-fire/firmware/extracted/PS7331/selected/system/framework/framework-res.apk,7a405abe0f721719cb5d8a280ac551f86880a70227d923e04dd922109ce8a35e,android,android.uid.system,469,false,false,PROTECTED_BROADCAST:com.android.server.NetworkTimeUpdateService.action.POLL
/Users/bob/Documents/Codex/2026-08-03-fire-os-7-framework-amazon-fire/firmware/extracted/PS7331/selected/system/framework/framework-res.apk,7a405abe0f721719cb5d8a280ac551f86880a70227d923e04dd922109ce8a35e,android,android.uid.system,469,false,false,PROTECTED_BROADCAST:com.android.server.telecom.intent.action.CALLS_ADD_ENTRY
/Users/bob/Documents/Codex/2026-08-03-fire-os-7-framework-amazon-fire/firmware/extracted/PS7331/selected/system/framework/framework-res.apk,7a405abe0f721719cb5d8a280ac551f86880a70227d923e04dd922109ce8a35e,android,android.uid.system,469,false,false,PROTECTED_BROADCAST:com.android.settings.location.MODE_CHANGING
/Users/bob/Documents/Codex/2026-08-03-fire-os-7-framework-amazon-fire/firmware/extracted/PS7331/selected/system/framework/framework-res.apk,7a405abe0f721719cb5d8a280ac551f86880a70227d923e04dd922109ce8a35e,android,android.uid.system,469,false,false,PROTECTED_BROADCAST:com.android.settings.bluetooth.ACTION_DISMISS_PAIRING
/Users/bob/Documents/Codex/2026-08-03-fire-os-7-framework-amazon-fire/firmware/extracted/PS7331/selected/system/framework/framework-res.apk,7a405abe0f721719cb5d8a280ac551f86880a70227d923e04dd922109ce8a35e,android,android.uid.system,469,false,false,PROTECTED_BROADCAST:NotificationManagerService.TIMEOUT
/Users/bob/Documents/Codex/2026-08-03-fire-os-7-framework-amazon-fire/firmware/extracted/PS7331/selected/system/framework/framework-res.apk,7a405abe0f721719cb5d8a280ac551f86880a70227d923e04dd922109ce8a35e,android,android.uid.system,469,false,false,PROTECTED_BROADCAST:ScheduleConditionProvider.EVALUATE
/Users/bob/Documents/Codex/2026-08-03-fire-os-7-framework-amazon-fire/firmware/extracted/PS7331/selected/system/framework/framework-res.apk,7a405abe0f721719cb5d8a280ac551f86880a70227d923e04dd922109ce8a35e,android,android.uid.system,469,false,false,PROTECTED_BROADCAST:EventConditionProvider.EVALUATE
/Users/bob/Documents/Codex/2026-08-03-fire-os-7-framework-amazon-fire/firmware/extracted/PS7331/selected/system/framework/framework-res.apk,7a405abe0f721719cb5d8a280ac551f86880a70227d923e04dd922109ce8a35e,android,android.uid.system,469,false,false,PROTECTED_BROADCAST:SnoozeHelper.EVALUATE
/Users/bob/Documents/Codex/2026-08-03-fire-os-7-framework-amazon-fire/firmware/extracted/PS7331/selected/system/framework/framework-res.apk,7a405abe0f721719cb5d8a280ac551f86880a70227d923e04dd922109ce8a35e,android,android.uid.system,469,false,false,PROTECTED_BROADCAST:wifi_scan_available
/Users/bob/Documents/Codex/2026-08-03-fire-os-7-framework-amazon-fire/firmware/extracted/PS7331/selected/system/framework/framework-res.apk,7a405abe0f721719cb5d8a280ac551f86880a70227d923e04dd922109ce8a35e,android,android.uid.system,469,false,false,PROTECTED_BROADCAST:action.cne.started
/Users/bob/Documents/Codex/2026-08-03-fire-os-7-framework-amazon-fire/firmware/extracted/PS7331/selected/system/framework/framework-res.apk,7a405abe0f721719cb5d8a280ac551f86880a70227d923e04dd922109ce8a35e,android,android.uid.system,469,false,false,PROTECTED_BROADCAST:android.content.jobscheduler.JOB_DEADLINE_EXPIRED
/Users/bob/Documents/Codex/2026-08-03-fire-os-7-framework-amazon-fire/firmware/extracted/PS7331/selected/system/framework/framework-res.apk,7a405abe0f721719cb5d8a280ac551f86880a70227d923e04dd922109ce8a35e,android,android.uid.system,469,false,false,PROTECTED_BROADCAST:android.intent.action.ACTION_UNSOL_RESPONSE_OEM_HOOK_RAW
/Users/bob/Documents/Codex/2026-08-03-fire-os-7-framework-amazon-fire/firmware/extracted/PS7331/selected/system/framework/framework-res.apk,7a405abe0f721719cb5d8a280ac551f86880a70227d923e04dd922109ce8a35e,android,android.uid.system,469,false,false,PROTECTED_BROADCAST:android.net.conn.CONNECTIVITY_CHANGE_SUPL
/Users/bob/Documents/Codex/2026-08-03-fire-os-7-framework-amazon-fire/firmware/extracted/PS7331/selected/system/framework/framework-res.apk,7a405abe0f721719cb5d8a280ac551f86880a70227d923e04dd922109ce8a35e,android,android.uid.system,469,false,false,PROTECTED_BROADCAST:android.os.action.LIGHT_DEVICE_IDLE_MODE_CHANGED
/Users/bob/Documents/Codex/2026-08-03-fire-os-7-framework-amazon-fire/firmware/extracted/PS7331/selected/system/framework/framework-res.apk,7a405abe0f721719cb5d8a280ac551f86880a70227d923e04dd922109ce8a35e,android,android.uid.system,469,false,false,PROTECTED_BROADCAST:android.os.storage.action.VOLUME_STATE_CHANGED
/Users/bob/Documents/Codex/2026-08-03-fire-os-7-framework-amazon-fire/firmware/extracted/PS7331/selected/system/framework/framework-res.apk,7a405abe0f721719cb5d8a280ac551f86880a70227d923e04dd922109ce8a35e,android,android.uid.system,469,false,false,PROTECTED_BROADCAST:android.os.storage.action.DISK_SCANNED
/Users/bob/Documents/Codex/2026-08-03-fire-os-7-framework-amazon-fire/firmware/extracted/PS7331/selected/system/framework/framework-res.apk,7a405abe0f721719cb5d8a280ac551f86880a70227d923e04dd922109ce8a35e,android,android.uid.system,469,false,false,PROTECTED_BROADCAST:com.android.server.action.UPDATE_TWILIGHT_STATE
/Users/bob/Documents/Codex/2026-08-03-fire-os-7-framework-amazon-fire/firmware/extracted/PS7331/selected/system/framework/framework-res.apk,7a405abe0f721719cb5d8a280ac551f86880a70227d923e04dd922109ce8a35e,android,android.uid.system,469,false,false,PROTECTED_BROADCAST:com.android.server.action.RESET_TWILIGHT_AUTO
/Users/bob/Documents/Codex/2026-08-03-fire-os-7-framework-amazon-fire/firmware/extracted/PS7331/selected/system/framework/framework-res.apk,7a405abe0f721719cb5d8a280ac551f86880a70227d923e04dd922109ce8a35e,android,android.uid.system,469,false,false,PROTECTED_BROADCAST:com.android.server.device_idle.STEP_IDLE_STATE
/Users/bob/Documents/Codex/2026-08-03-fire-os-7-framework-amazon-fire/firmware/extracted/PS7331/selected/system/framework/framework-res.apk,7a405abe0f721719cb5d8a280ac551f86880a70227d923e04dd922109ce8a35e,android,android.uid.system,469,false,false,PROTECTED_BROADCAST:com.android.server.device_idle.STEP_LIGHT_IDLE_STATE
/Users/bob/Documents/Codex/2026-08-03-fire-os-7-framework-amazon-fire/firmware/extracted/PS7331/selected/system/framework/framework-res.apk,7a405abe0f721719cb5d8a280ac551f86880a70227d923e04dd922109ce8a35e,android,android.uid.system,469,false,false,PROTECTED_BROADCAST:com.android.server.Wifi.action.TOGGLE_PNO
/Users/bob/Documents/Codex/2026-08-03-fire-os-7-framework-amazon-fire/firmware/extracted/PS7331/selected/system/framework/framework-res.apk,7a405abe0f721719cb5d8a280ac551f86880a70227d923e04dd922109ce8a35e,android,android.uid.system,469,false,false,PROTECTED_BROADCAST:intent.action.ACTION_RF_BAND_INFO
/Users/bob/Documents/Codex/2026-08-03-fire-os-7-framework-amazon-fire/firmware/extracted/PS7331/selected/system/framework/framework-res.apk,7a405abe0f721719cb5d8a280ac551f86880a70227d923e04dd922109ce8a35e,android,android.uid.system,469,false,false,PROTECTED_BROADCAST:android.intent.action.MEDIA_RESOURCE_GRANTED
/Users/bob/Documents/Codex/2026-08-03-fire-os-7-framework-amazon-fire/firmware/extracted/PS7331/selected/system/framework/framework-res.apk,7a405abe0f721719cb5d8a280ac551f86880a70227d923e04dd922109ce8a35e,android,android.uid.system,469,false,false,PROTECTED_BROADCAST:android.app.action.NETWORK_LOGS_AVAILABLE
/Users/bob/Documents/Codex/2026-08-03-fire-os-7-framework-amazon-fire/firmware/extracted/PS7331/selected/system/framework/framework-res.apk,7a405abe0f721719cb5d8a280ac551f86880a70227d923e04dd922109ce8a35e,android,android.uid.system,469,false,false,PROTECTED_BROADCAST:android.app.action.SECURITY_LOGS_AVAILABLE
/Users/bob/Documents/Codex/2026-08-03-fire-os-7-framework-amazon-fire/firmware/extracted/PS7331/selected/system/framework/framework-res.apk,7a405abe0f721719cb5d8a280ac551f86880a70227d923e04dd922109ce8a35e,android,android.uid.system,469,false,false,PROTECTED_BROADCAST:android.app.action.INTERRUPTION_FILTER_CHANGED
/Users/bob/Documents/Codex/2026-08-03-fire-os-7-framework-amazon-fire/firmware/extracted/PS7331/selected/system/framework/framework-res.apk,7a405abe0f721719cb5d8a280ac551f86880a70227d923e04dd922109ce8a35e,android,android.uid.system,469,false,false,PROTECTED_BROADCAST:android.app.action.INTERRUPTION_FILTER_CHANGED_INTERNAL
/Users/bob/Documents/Codex/2026-08-03-fire-os-7-framework-amazon-fire/firmware/extracted/PS7331/selected/system/framework/framework-res.apk,7a405abe0f721719cb5d8a280ac551f86880a70227d923e04dd922109ce8a35e,android,android.uid.system,469,false,false,PROTECTED_BROADCAST:android.app.action.NOTIFICATION_POLICY_CHANGED
/Users/bob/Documents/Codex/2026-08-03-fire-os-7-framework-amazon-fire/firmware/extracted/PS7331/selected/system/framework/framework-res.apk,7a405abe0f721719cb5d8a280ac551f86880a70227d923e04dd922109ce8a35e,android,android.uid.system,469,false,false,PROTECTED_BROADCAST:android.app.action.NOTIFICATION_POLICY_ACCESS_GRANTED_CHANGED
/Users/bob/Documents/Codex/2026-08-03-fire-os-7-framework-amazon-fire/firmware/extracted/PS7331/selected/system/framework/framework-res.apk,7a405abe0f721719cb5d8a280ac551f86880a70227d923e04dd922109ce8a35e,android,android.uid.system,469,false,false,PROTECTED_BROADCAST:android.os.action.ACTION_EFFECTS_SUPPRESSOR_CHANGED
/Users/bob/Documents/Codex/2026-08-03-fire-os-7-framework-amazon-fire/firmware/extracted/PS7331/selected/system/framework/framework-res.apk,7a405abe0f721719cb5d8a280ac551f86880a70227d923e04dd922109ce8a35e,android,android.uid.system,469,false,false,PROTECTED_BROADCAST:android.app.action.NOTIFICATION_CHANNEL_BLOCK_STATE_CHANGED
/Users/bob/Documents/Codex/2026-08-03-fire-os-7-framework-amazon-fire/firmware/extracted/PS7331/selected/system/framework/framework-res.apk,7a405abe0f721719cb5d8a280ac551f86880a70227d923e04dd922109ce8a35e,android,android.uid.system,469,false,false,PROTECTED_BROADCAST:android.app.action.NOTIFICATION_CHANNEL_GROUP_BLOCK_STATE_CHANGED
/Users/bob/Documents/Codex/2026-08-03-fire-os-7-framework-amazon-fire/firmware/extracted/PS7331/selected/system/framework/framework-res.apk,7a405abe0f721719cb5d8a280ac551f86880a70227d923e04dd922109ce8a35e,android,android.uid.system,469,false,false,PROTECTED_BROADCAST:android.app.action.APP_BLOCK_STATE_CHANGED
/Users/bob/Documents/Codex/2026-08-03-fire-os-7-framework-amazon-fire/firmware/extracted/PS7331/selected/system/framework/framework-res.apk,7a405abe0f721719cb5d8a280ac551f86880a70227d923e04dd922109ce8a35e,android,android.uid.system,469,false,false,PROTECTED_BROADCAST:android.permission.GET_APP_GRANTED_URI_PERMISSIONS
/Users/bob/Documents/Codex/2026-08-03-fire-os-7-framework-amazon-fire/firmware/extracted/PS7331/selected/system/framework/framework-res.apk,7a405abe0f721719cb5d8a280ac551f86880a70227d923e04dd922109ce8a35e,android,android.uid.system,469,false,false,PROTECTED_BROADCAST:android.permission.CLEAR_APP_GRANTED_URI_PERMISSIONS
/Users/bob/Documents/Codex/2026-08-03-fire-os-7-framework-amazon-fire/firmware/extracted/PS7331/selected/system/framework/framework-res.apk,7a405abe0f721719cb5d8a280ac551f86880a70227d923e04dd922109ce8a35e,android,android.uid.system,469,false,false,PROTECTED_BROADCAST:android.intent.action.DYNAMIC_SENSOR_CHANGED
/Users/bob/Documents/Codex/2026-08-03-fire-os-7-framework-amazon-fire/firmware/extracted/PS7331/selected/system/framework/framework-res.apk,7a405abe0f721719cb5d8a280ac551f86880a70227d923e04dd922109ce8a35e,android,android.uid.system,469,false,false,PROTECTED_BROADCAST:android.intent.action.ACTION_RADIO_OFF
/Users/bob/Documents/Codex/2026-08-03-fire-os-7-framework-amazon-fire/firmware/extracted/PS7331/selected/system/framework/framework-res.apk,7a405abe0f721719cb5d8a280ac551f86880a70227d923e04dd922109ce8a35e,android,android.uid.system,469,false,false,PROTECTED_BROADCAST:android.accounts.LOGIN_ACCOUNTS_CHANGED
/Users/bob/Documents/Codex/2026-08-03-fire-os-7-framework-amazon-fire/firmware/extracted/PS7331/selected/system/framework/framework-res.apk,7a405abe0f721719cb5d8a280ac551f86880a70227d923e04dd922109ce8a35e,android,android.uid.system,469,false,false,PROTECTED_BROADCAST:android.accounts.action.ACCOUNT_REMOVED
/Users/bob/Documents/Codex/2026-08-03-fire-os-7-framework-amazon-fire/firmware/extracted/PS7331/selected/system/framework/framework-res.apk,7a405abe0f721719cb5d8a280ac551f86880a70227d923e04dd922109ce8a35e,android,android.uid.system,469,false,false,PROTECTED_BROADCAST:android.accounts.action.VISIBLE_ACCOUNTS_CHANGED
/Users/bob/Documents/Codex/2026-08-03-fire-os-7-framework-amazon-fire/firmware/extracted/PS7331/selected/system/framework/framework-res.apk,7a405abe0f721719cb5d8a280ac551f86880a70227d923e04dd922109ce8a35e,android,android.uid.system,469,false,false,PROTECTED_BROADCAST:com.android.sync.SYNC_CONN_STATUS_CHANGED
/Users/bob/Documents/Codex/2026-08-03-fire-os-7-framework-amazon-fire/firmware/extracted/PS7331/selected/system/framework/framework-res.apk,7a405abe0f721719cb5d8a280ac551f86880a70227d923e04dd922109ce8a35e,android,android.uid.system,469,false,false,PROTECTED_BROADCAST:com.android.phone.SIP_INCOMING_CALL
/Users/bob/Documents/Codex/2026-08-03-fire-os-7-framework-amazon-fire/firmware/extracted/PS7331/selected/system/framework/framework-res.apk,7a405abe0f721719cb5d8a280ac551f86880a70227d923e04dd922109ce8a35e,android,android.uid.system,469,false,false,PROTECTED_BROADCAST:com.android.phone.SIP_ADD_PHONE
/Users/bob/Documents/Codex/2026-08-03-fire-os-7-framework-amazon-fire/firmware/extracted/PS7331/selected/system/framework/framework-res.apk,7a405abe0f721719cb5d8a280ac551f86880a70227d923e04dd922109ce8a35e,android,android.uid.system,469,false,false,PROTECTED_BROADCAST:com.android.phone.SIP_REMOVE_PHONE
/Users/bob/Documents/Codex/2026-08-03-fire-os-7-framework-amazon-fire/firmware/extracted/PS7331/selected/system/framework/framework-res.apk,7a405abe0f721719cb5d8a280ac551f86880a70227d923e04dd922109ce8a35e,android,android.uid.system,469,false,false,PROTECTED_BROADCAST:com.android.phone.SIP_CALL_OPTION_CHANGED
/Users/bob/Documents/Codex/2026-08-03-fire-os-7-framework-amazon-fire/firmware/extracted/PS7331/selected/system/framework/framework-res.apk,7a405abe0f721719cb5d8a280ac551f86880a70227d923e04dd922109ce8a35e,android,android.uid.system,469,false,false,PROTECTED_BROADCAST:android.bluetooth.adapter.action.BLE_ACL_CONNECTED
/Users/bob/Documents/Codex/2026-08-03-fire-os-7-framework-amazon-fire/firmware/extracted/PS7331/selected/system/framework/framework-res.apk,7a405abe0f721719cb5d8a280ac551f86880a70227d923e04dd922109ce8a35e,android,android.uid.system,469,false,false,PROTECTED_BROADCAST:android.bluetooth.adapter.action.BLE_ACL_DISCONNECTED
/Users/bob/Documents/Codex/2026-08-03-fire-os-7-framework-amazon-fire/firmware/extracted/PS7331/selected/system/framework/framework-res.apk,7a405abe0f721719cb5d8a280ac551f86880a70227d923e04dd922109ce8a35e,android,android.uid.system,469,false,false,PROTECTED_BROADCAST:android.bluetooth.input.profile.action.HANDSHAKE
/Users/bob/Documents/Codex/2026-08-03-fire-os-7-framework-amazon-fire/firmware/extracted/PS7331/selected/system/framework/framework-res.apk,7a405abe0f721719cb5d8a280ac551f86880a70227d923e04dd922109ce8a35e,android,android.uid.system,469,false,false,PROTECTED_BROADCAST:android.bluetooth.input.profile.action.REPORT
/Users/bob/Documents/Codex/2026-08-03-fire-os-7-framework-amazon-fire/firmware/extracted/PS7331/selected/system/framework/framework-res.apk,7a405abe0f721719cb5d8a280ac551f86880a70227d923e04dd922109ce8a35e,android,android.uid.system,469,false,false,PROTECTED_BROADCAST:android.intent.action.TWILIGHT_CHANGED
/Users/bob/Documents/Codex/2026-08-03-fire-os-7-framework-amazon-fire/firmware/extracted/PS7331/selected/system/framework/framework-res.apk,7a405abe0f721719cb5d8a280ac551f86880a70227d923e04dd922109ce8a35e,android,android.uid.system,469,false,false,PROTECTED_BROADCAST:com.android.server.fingerprint.ACTION_LOCKOUT_RESET
/Users/bob/Documents/Codex/2026-08-03-fire-os-7-framework-amazon-fire/firmware/extracted/PS7331/selected/system/framework/framework-res.apk,7a405abe0f721719cb5d8a280ac551f86880a70227d923e04dd922109ce8a35e,android,android.uid.system,469,false,false,PROTECTED_BROADCAST:android.net.wifi.PASSPOINT_ICON_RECEIVED
/Users/bob/Documents/Codex/2026-08-03-fire-os-7-framework-amazon-fire/firmware/extracted/PS7331/selected/system/framework/framework-res.apk,7a405abe0f721719cb5d8a280ac551f86880a70227d923e04dd922109ce8a35e,android,android.uid.system,469,false,false,PROTECTED_BROADCAST:com.android.server.notification.CountdownConditionProvider
/Users/bob/Documents/Codex/2026-08-03-fire-os-7-framework-amazon-fire/firmware/extracted/PS7331/selected/system/framework/framework-res.apk,7a405abe0f721719cb5d8a280ac551f86880a70227d923e04dd922109ce8a35e,android,android.uid.system,469,false,false,PROTECTED_BROADCAST:com.android.internal.location.ALARM_WAKEUP
/Users/bob/Documents/Codex/2026-08-03-fire-os-7-framework-amazon-fire/firmware/extracted/PS7331/selected/system/framework/framework-res.apk,7a405abe0f721719cb5d8a280ac551f86880a70227d923e04dd922109ce8a35e,android,android.uid.system,469,false,false,PROTECTED_BROADCAST:com.android.internal.location.ALARM_TIMEOUT
/Users/bob/Documents/Codex/2026-08-03-fire-os-7-framework-amazon-fire/firmware/extracted/PS7331/selected/system/framework/framework-res.apk,7a405abe0f721719cb5d8a280ac551f86880a70227d923e04dd922109ce8a35e,android,android.uid.system,469,false,false,PROTECTED_BROADCAST:android.intent.action.GLOBAL_BUTTON
/Users/bob/Documents/Codex/2026-08-03-fire-os-7-framework-amazon-fire/firmware/extracted/PS7331/selected/system/framework/framework-res.apk,7a405abe0f721719cb5d8a280ac551f86880a70227d923e04dd922109ce8a35e,android,android.uid.system,469,false,false,PROTECTED_BROADCAST:android.intent.action.MANAGED_PROFILE_AVAILABLE
/Users/bob/Documents/Codex/2026-08-03-fire-os-7-framework-amazon-fire/firmware/extracted/PS7331/selected/system/framework/framework-res.apk,7a405abe0f721719cb5d8a280ac551f86880a70227d923e04dd922109ce8a35e,android,android.uid.system,469,false,false,PROTECTED_BROADCAST:android.intent.action.MANAGED_PROFILE_UNAVAILABLE
/Users/bob/Documents/Codex/2026-08-03-fire-os-7-framework-amazon-fire/firmware/extracted/PS7331/selected/system/framework/framework-res.apk,7a405abe0f721719cb5d8a280ac551f86880a70227d923e04dd922109ce8a35e,android,android.uid.system,469,false,false,PROTECTED_BROADCAST:com.android.server.pm.DISABLE_QUIET_MODE_AFTER_UNLOCK
/Users/bob/Documents/Codex/2026-08-03-fire-os-7-framework-amazon-fire/firmware/extracted/PS7331/selected/system/framework/framework-res.apk,7a405abe0f721719cb5d8a280ac551f86880a70227d923e04dd922109ce8a35e,android,android.uid.system,469,false,false,PROTECTED_BROADCAST:com.android.server.retaildemo.ACTION_RESET_DEMO
/Users/bob/Documents/Codex/2026-08-03-fire-os-7-framework-amazon-fire/firmware/extracted/PS7331/selected/system/framework/framework-res.apk,7a405abe0f721719cb5d8a280ac551f86880a70227d923e04dd922109ce8a35e,android,android.uid.system,469,false,false,PROTECTED_BROADCAST:android.intent.action.DEVICE_LOCKED_CHANGED
/Users/bob/Documents/Codex/2026-08-03-fire-os-7-framework-amazon-fire/firmware/extracted/PS7331/selected/system/framework/framework-res.apk,7a405abe0f721719cb5d8a280ac551f86880a70227d923e04dd922109ce8a35e,android,android.uid.system,469,false,false,PROTECTED_BROADCAST:android.app.action.APPLICATION_DELEGATION_SCOPES_CHANGED
/Users/bob/Documents/Codex/2026-08-03-fire-os-7-framework-amazon-fire/firmware/extracted/PS7331/selected/system/framework/framework-res.apk,7a405abe0f721719cb5d8a280ac551f86880a70227d923e04dd922109ce8a35e,android,android.uid.system,469,false,false,PROTECTED_BROADCAST:com.android.server.wm.ACTION_REVOKE_SYSTEM_ALERT_WINDOW_PERMISSION
/Users/bob/Documents/Codex/2026-08-03-fire-os-7-framework-amazon-fire/firmware/extracted/PS7331/selected/system/framework/framework-res.apk,7a405abe0f721719cb5d8a280ac551f86880a70227d923e04dd922109ce8a35e,android,android.uid.system,469,false,false,PROTECTED_BROADCAST:android.media.tv.action.PARENTAL_CONTROLS_ENABLED_CHANGED
/Users/bob/Documents/Codex/2026-08-03-fire-os-7-framework-amazon-fire/firmware/extracted/PS7331/selected/system/framework/framework-res.apk,7a405abe0f721719cb5d8a280ac551f86880a70227d923e04dd922109ce8a35e,android,android.uid.system,469,false,false,PROTECTED_BROADCAST:android.content.pm.action.SESSION_COMMITTED
/Users/bob/Documents/Codex/2026-08-03-fire-os-7-framework-amazon-fire/firmware/extracted/PS7331/selected/system/framework/framework-res.apk,7a405abe0f721719cb5d8a280ac551f86880a70227d923e04dd922109ce8a35e,android,android.uid.system,469,false,false,PROTECTED_BROADCAST:android.os.action.USER_RESTRICTIONS_CHANGED
/Users/bob/Documents/Codex/2026-08-03-fire-os-7-framework-amazon-fire/firmware/extracted/PS7331/selected/system/framework/framework-res.apk,7a405abe0f721719cb5d8a280ac551f86880a70227d923e04dd922109ce8a35e,android,android.uid.system,469,false,false,PROTECTED_BROADCAST:android.media.tv.action.PREVIEW_PROGRAM_ADDED_TO_WATCH_NEXT
/Users/bob/Documents/Codex/2026-08-03-fire-os-7-framework-amazon-fire/firmware/extracted/PS7331/selected/system/framework/framework-res.apk,7a405abe0f721719cb5d8a280ac551f86880a70227d923e04dd922109ce8a35e,android,android.uid.system,469,false,false,PROTECTED_BROADCAST:android.media.tv.action.PREVIEW_PROGRAM_BROWSABLE_DISABLED
/Users/bob/Documents/Codex/2026-08-03-fire-os-7-framework-amazon-fire/firmware/extracted/PS7331/selected/system/framework/framework-res.apk,7a405abe0f721719cb5d8a280ac551f86880a70227d923e04dd922109ce8a35e,android,android.uid.system,469,false,false,PROTECTED_BROADCAST:android.media.tv.action.WATCH_NEXT_PROGRAM_BROWSABLE_DISABLED
/Users/bob/Documents/Codex/2026-08-03-fire-os-7-framework-amazon-fire/firmware/extracted/PS7331/selected/system/framework/framework-res.apk,7a405abe0f721719cb5d8a280ac551f86880a70227d923e04dd922109ce8a35e,android,android.uid.system,469,false,false,PROTECTED_BROADCAST:android.media.tv.action.CHANNEL_BROWSABLE_REQUESTED
/Users/bob/Documents/Codex/2026-08-03-fire-os-7-framework-amazon-fire/firmware/extracted/PS7331/selected/system/framework/framework-res.apk,7a405abe0f721719cb5d8a280ac551f86880a70227d923e04dd922109ce8a35e,android,android.uid.system,469,false,false,PROTECTED_BROADCAST:com.android.server.InputMethodManagerService.SHOW_INPUT_METHOD_PICKER
/Users/bob/Documents/Codex/2026-08-03-fire-os-7-framework-amazon-fire/firmware/extracted/PS7331/selected/system/framework/framework-res.apk,7a405abe0f721719cb5d8a280ac551f86880a70227d923e04dd922109ce8a35e,android,android.uid.system,469,false,false,PROTECTED_BROADCAST:com.android.intent.action.timezone.RULES_UPDATE_OPERATION
/Users/bob/Documents/Codex/2026-08-03-fire-os-7-framework-amazon-fire/firmware/extracted/PS7331/selected/system/framework/framework-res.apk,7a405abe0f721719cb5d8a280ac551f86880a70227d923e04dd922109ce8a35e,android,android.uid.system,469,false,false,PROTECTED_BROADCAST:com.android.intent.action.timezone.TRIGGER_RULES_UPDATE_CHECK
/Users/bob/Documents/Codex/2026-08-03-fire-os-7-framework-amazon-fire/firmware/extracted/PS7331/selected/system/framework/framework-res.apk,7a405abe0f721719cb5d8a280ac551f86880a70227d923e04dd922109ce8a35e,android,android.uid.system,469,false,false,PROTECTED_BROADCAST:android.intent.action.GET_RESTRICTION_ENTRIES
/Users/bob/Documents/Codex/2026-08-03-fire-os-7-framework-amazon-fire/firmware/extracted/PS7331/selected/system/framework/framework-res.apk,7a405abe0f721719cb5d8a280ac551f86880a70227d923e04dd922109ce8a35e,android,android.uid.system,469,false,false,PROTECTED_BROADCAST:android.telephony.euicc.action.OTA_STATUS_CHANGED
/Users/bob/Documents/Codex/2026-08-03-fire-os-7-framework-amazon-fire/firmware/extracted/PS7331/selected/system/framework/framework-res.apk,7a405abe0f721719cb5d8a280ac551f86880a70227d923e04dd922109ce8a35e,android,android.uid.system,469,false,false,PROTECTED_BROADCAST:android.app.action.PROFILE_OWNER_CHANGED
/Users/bob/Documents/Codex/2026-08-03-fire-os-7-framework-amazon-fire/firmware/extracted/PS7331/selected/system/framework/framework-res.apk,7a405abe0f721719cb5d8a280ac551f86880a70227d923e04dd922109ce8a35e,android,android.uid.system,469,false,false,PROTECTED_BROADCAST:android.app.action.TRANSFER_OWNERSHIP_COMPLETE
/Users/bob/Documents/Codex/2026-08-03-fire-os-7-framework-amazon-fire/firmware/extracted/PS7331/selected/system/framework/framework-res.apk,7a405abe0f721719cb5d8a280ac551f86880a70227d923e04dd922109ce8a35e,android,android.uid.system,469,false,false,PROTECTED_BROADCAST:android.app.action.AFFILIATED_PROFILE_TRANSFER_OWNERSHIP_COMPLETE
/Users/bob/Documents/Codex/2026-08-03-fire-os-7-framework-amazon-fire/firmware/extracted/PS7331/selected/system/framework/framework-res.apk,7a405abe0f721719cb5d8a280ac551f86880a70227d923e04dd922109ce8a35e,android,android.uid.system,469,false,false,PROTECTED_BROADCAST:android.app.action.DATA_SHARING_RESTRICTION_CHANGED
/Users/bob/Documents/Codex/2026-08-03-fire-os-7-framework-amazon-fire/firmware/extracted/PS7331/selected/system/framework/framework-res.apk,7a405abe0f721719cb5d8a280ac551f86880a70227d923e04dd922109ce8a35e,android,android.uid.system,469,false,false,PROTECTED_BROADCAST:android.app.action.STATSD_STARTED
/Users/bob/Documents/Codex/2026-08-03-fire-os-7-framework-amazon-fire/firmware/extracted/PS7331/selected/system/framework/framework-res.apk,7a405abe0f721719cb5d8a280ac551f86880a70227d923e04dd922109ce8a35e,android,android.uid.system,469,false,false,PROTECTED_BROADCAST:android.intent.action.DOCK_IDLE
/Users/bob/Documents/Codex/2026-08-03-fire-os-7-framework-amazon-fire/firmware/extracted/PS7331/selected/system/framework/framework-res.apk,7a405abe0f721719cb5d8a280ac551f86880a70227d923e04dd922109ce8a35e,android,android.uid.system,469,false,false,PROTECTED_BROADCAST:android.intent.action.DOCK_ACTIVE
/Users/bob/Documents/Codex/2026-08-03-fire-os-7-framework-amazon-fire/firmware/extracted/PS7331/selected/system/priv-app/SettingsProvider/SettingsProvider.apk,71022834bbea12ebba134988decc682dd1d70ce57cdedc95ad92eadd1b67800a,com.android.providers.settings,android.uid.system,0,false,false,OK
/Users/bob/Documents/Codex/2026-08-03-fire-os-7-framework-amazon-fire/firmware/extracted/PS7331/selected/system/priv-app/TabletSettings/TabletSettings.apk,26aefbf94b32de342f568eff4ec46e97212e3cbb2cc2c44b2558058076bf0c3e,com.android.settings,android.uid.system,1,false,false,OK
/Users/bob/Documents/Codex/2026-08-03-fire-os-7-framework-amazon-fire/firmware/extracted/PS7331/selected/system/priv-app/TabletSettings/TabletSettings.apk,26aefbf94b32de342f568eff4ec46e97212e3cbb2cc2c44b2558058076bf0c3e,com.android.settings,android.uid.system,1,false,false,PROTECTED_BROADCAST:com.amazon.settings.AUTO_TIME_ZONE_ENABLED
/Users/bob/Documents/Codex/2026-08-03-fire-os-7-framework-amazon-fire/firmware/extracted/PS7331/selected/system/priv-app/TabletSystemUI/TabletSystemUI.apk,2c4f9940d9d7e57192300771ce856a9fde68a877a666191553992d9959dc3b0d,com.android.systemui,android.uid.systemui,2,false,false,OK
/Users/bob/Documents/Codex/2026-08-03-fire-os-7-framework-amazon-fire/firmware/extracted/PS7331/selected/system/priv-app/TabletSystemUI/TabletSystemUI.apk,2c4f9940d9d7e57192300771ce856a9fde68a877a666191553992d9959dc3b0d,com.android.systemui,android.uid.systemui,2,false,false,PROTECTED_BROADCAST:com.android.settingslib.action.REGISTER_SLICE_RECEIVER
/Users/bob/Documents/Codex/2026-08-03-fire-os-7-framework-amazon-fire/firmware/extracted/PS7331/selected/system/priv-app/TabletSystemUI/TabletSystemUI.apk,2c4f9940d9d7e57192300771ce856a9fde68a877a666191553992d9959dc3b0d,com.android.systemui,android.uid.systemui,2,false,false,PROTECTED_BROADCAST:com.android.settingslib.action.UNREGISTER_SLICE_RECEIVER
/Users/bob/Documents/Codex/2026-08-03-fire-os-7-framework-amazon-fire/firmware/extracted/PS7331/selected/system/priv-app/com.amazon.firelauncher/com.amazon.firelauncher.apk,ee8201f5499b9d01d2f6fe1685a3e756d7429990c68e6b490b2f38466d09b8d3,com.amazon.firelauncher,NOT_OBSERVED,0,false,false,OK
